25.73659,25.371830000000003,25.011140000000005,24.65518,24.30461,23.96009,23.622500000000002,23.292610000000003,22.971410000000002,22.659670000000002,22.358380000000004,22.068530000000003,21.791330000000002,21.52755,21.278620000000004,21.045310000000004,20.82872,20.63006,20.450210000000002,20.28994,20.150240000000004,20.03188,19.935190000000002,19.86083,19.80902,19.779870000000003,19.77338,19.789330000000003,19.82739,19.8869,19.96731,20.067630000000005,20.18709,20.32459,20.478920000000002,20.64898,20.83356,21.03145,21.24122,21.46188,21.69211,21.9307,22.176550000000002,22.428560000000004,22.685740000000003,22.946990000000003,23.211540000000003,23.478510000000004,23.747020000000003,24.0163,24.285800000000002,24.554750000000002,24.82271,25.08902,25.353240000000003,25.61493,25.87365,26.12907,26.380970000000005,26.628800000000002,26.872450000000004,27.1117,27.346330000000002,27.57601,27.80063,28.020190000000003,28.234360000000002,28.44303,28.646200000000004,28.84365,29.035380000000004,29.221280000000004,29.401350000000004,29.575480000000002,29.743560000000002,29.905590000000004,30.061570000000003,30.2115,30.355270000000004,30.492880000000003,30.62433,30.749620000000004,30.868640000000003,30.9815,31.088200000000004,31.188520000000004,31.282680000000003,31.37057,31.4523,31.52765,31.59684,31.659760000000002,31.716410000000003,31.766790000000004,31.810790000000004,31.84863,31.880200000000002,31.9055,31.924530000000004,31.93729,31.94367,31.943780000000004,31.937620000000003,31.925190000000004,31.906380000000002,31.881300000000003,31.849840000000004,31.812110000000004,31.768,31.71751,31.66075,31.597610000000003,31.528090000000002,31.45219,31.369910000000004,31.281250000000004,31.186210000000003,31.08479,30.976990000000004,30.86281,30.742250000000006,30.615310000000004,30.4821,30.3424,30.196430000000003,30.04419,29.885680000000004,29.72079,29.54985,29.372640000000004,29.18938,29.000070000000004,28.804820000000003,28.603630000000003,28.396610000000003,28.183980000000002,27.965740000000004,27.74211,27.5132,27.279230000000002,27.04042,26.796880000000005,26.54905,26.296930000000003,26.04107,25.78169,25.519230000000004,25.254020000000004,24.986610000000002,24.717440000000003,24.44706,24.176020000000005,23.90509,23.63493,23.366200000000003,23.099780000000003,22.836550000000003,22.57739,22.323400000000003,22.075680000000002,21.835110000000004,21.60301,21.380480000000002,21.16895,20.96941,20.78329,20.611800000000002,20.45615,20.317550000000004,20.197210000000002,20.096120000000003,20.01527,19.955320000000004,19.917260000000002,19.901419999999998,19.908350000000002,19.93816,19.990850000000002,20.06642,20.16443,20.284660000000002,20.42623,20.58859,20.770970000000002,20.97227,21.19161,21.428,21.68034,21.947420000000005,22.228360000000002,22.52195,22.8272,23.143010000000004,23.468500000000002,23.802680000000002,24.14467,24.49359,24.84878,25.20925,25.57456,25.94405,26.31695,26.692820000000005,27.07122,27.451710000000002,27.833740000000002,28.216980000000003,28.601100000000002,28.985770000000002,29.370770000000004,29.755660000000002,30.140440000000005,30.524780000000003,30.908460000000005,31.291370000000004,31.673400000000004,32.05422,32.43394,32.812450000000005,33.189420000000005,33.564960000000006,33.93896,34.311420000000005,34.682120000000005,35.05117,35.41846,35.78399,36.147650000000006,36.509660000000004,36.86969,37.22796,37.584360000000004,37.93889,38.29155,38.64234,38.99137,39.338530000000006,39.683820000000004,40.027350000000006,40.36901,40.70902,41.047160000000005,41.38354,41.718270000000004,42.05124000000001,42.38245,42.712120000000006,43.04003,43.366400000000006
25.371830000000003,24.99662,24.625150000000005,24.258190000000003,23.896290000000004,23.540330000000004,23.19097,22.8492,22.515900000000002,22.19195,21.878560000000004,21.576830000000005,21.28775,21.012420000000002,20.752270000000003,20.50829,20.28169,20.07368,19.885250000000003,19.7175,19.571420000000003,19.447670000000002,19.34702,19.27013,19.21711,19.188180000000003,19.18345,19.202590000000004,19.245160000000002,19.3105,19.39806,19.50674,19.635440000000003,19.783170000000002,19.948610000000002,20.13033,20.32723,20.537660000000002,20.760520000000003,20.99438,21.23781,21.489710000000002,21.74887,22.01397,22.28402,22.558030000000002,22.8349,23.113970000000002,23.39414,23.674860000000002,23.955360000000002,24.234980000000004,24.513170000000002,24.78938,25.063060000000004,25.33388,25.601290000000002,25.865070000000003,26.12489,26.38042,26.63144,26.877620000000004,27.118850000000002,27.3548,27.585580000000004,27.810750000000002,28.03031,28.244260000000004,28.452270000000002,28.65445,28.850690000000004,29.040770000000002,29.224800000000005,29.402780000000003,29.57449,29.739930000000005,29.899100000000004,30.052110000000003,30.19874,30.338990000000003,30.472970000000004,30.60068,30.7219,30.836850000000002,30.945420000000002,31.047610000000002,31.143420000000003,31.232960000000002,31.316010000000002,31.392790000000005,31.46308,31.527100000000004,31.584630000000004,31.63589,31.680770000000003,31.719160000000002,31.75128,31.777020000000004,31.796270000000003,31.809250000000002,31.815740000000005,31.815850000000005,31.809580000000004,31.796930000000003,31.777790000000003,31.752270000000003,31.720260000000003,31.681870000000004,31.6371,31.585730000000005,31.527980000000003,31.463630000000002,31.392900000000004,31.315680000000004,31.231970000000004,31.141660000000005,31.044860000000003,30.941570000000002,30.83179,30.715410000000006,30.59254,30.463070000000002,30.32711,30.18466,30.03572,29.88018,29.718260000000004,29.54985,29.37506,29.193890000000003,29.00634,28.812520000000003,28.61254,28.406290000000002,28.194100000000002,27.975970000000004,27.751900000000003,27.52222,27.286820000000002,27.04614,26.800290000000004,26.549380000000003,26.293630000000004,26.03348,25.769150000000003,25.500860000000003,25.229160000000004,24.95427,24.67685,24.397230000000004,24.11607,23.833810000000003,23.55122,23.269070000000003,22.98813,22.70906,22.43296,22.16071,21.89341,21.632160000000002,21.37817,21.132540000000002,20.896700000000003,20.671860000000002,20.45956,20.260900000000003,20.077530000000003,19.910770000000003,19.76172,19.63192,19.52247,19.43436,19.368470000000002,19.32579,19.30676,19.31193,19.341410000000003,19.395310000000002,19.47352,19.5756,19.701,19.84917,20.019120000000004,20.210080000000005,20.420840000000002,20.65041,20.897690000000004,21.161250000000003,21.44021,21.733140000000002,22.03894,22.356400000000004,22.684530000000002,23.022230000000004,23.36862,23.72249,24.08329,24.449920000000002,24.821720000000003,25.19792,25.577970000000004,25.96132,26.347200000000004,26.735280000000003,27.12501,27.515950000000004,27.907880000000002,28.30036,28.69306,29.085650000000005,29.478020000000004,29.86984,30.261000000000003,30.65117,31.04035,31.428320000000003,31.814970000000002,32.20019,32.583870000000005,32.965900000000005,33.34628000000001,33.7249,34.101760000000006,34.47675,34.84987,35.22101000000001,35.59028,35.95757,36.322880000000005,36.68621,37.04767,37.40704,37.764430000000004,38.11995,38.473380000000006,38.824940000000005,39.17452,39.52212000000001,39.86785,40.211710000000004,40.5537,40.89393,41.23218000000001,41.568670000000004,41.903400000000005,42.23637000000001,42.56758000000001,42.89703000000001,43.224940000000004
25.011140000000005,24.625150000000005,24.24268,23.864280000000004,23.490610000000004,23.12255,22.760980000000004,22.40656,22.06061,21.7239,21.397640000000003,21.08304,20.78131,20.493660000000002,20.2213,19.965770000000003,19.728170000000002,19.50993,19.312150000000003,19.13615,18.982920000000004,18.85334,18.74829,18.66843,18.61398,18.585270000000005,18.582300000000004,18.60474,18.652260000000002,18.72398,18.81924,18.93683,19.075650000000003,19.23438,19.4117,19.60607,19.816060000000004,20.04013,20.27674,20.52457,20.782190000000003,21.04806,21.321080000000002,21.59993,21.883510000000005,22.170610000000003,22.460460000000005,22.75196,23.044340000000002,23.33672,23.62855,23.91906,24.207700000000003,24.49392,24.77728,25.05723,25.333550000000002,25.605800000000002,25.873540000000002,26.136770000000002,26.39505,26.64816,26.895990000000005,27.13843,27.375040000000002,27.60604,27.83099,28.050110000000004,28.263070000000003,28.46987,28.6704,28.864770000000004,29.052760000000003,29.234370000000002,29.409600000000005,29.578450000000004,29.74081,29.89668,30.04617,30.189060000000005,30.325570000000003,30.455480000000005,30.57901,30.695940000000004,30.806490000000004,30.910440000000005,31.007900000000003,31.09887,31.183350000000004,31.26134,31.332950000000004,31.397960000000005,31.456480000000006,31.508510000000005,31.554050000000004,31.593210000000003,31.62577,31.651840000000004,31.671530000000004,31.684620000000006,31.69122,31.691440000000004,31.685060000000004,31.67208,31.652720000000006,31.62676,31.594310000000004,31.55526,31.509610000000002,31.45747,31.398730000000004,31.33339,31.261450000000004,31.18291,31.097660000000005,31.005810000000004,30.907360000000004,30.802200000000003,30.690440000000002,30.57186,30.44668,30.314900000000005,30.1763,30.03099,29.879080000000002,29.720460000000003,29.555130000000005,29.383200000000002,29.204670000000004,29.019540000000003,28.827810000000003,28.629590000000004,28.424880000000005,28.213680000000004,27.99632,27.772580000000005,27.542790000000004,27.306950000000004,27.065280000000005,26.817780000000003,26.564780000000003,26.3065,26.04305,25.77465,25.50174,25.22454,24.94338,24.658700000000003,24.37105,24.08076,23.788490000000003,23.494790000000002,23.20032,22.90585,22.612150000000003,22.319990000000004,22.03047,21.744580000000003,21.463310000000003,21.187870000000004,20.919580000000003,20.659760000000002,20.409620000000004,20.17081,19.94476,19.73279,19.53666,19.3578,19.197640000000003,19.05761,18.939030000000002,18.843,18.77084,18.723100000000002,18.70066,18.70407,18.733330000000002,18.788660000000004,18.86984,18.97632,19.107660000000003,19.262980000000002,19.4414,19.641710000000003,19.862920000000003,20.1036,20.36254,20.63842,20.929920000000003,21.23572,21.5545,21.88505,22.226270000000003,22.57695,22.93599,23.302400000000002,23.675410000000003,24.05403,24.437490000000004,24.825020000000002,25.216070000000002,25.609980000000004,26.00609,26.40396,26.80326,27.20333,27.60406,28.004900000000003,28.405630000000002,28.806030000000003,29.20588,29.604740000000003,30.002720000000004,30.39949,30.79483,31.188740000000003,31.581110000000002,31.971830000000004,32.36068,32.74777,33.13288,33.51612,33.89727,34.27644,34.65352,35.028620000000004,35.401520000000005,35.772330000000004,36.14094000000001,36.50757,36.87200000000001,37.23434,37.594480000000004,37.95264,38.30871,38.662690000000005,39.01469,39.3646,39.71253,40.05848,40.40245,40.744440000000004,41.08456,41.422810000000005,41.759190000000004,42.093810000000005,42.42656,42.75755,43.086780000000005
24.65518,24.258190000000003,23.864280000000004,23.474,23.088230000000003,22.70763,22.333080000000002,21.965680000000003,21.6062,21.25596,20.916170000000005,20.58782,20.272560000000002,19.97149,19.68615,19.41797,19.16838,18.93892,18.73102,18.54578,18.38463,18.24856,18.138560000000002,18.05518,17.999190000000002,17.97059,17.96938,17.99545,18.04825,18.1269,18.230520000000002,18.35779,18.50761,18.678330000000003,18.86841,19.07642,19.30038,19.53897,19.79043,20.05311,20.32547,20.60619,20.89384,21.1871,21.48476,21.785610000000002,22.088770000000004,22.39314,22.69806,23.002430000000004,23.305810000000005,23.607430000000004,23.906740000000003,24.203190000000003,24.496230000000004,24.78553,25.07065,25.351370000000003,25.62725,25.898180000000004,26.16372,26.42387,26.678300000000004,26.9269,27.169560000000004,27.406170000000003,27.63662,27.86069,28.078490000000002,28.289910000000003,28.49484,28.693280000000005,28.88512,29.070470000000004,29.24911,29.421260000000004,29.5867,29.745540000000002,29.89767,30.04331,30.182130000000004,30.31446,30.439970000000002,30.55899,30.671300000000002,30.77701,30.87612,30.968630000000005,31.054430000000004,31.133630000000004,31.20634,31.272340000000003,31.331850000000003,31.384650000000004,31.430960000000002,31.470670000000002,31.503780000000003,31.530290000000004,31.5502,31.56351,31.570220000000003,31.57044,31.563950000000006,31.550860000000004,31.531170000000003,31.50477,31.471770000000003,31.432170000000003,31.38586,31.332840000000004,31.273220000000002,31.206780000000006,31.133740000000003,31.05388,30.967200000000005,30.873920000000002,30.77371,30.666790000000002,30.553050000000002,30.43249,30.305000000000003,30.170800000000003,30.029670000000003,29.881610000000002,29.726840000000003,29.565140000000003,29.396510000000003,29.22117,29.0389,28.84981,28.6539,28.45128,28.24195,28.026020000000003,27.803380000000004,27.574250000000003,27.33874,27.096850000000003,26.848800000000004,26.594590000000004,26.334550000000004,26.06879,25.797420000000002,25.520880000000002,25.239280000000004,24.95306,24.662440000000004,24.36786,24.069760000000002,23.768690000000003,23.465090000000004,23.159620000000004,22.852940000000004,22.54571,22.23881,21.933230000000002,21.62974,21.32944,21.03365,20.743360000000003,20.460110000000004,20.18511,19.919900000000002,19.666130000000003,19.425340000000002,19.199180000000002,18.989300000000004,18.79735,18.62509,18.473950000000002,18.345470000000002,18.24108,18.16177,18.10875,18.082680000000003,18.084110000000003,18.11337,18.170350000000003,18.254830000000002,18.366480000000003,18.50431,18.66766,18.855320000000003,19.06608,19.29851,19.5514,19.823100000000004,20.112180000000002,20.41721,20.736760000000004,21.0694,21.41381,21.76878,22.13299,22.50545,22.885060000000003,23.270830000000004,23.66188,24.057330000000004,24.45663,24.858900000000002,25.26359,25.670150000000003,26.07814,26.48701,26.896430000000002,27.305960000000002,27.71527,28.12425,28.532350000000005,28.939570000000003,29.345690000000005,29.750380000000003,30.15353,30.55514,30.954990000000002,31.353080000000002,31.749080000000003,32.14321,32.535140000000006,32.924980000000005,33.31273,33.698170000000005,34.081520000000005,34.46256,34.84129,35.217710000000004,35.59193,35.963950000000004,36.33366,36.701060000000005,37.06626,37.42915,37.789950000000005,38.14844,38.50484,38.85915000000001,39.21126,39.561170000000004,39.90921000000001,40.255050000000004,40.598910000000004,40.94079,41.2808,41.61872,41.95488,42.289060000000006,42.621480000000005,42.95214000000001
24.30461,23.896290000000004,23.490610000000004,23.088230000000003,22.68981,22.296120000000002,21.90815,21.527,21.15355,20.78901,20.43459,20.09183,19.76194,19.446460000000002,19.147040000000004,18.865220000000004,18.60265,18.360870000000002,18.141640000000002,17.946280000000005,17.77633,17.632890000000003,17.51728,17.43016,17.37208,17.34348,17.34436,17.374280000000002,17.432800000000004,17.51893,17.631680000000003,17.76962,17.931210000000004,18.114910000000002,18.318960000000004,18.54149,18.78074,19.034730000000003,19.301920000000003,19.580440000000003,19.868530000000003,20.164870000000004,20.46781,20.77614,21.08843,21.403470000000002,21.72049,22.038170000000004,22.35585,22.67265,22.9878,23.300750000000004,23.610840000000003,23.917520000000003,24.220460000000003,24.51922,24.813250000000004,25.10244,25.386460000000003,25.664980000000003,25.93789,26.204970000000003,26.466,26.720760000000002,26.969360000000005,27.21158,27.447310000000005,27.676440000000003,27.898970000000002,28.114900000000002,28.32401,28.52652,28.722210000000004,28.911080000000005,29.09324,29.268470000000004,29.43699,29.598690000000005,29.753570000000003,29.90163,30.04287,30.177400000000002,30.305000000000003,30.426000000000002,30.540070000000004,30.647540000000003,30.74808,30.84202,30.929250000000003,31.009660000000004,31.083470000000002,31.150460000000002,31.210850000000004,31.26442,31.311390000000003,31.351650000000003,31.385310000000004,31.412150000000004,31.43239,31.44592,31.452740000000002,31.45296,31.446360000000002,31.433050000000005,31.413140000000006,31.386410000000005,31.352860000000003,31.312710000000003,31.265740000000005,31.211950000000005,31.151340000000005,31.083910000000003,31.009660000000004,30.928590000000003,30.840700000000002,30.745770000000004,30.64402,30.53534,30.41973,30.29708,30.167500000000004,30.03088,29.887330000000002,29.73663,29.579000000000004,29.414330000000003,29.242510000000003,29.063650000000003,28.877860000000002,28.684920000000005,28.48505,28.27814,28.06419,27.843420000000002,27.615720000000003,27.381200000000003,27.13997,26.89214,26.637710000000002,26.37679,26.109710000000003,25.836470000000002,25.557400000000005,25.272610000000004,24.982320000000005,24.68697,24.38678,24.082190000000004,23.773640000000004,23.461570000000002,23.146420000000003,22.82885,22.50963,22.189420000000002,21.868990000000004,21.54933,21.231320000000004,20.916280000000004,20.60509,20.299290000000003,20.0002,19.70925,19.42798,19.158260000000002,18.90174,18.66018,18.43556,18.22953,18.04407,17.880940000000002,17.74179,17.62805,17.541150000000002,17.482300000000002,17.452270000000002,17.45172,17.480980000000002,17.53994,17.62827,17.745530000000002,17.89084,18.062990000000003,18.26088,18.483080000000005,18.727940000000004,18.99403,19.279590000000002,19.582970000000003,19.902630000000002,20.23681,20.584300000000002,20.943450000000002,21.31294,21.691450000000003,22.07788,22.471130000000002,22.8701,23.274020000000004,23.682010000000002,24.09319,24.50701,24.92292,25.34015,25.75826,26.176920000000003,26.595690000000005,27.01413,27.43202,27.849140000000002,28.265050000000002,28.679750000000006,29.092800000000004,29.50431,29.913950000000003,30.321720000000003,30.727510000000002,31.1311,31.532490000000003,31.931570000000004,32.328450000000004,32.722910000000006,33.11506000000001,33.50479,33.8921,34.27688,34.65935,35.03929,35.416810000000005,35.79202000000001,36.1647,36.535070000000005,36.903020000000005,37.26855,37.63188,37.99279,38.35150000000001,38.7079,39.06210000000001,39.414210000000004,39.76401,40.111720000000005,40.45745,40.80098,41.14253,41.4821,41.81969,42.155300000000004,42.48904,42.820910000000005
23.96009,23.540330000000004,23.12255,22.70763,22.296120000000002,21.889010000000003,21.487070000000003,21.09151,20.703210000000002,20.3236,19.95389,19.59562,19.250110000000003,18.919230000000002,18.60463,18.30796,18.031090000000003,17.77589,17.54412,17.33754,17.15769,17.006220000000003,16.884230000000002,16.79271,16.73243,16.70361,16.70647,16.74068,16.80536,16.89974,17.0225,17.17199,17.346670000000003,17.54445,17.763570000000005,18.00183,18.257360000000002,18.52807,18.811980000000002,19.10722,19.41203,19.72476,20.04376,20.367710000000002,20.695290000000004,21.025180000000002,21.35628,21.687710000000003,22.018590000000003,22.34793,22.675070000000005,22.999570000000002,23.320550000000004,23.637790000000003,23.95063,24.258740000000003,24.561790000000002,24.859450000000002,25.1515,25.437720000000002,25.71778,25.99168,26.259200000000003,26.520230000000005,26.77466,27.022380000000002,27.26328,27.49736,27.72462,27.944950000000002,28.158350000000002,28.364710000000002,28.564140000000005,28.75653,28.941990000000004,29.12041,29.291790000000002,29.456240000000005,29.613760000000003,29.76424,29.907790000000002,30.04441,30.174100000000003,30.29697,30.4128,30.521810000000002,30.624000000000002,30.71937,30.807810000000003,30.88943,30.964230000000004,31.03221,31.093480000000003,31.14782,31.195450000000005,31.23626,31.270360000000004,31.297640000000005,31.318210000000004,31.331850000000003,31.338890000000003,31.339000000000002,31.332400000000003,31.31887,31.298630000000003,31.27157,31.23758,31.196880000000004,31.149250000000002,31.094690000000003,31.0332,30.96489,30.88954,30.807260000000003,30.717940000000002,30.621690000000005,30.518400000000003,30.407960000000003,30.29059,30.165960000000002,30.034290000000002,29.895470000000003,29.749390000000002,29.59616,29.43578,29.26814,29.09324,28.911080000000005,28.721660000000004,28.525090000000002,28.321150000000003,28.110060000000004,27.891710000000003,27.666100000000004,27.43345,27.19365,26.946810000000003,26.693040000000003,26.43234,26.164820000000002,25.890700000000002,25.610090000000003,25.323210000000003,25.030170000000002,24.7313,24.42682,24.117060000000002,23.802350000000004,23.48313,23.159840000000003,22.833030000000004,22.50336,22.17127,21.83764,21.50335,21.169170000000005,20.8362,20.505540000000003,20.178510000000003,19.856320000000004,19.54062,19.232730000000004,18.934520000000003,18.64786,18.3744,18.11634,17.87577,17.65445,17.454690000000003,17.278470000000002,17.12744,17.003690000000002,16.908540000000002,16.84331,16.80899,16.806350000000002,16.83561,16.89688,16.989720000000002,17.113360000000004,17.266920000000002,17.448970000000003,17.658300000000004,17.893040000000003,18.15154,18.43204,18.73256,19.051450000000003,19.386730000000004,19.73675,20.099860000000003,20.47463,20.859410000000004,21.252990000000004,21.65405,22.061490000000003,22.474320000000002,22.891440000000003,23.312190000000005,23.7358,24.16139,24.588520000000003,25.016530000000003,25.445090000000004,25.873540000000002,26.30177,26.72923,27.155700000000003,27.58085,28.00457,28.426640000000003,28.84684,29.264950000000002,29.681080000000005,30.094900000000003,30.506410000000002,30.9155,31.32217,31.72631,32.12792,32.52689,32.92333,33.31713,33.7084,34.096920000000004,34.482910000000004,34.866260000000004,35.247080000000004,35.625260000000004,36.00091,36.374030000000005,36.744620000000005,37.112790000000004,37.47854,37.84176000000001,38.202670000000005,38.56127000000001,38.91745,39.27143000000001,39.6231,39.972680000000004,40.31995,40.665130000000005,41.00822,41.34922000000001,41.68813,42.02517,42.36023000000001,42.693310000000004
23.622500000000002,23.19097,22.760980000000004,22.333080000000002,21.90815,21.487070000000003,21.07072,20.66009,20.25639,19.86083,19.47495,19.10018,18.738060000000004,18.39057,18.05936,17.74663,17.454140000000002,17.1842,16.93868,16.71956,16.52882,16.36811,16.238860000000003,16.14239,16.07936,16.050320000000003,16.055380000000003,16.0941,16.16571,16.26911,16.40287,16.56512,16.753880000000002,16.96717,17.20257,17.457990000000002,17.73101,18.01943,18.321270000000002,18.634330000000002,18.95674,19.28674,19.62257,19.96291,20.306220000000003,20.651400000000002,20.99724,21.342640000000003,21.68694,22.029040000000002,22.368500000000004,22.70455,23.036640000000002,23.364220000000003,23.687070000000002,24.00464,24.316600000000005,24.62273,24.922810000000002,25.216620000000002,25.503940000000004,25.784660000000002,26.05856,26.325640000000003,26.585790000000003,26.838900000000002,27.084970000000002,27.323890000000002,27.555660000000003,27.78028,27.997750000000003,28.20796,28.41102,28.606820000000003,28.795470000000005,28.97697,29.151210000000003,29.31841,29.478350000000002,29.63125,29.777110000000004,29.915820000000004,30.04738,30.17201,30.289600000000004,30.400260000000003,30.503880000000002,30.60046,30.69011,30.772940000000002,30.848730000000003,30.917700000000004,30.979740000000003,31.034850000000002,31.083140000000004,31.124500000000005,31.15904,31.186760000000003,31.20755,31.221410000000002,31.228450000000006,31.228670000000005,31.221960000000003,31.208320000000004,31.18786,31.160360000000004,31.12604,31.084680000000002,31.036390000000004,30.981170000000002,30.918910000000004,30.849610000000006,30.773270000000004,30.689780000000003,30.59925,30.50157,30.396740000000005,30.284760000000002,30.165630000000004,30.03913,29.90537,29.76435,29.61596,29.460310000000003,29.297180000000004,29.12668,28.94881,28.763460000000002,28.57063,28.370320000000003,28.16253,27.947260000000004,27.72462,27.494390000000003,27.2569,27.011820000000004,26.75948,26.499880000000005,26.23302,25.959010000000003,25.67796,25.390090000000004,25.0954,24.79422,24.486770000000003,24.173160000000003,23.85372,23.528890000000004,23.199,22.864490000000004,22.525800000000004,22.18359,21.838520000000003,21.491250000000004,21.142660000000003,20.793630000000004,20.44515,20.09843,19.75479,19.415440000000004,19.082140000000003,18.75654,18.44029,18.13537,17.843980000000002,17.56821,17.31026,17.07244,16.85706,16.666430000000002,16.50264,16.36767,16.26339,16.19112,16.15229,16.14734,16.176930000000002,16.240840000000002,16.33874,16.469640000000002,16.632440000000003,16.8256,17.04747,17.296180000000003,17.569640000000003,17.865870000000005,18.182780000000005,18.518280000000004,18.870390000000004,19.23735,19.61718,20.00834,20.40929,20.8186,21.23495,21.657130000000002,22.08415,22.51502,22.948860000000003,23.38501,23.82259,24.26116,24.70017,25.139180000000003,25.577640000000002,26.015220000000003,26.451700000000002,26.88664,27.320040000000002,27.75146,28.180790000000002,28.608030000000003,29.032850000000003,29.455140000000004,29.87501,30.29213,30.70672,31.118450000000003,31.527540000000002,31.933770000000003,32.337140000000005,32.73776,33.135630000000006,33.53053,33.92279,34.31219,34.698840000000004,35.08274,35.46389,35.842400000000005,36.218270000000004,36.59139,36.96198,37.330040000000004,37.695570000000004,38.05857,38.41915,38.77731,39.133050000000004,39.48659000000001,39.83771,40.18663,40.533350000000006,40.87787000000001,41.22019000000001,41.56053,41.89878,42.23505,42.569230000000005
23.292610000000003,22.8492,22.40656,21.965680000000003,21.527,21.09151,20.66009,20.233840000000004,19.81397,19.401800000000005,18.99876,18.60639,18.226670000000002,17.861250000000002,17.512330000000002,17.182000000000002,16.87246,16.58624,16.32543,16.09234,15.889390000000002,15.718230000000002,15.580840000000002,15.478650000000002,15.412540000000002,15.383060000000002,15.390430000000002,15.434100000000003,15.513300000000001,15.626710000000001,15.77257,15.948790000000002,16.15317,16.383290000000002,16.63651,16.910410000000002,17.202350000000003,17.50991,17.830780000000004,18.162650000000003,18.50365,18.851800000000004,19.20523,19.56262,19.922320000000003,20.28312,20.64403,21.00384,21.36167,21.71686,22.068640000000002,22.41646,22.75966,23.097800000000003,23.43055,23.75747,24.07834,24.392940000000003,24.700940000000003,25.00223,25.296590000000002,25.58391,25.86419,26.13721,26.402970000000003,26.661360000000002,26.912490000000005,27.156140000000004,27.392310000000002,27.62111,27.84254,28.056490000000004,28.263070000000003,28.462170000000004,28.6539,28.83837,29.015360000000005,29.185090000000002,29.34756,29.50277,29.650720000000003,29.791410000000003,29.924950000000003,30.05123,30.170470000000005,30.28256,30.387610000000002,30.48551,30.576480000000004,30.660300000000003,30.73708,30.80693,30.869740000000004,30.925620000000002,30.974570000000003,31.01648,31.051460000000002,31.079400000000003,31.100520000000003,31.114600000000003,31.121750000000002,31.12197,31.115150000000003,31.101400000000005,31.08061,31.052890000000005,31.018130000000003,30.97622,30.927380000000003,30.871390000000005,30.808360000000004,30.738180000000003,30.660850000000003,30.576370000000004,30.484630000000003,30.385630000000003,30.279370000000004,30.165850000000002,30.044850000000004,29.916590000000003,29.78096,29.637850000000004,29.487260000000003,29.329080000000005,29.163420000000002,28.990170000000003,28.809330000000003,28.6209,28.42477,28.220940000000002,28.009410000000003,27.790180000000003,27.563250000000004,27.328620000000004,27.086180000000002,26.836150000000004,26.57842,26.312990000000003,26.04008,25.759690000000003,25.471930000000004,25.176800000000004,24.87452,24.565200000000004,24.24906,23.926430000000003,23.597420000000003,23.262470000000004,22.921910000000004,22.576070000000005,22.22539,21.87064,21.51226,21.151130000000002,20.78791,20.42359,20.059160000000002,19.69583,19.334810000000004,18.977640000000005,18.625970000000002,18.28145,17.94606,17.62189,17.31114,17.01623,16.73958,16.48372,16.25129,16.04482,15.866950000000001,15.719660000000001,15.605260000000001,15.525400000000003,15.4814,15.474250000000001,15.50417,15.57127,15.674890000000001,15.814040000000002,15.98729,16.192880000000002,16.42883,16.69294,16.9829,17.296290000000003,17.63091,17.98445,18.35471,18.739600000000003,19.137140000000002,19.54579,19.963680000000004,20.38938,20.82157,21.259040000000002,21.700690000000005,22.145640000000004,22.592900000000004,23.04181,23.491600000000005,23.941830000000003,24.391840000000002,24.8413,25.28966,25.7367,26.182090000000002,26.625610000000005,27.067040000000002,27.506160000000005,27.942750000000004,28.376810000000003,28.808120000000002,29.236680000000003,29.662380000000002,30.085110000000004,30.504870000000004,30.921660000000003,31.33548,31.74622,32.15388,32.55857,32.96029,33.35893,33.75471,34.14741,34.53714,34.92412,35.308130000000006,35.689280000000004,36.06768,36.44333,36.816340000000004,37.1866,37.55422,37.919200000000004,38.28165,38.64168,38.99918,39.35437,39.70703,40.05749,40.40564,40.75148,41.09523,41.436780000000006,41.77613,42.1135,42.448890000000006
22.971410000000002,22.515900000000002,22.06061,21.6062,21.15355,20.703210000000002,20.25639,19.81397,19.377270000000003,18.947610000000005,18.526530000000005,18.115680000000005,17.71693,17.33237,16.9642,16.61484,16.286710000000003,15.982450000000002,15.7047,15.45621,15.23929,15.05658,14.90984,14.80094,14.731200000000001,14.70106,14.71096,14.760130000000002,14.847800000000001,14.972210000000002,15.131490000000001,15.323220000000001,15.544870000000001,15.793360000000002,16.06605,16.35997,16.67237,17.000390000000003,17.341500000000003,17.693500000000004,18.053970000000003,18.42104,18.79295,19.167830000000002,19.544470000000004,19.92144,20.29775,20.67219,21.04388,21.41227,21.776480000000003,22.13596,22.49027,22.83886,23.181510000000003,23.517780000000002,23.84756,24.17041,24.486220000000003,24.794880000000003,25.09617,25.390090000000004,25.676530000000003,25.955270000000002,26.226530000000004,26.490090000000002,26.74606,26.994220000000002,27.234790000000004,27.467660000000002,27.692940000000004,27.910410000000002,28.120400000000004,28.322690000000005,28.517500000000002,28.704720000000002,28.884460000000004,29.056610000000003,29.221390000000003,29.378800000000002,29.528730000000003,29.671400000000002,29.806700000000003,29.93474,30.05552,30.169040000000003,30.27541,30.37463,30.46659,30.551510000000004,30.62928,30.700010000000002,30.76359,30.820130000000002,30.869630000000004,30.911980000000003,30.947400000000002,30.975780000000004,30.997120000000006,31.01142,31.01868,31.01879,31.01197,30.99811,30.977100000000004,30.949050000000003,30.913850000000004,30.871610000000004,30.822110000000002,30.76557,30.70177,30.63071,30.552390000000003,30.466810000000002,30.373970000000003,30.273760000000003,30.16618,30.05112,29.92858,29.798560000000002,29.661060000000003,29.51586,29.363180000000003,29.2028,29.03461,28.85872,28.675130000000003,28.483620000000005,28.2843,28.077060000000003,27.861900000000002,27.638820000000003,27.40782,27.16879,26.92173,26.66675,26.403740000000003,26.132810000000003,25.85396,25.5673,25.272830000000003,24.970550000000003,24.660790000000002,24.343550000000004,24.01894,23.68729,23.34882,23.003750000000004,22.652410000000003,22.295240000000003,21.93268,21.56528,21.19348,20.818160000000002,20.44009,20.06015,19.67922,19.298730000000003,18.919890000000002,18.544130000000003,18.17321,17.80889,17.45315,17.108410000000003,16.776870000000002,16.461280000000002,16.16439,15.888840000000002,15.637820000000001,15.413970000000003,15.22037,15.059550000000002,14.93393,14.845600000000001,14.795990000000002,14.78631,14.816890000000003,14.887620000000002,14.99795,15.146450000000002,15.331470000000001,15.55103,15.802710000000001,16.08387,16.39198,16.724290000000003,17.07816,17.451060000000002,17.840680000000003,18.244820000000004,18.661170000000002,19.08808,19.523680000000002,19.966540000000002,20.41512,20.86843,21.325150000000004,21.7844,22.2453,22.707190000000004,23.1693,23.631190000000004,24.09231,24.552220000000002,25.01048,25.466980000000003,25.921280000000003,26.373160000000002,26.82251,27.26911,27.712960000000002,28.153730000000003,28.591420000000003,29.026030000000002,29.457340000000002,29.885570000000005,30.3105,30.732130000000005,31.150460000000002,31.565600000000003,31.97744,32.38609,32.79155,33.19371,33.59279000000001,33.98868,34.38149000000001,34.77122,35.15798,35.54177,35.92259000000001,36.30066,36.675760000000004,37.04811000000001,37.41782,37.78467,38.148990000000005,38.510780000000004,38.869930000000004,39.22655,39.58086,39.93264,40.28211,40.62927,40.97423,41.316880000000005,41.65744,41.9958,42.33218000000001
22.659670000000002,22.19195,21.7239,21.25596,20.78901,20.3236,19.86083,19.401800000000005,18.947610000000005,18.499690000000005,18.05969,17.62926,17.21038,16.80536,16.4164,16.04636,15.69777,15.373710000000003,15.07726,14.811280000000002,14.578850000000003,14.382720000000003,14.225310000000002,14.108820000000001,14.034680000000002,14.003770000000001,14.016310000000002,14.071640000000002,14.168660000000001,14.305500000000002,14.479850000000003,14.688740000000001,14.929310000000003,15.19815,15.492070000000002,15.807770000000001,16.14206,16.49208,16.854860000000002,17.227980000000002,17.60902,17.996000000000002,18.38683,18.78008,19.173990000000003,19.56757,19.959390000000003,20.34868,20.73445,21.11604,21.49268,21.863930000000003,22.229240000000004,22.588390000000004,22.940830000000002,23.286340000000003,23.6247,23.95569,24.27909,24.595010000000002,24.90312,25.20342,25.495800000000003,25.780260000000002,26.0568,26.32531,26.58601,26.838570000000004,27.083320000000004,27.32015,27.54895,27.77005,27.983230000000002,28.188600000000005,28.386270000000003,28.576130000000003,28.7584,28.932970000000005,29.099950000000003,29.25945,29.411360000000002,29.5559,29.692850000000004,29.822540000000004,29.944750000000003,30.059700000000003,30.167280000000005,30.267710000000005,30.360770000000002,30.44668,30.52533,30.596830000000004,30.66118,30.71827,30.768320000000003,30.811330000000005,30.847080000000002,30.875790000000002,30.897350000000003,30.911870000000004,30.919130000000003,30.91946,30.912530000000004,30.898450000000004,30.87733,30.848950000000002,30.813420000000004,30.77063,30.720690000000005,30.663490000000003,30.599030000000003,30.5272,30.448,30.361430000000002,30.267490000000002,30.16607,30.057170000000003,29.940680000000004,29.816710000000004,29.68504,29.54578,29.39871,29.243940000000002,29.08125,28.91086,28.732440000000004,28.546100000000003,28.351730000000003,28.149330000000003,27.938900000000004,27.72022,27.4934,27.258440000000004,27.015230000000003,26.76366,26.503950000000003,26.23588,25.95956,25.674990000000005,25.382170000000002,25.0811,24.772000000000002,24.454870000000003,24.129820000000002,23.796960000000002,23.456400000000002,23.10847,22.75339,22.39149,22.022990000000004,21.64844,21.268280000000004,20.88306,20.493550000000003,20.1003,19.704410000000003,19.30676,18.90867,18.51124,18.116120000000002,17.725070000000002,17.33996,16.962770000000003,16.596140000000002,16.24249,15.904570000000001,15.58568,15.288680000000001,15.017090000000001,14.7741,14.563120000000001,14.387120000000001,14.24896,14.151060000000001,14.095290000000002,14.082860000000002,14.114320000000003,14.18945,14.307370000000002,14.466650000000001,14.665090000000001,14.90038,15.169550000000001,15.469740000000002,15.79776,16.150750000000002,16.52552,16.919430000000002,17.32984,17.754330000000003,18.19059,18.63664,19.09083,19.5514,20.01703,20.4864,20.958520000000004,21.43229,21.90705,22.382030000000004,22.85657,23.33012,23.802350000000004,24.2726,24.740870000000005,25.20661,25.66971,26.12984,26.587000000000003,27.04108,27.491750000000003,27.939120000000003,28.383080000000003,28.823520000000002,29.260440000000003,29.69384,30.123720000000002,30.55008,30.972920000000002,31.39224,31.808040000000002,32.22043,32.62941,33.034980000000004,33.437250000000006,33.836110000000005,34.23189000000001,34.624370000000006,35.01366,35.399980000000006,35.78311,36.163270000000004,36.54057,36.9149,37.286480000000005,37.6552,38.021170000000005,38.38450000000001,38.74519000000001,39.10335,39.458980000000004,39.81208,40.16287,40.51124000000001,40.85719,41.20105,41.5426,41.88195,42.219210000000004
22.358380000000004,21.878560000000004,21.397640000000003,20.916170000000005,20.43459,19.95389,19.47495,18.99876,18.526530000000005,18.05969,17.599780000000003,17.148780000000002,16.708560000000002,16.28154,15.870360000000002,15.477770000000001,15.10685,14.76101,14.44355,14.158100000000001,13.907960000000001,13.69665,13.527140000000001,13.401740000000002,13.32243,13.290420000000001,13.30582,13.36808,13.475660000000001,13.626470000000001,13.817650000000002,14.045790000000002,14.307370000000002,14.598650000000001,14.91578,15.255130000000001,15.613180000000002,15.986520000000002,16.372290000000003,16.76774,17.170340000000003,17.577890000000004,17.98852,18.40047,18.8122,19.222500000000004,19.630270000000003,20.03452,20.43437,20.82916,21.218230000000002,21.60114,21.977450000000005,22.346830000000004,22.708840000000002,23.063480000000002,23.410310000000003,23.74922,24.080210000000005,24.40306,24.71777,25.024230000000003,25.32244,25.6124,25.894000000000002,26.167350000000003,26.43245,26.689410000000002,26.938010000000002,27.17858,27.41101,27.635300000000004,27.851560000000003,28.059900000000003,28.26032,28.452710000000003,28.6374,28.814280000000004,28.983350000000005,29.144830000000002,29.298610000000004,29.444800000000004,29.583510000000004,29.714630000000003,29.83827,29.95454,30.063330000000004,30.16475,30.25891,30.3457,30.425230000000003,30.497500000000002,30.56251,30.62037,30.67086,30.71431,30.7505,30.779540000000004,30.801320000000004,30.815950000000004,30.823430000000002,30.82365,30.816720000000004,30.802640000000004,30.781190000000002,30.752590000000005,30.716730000000002,30.673610000000004,30.623120000000004,30.56537,30.500140000000002,30.427650000000003,30.34757,30.26012,30.16519,30.06267,29.952560000000005,29.83475,29.709350000000004,29.576140000000002,29.43512,29.28629,29.129540000000002,28.964870000000005,28.792170000000002,28.61144,28.42246,28.225450000000002,28.02008,27.806460000000005,27.584590000000002,27.35425,27.115440000000003,26.868160000000003,26.612300000000005,26.347970000000004,26.07506,25.79357,25.50339,25.20463,24.8974,24.581480000000003,24.2572,23.924450000000004,23.58345,23.23431,22.87714,22.51216,22.13981,21.76009,21.37366,20.98085,20.5821,20.178180000000005,19.769750000000002,19.35769,18.94299,18.526750000000003,18.1104,17.69526,17.28331,16.87631,16.476570000000002,16.08662,15.709210000000002,15.347420000000001,15.00444,14.68412,14.38987,14.12565,13.8952,13.70226,13.55002,13.441450000000001,13.37864,13.363350000000002,13.395910000000002,13.4761,13.602930000000002,13.77453,13.98837,14.241370000000002,14.530230000000001,14.851540000000002,15.20167,15.577100000000002,15.97464,16.39121,16.82373,17.26978,17.726940000000003,18.193120000000004,18.66656,19.145390000000003,19.628510000000002,20.11438,20.60212,21.090740000000004,21.57947,22.06754,22.554510000000004,23.039720000000003,23.522840000000002,24.00354,24.48138,24.95625,25.42793,25.896310000000003,26.361060000000002,26.822290000000002,27.279780000000002,27.733530000000002,28.183430000000005,28.629590000000004,29.0719,29.510360000000002,29.94497,30.375840000000004,30.802970000000002,31.22625,31.6459,32.06181,32.4742,32.882960000000004,33.28831,33.69014000000001,34.08845,34.48357,34.87539,35.26391000000001,35.649240000000006,36.03149,36.41077000000001,36.786970000000004,37.16031,37.530680000000004,37.898300000000006,38.26306,38.62529000000001,38.984770000000005,39.34161,39.69603,40.047810000000005,40.39728,40.744440000000004,41.089180000000006,41.431610000000006,41.771840000000005,42.10998
22.068530000000003,21.576830000000005,21.08304,20.58782,20.09183,19.59562,19.10018,18.60639,18.115680000000005,17.62926,17.148780000000002,16.67611,16.213340000000002,15.763000000000002,15.327840000000002,14.910940000000002,14.515600000000001,14.145560000000001,13.804780000000001,13.497330000000002,13.227170000000001,12.998480000000002,12.814780000000003,12.679040000000002,12.59379,12.56024,12.57883,12.648790000000002,12.76847,12.935120000000001,13.145220000000002,13.39492,13.67993,13.99596,14.338500000000002,14.70359,15.087050000000001,15.48558,15.895660000000001,16.31465,16.739690000000003,17.168580000000002,17.59956,18.03065,18.460530000000002,18.887880000000003,19.311600000000002,19.73081,20.144740000000002,20.55262,20.95401,21.34847,21.73556,22.115060000000003,22.486530000000002,22.849860000000003,23.205050000000004,23.551660000000002,23.88991,24.219580000000004,24.540560000000003,24.85296,25.156780000000005,25.451910000000005,25.73846,26.01643,26.28582,26.546740000000003,26.799190000000003,27.043280000000003,27.279010000000003,27.506490000000003,27.725720000000003,27.93681,28.139760000000003,28.334680000000002,28.52157,28.700540000000004,28.8717,29.035050000000002,29.19059,29.338430000000002,29.47857,29.611120000000003,29.736080000000005,29.853560000000005,29.96345,30.06597,30.161120000000004,30.24879,30.32909,30.402130000000003,30.467800000000004,30.526100000000003,30.577250000000003,30.62103,30.657660000000003,30.686920000000004,30.709030000000002,30.723770000000005,30.731360000000002,30.73169,30.72465,30.710460000000005,30.688900000000004,30.660080000000004,30.623890000000003,30.580330000000004,30.529400000000003,30.471100000000003,30.405320000000003,30.332060000000002,30.251320000000003,30.16299,30.06707,29.96356,29.852240000000002,29.733330000000002,29.6065,29.471860000000003,29.329300000000003,29.178710000000002,29.020200000000003,28.853550000000002,28.678760000000004,28.495720000000002,28.304430000000004,28.104780000000005,27.896660000000004,27.68018,27.45501,27.221370000000004,26.978930000000002,26.727800000000002,26.46787,26.19914,25.921610000000005,25.635060000000003,25.339600000000004,25.035120000000003,24.72184,24.399430000000002,24.06822,23.728100000000005,23.37918,23.02157,22.65538,22.28083,21.89814,21.50742,21.109220000000004,20.703760000000003,20.291700000000002,19.87348,19.44976,19.021420000000003,18.589450000000003,18.154840000000004,17.71891,17.2832,16.84947,16.419700000000002,15.996200000000002,15.581610000000001,15.1789,14.791260000000001,14.42243,14.076260000000001,13.757150000000003,13.469170000000002,13.21705,13.00486,12.836780000000001,12.716000000000001,12.645490000000002,12.62679,12.66089,12.747130000000002,12.884410000000003,13.0702,13.301530000000001,13.574770000000001,13.885740000000002,14.230590000000001,14.605030000000001,15.005210000000002,15.427390000000003,15.86805,16.32433,16.79315,17.2722,17.75928,18.25263,18.75038,19.251210000000004,19.753910000000005,20.25738,20.76085,21.263550000000002,21.764710000000004,22.264,22.760760000000005,23.25466,23.74548,24.232890000000005,24.71678,25.19682,25.67301,26.14524,26.613400000000002,27.07749,27.537290000000002,27.99302,28.44468,28.89205,29.335350000000005,29.77458,30.209740000000004,30.64083,31.067960000000003,31.49124,31.91056,32.32614,32.73798,33.146080000000005,33.55055,33.95161,34.34904,34.74306,35.13378,35.52120000000001,35.90543,36.28647,36.66443,37.03931,37.41133000000001,37.78038,38.146570000000004,38.51001,38.87070000000001,39.22886,39.584270000000004,39.93726000000001,40.28761000000001,40.63565,40.98127,41.324690000000004,41.66569,42.00449
21.791330000000002,21.28775,20.78131,20.272560000000002,19.76194,19.250110000000003,18.738060000000004,18.226670000000002,17.71693,17.21038,16.708560000000002,16.213340000000002,15.726920000000002,15.25183,14.791040000000002,14.347740000000002,13.925670000000002,13.52901,13.162270000000001,12.829960000000002,12.53714,12.288320000000002,12.088120000000002,11.940390000000003,11.84788,11.812460000000002,11.83457,11.91344,12.046870000000002,12.231560000000002,12.46322,12.73723,13.04842,13.391840000000002,13.762210000000001,14.155130000000002,14.56609,14.99124,15.42706,15.87058,16.31894,16.769940000000002,17.22171,17.67227,18.12052,18.56492,19.004700000000003,19.438760000000002,19.866660000000003,20.287520000000004,20.70112,21.1068,21.50445,21.893740000000005,22.274340000000002,22.646250000000002,23.00936,23.36356,23.708630000000003,24.04479,24.371930000000003,24.68994,24.999040000000004,25.299230000000005,25.590400000000002,25.872660000000003,26.146230000000003,26.410890000000002,26.666970000000003,26.91447,27.153280000000002,27.383730000000003,27.605710000000002,27.81933,28.024810000000002,28.221930000000004,28.41102,28.59197,28.765,28.930000000000003,29.087190000000003,29.236570000000004,29.378140000000002,29.512010000000004,29.63829,29.756870000000003,29.86786,29.971370000000004,30.067290000000003,30.15584,30.23691,30.31061,30.376830000000005,30.435790000000004,30.487380000000005,30.5316,30.568450000000002,30.598040000000005,30.62037,30.635330000000003,30.64303,30.643360000000005,30.63632,30.622020000000003,30.600350000000002,30.571310000000004,30.534790000000005,30.490900000000003,30.43964,30.38079,30.31446,30.240650000000002,30.159140000000004,30.070040000000002,29.973240000000004,29.868740000000003,29.756430000000005,29.63631,29.508270000000003,29.372310000000002,29.228210000000004,29.076190000000004,28.91592,28.747400000000003,28.570740000000004,28.385610000000003,28.192010000000003,27.98994,27.779290000000003,27.559950000000004,27.331810000000004,27.09498,26.84924,26.59448,26.330700000000004,26.05779,25.775750000000002,25.48447,25.183950000000003,24.874080000000003,24.554860000000005,24.2264,23.88848,23.541210000000003,23.184700000000003,22.81895,22.443960000000004,22.060060000000004,21.667250000000003,21.26586,20.85611,20.438330000000004,20.012960000000003,19.580550000000002,19.14165,18.69703,18.24757,17.79437,17.33864,16.88192,16.42575,15.972330000000001,15.523970000000002,15.08342,14.65365,14.238290000000001,13.841300000000002,13.467080000000003,13.12025,12.805980000000002,12.529330000000002,12.29536,12.109020000000001,11.974490000000001,11.89496,11.872630000000001,11.908600000000002,12.0021,12.151590000000002,12.353990000000001,12.605450000000001,12.901570000000001,13.237510000000002,13.60865,14.00993,14.43706,14.885860000000001,15.35248,15.833730000000001,16.32653,16.828460000000003,17.337210000000002,17.850910000000002,18.367910000000002,18.88678,19.40642,19.92584,20.44405,20.960610000000003,21.474860000000003,21.986140000000002,22.49423,22.998800000000003,23.49952,23.99617,24.48875,24.97693,25.460710000000002,25.94009,26.414960000000004,26.88521,27.35095,27.81229,28.269010000000005,28.721330000000002,29.16925,29.61266,30.051890000000004,30.48683,30.91759,31.344170000000005,31.766790000000004,32.185340000000004,32.59993,33.010780000000004,33.41778,33.82115,34.220890000000004,34.617110000000004,35.00981,35.3991,35.785090000000004,36.16778000000001,36.54728000000001,36.923700000000004,37.29715,37.66752,38.035030000000006,38.399570000000004,38.76147,39.12062,39.47713,39.831,40.18234,40.531150000000004,40.87754,41.22162000000001,41.563390000000005,41.90296000000001
21.52755,21.012420000000002,20.493660000000002,19.97149,19.446460000000002,18.919230000000002,18.39057,17.861250000000002,17.33237,16.80536,16.28154,15.763000000000002,15.25183,14.750670000000001,14.262490000000001,13.790810000000002,13.339700000000002,12.91367,12.51789,12.157530000000001,11.83864,11.566720000000002,11.34727,11.185020000000002,11.08393,11.046090000000001,11.072270000000001,11.16137,11.310750000000002,11.516230000000002,11.77253,12.07404,12.4146,12.78827,13.18922,13.612390000000001,14.05272,14.506140000000002,14.96902,15.43795,15.910510000000002,16.38406,16.85695,17.32731,17.793820000000004,18.255270000000003,18.71089,19.1598,19.601340000000004,20.03496,20.460330000000003,20.877010000000002,21.284890000000004,21.68353,22.073040000000002,22.453200000000002,22.823900000000002,23.185140000000004,23.536920000000002,23.879240000000003,24.2121,24.535610000000002,24.84966,25.15447,25.45004,25.73648,26.013790000000004,26.282190000000003,26.54157,26.792150000000003,27.03393,27.26713,27.491750000000003,27.707790000000003,27.915470000000003,28.114680000000003,28.305750000000003,28.488570000000003,28.663360000000004,28.83001,28.988740000000004,29.139440000000004,29.28233,29.417520000000003,29.54479,29.66447,29.776450000000004,29.880840000000003,29.977640000000005,30.06696,30.148690000000006,30.223050000000004,30.289820000000002,30.349220000000003,30.40125,30.44591,30.48309,30.51301,30.53545,30.55063,30.55844,30.558770000000003,30.551730000000003,30.53732,30.51554,30.486280000000004,30.449650000000002,30.405430000000003,30.353730000000002,30.294440000000005,30.227670000000003,30.153200000000002,30.07114,29.981270000000002,29.883700000000005,29.778320000000004,29.665020000000002,29.543910000000004,29.41466,29.277490000000004,29.13218,28.978620000000003,28.81681,28.64664,28.46811,28.281000000000002,28.085310000000003,27.881040000000002,27.66797,27.445990000000002,27.215210000000003,26.9753,26.726370000000003,26.468200000000003,26.20079,25.924030000000002,25.63781,25.34202,25.03677,24.72173,24.39701,24.062610000000003,23.718420000000002,23.364330000000002,23.000560000000004,22.626890000000003,22.243650000000002,21.850620000000003,21.448130000000003,21.03629,20.61532,20.185550000000003,19.747200000000003,19.300710000000002,18.846850000000003,18.386060000000004,17.91922,17.44743,16.971680000000003,16.4934,16.014460000000003,15.536620000000001,15.06241,14.594470000000001,14.136100000000003,13.691040000000001,13.263580000000001,12.858450000000001,12.481150000000001,12.13718,11.83281,11.574090000000002,11.366850000000001,11.21615,11.126280000000001,11.09999,11.13827,11.240570000000002,11.40436,11.626120000000002,11.900900000000002,12.223310000000001,12.58752,12.987810000000001,13.418790000000001,13.87518,14.352580000000001,14.84692,15.35457,15.872450000000002,16.398030000000002,16.929000000000002,17.46349,17.999960000000005,18.537090000000003,19.073560000000004,19.60882,20.14177,20.67197,21.19887,21.72214,22.24123,22.756030000000003,23.26643,23.771990000000002,24.27293,24.76892,25.259960000000003,25.746160000000003,26.227300000000003,26.7036,27.174950000000003,27.641460000000002,28.103130000000004,28.55996,29.012170000000005,29.459760000000003,29.902730000000002,30.34119,30.775360000000003,31.205130000000004,31.63061,32.052020000000006,32.46925,32.88252,33.291940000000004,33.6974,34.099230000000006,34.49732,34.891890000000004,35.28294,35.67047,36.05481,36.43574,36.813480000000006,37.188140000000004,37.559830000000005,37.92844000000001,38.29408000000001,38.65697,39.017,39.37439,39.72914000000001,40.081250000000004,40.43083,40.77799,41.122730000000004,41.465050000000005,41.805170000000004
21.278620000000004,20.752270000000003,20.2213,19.68615,19.147040000000004,18.60463,18.05936,17.512330000000002,16.9642,16.4164,15.870360000000002,15.327840000000002,14.791040000000002,14.262490000000001,13.74538,13.243340000000002,12.760660000000001,12.302290000000001,11.874060000000002,11.482130000000002,11.133210000000002,10.834307,10.592164,10.412853,10.301225000000002,10.26036,10.291160000000001,10.392305,10.560286000000001,10.789878000000002,11.074580000000001,11.407440000000001,11.78089,12.18811,12.62261,13.078230000000001,13.54991,14.03325,14.524180000000001,15.01962,15.516710000000002,16.01325,16.50737,16.99742,17.48219,17.96058,18.431820000000002,18.89514,19.349990000000002,19.795930000000002,20.23274,20.65998,21.077650000000002,21.48542,21.88329,22.27126,22.64922,23.017170000000004,23.375220000000002,23.723370000000003,24.06162,24.39019,24.708970000000004,25.01818,25.317820000000005,25.608000000000004,25.88894,26.16064,26.4231,26.676650000000002,26.921180000000003,27.15691,27.383840000000003,27.602080000000004,27.811850000000003,28.013040000000004,28.205980000000004,28.39045,28.56678,28.73497,28.895020000000002,29.047150000000002,29.191250000000004,29.327430000000003,29.4558,29.57647,29.689330000000005,29.7946,29.892170000000004,29.98204,30.06454,30.13934,30.206770000000002,30.266610000000004,30.319080000000003,30.36407,30.40158,30.431720000000002,30.454380000000004,30.46967,30.477480000000003,30.47792,30.470990000000004,30.456470000000003,30.43458,30.405210000000004,30.368250000000003,30.32381,30.271780000000003,30.21216,30.144840000000002,30.069930000000003,29.98721,29.89679,29.798560000000002,29.6923,29.57823,29.456130000000005,29.32589,29.18751,29.04099,28.886110000000002,28.72287,28.551160000000003,28.37098,28.18211,27.984550000000002,27.778080000000003,27.56281,27.338520000000003,27.1051,26.862550000000002,26.610650000000003,26.349400000000003,26.078580000000002,25.79819,25.508010000000002,25.20815,24.89828,24.57851,24.248620000000003,23.90861,23.55848,23.19801,22.82731,22.446270000000002,22.054890000000004,21.65339,21.241550000000004,20.8197,20.387950000000004,19.94641,19.49552,19.035500000000003,18.566790000000005,18.09016,17.606160000000003,17.11578,16.62001,16.12017,15.617910000000002,15.1151,14.614160000000002,14.117730000000002,13.629330000000001,13.15259,12.69224,12.25345,11.84216,11.465080000000002,11.12925,10.841908,10.610292000000001,10.44087,10.338911000000001,10.307924,10.349273,10.462023,10.643105,10.887657,11.18964,11.542080000000002,11.93819,12.37115,12.83458,13.322870000000002,13.830960000000003,14.354560000000001,14.88982,15.433660000000001,15.983550000000001,16.53718,17.09268,17.64873,18.2039,18.7572,19.307970000000005,19.855330000000002,20.39895,20.938170000000003,21.472880000000004,22.002750000000002,22.527450000000005,23.04698,23.561120000000003,24.06998,24.57334,25.071420000000003,25.564,26.051190000000002,26.53299,27.009620000000005,27.480970000000003,27.947260000000004,28.408380000000005,28.864660000000004,29.315990000000003,29.76248,30.204240000000002,30.64149,31.07412,31.502350000000003,31.926290000000005,32.345940000000006,32.761520000000004,33.173030000000004,33.580470000000005,33.984170000000006,34.38402,34.780240000000006,35.172830000000005,35.5619,35.94756,36.32981,36.708760000000005,37.084520000000005,37.4572,37.826910000000005,38.193540000000006,38.5572,38.91811,39.276270000000004,39.63179,39.98456000000001,40.3348,40.68251,41.027800000000006,41.37067,41.71134000000001
21.045310000000004,20.50829,19.965770000000003,19.41797,18.865220000000004,18.30796,17.74663,17.182000000000002,16.61484,16.04636,15.477770000000001,14.910940000000002,14.347740000000002,13.790810000000002,13.243340000000002,12.70885,12.19218,11.698500000000001,11.23419,10.806411,10.423039000000001,10.092555,9.823418,9.623438000000002,9.498995,9.454214,9.490415,9.605838000000002,9.795929000000001,10.053901000000002,10.371548,10.740048000000002,11.150590000000001,11.594990000000001,12.06579,12.5565,13.0614,13.57587,14.095950000000002,14.618340000000002,15.1404,15.66004,16.17539,16.684910000000002,17.18761,17.6825,18.16892,18.646210000000004,19.113820000000004,19.571640000000002,20.019340000000003,20.4567,20.88361,21.299960000000002,21.705750000000002,22.10098,22.485760000000003,22.860090000000003,23.22397,23.577510000000004,23.920820000000003,24.25401,24.57719,24.890360000000005,25.193850000000005,25.487550000000002,25.77179,26.04646,26.31178,26.567970000000003,26.815030000000004,27.052960000000002,27.282090000000004,27.50242,27.714060000000003,27.917120000000004,28.111600000000003,28.29772,28.475480000000005,28.644990000000004,28.806250000000002,28.95948,29.104680000000002,29.241960000000002,29.37132,29.49276,29.6065,29.71243,29.810660000000002,29.901300000000003,29.984350000000003,30.059700000000003,30.127570000000002,30.18785,30.240650000000002,30.28597,30.32381,30.354170000000003,30.377050000000004,30.392450000000004,30.400370000000002,30.400920000000003,30.393880000000003,30.379360000000002,30.357360000000003,30.32788,30.29081,30.246040000000004,30.19379,30.133840000000003,30.066190000000002,29.99073,29.907570000000003,29.816600000000005,29.7176,29.61079,29.49584,29.372860000000003,29.241740000000004,29.102370000000004,28.954750000000004,28.798770000000005,28.63421,28.461180000000002,28.279460000000004,28.08894,27.88962,27.68139,27.464030000000005,27.237650000000006,27.001920000000002,26.756840000000004,26.502190000000002,26.23808,25.964070000000003,25.680380000000003,25.386680000000002,25.082860000000004,24.76892,24.444640000000003,24.110020000000002,23.76484,23.409100000000002,23.042690000000004,22.6655,22.27742,21.878560000000004,21.46892,21.04828,20.616970000000002,20.17488,19.722230000000003,19.259240000000002,18.78613,18.30323,17.811090000000004,17.31026,16.801620000000003,16.286050000000003,15.764650000000001,15.239070000000002,14.71096,14.182630000000001,13.656830000000001,13.136860000000002,12.626570000000001,12.130910000000002,11.655490000000002,11.206800000000001,10.792386000000002,10.420553,10.100112000000001,9.839951000000001,9.648287,9.531951000000001,9.495530000000002,9.540784,9.666404,9.868243000000001,10.13991,10.473584,10.860751,11.29293,11.76219,12.26126,12.783870000000002,13.324630000000003,13.878810000000001,14.44278,15.01335,15.587880000000002,16.16428,16.7409,17.31631,17.889300000000002,18.4591,19.025050000000004,19.586380000000002,20.14287,20.69397,21.239680000000003,21.779670000000003,22.31372,22.84205,23.364330000000002,23.88056,24.390960000000003,24.89542,25.39405,25.886850000000003,26.37393,26.855400000000003,27.33126,27.801730000000003,28.266920000000002,28.726720000000004,29.181570000000004,29.63125,30.07609,30.516090000000002,30.95147,31.38212,31.80837,32.23022,32.647780000000004,33.06116,33.470470000000006,33.875820000000004,34.27732,34.67497,35.06888,35.459270000000004,35.846140000000005,36.22949,36.60954,36.9864,37.35996,37.73044000000001,38.097950000000004,38.46238,38.82406,39.182770000000005,39.53884000000001,39.89227,40.24306000000001,40.591210000000004,40.93705,41.28036,41.62125
20.82872,20.28169,19.728170000000002,19.16838,18.60265,18.031090000000003,17.454140000000002,16.87246,16.286710000000003,15.69777,15.10685,14.515600000000001,13.925670000000002,13.339700000000002,12.760660000000001,12.19218,11.639100000000001,11.106920000000002,10.602658000000002,10.134311000000002,9.711196000000001,9.343543,9.042011,8.816797,8.676437,8.62664,8.669265000000001,8.801991000000001,9.018669000000001,9.310323,9.666371000000002,10.075791,10.52799,11.013420000000002,11.523600000000002,12.051490000000001,12.591260000000002,13.13807,13.687850000000001,14.23752,14.78466,15.32707,15.86321,16.39187,16.91206,17.422790000000003,17.923730000000003,18.414330000000003,18.894260000000003,19.363190000000003,19.821120000000004,20.267940000000003,20.70343,21.127810000000004,21.54108,21.94313,22.33418,22.71423,23.0835,23.44199,23.78992,24.1274,24.45454,24.77145,25.078350000000004,25.37524,25.66234,25.939870000000003,26.20783,26.466330000000003,26.715590000000002,26.95572,27.18672,27.408920000000002,27.622210000000003,27.826810000000002,28.022830000000003,28.210270000000005,28.38935,28.55996,28.722430000000003,28.87676,29.02295,29.161110000000004,29.291240000000002,29.41356,29.52796,29.63455,29.73344,29.824630000000003,29.90812,29.98402,30.052220000000002,30.112940000000002,30.16607,30.211720000000003,30.24978,30.28036,30.30346,30.31897,30.327,30.327550000000002,30.32062,30.3061,30.283990000000003,30.254400000000004,30.21711,30.172340000000002,30.11976,30.05948,29.991500000000002,29.915710000000004,29.832110000000004,29.74059,29.641150000000003,29.533680000000004,29.418070000000004,29.294430000000002,29.16243,29.02229,28.87368,28.71649,28.550940000000004,28.376590000000004,28.193550000000005,28.001710000000003,27.80085,27.590860000000003,27.371740000000003,27.14338,26.90556,26.65828,26.401210000000003,26.134460000000004,25.857700000000005,25.570930000000004,25.27393,24.9667,24.648910000000004,24.320560000000004,23.981540000000003,23.63163,23.270720000000004,22.89881,22.515680000000003,22.12122,21.715320000000002,21.29809,20.869310000000002,20.428980000000003,19.977210000000003,19.514110000000002,19.039570000000005,18.55403,18.05749,17.550610000000002,17.03361,16.507150000000003,15.972220000000002,15.4297,14.880910000000002,14.327500000000002,13.771560000000001,13.215620000000001,12.66298,12.117600000000001,11.584320000000002,11.069190000000003,10.579228,10.122926000000001,9.709931,9.350869000000001,9.056839,8.838445000000002,8.704718000000002,8.661829000000001,8.712099,8.85368,9.080863,9.385057,9.756065,10.183195000000001,10.656173000000003,11.165660000000003,11.70345,12.2628,12.83788,13.423960000000001,14.017300000000002,14.614930000000001,15.21421,15.813270000000001,16.41057,17.005010000000002,17.59538,18.181130000000003,18.761490000000002,19.33624,19.905050000000003,20.467480000000002,21.023530000000004,21.57298,22.115940000000002,22.652410000000003,23.182170000000003,23.705440000000003,24.22222,24.732730000000004,25.23686,25.734830000000002,26.226640000000003,26.71251,27.192660000000004,27.666980000000002,28.13569,28.5989,29.05683,29.50937,29.956960000000002,30.39949,30.837180000000004,31.27014,31.698480000000004,32.12220000000001,32.541630000000005,32.95666,33.36751,33.7744,34.177220000000005,34.576080000000005,34.97131,35.36269,35.75066,36.135000000000005,36.515930000000004,36.89356,37.26789,37.63914,38.007310000000004,38.372400000000006,38.73463,39.094,39.45051,39.80438,40.15561,40.504200000000004,40.850260000000006,41.1939,41.535230000000006
20.63006,20.07368,19.50993,18.93892,18.360870000000002,17.77589,17.1842,16.58624,15.982450000000002,15.373710000000003,14.76101,14.145560000000001,13.52901,12.91367,12.302290000000001,11.698500000000001,11.106920000000002,10.53338,9.985118,9.471132,9.002158000000001,8.590549000000001,8.24978,7.993304,7.832847000000001,7.7764940000000005,7.826984000000001,7.981105000000001,8.230310000000001,8.562411,8.963548000000001,9.419894000000001,9.918722,10.449010000000001,11.001540000000002,11.5687,12.14455,12.724250000000001,13.30395,13.8809,14.452570000000001,15.017310000000002,15.573580000000002,16.12061,16.657300000000003,17.183210000000003,17.69779,18.20093,18.69219,19.17157,19.63907,20.094580000000004,20.5381,20.969850000000005,21.38972,21.798040000000004,22.19481,22.580140000000004,22.954250000000002,23.317250000000005,23.669360000000005,24.01069,24.341350000000002,24.66156,24.97143,25.271290000000004,25.561030000000002,25.840980000000002,26.111140000000002,26.371840000000002,26.62308,26.86497,27.09784,27.321580000000004,27.536300000000004,27.742330000000003,27.93956,28.128320000000002,28.308500000000002,28.480210000000003,28.643670000000004,28.798880000000004,28.94584,29.084770000000002,29.215670000000003,29.338650000000005,29.45371,29.56096,29.66029,29.75203,29.835960000000004,29.912300000000005,29.980940000000004,30.041880000000003,30.095340000000004,30.14121,30.1796,30.21029,30.233610000000002,30.249230000000004,30.25748,30.25803,30.251100000000005,30.236580000000004,30.214470000000002,30.18477,30.14748,30.102380000000004,30.049690000000005,29.98919,29.920990000000003,29.84487,29.76094,29.668980000000005,29.569100000000002,29.461080000000003,29.344920000000002,29.22062,29.087960000000002,28.94705,28.797560000000004,28.639600000000005,28.47295,28.297610000000002,28.113470000000003,27.920310000000004,27.718130000000002,27.50671,27.28605,27.05593,26.81624,26.566980000000004,26.307820000000003,26.038650000000004,25.75947,25.46995,25.170090000000005,24.85967,24.538580000000003,24.2066,23.86351,23.509420000000002,23.143890000000003,22.76692,22.378290000000003,21.977890000000002,21.565720000000002,21.141450000000003,20.70519,20.25672,19.795930000000002,19.323040000000002,18.83783,18.340630000000004,17.83133,17.310370000000002,16.778080000000003,16.23468,15.68116,15.118070000000001,14.54662,13.968350000000001,13.384910000000001,12.79872,12.212860000000001,11.631070000000001,11.05819,10.500413000000002,9.965263,9.462046,9.001861000000002,8.59749,8.262826,8.011773000000002,7.856552000000001,7.8057430000000005,7.862580000000001,8.024313000000001,8.282857,8.626453,9.041604000000001,9.514813,10.033661000000002,10.587379000000002,11.16698,11.76505,12.375770000000001,12.994520000000001,13.617560000000001,14.242030000000002,14.865840000000002,15.487010000000001,16.10455,16.71714,17.32412,17.924940000000003,18.51916,19.106559999999998,19.68681,20.259800000000002,20.825420000000005,21.383780000000005,21.93488,22.478830000000002,23.015520000000002,23.54517,24.067890000000002,24.58368,25.09287,25.595460000000003,26.09167,26.58161,27.065280000000005,27.543120000000002,28.015020000000003,28.4812,28.94188,29.39706,29.847070000000002,30.291800000000002,30.73158,31.166410000000006,31.596510000000002,32.02199,32.44296000000001,32.85942,33.2717,33.67969,34.08372,34.483790000000006,34.8799,35.272270000000006,35.661010000000005,36.04623,36.42793,36.80622,37.18121,37.55301,37.921730000000004,38.28737,38.650040000000004,39.00974,39.366690000000006,39.720890000000004,40.07245,40.421260000000004,40.76765,41.11151,41.45295
20.450210000000002,19.885250000000003,19.312150000000003,18.73102,18.141640000000002,17.54412,16.93868,16.32543,15.7047,15.07726,14.44355,13.804780000000001,13.162270000000001,12.51789,11.874060000000002,11.23419,10.602658000000002,9.985118,9.389072,8.824134,8.302426,7.8386770000000014,7.449904000000001,7.154059,6.967675000000001,6.902599,6.9630220000000005,7.144258000000001,7.433976,7.8151920000000015,8.269514000000001,8.779551000000001,9.330233000000002,9.909119000000002,10.506342000000002,11.114180000000001,11.72666,12.33936,12.94865,13.552000000000001,14.147540000000001,14.73351,15.30903,15.87322,16.425420000000003,16.965410000000002,17.49275,18.007330000000003,18.509040000000002,18.99799,19.474070000000005,19.93739,20.388170000000002,20.826520000000002,21.25244,21.66626,22.068090000000005,22.45815,22.836550000000003,23.203620000000004,23.55936,23.90399,24.237840000000002,24.56091,24.873530000000002,25.175810000000002,25.46786,25.7499,26.022150000000003,26.28461,26.5375,26.78104,27.015340000000002,27.2404,27.45644,27.663680000000003,27.86201,28.05176,28.232930000000003,28.405520000000003,28.569860000000002,28.72584,28.87357,29.01316,29.144720000000003,29.268250000000005,29.383860000000002,29.491550000000004,29.591430000000003,29.683500000000002,29.767870000000002,29.844540000000002,29.913510000000002,29.974780000000003,30.028460000000003,30.07466,30.11316,30.144070000000003,30.167500000000004,30.18334,30.19159,30.192250000000005,30.18532,30.170910000000003,30.148800000000005,30.118990000000004,30.081590000000006,30.036490000000004,29.983580000000003,29.922970000000003,29.85444,29.778210000000005,29.69395,29.601660000000003,29.501340000000003,29.39299,29.27639,29.151540000000004,29.01833,28.87676,28.726610000000004,28.567880000000002,28.400460000000002,28.22424,28.039110000000004,27.844850000000005,27.64157,27.428940000000004,27.206850000000003,26.9753,26.734070000000003,26.483050000000006,26.222020000000004,25.95098,25.6696,25.37777,25.075380000000003,24.76221,24.43804,24.102870000000003,23.75637,23.39843,23.02872,22.647350000000003,22.25388,21.848310000000005,21.430310000000002,20.999880000000005,20.55669,20.10085,19.632030000000004,19.15012,18.65523,18.14725,17.626290000000004,17.092350000000003,16.545650000000002,15.986520000000002,15.4154,14.832840000000003,14.239830000000001,13.637360000000001,13.027190000000001,12.41108,11.791890000000002,11.17303,10.559252,9.956419,9.372363,8.817017000000002,8.302877,7.845101000000001,7.461124000000001,7.169404000000001,6.986969000000001,6.926172000000001,6.9917430000000005,7.179469000000001,7.477492000000001,7.869257000000001,8.336746,8.86292,9.432973000000002,10.034761000000001,10.658593,11.297,11.944020000000002,12.595440000000002,13.247850000000001,13.89872,14.546180000000001,15.188690000000001,15.82526,16.45512,17.077720000000003,17.69262,18.29971,18.89866,19.48936,20.07203,20.64656,21.212950000000003,21.771420000000003,22.32197,22.86493,23.4003,23.92819,24.44893,24.96252,25.46929,25.969240000000003,26.4627,26.949670000000005,27.430480000000003,27.905240000000003,28.37395,28.83705,29.29454,29.746530000000003,30.193130000000004,30.63467,31.071150000000003,31.50279,31.929700000000004,32.35188,32.76966,33.183040000000005,33.592130000000004,33.997040000000005,34.39799000000001,34.79487,35.188120000000005,35.57752000000001,35.96329,36.34554000000001,36.724380000000004,37.099920000000004,37.47216000000001,37.841210000000004,38.20718000000001,38.57018,38.93021,39.28749,39.64191,39.99358,40.34261,40.689220000000006,41.033190000000005,41.37474
20.28994,19.7175,19.13615,18.54578,17.946280000000005,17.33754,16.71956,16.09234,15.45621,14.811280000000002,14.158100000000001,13.497330000000002,12.829960000000002,12.157530000000001,11.482130000000002,10.806411,10.134311000000002,9.471132,8.824134,8.203151000000002,7.621339000000001,7.095814,6.647773000000001,6.301427000000001,6.080679000000001,6.003668000000001,6.077126000000001,6.293815000000001,6.635068,7.076520000000001,7.593542000000001,8.164541000000002,8.772038,9.402602,10.046113000000002,10.69508,11.34397,11.98879,12.626570000000001,13.255110000000002,13.872980000000002,14.478860000000001,15.071980000000002,15.652010000000002,16.218400000000003,16.77104,17.309820000000002,17.83474,18.345800000000004,18.84311,19.326890000000002,19.797250000000002,20.25441,20.698480000000004,21.12968,21.548340000000003,21.95457,22.3487,22.730840000000004,23.101210000000002,23.460140000000003,23.807740000000003,24.144120000000004,24.469720000000002,24.784650000000003,25.088910000000002,25.38294,25.666740000000004,25.940640000000002,26.20464,26.45907,26.70393,26.939330000000005,27.165600000000005,27.382740000000002,27.590860000000003,27.790180000000003,27.98081,28.162640000000003,28.336110000000005,28.501,28.65764,28.806030000000003,28.946170000000002,29.07817,29.202250000000003,29.3183,29.426430000000003,29.526640000000004,29.619150000000005,29.70374,29.78074,29.84993,29.911530000000003,29.96554,30.011850000000003,30.05057,30.081700000000005,30.105130000000003,30.121080000000003,30.129440000000002,30.130210000000005,30.12339,30.108980000000003,30.086870000000005,30.057060000000003,30.019660000000005,29.974450000000004,29.92143,29.860710000000005,29.792070000000002,29.71562,29.631140000000002,29.538630000000005,29.438090000000003,29.329410000000003,29.212480000000003,29.087190000000003,28.953650000000003,28.81153,28.66083,28.50155,28.333470000000002,28.156480000000006,27.970580000000005,27.77544,27.571170000000002,27.357550000000003,27.134470000000004,26.90171,26.659160000000004,26.406710000000004,26.14414,25.871340000000004,25.58809,25.294280000000004,24.989800000000002,24.67432,24.347620000000003,24.009700000000002,23.660120000000003,23.298990000000003,22.92576,22.54054,22.14289,21.732700000000005,21.30975,20.87382,20.424690000000002,19.96225,19.48617,18.996450000000003,18.49287,17.975320000000004,17.443690000000004,16.898090000000003,16.33841,15.76476,15.177580000000003,14.57698,13.963840000000001,13.33871,12.702910000000001,12.058090000000002,11.406450000000001,10.750894,10.095624,9.446184000000002,8.810153000000001,8.197684,7.622329000000001,7.101600000000001,6.657189000000001,6.31378,6.095782000000001,6.021917000000001,6.099423000000001,6.321601,6.670246000000001,7.121433000000001,7.650929000000001,8.237438000000001,8.863811,9.516815000000001,10.186583,10.865778000000002,11.54901,12.23244,12.91323,13.58918,14.258860000000002,14.921280000000001,15.575560000000001,16.22137,16.85816,17.48593,18.104460000000003,18.71386,19.314130000000002,19.90527,20.48761,21.06115,21.62611,22.182710000000004,22.731060000000003,23.27138,23.803890000000003,24.328810000000004,24.84625,25.356540000000003,25.859790000000004,26.356220000000004,26.84605,27.32939,27.806460000000005,28.277370000000005,28.74245,29.201700000000002,29.655450000000002,30.103700000000003,30.546670000000002,30.98447,31.417320000000004,31.84533,32.26861,32.687380000000005,33.101530000000004,33.511500000000005,33.91718,34.31879,34.716330000000006,35.11002,35.499970000000005,35.88629,36.268980000000006,36.64815,37.02402000000001,37.396480000000004,37.76586,38.13205000000001,38.495160000000006,38.85541,39.21280000000001,39.567330000000005,39.91911,40.26825,40.61475,40.958830000000006,41.300380000000004
20.150240000000004,19.571420000000003,18.982920000000004,18.38463,17.77633,17.15769,16.52882,15.889390000000002,15.23929,14.578850000000003,13.907960000000001,13.227170000000001,12.53714,11.83864,11.133210000000002,10.423039000000001,9.711196000000001,9.002158000000001,8.302426,7.621339000000001,6.972295000000001,6.374192000000001,5.852693000000001,5.440259,5.172343000000001,5.078337,5.1697690000000005,5.434572000000001,5.8428260000000005,6.358594000000001,6.9489860000000006,7.587932,8.256204,8.940107000000001,9.630027,10.319243000000002,11.003080000000002,11.678260000000002,12.34244,12.994190000000001,13.632300000000003,14.256000000000002,14.865070000000001,15.45907,16.038,16.60175,17.150540000000003,17.68437,18.203570000000003,18.708140000000004,19.198520000000002,19.67482,20.13726,20.586280000000002,21.021990000000002,21.44461,21.854580000000002,22.252010000000002,22.637230000000002,23.010460000000002,23.371920000000003,23.721940000000004,24.060520000000004,24.3881,24.704790000000003,25.010920000000002,25.306490000000004,25.591720000000002,25.866940000000003,26.13215,26.387680000000003,26.63353,26.87003,27.09718,27.315090000000005,27.52409,27.724070000000005,27.915250000000004,28.097850000000005,28.27176,28.437310000000004,28.594390000000004,28.74322,28.8838,29.01624,29.14065,29.257030000000004,29.365490000000005,29.46603,29.558760000000003,29.64368,29.7209,29.79042,29.852130000000002,29.906360000000003,29.952780000000004,29.99172,30.022960000000005,30.046610000000005,30.06267,30.07114,30.072020000000002,30.065200000000004,30.050790000000003,30.02868,29.99898,29.961470000000002,29.91626,29.86335,29.80252,29.733770000000003,29.65721,29.57262,29.480000000000004,29.379240000000003,29.270340000000004,29.153190000000002,29.027680000000004,28.893700000000003,28.751250000000002,28.60022,28.440500000000004,28.27187,28.094440000000006,27.907880000000002,27.712190000000003,27.507150000000003,27.29276,27.068690000000004,26.83505,26.591510000000003,26.337850000000003,26.074070000000003,25.799950000000003,25.51527,25.219920000000002,24.913570000000004,24.596220000000002,24.26743,23.9272,23.57531,23.21132,22.835230000000003,22.44671,22.045650000000002,21.631610000000002,21.204370000000004,20.763820000000003,20.309630000000002,19.841580000000004,19.35945,18.86291,18.35185,17.825940000000003,17.28507,16.72924,16.15812,15.571710000000001,14.970120000000001,14.353460000000002,13.722060000000003,13.076360000000001,12.41713,11.74558,11.06325,10.372428000000001,9.676579,8.980433000000001,8.290755,7.617236000000001,6.973648000000001,6.379307,5.860371000000001,5.449785,5.183574000000001,5.091691,5.1862140000000005,5.4556260000000005,5.870513000000001,6.395334,6.997628000000001,7.651611000000001,8.338352,9.044376000000002,9.760289,10.479546,11.197560000000001,11.911240000000001,12.61843,13.317480000000002,14.007510000000002,14.687860000000002,15.35809,16.01798,16.667420000000003,17.306410000000003,17.935060000000004,18.553590000000003,19.162000000000003,19.760620000000003,20.349670000000003,20.92926,21.499830000000003,22.061380000000003,22.61435,23.15885,23.695210000000003,24.223650000000003,24.744280000000003,25.257540000000002,25.76343,26.262390000000003,26.75442,27.239850000000004,27.718790000000002,28.191570000000002,28.658190000000005,29.118980000000004,29.574050000000003,30.02351,30.46758,30.906480000000006,31.340320000000002,31.7691,32.19315,32.61258,33.0275,33.43791,33.84414,34.24619,34.64417,35.03830000000001,35.428470000000004,35.81501,36.19803,36.577420000000004,36.9534,37.326080000000005,37.695570000000004,38.061870000000006,38.425090000000004,38.785340000000005,39.14262000000001,39.497150000000005,39.84893,40.19807,40.54457,40.88854,41.229980000000005
20.03188,19.447670000000002,18.85334,18.24856,17.632890000000003,17.006220000000003,16.36811,15.718230000000002,15.05658,14.382720000000003,13.69665,12.998480000000002,12.288320000000002,11.566720000000002,10.834307,10.092555,9.343543,8.590549000000001,7.8386770000000014,7.095814,6.374192000000001,5.692830000000001,5.080812000000001,4.580290000000001,4.244790000000001,4.125132,4.243063,4.576253,5.073365,5.680367,6.354667000000001,7.066796000000001,7.797394000000001,8.533932,9.268248,9.99504,10.710821000000001,11.41327,12.100990000000001,12.772980000000002,13.428690000000001,14.067900000000002,14.690500000000002,15.296380000000001,15.885870000000002,16.45897,17.01601,17.55732,18.08312,18.593740000000004,19.0894,19.57043,20.037380000000002,20.490250000000003,20.92948,21.355400000000003,21.768340000000002,22.16841,22.556050000000003,22.931480000000004,23.29503,23.646810000000002,23.987150000000003,24.31627,24.634390000000003,24.94162,25.238400000000002,25.52473,25.800940000000004,26.06714,26.32344,26.57006,26.807220000000004,27.035030000000003,27.253600000000002,27.463150000000002,27.663680000000003,27.855300000000003,28.03834,28.212690000000002,28.378570000000003,28.53609,28.685140000000004,28.826050000000002,28.958820000000003,29.083450000000003,29.200160000000004,29.308840000000004,29.409600000000005,29.502550000000003,29.587690000000002,29.665020000000002,29.734760000000005,29.796690000000005,29.850920000000002,29.897560000000002,29.93661,29.96796,29.991830000000004,30.007890000000003,30.01647,30.01746,30.01075,29.996450000000003,29.974340000000005,29.944640000000003,29.907240000000005,29.862140000000004,29.809120000000004,29.748290000000004,29.679650000000002,29.602980000000002,29.518280000000004,29.42566,29.32479,29.215780000000002,29.09852,28.97279,28.8387,28.69603,28.544780000000003,28.384730000000005,28.215880000000002,28.038010000000003,27.851010000000002,27.654880000000002,27.449400000000004,27.234460000000002,27.009840000000004,26.775430000000004,26.53112,26.27669,26.012030000000003,25.736920000000005,25.451140000000002,25.15447,24.84691,24.528020000000005,24.197690000000005,23.855700000000002,23.50183,23.13586,22.757350000000002,22.3663,21.962380000000003,21.545260000000003,21.114720000000002,20.67043,20.21206,19.739500000000003,19.25231,18.75016,18.23294,17.700210000000002,17.15164,16.58723,16.00643,15.40924,14.79555,14.165030000000002,13.517900000000001,12.854270000000001,12.174470000000001,11.47905,10.769121000000002,10.046102000000001,9.312391,8.571530000000001,7.828931000000001,7.092800000000001,6.375765,5.697285000000001,5.086895000000001,4.587286000000001,4.252578000000001,4.1341410000000005,4.254349,4.591433,5.094551,5.710089000000001,6.395840000000001,7.122654,7.871435000000001,8.629885,9.390029000000002,10.146752000000001,10.896677,11.637670000000002,12.368290000000002,13.08769,13.795430000000001,14.491290000000001,15.175050000000002,15.84693,16.50704,17.1556,17.792720000000003,18.41873,19.03407,19.638740000000002,20.23329,20.81794,21.39291,21.95864,22.515240000000002,23.06315,23.602590000000003,24.133780000000005,24.657050000000005,25.172510000000003,25.680600000000002,26.181430000000002,26.675220000000003,27.162190000000002,27.642560000000003,28.116660000000003,28.584490000000002,29.046270000000003,29.50233,29.952670000000005,30.397620000000003,30.837180000000004,31.27157,31.70101,32.12561,32.545370000000005,32.960730000000005,33.37147,33.77803,34.1803,34.5785,34.97274,35.363130000000005,35.74978,36.1328,36.512190000000004,36.88828,37.260850000000005,37.630340000000004,37.99653,38.359750000000005,38.71989,39.07706,39.43148000000001,39.78315,40.13207,40.47835,40.822210000000005,41.163430000000005
19.935190000000002,19.34702,18.74829,18.138560000000002,17.51728,16.884230000000002,16.238860000000003,15.580840000000002,14.90984,14.225310000000002,13.527140000000001,12.814780000000003,12.088120000000002,11.34727,10.592164,9.823418,9.042011,8.24978,7.449904000000001,6.647773000000001,5.852693000000001,5.080812000000001,4.360664000000001,3.742068,3.304444,3.1424690000000006,3.3033880000000004,3.7393730000000005,4.355175,5.070868000000001,5.836204000000001,6.622264000000001,7.412537,8.197464,8.971369000000001,9.730864,10.473903,11.199320000000002,11.90651,12.595220000000001,13.26523,13.916870000000001,14.55025,15.16559,15.76333,16.3438,16.90733,17.45436,17.98533,18.50035,19.00019,19.48496,19.95499,20.41083,20.85281,21.28104,21.696070000000002,22.098120000000005,22.487520000000004,22.864490000000004,23.229470000000003,23.582460000000005,23.92401,24.25412,24.573230000000002,24.88134,25.178890000000003,25.46599,25.74275,26.009500000000003,26.266460000000002,26.513520000000003,26.75112,26.979370000000003,27.19827,27.408150000000003,27.60901,27.80096,27.984220000000004,28.158790000000003,28.324890000000003,28.482630000000004,28.6319,28.773030000000002,28.905910000000002,29.030760000000004,29.147580000000005,29.25637,29.357350000000004,29.45041,29.535660000000004,29.613210000000002,29.68295,29.74499,29.79944,29.84619,29.88524,29.91681,29.940680000000004,29.956960000000002,29.96554,29.96664,29.960040000000003,29.945740000000004,29.92385,29.894260000000003,29.856860000000005,29.811760000000003,29.758850000000002,29.698130000000003,29.629490000000004,29.55282,29.468230000000002,29.375610000000005,29.27474,29.16573,29.048470000000002,28.92274,28.78854,28.645870000000002,28.494510000000002,28.334350000000004,28.165280000000003,27.987300000000005,27.80019,27.603730000000002,27.398030000000002,27.182760000000002,26.957700000000003,26.722960000000004,26.478210000000004,26.223230000000004,25.95802,25.682250000000003,25.3957,25.098260000000003,24.789820000000002,24.46994,24.13851,23.795310000000004,23.440010000000004,23.072500000000005,22.69245,22.299530000000004,21.89352,21.47409,21.04102,20.59387,20.13253,19.65645,19.165410000000005,18.659080000000003,18.13702,17.5989,17.0445,16.47327,15.88499,15.27922,14.65574,14.014220000000002,13.354330000000001,12.676070000000001,11.979330000000001,11.26422,10.530982000000002,9.780397,9.013697,8.232972,7.441698000000001,6.645628,5.85442,5.084662000000001,4.365372,3.7469080000000003,3.309284,3.1478150000000005,3.3103620000000005,3.74968,4.371015000000001,5.094881,5.871371,6.671874000000001,7.480165000000001,8.286894,9.086561000000001,9.875943000000001,10.653137000000001,11.417120000000002,12.16732,12.90344,13.625590000000003,14.333990000000002,15.02875,15.710200000000002,16.37878,17.03482,17.67854,18.31049,18.931110000000004,19.54051,20.13924,20.72763,21.30612,21.87482,22.43428,22.98461,23.52625,24.059530000000002,24.58456,25.101670000000002,25.611190000000004,26.11334,26.608340000000002,27.096410000000002,27.57777,28.052750000000003,28.52135,28.983790000000003,29.4404,29.89129,30.336680000000005,30.776570000000003,31.2114,31.641060000000003,32.06588,32.48586,32.90133,33.312180000000005,33.718740000000004,34.121010000000005,34.51921,34.913450000000005,35.30384,35.690380000000005,36.07329000000001,36.45257,36.82844000000001,37.201010000000004,37.570170000000005,37.93625,38.29914,38.65906,39.01612,39.37021,39.72166,40.07025000000001,40.41631,40.759840000000004,41.100840000000005
19.86083,19.27013,18.66843,18.05518,17.43016,16.79271,16.14239,15.478650000000002,14.80094,14.108820000000001,13.401740000000002,12.679040000000002,11.940390000000003,11.185020000000002,10.412853,9.623438000000002,8.816797,7.993304,7.154059,6.301427000000001,5.440259,4.580290000000001,3.742068,2.971276,2.3710830000000005,2.128632,2.370533,2.969571,3.7380090000000004,4.572183000000001,5.425981,6.27847,7.119541000000001,7.944101000000001,8.74951,9.534459000000002,10.298376,11.04114,11.762850000000002,12.463770000000002,13.144340000000001,13.80489,14.44597,15.06813,15.671700000000001,16.25723,16.82527,17.376260000000002,17.91064,18.42885,18.931220000000003,19.41841,19.89064,20.34835,20.791870000000003,21.22164,21.637990000000002,22.041250000000005,22.43164,22.809600000000003,23.175240000000002,23.529000000000003,23.87121,24.201870000000003,24.521420000000003,24.830080000000002,25.12796,25.415390000000002,25.692480000000003,25.95945,26.216630000000002,26.463910000000002,26.70173,26.930090000000003,27.149100000000004,27.359090000000002,27.560060000000004,27.75212,27.935380000000002,28.110170000000004,28.276270000000004,28.43401,28.58339,28.724520000000002,28.857510000000005,28.982470000000003,29.099290000000003,29.208190000000002,29.30917,29.40234,29.48759,29.565250000000002,29.634990000000002,29.69714,29.751700000000003,29.798450000000003,29.83772,29.869290000000003,29.89327,29.909660000000002,29.91835,29.919560000000004,29.91296,29.898880000000005,29.877100000000002,29.847510000000003,29.810330000000004,29.765340000000002,29.71254,29.65193,29.5834,29.506840000000004,29.42236,29.32985,29.229090000000003,29.12019,29.002930000000003,28.87742,28.74333,28.60066,28.4493,28.289250000000003,28.12018,27.942200000000003,27.755090000000003,27.558740000000004,27.35293,27.137550000000005,26.912490000000005,26.677640000000004,26.43267,26.17747,25.91204,25.63594,25.34906,25.05129,24.7423,24.421870000000002,24.08989,23.74603,23.389960000000002,23.02157,22.640420000000002,22.2464,21.839070000000003,21.418210000000002,20.983600000000003,20.53469,20.071150000000003,19.59287,19.09919,18.59,18.06464,17.52289,16.96431,16.388460000000002,15.79479,15.182970000000001,14.55245,13.9029,13.233880000000001,12.544950000000002,11.835560000000001,11.10571,10.354861000000001,9.583145,8.790727,7.9782340000000005,7.147074000000001,6.299964000000001,5.442096,4.583667,3.7457090000000006,2.974444,2.373646,2.1311510000000005,2.3741960000000004,2.9761930000000003,3.7498670000000005,4.591983,5.456759,6.323592,7.182615000000001,8.028944000000001,8.860126000000001,9.675006000000002,10.473144,11.254540000000002,12.019260000000001,12.767920000000002,13.500740000000002,14.218160000000001,14.92084,15.609220000000002,16.28374,16.94506,17.593510000000002,18.22953,18.853670000000005,19.46637,20.067960000000003,20.65888,21.239570000000004,21.810360000000003,22.371470000000002,22.923450000000003,23.466520000000003,24.00101,24.527140000000003,25.045240000000003,25.55564,26.05845,26.55411,27.042730000000002,27.524530000000002,27.999840000000003,28.468770000000003,28.931540000000002,29.388370000000002,29.839370000000002,30.28487,30.724870000000003,31.15959,31.589250000000003,32.014070000000004,32.43394,32.84919,33.260040000000004,33.666380000000004,34.06854,34.46652,34.86054000000001,35.250600000000006,35.636810000000004,36.0195,36.39856,36.7741,37.14623,37.515170000000005,37.880810000000004,38.243480000000005,38.60307,38.95969000000001,39.31345,39.66446,40.01272,40.358450000000005,40.70154,41.042100000000005
19.80902,19.21711,18.61398,17.999190000000002,17.37208,16.73243,16.07936,15.412540000000002,14.731200000000001,14.034680000000002,13.32243,12.59379,11.84788,11.08393,10.301225000000002,9.498995,8.676437,7.832847000000001,6.967675000000001,6.080679000000001,5.172343000000001,4.244790000000001,3.304444,2.3710830000000005,1.519606,1.0818082,1.5193860000000001,2.369994,3.3012760000000005,4.237827,5.1594180000000005,6.059262,6.934895000000001,7.7855360000000005,8.611185,9.412172000000002,10.189025,10.942349,11.67276,12.38105,13.067670000000001,13.733500000000001,14.37898,15.004880000000002,15.611750000000002,16.20003,16.77038,17.32346,17.85949,18.379240000000003,18.88293,19.37122,19.84433,20.30292,20.747100000000003,21.17742,21.59421,21.9978,22.388520000000003,22.7667,23.13256,23.486540000000005,23.828750000000003,24.159520000000004,24.47907,24.78762,25.085500000000003,25.37293,25.65002,25.916880000000003,26.17395,26.421230000000005,26.658830000000002,26.88708,27.106090000000002,27.31597,27.516720000000003,27.708780000000004,27.89204,28.066610000000004,28.23271,28.390340000000002,28.539610000000003,28.68074,28.81362,28.938470000000002,29.055290000000003,29.16419,29.265060000000005,29.358230000000002,29.44359,29.521140000000003,29.59099,29.65314,29.707700000000003,29.754560000000005,29.793830000000003,29.82551,29.849490000000003,29.865990000000004,29.87479,29.87611,29.86973,29.855650000000004,29.833980000000004,29.80461,29.76754,29.722770000000004,29.670080000000002,29.60969,29.54127,29.465040000000002,29.380780000000005,29.288380000000004,29.187840000000005,29.07916,28.962120000000002,28.836720000000003,28.70285,28.5604,28.409370000000003,28.249430000000004,28.08069,27.90293,27.715930000000004,27.519690000000004,27.314100000000003,27.098940000000002,26.874100000000002,26.639360000000003,26.394500000000004,26.139520000000005,25.87409,25.598100000000002,25.31133,25.013450000000002,24.70446,24.384030000000003,24.051940000000002,23.707860000000004,23.35168,22.982960000000002,22.601480000000002,22.207130000000003,21.79936,21.377950000000002,20.94246,20.49278,20.02836,19.54898,19.054090000000002,18.543360000000003,18.01635,17.472730000000002,16.91184,16.33335,15.736710000000002,15.121480000000002,14.487000000000002,13.832830000000001,13.15831,12.463000000000001,11.74613,11.007260000000002,10.24562,9.460737,8.652039,7.819097000000001,6.961625000000001,6.0797550000000005,5.174323,4.247914000000001,3.3074140000000005,2.373162,1.5206950000000001,1.0824715,1.5209260000000002,2.374273,3.3106590000000002,4.255064000000001,5.187611,6.101788000000001,6.9953840000000005,7.86786,8.719370000000001,9.550398000000001,10.361593000000001,11.15367,11.92741,12.683440000000001,13.42253,14.145340000000003,14.852640000000001,15.54498,16.222910000000002,16.88709,17.53807,18.1764,18.802410000000002,19.41676,20.01978,20.61191,21.1937,21.76526,22.327250000000003,22.879890000000003,23.4234,23.958330000000004,24.484790000000004,25.003220000000002,25.51373,26.01676,26.512420000000002,27.00104,27.482840000000003,27.95804,28.426860000000005,28.889520000000005,29.346130000000002,29.796910000000004,30.24208,30.681860000000004,31.116360000000004,31.545690000000004,31.970070000000003,32.389610000000005,32.80453,33.21494,33.62095,34.022670000000005,34.420210000000004,34.813790000000004,35.203410000000005,35.589290000000005,35.971430000000005,36.349940000000004,36.72504000000001,37.09673,37.465230000000005,37.83043000000001,38.192550000000004,38.551590000000004,38.90777,39.26109,39.61155,39.95937000000001,40.304550000000006,40.647090000000006,40.987210000000005
19.779870000000003,19.188180000000003,18.585270000000005,17.97059,17.34348,16.70361,16.050320000000003,15.383060000000002,14.70106,14.003770000000001,13.290420000000001,12.56024,11.812460000000002,11.046090000000001,10.26036,9.454214,8.62664,7.7764940000000005,6.902599,6.003668000000001,5.078337,4.125132,3.1424690000000006,2.128632,1.0818082,0.0,1.0816949,2.1277630000000003,3.1395980000000003,4.118543000000001,5.065863000000001,5.982768000000001,6.870380000000001,7.729799000000001,8.562048,9.368095000000002,10.148897,10.905312,11.63822,12.34838,13.03654,13.703470000000003,14.349940000000002,14.976500000000001,15.583810000000001,16.172420000000002,16.742990000000002,17.29607,17.83221,18.35174,18.855320000000003,19.343390000000003,19.816280000000003,20.274430000000002,20.718390000000003,21.14838,21.56473,21.96788,22.358160000000005,22.7359,23.10132,23.454860000000004,23.79663,24.12696,24.446070000000002,24.754290000000005,25.051730000000003,25.338610000000003,25.615260000000003,25.881790000000002,26.138420000000004,26.38537,26.622640000000004,26.850560000000005,27.06913,27.27868,27.479210000000005,27.67094,27.85387,28.02822,28.193990000000003,28.3514,28.500560000000004,28.64147,28.774240000000002,28.898870000000002,29.015580000000003,29.124260000000003,29.225130000000004,29.31819,29.403440000000003,29.480990000000002,29.55073,29.61288,29.667440000000003,29.714300000000005,29.753680000000003,29.785360000000004,29.809450000000002,29.825950000000002,29.834970000000002,29.83629,29.830020000000005,29.81616,29.794710000000002,29.76545,29.728600000000004,29.68405,29.631580000000003,29.57141,29.503320000000002,29.427200000000003,29.34327,29.2512,29.150990000000004,29.042530000000003,28.92582,28.800750000000004,28.66732,28.5252,28.374500000000005,28.215,28.046590000000002,27.86916,27.682600000000004,27.486800000000002,27.281650000000003,27.066930000000003,26.842420000000004,26.608120000000003,26.3637,26.109160000000003,25.844170000000005,25.568620000000003,25.28229,24.98496,24.6763,24.35631,24.02466,23.68102,23.32517,22.956780000000002,22.57574,22.18161,21.77417,21.35309,20.917930000000002,20.468470000000003,20.00427,19.524890000000003,19.03011,18.51938,17.99237,17.44853,16.887420000000002,16.308490000000003,15.711300000000001,15.095410000000001,14.46005,13.804780000000001,13.12894,12.431870000000002,11.71291,10.971290000000002,10.206372000000002,9.417353,8.603397000000001,7.763657000000001,6.897242,6.003217,5.0805810000000005,4.1283,3.145274,2.13037,1.0823725000000002,0.0,1.0824880000000001,2.131272,3.148222,4.135065,5.093396,6.024733,6.930429000000001,7.811815000000001,8.670068,9.506321000000002,10.32163,11.117040000000001,11.89331,12.651430000000001,13.392280000000001,14.116520000000001,14.824810000000001,15.518030000000001,16.196730000000002,16.86135,17.51277,18.151210000000003,18.777440000000002,19.391790000000004,19.99481,20.58683,21.168400000000002,21.73985,22.301510000000004,22.853820000000002,23.39711,23.931600000000003,24.457620000000002,24.975610000000003,25.485680000000002,25.98816,26.483380000000004,26.971450000000004,27.452700000000004,27.927350000000004,28.39562,28.857620000000004,29.313680000000005,29.763910000000003,30.20853,30.647650000000002,31.081490000000002,31.510270000000006,31.93399,32.35298,32.76724,33.17699,33.58234,33.9834,34.38028,34.7732,35.16227,35.54749,35.92897000000001,36.30693000000001,36.68137,37.052510000000005,37.42024,37.784890000000004,38.146350000000005,38.50484,38.86036,39.21302000000001,39.56293,39.910090000000004,40.25472,40.59671000000001,40.93628
19.77338,19.18345,18.582300000000004,17.96938,17.34436,16.70647,16.055380000000003,15.390430000000002,14.71096,14.016310000000002,13.30582,12.57883,11.83457,11.072270000000001,10.291160000000001,9.490415,8.669265000000001,7.826984000000001,6.9630220000000005,6.077126000000001,5.1697690000000005,4.243063,3.3033880000000004,2.370533,1.5193860000000001,1.0816949,1.519166,2.3694440000000005,3.3002200000000004,4.236078,5.156833000000001,6.055687,6.9302090000000005,7.779629000000001,8.603958,9.403537,10.178905000000002,10.930678,11.65956,12.36609,13.05106,13.71513,14.35885,14.982990000000003,15.587990000000001,16.17451,16.743100000000002,17.29431,17.82858,18.34646,18.848500000000005,19.334920000000004,19.80638,20.2631,20.705630000000003,21.134300000000003,21.54944,21.95149,22.34056,22.717200000000002,23.08163,23.434070000000002,23.77485,24.104190000000003,24.422420000000002,24.729760000000002,25.026320000000002,25.31243,25.588310000000003,25.85418,26.11004,26.356220000000004,26.592940000000002,26.820200000000003,27.038330000000002,27.247220000000002,27.447310000000005,27.638490000000004,27.820980000000002,27.99489,28.160330000000002,28.31741,28.466130000000003,28.606710000000003,28.739150000000002,28.863560000000003,28.980050000000002,29.08851,29.18916,29.282110000000003,29.367250000000006,29.444580000000002,29.51432,29.57647,29.630920000000003,29.677780000000002,29.71716,29.74884,29.773040000000005,29.78965,29.79867,29.800210000000003,29.794050000000002,29.780410000000003,29.75907,29.730030000000003,29.6934,29.649070000000005,29.596930000000004,29.536980000000003,29.46922,29.39354,29.30983,29.218200000000003,29.11832,29.010410000000004,28.89414,28.76951,28.636520000000004,28.49495,28.344690000000003,28.185740000000003,28.01788,27.84111,27.655210000000004,27.459960000000002,27.255470000000003,27.0413,26.817560000000004,26.583920000000003,26.34038,26.0865,25.82228,25.547500000000003,25.262050000000002,24.965490000000003,24.65782,24.338710000000003,24.00794,23.665180000000003,23.31032,22.94303,22.563090000000003,22.17006,21.763720000000003,21.343740000000004,20.90979,20.461540000000003,19.99866,19.52071,19.027250000000002,18.51806,17.99248,17.45029,16.89094,16.31388,15.718670000000001,15.104870000000002,14.471820000000001,13.81897,13.14588,12.451780000000001,11.73623,10.998537,10.238107000000001,9.454335,8.646704000000001,7.814741000000001,6.958182000000001,6.077126000000001,5.1724310000000004,4.246638000000001,3.3066440000000004,2.3727660000000004,1.5205300000000002,1.0823901,1.520761,2.373888,3.3099000000000003,4.2538100000000005,5.185741000000001,6.099203000000001,6.992007000000001,7.863592000000001,8.714134000000001,9.544139,10.354234000000002,11.1452,11.91762,12.672440000000002,13.410320000000002,14.13181,14.83768,15.528590000000001,16.2052,16.86795,17.51739,18.15418,18.778760000000002,19.39157,19.99305,20.58375,21.16389,21.73402,22.294360000000005,22.84535,23.38732,23.92071,24.445520000000002,24.962410000000002,25.47138,25.97276,26.466880000000003,26.953850000000003,27.434110000000004,27.907770000000003,28.374940000000002,28.835950000000004,29.291020000000003,29.740260000000003,30.183890000000005,30.622130000000002,31.055090000000003,31.48288,31.905720000000002,32.32383,32.737210000000005,33.146080000000005,33.55055,33.95073,34.34684,34.73888,35.12707,35.511520000000004,35.892230000000005,36.26931,36.64298,37.01335,37.38031000000001,37.74419,38.10488,38.4626,38.817350000000005,39.16935,39.51849,39.864990000000006,40.208850000000005,40.55018,40.888980000000004
19.789330000000003,19.202590000000004,18.60474,17.99545,17.374280000000002,16.74068,16.0941,15.434100000000003,14.760130000000002,14.071640000000002,13.36808,12.648790000000002,11.91344,11.16137,10.392305,9.605838000000002,8.801991000000001,7.981105000000001,7.144258000000001,6.293815000000001,5.434572000000001,4.576253,3.7393730000000005,2.969571,2.369994,2.1277630000000003,2.3694440000000005,2.9678660000000003,3.735303,4.568124000000001,5.42025,6.270792,7.109674,7.931814000000001,8.734605,9.516749,10.277718,11.017380000000001,11.7359,12.433520000000001,13.11068,13.76782,14.405380000000001,15.024020000000002,15.62396,16.20597,16.77038,17.31774,17.84849,18.36307,18.862030000000004,19.3457,19.814410000000002,20.268710000000002,20.708820000000003,21.13529,21.548340000000003,21.9483,22.335610000000003,22.710380000000004,23.07316,23.42395,23.763190000000005,24.0911,24.40801,24.714030000000005,25.009380000000004,25.294280000000004,25.56906,25.83383,26.0887,26.334000000000003,26.56973,26.79622,27.013360000000002,27.221590000000003,27.420910000000003,27.611430000000002,27.793260000000004,27.966620000000002,28.131510000000002,28.288040000000002,28.436320000000002,28.57646,28.708460000000002,28.832540000000005,28.948700000000002,29.05683,29.15726,29.249880000000005,29.3348,29.41213,29.481650000000002,29.54369,29.59803,29.64489,29.684160000000006,29.715950000000003,29.740150000000003,29.756870000000003,29.766000000000002,29.76765,29.761710000000004,29.748180000000005,29.72706,29.69835,29.66194,29.61783,29.56602,29.506510000000002,29.43908,29.363840000000003,29.280570000000004,29.18938,29.09005,28.982580000000002,28.866860000000003,28.742890000000003,28.61045,28.469540000000002,28.319940000000003,28.161650000000005,27.994560000000003,27.81856,27.633430000000004,27.439060000000005,27.23545,27.022270000000002,26.79941,26.566760000000002,26.324210000000004,26.071430000000003,25.80842,25.534740000000003,25.2505,24.95526,24.648800000000005,24.331120000000002,24.001780000000004,23.66056,23.307240000000004,22.941600000000005,22.56331,22.172150000000002,21.767790000000005,21.349790000000002,20.91804,20.47199,20.01153,19.536110000000004,19.0454,18.53918,18.016790000000004,17.47801,16.92229,16.34919,15.758490000000002,15.149420000000001,14.52176,13.874960000000002,13.208580000000001,12.522290000000002,11.815430000000001,11.088000000000001,10.339516,9.570022000000002,8.779705000000002,7.969181000000001,7.139825000000001,6.294332000000001,5.437905000000001,4.580697000000001,3.743729,2.9732010000000004,2.3728540000000002,2.130513,2.373415,2.97495,3.7479090000000004,4.589046,5.452634000000001,6.318048000000001,7.175487000000001,8.020056,8.849324000000001,9.662158000000002,10.458118,11.237160000000001,11.99957,12.745700000000001,13.475880000000002,14.190770000000002,14.890700000000002,15.57633,16.2481,16.906450000000003,17.551930000000002,18.185090000000002,18.80626,19.41588,20.014390000000002,20.60223,21.179840000000002,21.74744,22.305580000000003,22.854370000000003,23.39425,23.92555,24.44849,24.9634,25.470610000000004,25.970340000000004,26.46281,26.948240000000002,27.42696,27.89908,28.36482,28.824400000000004,29.27815,29.726070000000004,30.168380000000003,30.605300000000003,31.03694,31.463520000000003,31.885260000000002,32.30216,32.714330000000004,33.1221,33.52547,33.92466,34.31967,34.71072,35.09792,35.48127,35.86099000000001,36.237190000000005,36.60987,36.97925,37.345330000000004,37.70833,38.06814,38.424980000000005,38.778850000000006,39.12997,39.47834,39.82396000000001,40.16705,40.50750000000001,40.845530000000004
19.82739,19.245160000000002,18.652260000000002,18.04825,17.432800000000004,16.80536,16.16571,15.513300000000001,14.847800000000001,14.168660000000001,13.475660000000001,12.76847,12.046870000000002,11.310750000000002,10.560286000000001,9.795929000000001,9.018669000000001,8.230310000000001,7.433976,6.635068,5.8428260000000005,5.073365,4.355175,3.7380090000000004,3.3012760000000005,3.1395980000000003,3.3002200000000004,3.735303,4.349642,5.063366,5.826271000000001,6.609460000000001,7.396499000000001,8.177851,8.947873000000001,9.70321,10.441871000000003,11.162690000000001,11.865150000000002,12.54891,13.213970000000002,13.860440000000002,14.488540000000002,15.098600000000003,15.69106,16.26614,16.82428,17.365920000000003,17.8915,18.40124,18.895690000000002,19.375180000000004,19.84015,20.290820000000004,20.72763,21.151020000000003,21.5611,21.95831,22.342980000000004,22.715440000000005,23.075800000000005,23.424500000000005,23.761650000000003,24.087690000000002,24.402730000000002,24.70699,25.000690000000002,25.284160000000004,25.557400000000005,25.820740000000004,26.074400000000004,26.31838,26.55301,26.778290000000005,26.994440000000004,27.201680000000003,27.40012,27.589760000000005,27.770820000000004,27.94341,28.10753,28.2634,28.41113,28.550610000000002,28.682170000000003,28.805810000000005,28.921420000000005,29.029220000000002,29.129320000000003,29.221720000000005,29.30631,29.38331,29.452720000000003,29.51454,29.568880000000004,29.615630000000003,29.6549,29.686580000000003,29.71089,29.727610000000002,29.736850000000004,29.73861,29.732890000000005,29.719580000000004,29.698680000000003,29.67019,29.634110000000003,29.590440000000005,29.538960000000003,29.479890000000005,29.412900000000004,29.3381,29.255380000000002,29.164740000000002,29.065960000000004,28.95915,28.844090000000005,28.72078,28.589110000000005,28.448970000000003,28.300250000000002,28.14284,27.97663,27.801620000000003,27.61748,27.424210000000002,27.221590000000003,27.00951,26.78797,26.556530000000002,26.3153,26.063950000000002,25.802260000000004,25.53023,25.247530000000005,24.953940000000003,24.649240000000002,24.333430000000003,24.00596,23.66683,23.315710000000003,22.95238,22.576510000000003,22.18777,21.78605,21.37102,20.94224,20.4996,20.042550000000002,19.57087,19.08423,18.582300000000004,18.06464,17.530920000000002,16.98081,16.413980000000002,15.829990000000002,15.2284,14.609100000000002,13.97165,13.31583,12.641420000000002,11.94842,11.236940000000002,10.507189,9.759915000000001,8.996339,8.218518000000001,7.429917000000001,6.636245,5.847149000000001,5.079184000000001,4.361346,3.743949,3.306985,3.1457360000000003,3.3080740000000004,3.746732,4.367022,5.089469,5.864199,6.662645,7.4685820000000005,8.272704000000001,9.069533,9.855868000000001,10.629839,11.390390000000002,12.13696,12.869450000000002,13.587860000000003,14.292300000000001,14.982990000000003,15.660370000000002,16.32466,16.976300000000002,17.61573,18.243280000000002,18.859280000000002,19.464280000000002,20.058500000000002,20.64227,21.21603,21.78011,22.334840000000003,22.880550000000003,23.417460000000002,23.9459,24.466200000000004,24.97869,25.48348,25.980790000000002,26.47106,26.954400000000003,27.431030000000003,27.90117,28.365040000000004,28.822860000000002,29.27485,29.721010000000003,30.16167,30.597050000000003,31.027150000000002,31.45219,31.872390000000003,32.28786,32.69871,33.105160000000005,33.50721,33.905080000000005,34.298880000000004,34.688610000000004,35.074600000000004,35.45674,35.83536,36.210350000000005,36.58204,36.950320000000005,37.31530000000001,37.677200000000006,38.03602000000001,38.391870000000004,38.744749999999996,39.09488,39.442260000000005,39.787000000000006,40.12910000000001,40.46867000000001,40.805820000000004
19.8869,19.3105,18.72398,18.1269,17.51893,16.89974,16.26911,15.626710000000001,14.972210000000002,14.305500000000002,13.626470000000001,12.935120000000001,12.231560000000002,11.516230000000002,10.789878000000002,10.053901000000002,9.310323,8.562411,7.8151920000000015,7.076520000000001,6.358594000000001,5.680367,5.070868000000001,4.572183000000001,4.237827,4.118543000000001,4.236078,4.568124000000001,5.063366,5.667827,6.33897,7.047370000000001,7.7737440000000015,8.505596,9.234830000000002,9.956166,10.666183,11.362670000000001,12.04401,12.709620000000001,13.35862,13.991120000000002,14.60668,15.205630000000001,15.78808,16.35414,16.904030000000002,17.438190000000002,17.956840000000003,18.460420000000003,18.949040000000004,19.42325,19.883160000000004,20.329210000000003,20.761840000000003,21.181160000000002,21.587500000000002,21.9813,22.36267,22.731940000000005,23.089440000000003,23.43539,23.770120000000002,24.093630000000005,24.406360000000003,24.70853,25.00025,25.281740000000003,25.553220000000003,25.8148,26.06681,26.30936,26.542450000000002,26.766520000000003,26.981460000000002,27.187490000000004,27.38472,27.573370000000004,27.75344,27.92504,28.088390000000004,28.243380000000002,28.390340000000002,28.529270000000004,28.660170000000004,28.783150000000003,28.898320000000002,29.00568,29.10534,29.197300000000002,29.28156,29.358340000000002,29.427530000000004,29.489130000000003,29.543250000000004,29.58989,29.629160000000002,29.660840000000004,29.68515,29.701980000000002,29.711330000000004,29.713200000000004,29.707590000000003,29.694500000000005,29.673930000000002,29.645770000000002,29.610020000000002,29.56668,29.51564,29.45701,29.39057,29.31632,29.234150000000003,29.144170000000003,29.04616,28.940010000000004,28.825720000000004,28.703290000000003,28.572390000000006,28.433240000000005,28.285510000000002,28.12909,27.963980000000003,27.790070000000004,27.60714,27.41508,27.21378,27.003130000000002,26.78302,26.55312,26.31354,26.063840000000003,25.804020000000005,25.53375,25.253030000000003,24.96153,24.65903,24.345420000000004,24.020480000000003,23.683880000000002,23.33551,22.97504,22.602140000000002,22.216810000000002,21.818500000000004,21.4071,20.982390000000002,20.543820000000004,20.091390000000004,19.62455,19.14319,18.64698,18.13559,17.60858,17.06584,16.507150000000003,15.932070000000001,15.34049,14.732190000000001,14.107170000000002,13.46532,12.806750000000001,12.132010000000001,11.441320000000001,10.735978000000001,10.017315000000002,9.287696,8.550652000000001,7.811540000000001,7.078555000000001,6.364270000000001,5.688122000000001,5.079613,4.581379,4.247496,4.1293560000000005,4.249289,4.585559,5.087324000000001,5.701036,6.384499000000001,7.1086290000000005,7.854341000000001,8.609381,9.365807,10.118526000000001,10.864194000000001,11.60071,12.326600000000001,13.041160000000001,13.743840000000002,14.434420000000001,15.112900000000002,15.77928,16.433780000000002,17.076620000000002,17.70802,18.3282,18.937490000000004,19.536220000000004,20.124720000000003,20.703210000000002,21.27202,21.831590000000002,22.381920000000004,22.923560000000002,23.456730000000004,23.981650000000002,24.498540000000002,25.00784,25.50955,26.004,26.491520000000005,26.97222,27.446320000000004,27.914040000000004,28.375600000000002,28.831220000000002,29.281010000000002,29.725080000000002,30.163760000000003,30.597160000000002,31.0255,31.448780000000003,31.86722,32.281040000000004,32.69024,33.095040000000004,33.49555,33.89188,34.28414,34.67255,35.05711,35.43793,35.81523000000001,36.188900000000004,36.559270000000005,36.92634,37.290110000000006,37.650800000000004,38.008410000000005,38.36316,38.714940000000006,39.063970000000005,39.41036,39.754000000000005,40.095110000000005,40.433690000000006,40.76985
19.96731,19.39806,18.81924,18.230520000000002,17.631680000000003,17.0225,16.40287,15.77257,15.131490000000001,14.479850000000003,13.817650000000002,13.145220000000002,12.46322,11.77253,11.074580000000001,10.371548,9.666371000000002,8.963548000000001,8.269514000000001,7.593542000000001,6.9489860000000006,6.354667000000001,5.836204000000001,5.425981,5.1594180000000005,5.065863000000001,5.156833000000001,5.42025,5.826271000000001,6.33897,6.925534000000001,7.559970000000001,8.223083,8.901266000000001,9.584949,10.267499,10.944252,11.61204,12.26852,12.91224,13.542100000000001,14.15755,14.758040000000001,15.343350000000001,15.913590000000003,16.46854,17.008530000000004,17.53356,18.043850000000003,18.53973,19.021310000000003,19.489030000000003,19.942890000000002,20.38344,20.81079,21.225270000000002,21.62721,22.016720000000003,22.39413,22.759770000000003,23.113860000000003,23.456510000000005,23.78816,24.108810000000002,24.418900000000004,24.71843,25.007730000000002,25.287020000000002,25.556300000000004,25.816010000000002,26.06604,26.306720000000002,26.53827,26.76069,26.97409,27.17869,27.37471,27.562040000000003,27.741010000000003,27.91151,28.073870000000003,28.227980000000002,28.37406,28.512110000000003,28.64235,28.764670000000002,28.87918,28.98599,29.0851,29.176620000000003,29.260550000000002,29.337000000000003,29.405860000000004,29.46724,29.521250000000002,29.567780000000003,29.606830000000002,29.63851,29.662820000000004,29.679650000000002,29.689110000000003,29.691200000000002,29.685810000000004,29.672940000000004,29.652700000000003,29.62487,29.589450000000003,29.54655,29.49606,29.437870000000004,29.37198,29.29839,29.216990000000003,29.127670000000002,29.030430000000003,28.92516,28.81175,28.690200000000004,28.5604,28.422240000000002,28.275610000000004,28.120400000000004,27.956500000000002,27.783910000000002,27.602300000000003,27.41178,27.212020000000003,27.003020000000003,26.784560000000003,26.556530000000002,26.318710000000003,26.070990000000002,25.813260000000003,25.5453,25.26689,24.97781,24.677950000000003,24.367090000000005,24.045010000000005,23.711490000000005,23.36642,23.00936,22.640200000000004,22.25872,21.8647,21.457810000000002,21.03783,20.604430000000004,20.157500000000002,19.69671,19.22173,18.73256,18.228650000000002,17.710000000000004,17.17639,16.62749,16.06341,15.48393,14.889160000000002,14.27921,13.654300000000001,13.01498,12.36191,11.69619,11.01947,10.334082,9.643282000000001,8.9518,8.266390000000001,7.596710000000001,6.9564770000000005,6.364963000000001,5.848293000000001,5.439357,5.174158,5.0826270000000005,5.176831,5.445253000000001,5.858534000000001,6.381155000000001,6.980677000000001,7.631393000000001,8.314383000000001,9.016238000000001,9.727597000000001,10.441937000000001,11.154770000000001,11.86295,12.564200000000001,13.25731,13.941070000000002,14.614930000000001,15.27856,15.931630000000002,16.57414,17.20609,17.827590000000004,18.438750000000002,19.039790000000004,19.63093,20.212500000000002,20.7845,21.34737,21.901220000000002,22.44649,22.98318,23.511730000000004,24.03236,24.545180000000002,25.050520000000002,25.5486,26.039640000000002,26.523860000000003,27.001370000000005,27.472500000000004,27.93747,28.396280000000004,28.849260000000005,29.29652,29.738170000000004,30.174540000000004,30.60574,31.03188,31.45307,31.869530000000005,32.28137,32.688700000000004,33.09163,33.49038,33.88495,34.275670000000005,34.66232,35.04534,35.424620000000004,35.800380000000004,36.17273000000001,36.541560000000004,36.9072,37.269760000000005,37.62913,37.985420000000005,38.33885,38.689530000000005,39.03735,39.38242,39.72496,40.06497,40.40245,40.73751000000001
20.067630000000005,19.50674,18.93683,18.35779,17.76962,17.17199,16.56512,15.948790000000002,15.323220000000001,14.688740000000001,14.045790000000002,13.39492,12.73723,12.07404,11.407440000000001,10.740048000000002,10.075791,9.419894000000001,8.779551000000001,8.164541000000002,7.587932,7.066796000000001,6.622264000000001,6.27847,6.059262,5.982768000000001,6.055687,6.270792,6.609460000000001,7.047370000000001,7.559970000000001,8.125711,8.727202,9.351078000000001,9.987296,10.628431,11.269060000000001,11.905080000000002,12.53373,13.152920000000002,13.761000000000001,14.356980000000002,14.94009,15.50989,16.06594,16.608130000000003,17.13646,17.65093,18.15154,18.6384,19.111840000000004,19.57197,20.018900000000002,20.45285,20.874260000000003,21.28313,21.67968,22.06435,22.437250000000002,22.7986,23.14862,23.487530000000003,23.81566,24.133010000000002,24.43991,24.736580000000004,25.023130000000002,25.299780000000002,25.566640000000003,25.82393,26.07187,26.310570000000002,26.540140000000005,26.76069,26.972440000000002,27.1755,27.369870000000002,27.555880000000002,27.733530000000002,27.902820000000002,28.06397,28.217090000000002,28.362180000000002,28.499350000000003,28.628600000000002,28.750150000000005,28.864,28.970150000000004,29.068710000000003,29.159790000000005,29.243280000000002,29.319290000000002,29.38782,29.448980000000002,29.502660000000002,29.549080000000004,29.58802,29.6197,29.643900000000006,29.660840000000004,29.67041,29.672610000000002,29.667440000000003,29.6549,29.634880000000003,29.607490000000002,29.57251,29.530050000000003,29.480110000000003,29.42247,29.357240000000004,29.28431,29.203680000000002,29.11513,29.018770000000004,28.91438,28.802070000000004,28.681510000000003,28.552810000000004,28.415860000000002,28.27044,28.116660000000003,27.954190000000004,27.783030000000004,27.60307,27.41409,27.216090000000005,27.008960000000002,26.79248,26.56643,26.330810000000003,26.0854,25.830090000000002,25.564550000000004,25.288890000000002,25.002670000000002,24.705780000000004,24.398110000000003,24.07944,23.74955,23.408110000000004,23.055120000000002,22.690360000000002,22.313390000000002,21.924210000000002,21.5226,21.10812,20.68077,20.240330000000004,19.78647,19.31908,18.83805,18.34305,17.834080000000004,17.31092,16.77368,16.222360000000002,15.65696,15.077810000000001,14.485240000000001,13.879690000000002,13.26215,12.633610000000001,11.995830000000002,11.35079,10.701515,10.052152000000001,9.408201000000002,8.777164,8.169183,7.597722000000001,7.080282,6.638489,6.296983,6.0801620000000005,6.006704,6.083847000000001,6.304903,6.6517,7.100335000000001,7.626619000000001,8.209333,8.831328000000001,9.47947,10.143881,10.817301,11.494450000000002,12.171280000000001,12.845250000000002,13.514050000000003,14.176360000000003,14.83108,15.47755,16.11522,16.74376,17.363170000000004,17.973120000000005,18.57383,19.1653,19.747640000000004,20.320960000000003,20.88548,21.44131,21.98867,22.527780000000003,23.05886,23.58202,24.097590000000004,24.605680000000003,25.106620000000003,25.60041,26.087490000000003,26.567860000000003,27.041850000000004,27.509460000000004,27.971130000000002,28.426750000000002,28.87676,29.321160000000003,29.760060000000003,30.19379,30.62246,31.046070000000004,31.464950000000005,31.879100000000005,32.288740000000004,32.69398,33.094930000000005,33.49159,33.88429,34.273140000000005,34.658030000000004,35.03929,35.416810000000005,35.79092,36.161620000000006,36.52891,36.89312,37.25403,37.61197000000001,37.96694,38.318940000000005,38.66819,39.01469,39.35855000000001,39.69977,40.03857,40.374840000000006,40.708800000000004
20.18709,19.635440000000003,19.075650000000003,18.50761,17.931210000000004,17.346670000000003,16.753880000000002,16.15317,15.544870000000001,14.929310000000003,14.307370000000002,13.67993,13.04842,12.4146,11.78089,11.150590000000001,10.52799,9.918722,9.330233000000002,8.772038,8.256204,7.797394000000001,7.412537,7.119541000000001,6.934895000000001,6.870380000000001,6.9302090000000005,7.109674,7.396499000000001,7.7737440000000015,8.223083,8.727202,9.271097000000001,9.842415,10.431355000000002,11.03025,11.63327,12.23596,12.834910000000002,13.427480000000001,14.011800000000001,14.58655,15.15041,15.70283,16.243150000000004,16.771150000000002,17.28639,17.788980000000002,18.278700000000004,18.75555,19.219640000000002,19.67119,20.110200000000003,20.53689,20.951480000000004,21.353970000000004,21.744690000000002,22.123860000000004,22.491480000000003,22.847990000000003,23.193500000000004,23.52823,23.852290000000004,24.165900000000004,24.469390000000004,24.762650000000004,25.046120000000002,25.319800000000004,25.58391,25.83867,26.084190000000003,26.320470000000004,26.54795,26.766410000000004,26.976290000000002,27.177590000000002,27.370310000000003,27.554670000000005,27.730780000000003,27.898750000000003,28.058690000000002,28.210600000000003,28.354590000000005,28.490660000000002,28.619030000000002,28.739700000000003,28.852780000000003,28.958270000000002,29.05617,29.146590000000003,29.22953,29.3051,29.3733,29.43413,29.48759,29.533790000000003,29.57262,29.604190000000003,29.628500000000003,29.64544,29.65512,29.657430000000005,29.652480000000004,29.64027,29.620580000000004,29.59352,29.55909,29.517180000000003,29.46768,29.410810000000005,29.34624,29.27408,29.19422,29.106550000000002,29.011180000000003,28.907780000000002,28.796570000000003,28.677220000000002,28.549730000000004,28.4141,28.270110000000003,28.11776,27.95683,27.78732,27.60912,27.42201,27.225990000000003,27.020950000000003,26.80656,26.58282,26.34962,26.10685,25.85418,25.591610000000003,25.318810000000003,25.03589,24.74241,24.438260000000003,24.12333,23.797510000000003,23.46047,23.111990000000002,22.752070000000003,22.380270000000003,21.9967,21.600920000000002,21.192820000000005,20.77229,20.339220000000005,19.893280000000004,19.43447,18.962570000000003,18.47758,17.9795,17.46833,16.944070000000004,16.40705,15.857380000000003,15.2955,14.72207,14.137860000000002,13.544080000000001,12.94216,12.33408,11.722480000000001,11.11088,10.503823,9.907227,9.328847,8.778572,8.268843,7.814774,7.433745000000001,7.144159000000001,6.963044000000001,6.902709000000001,6.967884000000001,7.154356000000001,7.450311000000001,7.839216,8.303108,8.824981000000001,9.390106000000001,9.986350000000002,10.604088,11.23584,11.875930000000002,12.519870000000001,13.164470000000001,13.80709,14.44608,15.079790000000001,15.707340000000002,16.32785,16.940990000000003,17.546210000000002,18.14329,18.73223,19.312920000000002,19.885250000000003,20.44933,21.005270000000003,21.553180000000005,22.09306,22.62535,23.149940000000004,23.66705,24.1769,24.67971,25.175480000000004,25.66454,26.14711,26.62319,27.09311,27.556870000000004,28.0148,28.467010000000002,28.913610000000002,29.35471,29.790640000000003,30.221400000000003,30.64721,31.068070000000002,31.48431,31.895930000000003,32.30315,32.70597,33.10461,33.49918,33.889790000000005,34.27644,34.65946,35.038740000000004,35.41439,35.78674,36.15557,36.521209999999996,36.883660000000006,37.243030000000005,37.59932,37.95275,38.30332,38.651030000000006,38.996100000000006,39.338640000000005,39.67854,40.015910000000005,40.350860000000004,40.6835
20.32459,19.783170000000002,19.23438,18.678330000000003,18.114910000000002,17.54445,16.96717,16.383290000000002,15.793360000000002,15.19815,14.598650000000001,13.99596,13.391840000000002,12.78827,12.18811,11.594990000000001,11.013420000000002,10.449010000000001,9.909119000000002,9.402602,8.940107000000001,8.533932,8.197464,7.944101000000001,7.7855360000000005,7.729799000000001,7.779629000000001,7.931814000000001,8.177851,8.505596,8.901266000000001,9.351078000000001,9.842415,10.364310000000001,10.907622,11.46486,12.03015,12.598740000000001,13.166890000000002,13.731630000000001,14.290980000000001,14.842960000000001,15.386250000000002,15.919970000000001,16.44335,16.955730000000003,17.45689,17.946280000000005,18.42401,18.889860000000002,19.34383,19.786030000000004,20.21624,20.634900000000002,21.041790000000002,21.43735,21.821470000000005,22.194480000000002,22.556490000000004,22.90772,23.248170000000002,23.57817,23.897830000000003,24.20737,24.506790000000002,24.796530000000004,25.076480000000004,25.346970000000002,25.608000000000004,25.859900000000003,26.102670000000003,26.33653,26.56148,26.77785,26.98553,27.18485,27.375700000000002,27.558410000000002,27.732870000000002,27.8993,28.057810000000003,28.2084,28.351070000000004,28.486150000000002,28.61342,28.73321,28.8453,28.950020000000002,29.047260000000005,29.13702,29.21941,29.29454,29.362300000000005,29.422690000000003,29.47593,29.521910000000002,29.560630000000003,29.592090000000002,29.616290000000003,29.63334,29.643130000000003,29.645660000000003,29.640930000000004,29.628940000000004,29.60969,29.583070000000003,29.549080000000004,29.507720000000003,29.45888,29.402670000000004,29.338870000000004,29.267480000000003,29.1885,29.10193,29.007550000000002,28.905250000000002,28.79525,28.677110000000003,28.551050000000004,28.416850000000004,28.274400000000004,28.123590000000004,27.964420000000004,27.796780000000002,27.62045,27.43543,27.24161,27.038770000000003,26.826800000000006,26.605590000000003,26.375140000000002,26.13512,25.88542,25.62593,25.356650000000002,25.07714,24.7874,24.48732,24.17657,23.85526,23.52295,23.17953,22.825000000000003,22.459030000000002,22.081510000000005,21.692330000000002,21.29127,20.878330000000002,20.453290000000003,20.016150000000003,19.56669,19.105020000000003,18.631140000000002,18.14505,17.64686,17.1369,16.615280000000002,16.08266,15.539480000000001,14.986730000000001,14.42529,13.85659,13.2825,12.70522,12.127830000000001,11.554070000000001,10.988780000000002,10.437933000000001,9.909086,9.41149,8.956189,8.555899,8.22448,7.9757810000000005,7.822012000000001,7.77172,7.828128,7.988497000000001,8.244775,8.585236,8.996416,9.464884000000001,9.978265,10.525834,11.098670000000002,11.68937,12.29228,12.902560000000001,13.516910000000001,14.132140000000001,14.74638,15.357760000000003,15.964960000000001,16.5671,17.163410000000002,17.75334,18.33645,18.91241,19.48111,20.042550000000002,20.596400000000003,21.14299,21.6821,22.213840000000005,22.73843,23.25587,23.766270000000002,24.26985,24.766720000000003,25.256880000000002,25.740660000000002,26.218170000000004,26.689520000000005,27.15493,27.6144,28.068260000000002,28.51651,28.95948,29.39706,29.82958,30.25704,30.679660000000002,31.097660000000005,31.510930000000002,31.919800000000002,32.324380000000005,32.72467,33.12078,33.512930000000004,33.90123,34.285680000000006,34.66639000000001,35.043580000000006,35.41736,35.787620000000004,36.15458,36.518350000000005,36.878930000000004,37.23654,37.59118,37.94285,38.291880000000006,38.63805000000001,38.98158000000001,39.32247,39.660940000000004,39.99688,40.330510000000004,40.66183
20.478920000000002,19.948610000000002,19.4117,18.86841,18.318960000000004,17.763570000000005,17.20257,16.63651,16.06605,15.492070000000002,14.91578,14.338500000000002,13.762210000000001,13.18922,12.62261,12.06579,11.523600000000002,11.001540000000002,10.506342000000002,10.046113000000002,9.630027,9.268248,8.971369000000001,8.74951,8.611185,8.562048,8.603958,8.734605,8.947873000000001,9.234830000000002,9.584949,9.987296,10.431355000000002,10.907622,11.407770000000001,11.92488,12.453100000000001,12.987700000000002,13.52472,14.061190000000002,14.59458,15.123020000000002,15.644860000000001,16.15889,16.66423,17.16011,17.64598,18.12151,18.586370000000002,19.04034,19.483420000000002,19.915280000000003,20.336140000000004,20.745890000000003,21.144750000000002,21.532610000000002,21.90969,22.275990000000004,22.631840000000004,22.977130000000002,23.312190000000005,23.63702,23.95195,24.256870000000003,24.552110000000003,24.837780000000002,25.1141,25.38096,25.638800000000003,25.88751,26.12731,26.358420000000002,26.580730000000003,26.79468,27.00005,27.19717,27.38604,27.56677,27.739580000000004,27.90436,28.061220000000002,28.210380000000004,28.351840000000003,28.4856,28.611770000000003,28.730460000000004,28.84167,28.945510000000002,29.041870000000003,29.130970000000005,29.21281,29.287280000000003,29.3546,29.41466,29.467570000000002,29.513330000000003,29.551830000000002,29.583180000000002,29.607380000000003,29.624430000000004,29.634330000000002,29.63708,29.632680000000004,29.620910000000002,29.601990000000004,29.575920000000004,29.54248,29.501670000000004,29.4536,29.39805,29.33502,29.26462,29.186630000000005,29.101050000000004,29.00777,28.90679,28.798000000000002,28.68129,28.55666,28.424000000000003,28.2832,28.13426,27.976960000000002,27.811190000000003,27.63706,27.454240000000002,27.262620000000002,27.062310000000004,26.852980000000002,26.634520000000002,26.406930000000003,26.169990000000002,25.92359,25.66762,25.401860000000003,25.12631,24.84064,24.544850000000004,24.23883,23.922250000000002,23.59522,23.257300000000004,22.908600000000003,22.54901,22.1782,21.79617,21.402810000000002,20.99801,20.58188,20.1542,19.71497,19.264300000000002,18.802300000000002,18.32908,17.84497,17.35019,16.845180000000003,16.3306,15.807110000000002,15.275920000000001,14.738130000000002,14.195390000000002,13.64968,13.10364,12.560350000000001,12.02377,11.498740000000002,10.991145,10.508069,10.057883,9.65019,9.295572,9.005051000000002,8.78922,8.657066,8.614727,8.664557,8.804675000000001,9.029416000000001,9.330222000000001,9.696940000000001,10.118922000000001,10.585938,11.08866,11.619190000000001,12.1704,12.736900000000002,13.313740000000001,13.89751,14.484910000000003,15.073630000000001,15.661800000000001,16.247880000000002,16.830550000000002,17.40904,17.98269,18.55073,19.112830000000002,19.668770000000002,20.218329999999998,20.76129,21.29754,21.82719,22.350130000000004,22.866360000000004,23.375990000000005,23.879130000000004,24.375780000000002,24.86616,25.350270000000002,25.82833,26.300340000000002,26.766520000000003,27.22698,27.68183,28.13129,28.57525,29.01415,29.447880000000005,29.87666,30.300600000000003,30.719920000000002,31.134510000000002,31.544810000000002,31.9506,32.35221000000001,32.749750000000006,33.14322,33.53273,33.9185,34.30053,34.67893,35.053810000000006,35.42539000000001,35.79345,36.15843,36.52022000000001,36.878820000000005,37.23456000000001,37.58733,37.93724,38.284510000000004,38.62892,38.97091,39.31026000000001,39.64708,39.981480000000005,40.313680000000005,40.643460000000005
20.64898,20.13033,19.60607,19.07642,18.54149,18.00183,17.457990000000002,16.910410000000002,16.35997,15.807770000000001,15.255130000000001,14.70359,14.155130000000002,13.612390000000001,13.078230000000001,12.5565,12.051490000000001,11.5687,11.114180000000001,10.69508,10.319243000000002,9.99504,9.730864,9.534459000000002,9.412172000000002,9.368095000000002,9.403537,9.516749,9.70321,9.956166,10.267499,10.628431,11.03025,11.46486,11.92488,12.403930000000003,12.896400000000002,13.397670000000002,13.903890000000002,14.411980000000002,14.919190000000002,15.423540000000001,15.92327,16.41695,16.90359,17.38231,17.85223,18.31313,18.76435,19.205780000000004,19.63709,20.05817,20.46891,20.869310000000002,21.25937,21.639090000000003,22.008470000000003,22.36773,22.716870000000004,23.05589,23.38512,23.70445,24.014100000000003,24.31429,24.60491,24.886290000000002,25.158540000000002,25.421660000000003,25.67576,25.92117,26.157890000000002,26.385920000000002,26.605480000000004,26.816790000000005,27.019740000000002,27.214440000000003,27.401220000000002,27.579860000000004,27.750690000000006,27.913710000000002,28.068920000000002,28.216540000000002,28.35657,28.489010000000004,28.613970000000002,28.731450000000002,28.84167,28.94452,29.040110000000002,29.12844,29.20951,29.283540000000002,29.35031,29.409930000000003,29.46251,29.50794,29.54633,29.57757,29.601770000000002,29.618820000000003,29.628830000000004,29.631800000000002,29.627510000000004,29.616180000000004,29.597700000000003,29.572070000000004,29.53918,29.49903,29.451620000000002,29.39695,29.3348,29.265280000000004,29.188390000000002,29.103910000000003,29.011840000000003,28.912070000000003,28.804710000000004,28.68954,28.566450000000003,28.435440000000003,28.29651,28.149330000000003,27.994120000000002,27.830550000000002,27.658620000000003,27.47811,27.28913,27.091350000000002,26.884880000000003,26.669500000000003,26.444990000000004,26.21135,25.968470000000003,25.716240000000003,25.45444,25.18307,24.901800000000005,24.610740000000003,24.30967,23.99837,23.676840000000002,23.34497,23.002650000000003,22.64966,22.286110000000004,21.91178,21.526670000000003,21.13078,20.724,20.306440000000002,19.878100000000003,19.439200000000003,18.98985,18.53027,18.060900000000004,17.58207,17.094330000000003,16.598560000000003,16.095530000000004,15.586560000000002,15.072860000000002,14.556410000000001,14.039190000000001,13.524060000000002,13.01421,12.513490000000001,12.026740000000002,11.55946,11.11814,10.710326000000002,10.344191,10.028502000000001,9.772103000000001,9.583178000000002,9.468525,9.432709,9.477490000000001,9.601559000000002,9.800802000000001,10.068861000000002,10.397937,10.779593000000002,11.20537,11.667480000000001,12.158520000000001,12.672440000000002,13.203850000000003,13.748130000000002,14.301540000000001,14.86111,15.424090000000001,15.988610000000001,16.55291,17.115560000000002,17.67557,18.23217,18.78448,19.332060000000002,19.87447,20.411380000000005,20.94268,21.468040000000002,21.98757,22.500940000000003,23.00837,23.50964,24.004970000000004,24.49425,24.977700000000002,25.455210000000005,25.927000000000003,26.39318,26.853750000000005,27.308930000000004,27.75872,28.20334,28.642790000000005,29.077290000000005,29.506840000000004,29.93166,30.351860000000002,30.767440000000004,31.178620000000002,31.5854,31.988110000000006,32.38653,32.7811,33.1716,33.55836,33.94149,34.32088,34.69686,35.069320000000005,35.438480000000006,35.80434,36.167010000000005,36.52660000000001,36.88322,37.23698,37.58777,37.935810000000004,38.2811,38.62386,38.96398,39.301570000000005,39.63685,39.969710000000006,40.30026,40.6285
20.83356,20.32723,19.816060000000004,19.30038,18.78074,18.257360000000002,17.73101,17.202350000000003,16.67237,16.14206,15.613180000000002,15.087050000000001,14.56609,14.05272,13.54991,13.0614,12.591260000000002,12.14455,11.72666,11.34397,11.003080000000002,10.710821000000001,10.473903,10.298376,10.189025,10.148897,10.178905000000002,10.277718,10.441871000000003,10.666183,10.944252,11.269060000000001,11.63327,12.03015,12.453100000000001,12.896400000000002,13.354770000000002,13.82403,14.300220000000001,14.780260000000002,15.261400000000002,15.741660000000003,16.218950000000003,16.691950000000002,17.15934,17.620240000000003,18.073880000000003,18.51938,18.95652,19.38475,19.80385,20.213490000000004,20.61367,21.004170000000002,21.384990000000002,21.756130000000002,22.11748,22.469150000000003,22.81114,23.14356,23.466520000000003,23.780020000000004,24.084170000000004,24.379080000000002,24.66486,24.94173,25.209580000000003,25.468630000000005,25.71899,25.96077,26.19408,26.41892,26.63551,26.843960000000003,27.04427,27.23655,27.420910000000003,27.59746,27.766200000000005,27.927350000000004,28.0808,28.226660000000003,28.365150000000003,28.496160000000003,28.6198,28.73618,28.8453,28.947160000000004,29.04176,29.129320000000003,29.209730000000004,29.28299,29.349210000000003,29.4085,29.46064,29.505850000000002,29.543910000000004,29.57504,29.59924,29.616400000000002,29.626520000000003,29.629600000000003,29.625640000000004,29.61464,29.596600000000002,29.57141,29.53918,29.499690000000005,29.453050000000005,29.399150000000002,29.33799,29.26957,29.19367,29.110400000000002,29.019650000000002,28.921310000000005,28.81538,28.701750000000004,28.58042,28.45117,28.314110000000003,28.169020000000003,28.015900000000002,27.85453,27.68502,27.507150000000003,27.32081,27.125890000000002,26.922390000000004,26.710200000000004,26.4891,26.25909,26.01995,25.77168,25.514060000000004,25.24709,24.970550000000003,24.684440000000002,24.388650000000005,24.08307,23.767480000000003,23.44199,23.10638,22.760650000000002,22.404690000000002,22.038500000000003,21.662190000000002,21.275540000000003,20.87877,20.471880000000002,20.05498,19.628400000000003,19.192250000000005,18.74697,18.29289,17.83056,17.360750000000003,16.884230000000002,16.4021,15.91557,15.42618,14.9358,14.446850000000001,13.961860000000001,13.484240000000002,13.017730000000002,12.566840000000001,12.13685,11.733480000000002,11.36333,11.033550000000002,10.751235,10.523601000000001,10.357083000000001,10.256917000000001,10.226579000000001,10.267433,10.378566000000001,10.556909000000001,10.797644,11.094710000000001,11.441430000000002,11.830720000000001,12.255980000000001,12.71094,13.18988,13.68796,14.200890000000001,14.724820000000001,15.25689,15.794350000000001,16.33511,16.8773,17.419600000000003,17.960800000000003,18.499690000000005,19.03572,19.568230000000003,20.096560000000004,20.62038,21.139360000000003,21.65339,22.162140000000004,22.66561,23.163580000000003,23.656050000000004,24.143020000000003,24.62449,25.10046,25.571040000000004,26.036230000000003,26.49614,26.950770000000002,27.400340000000003,27.844740000000005,28.2843,28.71891,29.148680000000002,29.573830000000005,29.994360000000004,30.410490000000003,30.82222,31.229660000000003,31.632810000000003,32.032000000000004,32.42723,32.8185,33.206030000000005,33.58982,33.96998,34.34673,34.71996,35.089780000000005,35.45652,35.81996,36.18032,36.537600000000005,36.89202000000001,37.24358,37.59239,37.938340000000004,38.281760000000006,38.62254000000001,38.96079,39.296730000000004,39.630140000000004,39.961240000000004,40.29014000000001,40.61684
21.03145,20.537660000000002,20.04013,19.53897,19.034730000000003,18.52807,18.01943,17.50991,17.000390000000003,16.49208,15.986520000000002,15.48558,14.99124,14.506140000000002,14.03325,13.57587,13.13807,12.724250000000001,12.33936,11.98879,11.678260000000002,11.41327,11.199320000000002,11.04114,10.942349,10.905312,10.930678,11.017380000000001,11.162690000000001,11.362670000000001,11.61204,11.905080000000002,12.23596,12.598740000000001,12.987700000000002,13.397670000000002,13.82403,14.2626,14.709750000000001,15.162400000000002,15.618020000000001,16.07419,16.52926,16.981360000000002,17.42939,17.87225,18.309060000000002,18.73894,19.161450000000002,19.576150000000002,19.9826,20.380470000000003,20.76954,21.149700000000003,21.52084,21.88296,22.235840000000003,22.579480000000004,22.9141,23.23948,23.555840000000003,23.86318,24.1615,24.451020000000003,24.731740000000002,25.00366,25.267,25.52176,25.768050000000002,26.00598,26.235770000000002,26.4572,26.67071,26.87608,27.073530000000005,27.26328,27.44511,27.61935,27.786000000000005,27.94506,28.096640000000004,28.240740000000002,28.377580000000002,28.507160000000002,28.629370000000005,28.74443,28.85234,28.953100000000003,29.04682,29.1335,29.213140000000003,29.285740000000004,29.35141,29.41015,29.46196,29.506730000000005,29.54468,29.5757,29.599790000000002,29.61695,29.627180000000003,29.630480000000006,29.62685,29.616290000000003,29.598690000000005,29.574050000000003,29.542370000000002,29.503650000000004,29.457780000000003,29.404760000000003,29.344590000000004,29.277160000000002,29.20247,29.12052,29.031090000000003,28.93418,28.829790000000003,28.71792,28.598240000000004,28.47097,28.33589,28.193,28.042080000000002,27.883240000000004,27.716260000000002,27.54103,27.357550000000003,27.165710000000004,26.965400000000002,26.756510000000002,26.539040000000004,26.31277,26.077590000000004,25.8335,25.58039,25.318150000000003,25.046670000000002,24.76584,24.47566,24.175910000000002,23.8667,23.547810000000002,23.219350000000002,22.881210000000003,22.53328,22.175670000000004,21.808490000000003,21.431630000000002,21.045200000000005,20.649530000000002,20.24462,19.83069,19.40829,18.977640000000005,18.53929,18.094010000000004,17.64235,17.1853,16.72407,16.259980000000002,15.79479,15.33026,14.8687,14.412970000000001,13.96615,13.531870000000001,13.11442,12.718530000000001,12.349480000000002,12.01299,11.715000000000002,11.461560000000002,11.25839,11.11077,11.02288,10.997206,11.034980000000001,11.135520000000001,11.296560000000001,11.51425,11.78397,12.10022,12.45728,12.849540000000001,13.27139,13.717990000000002,14.184830000000002,14.667840000000002,15.163390000000001,15.668730000000002,16.181,16.698330000000002,17.21852,17.740360000000003,18.262310000000003,18.783490000000004,19.302910000000004,19.8198,20.33361,20.843900000000005,21.350230000000003,21.85238,22.350020000000004,22.842930000000003,23.331110000000002,23.81434,24.29262,24.76584,25.234110000000005,25.69732,26.15547,26.608780000000003,27.057250000000003,27.50077,27.93956,28.373620000000003,28.803060000000002,29.227990000000005,29.648410000000002,30.06443,30.476270000000003,30.883820000000004,31.287300000000005,31.686710000000005,32.08227,32.473980000000005,32.86184,33.24607,33.626780000000004,34.00397,34.37764000000001,34.74812000000001,35.1153,35.479290000000006,35.8402,36.19803,36.553,36.90511,37.254360000000005,37.60097,37.94483,38.28616,38.62496,38.96134000000001,39.295300000000005,39.62684,39.95618,40.28332,40.60837
21.24122,20.760520000000003,20.27674,19.79043,19.301920000000003,18.811980000000002,18.321270000000002,17.830780000000004,17.341500000000003,16.854860000000002,16.372290000000003,15.895660000000001,15.42706,14.96902,14.524180000000001,14.095950000000002,13.687850000000001,13.30395,12.94865,12.626570000000001,12.34244,12.100990000000001,11.90651,11.762850000000002,11.67276,11.63822,11.65956,11.7359,11.865150000000002,12.04401,12.26852,12.53373,12.834910000000002,13.166890000000002,13.52472,13.903890000000002,14.300220000000001,14.709750000000001,15.129180000000002,15.555430000000001,15.986080000000001,16.41871,16.85156,17.282980000000002,17.711650000000002,18.136360000000003,18.55612,18.97016,19.37782,19.77855,20.172020000000003,20.55779,20.93542,21.305020000000003,21.666150000000002,22.018810000000002,22.36289,22.69839,23.0252,23.343320000000002,23.652750000000005,23.9536,24.24598,24.529670000000003,24.805000000000003,25.07186,25.330360000000002,25.58061,25.822720000000004,26.05669,26.28263,26.500650000000004,26.71064,26.912930000000003,27.10752,27.29441,27.47371,27.645530000000004,27.809760000000004,27.966730000000002,28.116330000000005,28.258670000000002,28.39375,28.52168,28.64246,28.756200000000003,28.862790000000004,28.96245,29.05518,29.140870000000003,29.219740000000005,29.29168,29.35669,29.414880000000004,29.466250000000002,29.510800000000003,29.548530000000003,29.579330000000002,29.60342,29.620580000000004,29.630920000000003,29.63444,29.631140000000002,29.620910000000002,29.603750000000005,29.57977,29.548750000000002,29.51069,29.465700000000002,29.41367,29.354490000000002,29.28827,29.214790000000004,29.134050000000002,29.04605,28.950680000000002,28.848050000000004,28.737830000000002,28.620130000000003,28.49484,28.361850000000004,28.22116,28.072770000000006,27.91635,27.752010000000002,27.579750000000004,27.399240000000002,27.21059,27.01358,26.808320000000005,26.59448,26.37217,26.141280000000002,25.901590000000002,25.653210000000005,25.39581,25.12961,24.854390000000002,24.570040000000002,24.276560000000003,23.973950000000002,23.662100000000002,23.341010000000004,23.010790000000004,22.67122,22.32263,21.96491,21.59817,21.22252,20.83829,20.445700000000002,20.044970000000003,19.636540000000004,19.220850000000002,18.798560000000002,18.37022,17.93693,17.499460000000003,17.059130000000003,16.61737,16.17583,15.73638,15.30144,14.873650000000001,14.456090000000001,14.05206,13.66563,13.300980000000001,12.96284,12.65627,12.38622,12.157860000000001,11.97592,11.844470000000001,11.76692,11.745470000000001,11.78078,11.872630000000001,12.01904,12.217260000000001,12.46344,12.75318,13.081640000000002,13.4442,13.836130000000002,14.252920000000001,14.690500000000002,15.145240000000001,15.613730000000002,16.093220000000002,16.581180000000003,17.07541,17.57393,18.075309999999998,18.57823,19.081480000000003,19.58407,20.085230000000003,20.584300000000002,21.080730000000003,21.574080000000002,22.06391,22.55011,23.032240000000005,23.510190000000005,23.98374,24.453000000000003,24.917640000000002,25.37777,25.833280000000002,26.284280000000003,26.73066,27.172420000000002,27.60978,28.042630000000003,28.47097,28.895020000000002,29.314780000000003,29.73025,30.141650000000002,30.54887,30.952130000000004,31.351430000000004,31.746880000000004,32.13859,32.52656,32.910900000000005,33.291720000000005,33.66913,34.043130000000005,34.413720000000005,34.78123,35.14555000000001,35.50679,35.86495000000001,36.22025000000001,36.57269,36.922380000000004,37.26932,37.613510000000005,37.95528000000001,38.29441,38.63112,38.96541,39.29739,39.62706,39.95453,40.27980000000001,40.60298
21.46188,20.99438,20.52457,20.05311,19.580440000000003,19.10722,18.634330000000002,18.162650000000003,17.693500000000004,17.227980000000002,16.76774,16.31465,15.87058,15.43795,15.01962,14.618340000000002,14.23752,13.8809,13.552000000000001,13.255110000000002,12.994190000000001,12.772980000000002,12.595220000000001,12.463770000000002,12.38105,12.34838,12.36609,12.433520000000001,12.54891,12.709620000000001,12.91224,13.152920000000002,13.427480000000001,13.731630000000001,14.061190000000002,14.411980000000002,14.780260000000002,15.162400000000002,15.555430000000001,15.956380000000003,16.36283,16.77258,17.183760000000003,17.59483,18.004140000000003,18.4107,18.813410000000005,19.2115,19.604200000000002,19.99096,20.371120000000005,20.74446,21.110540000000004,21.46914,21.820040000000002,22.16302,22.49808,22.825000000000003,23.143780000000003,23.45442,23.756700000000002,24.05095,24.336840000000002,24.6147,24.884310000000003,25.146,25.39955,25.645070000000004,25.882780000000004,26.112570000000005,26.334550000000004,26.548830000000002,26.75541,26.954400000000003,27.145910000000004,27.329830000000005,27.506380000000004,27.675670000000004,27.837590000000002,27.992250000000006,28.139760000000003,28.28012,28.413440000000005,28.539720000000003,28.65896,28.77127,28.87665,28.975100000000005,29.06673,29.15143,29.22942,29.300700000000003,29.36505,29.422690000000003,29.473620000000004,29.51784,29.555240000000005,29.58593,29.609910000000003,29.627180000000003,29.63763,29.641370000000002,29.6384,29.628610000000002,29.61189,29.58846,29.5581,29.52092,29.476810000000004,29.42577,29.367690000000003,29.302570000000003,29.230300000000003,29.150990000000004,29.06453,28.97081,28.869830000000004,28.761480000000002,28.645760000000003,28.522560000000002,28.391770000000005,28.253500000000003,28.10753,27.953860000000002,27.79238,27.622980000000002,27.445660000000004,27.26031,27.066820000000003,26.8653,26.65542,26.43718,26.210690000000003,25.975620000000003,25.732080000000003,25.479960000000002,25.219150000000003,24.94976,24.67146,24.38447,24.088790000000003,23.784200000000002,23.47081,23.14873,22.817960000000003,22.4785,22.130570000000002,21.77417,21.409630000000003,21.037170000000003,20.657120000000003,20.2697,19.87557,19.47506,19.068830000000002,18.657760000000003,18.24273,17.824620000000003,17.404970000000002,16.985100000000003,16.56655,16.15152,15.7421,15.340930000000002,14.95087,14.57511,14.217170000000001,13.881120000000001,13.571030000000002,13.291190000000002,13.04589,12.839530000000002,12.67585,12.558480000000001,12.48995,12.472020000000002,12.505570000000002,12.59005,12.724250000000001,12.905750000000001,13.13158,13.398000000000001,13.701270000000001,14.037210000000002,14.401860000000001,14.791260000000001,15.20167,15.629900000000001,16.07287,16.527610000000003,16.992030000000003,17.463820000000002,17.94111,18.42247,18.906360000000003,19.391790000000004,19.87744,20.36276,20.84698,21.329330000000002,21.80948,22.28688,22.76131,23.23233,23.699830000000002,24.16359,24.62339,25.07923,25.531000000000002,25.978590000000004,26.422,26.861120000000003,27.29617,27.72693,28.153620000000004,28.576130000000003,28.99446,29.408830000000002,29.81913,30.22558,30.62807,31.02682,31.421720000000004,31.812990000000003,32.20074,32.58486,32.96546,33.34276,33.71665,34.08724,34.454750000000004,34.81907,35.18042,35.53869,35.8941,36.24676,36.59656,36.94361,37.28813,37.629900000000006,37.96936,38.306180000000005,38.64069,38.97289000000001,39.30278,39.63047000000001,39.955960000000005,40.279360000000004,40.60067
21.69211,21.23781,20.782190000000003,20.32547,19.868530000000003,19.41203,18.95674,18.50365,18.053970000000003,17.60902,17.170340000000003,16.739690000000003,16.31894,15.910510000000002,15.516710000000002,15.1404,14.78466,14.452570000000001,14.147540000000001,13.872980000000002,13.632300000000003,13.428690000000001,13.26523,13.144340000000001,13.067670000000001,13.03654,13.05106,13.11068,13.213970000000002,13.35862,13.542100000000001,13.761000000000001,14.011800000000001,14.290980000000001,14.59458,14.919190000000002,15.261400000000002,15.618020000000001,15.986080000000001,16.36283,16.74607,17.13371,17.523770000000003,17.914710000000003,18.3051,18.693730000000002,19.07961,19.46164,19.83938,20.211840000000002,20.5788,20.939490000000003,21.2938,21.64129,21.981740000000002,22.314930000000004,22.64064,22.95887,23.2694,23.572230000000005,23.867250000000002,24.154460000000004,24.433970000000002,24.705670000000005,24.96956,25.225640000000002,25.474020000000003,25.7147,25.94779,26.17329,26.3912,26.60163,26.80458,27.00016,27.188480000000002,27.36943,27.543120000000002,27.709770000000002,27.86916,28.021510000000003,28.166930000000004,28.305200000000003,28.436650000000004,28.561170000000004,28.678760000000004,28.789640000000002,28.893590000000003,28.990830000000003,29.081360000000004,29.165180000000003,29.24218,29.312580000000004,29.37638,29.433470000000003,29.483960000000003,29.52774,29.56492,29.595500000000005,29.619370000000004,29.63664,29.647310000000004,29.651270000000004,29.64852,29.639170000000004,29.623,29.60012,29.57053,29.53412,29.49089,29.44084,29.383970000000005,29.32006,29.24922,29.171340000000004,29.08642,28.99435,28.89513,28.788760000000003,28.675020000000004,28.554020000000005,28.42565,28.289800000000003,28.14636,27.995440000000002,27.836930000000002,27.670610000000003,27.49659,27.314760000000003,27.1249,26.92723,26.721420000000002,26.50758,26.285600000000002,26.05537,25.81689,25.570050000000002,25.314960000000003,25.051510000000004,24.779590000000002,24.49931,24.21067,23.91356,23.6082,23.294480000000004,22.972620000000003,22.64262,22.304700000000004,21.958970000000004,21.605760000000004,21.24529,20.87789,20.504,20.12406,19.73873,19.34878,18.95476,18.55777,18.15891,17.759500000000003,17.360860000000002,16.964750000000002,16.573150000000002,16.18804,15.81206,15.44785,15.09838,14.766840000000002,14.45686,14.17196,13.9161,13.692800000000002,13.505690000000001,13.358180000000003,13.253020000000001,13.19241,13.17778,13.209790000000002,13.28822,13.411860000000003,13.57906,13.787180000000001,14.03325,14.314080000000002,14.62626,14.966160000000002,15.330370000000002,15.715810000000001,16.119290000000003,16.537950000000002,16.96937,17.411130000000004,17.861250000000002,18.317970000000003,18.77964,19.244940000000003,19.712660000000003,20.181700000000003,20.651180000000004,21.12033,21.588710000000003,22.05544,22.520300000000002,22.982740000000003,23.44243,23.89926,24.3529,24.803130000000003,25.249950000000002,25.69303,26.13237,26.567970000000003,26.999830000000003,27.427730000000004,27.85178,28.272090000000002,28.688440000000003,29.100940000000005,29.509700000000006,29.914720000000003,30.316000000000003,30.713650000000005,31.10756,31.498060000000002,31.884930000000004,32.268390000000004,32.64855,33.0253,33.398860000000006,33.76912,34.136300000000006,34.500400000000006,34.86153,35.219800000000006,35.575100000000006,35.92754,36.27734,36.62439,36.9688,37.31068,37.65003,37.98696,38.321580000000004,38.653780000000005,38.98378,39.31147,39.63707000000001,39.96047,40.281890000000004,40.601330000000004
21.9307,21.489710000000002,21.04806,20.60619,20.164870000000004,19.72476,19.28674,18.851800000000004,18.42104,17.996000000000002,17.577890000000004,17.168580000000002,16.769940000000002,16.38406,16.01325,15.66004,15.32707,15.017310000000002,14.73351,14.478860000000001,14.256000000000002,14.067900000000002,13.916870000000001,13.80489,13.733500000000001,13.703470000000003,13.71513,13.76782,13.860440000000002,13.991120000000002,14.15755,14.356980000000002,14.58655,14.842960000000001,15.123020000000002,15.423540000000001,15.741660000000003,16.07419,16.41871,16.77258,17.13371,17.500010000000003,17.86961,18.24108,18.61288,18.983800000000002,19.35296,19.719260000000002,20.08193,20.440310000000004,20.793850000000003,21.142,21.484430000000003,21.820590000000003,22.15048,22.47366,22.789910000000003,23.099230000000002,23.401290000000003,23.696200000000005,23.98374,24.264020000000002,24.536710000000003,24.80214,25.060090000000002,25.310560000000002,25.55366,25.78928,26.017640000000004,26.238630000000004,26.452360000000002,26.658830000000002,26.858040000000003,27.050100000000004,27.235010000000003,27.41288,27.583710000000004,27.747500000000002,27.90436,28.054400000000005,28.197400000000002,28.33369,28.463160000000002,28.585810000000006,28.701860000000003,28.811090000000004,28.91372,29.00964,29.098960000000005,29.181790000000003,29.257910000000003,29.327540000000003,29.39057,29.447110000000002,29.49705,29.5405,29.577350000000003,29.60771,29.631580000000003,29.648960000000002,29.659630000000003,29.66381,29.661500000000004,29.652480000000004,29.63697,29.61475,29.58593,29.550290000000004,29.508050000000004,29.4591,29.40322,29.340630000000004,29.27122,29.194770000000002,29.111500000000003,29.02119,28.923840000000002,28.819450000000003,28.707910000000002,28.589110000000005,28.463160000000002,28.329840000000004,28.18926,28.041200000000003,27.88566,27.722530000000003,27.551920000000003,27.373610000000003,27.187600000000003,26.99389,26.792370000000002,26.58293,26.365680000000005,26.1404,25.907200000000003,25.66597,25.416710000000002,25.15942,24.893990000000002,24.62064,24.339260000000003,24.04985,23.75252,23.447490000000002,23.134650000000004,22.81433,22.486530000000002,22.15158,21.809810000000002,21.461440000000003,21.1068,20.74644,20.38091,20.01076,19.636760000000002,19.259680000000003,18.880620000000004,18.50057,18.120850000000004,17.74289,17.368340000000003,16.99907,16.63717,16.284950000000002,15.944830000000001,15.61978,15.312550000000002,15.02633,14.764420000000001,14.53001,14.32629,14.156340000000002,14.023020000000002,13.928640000000001,13.875070000000001,13.86341,13.89432,13.967580000000002,14.0822,14.236970000000001,14.429580000000001,14.657720000000001,14.918640000000002,15.209370000000002,15.52683,15.868160000000001,16.23039,16.610770000000002,17.00677,17.41597,17.836280000000002,18.26572,18.70242,19.14506,19.592100000000002,20.042440000000003,20.494979999999998,20.94884,21.40314,21.85733,22.310750000000002,22.762850000000004,23.213300000000004,23.66166,24.1076,24.55101,24.99145,25.42892,25.863200000000003,26.294290000000004,26.721860000000003,27.146020000000004,27.56677,27.983890000000002,28.39749,28.807570000000002,29.21413,29.617060000000006,30.016580000000005,30.412580000000002,30.80506,31.19424,31.579900000000002,31.962370000000004,32.34154,32.71741,33.0902,33.45991,33.82643,34.190090000000005,34.550670000000004,34.908500000000004,35.26347,35.61558,35.965050000000005,36.31188000000001,36.65607000000001,36.997840000000004,37.33697000000001,37.673790000000004,38.008190000000006,38.34028,38.67017,38.99786,39.323350000000005,39.64675,39.96806000000001,40.2875,40.60485
22.176550000000002,21.74887,21.321080000000002,20.89384,20.46781,20.04376,19.62257,19.20523,18.79295,18.38683,17.98852,17.59956,17.22171,16.85695,16.50737,16.17539,15.86321,15.573580000000002,15.30903,15.071980000000002,14.865070000000001,14.690500000000002,14.55025,14.44597,14.37898,14.349940000000002,14.35885,14.405380000000001,14.488540000000002,14.60668,14.758040000000001,14.94009,15.15041,15.386250000000002,15.644860000000001,15.92327,16.218950000000003,16.52926,16.85156,17.183760000000003,17.523770000000003,17.86961,18.21952,18.572070000000004,18.92583,19.279590000000002,19.632250000000003,19.98293,20.330750000000002,20.675050000000002,21.015280000000004,21.350890000000003,21.681330000000003,22.006270000000004,22.325490000000002,22.638550000000002,22.945230000000002,23.245530000000002,23.539120000000004,23.82589,24.105840000000004,24.378860000000003,24.644840000000002,24.903780000000005,25.15557,25.400320000000004,25.637920000000005,25.86848,26.092000000000002,26.30837,26.51781,26.720100000000002,26.91557,27.104000000000003,27.285500000000003,27.46007,27.627930000000003,27.78886,27.943080000000002,28.090590000000002,28.23139,28.36548,28.49286,28.613750000000003,28.72793,28.835620000000006,28.936820000000004,29.03142,29.119640000000004,29.201260000000005,29.276500000000002,29.34525,29.407510000000006,29.463390000000004,29.512890000000002,29.55601,29.592530000000004,29.622780000000002,29.64654,29.66392,29.67481,29.679210000000005,29.67723,29.66865,29.65369,29.632130000000004,29.604080000000003,29.56932,29.52807,29.480110000000003,29.42555,29.364280000000004,29.296300000000002,29.221390000000003,29.139770000000002,29.05133,28.95596,28.853550000000002,28.744210000000002,28.627830000000003,28.504300000000004,28.373620000000003,28.23579,28.090700000000002,27.93835,27.77852,27.611430000000002,27.43686,27.254810000000003,27.065170000000002,26.86794,26.663120000000003,26.45071,26.230600000000003,26.00268,25.767170000000004,25.52385,25.272940000000002,25.014220000000005,24.747910000000005,24.4739,24.1923,23.90333,23.60699,23.30339,22.99286,22.675400000000003,22.351340000000004,22.021010000000004,21.68474,21.34297,20.99614,20.644910000000003,20.289720000000003,19.93156,19.571200000000005,19.20952,18.84784,18.487260000000003,18.129210000000004,17.775340000000003,17.427410000000002,17.087400000000002,16.75751,16.44005,16.13755,15.852760000000002,15.58821,15.347090000000001,15.13204,14.945920000000001,14.79137,14.6707,14.585890000000001,14.538590000000003,14.52968,14.55971,14.628460000000002,14.73549,14.879260000000002,15.05834,15.270640000000002,15.513740000000002,15.78522,16.082440000000002,16.40276,16.743650000000002,17.102690000000003,17.47746,17.865759999999998,18.265610000000002,18.675140000000003,19.0927,19.51686,19.94619,20.379590000000004,20.81596,21.25431,21.693980000000003,22.13409,22.5742,23.013650000000005,23.452,23.88892,24.323970000000003,24.75693,25.18758,25.61559,26.040960000000002,26.463470000000004,26.883010000000002,27.29936,27.712630000000004,28.12282,28.529600000000002,28.933190000000003,29.33359,29.73058,30.124380000000002,30.51488,30.902190000000004,31.286310000000004,31.667240000000003,32.04509,32.41975,32.79133,33.15994,33.525690000000004,33.888360000000006,34.24828,34.60534,34.95965,35.31121,35.66013,36.00652,36.35027,36.69160000000001,37.03040000000001,37.366890000000005,37.70096,38.032830000000004,38.36239,38.68986,39.01513,39.33831,39.659400000000005,39.97862000000001,40.29586,40.611230000000006
22.428560000000004,22.01397,21.59993,21.1871,20.77614,20.367710000000002,19.96291,19.56262,19.167830000000002,18.78008,18.40047,18.03065,17.67227,17.32731,16.99742,16.684910000000002,16.39187,16.12061,15.87322,15.652010000000002,15.45907,15.296380000000001,15.16559,15.06813,15.004880000000002,14.976500000000001,14.982990000000003,15.024020000000002,15.098600000000003,15.205630000000001,15.343350000000001,15.50989,15.70283,15.919970000000001,16.15889,16.41695,16.691950000000002,16.981360000000002,17.282980000000002,17.59483,17.914710000000003,18.24108,18.572070000000004,18.906360000000003,19.242520000000003,19.57945,19.91616,20.251440000000002,20.58474,20.915180000000003,21.24221,21.565170000000002,21.883730000000003,22.197450000000003,22.505890000000004,22.80883,23.105940000000004,23.39711,23.68212,23.96075,24.233000000000004,24.49865,24.757700000000003,25.01004,25.255670000000002,25.494590000000002,25.72669,25.951970000000003,26.170540000000003,26.38229,26.587220000000002,26.785330000000002,26.976840000000003,27.161530000000003,27.33951,27.51089,27.675560000000004,27.833630000000003,27.985100000000003,28.130080000000003,28.26846,28.400350000000003,28.525640000000003,28.644550000000002,28.757080000000002,28.863120000000002,28.962780000000002,29.056060000000002,29.142960000000002,29.22359,29.29773,29.365710000000004,29.427200000000003,29.48253,29.531480000000006,29.574160000000003,29.610460000000003,29.640490000000003,29.664140000000003,29.681520000000003,29.692630000000005,29.69725,29.695600000000002,29.687570000000004,29.673160000000003,29.652260000000005,29.62498,29.59121,29.55095,29.50409,29.45074,29.390900000000002,29.324350000000003,29.25109,29.171230000000005,29.084550000000004,28.99116,28.890950000000004,28.783810000000003,28.669850000000004,28.54885,28.420920000000002,28.286060000000003,28.14394,27.994780000000002,27.838470000000004,27.6749,27.50418,27.32609,27.140740000000005,26.948020000000003,26.74793,26.540360000000003,26.325530000000004,26.10311,25.873430000000003,25.636270000000003,25.391740000000002,25.13984,24.880570000000002,24.614150000000002,24.340580000000003,24.05997,23.772540000000003,23.478290000000005,23.17744,22.870430000000002,22.55726,22.238480000000003,21.91431,21.585300000000004,21.252000000000002,20.91485,20.574510000000004,20.231970000000004,19.88778,19.543260000000004,19.19929,18.857190000000003,18.518280000000004,18.18421,17.856520000000003,17.537300000000002,17.228420000000003,16.93197,16.65048,16.38615,16.141620000000003,15.919420000000002,15.721860000000001,15.551580000000001,15.41078,15.30144,15.225210000000002,15.183410000000002,15.17703,15.206510000000002,15.271630000000002,15.37184,15.506150000000002,15.673350000000001,15.87146,16.09872,16.35282,16.63167,16.932850000000002,17.25405,17.59329,17.948150000000002,18.31676,18.69736,19.08797,19.48727,19.893610000000002,20.305780000000002,20.72268,21.14321,21.566489999999998,21.99164,22.41789,22.844800000000003,23.2716,23.697960000000002,24.12333,24.54749,24.970110000000002,25.39075,25.809300000000004,26.22565,26.639470000000003,27.05076,27.459300000000002,27.864980000000003,28.267910000000004,28.66787,29.064860000000003,29.45888,29.84982,30.237790000000004,30.622790000000002,31.004710000000003,31.383660000000003,31.75964,32.132650000000005,32.5028,32.86998,33.234410000000004,33.59587,33.95469,34.31076,34.66408,35.01487,35.363020000000006,35.70864,36.05173,36.39240000000001,36.730650000000004,37.066590000000005,37.400110000000005,37.73154,38.060660000000006,38.387690000000006,38.71252,39.03537,39.35613000000001,39.67502,39.99193,40.30697,40.620250000000006
22.685740000000003,22.28402,21.883510000000005,21.48476,21.08843,20.695290000000004,20.306220000000003,19.922320000000003,19.544470000000004,19.173990000000003,18.8122,18.460530000000002,18.12052,17.793820000000004,17.48219,17.18761,16.91206,16.657300000000003,16.425420000000003,16.218400000000003,16.038,15.885870000000002,15.76333,15.671700000000001,15.611750000000002,15.583810000000001,15.587990000000001,15.62396,15.69106,15.78808,15.913590000000003,16.06594,16.243150000000004,16.44335,16.66423,16.90359,17.15934,17.42939,17.711650000000002,18.004140000000003,18.3051,18.61288,18.92583,19.242520000000003,19.561850000000003,19.8825,20.203480000000003,20.5238,20.8428,21.1596,21.47354,21.78418,22.090860000000003,22.393360000000005,22.69113,22.983950000000004,23.27149,23.55353,23.82985,24.100230000000003,24.36467,24.62295,24.875070000000004,25.120810000000002,25.360060000000004,25.593040000000002,25.819530000000004,26.039530000000003,26.25293,26.459950000000003,26.66037,26.854300000000002,27.041740000000004,27.222580000000004,27.397040000000004,27.565010000000004,27.7266,27.881700000000002,28.03031,28.17265,28.30861,28.438190000000006,28.561390000000003,28.678430000000002,28.78909,28.893480000000004,28.991600000000005,29.083450000000003,29.169140000000002,29.248560000000005,29.32171,29.3887,29.449530000000003,29.5042,29.5526,29.59484,29.630920000000003,29.660730000000004,29.684380000000004,29.701760000000004,29.71298,29.717930000000003,29.716610000000003,29.709020000000002,29.69516,29.675030000000003,29.64852,29.615740000000002,29.57647,29.530820000000002,29.478790000000004,29.420270000000002,29.35526,29.283650000000005,29.205550000000002,29.120850000000004,29.02944,28.931430000000002,28.826600000000003,28.715170000000004,28.59681,28.471740000000004,28.339740000000003,28.200810000000004,28.05495,27.902160000000002,27.74222,27.575350000000004,27.40144,27.220380000000002,27.03217,26.836920000000003,26.634520000000002,26.424860000000002,26.208160000000003,25.98431,25.753420000000002,25.51538,25.270410000000002,25.018510000000003,24.759680000000003,24.49414,24.222,23.94348,23.65858,23.367630000000002,23.070960000000003,22.76879,22.461450000000003,22.14938,21.83302,21.512920000000005,21.189740000000004,20.864030000000003,20.53667,20.208430000000003,19.88041,19.553600000000003,19.22932,18.908780000000004,18.593519999999998,18.285080000000004,17.98544,17.69614,17.419490000000003,17.15736,16.91206,16.68568,16.48075,16.29914,16.14316,16.014680000000002,15.915460000000001,15.847040000000002,15.810410000000003,15.806340000000002,15.83538,15.897310000000001,15.991690000000002,16.11764,16.27428,16.45985,16.672810000000002,16.9114,17.17342,17.457110000000004,17.760270000000002,18.081030000000002,18.417520000000003,18.76765,19.12999,19.50278,19.88448,20.273770000000003,20.669550000000005,21.070390000000003,21.47552,21.88406,22.29491,22.70763,23.121450000000003,23.53582,23.950190000000003,24.364230000000003,24.7775,25.18956,25.6003,26.009390000000003,26.416610000000002,26.821740000000005,27.224560000000004,27.625180000000004,28.023270000000004,28.418830000000003,28.81186,29.202140000000004,29.58967,29.974450000000004,30.356590000000004,30.735760000000003,31.11229,31.485960000000002,31.85688,32.22505,32.59047,32.953140000000005,33.31317000000001,33.67045,34.0252,34.37731,34.726890000000004,35.07394,35.41857,35.760780000000004,36.100570000000005,36.438050000000004,36.77311000000001,37.10608,37.43674,37.76520000000001,38.091680000000004,38.415960000000005,38.738260000000004,39.058580000000006,39.37692,39.69339,40.00799,40.32083,40.631800000000005
22.946990000000003,22.558030000000002,22.170610000000003,21.785610000000002,21.403470000000002,21.025180000000002,20.651400000000002,20.28312,19.92144,19.56757,19.222500000000004,18.887880000000003,18.56492,18.255270000000003,17.96058,17.6825,17.422790000000003,17.183210000000003,16.965410000000002,16.77104,16.60175,16.45897,16.3438,16.25723,16.20003,16.172420000000002,16.17451,16.20597,16.26614,16.35414,16.46854,16.608130000000003,16.771150000000002,16.955730000000003,17.16011,17.38231,17.620240000000003,17.87225,18.136360000000003,18.4107,18.693730000000002,18.983800000000002,19.279590000000002,19.57945,19.8825,20.187420000000003,20.49322,20.799020000000002,21.10394,21.407320000000002,21.7085,22.00682,22.30195,22.593230000000002,22.88044,23.163140000000002,23.441110000000002,23.71402,23.981650000000002,24.24389,24.500410000000002,24.751320000000003,24.996290000000002,25.23532,25.46841,25.69534,25.91611,26.13061,26.339060000000003,26.541130000000003,26.737040000000004,26.92657,27.10994,27.28704,27.457760000000004,27.622320000000002,27.78061,27.932740000000003,28.0786,28.21819,28.351620000000004,28.478890000000003,28.6,28.714950000000005,28.82374,28.926480000000005,29.02295,29.113480000000003,29.197850000000003,29.27606,29.34822,29.414330000000003,29.47439,29.528400000000005,29.57625,29.61805,29.6538,29.683500000000002,29.707040000000003,29.724530000000005,29.735860000000002,29.741030000000002,29.740150000000003,29.733110000000003,29.719800000000003,29.70033,29.6747,29.6428,29.604740000000003,29.560300000000005,29.50948,29.45239,29.38892,29.319070000000004,29.24273,29.160010000000003,29.070690000000003,28.974880000000002,28.872580000000003,28.763570000000005,28.647960000000005,28.525640000000003,28.396720000000002,28.260980000000004,28.118530000000003,27.969260000000002,27.813170000000003,27.650260000000003,27.48053,27.303870000000003,27.120390000000004,26.92998,26.73264,26.528480000000005,26.317500000000003,26.099590000000003,25.87497,25.64364,25.405600000000003,25.160960000000003,24.90994,24.652430000000003,24.388870000000004,24.11915,23.843710000000005,23.56266,23.27633,22.98494,22.689040000000002,22.38896,22.085140000000003,21.778130000000004,21.468480000000003,21.15707,20.84456,20.53183,20.21987,19.90967,19.602330000000002,19.29939,19.00206,18.71188,18.43061,18.15979,17.901400000000002,17.657310000000003,17.4295,17.21995,17.030640000000002,16.863660000000003,16.720660000000002,16.6034,16.51342,16.45193,16.41992,16.41816,16.44687,16.506050000000002,16.595370000000003,16.71406,16.861240000000002,17.035590000000003,17.23579,17.46019,17.707030000000003,17.97477,18.26132,18.565030000000004,18.88425,19.21722,19.56229,19.91814,20.28323,20.656240000000004,21.036070000000002,21.42162,21.811790000000002,22.205920000000003,22.602910000000005,23.002320000000005,23.403270000000003,23.805320000000002,24.20792,24.610630000000004,25.01301,25.41473,25.81557,26.215090000000004,26.61307,27.00951,27.404080000000004,27.796560000000003,28.187060000000002,28.57525,28.96113,29.344590000000004,29.725630000000002,30.10414,30.480120000000003,30.853680000000004,31.224490000000003,31.592880000000005,31.958630000000003,32.321740000000005,32.682430000000004,33.04048,33.396,33.749100000000006,34.09967,34.44782,34.793440000000004,35.13686,35.47775,35.81644000000001,36.152820000000006,36.487,36.81898,37.14876,37.47645,37.80205,38.12567000000001,38.4472,38.76686000000001,39.084540000000004,39.40046000000001,39.714510000000004,40.02669,40.33722,40.64599
23.211540000000003,22.8349,22.460460000000005,22.088770000000004,21.72049,21.35628,20.99724,20.64403,20.29775,19.959390000000003,19.630270000000003,19.311600000000002,19.004700000000003,18.71089,18.431820000000002,18.16892,17.923730000000003,17.69779,17.49275,17.309820000000002,17.150540000000003,17.01601,16.90733,16.82527,16.77038,16.742990000000002,16.743100000000002,16.77038,16.82428,16.904030000000002,17.008530000000004,17.13646,17.28639,17.45689,17.64598,17.85223,18.073880000000003,18.309060000000002,18.55612,18.813410000000005,19.07961,19.35296,19.632250000000003,19.91616,20.203480000000003,20.49322,20.784280000000003,21.07589,21.367280000000004,21.657570000000003,21.94621,22.232540000000004,22.516120000000004,22.796400000000002,23.07316,23.345850000000002,23.614250000000002,23.878030000000003,24.13708,24.391070000000003,24.63989,24.883320000000005,25.12125,25.35357,25.580170000000003,25.801050000000004,26.0161,26.225210000000004,26.428380000000004,26.625610000000005,26.816900000000004,27.00214,27.181330000000003,27.354470000000003,27.521560000000004,27.682600000000004,27.8377,27.98664,28.129640000000002,28.26659,28.39749,28.522340000000003,28.641250000000003,28.754110000000004,28.861030000000003,28.962010000000003,29.056940000000004,29.146040000000003,29.229090000000003,29.30609,29.377260000000003,29.44249,29.501670000000004,29.555020000000003,29.602320000000002,29.64379,29.679210000000005,29.70858,29.732120000000002,29.749610000000004,29.76116,29.76666,29.76611,29.75951,29.74686,29.728160000000003,29.70341,29.672500000000003,29.63543,29.592200000000002,29.542810000000003,29.487150000000003,29.425330000000002,29.357130000000005,29.282770000000003,29.20192,29.114800000000002,29.0213,28.921420000000005,28.815050000000003,28.70219,28.582730000000005,28.456890000000005,28.324450000000002,28.185410000000005,28.039770000000004,27.88753,27.72869,27.563140000000004,27.390990000000002,27.21224,27.026780000000002,26.83472,26.635950000000005,26.430690000000002,26.218940000000003,26.000700000000002,25.77597,25.544970000000003,25.307700000000004,25.06438,24.815120000000004,24.55992,24.299220000000002,24.03313,23.761870000000002,23.48588,23.205270000000002,22.92059,22.63228,22.340780000000002,22.046640000000004,21.750410000000002,21.452970000000004,21.154870000000003,20.8571,20.560540000000003,20.26629,19.975450000000002,19.689120000000003,19.40884,19.135930000000002,18.871930000000003,18.618380000000002,18.37704,18.149670000000004,17.938030000000005,17.743990000000004,17.569090000000003,17.41531,17.28408,17.17705,17.09543,17.04032,17.012710000000002,17.01293,17.04153,17.0984,17.183210000000003,17.29541,17.43423,17.598570000000002,17.787330000000004,17.99886,18.23195,18.48495,18.756210000000003,19.0443,19.34746,19.664260000000002,19.99316,20.332950000000004,20.6822,21.0397,21.40435,21.775050000000004,22.150920000000003,22.531080000000003,22.91465,23.300970000000003,23.68938,24.079330000000002,24.470270000000003,24.861760000000004,25.25347,25.64485,26.035790000000002,26.42574,26.814700000000002,27.20234,27.588440000000002,27.973000000000003,28.355690000000003,28.7364,29.11513,29.491770000000002,29.866210000000002,30.23845,30.608380000000004,30.976000000000003,31.341200000000004,31.70409,32.06456,32.422720000000005,32.77846,33.131890000000006,33.4829,33.83149,34.17788,34.52185000000001,34.863620000000004,35.20319,35.54045,35.875510000000006,36.20837,36.53925,36.86793,37.194520000000004,37.519130000000004,37.84187,38.16252,38.4813,38.79821,39.11325,39.42653000000001,39.73805000000001,40.047920000000005,40.356030000000004,40.66249
23.478510000000004,23.113970000000002,22.75196,22.39314,22.038170000000004,21.687710000000003,21.342640000000003,21.00384,20.67219,20.34868,20.03452,19.73081,19.438760000000002,19.1598,18.89514,18.646210000000004,18.414330000000003,18.20093,18.007330000000003,17.83474,17.68437,17.55732,17.45436,17.376260000000002,17.32346,17.29607,17.29431,17.31774,17.365920000000003,17.438190000000002,17.53356,17.65093,17.788980000000002,17.946280000000005,18.12151,18.31313,18.51938,18.73894,18.97016,19.2115,19.46164,19.719260000000002,19.98293,20.251440000000002,20.5238,20.799020000000002,21.07589,21.353860000000005,21.631940000000004,21.909470000000002,22.185790000000004,22.460460000000005,22.73271,23.00221,23.268630000000005,23.53142,23.790360000000003,24.045230000000004,24.29559,24.541440000000005,24.78234,25.018400000000003,25.249290000000002,25.4749,25.695120000000003,25.909950000000002,26.119170000000004,26.32289,26.52089,26.71317,26.89973,27.08057,27.255580000000002,27.424760000000003,27.588110000000004,27.745740000000005,27.897430000000004,28.043290000000002,28.183320000000005,28.317520000000005,28.445890000000002,28.568430000000003,28.685030000000005,28.795910000000003,28.900850000000002,29.000070000000004,29.09346,29.18091,29.26264,29.338540000000002,29.408610000000003,29.472850000000005,29.53137,29.58395,29.630700000000004,29.67173,29.70682,29.736080000000005,29.75951,29.777110000000004,29.788770000000003,29.79449,29.79438,29.788330000000002,29.776340000000005,29.75841,29.734540000000003,29.704620000000002,29.66865,29.62674,29.578670000000002,29.52455,29.46427,29.397940000000002,29.325340000000004,29.246580000000005,29.16166,29.070470000000004,28.973010000000002,28.869280000000003,28.75917,28.642790000000005,28.520030000000002,28.390890000000002,28.25537,28.113470000000003,27.96508,27.81031,27.649160000000002,27.481520000000003,27.3075,27.127100000000002,26.94021,26.74705,26.547620000000002,26.341920000000002,26.13006,25.91215,25.688190000000002,25.45829,25.22267,24.981550000000002,24.734930000000002,24.483030000000003,24.226290000000002,23.964820000000003,23.69895,23.42901,23.15555,22.878790000000002,22.59928,22.317790000000002,22.034650000000003,21.75063,21.466610000000003,21.18336,20.90165,20.622690000000002,20.34747,20.077090000000002,19.812980000000003,19.556240000000003,19.30852,19.07125,18.845860000000002,18.634000000000004,18.43732,18.25747,18.09588,17.9542,17.83386,17.73607,17.66215,17.612870000000004,17.58911,17.591420000000003,17.61991,17.674800000000005,17.755650000000003,17.86213,17.99358,18.1489,18.327210000000004,18.52719,18.74763,18.98721,19.244390000000003,19.517850000000003,19.806160000000002,20.107890000000005,20.421720000000004,20.74633,21.080620000000003,21.423270000000002,21.773400000000002,22.12991,22.49192,22.85855,23.22903,23.602700000000002,23.97879,24.356970000000004,24.73647,25.116960000000002,25.498,25.87926,26.260300000000004,26.640900000000002,27.02073,27.39968,27.77742,28.153840000000002,28.528830000000003,28.902060000000002,29.273640000000004,29.64335,30.011190000000003,30.377050000000004,30.740710000000004,31.10239,31.461980000000004,31.819370000000003,32.17456000000001,32.527550000000005,32.87834,33.22693,33.57332,33.91751,34.25961,34.59951,34.93721,35.27282,35.60634,35.93777,36.26711,36.59447,36.919850000000004,37.24325,37.56478,37.884330000000006,38.20212,38.51804,38.8322,39.144600000000004,39.45524,39.76423,40.07146000000001,40.37726000000001,40.6813
23.747020000000003,23.39414,23.044340000000002,22.69806,22.35585,22.018590000000003,21.68694,21.36167,21.04388,20.73445,20.43437,20.144740000000002,19.866660000000003,19.601340000000004,19.349990000000002,19.113820000000004,18.894260000000003,18.69219,18.509040000000002,18.345800000000004,18.203570000000003,18.08312,17.98533,17.91064,17.85949,17.83221,17.82858,17.84849,17.8915,17.956840000000003,18.043850000000003,18.15154,18.278700000000004,18.42401,18.586370000000002,18.76435,18.95652,19.161450000000002,19.37782,19.604200000000002,19.83938,20.08193,20.330750000000002,20.58474,20.8428,21.10394,21.367280000000004,21.631940000000004,21.897260000000003,22.162360000000003,22.426800000000004,22.68981,22.951060000000002,23.210000000000004,23.46619,23.7193,23.969,24.214850000000002,24.45674,24.694450000000003,24.927650000000003,25.15623,25.380080000000003,25.59898,25.812820000000002,26.0216,26.225100000000005,26.423210000000005,26.61604,26.803480000000004,26.985310000000002,27.161640000000002,27.33247,27.497690000000002,27.657410000000002,27.811410000000002,27.9598,28.10247,28.239530000000002,28.37098,28.49671,28.616830000000004,28.73123,28.840020000000003,28.943090000000005,29.040440000000004,29.13218,29.218200000000003,29.298610000000004,29.3733,29.44227,29.505630000000004,29.56327,29.615190000000002,29.66139,29.701870000000003,29.73674,29.765780000000003,29.78921,29.806810000000002,29.818580000000004,29.824740000000002,29.824960000000004,29.819460000000003,29.808130000000002,29.79097,29.767980000000005,29.739050000000002,29.704290000000004,29.663590000000003,29.61695,29.56426,29.505740000000003,29.441170000000003,29.370550000000005,29.29388,29.21116,29.12228,29.027350000000002,28.926260000000003,28.819120000000005,28.705710000000003,28.586140000000004,28.460300000000004,28.328300000000002,28.190140000000003,28.04571,27.895120000000002,27.73826,27.575240000000004,27.405950000000004,27.230610000000002,27.049110000000002,26.86156,26.667960000000004,26.468310000000002,26.26294,26.05163,25.83471,25.61229,25.38437,25.15128,24.913130000000002,24.67014,24.42264,24.170850000000005,23.914990000000003,23.65561,23.393040000000003,23.12761,22.859980000000004,22.590700000000002,22.320320000000002,22.049500000000005,21.77901,21.50962,21.24232,20.977990000000002,20.71773,20.46253,20.213600000000003,19.97237,19.73994,19.517740000000003,19.3072,19.10986,18.92704,18.760170000000002,18.6109,18.480330000000002,18.36989,18.28068,18.213690000000003,18.16991,18.149780000000003,18.15396,18.18256,18.23569,18.31324,18.414550000000002,18.53929,18.686470000000003,18.855430000000002,19.044850000000004,19.25385,19.48111,19.72531,19.98524,20.259690000000003,20.547340000000002,20.84698,21.157400000000003,21.47739,21.806070000000002,22.14234,22.485210000000002,22.83391,23.18756,23.545280000000005,23.906630000000003,24.27095,24.637470000000004,25.005860000000002,25.375570000000003,25.746160000000003,26.1173,26.488660000000003,26.859910000000003,27.23072,27.60098,27.970360000000003,28.33875,28.705930000000002,29.07179,29.436110000000003,29.798890000000004,30.160130000000002,30.519500000000004,30.877000000000002,31.232740000000003,31.5865,31.938280000000002,32.28819000000001,32.636010000000006,32.98174,33.3256,33.667260000000006,34.00694000000001,34.344640000000005,34.68036,35.01399,35.34564,35.67531,36.003,36.32882000000001,36.652660000000004,36.974630000000005,37.29484000000001,37.61307,37.92965,38.24436000000001,38.55731000000001,38.86861,39.17826,39.48626,39.79261,40.09742,40.400690000000004,40.702420000000004
24.0163,23.674860000000002,23.33672,23.002430000000004,22.67265,22.34793,22.029040000000002,21.71686,21.41227,21.11604,20.82916,20.55262,20.287520000000004,20.03496,19.795930000000002,19.571640000000002,19.363190000000003,19.17157,18.99799,18.84311,18.708140000000004,18.593740000000004,18.50035,18.42885,18.379240000000003,18.35174,18.34646,18.36307,18.40124,18.460420000000003,18.53973,18.6384,18.75555,18.889860000000002,19.04034,19.205780000000004,19.38475,19.576150000000002,19.77855,19.99096,20.211840000000002,20.440310000000004,20.675050000000002,20.915180000000003,21.1596,21.407320000000002,21.657570000000003,21.909470000000002,22.162360000000003,22.415580000000002,22.668360000000003,22.920260000000003,23.170730000000002,23.41922,23.6654,23.90894,24.149400000000004,24.38656,24.620090000000005,24.84966,25.075270000000003,25.296480000000003,25.51329,25.725590000000004,25.933050000000005,26.13578,26.33345,26.52617,26.713720000000002,26.896210000000004,27.073420000000002,27.245240000000003,27.41189,27.573150000000005,27.729020000000006,27.8795,28.024480000000004,28.164070000000002,28.298160000000003,28.426750000000002,28.549950000000003,28.667540000000002,28.77974,28.886330000000005,28.987420000000004,29.08301,29.1731,29.25769,29.33667,29.41015,29.478020000000004,29.540390000000002,29.597260000000002,29.64852,29.694170000000003,29.73421,29.76875,29.79768,29.821,29.838600000000003,29.850700000000003,29.856970000000004,29.857740000000003,29.852790000000002,29.842120000000005,29.825730000000004,29.803620000000002,29.77579,29.742130000000003,29.702750000000005,29.657430000000005,29.60639,29.54952,29.48682,29.418070000000004,29.343600000000002,29.263080000000002,29.176620000000003,29.084220000000002,28.98588,28.881600000000002,28.771160000000002,28.65489,28.532460000000004,28.40409,28.26967,28.1292,27.982680000000002,27.830330000000004,27.67182,27.50748,27.337200000000003,27.160980000000002,26.97904,26.79127,26.597780000000004,26.39879,26.194300000000002,25.98442,25.769260000000003,25.549150000000004,25.32409,25.0943,24.860110000000002,24.62163,24.379410000000004,24.13345,23.884410000000003,23.632510000000003,23.378300000000003,23.122220000000002,22.86482,22.60676,22.3487,22.0913,21.835440000000002,21.58189,21.33153,21.085460000000005,20.84467,20.61026,20.38344,20.16542,19.957410000000003,19.760730000000002,19.576810000000002,19.40686,19.25231,19.11426,18.99392,18.89261,18.81132,18.75082,18.71188,18.69527,18.701210000000003,18.729920000000003,18.781620000000004,18.856090000000002,18.952890000000004,19.071580000000004,19.2115,19.371880000000004,19.551840000000002,19.75028,19.96621,20.198420000000002,20.44592,20.7075,20.98195,21.268280000000004,21.56528,21.87196,22.187330000000003,22.51029,22.84018,23.17612,23.51723,23.862740000000002,24.212210000000002,24.564870000000003,24.92017,25.277560000000005,25.636710000000004,25.997070000000004,26.358310000000003,26.720100000000002,27.082110000000004,27.444010000000002,27.805690000000002,28.166820000000005,28.527180000000005,28.886660000000003,29.245040000000003,29.602210000000003,29.958060000000003,30.31259,30.665470000000003,31.016810000000003,31.366500000000002,31.71454,32.06071,32.405120000000004,32.74777,33.088550000000005,33.42746,33.764390000000006,34.099560000000004,34.432860000000005,34.76418,35.093740000000004,35.42132,35.74714,36.07109,36.39317,36.7136,37.03216,37.348960000000005,37.66400000000001,37.97739000000001,38.28902,38.59911,38.90755,39.21434,39.51959000000001,39.8233,40.12558000000001,40.42632,40.72563
24.285800000000002,23.955360000000002,23.62855,23.305810000000005,22.9878,22.675070000000005,22.368500000000004,22.068640000000002,21.776480000000003,21.49268,21.218230000000002,20.95401,20.70112,20.460330000000003,20.23274,20.019340000000003,19.821120000000004,19.63907,19.474070000000005,19.326890000000002,19.198520000000002,19.0894,19.00019,18.931220000000003,18.88293,18.855320000000003,18.848500000000005,18.862030000000004,18.895690000000002,18.949040000000004,19.021310000000003,19.111840000000004,19.219640000000002,19.34383,19.483420000000002,19.63709,19.80385,19.9826,20.172020000000003,20.371120000000005,20.5788,20.793850000000003,21.015280000000004,21.24221,21.47354,21.7085,21.94621,22.185790000000004,22.426800000000004,22.668360000000003,22.909920000000003,23.15093,23.39084,23.629320000000003,23.865710000000004,24.0999,24.33134,24.559810000000002,24.78498,25.00674,25.22465,25.438710000000004,25.648590000000002,25.85418,26.05537,26.252050000000004,26.444000000000003,26.631220000000003,26.813710000000004,26.991140000000005,27.16362,27.33115,27.49351,27.650700000000004,27.802830000000004,27.94968,28.091360000000005,28.227760000000004,28.358880000000003,28.484720000000003,28.60528,28.720450000000003,28.83034,28.934840000000005,29.033950000000004,29.127780000000005,29.21622,29.299160000000004,29.376820000000002,29.44909,29.515970000000003,29.577350000000003,29.63334,29.68394,29.72904,29.76864,29.80285,29.83156,29.854770000000002,29.872480000000003,29.884800000000002,29.8914,29.89261,29.88821,29.8782,29.86258,29.84146,29.81462,29.78217,29.744110000000003,29.70033,29.650830000000003,29.595610000000004,29.534670000000002,29.468010000000003,29.39563,29.317420000000002,29.233380000000004,29.143620000000002,29.04792,28.946500000000004,28.839250000000003,28.72617,28.60715,28.48241,28.351730000000003,28.215330000000005,28.073100000000004,27.92504,27.77126,27.611650000000004,27.446540000000002,27.27571,27.09927,26.917330000000003,26.730110000000003,26.5375,26.33961,26.136770000000002,25.928980000000003,25.71646,25.49932,25.277890000000003,25.05228,24.82293,24.589950000000005,24.353890000000003,24.11486,23.87352,23.630200000000002,23.385340000000003,23.139600000000005,22.893530000000002,22.64768,22.40293,22.15994,21.919590000000003,21.682650000000002,21.450110000000002,21.222960000000004,21.0023,20.78912,20.58463,20.389930000000003,20.20634,20.034850000000002,19.876890000000003,19.73356,19.60596,19.49519,19.402240000000003,19.328100000000003,19.27365,19.239330000000002,19.225800000000003,19.2335,19.26254,19.313030000000005,19.38475,19.477480000000003,19.590780000000002,19.724100000000004,19.876780000000004,20.04794,20.23681,20.44229,20.663610000000002,20.89945,21.149040000000003,21.41128,21.68507,21.969420000000003,22.263450000000002,22.566170000000003,22.876700000000003,23.19416,23.517780000000002,23.8469,24.18064,24.51856,24.860000000000003,25.204300000000003,25.551130000000004,25.89983,26.250290000000003,26.60174,26.95418,27.307060000000003,27.660270000000004,28.013370000000002,28.366250000000004,28.718690000000002,29.070470000000004,29.421480000000003,29.771500000000003,30.120420000000003,30.46824,30.814740000000004,31.159810000000004,31.503560000000004,31.845660000000006,32.186330000000005,32.525240000000004,32.862610000000004,33.19833,33.53229,33.86449,34.195040000000006,34.523830000000004,34.850970000000004,35.17624,35.49986,35.82172,36.14182,36.46027,36.77707,37.092110000000005,37.4055,37.71735,38.027550000000005,38.3361,38.64311,38.94869,39.25262,39.55512000000001,39.856190000000005,40.15572,40.45393,40.750820000000004
24.554750000000002,24.234980000000004,23.91906,23.607430000000004,23.300750000000004,22.999570000000002,22.70455,22.41646,22.13596,21.863930000000003,21.60114,21.34847,21.1068,20.877010000000002,20.65998,20.4567,20.267940000000003,20.094580000000004,19.93739,19.797250000000002,19.67482,19.57043,19.48496,19.41841,19.37122,19.343390000000003,19.334920000000004,19.3457,19.375180000000004,19.42325,19.489030000000003,19.57197,19.67119,19.786030000000004,19.915280000000003,20.05817,20.213490000000004,20.380470000000003,20.55779,20.74446,20.939490000000003,21.142,21.350890000000003,21.565170000000002,21.78418,22.00682,22.232540000000004,22.460460000000005,22.68981,22.920260000000003,23.15093,23.381380000000004,23.611060000000002,23.839640000000003,24.06657,24.291630000000005,24.51427,24.734270000000002,24.951300000000003,25.165140000000005,25.375680000000003,25.58248,25.785540000000005,25.984640000000002,26.179560000000002,26.37019,26.556530000000002,26.738250000000004,26.91557,27.088050000000003,27.25591,27.418930000000003,27.57711,27.73034,27.878730000000004,28.02206,28.160330000000002,28.29354,28.421690000000005,28.544670000000004,28.66259,28.775340000000003,28.882920000000002,28.98522,29.082460000000005,29.174420000000005,29.261210000000002,29.342720000000003,29.418950000000002,29.49001,29.555790000000002,29.616180000000004,29.671400000000002,29.721230000000002,29.765780000000003,29.805050000000005,29.83893,29.867420000000003,29.890630000000005,29.908450000000002,29.920880000000004,29.927810000000004,29.929460000000002,29.925610000000002,29.91626,29.90152,29.88128,29.855540000000005,29.8243,29.787560000000003,29.745210000000004,29.69736,29.643900000000006,29.58483,29.520150000000005,29.449860000000005,29.373960000000004,29.292450000000002,29.205220000000004,29.112380000000005,29.013820000000003,28.909650000000003,28.799760000000003,28.684260000000002,28.563150000000004,28.436320000000002,28.30388,28.165830000000003,28.022280000000002,27.873120000000004,27.71846,27.558300000000003,27.392860000000002,27.22203,27.046030000000002,26.86475,26.678520000000002,26.487450000000003,26.29154,26.091010000000004,25.88597,25.676750000000002,25.46346,25.24643,25.025990000000004,24.80225,24.575650000000003,24.34663,24.115520000000004,23.88276,23.64879,23.414270000000002,23.179750000000002,22.945890000000002,22.71324,22.482680000000002,22.25487,22.0308,21.81113,21.596960000000003,21.389280000000003,21.18897,20.99724,20.815080000000002,20.64359,20.483870000000003,20.33702,20.204030000000003,20.08611,19.984140000000004,19.89911,19.831680000000002,19.78262,19.75259,19.74214,19.75149,19.780750000000005,19.83014,19.89955,19.988650000000003,20.09711,20.22449,20.370130000000003,20.53337,20.713330000000003,20.909350000000003,21.12033,21.345610000000004,21.584090000000003,21.83478,22.09691,22.36938,22.65142,22.94215,23.240800000000004,23.546380000000003,23.858340000000002,24.175910000000002,24.498320000000003,24.82513,25.155680000000004,25.489420000000003,25.825800000000005,26.164490000000004,26.505160000000004,26.847150000000003,27.190350000000002,27.53421,27.878730000000004,28.22347,28.56821,28.912840000000003,29.257030000000004,29.600560000000005,29.943540000000002,30.28564,30.626750000000005,30.96676,31.305670000000003,31.643370000000004,31.979750000000003,32.3147,32.64822,32.98031,33.31086,33.63987,33.96734,34.29327,34.61755,34.940290000000005,35.26138,35.58093,35.89872,36.21508000000001,36.529790000000006,36.84285,37.15448000000001,37.46446,37.7729,38.07991,38.385380000000005,38.689310000000006,38.99192000000001,39.29299,39.592740000000006,39.890950000000004,40.18795000000001,40.48352,40.77788
24.82271,24.513170000000002,24.207700000000003,23.906740000000003,23.610840000000003,23.320550000000004,23.036640000000002,22.75966,22.49027,22.229240000000004,21.977450000000005,21.73556,21.50445,21.284890000000004,21.077650000000002,20.88361,20.70343,20.5381,20.388170000000002,20.25441,20.13726,20.037380000000002,19.95499,19.89064,19.84433,19.816280000000003,19.80638,19.814410000000002,19.84015,19.883160000000004,19.942890000000002,20.018900000000002,20.110200000000003,20.21624,20.336140000000004,20.46891,20.61367,20.76954,20.93542,21.110540000000004,21.2938,21.484430000000003,21.681330000000003,21.883730000000003,22.090860000000003,22.30195,22.516120000000004,22.73271,22.951060000000002,23.170730000000002,23.39084,23.611060000000002,23.83095,24.04985,24.26754,24.48358,24.697640000000003,24.909280000000003,25.11839,25.324640000000002,25.527700000000003,25.727570000000004,25.923810000000003,26.11642,26.30518,26.489870000000003,26.6706,26.847040000000003,27.019080000000002,27.18683,27.349960000000003,27.508580000000002,27.662580000000002,27.811850000000003,27.956390000000003,28.09609,28.231060000000003,28.361080000000005,28.48626,28.606490000000004,28.721770000000003,28.83199,28.93737,29.037580000000002,29.13284,29.22293,29.30807,29.388040000000004,29.462950000000003,29.5328,29.59737,29.65688,29.711220000000004,29.76039,29.80439,29.843220000000002,29.87688,29.905150000000003,29.92836,29.946180000000002,29.958830000000003,29.966200000000004,29.968180000000004,29.964990000000004,29.956300000000002,29.942440000000005,29.923080000000002,29.89844,29.86841,29.832990000000002,29.792180000000002,29.74587,29.694170000000003,29.63697,29.57438,29.50629,29.432700000000004,29.35361,29.26902,29.17893,29.08334,28.982250000000004,28.87566,28.763680000000004,28.64609,28.523220000000002,28.394740000000002,28.260980000000004,28.121720000000003,27.977290000000004,27.82747,27.672480000000004,27.512320000000003,27.347100000000005,27.176820000000003,27.001700000000003,26.821850000000005,26.63727,26.448290000000004,26.25491,26.057350000000003,25.855940000000004,25.65079,25.442120000000003,25.23037,25.01565,24.7984,24.579060000000002,24.357960000000002,24.13543,23.91213,23.68861,23.465200000000003,23.24278,23.0219,22.803110000000004,22.587400000000002,22.37554,22.16819,21.966340000000002,21.77087,21.58277,21.40292,21.23253,21.072370000000003,20.923540000000003,20.787140000000004,20.66394,20.55504,20.46121,20.38333,20.32206,20.278280000000002,20.25221,20.244510000000002,20.2554,20.2851,20.33361,20.40093,20.486840000000004,20.5909,20.71278,20.85204,21.00791,21.179840000000002,21.367060000000002,21.568690000000004,21.78396,22.0121,22.25212,22.50325,22.76461,23.03543,23.31483,23.60204,23.896400000000003,24.19714,24.503600000000002,24.815230000000003,25.13126,25.45136,25.77476,26.101240000000004,26.43014,26.76113,27.093880000000002,27.427950000000003,27.763230000000004,28.09917,28.435660000000002,28.772370000000002,29.109190000000005,29.445790000000002,29.78217,30.118000000000002,30.453280000000003,30.787790000000005,31.121420000000004,31.45417,31.785820000000005,32.11637,32.44571,32.77373,33.10054,33.426030000000004,33.75009,34.072720000000004,34.39392,34.7138,35.032030000000006,35.34894,35.66431,35.97825000000001,36.29065000000001,36.60151,36.91105,37.21905000000001,37.525619999999996,37.830650000000006,38.13436,38.43675,38.73760000000001,39.037130000000005,39.33534,39.63223,39.92769,40.22194,40.51498,40.806700000000006
25.08902,24.78938,24.49392,24.203190000000003,23.917520000000003,23.637790000000003,23.364220000000003,23.097800000000003,22.83886,22.588390000000004,22.346830000000004,22.115060000000003,21.893740000000005,21.68353,21.48542,21.299960000000002,21.127810000000004,20.969850000000005,20.826520000000002,20.698480000000004,20.586280000000002,20.490250000000003,20.41083,20.34835,20.30292,20.274430000000002,20.2631,20.268710000000002,20.290820000000004,20.329210000000003,20.38344,20.45285,20.53689,20.634900000000002,20.745890000000003,20.869310000000002,21.004170000000002,21.149700000000003,21.305020000000003,21.46914,21.64129,21.820590000000003,22.006270000000004,22.197450000000003,22.393360000000005,22.593230000000002,22.796400000000002,23.00221,23.210000000000004,23.41922,23.629320000000003,23.839640000000003,24.04985,24.259620000000005,24.468290000000003,24.675530000000002,24.881120000000003,25.084730000000004,25.286030000000004,25.48469,25.680600000000002,25.873540000000002,26.063070000000003,26.2493,26.432010000000002,26.610870000000002,26.78599,26.957040000000003,27.124130000000005,27.28693,27.445550000000004,27.59977,27.74959,27.894900000000003,28.035700000000002,28.171880000000005,28.303440000000002,28.430380000000003,28.552590000000002,28.669960000000003,28.782600000000002,28.890510000000003,28.993470000000002,29.09159,29.184870000000004,29.2732,29.35669,29.43512,29.508710000000004,29.577240000000003,29.640820000000005,29.699340000000003,29.752910000000004,29.80142,29.84487,29.88326,29.916590000000003,29.944750000000003,29.967850000000002,29.985780000000002,29.99865,30.006350000000005,30.008770000000002,30.006130000000002,29.998210000000004,29.985120000000002,29.96686,29.943320000000003,29.914500000000004,29.880400000000005,29.84102,29.79636,29.746420000000004,29.691090000000003,29.630590000000005,29.564590000000003,29.493310000000005,29.41675,29.3348,29.247570000000003,29.154950000000003,29.056940000000004,28.953760000000003,28.845080000000003,28.73123,28.6121,28.48769,28.358110000000003,28.22336,28.083550000000002,27.938570000000006,27.78864,27.633760000000002,27.474150000000005,27.309700000000003,27.140520000000002,26.96694,26.788960000000003,26.6068,26.420460000000002,26.230380000000004,26.03656,25.839330000000004,25.639020000000002,25.435740000000003,25.22982,25.021810000000002,24.81182,24.600400000000004,24.387990000000002,24.17492,23.961850000000002,23.74933,23.53791,23.32825,23.1209,22.916740000000004,22.716430000000003,22.520740000000004,22.330550000000002,22.146740000000005,21.97008,21.801560000000002,21.642170000000004,21.49268,21.354080000000003,21.22725,21.11318,21.01264,20.9264,20.85523,20.7999,20.760740000000002,20.73852,20.733460000000004,20.745890000000003,20.775920000000003,20.823770000000003,20.88922,20.972160000000002,21.072260000000004,21.189300000000003,21.32273,21.471890000000002,21.63645,21.815420000000003,22.008360000000003,22.2145,22.43296,22.66297,22.903760000000002,23.154670000000003,23.414820000000002,23.68355,23.96009,24.24367,24.53374,24.829750000000004,25.13082,25.43662,25.74649,26.059990000000003,26.37668,26.696120000000004,27.017870000000002,27.34149,27.66676,27.993350000000003,28.321040000000004,28.64939,28.978180000000005,29.3073,29.63653,29.96576,30.294550000000005,30.62301,30.951030000000003,31.278280000000002,31.604760000000002,31.930470000000003,32.255190000000006,32.578920000000004,32.90155,33.22308,33.543400000000005,33.86251,34.18041,34.496880000000004,34.81214000000001,35.12608,35.438700000000004,35.74989,36.05976,36.36831,36.67543,36.981230000000004,37.2856,37.58876,37.89049000000001,38.190900000000006,38.489990000000006,38.787760000000006,39.08432,39.37956,39.673480000000005,39.966300000000004,40.2578,40.54809,40.83728000000001
25.353240000000003,25.063060000000004,24.77728,24.496230000000004,24.220460000000003,23.95063,23.687070000000002,23.43055,23.181510000000003,22.940830000000002,22.708840000000002,22.486530000000002,22.274340000000002,22.073040000000002,21.88329,21.705750000000002,21.54108,21.38972,21.25244,21.12968,21.021990000000002,20.92948,20.85281,20.791870000000003,20.747100000000003,20.718390000000003,20.705630000000003,20.708820000000003,20.72763,20.761840000000003,20.81079,20.874260000000003,20.951480000000004,21.041790000000002,21.144750000000002,21.25937,21.384990000000002,21.52084,21.666150000000002,21.820040000000002,21.981740000000002,22.15048,22.325490000000002,22.505890000000004,22.69113,22.88044,23.07316,23.268630000000005,23.46619,23.6654,23.865710000000004,24.06657,24.26754,24.468290000000003,24.66816,24.867040000000003,25.064490000000003,25.260180000000002,25.453780000000002,25.645180000000003,25.833940000000002,26.02006,26.203100000000003,26.383060000000004,26.559720000000002,26.732860000000006,26.902480000000004,27.068250000000003,27.23028,27.38835,27.542350000000003,27.692280000000004,27.837920000000004,27.979380000000003,28.116440000000004,28.24921,28.377360000000003,28.501220000000004,28.620350000000002,28.735080000000004,28.845080000000003,28.950460000000003,29.05122,29.14725,29.238550000000004,29.325120000000002,29.406850000000002,29.48385,29.55601,29.623440000000002,29.685920000000003,29.743450000000003,29.79625,29.8441,29.887000000000004,29.924950000000003,29.957950000000004,29.986000000000004,30.00899,30.027140000000003,30.04012,30.048150000000003,30.05112,30.049030000000002,30.041880000000003,30.029670000000003,30.01229,29.989850000000004,29.96224,29.929570000000002,29.891730000000003,29.848720000000004,29.80054,29.747190000000003,29.688560000000003,29.62487,29.55601,29.481870000000004,29.402560000000005,29.318080000000002,29.228430000000003,29.13361,29.033620000000003,28.928570000000004,28.818350000000002,28.70307,28.582620000000002,28.457330000000002,28.326980000000002,28.19168,28.051650000000002,27.906670000000005,27.757070000000002,27.60296,27.444230000000005,27.281100000000002,27.113680000000002,26.94219,26.766740000000002,26.587440000000004,26.404510000000002,26.218280000000004,26.02886,25.83658,25.64166,25.44443,25.24533,25.044470000000004,24.84251,24.639780000000002,24.43672,24.233880000000003,24.031810000000004,23.83095,23.63196,23.43561,23.24245,23.053140000000003,22.868560000000002,22.68948,22.51667,22.3509,22.19294,22.04389,21.904410000000002,21.775380000000002,21.657680000000003,21.552080000000004,21.459350000000004,21.38015,21.315250000000002,21.265310000000003,21.23066,21.211850000000002,21.209319999999998,21.223180000000003,21.253760000000003,21.30095,21.36475,21.445050000000002,21.54163,21.65416,21.7822,21.92531,22.08294,22.254540000000002,22.43945,22.636900000000004,22.84634,23.06711,23.29833,23.539340000000003,23.78948,24.048090000000002,24.314400000000003,24.58786,24.867700000000003,25.153590000000005,25.44465,25.740550000000002,26.040630000000004,26.34456,26.6519,26.96199,27.274720000000002,27.58954,27.90623,28.22446,28.543900000000004,28.864220000000003,29.18542,29.506950000000003,29.828920000000004,30.150890000000004,30.472860000000004,30.794610000000002,31.116030000000002,31.437010000000004,31.757440000000003,32.0771,32.396100000000004,32.714220000000005,33.03146,33.34771,33.66286,33.97702,34.29008,34.60193,34.91268,35.22211,35.530440000000006,35.83756,36.14336,36.447950000000006,36.75122,37.05339,37.354130000000005,37.65377,37.952090000000005,38.2492,38.544990000000006,38.83968,39.133160000000004,39.42543,39.71649,40.00645000000001,40.2952,40.58296,40.869510000000005
25.61493,25.33388,25.05723,24.78553,24.51922,24.258740000000003,24.00464,23.75747,23.517780000000002,23.286340000000003,23.063480000000002,22.849860000000003,22.646250000000002,22.453200000000002,22.27126,22.10098,21.94313,21.798040000000004,21.66626,21.548340000000003,21.44461,21.355400000000003,21.28104,21.22164,21.17742,21.14838,21.134300000000003,21.13529,21.151020000000003,21.181160000000002,21.225270000000002,21.28313,21.353970000000004,21.43735,21.532610000000002,21.639090000000003,21.756130000000002,21.88296,22.018810000000002,22.16302,22.314930000000004,22.47366,22.638550000000002,22.80883,22.983950000000004,23.163140000000002,23.345850000000002,23.53142,23.7193,23.90894,24.0999,24.291630000000005,24.48358,24.675530000000002,24.867040000000003,25.05767,25.24709,25.435080000000003,25.621310000000005,25.80556,25.98739,26.166800000000002,26.34357,26.517370000000003,26.688090000000003,26.855620000000002,27.019740000000002,27.18045,27.33753,27.490870000000005,27.640360000000005,27.785890000000002,27.927570000000003,28.065070000000002,28.198500000000003,28.327750000000005,28.452710000000003,28.57327,28.68965,28.80152,28.908990000000003,29.011950000000002,29.110400000000002,29.204340000000002,29.293770000000002,29.37847,29.458660000000002,29.53412,29.604960000000002,29.671070000000004,29.73245,29.78921,29.841130000000003,29.88821,29.93056,29.968180000000004,30.00096,30.02879,30.051890000000004,30.070040000000002,30.083240000000004,30.091710000000003,30.095120000000005,30.093690000000002,30.087200000000003,30.075870000000002,30.05948,30.038140000000002,30.011850000000003,29.980500000000003,29.944090000000003,29.902730000000002,29.85631,29.804940000000006,29.748400000000004,29.68691,29.620360000000005,29.548750000000002,29.472080000000002,29.39046,29.303780000000003,29.212040000000002,29.11535,29.013710000000003,28.907120000000003,28.795690000000004,28.67931,28.558200000000003,28.432250000000003,28.30157,28.16627,28.026350000000004,27.882030000000004,27.733310000000003,27.58019,27.423000000000002,27.261740000000003,27.09663,26.927780000000002,26.75541,26.57963,26.40077,26.219050000000003,26.03469,25.847910000000002,25.65915,25.468630000000005,25.276790000000002,25.08396,24.890580000000003,24.697200000000002,24.50415,24.31209,24.121460000000003,23.932810000000003,23.746800000000004,23.564200000000003,23.385450000000002,23.21143,23.042910000000003,22.88044,22.7249,22.577060000000003,22.437690000000003,22.30756,22.18755,22.07832,21.98064,21.89517,21.822680000000002,21.76361,21.71862,21.68826,21.67275,21.672530000000002,21.687820000000002,21.71884,21.76548,21.82785,21.90584,21.999230000000004,22.10769,22.230780000000003,22.368280000000002,22.519640000000003,22.68431,22.86174,23.051270000000002,23.252350000000003,23.46432,23.686410000000002,23.918290000000002,24.158970000000004,24.40801,24.664640000000002,24.92842,25.198580000000003,25.474790000000002,25.75628,26.042720000000003,26.33345,26.628140000000002,26.926240000000004,27.227530000000005,27.531460000000003,27.8377,28.14603,28.456010000000003,28.76742,29.07993,29.393430000000002,29.707700000000003,30.02241,30.33734,30.652600000000003,30.967640000000003,31.282680000000003,31.597390000000004,31.91166,32.22549,32.53877,32.85128,33.16302,33.47410000000001,33.78419,34.0934,34.40151,34.708740000000006,35.01498,35.32001,35.624050000000004,35.92699,36.22872,36.52935,36.828880000000005,37.12720000000001,37.42442,37.72043,38.01534,38.30915000000001,38.60175,38.89325,39.18365,39.472950000000004,39.76104,40.048140000000004,40.33425,40.61915,40.90317
25.87365,25.601290000000002,25.333550000000002,25.07065,24.813250000000004,24.561790000000002,24.316600000000005,24.07834,23.84756,23.6247,23.410310000000003,23.205050000000004,23.00936,22.823900000000002,22.64922,22.485760000000003,22.33418,22.19481,22.068090000000005,21.95457,21.854580000000002,21.768340000000002,21.696070000000002,21.637990000000002,21.59421,21.56473,21.54944,21.548340000000003,21.5611,21.587500000000002,21.62721,21.67968,21.744690000000002,21.821470000000005,21.90969,22.008470000000003,22.11748,22.235840000000003,22.36289,22.49808,22.64064,22.789910000000003,22.945230000000002,23.105940000000004,23.27149,23.441110000000002,23.614250000000002,23.790360000000003,23.969,24.149400000000004,24.33134,24.51427,24.697640000000003,24.881120000000003,25.064490000000003,25.24709,25.42892,25.609430000000003,25.7884,25.96561,26.14073,26.313650000000003,26.48404,26.6519,26.816790000000005,26.978820000000002,27.137660000000004,27.293200000000002,27.44544,27.594050000000003,27.739140000000003,27.88049,28.018100000000004,28.151860000000003,28.281660000000002,28.407390000000003,28.529050000000005,28.64664,28.76005,28.869170000000004,28.974110000000003,29.074650000000002,29.1709,29.26275,29.3502,29.43325,29.511680000000002,29.585710000000002,29.65523,29.72013,29.780520000000003,29.83629,29.88744,29.933970000000006,29.97577,30.012950000000004,30.0454,30.073120000000003,30.096220000000002,30.11448,30.12801,30.1367,30.140660000000004,30.139780000000002,30.13417,30.123610000000003,30.10821,30.08808,30.063,30.032970000000002,29.998210000000004,29.9585,29.913840000000004,29.864340000000002,29.809890000000003,29.750600000000002,29.686360000000004,29.617280000000004,29.543250000000004,29.464490000000005,29.380670000000006,29.292120000000004,29.19873,29.100610000000003,28.99765,28.889960000000002,28.77765,28.660610000000002,28.539060000000003,28.413,28.282430000000005,28.147460000000002,28.00831,27.864980000000003,27.717470000000002,27.566110000000002,27.41101,27.252170000000003,27.08981,26.924150000000004,26.75541,26.583810000000003,26.409570000000002,26.23291,26.054050000000004,25.873540000000002,25.69149,25.50823,25.324420000000003,25.140170000000005,24.956030000000002,24.77244,24.589950000000005,24.409110000000002,24.23036,24.054360000000003,23.88177,23.713140000000003,23.54913,23.390510000000003,23.237940000000002,23.09208,22.9537,22.82346,22.702240000000003,22.590590000000002,22.489280000000004,22.39908,22.32043,22.254100000000005,22.200530000000004,22.160270000000004,22.133760000000002,22.12144,22.123420000000003,22.140140000000002,22.1716,22.217910000000003,22.27896,22.354860000000002,22.445280000000004,22.55,22.66869,22.801020000000005,22.94655,23.104730000000004,23.275230000000004,23.45739,23.650660000000002,23.854380000000003,24.06811,24.29119,24.523070000000004,24.762980000000002,25.01048,25.265130000000003,25.52605,25.793020000000002,26.06538,26.34258,26.6244,26.91018,27.199480000000005,27.49208,27.78754,28.085420000000003,28.385610000000003,28.68756,28.99116,29.296190000000003,29.602210000000003,29.909110000000002,30.21678,30.524890000000003,30.833330000000004,31.141880000000004,31.450540000000004,31.759090000000004,32.067310000000006,32.37531,32.68287,32.98988,33.29623,33.60203,33.90706,34.21132,34.514700000000005,34.81720000000001,35.118930000000006,35.41956,35.71931,36.01807,36.31573,36.6124,36.90808,37.20266,37.49625,37.788740000000004,38.08024,38.37064,38.66005,38.94836000000001,39.23557,39.5219,39.80713,40.091370000000005,40.37462,40.65688,40.93815000000001
26.12907,25.865070000000003,25.605800000000002,25.351370000000003,25.10244,24.859450000000002,24.62273,24.392940000000003,24.17041,23.95569,23.74922,23.551660000000002,23.36356,23.185140000000004,23.017170000000004,22.860090000000003,22.71423,22.580140000000004,22.45815,22.3487,22.252010000000002,22.16841,22.098120000000005,22.041250000000005,21.9978,21.96788,21.95149,21.9483,21.95831,21.9813,22.016720000000003,22.06435,22.123860000000004,22.194480000000002,22.275990000000004,22.36773,22.469150000000003,22.579480000000004,22.69839,22.825000000000003,22.95887,23.099230000000002,23.245530000000002,23.39711,23.55353,23.71402,23.878030000000003,24.045230000000004,24.214850000000002,24.38656,24.559810000000002,24.734270000000002,24.909280000000003,25.084730000000004,25.260180000000002,25.435080000000003,25.609430000000003,25.782680000000003,25.95461,26.125000000000004,26.29352,26.46017,26.6244,26.78632,26.945710000000002,27.102240000000002,27.2558,27.406390000000002,27.553790000000003,27.698,27.838690000000003,27.975860000000004,28.10951,28.239420000000003,28.36559,28.488020000000002,28.606490000000004,28.721,28.831550000000004,28.938030000000005,29.040330000000004,29.138560000000002,29.23261,29.322370000000003,29.407950000000003,29.489240000000002,29.56613,29.63862,29.70682,29.77062,29.82991,29.884690000000003,29.935070000000003,29.980940000000004,30.0223,30.059040000000003,30.09127,30.118880000000004,30.141980000000004,30.160350000000005,30.174100000000003,30.183230000000002,30.187630000000002,30.187410000000003,30.182460000000003,30.172890000000002,30.15848,30.139450000000004,30.115690000000004,30.087090000000003,30.053760000000004,30.015700000000002,29.972910000000002,29.92528,29.87292,29.815830000000002,29.75401,29.687350000000002,29.616070000000004,29.539950000000005,29.459210000000002,29.37374,29.283650000000005,29.188940000000002,29.089610000000004,28.985770000000002,28.87731,28.764450000000004,28.647190000000002,28.525640000000003,28.399800000000003,28.26989,28.135800000000003,27.997750000000003,27.85585,27.71021,27.56105,27.40837,27.252390000000002,27.093440000000005,26.931520000000003,26.767070000000004,26.60009,26.43091,26.25997,26.087380000000003,25.913470000000004,25.738680000000002,25.563450000000003,25.388,25.212880000000002,25.038420000000002,24.865170000000003,24.69368,24.524500000000003,24.35807,24.195050000000002,24.03599,23.88155,23.732280000000003,23.589060000000003,23.45233,23.322860000000002,23.20131,23.088340000000002,22.98461,22.890890000000002,22.807510000000004,22.735350000000004,22.67474,22.626340000000003,22.590480000000003,22.567710000000005,22.55825,22.56243,22.580470000000002,22.612370000000002,22.658350000000002,22.71841,22.792330000000003,22.880110000000002,22.98142,23.095930000000003,23.223530000000004,23.363670000000003,23.51602,23.680030000000002,23.85526,24.04127,24.2374,24.44321,24.65804,24.88145,25.11289,25.351810000000004,25.597550000000002,25.849780000000003,26.107950000000002,26.37151,26.640020000000003,26.91315,27.190350000000002,27.471180000000004,27.75542,28.042630000000003,28.33248,28.624640000000003,28.91889,29.214900000000004,29.512340000000002,29.811210000000003,30.110960000000002,30.4117,30.71299,31.014830000000003,31.317,31.619390000000003,31.921780000000002,32.22406,32.52623,32.82818,33.129690000000004,33.43076000000001,33.731280000000005,34.03125,34.330670000000005,34.62921000000001,34.9272,35.22431,35.520540000000004,35.816,36.110580000000006,36.40417000000001,36.69699000000001,36.988710000000005,37.27966,37.56951,37.85848000000001,38.146570000000004,38.43356,38.71967,39.00479,39.289030000000004,39.57217,39.85454000000001,40.135920000000006,40.41631,40.695820000000005,40.97445
26.380970000000005,26.12489,25.873540000000002,25.62725,25.386460000000003,25.1515,24.922810000000002,24.700940000000003,24.486220000000003,24.27909,24.080210000000005,23.88991,23.708630000000003,23.536920000000002,23.375220000000002,23.22397,23.0835,22.954250000000002,22.836550000000003,22.730840000000004,22.637230000000002,22.556050000000003,22.487520000000004,22.43164,22.388520000000003,22.358160000000005,22.34056,22.335610000000003,22.342980000000004,22.36267,22.39413,22.437250000000002,22.491480000000003,22.556490000000004,22.631840000000004,22.716870000000004,22.81114,22.9141,23.0252,23.143780000000003,23.2694,23.401290000000003,23.539120000000004,23.68212,23.82985,23.981650000000002,24.13708,24.29559,24.45674,24.620090000000005,24.78498,24.951300000000003,25.11839,25.286030000000004,25.453780000000002,25.621310000000005,25.7884,25.95461,26.11972,26.283510000000003,26.44565,26.606030000000004,26.76443,26.92063,27.07441,27.22566,27.374160000000003,27.519910000000003,27.662580000000002,27.80217,27.938680000000005,28.071780000000004,28.20147,28.327750000000005,28.450400000000002,28.569420000000004,28.684700000000003,28.79624,28.903930000000003,29.00777,29.107650000000003,29.203570000000003,29.295420000000004,29.383200000000002,29.466800000000003,29.54633,29.62168,29.692740000000004,29.759620000000005,29.822210000000002,29.880510000000005,29.934410000000003,29.98402,30.029230000000002,30.07015,30.10656,30.138460000000002,30.165960000000002,30.189060000000005,30.207540000000005,30.22162,30.231080000000002,30.236030000000003,30.236470000000004,30.23229,30.2236,30.21018,30.192250000000005,30.169700000000002,30.142530000000004,30.110740000000003,30.074440000000003,30.033410000000003,29.987650000000006,29.937380000000005,29.882490000000004,29.82298,29.758960000000002,29.69021,29.61695,29.53918,29.45679,29.36989,29.278590000000005,29.182890000000004,29.082790000000003,28.978290000000005,28.86961,28.75664,28.639490000000006,28.51838,28.393200000000004,28.264280000000003,28.131400000000003,27.995,27.855080000000005,27.711640000000003,27.565120000000004,27.415520000000004,27.262950000000004,27.107850000000003,26.95022,26.790390000000002,26.628690000000002,26.465230000000002,26.300340000000002,26.134460000000004,25.96792,25.800940000000004,25.633960000000002,25.467420000000004,25.30176,25.13753,24.975060000000003,24.8149,24.657600000000002,24.503600000000002,24.353670000000005,24.208360000000003,24.06811,23.933690000000002,23.805650000000004,23.684540000000002,23.571240000000003,23.46608,23.369830000000004,23.28304,23.20626,23.140040000000003,23.084930000000004,23.04126,23.009690000000003,22.990330000000004,22.983620000000002,22.98989,23.009140000000002,23.041590000000003,23.08735,23.146420000000003,23.218580000000003,23.303940000000004,23.402060000000002,23.51294,23.636140000000005,23.77133,23.918070000000004,24.076140000000002,24.24499,24.424180000000003,24.61316,24.811490000000003,25.018620000000002,25.234220000000004,25.457520000000002,25.688190000000002,25.92568,26.169550000000005,26.41925,26.674450000000004,26.934600000000003,27.199370000000002,27.468320000000002,27.741120000000002,28.017220000000002,28.29651,28.57855,28.863010000000003,29.149670000000004,29.438200000000002,29.72838,30.020100000000003,30.312920000000005,30.606840000000002,30.901530000000005,31.196880000000004,31.492670000000004,31.788790000000002,32.08524,32.38169,32.67814,32.97448000000001,33.27049,33.566390000000006,33.861740000000005,34.156650000000006,34.45112,34.74504,35.03830000000001,35.3309,35.622730000000004,35.913900000000005,36.204299999999996,36.49393,36.78279,37.07077,37.357870000000005,37.64409,37.92954,38.21411,38.4978,38.78061,39.062540000000006,39.343590000000006,39.623760000000004,39.90316,40.18157,40.459210000000006,40.73597,41.01196
26.628800000000002,26.38042,26.136770000000002,25.898180000000004,25.664980000000003,25.437720000000002,25.216620000000002,25.00223,24.794880000000003,24.595010000000002,24.40306,24.219580000000004,24.04479,23.879240000000003,23.723370000000003,23.577510000000004,23.44199,23.317250000000005,23.203620000000004,23.101210000000002,23.010460000000002,22.931480000000004,22.864490000000004,22.809600000000003,22.7667,22.7359,22.717200000000002,22.710380000000004,22.715440000000005,22.731940000000005,22.759770000000003,22.7986,22.847990000000003,22.90772,22.977130000000002,23.05589,23.14356,23.23948,23.343320000000002,23.45442,23.572230000000005,23.696200000000005,23.82589,23.96075,24.100230000000003,24.24389,24.391070000000003,24.541440000000005,24.694450000000003,24.84966,25.00674,25.165140000000005,25.324640000000002,25.48469,25.645180000000003,25.80556,25.96561,26.125000000000004,26.283510000000003,26.440920000000002,26.5969,26.75123,26.9038,27.05439,27.202780000000004,27.348860000000002,27.49241,27.633320000000005,27.771480000000004,27.906670000000005,28.038890000000002,28.16803,28.293870000000002,28.416520000000006,28.535760000000003,28.651480000000003,28.763680000000004,28.87225,28.977190000000004,29.078390000000002,29.17574,29.269350000000003,29.359000000000005,29.444800000000004,29.526640000000004,29.60441,29.678220000000003,29.747960000000003,29.813520000000004,29.8749,29.93221,29.98534,30.034180000000003,30.078730000000004,30.119100000000003,30.15518,30.186970000000002,30.214360000000003,30.23735,30.256050000000005,30.27035,30.280250000000002,30.28575,30.28674,30.283330000000003,30.27552,30.2632,30.246370000000002,30.225140000000003,30.199400000000004,30.169150000000002,30.134390000000003,30.095120000000005,30.051450000000003,30.003270000000004,29.950580000000002,29.89338,29.831780000000006,29.76567,29.69516,29.620360000000005,29.541050000000002,29.45745,29.369560000000003,29.27738,29.18102,29.080480000000005,28.97576,28.86708,28.754440000000002,28.637840000000004,28.517500000000002,28.393530000000002,28.265820000000005,28.134810000000005,28.00039,27.86278,27.722200000000004,27.578760000000003,27.432570000000002,27.28407,27.13315,26.98036,26.8257,26.669610000000002,26.512310000000003,26.354130000000005,26.195400000000003,26.03656,25.877720000000004,25.719540000000002,25.562460000000005,25.406700000000004,25.252810000000004,25.101340000000004,24.952730000000003,24.80753,24.66629,24.529560000000004,24.39789,24.27183,24.15193,24.038850000000004,23.93314,23.835460000000005,23.74614,23.665950000000002,23.59533,23.53483,23.48478,23.44573,23.418010000000002,23.401950000000003,23.397880000000004,23.40602,23.42648,23.45959,23.505130000000005,23.56332,23.63394,23.717100000000002,23.81236,23.91972,24.038850000000004,24.169420000000002,24.31121,24.46367,24.62647,24.79928,24.981550000000002,25.17295,25.37282,25.580940000000005,25.79665,26.01951,26.249080000000003,26.485030000000002,26.726810000000004,26.97398,27.226100000000002,27.482950000000002,27.74387,28.00875,28.27715,28.548740000000002,28.82319,29.100170000000002,29.37946,29.660840000000004,29.943980000000003,30.22866,30.514660000000003,30.80187,31.090070000000004,31.37904,31.668670000000002,31.958740000000002,32.249140000000004,32.53987000000001,32.83071,33.12144,33.41217,33.70279,33.99308,34.28304,34.57267,34.86175,35.1505,35.438590000000005,35.72613,36.01301,36.29923,36.58479,36.86969,37.15382,37.437180000000005,37.71988,38.0017,38.28286,38.563140000000004,38.842650000000006,39.121390000000005,39.39936,39.67645,39.95288,40.22843,40.50321,40.77722,41.05057
26.872450000000004,26.63144,26.39505,26.16372,25.93789,25.71778,25.503940000000004,25.296590000000002,25.09617,24.90312,24.71777,24.540560000000003,24.371930000000003,24.2121,24.06162,23.920820000000003,23.78992,23.669360000000005,23.55936,23.460140000000003,23.371920000000003,23.29503,23.229470000000003,23.175240000000002,23.13256,23.10132,23.08163,23.07316,23.075800000000005,23.089440000000003,23.113860000000003,23.14862,23.193500000000004,23.248170000000002,23.312190000000005,23.38512,23.466520000000003,23.555840000000003,23.652750000000005,23.756700000000002,23.867250000000002,23.98374,24.105840000000004,24.233000000000004,24.36467,24.500410000000002,24.63989,24.78234,24.927650000000003,25.075270000000003,25.22465,25.375680000000003,25.527700000000003,25.680600000000002,25.833940000000002,25.98739,26.14073,26.29352,26.44565,26.5969,26.746830000000003,26.89544,27.0424,27.187490000000004,27.330600000000004,27.47162,27.610330000000005,27.74651,27.880270000000003,28.011170000000003,28.13932,28.2645,28.386600000000005,28.505620000000004,28.621450000000003,28.733980000000003,28.843100000000003,28.94881,29.051000000000002,29.149670000000004,29.244600000000002,29.335900000000002,29.42357,29.50739,29.587360000000004,29.66348,29.73575,29.804060000000003,29.86841,29.92869,29.985010000000003,30.037260000000003,30.085330000000003,30.129330000000003,30.16926,30.204900000000002,30.236470000000004,30.26375,30.28685,30.305770000000003,30.320290000000004,30.330630000000003,30.336570000000005,30.338330000000003,30.335690000000003,30.328760000000003,30.31743,30.301810000000003,30.28179,30.25748,30.22877,30.195660000000004,30.158260000000002,30.11646,30.070260000000005,30.019770000000005,29.964990000000004,29.905810000000002,29.842340000000004,29.774690000000003,29.702640000000002,29.626520000000003,29.546110000000002,29.461520000000004,29.372860000000003,29.280240000000003,29.183550000000004,29.082900000000002,28.978400000000004,28.870050000000003,28.75807,28.64246,28.52333,28.40079,28.27506,28.146140000000003,28.014140000000005,27.87939,27.742,27.602080000000004,27.459850000000003,27.315640000000002,27.169560000000004,27.021940000000004,26.873,26.722960000000004,26.572260000000004,26.421230000000005,26.270090000000003,26.119280000000003,25.969130000000003,25.82008,25.67246,25.52693,25.383820000000004,25.243460000000002,25.106620000000003,24.97363,24.845150000000004,24.721510000000002,24.603370000000005,24.491280000000003,24.385790000000004,24.28734,24.19648,24.113870000000002,24.03984,23.975050000000003,23.91983,23.874620000000004,23.83986,23.815770000000004,23.8029,23.80125,23.81126,23.83293,23.866480000000003,23.912020000000002,23.969440000000002,24.038740000000004,24.1197,24.21243,24.316600000000005,24.43199,24.558380000000003,24.695330000000002,24.84262,24.999920000000003,25.16668,25.342790000000004,25.527480000000004,25.720640000000003,25.921610000000005,26.13006,26.345660000000002,26.567750000000004,26.796110000000002,27.030190000000005,27.269770000000005,27.514300000000006,27.763340000000003,28.01678,28.274070000000005,28.53499,28.799100000000003,29.066180000000003,29.335900000000002,29.608150000000002,29.882490000000004,30.158700000000003,30.43656,30.716070000000002,30.99668,31.2785,31.561200000000003,31.844670000000004,32.1288,32.41348,32.69838,32.98361,33.26906,33.5544,33.839850000000006,34.125080000000004,34.410090000000004,34.694880000000005,34.97934,35.26347,35.547160000000005,35.8303,36.113,36.39515,36.67664,36.95758,37.237970000000004,37.517590000000006,37.79655,38.074960000000004,38.3526,38.629470000000005,38.905680000000004,39.181230000000006,39.456010000000006,39.73013,40.00359,40.27617,40.54820000000001,40.81946000000001,41.09006
27.1117,26.877620000000004,26.64816,26.42387,26.204970000000003,25.99168,25.784660000000002,25.58391,25.390090000000004,25.20342,25.024230000000003,24.85296,24.68994,24.535610000000002,24.39019,24.25401,24.1274,24.01069,23.90399,23.807740000000003,23.721940000000004,23.646810000000002,23.582460000000005,23.529000000000003,23.486540000000005,23.454860000000004,23.434070000000002,23.42395,23.424500000000005,23.43539,23.456510000000005,23.487530000000003,23.52823,23.57817,23.63702,23.70445,23.780020000000004,23.86318,23.9536,24.05095,24.154460000000004,24.264020000000002,24.378860000000003,24.49865,24.62295,24.751320000000003,24.883320000000005,25.018400000000003,25.15623,25.296480000000003,25.438710000000004,25.58248,25.727570000000004,25.873540000000002,26.02006,26.166800000000002,26.313650000000003,26.46017,26.606030000000004,26.75123,26.89544,27.038330000000002,27.17979,27.3196,27.457760000000004,27.593830000000004,27.727700000000002,27.85948,27.98873,28.115450000000003,28.23964,28.360970000000002,28.47944,28.59494,28.70747,28.81681,28.922960000000003,29.025810000000003,29.12536,29.221390000000003,29.314120000000003,29.40322,29.488690000000002,29.570640000000004,29.64885,29.72332,29.794050000000002,29.861040000000003,29.924070000000004,29.98336,30.038690000000003,30.090060000000005,30.137470000000004,30.180920000000004,30.22041,30.25572,30.287070000000003,30.31435,30.33745,30.356480000000005,30.37133,30.382110000000004,30.388600000000004,30.39091,30.38915,30.383100000000002,30.372760000000003,30.358350000000005,30.33965,30.316660000000002,30.289490000000004,30.25803,30.222390000000004,30.182570000000002,30.138460000000002,30.090170000000004,30.03759,29.980940000000004,29.92011,29.8551,29.78602,29.712870000000002,29.635760000000005,29.554470000000002,29.46933,29.38034,29.2875,29.190810000000003,29.09038,28.986430000000002,28.87896,28.767970000000002,28.65368,28.5362,28.415530000000004,28.292,28.16561,28.03647,27.905020000000004,27.771150000000002,27.635190000000005,27.49747,27.35799,27.217080000000003,27.075070000000004,26.932180000000002,26.788740000000004,26.64497,26.50142,26.3582,26.21575,26.074510000000004,25.934810000000002,25.797200000000004,25.662010000000002,25.529680000000003,25.400760000000002,25.275690000000004,25.15491,25.03897,24.92842,24.823700000000002,24.725250000000003,24.633730000000003,24.54947,24.47302,24.40493,24.345530000000004,24.295370000000002,24.254670000000004,24.22387,24.20341,24.1934,24.194170000000003,24.20583,24.228710000000003,24.26281,24.308240000000005,24.365000000000002,24.433090000000004,24.51229,24.602600000000002,24.7038,24.81567,24.938100000000002,25.07065,25.2131,25.365230000000004,25.526490000000003,25.69655,25.875190000000003,26.06186,26.256120000000003,26.457860000000004,26.666420000000002,26.88136,27.102570000000004,27.32939,27.561600000000002,27.79876,28.04065,28.286720000000003,28.53675,28.790300000000002,29.047260000000005,29.3073,29.570090000000004,29.835300000000004,30.10282,30.372320000000002,30.643690000000003,30.916600000000006,31.19094,31.46649,31.74314,32.02056,32.298860000000005,32.57771,32.857110000000006,33.13684000000001,33.416900000000005,33.697070000000004,33.97735,34.25752,34.537800000000004,34.817750000000004,35.097590000000004,35.37721,35.65639000000001,35.93524,36.21376,36.491730000000004,36.76926,37.046350000000004,37.32289000000001,37.59877,37.874210000000005,38.148990000000005,38.42311000000001,38.69668000000001,38.9697,39.24195,39.513650000000005,39.784690000000005,40.05518000000001,40.3249,40.59407,40.86258,41.130430000000004
27.346330000000002,27.118850000000002,26.895990000000005,26.678300000000004,26.466,26.259200000000003,26.05856,25.86419,25.676530000000003,25.495800000000003,25.32244,25.156780000000005,24.999040000000004,24.84966,24.708970000000004,24.57719,24.45454,24.341350000000002,24.237840000000002,24.144120000000004,24.060520000000004,23.987150000000003,23.92401,23.87121,23.828750000000003,23.79663,23.77485,23.763190000000005,23.761650000000003,23.770120000000002,23.78816,23.81566,23.852290000000004,23.897830000000003,23.95195,24.014100000000003,24.084170000000004,24.1615,24.24598,24.336840000000002,24.433970000000002,24.536710000000003,24.644840000000002,24.757700000000003,24.875070000000004,24.996290000000002,25.12125,25.249290000000002,25.380080000000003,25.51329,25.648590000000002,25.785540000000005,25.923810000000003,26.063070000000003,26.203100000000003,26.34357,26.48404,26.6244,26.76443,26.9038,27.0424,27.17979,27.31597,27.450720000000004,27.583820000000003,27.71516,27.84452,27.971790000000002,28.096750000000004,28.219510000000003,28.339630000000003,28.457220000000003,28.57217,28.684260000000002,28.793490000000002,28.899750000000004,29.003040000000002,29.103140000000003,29.200050000000005,29.293660000000003,29.383970000000005,29.47087,29.554470000000002,29.63444,29.71089,29.783820000000002,29.85312,29.918680000000002,29.980610000000002,30.038800000000002,30.093140000000002,30.143740000000005,30.190490000000004,30.233390000000004,30.27244,30.30753,30.338660000000004,30.365830000000003,30.38904,30.40818,30.423360000000002,30.43458,30.44162,30.44459,30.4436,30.43843,30.429190000000002,30.41588,30.398500000000006,30.376940000000005,30.35131,30.321500000000004,30.28762,30.249670000000002,30.207650000000005,30.161450000000002,30.11129,30.057060000000003,29.99887,29.93661,29.870390000000004,29.800210000000003,29.726180000000003,29.648300000000003,29.566570000000002,29.481210000000004,29.392110000000002,29.299380000000003,29.203020000000002,29.103360000000002,29.000180000000004,28.893810000000002,28.784250000000004,28.671720000000004,28.556110000000004,28.43786,28.316860000000002,28.193440000000002,28.0676,27.939780000000003,27.809870000000004,27.67831,27.545320000000004,27.41101,27.27571,27.139640000000004,27.00324,26.86662,26.730220000000003,26.59437,26.459400000000002,26.325640000000003,26.193530000000003,26.06351,25.93591,25.811280000000004,25.68984,25.57225,25.45895,25.35038,25.24687,25.14908,25.05745,24.972420000000003,24.89443,24.82392,24.761330000000005,24.7071,24.66156,24.625150000000005,24.5982,24.580930000000002,24.573780000000003,24.576750000000004,24.590170000000004,24.614150000000002,24.648800000000005,24.694230000000005,24.75044,24.817320000000002,24.89476,24.982870000000002,25.081430000000005,25.19011,25.3088,25.43728,25.57533,25.722400000000004,25.878490000000003,26.04305,26.215860000000003,26.396480000000004,26.584580000000003,26.77972,26.981680000000004,27.18991,27.404300000000003,27.624190000000002,27.84947,28.079590000000003,28.314330000000005,28.55347,28.796460000000003,29.04308,29.293110000000002,29.54633,29.802300000000002,30.0608,30.321720000000003,30.584730000000004,30.849610000000006,31.116250000000004,31.384320000000002,31.653820000000003,31.924420000000005,32.19612000000001,32.46859,32.74183,33.01573,33.29007,33.56474,33.839850000000006,34.11507,34.3904,34.66573,34.94106000000001,35.216280000000005,35.49139,35.76617,36.04084,36.315070000000006,36.58897,36.86254,37.135780000000004,37.40847,37.68072000000001,37.952420000000004,38.22368000000001,38.4945,38.764660000000006,39.03438,39.30344000000001,39.57206000000001,39.84002000000001,40.10743000000001,40.3744,40.640710000000006,40.90636000000001,41.17157
27.57601,27.3548,27.13843,26.9269,26.720760000000002,26.520230000000005,26.325640000000003,26.13721,25.955270000000002,25.780260000000002,25.6124,25.451910000000005,25.299230000000005,25.15447,25.01818,24.890360000000005,24.77145,24.66156,24.56091,24.469720000000002,24.3881,24.31627,24.25412,24.201870000000003,24.159520000000004,24.12696,24.104190000000003,24.0911,24.087690000000002,24.093630000000005,24.108810000000002,24.133010000000002,24.165900000000004,24.20737,24.256870000000003,24.31429,24.379080000000002,24.451020000000003,24.529670000000003,24.6147,24.705670000000005,24.80214,24.903780000000005,25.01004,25.120810000000002,25.23532,25.35357,25.4749,25.59898,25.725590000000004,25.85418,25.984640000000002,26.11642,26.2493,26.383060000000004,26.517370000000003,26.6519,26.78632,26.92063,27.05439,27.187490000000004,27.3196,27.450720000000004,27.580520000000003,27.708780000000004,27.835500000000003,27.960350000000005,28.083330000000004,28.204220000000003,28.322910000000004,28.439290000000003,28.553250000000002,28.664680000000004,28.77347,28.879620000000003,28.9828,29.08323,29.180580000000003,29.274960000000004,29.36615,29.45426,29.539070000000002,29.620580000000004,29.698790000000002,29.773590000000002,29.84487,29.912740000000003,29.97709,30.03781,30.094900000000003,30.14836,30.19819,30.244280000000003,30.286630000000002,30.325240000000004,30.360110000000002,30.39102,30.418190000000003,30.44151,30.460870000000003,30.476380000000002,30.487930000000002,30.49552,30.499260000000003,30.499040000000004,30.494750000000003,30.486610000000002,30.474400000000003,30.45823,30.438100000000002,30.414010000000005,30.38585,30.35384,30.31776,30.277720000000006,30.23372,30.185870000000005,30.13406,30.078400000000002,30.018890000000003,29.95553,29.88832,29.817370000000004,29.742790000000003,29.664580000000004,29.58263,29.49727,29.40839,29.31621,29.22062,29.121840000000002,29.01998,28.91504,28.807240000000004,28.696690000000004,28.5835,28.46789,28.349860000000003,28.229740000000003,28.10764,27.98367,27.858270000000005,27.731440000000003,27.603510000000004,27.474700000000002,27.345340000000004,27.21565,27.085960000000004,26.9566,26.82779,26.699970000000004,26.57336,26.448510000000002,26.325750000000003,26.205520000000003,26.088040000000003,25.973860000000002,25.86353,25.757160000000002,25.655520000000003,25.55883,25.467750000000002,25.38239,25.303520000000002,25.231360000000002,25.16646,25.10915,25.059760000000004,25.01873,24.98628,24.962960000000002,24.948880000000003,24.944260000000003,24.949430000000003,24.96439,24.989470000000004,25.024780000000003,25.070210000000003,25.125760000000003,25.19165,25.267660000000003,25.35368,25.44971,25.55542,25.6707,25.79544,25.9292,26.07176,26.2229,26.38229,26.5496,26.724500000000003,26.906660000000002,27.095750000000002,27.291440000000005,27.493290000000002,27.70108,27.91437,28.13294,28.356460000000002,28.584490000000002,28.81681,29.05309,29.293110000000002,29.53643,29.78294,30.032420000000002,30.284430000000004,30.53886,30.7956,31.054210000000005,31.314690000000002,31.57682,31.84027,32.10504,32.37091,32.63777,32.90551000000001,33.174020000000006,33.44308,33.71258,33.98252,34.252790000000005,34.52328,34.79388,35.06448,35.335190000000004,35.60579,35.87639,36.146660000000004,36.41682,36.68676,36.95637,37.22565000000001,37.4946,37.763110000000005,38.031290000000006,38.29903000000001,38.56644000000001,38.8333,39.099720000000005,39.365590000000005,39.63102,39.896010000000004,40.160450000000004,40.42445,40.6879,40.95091,41.213370000000005
27.80063,27.585580000000004,27.375040000000002,27.169560000000004,26.969360000000005,26.77466,26.585790000000003,26.402970000000003,26.226530000000004,26.0568,25.894000000000002,25.73846,25.590400000000002,25.45004,25.317820000000005,25.193850000000005,25.078350000000004,24.97143,24.873530000000002,24.784650000000003,24.704790000000003,24.634390000000003,24.573230000000002,24.521420000000003,24.47907,24.446070000000002,24.422420000000002,24.40801,24.402730000000002,24.406360000000003,24.418900000000004,24.43991,24.469390000000004,24.506790000000002,24.552110000000003,24.60491,24.66486,24.731740000000002,24.805000000000003,24.884310000000003,24.96956,25.060090000000002,25.15557,25.255670000000002,25.360060000000004,25.46841,25.580170000000003,25.695120000000003,25.812820000000002,25.933050000000005,26.05537,26.179560000000002,26.30518,26.432010000000002,26.559720000000002,26.688090000000003,26.816790000000005,26.945710000000002,27.07441,27.202780000000004,27.330600000000004,27.457760000000004,27.583820000000003,27.708780000000004,27.832420000000003,27.95463,28.075190000000003,28.193990000000003,28.310920000000003,28.42576,28.538400000000003,28.648840000000003,28.756860000000003,28.862460000000006,28.96542,29.06574,29.163420000000002,29.25813,29.349980000000002,29.438860000000002,29.52477,29.607490000000002,29.68713,29.76347,29.83662,29.906470000000002,29.972910000000002,30.03594,30.095560000000003,30.15166,30.204240000000002,30.253300000000003,30.298840000000002,30.34064,30.37881,30.41335,30.444260000000003,30.471320000000002,30.494750000000003,30.514330000000005,30.530170000000002,30.542160000000003,30.550410000000003,30.554810000000003,30.55536,30.55206,30.54491,30.533800000000003,30.51895,30.50025,30.477590000000003,30.451190000000004,30.420830000000002,30.386730000000004,30.348670000000002,30.306870000000004,30.261220000000005,30.211830000000003,30.158700000000003,30.101830000000003,30.041330000000006,29.97709,29.909220000000005,29.83794,29.763030000000004,29.684600000000003,29.602870000000003,29.51784,29.429620000000003,29.3381,29.243610000000004,29.146150000000002,29.045830000000002,28.94276,28.83705,28.728920000000002,28.618370000000002,28.505730000000003,28.39111,28.274620000000002,28.156480000000006,28.036910000000002,27.916130000000003,27.794470000000004,27.671930000000003,27.54906,27.425860000000004,27.302770000000002,27.180120000000002,27.058130000000002,26.93724,26.817560000000004,26.69975,26.583920000000003,26.47062,26.36007,26.25282,26.1492,26.049650000000003,25.95461,25.864410000000003,25.779490000000003,25.700290000000003,25.62725,25.56059,25.500970000000002,25.448500000000003,25.403730000000003,25.36699,25.338390000000004,25.31848,25.30726,25.30517,25.31232,25.32893,25.355110000000003,25.39086,25.43629,25.49151,25.556410000000003,25.6311,25.715250000000005,25.80886,25.911820000000002,26.024020000000004,26.14513,26.27493,26.413200000000003,26.55983,26.71427,26.876410000000003,27.045920000000002,27.22247,27.40584,27.595480000000002,27.791280000000004,27.992910000000002,28.199930000000002,28.41212,28.62915,28.850800000000003,29.07663,29.306530000000002,29.539950000000005,29.777,30.01713,30.26012,30.505970000000005,30.754130000000004,31.004710000000003,31.257270000000005,31.51181,31.76789,32.02562,32.28467,32.54493,32.806400000000004,33.06864,33.33176,33.59565,33.86009,34.124970000000005,34.3904,34.65605000000001,34.92192,35.188010000000006,35.45421,35.72052,35.986720000000005,36.25281,36.5189,36.78477,37.05053,37.315960000000004,37.58117000000001,37.846050000000005,38.110600000000005,38.37493,38.63882,38.90238,39.1655,39.428290000000004,39.69064,39.95255000000001,40.214020000000005,40.47516,40.73575,40.996010000000005,41.255720000000004
28.020190000000003,27.810750000000002,27.60604,27.406170000000003,27.21158,27.022380000000002,26.838900000000002,26.661360000000002,26.490090000000002,26.32531,26.167350000000003,26.01643,25.872660000000003,25.73648,25.608000000000004,25.487550000000002,25.37524,25.271290000000004,25.175810000000002,25.088910000000002,25.010920000000002,24.94162,24.88134,24.830080000000002,24.78762,24.754290000000005,24.729760000000002,24.714030000000005,24.70699,24.70853,24.71843,24.736580000000004,24.762650000000004,24.796530000000004,24.837780000000002,24.886290000000002,24.94173,25.00366,25.07186,25.146,25.225640000000002,25.310560000000002,25.400320000000004,25.494590000000002,25.593040000000002,25.69534,25.801050000000004,25.909950000000002,26.0216,26.13578,26.252050000000004,26.37019,26.489870000000003,26.610870000000002,26.732860000000006,26.855620000000002,26.978820000000002,27.102240000000002,27.22566,27.348860000000002,27.47162,27.593830000000004,27.71516,27.835500000000003,27.95463,28.07255,28.188930000000003,28.30366,28.416630000000005,28.527730000000002,28.636850000000003,28.743880000000004,28.8486,28.95101,29.051000000000002,29.148460000000004,29.243390000000005,29.335570000000004,29.425,29.511570000000003,29.595280000000002,29.676020000000005,29.753790000000002,29.828480000000003,29.899980000000003,29.968290000000003,30.033410000000003,30.095230000000004,30.153750000000002,30.208970000000004,30.26067,30.309070000000002,30.35384,30.395310000000002,30.43315,30.467360000000003,30.498050000000003,30.52522,30.548650000000002,30.56856,30.584730000000004,30.597160000000002,30.60596,30.61102,30.612340000000003,30.610030000000002,30.60387,30.59408,30.580440000000003,30.563060000000004,30.542050000000003,30.51719,30.488590000000002,30.456360000000004,30.420390000000005,30.38068,30.33734,30.290370000000003,30.239770000000004,30.185540000000003,30.12768,30.066410000000005,30.001620000000003,29.93342,29.861920000000005,29.787010000000002,29.70891,29.627510000000004,29.54314,29.4558,29.365380000000002,29.27221,29.176400000000005,29.07795,28.977080000000004,28.87379,28.76841,28.66094,28.5516,28.440610000000003,28.328080000000003,28.214230000000004,28.09939,27.98367,27.86729,27.75058,27.633760000000002,27.51705,27.400890000000004,27.285500000000003,27.171100000000003,27.058130000000002,26.946920000000002,26.8378,26.7311,26.627260000000003,26.526610000000005,26.429480000000005,26.33631,26.24754,26.163500000000003,26.08452,26.01104,25.943500000000004,25.88223,25.827560000000002,25.77982,25.739340000000002,25.70656,25.681590000000003,25.664870000000004,25.656510000000004,25.656840000000003,25.665860000000002,25.6839,25.711070000000003,25.747370000000004,25.793020000000002,25.847800000000003,25.91193,25.985190000000003,26.067690000000002,26.159100000000002,26.25953,26.36876,26.486460000000005,26.612630000000003,26.746940000000002,26.889170000000004,27.0391,27.196400000000004,27.360740000000003,27.532010000000003,27.709880000000002,27.89391,28.08399,28.279680000000003,28.480760000000004,28.686790000000002,28.897770000000005,29.11315,29.33282,29.55645,29.783710000000003,30.014490000000006,30.24846,30.485400000000002,30.72509,30.967310000000005,31.211950000000005,31.458570000000005,31.70728,31.95764,32.20976,32.4632,32.717960000000005,32.97393,33.231,33.48895,33.74767000000001,34.00705000000001,34.26709,34.527680000000004,34.7886,35.04985,35.31143000000001,35.57323,35.83514,36.09705,36.35907,36.62109,36.883,37.144800000000004,37.40649,37.66796,37.92921,38.19024,38.45105,38.71164,38.97179,39.23172,39.49132000000001,39.75059,40.009420000000006,40.26803,40.5262,40.784040000000005,41.04155,41.29862
28.234360000000002,28.03031,27.83099,27.63662,27.447310000000005,27.26328,27.084970000000002,26.912490000000005,26.74606,26.58601,26.43245,26.28582,26.146230000000003,26.013790000000004,25.88894,25.77179,25.66234,25.561030000000002,25.46786,25.38294,25.306490000000004,25.238400000000002,25.178890000000003,25.12796,25.085500000000003,25.051730000000003,25.026320000000002,25.009380000000004,25.000690000000002,25.00025,25.007730000000002,25.023130000000002,25.046120000000002,25.076480000000004,25.1141,25.158540000000002,25.209580000000003,25.267,25.330360000000002,25.39955,25.474020000000003,25.55366,25.637920000000005,25.72669,25.819530000000004,25.91611,26.0161,26.119170000000004,26.225100000000005,26.33345,26.444000000000003,26.556530000000002,26.6706,26.78599,26.902480000000004,27.019740000000002,27.137660000000004,27.2558,27.374160000000003,27.49241,27.610330000000005,27.727700000000002,27.84452,27.960350000000005,28.075190000000003,28.188930000000003,28.301240000000004,28.41212,28.52135,28.62882,28.73442,28.838040000000003,28.939680000000003,29.039010000000005,29.136140000000005,29.23085,29.323030000000003,29.412790000000005,29.499910000000003,29.584280000000003,29.665900000000004,29.744660000000003,29.820560000000004,29.8936,29.96356,30.030440000000002,30.094240000000003,30.154960000000003,30.212380000000003,30.266610000000004,30.31754,30.365170000000003,30.4095,30.450420000000005,30.487930000000002,30.52192,30.55261,30.579670000000004,30.603320000000004,30.623340000000002,30.63984,30.652820000000002,30.662170000000003,30.668000000000003,30.670200000000005,30.668660000000003,30.663600000000002,30.65491,30.642590000000002,30.626640000000005,30.607060000000004,30.58396,30.55712,30.526650000000004,30.492660000000004,30.45515,30.414010000000005,30.36935,30.321280000000005,30.269690000000004,30.21458,30.156170000000003,30.09446,30.02934,29.961140000000004,29.889640000000004,29.815060000000003,29.7374,29.65688,29.57339,29.487150000000003,29.398270000000004,29.30675,29.21281,29.116560000000003,29.01811,28.91757,28.815160000000002,28.711100000000002,28.60539,28.49836,28.390120000000003,28.281000000000002,28.171000000000003,28.060560000000002,27.9499,27.83913,27.72869,27.618690000000004,27.509570000000004,27.40155,27.295070000000003,27.190240000000003,27.087500000000002,26.987180000000002,26.88961,26.795230000000004,26.704370000000004,26.617250000000006,26.53442,26.456210000000006,26.38295,26.314970000000002,26.2526,26.196280000000005,26.146340000000002,26.103,26.0667,26.037660000000002,26.01621,26.002460000000003,25.996740000000003,25.999270000000003,26.010270000000002,26.02974,26.05779,26.09475,26.1404,26.194850000000002,26.258210000000002,26.33026,26.411110000000004,26.500650000000004,26.59866,26.705140000000004,26.819760000000002,26.94241,27.07298,27.211140000000004,27.356780000000004,27.509460000000004,27.66907,27.83528,28.007980000000003,28.18662,28.371200000000005,28.561280000000004,28.75664,28.956950000000003,29.161990000000003,29.371540000000003,29.585160000000005,29.80285,30.02417,30.249010000000002,30.477040000000002,30.70804,30.941790000000005,31.178180000000005,31.416990000000002,31.658000000000005,31.900990000000004,32.14585,32.392360000000004,32.64041,32.88978,33.14047,33.39237,33.64515,33.898920000000004,34.15346,34.408660000000005,34.664410000000004,34.92071,35.17745000000001,35.43463,35.69203,35.94954,36.20738,36.46533,36.72328,36.981230000000004,37.239180000000005,37.49713,37.75486000000001,38.01259,38.2701,38.527390000000004,38.78457,39.04153,39.29816,39.55468,39.81087,40.06673000000001,40.32237000000001,40.57768000000001,40.832660000000004,41.08742000000001,41.34185
28.44303,28.244260000000004,28.050110000000004,27.86069,27.676440000000003,27.49736,27.323890000000002,27.156140000000004,26.994220000000002,26.838570000000004,26.689410000000002,26.546740000000003,26.410890000000002,26.282190000000003,26.16064,26.04646,25.939870000000003,25.840980000000002,25.7499,25.666740000000004,25.591720000000002,25.52473,25.46599,25.415390000000002,25.37293,25.338610000000003,25.31243,25.294280000000004,25.284160000000004,25.281740000000003,25.287020000000002,25.299780000000002,25.319800000000004,25.346970000000002,25.38096,25.421660000000003,25.468630000000005,25.52176,25.58061,25.645070000000004,25.7147,25.78928,25.86848,25.951970000000003,26.039530000000003,26.13061,26.225210000000004,26.32289,26.423210000000005,26.52617,26.631220000000003,26.738250000000004,26.847040000000003,26.957040000000003,27.068250000000003,27.18045,27.293200000000002,27.406390000000002,27.519910000000003,27.633320000000005,27.74651,27.85948,27.971790000000002,28.083330000000004,28.193990000000003,28.30366,28.41212,28.519150000000003,28.624750000000002,28.728700000000003,28.831000000000003,28.931430000000002,29.029880000000002,29.126350000000002,29.22062,29.312690000000003,29.40234,29.489680000000003,29.57449,29.65677,29.736300000000004,29.813300000000005,29.88744,29.95872,30.027250000000002,30.0927,30.155290000000004,30.214800000000004,30.271230000000003,30.32458,30.37474,30.42171,30.465490000000003,30.505970000000005,30.543150000000004,30.57703,30.6075,30.63467,30.658430000000003,30.678780000000003,30.695610000000002,30.70914,30.719040000000003,30.725530000000003,30.7285,30.728060000000003,30.723990000000004,30.716510000000003,30.705400000000004,30.690880000000003,30.67284,30.65117,30.6262,30.5976,30.56559,30.530170000000002,30.49123,30.448880000000003,30.40323,30.354280000000003,30.301920000000003,30.246370000000002,30.187520000000003,30.125590000000003,30.060470000000002,29.99238,29.92132,29.847290000000005,29.770400000000002,29.690870000000004,29.608700000000002,29.52389,29.436660000000003,29.347230000000003,29.25549,29.16166,29.065960000000004,28.968500000000002,28.869500000000002,28.768960000000003,28.66721,28.564470000000004,28.46074,28.356460000000002,28.25174,28.146800000000002,28.041970000000003,27.93747,27.833520000000004,27.73045,27.628590000000003,27.528160000000003,27.429380000000002,27.332800000000002,27.23864,27.147120000000005,27.058680000000003,26.973760000000002,26.892470000000003,26.815360000000002,26.74265,26.674670000000003,26.61186,26.554550000000003,26.50296,26.457530000000002,26.418370000000003,26.38603,26.36051,26.342250000000003,26.331470000000003,26.32828,26.33301,26.345660000000002,26.36645,26.3956,26.433000000000003,26.47876,26.53299,26.595580000000005,26.66664,26.74595,26.833620000000003,26.929430000000004,27.033270000000005,27.145030000000002,27.264490000000006,27.39143,27.525850000000002,27.667310000000004,27.8157,27.970800000000004,28.13228,28.300030000000003,28.473610000000004,28.652910000000006,28.837710000000005,29.02757,29.22238,29.42181,29.625640000000004,29.833650000000002,30.045510000000004,30.261110000000002,30.480230000000002,30.702540000000003,30.92782,31.15596,31.386630000000004,31.619830000000004,31.855230000000002,32.09272,32.332190000000004,32.573310000000006,32.81608,33.060280000000006,33.3058,33.552530000000004,33.800470000000004,34.049290000000006,34.298880000000004,34.549350000000004,34.80059000000001,35.05227,35.304610000000004,35.557280000000006,35.810390000000005,36.06372,36.31738,36.57126,36.825250000000004,37.079350000000005,37.333450000000006,37.58766000000001,37.84187,38.09597,38.34996,38.60395,38.85772000000001,39.111380000000004,39.36482,39.61815000000001,39.87126000000001,40.12415000000001,40.37682000000001,40.629380000000005,40.88161000000001,41.13351000000001,41.3853
28.646200000000004,28.452270000000002,28.263070000000003,28.078490000000002,27.898970000000002,27.72462,27.555660000000003,27.392310000000002,27.234790000000004,27.083320000000004,26.938010000000002,26.799190000000003,26.666970000000003,26.54157,26.4231,26.31178,26.20783,26.111140000000002,26.022150000000003,25.940640000000002,25.866940000000003,25.800940000000004,25.74275,25.692480000000003,25.65002,25.615260000000003,25.588310000000003,25.56906,25.557400000000005,25.553220000000003,25.556300000000004,25.566640000000003,25.58391,25.608000000000004,25.638800000000003,25.67576,25.71899,25.768050000000002,25.822720000000004,25.882780000000004,25.94779,26.017640000000004,26.092000000000002,26.170540000000003,26.25293,26.339060000000003,26.428380000000004,26.52089,26.61604,26.713720000000002,26.813710000000004,26.91557,27.019080000000002,27.124130000000005,27.23028,27.33753,27.44544,27.553790000000003,27.662580000000002,27.771480000000004,27.880270000000003,27.98873,28.096750000000004,28.204220000000003,28.310920000000003,28.416630000000005,28.52135,28.624750000000002,28.726830000000003,28.827480000000005,28.926480000000005,29.023830000000004,29.119310000000002,29.212920000000004,29.304440000000003,29.39387,29.4811,29.56613,29.64874,29.728930000000002,29.806590000000003,29.88172,29.954100000000004,30.023840000000003,30.090940000000003,30.155070000000002,30.216450000000002,30.274860000000004,30.3303,30.38277,30.432160000000003,30.47858,30.521810000000002,30.561850000000003,30.598810000000004,30.63247,30.662940000000003,30.69011,30.714090000000002,30.73466,30.75193,30.765900000000002,30.776460000000004,30.783610000000003,30.787460000000003,30.787900000000004,30.784930000000003,30.778550000000003,30.76876,30.75556,30.739060000000002,30.719040000000003,30.69572,30.668990000000004,30.63896,30.605520000000002,30.568890000000003,30.528850000000002,30.485620000000004,30.439200000000003,30.389480000000002,30.336680000000005,30.2808,30.22195,30.16002,30.095230000000004,30.02758,29.95707,29.883920000000003,29.808130000000002,29.729920000000003,29.649180000000005,29.56613,29.480990000000002,29.39365,29.304440000000003,29.213470000000004,29.120850000000004,29.026690000000002,28.931210000000004,28.834630000000004,28.737060000000003,28.638720000000003,28.539830000000002,28.440610000000003,28.341390000000004,28.242170000000005,28.143390000000004,28.045270000000002,27.948030000000003,27.852000000000004,27.757400000000004,27.66456,27.57381,27.485480000000003,27.399790000000003,27.31707,27.237760000000005,27.16197,27.090250000000005,27.02282,26.960010000000004,26.90215,26.849570000000003,26.802490000000002,26.76124,26.726150000000004,26.69744,26.675330000000002,26.66015,26.65212,26.651350000000004,26.658060000000003,26.67236,26.694470000000003,26.724500000000003,26.76245,26.808320000000005,26.862330000000004,26.924370000000003,26.99433,27.07232,27.158230000000003,27.25195,27.353370000000005,27.462380000000003,27.578870000000002,27.702510000000004,27.833300000000005,27.970910000000003,28.115230000000004,28.266040000000004,28.42301,28.586030000000004,28.75488,28.92923,29.10886,29.293550000000003,29.483080000000005,29.677120000000002,29.875560000000004,30.07807,30.284430000000004,30.494530000000005,30.70804,30.92485,31.144630000000003,31.36727,31.592550000000003,31.82025,32.05026,32.28247,32.51655,32.7525,32.990100000000005,33.229130000000005,33.4697,33.71148,33.95447,34.19845,34.44342,34.68927,34.93589,35.183170000000004,35.431000000000004,35.67938,35.928200000000004,36.177459999999996,36.42705,36.67686,36.92689,37.17725,37.42761000000001,37.67808,37.92866000000001,38.17924,38.42982,38.68029,38.93076,39.181230000000006,39.43159,39.68173,39.931869999999996,40.18179000000001,40.43149,40.68119,40.93056000000001,41.17982,41.42897000000001
28.84365,28.65445,28.46987,28.289910000000003,28.114900000000002,27.944950000000002,27.78028,27.62111,27.467660000000002,27.32015,27.17858,27.043280000000003,26.91447,26.792150000000003,26.676650000000002,26.567970000000003,26.466330000000003,26.371840000000002,26.28461,26.20464,26.13215,26.06714,26.009500000000003,25.95945,25.916880000000003,25.881790000000002,25.85418,25.83383,25.820740000000004,25.8148,25.816010000000002,25.82393,25.83867,25.859900000000003,25.88751,25.92117,25.96077,26.00598,26.05669,26.112570000000005,26.17329,26.238630000000004,26.30837,26.38229,26.459950000000003,26.541130000000003,26.625610000000005,26.71317,26.803480000000004,26.896210000000004,26.991140000000005,27.088050000000003,27.18683,27.28693,27.38835,27.490870000000005,27.594050000000003,27.698,27.80217,27.906670000000005,28.011170000000003,28.115450000000003,28.219510000000003,28.322910000000004,28.42576,28.527730000000002,28.62882,28.728700000000003,28.827480000000005,28.924830000000004,29.020750000000003,29.11502,29.20764,29.298500000000004,29.387490000000003,29.47439,29.559310000000004,29.642030000000002,29.722440000000002,29.80065,29.876440000000002,29.949810000000003,30.02065,30.088850000000004,30.15452,30.217330000000004,30.2775,30.334920000000004,30.389480000000002,30.441070000000003,30.489800000000002,30.53556,30.578350000000004,30.61806,30.654690000000002,30.68824,30.718710000000005,30.745990000000003,30.77008,30.790980000000005,30.808580000000003,30.823100000000004,30.834210000000002,30.84213,30.846750000000004,30.848180000000003,30.846200000000003,30.84103,30.83256,30.820790000000002,30.80561,30.78735,30.765680000000003,30.740820000000003,30.712660000000003,30.68131,30.646770000000004,30.609150000000003,30.568230000000003,30.524340000000002,30.477260000000005,30.42732,30.3743,30.318310000000004,30.259570000000004,30.19797,30.133620000000004,30.066630000000004,29.997110000000003,29.925060000000002,29.850700000000003,29.77392,29.695050000000002,29.613980000000005,29.53104,29.446340000000003,29.35988,29.271880000000003,29.18245,29.091920000000002,29.000290000000003,28.907780000000002,28.81472,28.721110000000003,28.627170000000003,28.533340000000003,28.43962,28.346340000000005,28.253830000000004,28.162200000000002,28.071780000000004,27.98279,27.895670000000003,27.81053,27.727700000000002,27.647510000000004,27.570290000000004,27.496370000000002,27.425860000000004,27.35931,27.296940000000003,27.238970000000002,27.185730000000003,27.137550000000005,27.09476,27.05758,27.02623,27.00104,26.98223,26.969910000000002,26.964520000000004,26.966060000000002,26.974640000000004,26.99059,27.014020000000002,27.044820000000005,27.083320000000004,27.129410000000004,27.183090000000004,27.244580000000003,27.313660000000002,27.390440000000005,27.474700000000002,27.566440000000004,27.665660000000003,27.77214,27.88566,28.006220000000003,28.1336,28.267580000000002,28.408050000000003,28.55479,28.70758,28.866090000000003,29.030320000000003,29.19994,29.374730000000003,29.554470000000002,29.738940000000003,29.927810000000004,30.121080000000003,30.318420000000003,30.519500000000004,30.724320000000002,30.932440000000003,31.143860000000004,31.35836,31.575720000000004,31.795610000000003,32.01814,32.24287,32.469910000000006,32.69882,32.92971,33.16225,33.39644,33.63206,33.869,34.107150000000004,34.34651,34.58686,34.82809,35.07020000000001,35.31308000000001,35.55662,35.80071000000001,36.045460000000006,36.29054,36.53606,36.78202,37.028200000000005,37.27471,37.521330000000006,37.76817,38.01523,38.26229000000001,38.50935,38.75663,39.0038,39.25097,39.49814000000001,39.74531,39.99237,40.239320000000006,40.48616,40.733000000000004,40.97962,41.226240000000004,41.47264
29.035380000000004,28.850690000000004,28.6704,28.49484,28.32401,28.158350000000002,27.997750000000003,27.84254,27.692940000000004,27.54895,27.41101,27.279010000000003,27.153280000000002,27.03393,26.921180000000003,26.815030000000004,26.715590000000002,26.62308,26.5375,26.45907,26.387680000000003,26.32344,26.266460000000002,26.216630000000002,26.17395,26.138420000000004,26.11004,26.0887,26.074400000000004,26.06681,26.06604,26.07187,26.084190000000003,26.102670000000003,26.12731,26.157890000000002,26.19408,26.235770000000002,26.28263,26.334550000000004,26.3912,26.452360000000002,26.51781,26.587220000000002,26.66037,26.737040000000004,26.816900000000004,26.89973,26.985310000000002,27.073420000000002,27.16362,27.25591,27.349960000000003,27.445550000000004,27.542350000000003,27.640360000000005,27.739140000000003,27.838690000000003,27.938680000000005,28.038890000000002,28.13932,28.23964,28.339630000000003,28.439290000000003,28.538400000000003,28.636850000000003,28.73442,28.831000000000003,28.926480000000005,29.020750000000003,29.113590000000002,29.20511,29.29487,29.383090000000003,29.469550000000005,29.55403,29.63664,29.717270000000003,29.795700000000004,29.871930000000003,29.945960000000003,30.01757,30.086760000000005,30.153640000000003,30.217880000000005,30.279590000000002,30.33855,30.39498,30.44866,30.499480000000002,30.54755,30.592760000000002,30.635110000000005,30.674490000000002,30.710900000000002,30.744340000000005,30.774700000000003,30.802090000000003,30.826400000000003,30.847520000000003,30.86567,30.880630000000004,30.892400000000002,30.90109,30.906590000000005,30.908900000000003,30.90802,30.903950000000002,30.896690000000003,30.88624,30.87271,30.855880000000003,30.83597,30.812870000000004,30.786690000000004,30.757430000000003,30.724980000000002,30.68956,30.65106,30.60959,30.565150000000003,30.517850000000003,30.467690000000005,30.41478,30.35901,30.300600000000003,30.239550000000005,30.175970000000003,30.10997,30.041550000000004,29.970930000000003,29.898110000000003,29.82309,29.746200000000005,29.667550000000002,29.587030000000002,29.505080000000003,29.421590000000002,29.33689,29.25109,29.164300000000004,29.07674,28.988630000000004,28.900080000000003,28.811310000000002,28.72265,28.63432,28.54632,28.459090000000003,28.372850000000003,28.287820000000004,28.204330000000002,28.122490000000003,28.042740000000002,27.9653,27.890500000000003,27.818450000000002,27.74959,27.684250000000002,27.62254,27.564900000000005,27.511550000000003,27.462820000000004,27.418930000000003,27.380210000000005,27.346770000000003,27.31905,27.29716,27.281430000000004,27.271970000000003,27.268890000000003,27.27263,27.283080000000005,27.30057,27.325100000000003,27.356780000000004,27.395830000000004,27.44203,27.4956,27.556540000000002,27.624850000000002,27.70031,27.783140000000003,27.873120000000004,27.97014,28.0742,28.185080000000003,28.302670000000003,28.426860000000005,28.557430000000004,28.694270000000003,28.83716,28.98588,29.140210000000003,29.30004,29.46515,29.63532,29.810330000000004,29.989960000000004,30.173990000000003,30.3622,30.554480000000005,30.7505,30.950150000000004,31.153320000000004,31.359570000000005,31.568900000000003,31.781090000000003,31.99592,32.213280000000005,32.433060000000005,32.65493,32.879000000000005,33.10483000000001,33.33253,33.56177,33.792660000000005,34.02487,34.2584,34.493140000000004,34.72898,34.965810000000005,35.203520000000005,35.442,35.681250000000006,35.92127000000001,36.161840000000005,36.40296000000001,36.64452000000001,36.886520000000004,37.12896,37.37162000000001,37.61461,37.85793,38.10136,38.34501,38.588770000000004,38.832640000000005,39.07651,39.320600000000006,39.56458,39.808670000000006,40.052760000000006,40.29674000000001,40.54083,40.78481000000001,41.02868,41.27255,41.51642
29.221280000000004,29.040770000000002,28.864770000000004,28.693280000000005,28.52652,28.364710000000002,28.20796,28.056490000000004,27.910410000000002,27.77005,27.635300000000004,27.506490000000003,27.383730000000003,27.26713,27.15691,27.052960000000002,26.95572,26.86497,26.78104,26.70393,26.63353,26.57006,26.513520000000003,26.463910000000002,26.421230000000005,26.38537,26.356220000000004,26.334000000000003,26.31838,26.30936,26.306720000000002,26.310570000000002,26.320470000000004,26.33653,26.358420000000002,26.385920000000002,26.41892,26.4572,26.500650000000004,26.548830000000002,26.60163,26.658830000000002,26.720100000000002,26.785330000000002,26.854300000000002,26.92657,27.00214,27.08057,27.161640000000002,27.245240000000003,27.33115,27.418930000000003,27.508580000000002,27.59977,27.692280000000004,27.785890000000002,27.88049,27.975860000000004,28.071780000000004,28.16803,28.2645,28.360970000000002,28.457220000000003,28.553250000000002,28.648840000000003,28.743880000000004,28.838040000000003,28.931430000000002,29.023830000000004,29.11502,29.20511,29.293770000000002,29.380890000000004,29.466580000000004,29.550510000000003,29.632790000000004,29.713200000000004,29.791630000000005,29.868190000000002,29.942550000000004,30.014820000000004,30.084890000000005,30.152540000000002,30.217990000000004,30.280910000000002,30.341520000000003,30.39949,30.45493,30.507730000000002,30.557890000000004,30.605300000000003,30.649960000000004,30.691870000000005,30.730920000000005,30.767110000000002,30.800440000000002,30.83091,30.858410000000003,30.882830000000002,30.904390000000003,30.922870000000003,30.938380000000006,30.950810000000004,30.960270000000005,30.966540000000002,30.96984,30.97006,30.967090000000002,30.961150000000004,30.952130000000004,30.93992,30.92474,30.906480000000006,30.885250000000003,30.860940000000003,30.833660000000002,30.803410000000003,30.770190000000003,30.734000000000005,30.694950000000002,30.65315,30.608490000000003,30.561080000000004,30.511030000000005,30.45823,30.403010000000002,30.345150000000004,30.284980000000004,30.222390000000004,30.157600000000002,30.09061,30.021530000000002,29.95047,29.877540000000003,29.802960000000002,29.726730000000003,29.649070000000005,29.56998,29.489790000000003,29.4085,29.32644,29.243610000000004,29.16034,29.07674,28.99303,28.909430000000004,28.826050000000002,28.74322,28.66116,28.580090000000002,28.500340000000005,28.421910000000004,28.345350000000003,28.270770000000002,28.19839,28.128540000000005,28.061550000000004,27.997530000000005,27.937030000000004,27.880050000000004,27.82692,27.777970000000003,27.733420000000002,27.6936,27.658730000000002,27.628920000000004,27.60461,27.585910000000002,27.573040000000002,27.56622,27.56556,27.571280000000005,27.583600000000004,27.602520000000002,27.62815,27.66071,27.700200000000002,27.746620000000004,27.799970000000002,27.860470000000003,27.9279,28.002370000000003,28.08377,28.172100000000004,28.26714,28.36889,28.477240000000002,28.592080000000003,28.713190000000004,28.84057,28.97389,29.11315,29.258020000000002,29.40839,29.56415,29.724860000000003,29.890630000000005,30.061130000000002,30.236140000000002,30.415440000000004,30.598920000000003,30.786360000000002,30.977540000000005,31.172240000000002,31.370350000000002,31.57176,31.77614,31.983270000000005,32.19326,32.40567000000001,32.62050000000001,32.83753,33.056650000000005,33.277750000000005,33.50072,33.72523,33.9515,34.17909,34.408,34.63823,34.86967,35.10210000000001,35.33552,35.56982,35.80489000000001,36.04073,36.27734,36.514500000000005,36.752100000000006,36.99036,37.22895,37.467980000000004,37.70734000000001,37.947030000000005,38.18705,38.427290000000006,38.667640000000006,38.908210000000004,39.14900000000001,39.389790000000005,39.6308,39.87181,40.11293,40.35405,40.59528,40.836400000000005,41.07763,41.31886000000001,41.55998
29.401350000000004,29.224800000000005,29.052760000000003,28.88512,28.722210000000004,28.564140000000005,28.41102,28.263070000000003,28.120400000000004,27.983230000000002,27.851560000000003,27.725720000000003,27.605710000000002,27.491750000000003,27.383840000000003,27.282090000000004,27.18672,27.09784,27.015340000000002,26.939330000000005,26.87003,26.807220000000004,26.75112,26.70173,26.658830000000002,26.622640000000004,26.592940000000002,26.56973,26.55301,26.542450000000002,26.53827,26.540140000000005,26.54795,26.56148,26.580730000000003,26.605480000000004,26.63551,26.67071,26.71064,26.75541,26.80458,26.858040000000003,26.91557,26.976840000000003,27.041740000000004,27.10994,27.181330000000003,27.255580000000002,27.33247,27.41189,27.49351,27.57711,27.662580000000002,27.74959,27.837920000000004,27.927570000000003,28.018100000000004,28.10951,28.20147,28.293870000000002,28.386600000000005,28.47944,28.57217,28.664680000000004,28.756860000000003,28.8486,28.939680000000003,29.029880000000002,29.119310000000002,29.20764,29.29487,29.380890000000004,29.465590000000002,29.548750000000002,29.630480000000006,29.71045,29.788770000000003,29.865220000000004,29.93991,30.012510000000002,30.08313,30.15155,30.217880000000005,30.281900000000004,30.34372,30.40312,30.4601,30.514550000000003,30.566580000000002,30.61608,30.662940000000003,30.707160000000005,30.748630000000002,30.787460000000003,30.823430000000002,30.856760000000005,30.887230000000002,30.91484,30.939590000000003,30.961370000000002,30.980400000000003,30.996460000000003,31.009550000000004,31.01967,31.02682,31.031000000000002,31.03221,31.03056,31.025830000000003,31.018130000000003,31.007460000000005,30.993820000000003,30.977210000000003,30.95774,30.935300000000005,30.910000000000004,30.881840000000004,30.850820000000002,30.816940000000002,30.78031,30.74104,30.699020000000004,30.65425,30.607060000000004,30.55723,30.505090000000003,30.450420000000005,30.393440000000005,30.33426,30.272880000000004,30.20952,30.144180000000002,30.076860000000003,30.007890000000003,29.93727,29.86511,29.791630000000005,29.71694,29.641040000000004,29.56426,29.486710000000002,29.4085,29.32996,29.25109,29.17211,29.09335,29.01492,28.937040000000003,28.859930000000002,28.783920000000002,28.709010000000003,28.635640000000002,28.564030000000002,28.494290000000003,28.426860000000005,28.361850000000004,28.299590000000002,28.2403,28.184310000000004,28.131730000000005,28.083000000000002,28.038230000000002,27.997750000000003,27.96178,27.930540000000004,27.90425,27.88313,27.867510000000003,27.857390000000002,27.852990000000005,27.85464,27.862340000000003,27.87631,27.89655,27.923280000000002,27.95661,27.996540000000003,28.043180000000003,28.096420000000002,28.156480000000006,28.22325,28.29662,28.376700000000003,28.463380000000004,28.55666,28.656210000000005,28.76225,28.874450000000003,28.992700000000003,29.117,29.247130000000002,29.382870000000004,29.52411,29.67063,29.82243,29.97907,30.140660000000004,30.306760000000004,30.477370000000004,30.652160000000002,30.831130000000005,31.013840000000005,31.200400000000002,31.39037,31.583750000000002,31.780320000000003,31.979970000000005,32.18237,32.38752,32.595200000000006,32.80519,33.01749,33.23199,33.44836,33.6666,33.8866,34.108250000000005,34.33144,34.55595,34.781780000000005,35.00882,35.23696,35.4662,35.69632,35.92732,36.159200000000006,36.39174,36.62494,36.85880000000001,37.093320000000006,37.32817,37.56357,37.79941000000001,38.03558000000001,38.27208,38.50891,38.74607,38.983340000000005,39.220940000000006,39.45865,39.696580000000004,39.93462,40.17277,40.411030000000004,40.64940000000001,40.887769999999996,41.126250000000006,41.36484,41.60343
29.575480000000002,29.402780000000003,29.234370000000002,29.070470000000004,28.911080000000005,28.75653,28.606820000000003,28.462170000000004,28.322690000000005,28.188600000000005,28.059900000000003,27.93681,27.81933,27.707790000000003,27.602080000000004,27.50242,27.408920000000002,27.321580000000004,27.2404,27.165600000000005,27.09718,27.035030000000003,26.979370000000003,26.930090000000003,26.88708,26.850560000000005,26.820200000000003,26.79622,26.778290000000005,26.766520000000003,26.76069,26.76069,26.766410000000004,26.77785,26.79468,26.816790000000005,26.843960000000003,26.87608,26.912930000000003,26.954400000000003,27.00016,27.050100000000004,27.104000000000003,27.161530000000003,27.222580000000004,27.28704,27.354470000000003,27.424760000000003,27.497690000000002,27.573150000000005,27.650700000000004,27.73034,27.811850000000003,27.894900000000003,27.979380000000003,28.065070000000002,28.151860000000003,28.239420000000003,28.327750000000005,28.416520000000006,28.505620000000004,28.59494,28.684260000000002,28.77347,28.862460000000006,28.95101,29.039010000000005,29.126350000000002,29.212920000000004,29.298500000000004,29.383090000000003,29.466580000000004,29.548750000000002,29.629710000000003,29.709130000000002,29.787010000000002,29.86335,29.93793,30.010640000000002,30.081590000000006,30.15067,30.217660000000002,30.28256,30.345370000000003,30.405980000000003,30.464280000000002,30.52027,30.57395,30.625210000000003,30.67405,30.720360000000003,30.764140000000005,30.805280000000003,30.843890000000002,30.879750000000005,30.91297,30.943550000000005,30.97127,30.996350000000003,31.01857,31.037930000000003,31.054540000000003,31.06829,31.07918,31.087210000000002,31.092380000000002,31.094690000000003,31.09403,31.09062,31.084240000000005,31.075000000000003,31.063010000000002,31.048050000000003,31.030340000000002,31.009770000000003,30.986340000000002,30.960270000000005,30.931340000000002,30.89977,30.865560000000002,30.82871,30.789220000000004,30.747310000000002,30.70287,30.655900000000003,30.606730000000002,30.55514,30.501350000000002,30.445470000000004,30.387610000000002,30.32766,30.26584,30.202370000000005,30.137140000000002,30.070480000000003,30.002280000000003,29.93287,29.862250000000003,29.790640000000003,29.71815,29.645000000000003,29.5713,29.49727,29.42291,29.34866,29.274630000000002,29.20082,29.127780000000005,29.055400000000002,28.98412,28.91405,28.84541,28.77853,28.713520000000003,28.65082,28.59043,28.532680000000003,28.4779,28.4262,28.377910000000004,28.333360000000003,28.292550000000002,28.255920000000003,28.223580000000005,28.195750000000004,28.17276,28.154830000000004,28.141960000000005,28.13448,28.1325,28.13624,28.14581,28.16132,28.18299,28.210710000000002,28.24481,28.28518,28.332040000000003,28.385170000000002,28.44479,28.510900000000003,28.58339,28.66215,28.747400000000003,28.838810000000002,28.936490000000003,29.040220000000005,29.149890000000003,29.265500000000003,29.38683,29.513880000000004,29.646320000000003,29.78404,29.92704,30.074990000000003,30.227780000000003,30.385300000000004,30.547330000000002,30.713760000000004,30.88426,31.05872,31.237030000000004,31.41908,31.604540000000004,31.793300000000002,31.985360000000004,32.18028,32.378060000000005,32.578590000000005,32.781650000000006,32.98702,33.194810000000004,33.40469,33.616550000000004,33.83028,34.045880000000004,34.263020000000004,34.48181,34.70192,34.923460000000006,35.14632,35.37028000000001,35.59534000000001,35.82139000000001,36.048429999999996,36.27635,36.50504,36.734390000000005,36.964510000000004,37.19518,37.42651,37.658390000000004,37.8906,38.123360000000005,38.35645,38.589980000000004,38.823840000000004,39.05792,39.29233000000001,39.52696,39.76192,39.996990000000004,40.23217,40.46757,40.70319,40.938810000000004,41.17465,41.4106,41.646550000000005
29.743560000000002,29.57449,29.409600000000005,29.24911,29.09324,28.941990000000004,28.795470000000005,28.6539,28.517500000000002,28.386270000000003,28.26032,28.139760000000003,28.024810000000002,27.915470000000003,27.811850000000003,27.714060000000003,27.622210000000003,27.536300000000004,27.45644,27.382740000000002,27.315090000000005,27.253600000000002,27.19827,27.149100000000004,27.106090000000002,27.06913,27.038330000000002,27.013360000000002,26.994440000000004,26.981460000000002,26.97409,26.972440000000002,26.976290000000002,26.98553,27.00005,27.019740000000002,27.04427,27.073530000000005,27.10752,27.145910000000004,27.188480000000002,27.235010000000003,27.285500000000003,27.33951,27.397040000000004,27.457760000000004,27.521560000000004,27.588110000000004,27.657410000000002,27.729020000000006,27.802830000000004,27.878730000000004,27.956390000000003,28.035700000000002,28.116440000000004,28.198500000000003,28.281660000000002,28.36559,28.450400000000002,28.535760000000003,28.621450000000003,28.70747,28.793490000000002,28.879620000000003,28.96542,29.051000000000002,29.136140000000005,29.22062,29.304440000000003,29.387490000000003,29.469550000000005,29.550510000000003,29.630480000000006,29.709130000000002,29.786460000000005,29.862360000000002,29.93672,30.009430000000005,30.08049,30.149900000000002,30.217330000000004,30.283000000000005,30.346580000000003,30.40818,30.467690000000005,30.525000000000002,30.58011,30.633020000000002,30.683620000000005,30.7318,30.777560000000005,30.8209,30.86182,30.900210000000005,30.93596,30.96918,30.999760000000002,31.027810000000002,31.053110000000004,31.075660000000003,31.095570000000002,31.112730000000006,31.12714,31.138800000000003,31.14771,31.153760000000002,31.157170000000004,31.15772,31.155520000000003,31.150460000000002,31.142760000000003,31.1322,31.11889,31.102830000000004,31.084130000000002,31.062680000000004,31.038590000000003,31.011860000000002,30.9826,30.950700000000005,30.91627,30.87931,30.839930000000003,30.798240000000003,30.754130000000004,30.70782,30.65931,30.608710000000002,30.55602,30.50146,30.44492,30.386730000000004,30.326780000000003,30.26529,30.202260000000003,30.13802,30.072570000000002,30.00602,29.938480000000002,29.870280000000005,29.80131,29.731900000000003,29.66216,29.592420000000004,29.52257,29.452940000000005,29.383860000000002,29.315220000000004,29.247570000000003,29.1808,29.11535,29.05133,28.988960000000002,28.92846,28.870160000000002,28.814280000000004,28.760820000000002,28.710330000000003,28.66281,28.61859,28.577890000000004,28.540930000000003,28.50793,28.479110000000002,28.45458,28.43478,28.419710000000002,28.40959,28.40453,28.404860000000003,28.410580000000003,28.421910000000004,28.43896,28.461840000000002,28.490660000000002,28.525420000000004,28.566340000000004,28.613310000000002,28.666440000000005,28.725620000000003,28.79107,28.862680000000005,28.940340000000003,29.024050000000003,29.11392,29.209620000000005,29.31126,29.41862,29.531590000000005,29.650170000000003,29.774250000000002,29.90361,30.038030000000003,30.177620000000005,30.32194,30.471100000000003,30.62477,30.782840000000004,30.945090000000004,31.111520000000002,31.2818,31.455930000000002,31.633580000000002,31.81464,31.999000000000002,32.186550000000004,32.37707,32.57045,32.766470000000005,32.96502,33.16599,33.36927,33.57464,33.7821,33.99154,34.20274,34.41559,34.63009,34.84602,35.06338,35.28206,35.50195000000001,35.72294,35.94503,36.16811,36.392179999999996,36.617020000000004,36.84263,37.069010000000006,37.29616,37.523860000000006,37.75211,37.98091000000001,38.210260000000005,38.44005000000001,38.670280000000005,38.90084000000001,39.13184,39.363170000000004,39.59472,39.826600000000006,40.0587,40.29113000000001,40.52367,40.75654,40.98952,41.22261,41.45592,41.68934
29.905590000000004,29.739930000000005,29.578450000000004,29.421260000000004,29.268470000000004,29.12041,28.97697,28.83837,28.704720000000002,28.576130000000003,28.452710000000003,28.334680000000002,28.221930000000004,28.114680000000003,28.013040000000004,27.917120000000004,27.826810000000002,27.742330000000003,27.663680000000003,27.590860000000003,27.52409,27.463150000000002,27.408150000000003,27.359090000000002,27.31597,27.27868,27.247220000000002,27.221590000000003,27.201680000000003,27.187490000000004,27.17869,27.1755,27.177590000000002,27.18485,27.19717,27.214440000000003,27.23655,27.26328,27.29441,27.329830000000005,27.36943,27.41288,27.46007,27.51089,27.565010000000004,27.622320000000002,27.682600000000004,27.745740000000005,27.811410000000002,27.8795,27.94968,28.02206,28.09609,28.171880000000005,28.24921,28.327750000000005,28.407390000000003,28.488020000000002,28.569420000000004,28.651480000000003,28.733980000000003,28.81681,28.899750000000004,28.9828,29.06574,29.148460000000004,29.23085,29.312690000000003,29.39387,29.47439,29.55403,29.632790000000004,29.71045,29.787010000000002,29.862360000000002,29.936280000000004,30.008770000000002,30.079830000000005,30.149350000000002,30.21711,30.283220000000004,30.34746,30.40983,30.47033,30.528740000000003,30.58517,30.639400000000002,30.69154,30.741480000000003,30.789110000000004,30.834430000000005,30.877440000000004,30.91814,30.956310000000002,30.992060000000006,31.025280000000002,31.055970000000006,31.084130000000002,31.109760000000005,31.13275,31.153100000000006,31.170810000000003,31.18599,31.198420000000006,31.2081,31.215250000000005,31.21965,31.221300000000003,31.220310000000005,31.21668,31.210300000000004,31.20139,31.18973,31.175430000000002,31.158490000000004,31.138910000000003,31.116910000000004,31.092270000000003,31.0651,31.035510000000002,31.003500000000003,30.969070000000002,30.932220000000004,30.893170000000005,30.851920000000003,30.808470000000003,30.762930000000004,30.7153,30.6658,30.614430000000002,30.561300000000003,30.506410000000002,30.45009,30.392120000000002,30.33283,30.27233,30.210730000000005,30.148030000000002,30.08456,30.02032,29.95553,29.8903,29.82485,29.75929,29.693730000000002,29.628500000000003,29.563710000000004,29.49958,29.436220000000002,29.373960000000004,29.312910000000002,29.253290000000003,29.195320000000002,29.139110000000006,29.0851,29.0334,28.98412,28.9377,28.89414,28.85377,28.81681,28.78348,28.754,28.728480000000005,28.707140000000003,28.690200000000004,28.677880000000002,28.6704,28.66776,28.670180000000002,28.677880000000002,28.69097,28.70945,28.733540000000005,28.76324,28.798770000000005,28.840020000000003,28.88721,28.940230000000003,28.999080000000003,29.063980000000004,29.134710000000002,29.211270000000003,29.293660000000003,29.381880000000002,29.475820000000002,29.575480000000002,29.68064,29.79119,29.907240000000005,30.028460000000003,30.15474,30.286190000000005,30.422370000000004,30.563280000000002,30.708920000000003,30.858850000000004,31.013180000000002,31.171580000000006,31.33405,31.500260000000004,31.670210000000004,31.843790000000002,32.02067,32.20085,32.38400000000001,32.57023,32.75921,32.95094,33.1452,33.34188,33.54076,33.74195,33.94512,34.150270000000006,34.35718,34.565850000000005,34.77617,34.98803,35.20121,35.415820000000004,35.631750000000004,35.848890000000004,36.06702000000001,36.28625,36.50647,36.72757,36.94955,37.1723,37.39582000000001,37.620000000000005,37.844840000000005,38.07023,38.296170000000004,38.52266,38.7497,38.977070000000005,39.20488,39.433130000000006,39.66171000000001,39.890620000000006,40.11986,40.349430000000005,40.57922000000001,40.80923,41.039570000000005,41.27013000000001,41.500800000000005,41.73169
30.061570000000003,29.899100000000004,29.74081,29.5867,29.43699,29.291790000000002,29.151210000000003,29.015360000000005,28.884460000000004,28.7584,28.6374,28.52157,28.41102,28.305750000000003,28.205980000000004,28.111600000000003,28.022830000000003,27.93956,27.86201,27.790180000000003,27.724070000000005,27.663680000000003,27.60901,27.560060000000004,27.516720000000003,27.479210000000005,27.447310000000005,27.420910000000003,27.40012,27.38472,27.37471,27.369870000000002,27.370310000000003,27.375700000000002,27.38604,27.401220000000002,27.420910000000003,27.44511,27.47371,27.506380000000004,27.543120000000002,27.583710000000004,27.627930000000003,27.675560000000004,27.7266,27.78061,27.8377,27.897430000000004,27.9598,28.024480000000004,28.091360000000005,28.160330000000002,28.231060000000003,28.303440000000002,28.377360000000003,28.452710000000003,28.529050000000005,28.606490000000004,28.684700000000003,28.763680000000004,28.843100000000003,28.922960000000003,29.003040000000002,29.08323,29.163420000000002,29.243390000000005,29.323030000000003,29.40234,29.4811,29.559310000000004,29.63664,29.713200000000004,29.788770000000003,29.86335,29.93672,30.008770000000002,30.079610000000002,30.149020000000004,30.216890000000003,30.283330000000003,30.348010000000002,30.411040000000003,30.472200000000004,30.5316,30.58913,30.64457,30.698140000000002,30.749620000000004,30.7989,30.84609,30.890970000000003,30.933650000000004,30.974020000000003,31.01208,31.047830000000005,31.081050000000005,31.111960000000003,31.140340000000002,31.1663,31.18962,31.210520000000002,31.228890000000003,31.24473,31.25793,31.26849,31.27663,31.28202,31.28488,31.2851,31.282790000000002,31.277950000000004,31.270470000000003,31.260350000000006,31.24781,31.232630000000004,31.215030000000006,31.194900000000004,31.17235,31.147380000000002,31.119990000000005,31.090290000000003,31.058280000000003,31.024070000000005,30.98766,30.949050000000003,30.908460000000005,30.86578,30.821230000000003,30.774810000000002,30.72652,30.67669,30.625100000000003,30.572080000000003,30.517740000000003,30.46208,30.405210000000004,30.347240000000003,30.288390000000003,30.22877,30.168490000000002,30.107660000000003,30.046500000000005,29.985010000000003,29.92363,29.862250000000003,29.8012,29.7407,29.680750000000003,29.62168,29.563600000000005,29.506730000000005,29.451290000000004,29.397500000000004,29.345470000000002,29.295530000000003,29.2479,29.20258,29.160010000000003,29.1203,29.08367,29.050230000000003,29.020310000000002,28.994130000000002,28.9718,28.953430000000004,28.93935,28.929670000000005,28.924610000000005,28.92428,28.928790000000003,28.938250000000004,28.95288,28.97279,28.997980000000002,29.028670000000005,29.064860000000003,29.106550000000002,29.153850000000002,29.206760000000003,29.265390000000004,29.32963,29.399590000000003,29.475160000000002,29.556340000000002,29.643130000000003,29.735310000000002,29.832990000000002,29.936060000000005,30.04441,30.15782,30.276400000000002,30.39993,30.5283,30.6614,30.799120000000002,30.94124,31.087760000000003,31.23846,31.393120000000003,31.551740000000002,31.714100000000002,31.880200000000002,32.049710000000005,32.22252,32.398520000000005,32.57771,32.75976000000001,32.94456,33.132110000000004,33.32219,33.51458,33.70939,33.90629,34.10528,34.306360000000005,34.50909,34.71369,34.919940000000004,35.12773,35.33706,35.54771,35.75968,35.972970000000004,36.187250000000006,36.40274000000001,36.61922,36.836690000000004,37.055040000000005,37.27416,37.49416,37.71493,37.93636,38.15834,38.38109,38.60428,38.82813,39.052420000000005,39.27715,39.502320000000005,39.72793000000001,39.95398000000001,40.18036,40.407070000000004,40.63411000000001,40.86137000000001,41.08907000000001,41.31699,41.54513000000001,41.7736
30.2115,30.052110000000003,29.89668,29.745540000000002,29.598690000000005,29.456240000000005,29.31841,29.185090000000002,29.056610000000003,28.932970000000005,28.814280000000004,28.700540000000004,28.59197,28.488570000000003,28.39045,28.29772,28.210270000000005,28.128320000000002,28.05176,27.98081,27.915250000000004,27.855300000000003,27.80096,27.75212,27.708780000000004,27.67094,27.638490000000004,27.611430000000002,27.589760000000005,27.573370000000004,27.562040000000003,27.555880000000002,27.554670000000005,27.558410000000002,27.56677,27.579860000000004,27.59746,27.61935,27.645530000000004,27.675670000000004,27.709770000000002,27.747500000000002,27.78886,27.833630000000003,27.881700000000002,27.932740000000003,27.98664,28.043290000000002,28.10247,28.164070000000002,28.227760000000004,28.29354,28.361080000000005,28.430380000000003,28.501220000000004,28.57327,28.64664,28.721,28.79624,28.87225,28.94881,29.025810000000003,29.103140000000003,29.180580000000003,29.25813,29.335570000000004,29.412790000000005,29.489680000000003,29.56613,29.642030000000002,29.717270000000003,29.791630000000005,29.865220000000004,29.93793,30.009430000000005,30.079830000000005,30.149020000000004,30.216890000000003,30.283330000000003,30.348340000000004,30.41181,30.47363,30.53369,30.592100000000002,30.648640000000004,30.70342,30.756110000000003,30.80693,30.855770000000003,30.902410000000003,30.946960000000004,30.989420000000003,31.029570000000003,31.067520000000005,31.103270000000002,31.136600000000005,31.167620000000003,31.19633,31.222620000000003,31.246380000000002,31.267830000000004,31.28675,31.303250000000002,31.317330000000005,31.328770000000002,31.337790000000005,31.344280000000005,31.348350000000003,31.349780000000003,31.34879,31.345270000000003,31.339330000000004,31.330860000000005,31.31997,31.30655,31.290820000000004,31.27267,31.252100000000006,31.22922,31.204140000000002,31.176750000000006,31.147160000000003,31.115370000000002,31.081490000000002,31.04563,31.007680000000004,30.96786,30.926280000000002,30.882830000000002,30.83762,30.790870000000005,30.742690000000003,30.692970000000003,30.641930000000002,30.589790000000004,30.536440000000002,30.4821,30.426990000000004,30.371000000000002,30.314570000000003,30.257590000000004,30.20028,30.142860000000002,30.085330000000003,30.028020000000005,29.971040000000002,29.914500000000004,29.858620000000005,29.803620000000002,29.749610000000004,29.696810000000003,29.64544,29.595610000000004,29.54765,29.501670000000004,29.457780000000003,29.416310000000003,29.377370000000003,29.34129,29.30818,29.27815,29.251640000000005,29.228540000000002,29.20918,29.19367,29.18234,29.17519,29.17244,29.1742,29.180690000000002,29.191910000000004,29.208080000000002,29.22931,29.2556,29.287060000000004,29.323910000000005,29.365930000000002,29.41345,29.466360000000005,29.52466,29.58846,29.657650000000004,29.73223,29.812200000000004,29.897560000000002,29.988200000000003,30.084010000000003,30.185100000000002,30.291140000000006,30.402350000000002,30.518290000000004,30.639180000000003,30.76469,30.894820000000003,31.029350000000004,31.168280000000003,31.311390000000003,31.458570000000005,31.609710000000003,31.7647,31.923430000000003,32.08568,32.251340000000006,32.420190000000005,32.59234,32.76746,32.945550000000004,33.12628,33.309760000000004,33.49577000000001,33.684200000000004,33.87494,34.06777,34.262800000000006,34.459700000000005,34.65858,34.85911,35.0614,35.26534,35.470710000000004,35.677510000000005,35.885630000000006,36.09507,36.30572000000001,36.51747,36.73032,36.944160000000004,37.15899,37.3747,37.59118,37.80854000000001,38.02656,38.24535000000001,38.464800000000004,38.6848,38.905460000000005,39.12667,39.34832,39.57063000000001,39.79327,40.01635,40.23998,40.46383,40.68812,40.912850000000006,41.137910000000005,41.36319,41.588800000000006,41.81485000000001
30.355270000000004,30.19874,30.04617,29.89767,29.753570000000003,29.613760000000003,29.478350000000002,29.34756,29.221390000000003,29.099950000000003,28.983350000000005,28.8717,28.765,28.663360000000004,28.56678,28.475480000000005,28.38935,28.308500000000002,28.232930000000003,28.162640000000003,28.097850000000005,28.03834,27.984220000000004,27.935380000000002,27.89204,27.85387,27.820980000000002,27.793260000000004,27.770820000000004,27.75344,27.741010000000003,27.733530000000002,27.730780000000003,27.732870000000002,27.739580000000004,27.750690000000006,27.766200000000005,27.786000000000005,27.809760000000004,27.837590000000002,27.86916,27.90436,27.943080000000002,27.985100000000003,28.03031,28.0786,28.129640000000002,28.183320000000005,28.239530000000002,28.298160000000003,28.358880000000003,28.421690000000005,28.48626,28.552590000000002,28.620350000000002,28.68965,28.76005,28.831550000000004,28.903930000000003,28.977190000000004,29.051000000000002,29.12536,29.200050000000005,29.274960000000004,29.349980000000002,29.425,29.499910000000003,29.57449,29.64874,29.722440000000002,29.795700000000004,29.868190000000002,29.93991,30.010640000000002,30.08049,30.149350000000002,30.216890000000003,30.283330000000003,30.348450000000003,30.412140000000004,30.474400000000003,30.535120000000003,30.59419,30.651610000000005,30.707380000000004,30.761280000000003,30.813420000000004,30.863690000000002,30.911980000000003,30.958180000000002,31.002510000000004,31.044640000000005,31.084680000000002,31.12263,31.158270000000005,31.191820000000003,31.22306,31.251990000000003,31.27861,31.302920000000004,31.324810000000003,31.344500000000004,31.361660000000004,31.376510000000003,31.388830000000002,31.398840000000003,31.406430000000004,31.411600000000004,31.414240000000003,31.414570000000005,31.412480000000002,31.407970000000006,31.401150000000005,31.391800000000003,31.380250000000004,31.366280000000003,31.35,31.33152,31.310730000000003,31.287850000000002,31.262660000000004,31.235380000000003,31.206120000000002,31.174770000000002,31.141440000000003,31.106240000000003,31.069170000000003,31.030340000000002,30.98986,30.947730000000004,30.90406,30.858960000000003,30.812540000000002,30.7648,30.715960000000003,30.666130000000003,30.615310000000004,30.563720000000004,30.511360000000003,30.458560000000002,30.405320000000003,30.351750000000003,30.298070000000003,30.244500000000002,30.191040000000005,30.13791,30.085330000000003,30.033300000000004,29.98226,29.93221,29.88326,29.83574,29.789760000000005,29.745540000000002,29.703300000000002,29.66315,29.62531,29.59,29.557330000000004,29.527520000000003,29.500790000000002,29.47736,29.457230000000003,29.440730000000002,29.427970000000002,29.419170000000005,29.414440000000003,29.413890000000002,29.417740000000002,29.425990000000002,29.43897,29.456570000000003,29.479010000000002,29.50629,29.538630000000005,29.576030000000003,29.6186,29.666230000000002,29.71903,29.777110000000004,29.840360000000004,29.908780000000004,29.98248,30.06135,30.145390000000003,30.234490000000005,30.328540000000004,30.427760000000003,30.531710000000004,30.640610000000002,30.754240000000003,30.872490000000003,30.995250000000002,31.12252,31.254080000000002,31.389930000000003,31.529850000000003,31.673730000000003,31.821460000000002,31.97293,32.12803,32.28665,32.448570000000004,32.61379,32.782090000000004,32.95336,33.12749,33.304370000000006,33.484,33.66605,33.85052,34.0373,34.22628,34.41724,34.61029,34.80521,35.002,35.20044,35.400420000000004,35.60205,35.805110000000006,36.00949000000001,36.215300000000006,36.42221000000001,36.63044000000001,36.83966,37.049980000000005,37.26129,37.47359,37.686659999999996,37.90072,38.11544,38.33093,38.54719000000001,38.76411,38.98169,39.19982,39.4185,39.637840000000004,39.857620000000004,40.07784,40.298610000000004,40.51982,40.74147000000001,40.96345,41.18587,41.408730000000006,41.63181,41.85533
30.492880000000003,30.338990000000003,30.189060000000005,30.04331,29.90163,29.76424,29.63125,29.50277,29.378800000000002,29.25945,29.144830000000002,29.035050000000002,28.930000000000003,28.83001,28.73497,28.644990000000004,28.55996,28.480210000000003,28.405520000000003,28.336110000000005,28.27176,28.212690000000002,28.158790000000003,28.110170000000004,28.066610000000004,28.02822,27.99489,27.966620000000002,27.94341,27.92504,27.91151,27.902820000000002,27.898750000000003,27.8993,27.90436,27.913710000000002,27.927350000000004,27.94506,27.966730000000002,27.992250000000006,28.021510000000003,28.054400000000005,28.090590000000002,28.130080000000003,28.17265,28.21819,28.26659,28.317520000000005,28.37098,28.426750000000002,28.484720000000003,28.544670000000004,28.606490000000004,28.669960000000003,28.735080000000004,28.80152,28.869170000000004,28.938030000000005,29.00777,29.078390000000002,29.149670000000004,29.221390000000003,29.293660000000003,29.36615,29.438860000000002,29.511570000000003,29.584280000000003,29.65677,29.728930000000002,29.80065,29.871930000000003,29.942550000000004,30.012510000000002,30.081590000000006,30.149900000000002,30.21711,30.283330000000003,30.348340000000004,30.412140000000004,30.47462,30.53578,30.5954,30.653590000000005,30.71024,30.765130000000003,30.81837,30.869850000000003,30.91957,30.967420000000004,31.0134,31.057290000000002,31.09931,31.13924,31.177190000000003,31.212940000000003,31.24649,31.277950000000004,31.30721,31.334270000000004,31.35902,31.381570000000004,31.401810000000005,31.419740000000004,31.435360000000003,31.448670000000003,31.45956,31.468250000000005,31.474520000000002,31.478480000000005,31.480130000000003,31.479360000000003,31.476390000000002,31.471000000000004,31.463410000000003,31.453510000000005,31.441410000000005,31.427000000000003,31.410500000000003,31.391800000000003,31.371010000000005,31.34802,31.323050000000002,31.296210000000002,31.267280000000003,31.23648,31.203920000000004,31.169600000000003,31.133520000000004,31.0959,31.056630000000002,31.016040000000004,30.974020000000003,30.930680000000002,30.88624,30.840590000000002,30.79406,30.746650000000002,30.69847,30.64974,30.60046,30.55074,30.500910000000005,30.45097,30.401030000000002,30.35131,30.301920000000003,30.253080000000004,30.204790000000003,30.157490000000003,30.11118,30.06597,30.022190000000002,29.979950000000002,29.939360000000004,29.900640000000003,29.864010000000004,29.82969,29.79768,29.768310000000003,29.7418,29.71815,29.697580000000006,29.68042,29.666670000000003,29.656550000000003,29.65006,29.647640000000003,29.649180000000005,29.65501,29.665020000000002,29.679540000000003,29.69846,29.72211,29.750490000000003,29.783600000000003,29.821550000000002,29.864340000000002,29.912190000000002,29.964990000000004,30.02274,30.08555,30.15331,30.226130000000005,30.303900000000002,30.386730000000004,30.474290000000003,30.566800000000004,30.664150000000003,30.766230000000004,30.87293,30.984140000000004,31.099970000000003,31.220200000000006,31.344720000000002,31.473420000000004,31.606190000000005,31.74303,31.88372,32.02826,32.176320000000004,32.32801,32.48311,32.641510000000004,32.80310000000001,32.96766,33.1353,33.30569,33.47883,33.65461,33.83281,34.01354,34.196470000000005,34.381600000000006,34.56882,34.75813,34.9492,35.14214,35.33684,35.533190000000005,35.73108,35.930400000000006,36.131260000000005,36.33333,36.53683,36.74143,36.94713,37.15404000000001,37.361940000000004,37.57083,37.7806,37.99136,38.202890000000004,38.41519,38.628260000000004,38.8421,39.0566,39.27176,39.48758,39.70395,39.92087,40.13834000000001,40.35636000000001,40.57482,40.79383,41.01317,41.23306,41.45339,41.67405,41.89515
30.62433,30.472970000000004,30.325570000000003,30.182130000000004,30.04287,29.907790000000002,29.777110000000004,29.650720000000003,29.528730000000003,29.411360000000002,29.298610000000004,29.19059,29.087190000000003,28.988740000000004,28.895020000000002,28.806250000000002,28.722430000000003,28.643670000000004,28.569860000000002,28.501,28.437310000000004,28.378570000000003,28.324890000000003,28.276270000000004,28.23271,28.193990000000003,28.160330000000002,28.131510000000002,28.10753,28.088390000000004,28.073870000000003,28.06397,28.058690000000002,28.057810000000003,28.061220000000002,28.068920000000002,28.0808,28.096640000000004,28.116330000000005,28.139760000000003,28.166930000000004,28.197400000000002,28.23139,28.26846,28.30861,28.351620000000004,28.39749,28.445890000000002,28.49671,28.549950000000003,28.60528,28.66259,28.721770000000003,28.782600000000002,28.845080000000003,28.908990000000003,28.974110000000003,29.040330000000004,29.107650000000003,29.17574,29.244600000000002,29.314120000000003,29.383970000000005,29.45426,29.52477,29.595280000000002,29.665900000000004,29.736300000000004,29.806590000000003,29.876440000000002,29.945960000000003,30.014820000000004,30.08313,30.15067,30.217330000000004,30.283220000000004,30.348010000000002,30.41181,30.474400000000003,30.53578,30.595840000000003,30.654580000000003,30.71189,30.767660000000003,30.821890000000003,30.874470000000002,30.925510000000003,30.974680000000003,31.022090000000002,31.067740000000004,31.111520000000002,31.153320000000004,31.193250000000006,31.231090000000002,31.26695,31.300830000000005,31.332510000000003,31.3621,31.389600000000005,31.414790000000004,31.43789,31.458790000000004,31.477490000000003,31.493880000000004,31.50807,31.52006,31.52974,31.537220000000005,31.542390000000005,31.54525,31.545910000000003,31.544370000000004,31.540630000000004,31.534580000000002,31.52644,31.5161,31.503560000000004,31.488930000000003,31.472320000000003,31.453510000000005,31.432830000000003,31.410170000000004,31.385530000000003,31.35902,31.330750000000005,31.300720000000005,31.269040000000004,31.235710000000005,31.200840000000003,31.164430000000003,31.126700000000003,31.087760000000003,31.047500000000003,31.006030000000003,30.963680000000004,30.920340000000003,30.87623,30.831460000000003,30.786030000000004,30.74016,30.694070000000004,30.647650000000002,30.60123,30.554810000000003,30.50872,30.462960000000002,30.417640000000002,30.37309,30.329420000000002,30.286630000000002,30.245050000000003,30.204790000000003,30.16607,30.129,30.093690000000002,30.060470000000002,30.02934,30.00063,29.974450000000004,29.950910000000004,29.93023,29.912630000000004,29.898110000000003,29.887000000000004,29.879300000000004,29.875230000000006,29.8749,29.878420000000002,29.886120000000002,29.89778,29.91373,29.934080000000005,29.958830000000003,29.988090000000003,30.021970000000003,30.060470000000002,30.103700000000003,30.15166,30.20435,30.26188,30.324250000000003,30.391350000000003,30.4634,30.540070000000004,30.621690000000005,30.70793,30.79879,30.89438,30.994590000000002,31.0992,31.208320000000004,31.321730000000002,31.43943,31.561310000000002,31.68737,31.817280000000004,31.951150000000005,32.08887000000001,32.23011,32.37509,32.52337000000001,32.67506,32.83005000000001,32.98812,33.14927,33.31317000000001,33.48004,33.64955,33.82159,33.99616,34.17315000000001,34.352450000000005,34.533840000000005,34.71743,34.902890000000006,35.09044,35.27964000000001,35.470710000000004,35.663430000000005,35.857690000000005,36.053490000000004,36.25072,36.449270000000006,36.64925000000001,36.85033000000001,37.052730000000004,37.25623000000001,37.46072,37.66631,37.872890000000005,38.08035,38.28869,38.497910000000005,38.7079,38.91877,39.13019,39.342490000000005,39.55534000000001,39.76885000000001,39.982910000000004,40.197630000000004,40.41301000000001,40.62883,40.845090000000006,41.06201,41.27926000000001,41.497060000000005,41.715300000000006,41.93409
30.749620000000004,30.60068,30.455480000000005,30.31446,30.177400000000002,30.04441,29.915820000000004,29.791410000000003,29.671400000000002,29.5559,29.444800000000004,29.338430000000002,29.236570000000004,29.139440000000004,29.047150000000002,28.95948,28.87676,28.798880000000004,28.72584,28.65764,28.594390000000004,28.53609,28.482630000000004,28.43401,28.390340000000002,28.3514,28.31741,28.288040000000002,28.2634,28.243380000000002,28.227980000000002,28.217090000000002,28.210600000000003,28.2084,28.210380000000004,28.216540000000002,28.226660000000003,28.240740000000002,28.258670000000002,28.28012,28.305200000000003,28.33369,28.36548,28.400350000000003,28.438190000000006,28.478890000000003,28.522340000000003,28.568430000000003,28.616830000000004,28.667540000000002,28.720450000000003,28.775340000000003,28.83199,28.890510000000003,28.950460000000003,29.011950000000002,29.074650000000002,29.138560000000002,29.203570000000003,29.269350000000003,29.335900000000002,29.40322,29.47087,29.539070000000002,29.607490000000002,29.676020000000005,29.744660000000003,29.813300000000005,29.88172,29.949810000000003,30.01757,30.084890000000005,30.15155,30.217660000000002,30.283000000000005,30.34746,30.411040000000003,30.47363,30.535120000000003,30.5954,30.654580000000003,30.712440000000004,30.76887,30.823980000000002,30.877550000000003,30.92958,30.98007,31.028910000000003,31.075990000000004,31.121420000000004,31.164980000000003,31.206670000000006,31.24649,31.284440000000004,31.320520000000002,31.354510000000005,31.386520000000004,31.416440000000005,31.444380000000002,31.470120000000005,31.493880000000004,31.515440000000005,31.5348,31.552070000000004,31.567250000000005,31.58012,31.590900000000005,31.599480000000003,31.605860000000003,31.61004,31.61213,31.61202,31.609710000000003,31.605310000000003,31.59882,31.59024,31.579570000000004,31.56692,31.552180000000003,31.535460000000004,31.516870000000004,31.49641,31.474080000000004,31.449990000000003,31.42414,31.396640000000005,31.36749,31.336800000000004,31.30468,31.271020000000004,31.236150000000002,31.200070000000004,31.16278,31.124390000000002,31.085120000000003,31.044970000000003,31.004050000000003,30.962470000000003,30.920340000000003,30.87777,30.83498,30.791970000000003,30.748960000000004,30.70606,30.663380000000004,30.62103,30.579230000000003,30.538200000000003,30.497940000000003,30.45867,30.420500000000004,30.383650000000003,30.348230000000004,30.31446,30.28256,30.252530000000004,30.224590000000003,30.198960000000003,30.175750000000004,30.15518,30.137360000000005,30.122400000000003,30.110520000000005,30.101830000000003,30.09644,30.09457,30.096330000000002,30.101830000000003,30.11118,30.12449,30.141870000000004,30.16343,30.189280000000004,30.219420000000003,30.25396,30.293010000000002,30.336460000000002,30.38453,30.437220000000003,30.494530000000005,30.556460000000005,30.62301,30.694180000000003,30.76997,30.85038,30.935300000000005,31.02473,31.11867,31.217010000000005,31.319640000000003,31.426670000000005,31.53788,31.653160000000003,31.772620000000003,31.895930000000003,32.0232,32.154210000000006,32.288850000000004,32.42723,32.56902,32.714110000000005,32.862610000000004,33.014300000000006,33.168960000000006,33.32659,33.487190000000005,33.65054,33.81653,33.98505,34.15599,34.329460000000005,34.50513,34.68289000000001,34.86285,35.04479,35.22871,35.41439,35.60183,35.791030000000006,35.981770000000004,36.17405,36.36787,36.563010000000006,36.75947000000001,36.95725,37.156240000000004,37.356440000000006,37.55774,37.76003000000001,37.963420000000006,38.16769,38.37295,38.57909,38.78611000000001,38.993900000000004,39.20246,39.41179,39.62178,39.83243,40.043850000000006,40.25582000000001,40.46845,40.681630000000006,40.895360000000004,41.109750000000005,41.324580000000005,41.53985,41.75578,41.97204
30.868640000000003,30.7219,30.57901,30.439970000000002,30.305000000000003,30.174100000000003,30.04738,29.924950000000003,29.806700000000003,29.692850000000004,29.583510000000004,29.47857,29.378140000000002,29.28233,29.191250000000004,29.104680000000002,29.02295,28.94584,28.87357,28.806030000000003,28.74322,28.685140000000004,28.6319,28.58339,28.539610000000003,28.500560000000004,28.466130000000003,28.436320000000002,28.41113,28.390340000000002,28.37406,28.362180000000002,28.354590000000005,28.351070000000004,28.351840000000003,28.35657,28.365150000000003,28.377580000000002,28.39375,28.413440000000005,28.436650000000004,28.463160000000002,28.49286,28.525640000000003,28.561390000000003,28.6,28.641250000000003,28.685030000000005,28.73123,28.77974,28.83034,28.882920000000002,28.93737,28.993470000000002,29.05122,29.110400000000002,29.1709,29.23261,29.295420000000004,29.359000000000005,29.42357,29.488690000000002,29.554470000000002,29.620580000000004,29.68713,29.753790000000002,29.820560000000004,29.88744,29.954100000000004,30.02065,30.086760000000005,30.152540000000002,30.217880000000005,30.28256,30.346580000000003,30.40983,30.472200000000004,30.53369,30.59419,30.653590000000005,30.71189,30.76887,30.824640000000002,30.87909,30.932110000000005,30.983700000000006,31.033640000000002,31.082150000000002,31.12901,31.174110000000002,31.217560000000002,31.25925,31.299180000000003,31.337130000000002,31.373320000000003,31.40764,31.439870000000003,31.470230000000004,31.498610000000003,31.52501,31.54932,31.571540000000002,31.591780000000004,31.609820000000003,31.625880000000006,31.639740000000003,31.651620000000005,31.661300000000004,31.66889,31.674390000000002,31.6778,31.67912,31.678350000000002,31.675600000000003,31.67076,31.66383,31.655030000000004,31.64414,31.631380000000004,31.616750000000003,31.600250000000003,31.58199,31.561860000000003,31.54008,31.516650000000002,31.49157,31.464950000000005,31.436790000000002,31.407310000000003,31.376400000000004,31.344280000000005,31.310950000000005,31.27663,31.241210000000002,31.20491,31.167730000000002,31.129890000000003,31.091390000000004,31.052450000000004,31.013180000000002,30.973580000000005,30.933870000000002,30.894160000000003,30.854560000000003,30.81518,30.77624,30.737740000000002,30.700010000000002,30.663050000000002,30.627190000000002,30.59232,30.558770000000003,30.526540000000004,30.496070000000003,30.46714,30.4403,30.415330000000004,30.392670000000003,30.372320000000002,30.3545,30.33932,30.327,30.31754,30.311270000000004,30.308080000000004,30.308300000000003,30.312040000000003,30.319300000000002,30.330410000000004,30.345150000000004,30.363960000000002,30.38662,30.41346,30.444480000000002,30.479680000000002,30.519170000000003,30.563060000000004,30.611240000000002,30.663930000000004,30.720910000000003,30.782400000000003,30.8484,30.918800000000005,30.993710000000004,31.072910000000004,31.156620000000004,31.24462,31.336910000000003,31.433600000000002,31.534360000000003,31.639300000000006,31.748310000000004,31.861390000000004,31.978430000000003,32.09921000000001,32.22384,32.35210000000001,32.48399,32.619400000000006,32.75822,32.90034000000001,33.04565,33.19404,33.345510000000004,33.499950000000005,33.657140000000005,33.817080000000004,33.97966,34.14477,34.31230000000001,34.48225,34.6544,34.82875000000001,35.005190000000006,35.18361,35.36401,35.54628,35.73031,35.91599,36.103320000000004,36.292190000000005,36.482490000000006,36.674330000000005,36.867490000000004,37.06197,37.25766000000001,37.45467000000001,37.65267000000001,37.85188000000001,38.05208,38.25327,38.45545,38.65862,38.86256,39.06749000000001,39.27319,39.47955,39.68679,39.894800000000004,40.10336,40.31269,40.52268,40.73333,40.94453,41.15628,41.36869,41.58165,41.79505,42.00911000000001
30.9815,30.836850000000002,30.695940000000004,30.55899,30.426000000000002,30.29697,30.17201,30.05123,29.93474,29.822540000000004,29.714630000000003,29.611120000000003,29.512010000000004,29.417520000000003,29.327430000000003,29.241960000000002,29.161110000000004,29.084770000000002,29.01316,28.946170000000002,28.8838,28.826050000000002,28.773030000000002,28.724520000000002,28.68074,28.64147,28.606710000000003,28.57646,28.550610000000002,28.529270000000004,28.512110000000003,28.499350000000003,28.490660000000002,28.486150000000002,28.4856,28.489010000000004,28.496160000000003,28.507160000000002,28.52168,28.539720000000003,28.561170000000004,28.585810000000006,28.613750000000003,28.644550000000002,28.678430000000002,28.714950000000005,28.754110000000004,28.795910000000003,28.840020000000003,28.886330000000005,28.934840000000005,28.98522,29.037580000000002,29.09159,29.14725,29.204340000000002,29.26275,29.322370000000003,29.383200000000002,29.444800000000004,29.50739,29.570640000000004,29.63444,29.698790000000002,29.76347,29.828480000000003,29.8936,29.95872,30.023840000000003,30.088850000000004,30.153640000000003,30.217990000000004,30.281900000000004,30.345370000000003,30.40818,30.47033,30.5316,30.592100000000002,30.651610000000005,30.71024,30.767660000000003,30.823980000000002,30.87909,30.93288,30.985460000000003,31.036500000000004,31.086220000000004,31.1344,31.180930000000004,31.225920000000002,31.269370000000002,31.310950000000005,31.350990000000003,31.38916,31.42546,31.460000000000004,31.492670000000004,31.52347,31.552290000000003,31.579240000000002,31.604210000000005,31.627090000000003,31.648100000000003,31.66702,31.683960000000003,31.69892,31.711790000000004,31.72268,31.731480000000005,31.738190000000003,31.74303,31.745780000000003,31.74644,31.745230000000003,31.742040000000003,31.736870000000003,31.729830000000003,31.720810000000004,31.710030000000003,31.697380000000003,31.682860000000005,31.666690000000003,31.648760000000003,31.629290000000005,31.608060000000002,31.5854,31.561200000000003,31.535680000000003,31.508730000000003,31.480460000000004,31.45098,31.420510000000004,31.388830000000002,31.356270000000002,31.322940000000003,31.28873,31.253860000000003,31.218440000000005,31.18258,31.146390000000004,31.109870000000004,31.07335,31.036830000000002,31.000310000000002,30.964230000000004,30.928480000000004,30.893280000000004,30.85874,30.824970000000004,30.79219,30.76051,30.730040000000002,30.701000000000004,30.673500000000004,30.647650000000002,30.623670000000004,30.601670000000002,30.581870000000002,30.56427,30.54909,30.536440000000002,30.526540000000004,30.519500000000004,30.515430000000002,30.514440000000004,30.516640000000002,30.52214,30.531160000000003,30.54381,30.560090000000002,30.58011,30.60387,30.631700000000002,30.663490000000003,30.699350000000003,30.739280000000004,30.78339,30.83179,30.88437,30.94113,31.002290000000006,31.067630000000005,31.13737,31.21129,31.289500000000004,31.372000000000003,31.458570000000005,31.549430000000005,31.644360000000006,31.743360000000003,31.846320000000002,31.953350000000004,32.06423,32.178850000000004,32.297320000000006,32.41942,32.54504000000001,32.67418000000001,32.80684,32.942690000000006,33.08184000000001,33.224180000000004,33.36949,33.517880000000005,33.66902,33.82302000000001,33.97966,34.138940000000005,34.30075,34.464980000000004,34.63152,34.80037,34.97131,35.14434000000001,35.31935,35.496340000000004,35.675200000000004,35.85582000000001,36.0382,36.222120000000004,36.40769000000001,36.594800000000006,36.78334,36.973200000000006,37.16449,37.35699,37.550700000000006,37.74562,37.941750000000006,38.138870000000004,38.33709,38.53619,38.73639,38.937470000000005,39.139430000000004,39.342270000000006,39.545880000000004,39.750370000000004,39.955630000000006,40.161550000000005,40.36824,40.57559,40.78371,40.992380000000004,41.201710000000006,41.4117,41.622240000000005,41.83333,42.045080000000006
31.088200000000004,30.945420000000002,30.806490000000004,30.671300000000002,30.540070000000004,30.4128,30.289600000000004,30.170470000000005,30.05552,29.944750000000003,29.83827,29.736080000000005,29.63829,29.54479,29.4558,29.37132,29.291240000000002,29.215670000000003,29.144720000000003,29.07817,29.01624,28.958820000000003,28.905910000000002,28.857510000000005,28.81362,28.774240000000002,28.739150000000002,28.708460000000002,28.682170000000003,28.660170000000004,28.64235,28.628600000000002,28.619030000000002,28.61342,28.611770000000003,28.613970000000002,28.6198,28.629370000000005,28.64246,28.65896,28.678760000000004,28.701860000000003,28.72793,28.757080000000002,28.78909,28.82374,28.861030000000003,28.900850000000002,28.943090000000005,28.987420000000004,29.033950000000004,29.082460000000005,29.13284,29.184870000000004,29.238550000000004,29.293770000000002,29.3502,29.407950000000003,29.466800000000003,29.526640000000004,29.587360000000004,29.64885,29.71089,29.773590000000002,29.83662,29.899980000000003,29.96356,30.027250000000002,30.090940000000003,30.15452,30.217880000000005,30.280910000000002,30.34372,30.405980000000003,30.467690000000005,30.528740000000003,30.58913,30.648640000000004,30.707380000000004,30.765130000000003,30.821890000000003,30.877550000000003,30.932110000000005,30.985460000000003,31.037490000000005,31.088200000000004,31.137590000000003,31.185440000000003,31.231970000000004,31.27685,31.32019,31.361880000000003,31.401920000000004,31.440310000000004,31.476830000000003,31.5117,31.544810000000002,31.575940000000003,31.605310000000003,31.632810000000003,31.658440000000002,31.6822,31.703870000000002,31.72378,31.741600000000005,31.757550000000002,31.771410000000003,31.7834,31.79341,31.801550000000002,31.807600000000004,31.811780000000002,31.813980000000004,31.814310000000003,31.812660000000005,31.809250000000002,31.803860000000004,31.79671,31.7878,31.777130000000003,31.7647,31.750510000000002,31.73478,31.71751,31.698590000000003,31.678240000000002,31.656460000000003,31.633250000000004,31.60883,31.5832,31.55636,31.52842,31.4996,31.46979,31.439210000000003,31.407860000000003,31.37585,31.343400000000003,31.31051,31.277290000000004,31.243850000000005,31.210300000000004,31.176860000000005,31.143530000000002,31.11042,31.077750000000005,31.04563,31.014170000000004,30.98359,30.953780000000005,30.925180000000005,30.89779,30.871610000000004,30.847080000000002,30.82409,30.802970000000002,30.783720000000002,30.766560000000002,30.751600000000003,30.738950000000003,30.72872,30.721130000000002,30.7164,30.714420000000004,30.715410000000006,30.71948,30.726850000000002,30.737520000000004,30.751600000000003,30.769200000000005,30.79043,30.8154,30.844,30.876560000000005,30.91297,30.95334,30.997780000000002,31.046180000000003,31.098760000000002,31.155300000000004,31.216020000000004,31.280920000000002,31.349890000000002,31.42293,31.500150000000005,31.581440000000004,31.666800000000002,31.756120000000003,31.849510000000002,31.94675,32.04784,32.152890000000006,32.261680000000005,32.374100000000006,32.49015,32.60983,32.73303000000001,32.85953,32.98944,33.12254,33.25883,33.39831,33.54065,33.68596,33.83402,33.98494,34.13839,34.29448,34.453100000000006,34.61403000000001,34.77727,34.942820000000005,35.11046,35.280300000000004,35.45201000000001,35.6257,35.80126,35.97858,36.15766000000001,36.338390000000004,36.52066000000001,36.70447,36.88982000000001,37.07649,37.264590000000005,37.454010000000004,37.64464,37.83648,38.02953,38.22368000000001,38.418820000000004,38.61506,38.812400000000004,39.01062,39.209720000000004,39.4097,39.610670000000006,39.81241000000001,40.014920000000004,40.21831,40.422360000000005,40.62718,40.832770000000004,41.03902,41.24593,41.453500000000005,41.661620000000006,41.87051000000001,42.079950000000004
31.188520000000004,31.047610000000002,30.910440000000005,30.77701,30.647540000000003,30.521810000000002,30.400260000000003,30.28256,30.169040000000003,30.059700000000003,29.95454,29.853560000000005,29.756870000000003,29.66447,29.57647,29.49276,29.41356,29.338650000000005,29.268250000000005,29.202250000000003,29.14065,29.083450000000003,29.030760000000004,28.982470000000003,28.938470000000002,28.898870000000002,28.863560000000003,28.832540000000005,28.805810000000005,28.783150000000003,28.764670000000002,28.750150000000005,28.739700000000003,28.73321,28.730460000000004,28.731450000000002,28.73618,28.74443,28.756200000000003,28.77127,28.789640000000002,28.811090000000004,28.835620000000006,28.863120000000002,28.893480000000004,28.926480000000005,28.962010000000003,29.000070000000004,29.040440000000004,29.08301,29.127780000000005,29.174420000000005,29.22293,29.2732,29.325120000000002,29.37847,29.43325,29.489240000000002,29.54633,29.60441,29.66348,29.72332,29.783820000000002,29.84487,29.906470000000002,29.968290000000003,30.030440000000002,30.0927,30.155070000000002,30.217330000000004,30.279590000000002,30.341520000000003,30.40312,30.464280000000002,30.525000000000002,30.58517,30.64457,30.70342,30.761280000000003,30.81837,30.874470000000002,30.92958,30.983700000000006,31.036500000000004,31.088200000000004,31.138690000000004,31.18775,31.235490000000002,31.2818,31.326680000000003,31.370020000000004,31.411820000000002,31.451970000000003,31.490580000000005,31.527430000000003,31.562630000000002,31.596070000000005,31.627750000000002,31.65767,31.685830000000003,31.712120000000002,31.736540000000005,31.759090000000004,31.779770000000003,31.798580000000005,31.815520000000003,31.830480000000005,31.843680000000003,31.8549,31.864140000000003,31.871620000000004,31.87723,31.880860000000006,31.882730000000002,31.882730000000002,31.880860000000006,31.87734,31.871950000000002,31.864800000000002,31.856000000000005,31.845550000000003,31.833560000000002,31.81981,31.804630000000003,31.788020000000003,31.76998,31.750510000000002,31.72972,31.707720000000002,31.68451,31.660310000000003,31.63501,31.60872,31.581660000000003,31.553720000000002,31.52512,31.495970000000003,31.46638,31.43635,31.405990000000003,31.375410000000002,31.34483,31.314360000000004,31.284000000000002,31.253860000000003,31.22416,31.195010000000003,31.166520000000006,31.138800000000003,31.112070000000003,31.086330000000004,31.061690000000002,31.038480000000003,31.0167,30.996570000000002,30.97809,30.96148,30.946850000000005,30.934310000000004,30.924080000000004,30.91627,30.910880000000002,30.908240000000003,30.908240000000003,30.91121,30.917150000000003,30.926170000000003,30.938380000000006,30.953890000000005,30.972810000000003,30.995140000000003,31.021100000000004,31.05058,31.0838,31.12076,31.161570000000005,31.20623,31.25474,31.30721,31.363640000000004,31.423920000000003,31.48827,31.55658,31.62885,31.704970000000003,31.785160000000005,31.869200000000003,31.957200000000004,32.04894,32.14464,32.243970000000004,32.34704000000001,32.45374,32.56407,32.67792,32.79529,32.915960000000005,33.040040000000005,33.16731,33.29777000000001,33.43131,33.567930000000004,33.70741,33.84975,33.99495,34.14268,34.29316,34.44617,34.601600000000005,34.75945,34.919500000000006,35.081860000000006,35.24631,35.412850000000006,35.581480000000006,35.751870000000004,35.924240000000005,36.09837,36.27426,36.4518,36.630880000000005,36.81161,36.99377,37.17736000000001,37.36238,37.54872,37.736270000000005,37.925140000000006,38.11522,38.306400000000004,38.49868000000001,38.69206,38.886430000000004,39.081790000000005,39.27825000000001,39.475480000000005,39.673700000000004,39.8728,40.07267,40.27342,40.474940000000004,40.67734,40.8804,41.084230000000005,41.288720000000005,41.49387,41.69979000000001,41.90637,42.11361
31.282680000000003,31.143420000000003,31.007900000000003,30.87612,30.74808,30.624000000000002,30.503880000000002,30.387610000000002,30.27541,30.167280000000005,30.063330000000004,29.96345,29.86786,29.776450000000004,29.689330000000005,29.6065,29.52796,29.45371,29.383860000000002,29.3183,29.257030000000004,29.200160000000004,29.147580000000005,29.099290000000003,29.055290000000003,29.015580000000003,28.980050000000002,28.948700000000002,28.921420000000005,28.898320000000002,28.87918,28.864,28.852780000000003,28.8453,28.84167,28.84167,28.8453,28.85234,28.862790000000004,28.87665,28.893590000000003,28.91372,28.936820000000004,28.962780000000002,28.991600000000005,29.02295,29.056940000000004,29.09346,29.13218,29.1731,29.21622,29.261210000000002,29.30807,29.35669,29.406850000000002,29.458660000000002,29.511680000000002,29.56613,29.62168,29.678220000000003,29.73575,29.794050000000002,29.85312,29.912740000000003,29.972910000000002,30.033410000000003,30.094240000000003,30.155290000000004,30.216450000000002,30.2775,30.33855,30.39949,30.4601,30.52027,30.58011,30.639400000000002,30.698140000000002,30.756110000000003,30.813420000000004,30.869850000000003,30.925510000000003,30.98007,31.033640000000002,31.086220000000004,31.137590000000003,31.18775,31.236700000000003,31.284330000000004,31.33053,31.375410000000002,31.418860000000002,31.460770000000004,31.501140000000003,31.53997,31.57715,31.612680000000005,31.646560000000004,31.678790000000003,31.70926,31.73808,31.765030000000003,31.790220000000005,31.813650000000006,31.83521,31.8549,31.872830000000004,31.889,31.903190000000002,31.91562,31.926180000000006,31.934980000000003,31.941910000000004,31.947080000000003,31.950380000000003,31.952030000000004,31.951810000000002,31.949940000000005,31.946310000000004,31.94103,31.9341,31.92563,31.91551,31.90396,31.890870000000003,31.876350000000002,31.86051,31.84324,31.82487,31.80518,31.7845,31.76272,31.739950000000004,31.71619,31.691660000000002,31.666470000000004,31.640620000000002,31.614110000000004,31.58727,31.559990000000003,31.532380000000003,31.50477,31.476940000000003,31.449330000000003,31.421720000000004,31.394550000000006,31.367710000000006,31.341420000000003,31.315790000000003,31.290820000000004,31.266840000000002,31.243960000000005,31.222180000000005,31.201610000000006,31.182470000000002,31.164980000000003,31.149030000000003,31.134950000000003,31.12274,31.11262,31.104700000000005,31.09909,31.0959,31.095240000000004,31.09722,31.101950000000002,31.109650000000006,31.120210000000004,31.133850000000002,31.15079,31.170810000000003,31.194350000000004,31.221190000000004,31.25155,31.28543,31.322940000000003,31.36408,31.40896,31.45747,31.50994,31.566040000000005,31.625990000000005,31.689790000000006,31.757440000000003,31.828940000000003,31.90418,31.983270000000005,32.066100000000006,32.15267,32.24298,32.337030000000006,32.4346,32.53591,32.64063,32.748870000000004,32.86063,32.97569000000001,33.09405,33.2156,33.340450000000004,33.468270000000004,33.59917,33.73304,33.86977,34.00936,34.151590000000006,34.29646,34.44397,34.594010000000004,34.74636,34.90113,35.05821,35.21738,35.378750000000004,35.542210000000004,35.70765,35.87496,36.04425,36.21519,36.388,36.56246,36.73846,36.91611,37.09519000000001,37.2757,37.457750000000004,37.64101,37.825700000000005,38.0116,38.198710000000005,38.38703,38.57645,38.76697,38.95859,39.1512,39.344800000000006,39.539500000000004,39.734970000000004,39.93143,40.12877,40.32699,40.52609,40.72585,40.92649,41.127900000000004,41.33008,41.533030000000004,41.73664,41.94102,42.145950000000006
31.37057,31.232960000000002,31.09887,30.968630000000005,30.84202,30.71937,30.60046,30.48551,30.37463,30.267710000000005,30.16475,30.06597,29.971370000000004,29.880840000000003,29.7946,29.71243,29.63455,29.56096,29.491550000000004,29.426430000000003,29.365490000000005,29.308840000000004,29.25637,29.208190000000002,29.16419,29.124260000000003,29.08851,29.05683,29.029220000000002,29.00568,28.98599,28.970150000000004,28.958270000000002,28.950020000000002,28.945510000000002,28.94452,28.947160000000004,28.953100000000003,28.96245,28.975100000000005,28.990830000000003,29.00964,29.03142,29.056060000000002,29.083450000000003,29.113480000000003,29.146040000000003,29.18091,29.218200000000003,29.25769,29.299160000000004,29.342720000000003,29.388040000000004,29.43512,29.48385,29.53412,29.585710000000002,29.63862,29.692740000000004,29.747960000000003,29.804060000000003,29.861040000000003,29.918680000000002,29.97709,30.03594,30.095230000000004,30.154960000000003,30.214800000000004,30.274860000000004,30.334920000000004,30.39498,30.45493,30.514550000000003,30.57395,30.633020000000002,30.69154,30.749620000000004,30.80693,30.863690000000002,30.91957,30.974680000000003,31.028910000000003,31.082150000000002,31.1344,31.185440000000003,31.235490000000002,31.284330000000004,31.331850000000003,31.378050000000005,31.423040000000004,31.46649,31.508620000000004,31.549210000000002,31.58837,31.625880000000006,31.661960000000004,31.696280000000005,31.729060000000004,31.760080000000006,31.789450000000002,31.817170000000004,31.843130000000002,31.867440000000006,31.88988,31.91056,31.929480000000005,31.94675,31.962040000000002,31.97568,31.987560000000002,31.997680000000003,32.00593,32.012530000000005,32.01737,32.02056,32.02199,32.021770000000004,32.01979,32.01638,32.01132,32.00461,31.996580000000005,31.986900000000002,31.975900000000003,31.963580000000004,31.949830000000002,31.934870000000004,31.9187,31.901430000000005,31.882950000000005,31.863590000000002,31.84324,31.822120000000005,31.80012,31.77746,31.754140000000003,31.730270000000004,31.70607,31.681430000000002,31.656570000000002,31.631600000000002,31.606630000000003,31.581660000000003,31.556910000000002,31.532380000000003,31.508290000000002,31.484750000000002,31.461870000000005,31.43965,31.418420000000005,31.398070000000004,31.37893,31.361000000000004,31.344500000000004,31.329430000000002,31.316010000000002,31.304240000000004,31.294450000000005,31.286640000000002,31.280920000000002,31.277400000000004,31.276190000000003,31.277400000000004,31.281250000000004,31.287740000000003,31.29698,31.309080000000005,31.324150000000003,31.3423,31.36353,31.388060000000003,31.41578,31.446910000000003,31.481340000000003,31.5194,31.560870000000005,31.605970000000003,31.654590000000002,31.706840000000003,31.76283,31.822450000000003,31.8857,31.95269,32.02342,32.09767,32.17577,32.25739,32.34264,32.431520000000006,32.52403,32.61995,32.719500000000004,32.82235,32.92861,33.03828,33.151140000000005,33.26719,33.386540000000004,33.50886,33.634260000000005,33.76252,33.893750000000004,34.027840000000005,34.164680000000004,34.30416,34.44617,34.59082,34.73789,34.88738000000001,35.03918,35.193180000000005,35.349380000000004,35.507780000000004,35.66816000000001,35.830630000000006,35.99486,36.16107,36.329040000000006,36.49877000000001,36.67015000000001,36.843180000000004,37.01775000000001,37.19397,37.37151,37.55059,37.73099,37.91271,38.09564,38.28,38.46546000000001,38.65202,38.83979000000001,39.02866000000001,39.218630000000005,39.40959000000001,39.60154,39.79448,39.98841,40.183220000000006,40.378910000000005,40.575480000000006,40.77293,40.97115,41.17025,41.37001,41.57065,41.77206,41.97424,42.17708
31.4523,31.316010000000002,31.183350000000004,31.054430000000004,30.929250000000003,30.807810000000003,30.69011,30.576480000000004,30.46659,30.360770000000002,30.25891,30.161120000000004,30.067290000000003,29.977640000000005,29.892170000000004,29.810660000000002,29.73344,29.66029,29.591430000000003,29.526640000000004,29.46603,29.409600000000005,29.357350000000004,29.30917,29.265060000000005,29.225130000000004,29.18916,29.15726,29.129320000000003,29.10534,29.0851,29.068710000000003,29.05617,29.047260000000005,29.041870000000003,29.040110000000002,29.04176,29.04682,29.05518,29.06673,29.081360000000004,29.098960000000005,29.119640000000004,29.142960000000002,29.169140000000002,29.197850000000003,29.229090000000003,29.26264,29.298610000000004,29.33667,29.376820000000002,29.418950000000002,29.462950000000003,29.508710000000004,29.55601,29.604960000000002,29.65523,29.70682,29.759620000000005,29.813520000000004,29.86841,29.924070000000004,29.980610000000002,30.03781,30.095560000000003,30.153750000000002,30.212380000000003,30.271230000000003,30.3303,30.389480000000002,30.44866,30.507730000000002,30.566580000000002,30.625210000000003,30.683620000000005,30.741480000000003,30.7989,30.855770000000003,30.911980000000003,30.967420000000004,31.022090000000002,31.075990000000004,31.12901,31.180930000000004,31.231970000000004,31.2818,31.33053,31.378050000000005,31.42436,31.46946,31.51313,31.555480000000003,31.596290000000003,31.63578,31.673730000000003,31.710140000000003,31.745010000000004,31.77834,31.81002,31.84016,31.868540000000003,31.895380000000003,31.920460000000002,31.943780000000004,31.965450000000004,31.985470000000003,32.003730000000004,32.020230000000005,32.03508000000001,32.04817,32.0595,32.06929,32.07721,32.08359,32.088210000000004,32.09129,32.09272,32.0925,32.090740000000004,32.08744,32.082710000000006,32.076550000000005,32.068850000000005,32.059940000000005,32.049600000000005,32.03794,32.025180000000006,32.01121,31.99614,31.980080000000005,31.963030000000003,31.944990000000004,31.926290000000005,31.906710000000004,31.886470000000003,31.865680000000005,31.844450000000002,31.82278,31.800780000000003,31.778450000000003,31.756120000000003,31.733790000000003,31.711460000000006,31.68935,31.667460000000002,31.646010000000004,31.625110000000003,31.604870000000002,31.58529,31.56659,31.548880000000004,31.532160000000005,31.51676,31.50268,31.490030000000004,31.478920000000002,31.46957,31.461980000000004,31.45626,31.452630000000003,31.45109,31.451860000000003,31.454940000000004,31.460440000000002,31.468580000000003,31.479360000000003,31.493000000000002,31.509390000000003,31.528640000000003,31.550970000000003,31.576380000000004,31.60498,31.63688,31.67197,31.71036,31.752160000000003,31.797370000000004,31.846100000000003,31.89824,31.95401,32.0133,32.076,32.14244000000001,32.21229,32.28577,32.362770000000005,32.443290000000005,32.52733,32.61478,32.70575,32.80013,32.89792,32.9989,33.10329,33.21087000000001,33.32175,33.4356,33.552640000000004,33.672650000000004,33.79563,33.92147000000001,34.05017,34.18162,34.31571,34.45244,34.59181,34.7336,34.87792,35.02455,35.17349,35.324630000000006,35.47786000000001,35.63329,35.79081000000001,35.9502,36.11157,36.27481,36.43981,36.606570000000005,36.774980000000006,36.945150000000005,37.11675,37.29,37.46468,37.64079,37.81833,37.99719,38.17748,38.35887,38.54158,38.725500000000004,38.91052,39.09675,39.283970000000004,39.4724,39.66171000000001,39.85212,40.04352,40.235800000000005,40.42907,40.62322,40.818250000000006,41.014160000000004,41.21084,41.40851000000001,41.60684,41.80605,42.00603,42.20678
31.52765,31.392790000000005,31.26134,31.133630000000004,31.009660000000004,30.88943,30.772940000000002,30.660300000000003,30.551510000000004,30.44668,30.3457,30.24879,30.15584,30.06696,29.98204,29.901300000000003,29.824630000000003,29.75203,29.683500000000002,29.619150000000005,29.558760000000003,29.502550000000003,29.45041,29.40234,29.358230000000002,29.31819,29.282110000000003,29.249880000000005,29.221720000000005,29.197300000000002,29.176620000000003,29.159790000000005,29.146590000000003,29.13702,29.130970000000005,29.12844,29.129320000000003,29.1335,29.140870000000003,29.15143,29.165180000000003,29.181790000000003,29.201260000000005,29.22359,29.248560000000005,29.27606,29.30609,29.338540000000002,29.3733,29.41015,29.44909,29.49001,29.5328,29.577240000000003,29.623440000000002,29.671070000000004,29.72013,29.77062,29.822210000000002,29.8749,29.92869,29.98336,30.038800000000002,30.094900000000003,30.15166,30.208970000000004,30.266610000000004,30.32458,30.38277,30.441070000000003,30.499480000000002,30.557890000000004,30.61608,30.67405,30.7318,30.789110000000004,30.84609,30.902410000000003,30.958180000000002,31.0134,31.067740000000004,31.121420000000004,31.174110000000002,31.225920000000002,31.27685,31.326680000000003,31.375410000000002,31.423040000000004,31.46946,31.514560000000003,31.55856,31.601130000000005,31.64227,31.6822,31.72059,31.757440000000003,31.79286,31.82674,31.859190000000005,31.88988,31.919140000000002,31.946640000000002,31.9726,31.996910000000003,32.01957,32.040580000000006,32.059940000000005,32.077650000000006,32.0936,32.10801,32.12066,32.13177,32.14112,32.14893,32.15509,32.159710000000004,32.16268,32.16422000000001,32.16422000000001,32.16268,32.15982,32.15542,32.1497,32.142770000000006,32.13441,32.124950000000005,32.11417,32.1024,32.08953,32.07567,32.06082,32.0452,32.0287,32.011540000000004,31.993830000000003,31.97546,31.956540000000004,31.9374,31.917820000000003,31.898130000000002,31.878330000000002,31.858420000000002,31.83873,31.819150000000004,31.79979,31.780870000000004,31.762500000000003,31.744790000000002,31.72774,31.711460000000006,31.696170000000002,31.681980000000003,31.66889,31.657120000000003,31.646780000000003,31.637980000000002,31.63072,31.625220000000002,31.62159,31.619940000000003,31.62038,31.622910000000005,31.627750000000002,31.63501,31.644690000000004,31.656900000000004,31.671860000000002,31.68946,31.709920000000004,31.733240000000006,31.75964,31.789010000000005,31.821460000000002,31.857100000000003,31.895930000000003,31.938060000000004,31.983380000000004,32.03211,32.084250000000004,32.13969,32.19865,32.26091,32.32669,32.395770000000006,32.46837,32.544380000000004,32.6238,32.706630000000004,32.79276,32.8823,32.97514,33.07117,33.170500000000004,33.27302,33.378620000000005,33.487410000000004,33.59928,33.71401,33.83182,33.952380000000005,34.0758,34.20208,34.331,34.46256,34.59676,34.733380000000004,34.872530000000005,35.01399,35.15787,35.30406,35.45234,35.60282,35.755390000000006,35.909940000000006,36.06658,36.22498000000001,36.38536,36.54750000000001,36.711290000000005,36.87695000000001,37.04415,37.21289000000001,37.383280000000006,37.55521,37.728460000000005,37.90325000000001,38.07936000000001,38.25679,38.435430000000004,38.6155,38.796670000000006,38.97905,39.16264,39.34733,39.533120000000004,39.7199,39.90778,40.096650000000004,40.28651,40.477360000000004,40.669090000000004,40.861810000000006,41.05541,41.24989,41.44525000000001,41.641490000000005,41.838499999999996,42.03628,42.23494000000001
31.59684,31.46308,31.332950000000004,31.20634,31.083470000000002,30.964230000000004,30.848730000000003,30.73708,30.62928,30.52533,30.425230000000003,30.32909,30.23691,30.148690000000006,30.06454,29.984350000000003,29.90812,29.835960000000004,29.767870000000002,29.70374,29.64368,29.587690000000002,29.535660000000004,29.48759,29.44359,29.403440000000003,29.367250000000006,29.3348,29.30631,29.28156,29.260550000000002,29.243280000000002,29.22953,29.21941,29.21281,29.20951,29.209730000000004,29.213140000000003,29.219740000000005,29.22942,29.24218,29.257910000000003,29.276500000000002,29.29773,29.32171,29.34822,29.377260000000003,29.408610000000003,29.44227,29.478020000000004,29.515970000000003,29.555790000000002,29.59737,29.640820000000005,29.685920000000003,29.73245,29.780520000000003,29.82991,29.880510000000005,29.93221,29.985010000000003,30.038690000000003,30.093140000000002,30.14836,30.204240000000002,30.26067,30.31754,30.37474,30.432160000000003,30.489800000000002,30.54755,30.605300000000003,30.662940000000003,30.720360000000003,30.777560000000005,30.834430000000005,30.890970000000003,30.946960000000004,31.002510000000004,31.057290000000002,31.111520000000002,31.164980000000003,31.217560000000002,31.269370000000002,31.32019,31.370020000000004,31.418860000000002,31.46649,31.51313,31.55856,31.602670000000003,31.645570000000003,31.687150000000003,31.727410000000003,31.766240000000003,31.803750000000004,31.839720000000003,31.874260000000003,31.90726,31.938830000000003,31.968750000000004,31.997130000000002,32.023970000000006,32.04927,32.07292,32.09492,32.11538,32.134190000000004,32.15135,32.16697,32.18094000000001,32.19337,32.20415,32.213390000000004,32.221090000000004,32.227250000000005,32.23187,32.235060000000004,32.23671,32.23693,32.23583,32.23330000000001,32.22945,32.22439,32.21801000000001,32.21053,32.201840000000004,32.19216,32.181380000000004,32.169720000000005,32.157180000000004,32.14376,32.12957,32.114720000000005,32.09921000000001,32.08315,32.06676,32.04993,32.03277,32.0155,31.998120000000004,31.98074,31.963360000000005,31.946200000000005,31.929370000000006,31.912980000000005,31.89703,31.88163,31.867,31.853140000000003,31.84016,31.828280000000003,31.817500000000003,31.807930000000002,31.79979,31.793080000000003,31.788020000000003,31.7845,31.782850000000003,31.783070000000002,31.785270000000004,31.78956,31.79605,31.804850000000002,31.816070000000003,31.829710000000002,31.845880000000005,31.864690000000003,31.886250000000004,31.91056,31.937730000000006,31.967760000000002,32.00087,32.037060000000004,32.07622,32.11857,32.16411000000001,32.21284000000001,32.26487,32.32009000000001,32.37861,32.44043,32.50555,32.57397,32.64569,32.720710000000004,32.79903,32.88065,32.96557,33.05368,33.144980000000004,33.239470000000004,33.33704,33.4378,33.54153,33.648340000000005,33.758120000000005,33.870760000000004,33.98637,34.10473,34.225840000000005,34.349590000000006,34.47609,34.60523,34.736790000000006,34.87088000000001,35.00739,35.14621,35.28745000000001,35.430780000000006,35.57642,35.72415,35.87397,36.02577000000001,36.17944,36.33509,36.492610000000006,36.652,36.81304,36.975840000000005,37.14018000000001,37.30628,37.47381000000001,37.64288,37.81349,37.985420000000005,38.15889000000001,38.33357,38.50968,38.687000000000005,38.86553,39.04538000000001,39.226330000000004,39.40849,39.591640000000005,39.775999999999996,39.96146,40.14791,40.335350000000005,40.52378,40.71331,40.90372000000001,41.09501,41.287290000000006,41.480450000000005,41.674490000000006,41.8693,42.0651,42.26167
31.659760000000002,31.527100000000004,31.397960000000005,31.272340000000003,31.150460000000002,31.03221,30.917700000000004,30.80693,30.700010000000002,30.596830000000004,30.497500000000002,30.402130000000003,30.31061,30.223050000000004,30.13934,30.059700000000003,29.98402,29.912300000000005,29.844540000000002,29.78074,29.7209,29.665020000000002,29.613210000000002,29.565250000000002,29.521140000000003,29.480990000000002,29.444580000000002,29.41213,29.38331,29.358340000000002,29.337000000000003,29.319290000000002,29.3051,29.29454,29.287280000000003,29.283540000000002,29.28299,29.285740000000004,29.29168,29.300700000000003,29.312580000000004,29.327540000000003,29.34525,29.365710000000004,29.3887,29.414330000000003,29.44249,29.472850000000005,29.505630000000004,29.540390000000002,29.577350000000003,29.616180000000004,29.65688,29.699340000000003,29.743450000000003,29.78921,29.83629,29.884690000000003,29.934410000000003,29.98534,30.037260000000003,30.090060000000005,30.143740000000005,30.19819,30.253300000000003,30.309070000000002,30.365170000000003,30.42171,30.47858,30.53556,30.592760000000002,30.649960000000004,30.707160000000005,30.764140000000005,30.8209,30.877440000000004,30.933650000000004,30.989420000000003,31.044640000000005,31.09931,31.153320000000004,31.206670000000006,31.25925,31.310950000000005,31.361880000000003,31.411820000000002,31.460770000000004,31.508620000000004,31.555480000000003,31.601130000000005,31.645570000000003,31.688800000000004,31.73082,31.771520000000002,31.810900000000004,31.848960000000005,31.88559,31.92068,31.95445,31.986680000000003,32.01748,32.04674000000001,32.07446,32.100640000000006,32.125280000000004,32.14838,32.169940000000004,32.18985,32.208330000000004,32.22516,32.24045,32.254090000000005,32.2663,32.276970000000006,32.286210000000004,32.293800000000005,32.300070000000005,32.3048,32.30821,32.310080000000006,32.31074,32.310080000000006,32.307990000000004,32.3048,32.3004,32.294900000000005,32.28819000000001,32.28049,32.271910000000005,32.26223,32.251780000000004,32.24056,32.228570000000005,32.215920000000004,32.20272000000001,32.188970000000005,32.174890000000005,32.16037,32.14552,32.13056,32.11549,32.100530000000006,32.085570000000004,32.07072,32.056200000000004,32.042120000000004,32.02848,32.0155,32.00307,31.991520000000005,31.98085,31.97117,31.962590000000002,31.955220000000004,31.949060000000003,31.944440000000004,31.941250000000004,31.939820000000005,31.939930000000004,31.942020000000003,31.945980000000002,31.95192,31.959950000000003,31.970180000000003,31.98272,31.997680000000003,32.015060000000005,32.03508000000001,32.057520000000004,32.082820000000005,32.110760000000006,32.141560000000005,32.17522,32.211740000000006,32.251340000000006,32.293910000000004,32.33956,32.388290000000005,32.4401,32.4951,32.553290000000004,32.614670000000004,32.67913,32.74689,32.817730000000005,32.891870000000004,32.9692,33.04961,33.13321,33.22,33.309760000000004,33.40271,33.49863,33.59763,33.699600000000004,33.80454,33.91223,34.022890000000004,34.136300000000006,34.252460000000006,34.371370000000006,34.49281,34.617000000000004,34.743610000000004,34.87275,35.004310000000004,35.138290000000005,35.27458,35.413070000000005,35.55387,35.696760000000005,35.84185,35.98892,36.13797,36.28900000000001,36.44201,36.59678,36.753310000000006,36.9116,37.071650000000005,37.23335,37.396589999999996,37.56148,37.72791,37.89577,38.06506,38.23578,38.40793,38.58129,38.75608,38.932080000000006,39.10929,39.28771,39.46734,39.64818,39.83001,40.01305000000001,40.19708,40.38221000000001,40.56833,40.75555,40.943650000000005,41.132740000000005,41.32282000000001,41.513780000000004,41.70573,41.89856,42.092270000000006,42.286750000000005
31.716410000000003,31.584630000000004,31.456480000000006,31.331850000000003,31.210850000000004,31.093480000000003,30.979740000000003,30.869740000000004,30.76359,30.66118,30.56251,30.467800000000004,30.376830000000005,30.289820000000002,30.206770000000002,30.127570000000002,30.052220000000002,29.980940000000004,29.913510000000002,29.84993,29.79042,29.734760000000005,29.68295,29.634990000000002,29.59099,29.55073,29.51432,29.481650000000002,29.452720000000003,29.427530000000004,29.405860000000004,29.38782,29.3733,29.362300000000005,29.3546,29.35031,29.349210000000003,29.35141,29.35669,29.36505,29.37638,29.39057,29.407510000000006,29.427200000000003,29.449530000000003,29.47439,29.501670000000004,29.53137,29.56327,29.597260000000002,29.63334,29.671400000000002,29.711220000000004,29.752910000000004,29.79625,29.841130000000003,29.88744,29.935070000000003,29.98402,30.034180000000003,30.085330000000003,30.137470000000004,30.190490000000004,30.244280000000003,30.298840000000002,30.35384,30.4095,30.465490000000003,30.521810000000002,30.578350000000004,30.635110000000005,30.691870000000005,30.748630000000002,30.805280000000003,30.86182,30.91814,30.974020000000003,31.029570000000003,31.084680000000002,31.13924,31.193250000000006,31.24649,31.299180000000003,31.350990000000003,31.401920000000004,31.451970000000003,31.501140000000003,31.549210000000002,31.596290000000003,31.64227,31.687150000000003,31.73082,31.77328,31.81453,31.854460000000003,31.89307,31.93025,31.96611,32.00065,32.03365,32.065220000000004,32.09536000000001,32.12407,32.15113,32.17687,32.20096,32.223620000000004,32.24474000000001,32.264320000000005,32.282360000000004,32.298970000000004,32.314040000000006,32.32757,32.339670000000005,32.35034,32.35947,32.36728,32.37355,32.37861,32.38224,32.384550000000004,32.385650000000005,32.38543,32.38400000000001,32.38147,32.377840000000006,32.37322,32.36750000000001,32.36079,32.35331,32.344950000000004,32.335820000000005,32.32592,32.315470000000005,32.30436,32.29292,32.280930000000005,32.26861,32.25607,32.24342,32.23066,32.21779000000001,32.20514,32.1926,32.18039,32.168510000000005,32.157180000000004,32.14629,32.13617,32.12671,32.11824,32.11065000000001,32.10416,32.09877,32.0947,32.092060000000004,32.090740000000004,32.09107,32.093050000000005,32.09679,32.10229,32.109880000000004,32.11945,32.13111000000001,32.14497,32.16114,32.17962000000001,32.200630000000004,32.22417,32.250240000000005,32.27895,32.310300000000005,32.34451,32.38147,32.421400000000006,32.46419,32.509840000000004,32.55857,32.61027000000001,32.66505,32.72280000000001,32.78363,32.84754,32.914640000000006,32.98471,33.057860000000005,33.1342,33.21351,33.2959,33.381260000000005,33.4697,33.561110000000006,33.65549,33.75273,33.852940000000004,33.9559,34.06172,34.1704,34.28172,34.39579,34.51239,34.63174,34.753510000000006,34.877810000000004,35.00453,35.13367,35.26523,35.398990000000005,35.53495,35.67311000000001,35.81347,35.95592,36.100350000000006,36.24676,36.39515,36.545410000000004,36.697540000000004,36.85143,37.00708,37.16438000000001,37.323440000000005,37.48404,37.64629,37.80997000000001,37.975300000000004,38.14195000000001,38.310030000000005,38.47954000000001,38.65048,38.822630000000004,38.996100000000006,39.17089000000001,39.34689,39.523990000000005,39.70241,39.881820000000005,40.06255,40.24427000000001,40.42709,40.6109,40.79581,40.98171000000001,41.168710000000004,41.356590000000004,41.545460000000006,41.73532000000001,41.92606000000001,42.11768000000001,42.31029000000001
31.766790000000004,31.63589,31.508510000000005,31.384650000000004,31.26442,31.14782,31.034850000000002,30.925620000000002,30.820130000000002,30.71827,30.62037,30.526100000000003,30.435790000000004,30.349220000000003,30.266610000000004,30.18785,30.112940000000002,30.041880000000003,29.974780000000003,29.911530000000003,29.852130000000002,29.796690000000005,29.74499,29.69714,29.65314,29.61288,29.57647,29.54369,29.51454,29.489130000000003,29.46724,29.448980000000002,29.43413,29.422690000000003,29.41466,29.409930000000003,29.4085,29.41015,29.414880000000004,29.422690000000003,29.433470000000003,29.447110000000002,29.463390000000004,29.48253,29.5042,29.528400000000005,29.555020000000003,29.58395,29.615190000000002,29.64852,29.68394,29.721230000000002,29.76039,29.80142,29.8441,29.88821,29.933970000000006,29.980940000000004,30.029230000000002,30.078730000000004,30.129330000000003,30.180920000000004,30.233390000000004,30.286630000000002,30.34064,30.395310000000002,30.450420000000005,30.505970000000005,30.561850000000003,30.61806,30.674490000000002,30.730920000000005,30.787460000000003,30.843890000000002,30.900210000000005,30.956310000000002,31.01208,31.067520000000005,31.12263,31.177190000000003,31.231090000000002,31.284440000000004,31.337130000000002,31.38916,31.440310000000004,31.490580000000005,31.53997,31.58837,31.63578,31.6822,31.727410000000003,31.771520000000002,31.81453,31.856330000000003,31.896810000000002,31.93597,31.973920000000003,32.01055,32.045750000000005,32.07963,32.11197,32.142990000000005,32.17258,32.20074,32.227470000000004,32.25266,32.27631,32.298640000000006,32.319430000000004,32.338680000000004,32.35661,32.372890000000005,32.38785,32.40138,32.41348,32.424150000000004,32.43339,32.44131,32.44791,32.453190000000006,32.45726,32.460010000000004,32.46155,32.46199,32.461330000000004,32.45957000000001,32.45671,32.45297,32.448350000000005,32.44274,32.43636,32.429320000000004,32.421510000000005,32.41315,32.40424,32.394780000000004,32.38499,32.37487,32.36453,32.353970000000004,32.34341,32.33274,32.32229,32.31195,32.30183,32.29215000000001,32.28291,32.27422,32.26619,32.25882,32.25233,32.24683,32.24232,32.238910000000004,32.23671,32.23583,32.236380000000004,32.23847000000001,32.2421,32.24749,32.25464,32.26366,32.27455,32.287530000000004,32.302710000000005,32.31998,32.339670000000005,32.361560000000004,32.38598,32.41282,32.442190000000004,32.4742,32.50896,32.54625,32.586400000000005,32.62941,32.67517,32.72379,32.775380000000006,32.82983,32.88725,32.94764000000001,33.01089,33.077220000000004,33.14652,33.21879,33.29414,33.372350000000004,33.45353,33.53757,33.62469,33.71456,33.8074,33.90299,34.00144,34.10264,34.206700000000005,34.31329,34.42263,34.53461,34.64923,34.76627,34.88584,35.00783,35.13224,35.25907,35.3881,35.51944,35.65298,35.788720000000005,35.92644000000001,36.06636,36.20826,36.352140000000006,36.497890000000005,36.64551000000001,36.79500000000001,36.946360000000006,37.09937000000001,37.25414000000001,37.410450000000004,37.56852,37.72813,37.88928000000001,38.051970000000004,38.21609,38.381640000000004,38.54862,38.71703,38.88676,39.057700000000004,39.229960000000005,39.40354,39.57833,39.75433000000001,39.93143,40.10974,40.289260000000006,40.469770000000004,40.65138000000001,40.834089999999996,41.017900000000004,41.20270000000001,41.388490000000004,41.575269999999996,41.763040000000004,41.9518,42.14144,42.33207
31.810790000000004,31.680770000000003,31.554050000000004,31.430960000000002,31.311390000000003,31.195450000000005,31.083140000000004,30.974570000000003,30.869630000000004,30.768320000000003,30.67086,30.577250000000003,30.487380000000005,30.40125,30.319080000000003,30.240650000000002,30.16607,30.095340000000004,30.028460000000003,29.96554,29.906360000000003,29.850920000000002,29.79944,29.751700000000003,29.707700000000003,29.667440000000003,29.630920000000003,29.59803,29.568880000000004,29.543250000000004,29.521250000000002,29.502660000000002,29.48759,29.47593,29.467570000000002,29.46251,29.46064,29.46196,29.466250000000002,29.473620000000004,29.483960000000003,29.49705,29.512890000000002,29.531480000000006,29.5526,29.57625,29.602320000000002,29.630700000000004,29.66139,29.694170000000003,29.72904,29.765780000000003,29.80439,29.84487,29.887000000000004,29.93056,29.97577,30.0223,30.07015,30.119100000000003,30.16926,30.22041,30.27244,30.325240000000004,30.37881,30.43315,30.487930000000002,30.543150000000004,30.598810000000004,30.654690000000002,30.710900000000002,30.767110000000002,30.823430000000002,30.879750000000005,30.93596,30.992060000000006,31.047830000000005,31.103270000000002,31.158270000000005,31.212940000000003,31.26695,31.320520000000002,31.373320000000003,31.42546,31.476830000000003,31.527430000000003,31.57715,31.625880000000006,31.673730000000003,31.72059,31.766240000000003,31.810900000000004,31.854460000000003,31.896810000000002,31.937950000000004,31.97777,32.01649,32.05378,32.08975,32.12451,32.15773,32.18974,32.22021,32.24936,32.277080000000005,32.30337,32.32812,32.35155,32.37355,32.39412,32.41326,32.43086,32.447250000000004,32.4621,32.47563,32.487730000000006,32.49851,32.50797000000001,32.516220000000004,32.52304,32.528760000000005,32.53327,32.536570000000005,32.53877,32.53976,32.53987000000001,32.538880000000006,32.53701,32.53426,32.53063,32.52623,32.52117,32.51534,32.50896,32.502140000000004,32.49477,32.48707,32.47893,32.47068,32.46232,32.45374,32.44527,32.436800000000005,32.42866,32.42063,32.41304,32.40578000000001,32.39918,32.39313,32.38785,32.383340000000004,32.37971,32.37707,32.375530000000005,32.3752,32.37608,32.378280000000004,32.382020000000004,32.3873,32.39423,32.40281,32.41326,32.425470000000004,32.43977,32.456050000000005,32.47442,32.4951,32.51798,32.54317,32.57078,32.60081,32.63337,32.66846,32.70619000000001,32.74656,32.789680000000004,32.835440000000006,32.884060000000005,32.935430000000004,32.98966,33.046640000000004,33.106590000000004,33.169290000000004,33.23496,33.303490000000004,33.374880000000005,33.449130000000004,33.52624,33.606210000000004,33.689150000000005,33.774730000000005,33.86328,33.95458,34.04863,34.145320000000005,34.24487,34.34695,34.45178000000001,34.559140000000006,34.66914,34.78156,34.89651,35.01388,35.13367,35.255880000000005,35.38029,35.50701,35.63604,35.767160000000004,35.90037,36.03578,36.173170000000006,36.312540000000006,36.45389,36.59711,36.742200000000004,36.889160000000004,37.03788,37.18836,37.3406,37.494490000000006,37.64992000000001,37.807,37.96562000000001,38.12578,38.28748000000001,38.4505,38.61506,38.78094000000001,38.94814000000001,39.11677,39.28672000000001,39.45788,39.630250000000004,39.803940000000004,39.978840000000005,40.15484,40.33205,40.51036,40.68977,40.87039,41.05200000000001,41.23471000000001,41.41841000000001,41.603210000000004,41.78900000000001,41.97567,42.16344,42.3522
31.84863,31.719160000000002,31.593210000000003,31.470670000000002,31.351650000000003,31.23626,31.124500000000005,31.01648,30.911980000000003,30.811330000000005,30.71431,30.62103,30.5316,30.44591,30.36407,30.28597,30.211720000000003,30.14121,30.07466,30.011850000000003,29.952780000000004,29.897560000000002,29.84619,29.798450000000003,29.754560000000005,29.714300000000005,29.677780000000002,29.64489,29.615630000000003,29.58989,29.567780000000003,29.549080000000004,29.533790000000003,29.521910000000002,29.513330000000003,29.50794,29.505850000000002,29.506730000000005,29.510800000000003,29.51784,29.52774,29.5405,29.55601,29.574160000000003,29.59484,29.61805,29.64379,29.67173,29.701870000000003,29.73421,29.76864,29.805050000000005,29.843220000000002,29.88326,29.924950000000003,29.968180000000004,30.012950000000004,30.059040000000003,30.10656,30.15518,30.204900000000002,30.25572,30.30753,30.360110000000002,30.41335,30.467360000000003,30.52192,30.57703,30.63247,30.68824,30.744340000000005,30.800440000000002,30.856760000000005,30.91297,30.96918,31.025280000000002,31.081050000000005,31.136600000000005,31.191820000000003,31.24649,31.300830000000005,31.354510000000005,31.40764,31.460000000000004,31.5117,31.562630000000002,31.612680000000005,31.661960000000004,31.710140000000003,31.757440000000003,31.803750000000004,31.848960000000005,31.89307,31.93597,31.97777,32.01847,32.05774,32.09591,32.132760000000005,32.168290000000006,32.2025,32.23528,32.266850000000005,32.29688,32.325700000000005,32.35298,32.37905000000001,32.40358,32.426680000000005,32.448460000000004,32.468920000000004,32.487840000000006,32.50555,32.52183,32.536680000000004,32.550320000000006,32.56253,32.573530000000005,32.58332000000001,32.59179,32.599160000000005,32.60521000000001,32.61027000000001,32.61412,32.616980000000005,32.61885,32.619620000000005,32.619620000000005,32.61874,32.616980000000005,32.614450000000005,32.61126,32.60741,32.603010000000005,32.59817,32.592780000000005,32.58706,32.58101,32.57474,32.568360000000006,32.561870000000006,32.55538000000001,32.549,32.54273,32.53679,32.53107,32.5259,32.52117,32.5171,32.513690000000004,32.511050000000004,32.50929,32.508520000000004,32.50874,32.51006,32.5127,32.51655,32.52183,32.528650000000006,32.53701,32.54702,32.55868,32.572210000000005,32.587720000000004,32.6051,32.624570000000006,32.64613,32.66989,32.69585000000001,32.72412,32.75470000000001,32.78781,32.82334,32.861290000000004,32.90188,32.94511,32.99098000000001,33.03938,33.09064,33.14454,33.201190000000004,33.26059,33.32274,33.387640000000005,33.455400000000004,33.52591,33.59917,33.675290000000004,33.754160000000006,33.83578,33.92015000000001,34.007160000000006,34.097030000000004,34.18954,34.284580000000005,34.38237,34.482800000000005,34.58576,34.691140000000004,34.79916,34.909600000000005,35.02246,35.13774,35.25544000000001,35.37534,35.497550000000004,35.62196,35.74868000000001,35.87738,36.008280000000006,36.14127,36.27624,36.41319,36.55212,36.69292,36.835480000000004,36.98002,37.12621000000001,37.27427,37.42398,37.575340000000004,37.72824000000001,37.88290000000001,38.039100000000005,38.19673,38.355900000000005,38.51661,38.67864,38.84221000000001,39.0071,39.17331,39.34084000000001,39.509690000000006,39.679860000000005,39.851240000000004,40.023830000000004,40.197630000000004,40.37264,40.54875,40.72607,40.90449,41.084010000000006,41.264630000000004,41.44635,41.62917000000001,41.81298,41.997780000000006,42.18357,42.37046
31.880200000000002,31.75128,31.62577,31.503780000000003,31.385310000000004,31.270360000000004,31.15904,31.051460000000002,30.947400000000002,30.847080000000002,30.7505,30.657660000000003,30.568450000000002,30.48309,30.40158,30.32381,30.24978,30.1796,30.11316,30.05057,29.99172,29.93661,29.88524,29.83772,29.793830000000003,29.753680000000003,29.71716,29.684160000000006,29.6549,29.629160000000002,29.606830000000002,29.58802,29.57262,29.560630000000003,29.551830000000002,29.54633,29.543910000000004,29.54468,29.548530000000003,29.555240000000005,29.56492,29.577350000000003,29.592530000000004,29.610460000000003,29.630920000000003,29.6538,29.679210000000005,29.70682,29.73674,29.76875,29.80285,29.83893,29.87688,29.916590000000003,29.957950000000004,30.00096,30.0454,30.09127,30.138460000000002,30.186970000000002,30.236470000000004,30.287070000000003,30.338660000000004,30.39102,30.444260000000003,30.498050000000003,30.55261,30.6075,30.662940000000003,30.718710000000005,30.774700000000003,30.83091,30.887230000000002,30.943550000000005,30.999760000000002,31.055970000000006,31.111960000000003,31.167620000000003,31.22306,31.277950000000004,31.332510000000003,31.386520000000004,31.439870000000003,31.492670000000004,31.544810000000002,31.596070000000005,31.646560000000004,31.696280000000005,31.745010000000004,31.79286,31.839720000000003,31.88559,31.93025,31.973920000000003,32.01649,32.05774,32.09789,32.13683,32.17456000000001,32.21097,32.24606,32.279830000000004,32.31228,32.34352,32.37333,32.40171,32.42877,32.454510000000006,32.47893,32.501920000000005,32.523590000000006,32.54383,32.56286,32.58046,32.596740000000004,32.61181,32.62556000000001,32.63799,32.64932,32.659330000000004,32.668240000000004,32.676050000000004,32.68265,32.68826,32.69277,32.696400000000004,32.698930000000004,32.70069,32.701570000000004,32.70168,32.70102000000001,32.6997,32.697720000000004,32.6953,32.69222,32.688810000000004,32.68507,32.680890000000005,32.6766,32.672090000000004,32.66758,32.663070000000005,32.65856,32.654270000000004,32.65031,32.646570000000004,32.64316,32.64041,32.6381,32.63656,32.63568,32.63568,32.63656,32.63854,32.641510000000004,32.64569,32.65119,32.657900000000005,32.66615,32.675830000000005,32.68716,32.700140000000005,32.71488,32.73149,32.749970000000005,32.770320000000005,32.79276,32.81729,32.84402,32.87295,32.90408,32.937630000000006,32.973490000000005,33.011770000000006,33.05258,33.09581,33.14157,33.18997,33.24101,33.29458,33.35079,33.40975,33.47135,33.53559,33.60258,33.67221,33.74448,33.819610000000004,33.89727,33.97768,34.06073000000001,34.146420000000006,34.23486,34.325720000000004,34.41933,34.51536,34.61403000000001,34.715230000000005,34.818850000000005,34.924890000000005,35.033350000000006,35.14423,35.25742,35.37303,35.49073,35.61074,35.73295,35.85736,35.98386000000001,36.11245000000001,36.24302,36.37568000000001,36.51021,36.64672,36.78510000000001,36.92535,37.06736000000001,37.211240000000004,37.356770000000004,37.50406,37.653,37.80359000000001,37.95572000000001,38.109500000000004,38.26471,38.42157,38.579860000000004,38.73958,38.90073,39.0632,39.22710000000001,39.392430000000004,39.55897,39.72683,39.896010000000004,40.0664,40.238,40.41081,40.584830000000004,40.76006,40.93639,41.11393,41.292570000000005,41.47231000000001,41.653040000000004,41.83498,42.01791,42.20183,42.38685
31.9055,31.777020000000004,31.651840000000004,31.530290000000004,31.412150000000004,31.297640000000005,31.186760000000003,31.079400000000003,30.975780000000004,30.875790000000002,30.779540000000004,30.686920000000004,30.598040000000005,30.51301,30.431720000000002,30.354170000000003,30.28036,30.21029,30.144070000000003,30.081700000000005,30.022960000000005,29.96796,29.91681,29.869290000000003,29.82551,29.785360000000004,29.74884,29.715950000000003,29.686580000000003,29.660840000000004,29.63851,29.6197,29.604190000000003,29.592090000000002,29.583180000000002,29.57757,29.57504,29.5757,29.579330000000002,29.58593,29.595500000000005,29.60771,29.622780000000002,29.640490000000003,29.660730000000004,29.683500000000002,29.70858,29.736080000000005,29.765780000000003,29.79768,29.83156,29.867420000000003,29.905150000000003,29.944750000000003,29.986000000000004,30.02879,30.073120000000003,30.118880000000004,30.165960000000002,30.214360000000003,30.26375,30.31435,30.365830000000003,30.418190000000003,30.471320000000002,30.52522,30.579670000000004,30.63467,30.69011,30.745990000000003,30.802090000000003,30.858410000000003,30.91484,30.97127,31.027810000000002,31.084130000000002,31.140340000000002,31.19633,31.251990000000003,31.30721,31.3621,31.416440000000005,31.470230000000004,31.52347,31.575940000000003,31.627750000000002,31.678790000000003,31.729060000000004,31.77834,31.82674,31.874260000000003,31.92068,31.96611,32.01055,32.05378,32.09591,32.13683,32.17665,32.21515,32.25244,32.288520000000005,32.323280000000004,32.35683,32.38895,32.41986,32.44934000000001,32.47761,32.50445,32.530080000000005,32.55428,32.577160000000006,32.59883000000001,32.61907,32.6381,32.65581,32.672200000000004,32.687380000000005,32.701350000000005,32.714110000000005,32.725770000000004,32.73622,32.74557,32.753820000000005,32.76108000000001,32.76724,32.77252,32.776810000000005,32.78033,32.782970000000006,32.78484,32.785940000000004,32.78649,32.78638,32.785610000000005,32.78451,32.782970000000006,32.78099,32.77879,32.77637000000001,32.77373,32.77109,32.76834,32.76581,32.76339,32.761190000000006,32.75921,32.757780000000004,32.75668,32.756240000000005,32.756350000000005,32.75723,32.758880000000005,32.761410000000005,32.76493000000001,32.76955,32.775270000000006,32.7822,32.79034,32.799910000000004,32.81102,32.82356,32.83775,32.853590000000004,32.87119,32.890550000000005,32.91189,32.93521,32.9604,32.987790000000004,33.01727,33.048950000000005,33.08283,33.119020000000006,33.157630000000005,33.198550000000004,33.241890000000005,33.287650000000006,33.33583,33.38665,33.43989,33.49577000000001,33.55418,33.615120000000005,33.678700000000006,33.74492,33.81367,33.88506,33.95909,34.03576,34.11496,34.196690000000004,34.281060000000004,34.36807,34.4575,34.54946,34.643950000000004,34.740860000000005,34.8403,34.94205,35.046330000000005,35.15281,35.26171,35.37292000000001,35.48644,35.60205,35.71997,35.839980000000004,35.96219000000001,36.086490000000005,36.21277,36.34103,36.47138,36.60360000000001,36.73780000000001,36.873870000000004,37.011700000000005,37.1514,37.292860000000005,37.436080000000004,37.58095,37.727470000000004,37.875640000000004,38.02546000000001,38.176820000000006,38.32983000000001,38.48427,38.64014,38.79755,38.956390000000006,39.11666,39.27836,39.44138,39.605720000000005,39.77138,39.93836,40.106550000000006,40.27606000000001,40.44678,40.61871,40.791850000000004,40.9662,41.14165,41.318310000000004,41.49607,41.67493,41.854890000000005,42.03606,42.21811,42.40137000000001
31.924530000000004,31.796270000000003,31.671530000000004,31.5502,31.43239,31.318210000000004,31.20755,31.100520000000003,30.997120000000006,30.897350000000003,30.801320000000004,30.709030000000002,30.62037,30.53545,30.454380000000004,30.377050000000004,30.30346,30.233610000000002,30.167500000000004,30.105130000000003,30.046610000000005,29.991830000000004,29.940680000000004,29.89327,29.849490000000003,29.809450000000002,29.773040000000005,29.740150000000003,29.71089,29.68515,29.662820000000004,29.643900000000006,29.628500000000003,29.616290000000003,29.607380000000003,29.601770000000002,29.59924,29.599790000000002,29.60342,29.609910000000003,29.619370000000004,29.631580000000003,29.64654,29.664140000000003,29.684380000000004,29.707040000000003,29.732120000000002,29.75951,29.78921,29.821,29.854770000000002,29.890630000000005,29.92836,29.967850000000002,30.00899,30.051890000000004,30.096220000000002,30.141980000000004,30.189060000000005,30.23735,30.28685,30.33745,30.38904,30.44151,30.494750000000003,30.548650000000002,30.603320000000004,30.658430000000003,30.714090000000002,30.77008,30.826400000000003,30.882830000000002,30.939590000000003,30.996350000000003,31.053110000000004,31.109760000000005,31.1663,31.222620000000003,31.27861,31.334270000000004,31.389600000000005,31.444380000000002,31.498610000000003,31.552290000000003,31.605310000000003,31.65767,31.70926,31.760080000000006,31.81002,31.859190000000005,31.90726,31.95445,32.00065,32.045750000000005,32.08975,32.132760000000005,32.17456000000001,32.21515,32.25464,32.29281,32.32988,32.36563,32.40017,32.43339,32.46529,32.49598,32.52535,32.5534,32.580130000000004,32.605650000000004,32.629740000000005,32.652620000000006,32.674290000000006,32.69464,32.71367,32.73149,32.7481,32.76361,32.7778,32.790890000000005,32.80288,32.813770000000005,32.82367,32.83247,32.840390000000006,32.847210000000004,32.85326,32.858430000000006,32.86272,32.866350000000004,32.86921,32.871520000000004,32.87317,32.87427,32.87482,32.87504,32.87493,32.87449,32.873940000000005,32.87306,32.87229000000001,32.871410000000004,32.87053,32.86987,32.86943,32.86932,32.86954,32.870200000000004,32.871410000000004,32.87317,32.8757,32.879000000000005,32.883070000000004,32.888130000000004,32.894180000000006,32.90133,32.909690000000005,32.91915,32.93004,32.94236,32.95611,32.9714,32.98823,33.006820000000005,33.027170000000005,33.04928,33.073370000000004,33.09933,33.12727,33.157300000000006,33.189420000000005,33.22374,33.26015,33.29887,33.33990000000001,33.38324000000001,33.429,33.477070000000005,33.52756,33.580580000000005,33.63591,33.69388,33.754270000000005,33.817190000000004,33.88253,33.95051,34.02102,34.09395,34.16952,34.247510000000005,34.328140000000005,34.411190000000005,34.496660000000006,34.58466,34.67508,34.76803,34.86329,34.96097,35.06096,35.16337,35.26809000000001,35.37501,35.48424000000001,35.59567,35.70941,35.82513,35.94305,36.06306,36.18516,36.30924,36.435410000000005,36.56345,36.69336,36.825250000000004,36.959010000000006,37.094640000000005,37.23192,37.37107,37.51198,37.654540000000004,37.79875,37.944610000000004,38.09212,38.241170000000004,38.391870000000004,38.544000000000004,38.69767,38.85277000000001,39.00941,39.16737,39.32676000000001,39.48758,39.64983,39.81329,39.97807,40.14417,40.31159,40.48033,40.65017,40.82133,40.993590000000005,41.167170000000006,41.34185,41.51774,41.69473,41.872820000000004,42.05212,42.23252,42.41391000000001
31.93729,31.809250000000002,31.684620000000006,31.56351,31.44592,31.331850000000003,31.221410000000002,31.114600000000003,31.01142,30.911870000000004,30.815950000000004,30.723770000000005,30.635330000000003,30.55063,30.46967,30.392450000000004,30.31897,30.249230000000004,30.18334,30.121080000000003,30.06267,30.007890000000003,29.956960000000002,29.909660000000002,29.865990000000004,29.825950000000002,29.78965,29.756870000000003,29.727610000000002,29.701980000000002,29.679650000000002,29.660840000000004,29.64544,29.63334,29.624430000000004,29.618820000000003,29.616400000000002,29.61695,29.620580000000004,29.627180000000003,29.63664,29.648960000000002,29.66392,29.681520000000003,29.701760000000004,29.724530000000005,29.749610000000004,29.777110000000004,29.806810000000002,29.838600000000003,29.872480000000003,29.908450000000002,29.946180000000002,29.985780000000002,30.027140000000003,30.070040000000002,30.11448,30.160350000000005,30.207540000000005,30.256050000000005,30.305770000000003,30.356480000000005,30.40818,30.460870000000003,30.514330000000005,30.56856,30.623340000000002,30.678780000000003,30.73466,30.790980000000005,30.847520000000003,30.904390000000003,30.961370000000002,31.01857,31.075660000000003,31.13275,31.18962,31.246380000000002,31.302920000000004,31.35902,31.414790000000004,31.470120000000005,31.52501,31.579240000000002,31.632810000000003,31.685830000000003,31.73808,31.789450000000002,31.84016,31.88988,31.938830000000003,31.986680000000003,32.03365,32.07963,32.12451,32.168290000000006,32.21097,32.25244,32.29281,32.332080000000005,32.37003,32.40688,32.44241,32.476620000000004,32.509730000000005,32.541520000000006,32.57199000000001,32.60125,32.62919,32.65592,32.68133,32.705420000000004,32.728410000000004,32.749970000000005,32.770430000000005,32.789680000000004,32.80772,32.82455,32.84028000000001,32.854910000000004,32.86833,32.88076,32.8922,32.90265,32.912000000000006,32.92058,32.92817,32.93499,32.94104,32.94632,32.95083,32.95479,32.958200000000005,32.960950000000004,32.963370000000005,32.96535,32.96689,32.96821,32.96931000000001,32.9703,32.971180000000004,32.97195,32.97294,32.97393,32.97525,32.97668,32.978660000000005,32.980970000000006,32.98372,32.98713,32.991200000000006,32.99593,33.001540000000006,33.008030000000005,33.01551,33.02409,33.033660000000005,33.04444,33.056540000000005,33.06996,33.084810000000004,33.1012,33.119020000000006,33.138600000000004,33.15972,33.18271,33.207350000000005,33.23397000000001,33.262570000000004,33.293040000000005,33.3256,33.36014,33.39688,33.43582,33.47685,33.52019,33.56584,33.613690000000005,33.66396,33.71654,33.77154,33.82896,33.888690000000004,33.95095,34.01563,34.082730000000005,34.15225,34.2243,34.29866,34.375550000000004,34.454860000000004,34.536590000000004,34.620850000000004,34.70742,34.7963,34.887600000000006,34.981320000000004,35.07735,35.175580000000004,35.27623,35.37908,35.48413,35.59149,35.70094,35.81259,35.92633,36.04216,36.16008,36.27998,36.401970000000006,36.52594,36.65178,36.77949,36.909180000000006,37.04063,37.173950000000005,37.30903,37.445980000000006,37.58458,37.72483,37.866730000000004,38.01039000000001,38.155590000000004,38.302440000000004,38.45083,38.60076,38.752120000000005,38.90502000000001,39.05946,39.21533,39.37252,39.53114,39.691190000000006,39.852560000000004,40.01536,40.17937,40.3447,40.51135,40.67921,40.84839,41.01878,41.190380000000005,41.36319,41.53710000000001,41.71233,41.88866,42.06609,42.244730000000004,42.42447000000001
31.94367,31.815740000000005,31.69122,31.570220000000003,31.452740000000002,31.338890000000003,31.228450000000006,31.121750000000002,31.01868,30.919130000000003,30.823430000000002,30.731360000000002,30.64303,30.55844,30.477480000000003,30.400370000000002,30.327,30.25748,30.19159,30.129440000000002,30.07114,30.01647,29.96554,29.91835,29.87479,29.834970000000002,29.79867,29.766000000000002,29.736850000000004,29.711330000000004,29.689110000000003,29.67041,29.65512,29.643130000000003,29.634330000000002,29.628830000000004,29.626520000000003,29.627180000000003,29.630920000000003,29.63763,29.647310000000004,29.659630000000003,29.67481,29.692630000000005,29.71298,29.735860000000002,29.76116,29.788770000000003,29.818580000000004,29.850700000000003,29.884800000000002,29.920880000000004,29.958830000000003,29.99865,30.04012,30.083240000000004,30.12801,30.174100000000003,30.22162,30.27035,30.320290000000004,30.37133,30.423360000000002,30.476380000000002,30.530170000000002,30.584730000000004,30.63984,30.695610000000002,30.75193,30.808580000000003,30.86567,30.922870000000003,30.980400000000003,31.037930000000003,31.095570000000002,31.153100000000006,31.210520000000002,31.267830000000004,31.324810000000003,31.381570000000004,31.43789,31.493880000000004,31.54932,31.604210000000005,31.658440000000002,31.712120000000002,31.765030000000003,31.817170000000004,31.868540000000003,31.919140000000002,31.968750000000004,32.01748,32.065220000000004,32.11197,32.15773,32.2025,32.24606,32.288520000000005,32.32988,32.37003,32.40908,32.44692,32.48344,32.518860000000004,32.55296,32.58585,32.61753,32.648,32.67715,32.705090000000006,32.73171,32.75712,32.78132,32.80431,32.82609,32.84677000000001,32.866130000000005,32.88439,32.90155,32.91761,32.932570000000005,32.94654,32.959410000000005,32.9714,32.982400000000005,32.99241,33.001650000000005,33.01012,33.01771,33.024640000000005,33.0308,33.036410000000004,33.041470000000004,33.04598,33.04994000000001,33.05357,33.05687,33.05984,33.06259,33.06523,33.06776,33.07029,33.07282,33.07557,33.078430000000004,33.08151,33.08503,33.08888,33.09328000000001,33.09812,33.10362000000001,33.10989000000001,33.11693,33.12485,33.13365,33.143440000000005,33.15422,33.16632,33.179520000000004,33.19404,33.209880000000005,33.22726,33.24607,33.266420000000004,33.28831,33.31196,33.33737,33.36454,33.39358000000001,33.42449,33.45738,33.492360000000005,33.529210000000006,33.56826,33.6094,33.65263,33.698170000000005,33.74591,33.79585,33.8481,33.902660000000004,33.95953,34.018710000000006,34.080200000000005,34.144110000000005,34.210330000000006,34.27897,34.350030000000004,34.4234,34.49908,34.577180000000006,34.657700000000006,34.74053,34.82567,34.913120000000006,35.00288,35.094950000000004,35.189330000000005,35.28591,35.384800000000006,35.485890000000005,35.58907000000001,35.69456,35.80203,35.9117,36.02346000000001,36.13731000000001,36.25314,36.37106,36.49085,36.61262,36.73637000000001,36.861990000000006,36.98937,37.118730000000006,37.24985,37.38273,37.51737,37.65377,37.79182,37.93152,38.07287,38.21587,38.36052,38.506710000000005,38.65444,38.80371,38.95441,39.10665,39.26032000000001,39.415420000000005,39.57195,39.729910000000004,39.889190000000006,40.0499,40.21193,40.375280000000004,40.539950000000005,40.70583,40.87303,41.04155,41.21128,41.38222,41.55437,41.72773,41.902300000000004,42.07797,42.254850000000005,42.43294
31.943780000000004,31.815850000000005,31.691440000000004,31.57044,31.45296,31.339000000000002,31.228670000000005,31.12197,31.01879,30.91946,30.82365,30.73169,30.643360000000005,30.558770000000003,30.47792,30.400920000000003,30.327550000000002,30.25803,30.192250000000005,30.130210000000005,30.072020000000002,30.01746,29.96664,29.919560000000004,29.87611,29.83629,29.800210000000003,29.76765,29.73861,29.713200000000004,29.691200000000002,29.672610000000002,29.657430000000005,29.645660000000003,29.63708,29.631800000000002,29.629600000000003,29.630480000000006,29.63444,29.641370000000002,29.651270000000004,29.66381,29.679210000000005,29.69725,29.717930000000003,29.741030000000002,29.76666,29.79449,29.824740000000002,29.856970000000004,29.8914,29.927810000000004,29.966200000000004,30.006350000000005,30.048150000000003,30.091710000000003,30.1367,30.183230000000002,30.231080000000002,30.280250000000002,30.330630000000003,30.382110000000004,30.43458,30.487930000000002,30.542160000000003,30.597160000000002,30.652820000000002,30.70914,30.765900000000002,30.823100000000004,30.880630000000004,30.938380000000006,30.996460000000003,31.054540000000003,31.112730000000006,31.170810000000003,31.228890000000003,31.28675,31.344500000000004,31.401810000000005,31.458790000000004,31.515440000000005,31.571540000000002,31.627090000000003,31.6822,31.736540000000005,31.790220000000005,31.843130000000002,31.895380000000003,31.946640000000002,31.997130000000002,32.04674000000001,32.09536000000001,32.142990000000005,32.18974,32.23528,32.279830000000004,32.323280000000004,32.36563,32.40688,32.44692,32.48575,32.52337000000001,32.55989,32.595200000000006,32.62919,32.661970000000004,32.69365,32.72401,32.75316,32.78099,32.80772,32.83324,32.85755,32.88065,32.90265,32.92344,32.943130000000004,32.96161,32.9791,32.9956,33.011,33.0253,33.038830000000004,33.051260000000006,33.062920000000005,33.0737,33.08371,33.09284,33.10131,33.109120000000004,33.11638,33.12298,33.12903,33.134750000000004,33.139920000000004,33.144870000000004,33.14949,33.153890000000004,33.15807,33.16225,33.16632,33.170500000000004,33.17468,33.179080000000006,33.18381,33.18876,33.19415,33.199980000000004,33.206250000000004,33.21318,33.22088,33.229240000000004,33.23837,33.248490000000004,33.25949000000001,33.271480000000004,33.28468,33.29898,33.314490000000006,33.331320000000005,33.34958,33.36927,33.390390000000004,33.41305,33.437360000000005,33.46343,33.491150000000005,33.520630000000004,33.55187,33.58509,33.620290000000004,33.657360000000004,33.69641,33.737550000000006,33.78078000000001,33.826100000000004,33.87362,33.92334,33.975150000000006,34.029270000000004,34.08559,34.144110000000005,34.20494000000001,34.268080000000005,34.33353,34.401180000000004,34.47125,34.54352,34.618100000000005,34.695100000000004,34.774300000000004,34.855700000000006,34.93952,35.02554,35.113870000000006,35.20429000000001,35.29702,35.39206,35.48919000000001,35.58841,35.68994,35.79345,35.89916,36.00685,36.11663000000001,36.228500000000004,36.34235,36.45818,36.575990000000004,36.69567,36.81722,36.94075000000001,37.06604,37.1932,37.322120000000005,37.45291,37.585350000000005,37.719550000000005,37.8554,37.99301,38.13216,38.273070000000004,38.41541,38.55951,38.705040000000004,38.852109999999996,39.00072,39.150870000000005,39.30245000000001,39.45546,39.61001,39.76588,39.92318,40.08180000000001,40.24185000000001,40.403220000000005,40.56591000000001,40.72992000000001,40.895250000000004,41.0619,41.229760000000006,41.398830000000004,41.56922,41.74082,41.91363,42.087650000000004,42.26288,42.43932000000001
31.937620000000003,31.809580000000004,31.685060000000004,31.563950000000006,31.446360000000002,31.332400000000003,31.221960000000003,31.115150000000003,31.01197,30.912530000000004,30.816720000000004,30.72465,30.63632,30.551730000000003,30.470990000000004,30.393880000000003,30.32062,30.251100000000005,30.18532,30.12339,30.065200000000004,30.01075,29.960040000000003,29.91296,29.86973,29.830020000000005,29.794050000000002,29.761710000000004,29.732890000000005,29.707590000000003,29.685810000000004,29.667440000000003,29.652480000000004,29.640930000000004,29.632680000000004,29.627510000000004,29.625640000000004,29.62685,29.631140000000002,29.6384,29.64852,29.661500000000004,29.67723,29.695600000000002,29.716610000000003,29.740150000000003,29.76611,29.79438,29.824960000000004,29.857740000000003,29.89261,29.929460000000002,29.968180000000004,30.008770000000002,30.05112,30.095120000000005,30.140660000000004,30.187630000000002,30.236030000000003,30.28575,30.336570000000005,30.388600000000004,30.44162,30.49552,30.550410000000003,30.60596,30.662170000000003,30.719040000000003,30.776460000000004,30.834210000000002,30.892400000000002,30.950810000000004,31.009550000000004,31.06829,31.12714,31.18599,31.24473,31.303250000000002,31.361660000000004,31.419740000000004,31.477490000000003,31.5348,31.591780000000004,31.648100000000003,31.703870000000002,31.759090000000004,31.813650000000006,31.867440000000006,31.920460000000002,31.9726,32.023970000000006,32.07446,32.12407,32.17258,32.22021,32.266850000000005,32.31228,32.35683,32.40017,32.44241,32.48344,32.52337000000001,32.562200000000004,32.59982,32.636120000000005,32.67132,32.705310000000004,32.73809000000001,32.76977,32.80013,32.829280000000004,32.857220000000005,32.884060000000005,32.909580000000005,32.934000000000005,32.95732,32.97954,33.000550000000004,33.02046,33.03938,33.0572,33.07403,33.089980000000004,33.10483000000001,33.1188,33.132000000000005,33.14421,33.15576,33.16643,33.17644,33.185790000000004,33.194590000000005,33.20273,33.21043,33.217580000000005,33.2244,33.23089,33.23705,33.242990000000006,33.24871,33.254430000000006,33.260040000000004,33.26565,33.271480000000004,33.27731,33.28347,33.28985,33.296670000000006,33.30393,33.31163,33.319880000000005,33.328790000000005,33.33847,33.34881,33.36014,33.372240000000005,33.38544,33.39963,33.41492,33.43142,33.44924,33.468270000000004,33.488730000000004,33.51062,33.53405,33.558910000000004,33.58542,33.613690000000005,33.64361,33.675180000000005,33.70873,33.744040000000005,33.781220000000005,33.82038,33.861520000000006,33.90464,33.94974,33.997040000000005,34.04632,34.09780000000001,34.15148000000001,34.20725,34.26511,34.32528,34.38765000000001,34.452220000000004,34.51899,34.58807,34.659240000000004,34.73283,34.808510000000005,34.886500000000005,34.96669,35.049080000000004,35.13367,35.22046,35.309450000000005,35.40053,35.49381,35.589290000000005,35.68686,35.78652,35.888270000000006,35.992110000000004,36.098040000000005,36.20584,36.31573,36.427600000000005,36.54145,36.65717,36.77487,36.89444,37.01577,37.13897000000001,37.26404,37.39087000000001,37.51946000000001,37.64981,37.78192000000001,37.91568,38.05109000000001,38.18815000000001,38.32686,38.467220000000005,38.609120000000004,38.75256,38.897540000000006,39.04406,39.19212,39.34172,39.49264,39.6451,39.79899,39.95431,40.11106,40.269130000000004,40.428520000000006,40.58934,40.75148,40.91494,41.07972,41.24582,41.41313,41.58176,41.7516,41.922760000000004,42.095130000000005,42.26871,42.44350000000001
31.925190000000004,31.796930000000003,31.67208,31.550860000000004,31.433050000000005,31.31887,31.208320000000004,31.101400000000005,30.99811,30.898450000000004,30.802640000000004,30.710460000000005,30.622020000000003,30.53732,30.456470000000003,30.379360000000002,30.3061,30.236580000000004,30.170910000000003,30.108980000000003,30.050790000000003,29.996450000000003,29.945740000000004,29.898880000000005,29.855650000000004,29.81616,29.780410000000003,29.748180000000005,29.719580000000004,29.694500000000005,29.672940000000004,29.6549,29.64027,29.628940000000004,29.620910000000002,29.616180000000004,29.61464,29.616290000000003,29.620910000000002,29.628610000000002,29.639170000000004,29.652480000000004,29.66865,29.687570000000004,29.709020000000002,29.733110000000003,29.75951,29.788330000000002,29.819460000000003,29.852790000000002,29.88821,29.925610000000002,29.964990000000004,30.006130000000002,30.049030000000002,30.093690000000002,30.139780000000002,30.187410000000003,30.236470000000004,30.28674,30.338330000000003,30.39091,30.44459,30.499260000000003,30.554810000000003,30.61102,30.668000000000003,30.725530000000003,30.783610000000003,30.84213,30.90109,30.960270000000005,31.01967,31.07918,31.138800000000003,31.198420000000006,31.25793,31.317330000000005,31.376510000000003,31.435360000000003,31.493880000000004,31.552070000000004,31.609820000000003,31.66702,31.72378,31.779770000000003,31.83521,31.88988,31.943780000000004,31.996910000000003,32.04927,32.100640000000006,32.15113,32.20074,32.24936,32.29688,32.34352,32.38895,32.43339,32.476620000000004,32.518860000000004,32.55989,32.59982,32.63854,32.676050000000004,32.71235,32.747550000000004,32.78154000000001,32.81432,32.845890000000004,32.87636,32.905620000000006,32.93367,32.96051,32.986250000000005,33.01089,33.03443000000001,33.056760000000004,33.078100000000006,33.09845000000001,33.1177,33.135960000000004,33.15323,33.16951,33.18502,33.199540000000006,33.21329,33.22627,33.23848,33.25003,33.260810000000006,33.271040000000006,33.28072,33.28996,33.29865,33.306900000000006,33.314930000000004,33.322520000000004,33.330000000000005,33.33726,33.34441,33.35145000000001,33.3586,33.365750000000006,33.37312000000001,33.3806,33.38841000000001,33.39655,33.40513000000001,33.41415,33.42372,33.433840000000004,33.44462,33.45628,33.4686,33.48191,33.496100000000006,33.511280000000006,33.52756,33.544940000000004,33.56353,33.58344,33.604560000000006,33.62722,33.6512,33.676610000000004,33.70367,33.73227000000001,33.76252,33.79453,33.828190000000006,33.86372,33.90101,33.94017,33.9812,34.024210000000004,34.0692,34.116170000000004,34.16512,34.21616,34.269290000000005,34.324510000000004,34.381820000000005,34.44122,34.50282,34.56651,34.632400000000004,34.70049,34.77067,34.843050000000005,34.91763,34.9943,35.073170000000005,35.15424,35.2374,35.32276000000001,35.41021,35.49986,35.59149,35.685320000000004,35.781130000000005,35.87914000000001,35.979130000000005,36.081100000000006,36.185050000000004,36.291090000000004,36.39911,36.509,36.620870000000004,36.73461,36.85033000000001,36.96781000000001,37.087160000000004,37.208380000000005,37.331360000000004,37.456100000000006,37.5826,37.710860000000004,37.84088,37.97255,38.10587,38.240840000000006,38.37746,38.515730000000005,38.65554,38.796890000000005,38.939890000000005,39.084430000000005,39.2304,39.37791,39.52696,39.677440000000004,39.829350000000005,39.982690000000005,40.137460000000004,40.29366,40.45118000000001,40.610130000000005,40.7704,40.9321,41.09512,41.25935,41.42501000000001,41.59188,41.760070000000006,41.92958000000001,42.100300000000004,42.27223,42.445479999999996
31.906380000000002,31.777790000000003,31.652720000000006,31.531170000000003,31.413140000000006,31.298630000000003,31.18786,31.08061,30.977100000000004,30.87733,30.781190000000002,30.688900000000004,30.600350000000002,30.51554,30.43458,30.357360000000003,30.283990000000003,30.214470000000002,30.148800000000005,30.086870000000005,30.02868,29.974340000000005,29.92385,29.877100000000002,29.833980000000004,29.794710000000002,29.75907,29.72706,29.698680000000003,29.673930000000002,29.652700000000003,29.634880000000003,29.620580000000004,29.60969,29.601990000000004,29.597700000000003,29.596600000000002,29.598690000000005,29.603750000000005,29.61189,29.623,29.63697,29.65369,29.673160000000003,29.69516,29.719800000000003,29.74686,29.776340000000005,29.808130000000002,29.842120000000005,29.8782,29.91626,29.956300000000002,29.998210000000004,30.041880000000003,30.087200000000003,30.13417,30.182460000000003,30.23229,30.283330000000003,30.335690000000003,30.38915,30.4436,30.499040000000004,30.55536,30.612340000000003,30.670200000000005,30.7285,30.787460000000003,30.846750000000004,30.906590000000005,30.966540000000002,31.02682,31.087210000000002,31.14771,31.2081,31.26849,31.328770000000002,31.388830000000002,31.448670000000003,31.50807,31.567250000000005,31.625880000000006,31.683960000000003,31.741600000000005,31.798580000000005,31.8549,31.91056,31.965450000000004,32.01957,32.07292,32.125280000000004,32.17687,32.227470000000004,32.277080000000005,32.325700000000005,32.37333,32.41986,32.46529,32.509730000000005,32.55296,32.595200000000006,32.636120000000005,32.676050000000004,32.71477,32.75228,32.78858,32.823780000000006,32.85777,32.890660000000004,32.922340000000005,32.95281000000001,32.98207,33.01034,33.0374,33.063250000000004,33.08811000000001,33.11187,33.134530000000005,33.156200000000005,33.17677,33.19646,33.215160000000004,33.232870000000005,33.249700000000004,33.26576,33.28094,33.29535,33.30899,33.32197,33.33418,33.34595,33.357060000000004,33.36773,33.37785,33.387640000000005,33.39699,33.40612,33.41503,33.42372,33.432190000000006,33.44077,33.44924,33.457820000000005,33.4664,33.47531,33.484440000000006,33.493790000000004,33.50369,33.51392,33.52459,33.535920000000004,33.54791,33.56056,33.57409,33.588280000000005,33.603460000000005,33.61963000000001,33.636790000000005,33.65505,33.67441,33.69498,33.71687000000001,33.74008,33.764610000000005,33.79057,33.818070000000006,33.84711,33.87769,33.90981000000001,33.943690000000004,33.979330000000004,34.01673,34.055780000000006,34.096810000000005,34.1396,34.18437,34.231010000000005,34.279630000000004,34.33023,34.382920000000006,34.43748,34.494130000000006,34.552870000000006,34.6137,34.67651,34.74152,34.808510000000005,34.877700000000004,34.94898,35.02235,35.09792,35.175470000000004,35.25522,35.33695,35.420880000000004,35.50679,35.5949,35.68499,35.777170000000005,35.87133000000001,35.967580000000005,36.065810000000006,36.16602,36.26821,36.37238000000001,36.47842,36.58644,36.69644,36.80820000000001,36.92194,37.037440000000004,37.15481,37.27405,37.39494,37.517700000000005,37.64222,37.768390000000004,37.89632,38.02590000000001,38.15724,38.29012,38.424760000000006,38.56094,38.69877,38.83814,38.97905,39.121610000000004,39.2656,39.41113,39.55820000000001,39.706700000000005,39.85674000000001,40.00821,40.16111000000001,40.31544,40.471090000000004,40.628280000000004,40.78679,40.94662000000001,41.10788000000001,41.27046,41.434360000000005,41.59958,41.76612,41.933980000000005,42.10316,42.27355000000001,42.44526
31.881300000000003,31.752270000000003,31.62676,31.50477,31.386410000000005,31.27157,31.160360000000004,31.052890000000005,30.949050000000003,30.848950000000002,30.752590000000005,30.660080000000004,30.571310000000004,30.486280000000004,30.405210000000004,30.32788,30.254400000000004,30.18477,30.118990000000004,30.057060000000003,29.99898,29.944640000000003,29.894260000000003,29.847510000000003,29.80461,29.76545,29.730030000000003,29.69835,29.67019,29.645770000000002,29.62487,29.607490000000002,29.59352,29.583070000000003,29.575920000000004,29.572070000000004,29.57141,29.574050000000003,29.57977,29.58846,29.60012,29.61475,29.632130000000004,29.652260000000005,29.675030000000003,29.70033,29.728160000000003,29.75841,29.79097,29.825730000000004,29.86258,29.90152,29.942440000000005,29.985120000000002,30.029670000000003,30.075870000000002,30.123610000000003,30.172890000000002,30.2236,30.27552,30.328760000000003,30.383100000000002,30.43843,30.494750000000003,30.55206,30.610030000000002,30.668660000000003,30.728060000000003,30.787900000000004,30.848180000000003,30.908900000000003,30.96984,31.031000000000002,31.092380000000002,31.153760000000002,31.215250000000005,31.27663,31.337790000000005,31.398840000000003,31.45956,31.52006,31.58012,31.639740000000003,31.69892,31.757550000000002,31.815520000000003,31.872830000000004,31.929480000000005,31.985470000000003,32.040580000000006,32.09492,32.14838,32.20096,32.25266,32.30337,32.35298,32.40171,32.44934000000001,32.49598,32.541520000000006,32.58585,32.62919,32.67132,32.71235,32.75228,32.791000000000004,32.82851,32.86492,32.90012,32.93422,32.96711,32.9989,33.02948000000001,33.05896,33.087230000000005,33.11451,33.140690000000006,33.16566,33.189750000000004,33.212740000000004,33.23463,33.25564,33.27577,33.2948,33.31306000000001,33.33044,33.34705,33.36289,33.37785,33.39226,33.40601,33.4191,33.43164,33.443630000000006,33.45518,33.4664,33.477180000000004,33.48763,33.49797,33.50798,33.517880000000005,33.52778000000001,33.53757,33.547470000000004,33.55737,33.56749,33.577830000000006,33.5885,33.599500000000006,33.61094,33.622820000000004,33.635250000000006,33.648340000000005,33.66198000000001,33.676500000000004,33.69168,33.70774,33.72479,33.742720000000006,33.76175,33.78188,33.803110000000004,33.82566,33.84942,33.874500000000005,33.9009,33.92873,33.9581,33.9889,34.021350000000005,34.05534,34.09098,34.12838,34.16743,34.20835,34.25092,34.29547,34.34178,34.38996,34.44012,34.49226,34.54627,34.60226,34.660230000000006,34.720290000000006,34.78222,34.84635,34.91235,34.98055,35.05062,35.122890000000005,35.197140000000005,35.273480000000006,35.351910000000004,35.432320000000004,35.51471,35.59919000000001,35.68576,35.77431000000001,35.86484,35.957460000000005,36.051950000000005,36.14842,36.24687000000001,36.347300000000004,36.44971,36.55388000000001,36.66014,36.76816000000001,36.87805,36.98981,37.10333,37.218720000000005,37.335980000000006,37.455,37.57567,37.69821,37.8224,37.948350000000005,38.075950000000006,38.205200000000005,38.3361,38.46876,38.60296,38.7387,38.876090000000005,39.01513,39.155710000000006,39.297720000000005,39.44138,39.58647,39.73310000000001,39.88127,40.03087,40.181900000000006,40.334360000000004,40.48825,40.64368,40.80043,40.9585,41.11811,41.27893,41.44118,41.60486,41.76975,41.93607,42.10360000000001,42.27245,42.442730000000005
31.849840000000004,31.720260000000003,31.594310000000004,31.471770000000003,31.352860000000003,31.23758,31.12604,31.018130000000003,30.913850000000004,30.813420000000004,30.716730000000002,30.623890000000003,30.534790000000005,30.449650000000002,30.368250000000003,30.29081,30.21711,30.14748,30.081590000000006,30.019660000000005,29.961470000000002,29.907240000000005,29.856860000000005,29.810330000000004,29.76754,29.728600000000004,29.6934,29.66194,29.634110000000003,29.610020000000002,29.589450000000003,29.57251,29.55909,29.549080000000004,29.54248,29.53918,29.53918,29.542370000000002,29.548750000000002,29.5581,29.57053,29.58593,29.604080000000003,29.62498,29.64852,29.6747,29.70341,29.734540000000003,29.767980000000005,29.803620000000002,29.84146,29.88128,29.923080000000002,29.96686,30.01229,30.05948,30.10821,30.15848,30.21018,30.2632,30.31743,30.372760000000003,30.429190000000002,30.486610000000002,30.54491,30.60387,30.663600000000002,30.723990000000004,30.784930000000003,30.846200000000003,30.90802,30.97006,31.03221,31.094690000000003,31.157170000000004,31.21965,31.28202,31.344280000000005,31.406430000000004,31.468250000000005,31.52974,31.590900000000005,31.651620000000005,31.711790000000004,31.771410000000003,31.830480000000005,31.889,31.94675,32.003730000000004,32.059940000000005,32.11538,32.169940000000004,32.223620000000004,32.27631,32.32812,32.37905000000001,32.42877,32.47761,32.52535,32.57199000000001,32.61753,32.661970000000004,32.705310000000004,32.747550000000004,32.78858,32.82851,32.867340000000006,32.90485,32.94137,32.97668,33.010780000000004,33.043780000000005,33.075680000000006,33.10637,33.135960000000004,33.16456,33.19195,33.21835,33.24365,33.26796,33.29128,33.313610000000004,33.334950000000006,33.355410000000006,33.3751,33.393800000000006,33.411730000000006,33.42889,33.445280000000004,33.46101,33.47608,33.49060000000001,33.50446,33.517880000000005,33.530750000000005,33.543290000000006,33.5555,33.56727,33.57882,33.59026,33.60148,33.612590000000004,33.62359,33.6347,33.645920000000004,33.657250000000005,33.668800000000005,33.68068,33.69278,33.70532000000001,33.7183,33.73172,33.7458,33.76043,33.775830000000006,33.792,33.80894,33.82676,33.84546,33.86515,33.88594,33.907830000000004,33.930930000000004,33.955130000000004,33.980650000000004,34.007490000000004,34.03576,34.06535,34.09637,34.128930000000004,34.163140000000006,34.198780000000006,34.236180000000004,34.27512,34.31582,34.35828,34.402390000000004,34.44848,34.49622,34.54594,34.59742000000001,34.65088000000001,34.706210000000006,34.76341000000001,34.822590000000005,34.88375,34.94689,35.012010000000004,35.079,35.14808,35.21914,35.29229,35.36731,35.44431,35.5234,35.60447,35.68752,35.77255,35.85956000000001,35.948440000000005,36.039410000000004,36.13225,36.227070000000005,36.32387000000001,36.422430000000006,36.52297,36.625490000000006,36.72977000000001,36.83592,36.943940000000005,37.05383,37.16548,37.279,37.39428,37.511320000000005,37.630010000000006,37.75057,37.872780000000006,37.99675,38.122370000000004,38.249750000000006,38.37867,38.50935,38.64157000000001,38.77544,38.91096000000001,39.04791,39.186620000000005,39.32676000000001,39.46844000000001,39.61177,39.756530000000005,39.90283,40.05056,40.19983,40.35053,40.50266,40.656220000000005,40.81132,40.967740000000006,41.12559,41.284870000000005,41.44547000000001,41.60750000000001,41.77085,41.93563,42.101620000000004,42.269040000000004,42.437780000000004
31.812110000000004,31.681870000000004,31.55526,31.432170000000003,31.312710000000003,31.196880000000004,31.084680000000002,30.97622,30.871610000000004,30.77063,30.673610000000004,30.580330000000004,30.490900000000003,30.405430000000003,30.32381,30.246040000000004,30.172340000000002,30.102380000000004,30.036490000000004,29.974450000000004,29.91626,29.862140000000004,29.811760000000003,29.765340000000002,29.722770000000004,29.68405,29.649070000000005,29.61783,29.590440000000005,29.56668,29.54655,29.530050000000003,29.517180000000003,29.507720000000003,29.501670000000004,29.49903,29.499690000000005,29.503650000000004,29.51069,29.52092,29.53412,29.550290000000004,29.56932,29.59121,29.615740000000002,29.6428,29.672500000000003,29.704620000000002,29.739050000000002,29.77579,29.81462,29.855540000000005,29.89844,29.943320000000003,29.989850000000004,30.038140000000002,30.08808,30.139450000000004,30.192250000000005,30.246370000000002,30.301810000000003,30.358350000000005,30.41588,30.474400000000003,30.533800000000003,30.59408,30.65491,30.716510000000003,30.778550000000003,30.84103,30.903950000000002,30.967090000000002,31.03056,31.09403,31.15772,31.221300000000003,31.28488,31.348350000000003,31.411600000000004,31.474520000000002,31.537220000000005,31.599480000000003,31.661300000000004,31.72268,31.7834,31.843680000000003,31.903190000000002,31.962040000000002,32.020230000000005,32.077650000000006,32.134190000000004,32.18985,32.24474000000001,32.298640000000006,32.35155,32.40358,32.454510000000006,32.50445,32.5534,32.60125,32.648,32.69365,32.73809000000001,32.78154000000001,32.823780000000006,32.86492,32.90485,32.94368,32.981410000000004,33.01793000000001,33.05335,33.08756,33.120670000000004,33.152680000000004,33.18359,33.2134,33.242110000000004,33.26972000000001,33.29634,33.32197,33.346610000000005,33.37026,33.392920000000004,33.4147,33.4356,33.45573,33.47498,33.49346,33.51117,33.528220000000005,33.544610000000006,33.56045,33.575630000000004,33.59037,33.604560000000006,33.61842,33.631840000000004,33.64493,33.6578,33.67034,33.682880000000004,33.69520000000001,33.70752,33.719840000000005,33.73216000000001,33.7447,33.75735,33.77022,33.78342,33.79695,33.81103,33.82544,33.8404,33.85602,33.8723,33.88924,33.90695,33.925540000000005,33.94501,33.965360000000004,33.98681,34.00925,34.032790000000006,34.057430000000004,34.08339,34.11056,34.139050000000005,34.16886,34.200210000000006,34.23288,34.266980000000004,34.302730000000004,34.34002,34.37885,34.41933,34.46157,34.50546000000001,34.551,34.59841,34.647580000000005,34.698510000000006,34.751310000000004,34.805870000000006,34.862410000000004,34.920820000000006,34.9811,35.04325000000001,35.107380000000006,35.17338,35.24136,35.31132,35.38315,35.45696000000001,35.53264,35.61041,35.69005000000001,35.77167,35.85516,35.94063,36.02797,36.117290000000004,36.20859,36.30165,36.39669,36.49360000000001,36.59238,36.69314,36.79555,36.89994,37.00609,37.114110000000004,37.223890000000004,37.33543,37.448840000000004,37.563900000000004,37.68083,37.79941000000001,37.91975,38.04174,38.16538,38.290780000000005,38.41783,38.54653,38.676880000000004,38.80888,38.942420000000006,39.07761000000001,39.21434,39.352610000000006,39.49253,39.633880000000005,39.776880000000006,39.92131,40.067280000000004,40.21479000000001,40.363730000000004,40.514210000000006,40.66601,40.81946000000001,40.97423,41.130430000000004,41.28806,41.447120000000005,41.60761,41.769420000000004,41.932660000000006,42.09722000000001,42.26321000000001,42.43052
31.768,31.6371,31.509610000000002,31.38586,31.265740000000005,31.149250000000002,31.036390000000004,30.927380000000003,30.822110000000002,30.720690000000005,30.623120000000004,30.529400000000003,30.43964,30.353730000000002,30.271780000000003,30.19379,30.11976,30.049690000000005,29.983580000000003,29.92143,29.86335,29.809120000000004,29.758850000000002,29.71254,29.670080000000002,29.631580000000003,29.596930000000004,29.56602,29.538960000000003,29.51564,29.49606,29.480110000000003,29.46768,29.45888,29.4536,29.451620000000002,29.453050000000005,29.457780000000003,29.465700000000002,29.476810000000004,29.49089,29.508050000000004,29.52807,29.55095,29.57647,29.604740000000003,29.63543,29.66865,29.704290000000004,29.742130000000003,29.78217,29.8243,29.86841,29.914500000000004,29.96224,30.011850000000003,30.063,30.115690000000004,30.169700000000002,30.225140000000003,30.28179,30.33965,30.398500000000006,30.45823,30.51895,30.580440000000003,30.642590000000002,30.705400000000004,30.76876,30.83256,30.896690000000003,30.961150000000004,31.025830000000003,31.09062,31.155520000000003,31.220310000000005,31.2851,31.349780000000003,31.414240000000003,31.478480000000005,31.542390000000005,31.605860000000003,31.66889,31.731480000000005,31.79341,31.8549,31.91562,31.97568,32.03508000000001,32.0936,32.15135,32.208330000000004,32.264320000000005,32.319430000000004,32.37355,32.426680000000005,32.47893,32.530080000000005,32.580130000000004,32.62919,32.67715,32.72401,32.76977,32.81432,32.85777,32.90012,32.94137,32.981410000000004,33.02035,33.058080000000004,33.09471,33.13024,33.16456,33.19778,33.23001,33.261030000000005,33.29106,33.319990000000004,33.34782,33.37477,33.40062,33.42559000000001,33.44957,33.47267,33.494780000000006,33.51623,33.53669,33.556490000000004,33.575520000000004,33.59389,33.6116,33.62865,33.64515,33.661100000000005,33.676610000000004,33.69168,33.70631,33.72061,33.73469,33.74855,33.762190000000004,33.77572000000001,33.78914,33.80256000000001,33.81609,33.829620000000006,33.84337,33.85734,33.87153000000001,33.886050000000004,33.90101,33.916410000000006,33.93225,33.948750000000004,33.9658,33.98351,34.001990000000006,34.021240000000006,34.04137,34.062380000000005,34.084270000000004,34.107260000000004,34.131240000000005,34.15632,34.182610000000004,34.21011000000001,34.238820000000004,34.26885,34.30031,34.332980000000006,34.36719,34.40283,34.44001,34.478730000000006,34.51899,34.560900000000004,34.60446,34.64967,34.69653,34.74515,34.79553000000001,34.84767,34.90157,34.95734,35.01487,35.074270000000006,35.135540000000006,35.19868,35.263580000000005,35.33046,35.399210000000004,35.46983,35.54243,35.6169,35.69324,35.77145,35.85164,35.9337,36.017630000000004,36.10343,36.191210000000005,36.280860000000004,36.37227,36.46566,36.560810000000004,36.65794,36.75683000000001,36.85748,36.96011,37.06439,37.17054000000001,37.278560000000006,37.38823,37.499660000000006,37.61296000000001,37.72791,37.844620000000006,37.96298,38.08310000000001,38.204980000000006,38.3284,38.45358,38.58041,38.708780000000004,38.838910000000006,38.97058,39.1039,39.23876,39.37527,39.51332,39.65291,39.79415,39.93682,40.081030000000005,40.226780000000005,40.37407,40.52279000000001,40.673049999999996,40.82474,40.97786000000001,41.13252000000001,41.288610000000006,41.446130000000004,41.60508,41.765350000000005,41.92716,42.09029,42.254850000000005,42.420730000000006
31.71751,31.585730000000005,31.45747,31.332840000000004,31.211950000000005,31.094690000000003,30.981170000000002,30.871390000000005,30.76557,30.663490000000003,30.56537,30.471100000000003,30.38079,30.294440000000005,30.21216,30.133840000000003,30.05948,29.98919,29.922970000000003,29.860710000000005,29.80252,29.748290000000004,29.698130000000003,29.65193,29.60969,29.57141,29.536980000000003,29.506510000000002,29.479890000000005,29.45701,29.437870000000004,29.42247,29.410810000000005,29.402670000000004,29.39805,29.39695,29.399150000000002,29.404760000000003,29.41367,29.42577,29.44084,29.4591,29.480110000000003,29.50409,29.530820000000002,29.560300000000005,29.592200000000002,29.62674,29.663590000000003,29.702750000000005,29.744110000000003,29.787560000000003,29.832990000000002,29.880400000000005,29.929570000000002,29.980500000000003,30.032970000000002,30.087090000000003,30.142530000000004,30.199400000000004,30.25748,30.316660000000002,30.376940000000005,30.438100000000002,30.50025,30.563060000000004,30.626640000000005,30.690880000000003,30.75556,30.820790000000002,30.88624,30.952130000000004,31.018130000000003,31.084240000000005,31.150460000000002,31.21668,31.282790000000002,31.34879,31.414570000000005,31.480130000000003,31.54525,31.61004,31.674390000000002,31.738190000000003,31.801550000000002,31.864140000000003,31.926180000000006,31.987560000000002,32.04817,32.10801,32.16697,32.22516,32.282360000000004,32.338680000000004,32.39412,32.448460000000004,32.501920000000005,32.55428,32.605650000000004,32.65592,32.705090000000006,32.75316,32.80013,32.845890000000004,32.890660000000004,32.93422,32.97668,33.01793000000001,33.058080000000004,33.09713,33.13497,33.171710000000004,33.207350000000005,33.24178,33.275220000000004,33.30756,33.3388,33.36894,33.39809,33.42625,33.45342,33.479600000000005,33.50479,33.529210000000006,33.552640000000004,33.575300000000006,33.597080000000005,33.61809,33.63833,33.65802,33.67694,33.69520000000001,33.71291,33.73007,33.746790000000004,33.76307,33.77891,33.79442,33.80971,33.824670000000005,33.83941,33.854040000000005,33.86867,33.883190000000006,33.897710000000004,33.91234,33.927080000000004,33.941930000000006,33.95711,33.97262,33.98846,34.004740000000005,34.021350000000005,34.03862,34.05644,34.074920000000006,34.09406,34.11397,34.13465,34.1561,34.178650000000005,34.20197,34.22639,34.25191,34.278420000000004,34.306140000000006,34.33507,34.365320000000004,34.39678,34.42956,34.463660000000004,34.499300000000005,34.53626,34.574870000000004,34.6148,34.656380000000006,34.69961000000001,34.74438,34.790690000000005,34.83876000000001,34.88859,34.940070000000006,34.9932,35.0482,35.10485,35.16337,35.223650000000006,35.28580000000001,35.34971,35.415490000000005,35.48303000000001,35.552550000000004,35.623830000000005,35.69698,35.772000000000006,35.848890000000004,35.92754,36.00817,36.09056,36.17493,36.26106,36.34906000000001,36.438930000000006,36.53056000000001,36.62406000000001,36.71943000000001,36.81656,36.915560000000006,37.01632000000001,37.11884,37.22323000000001,37.32938,37.437180000000005,37.54685,37.65817,37.77136000000001,37.8862,38.00269,38.120940000000004,38.240840000000006,38.362500000000004,38.48581,38.61077000000001,38.73738,38.86553,38.99544,39.12689,39.25999,39.394740000000006,39.53103,39.66886000000001,39.80823000000001,39.949250000000006,40.0917,40.235800000000005,40.38133,40.52851,40.67712,40.827160000000006,40.97874,41.13186,41.286410000000004,41.44239,41.5998,41.75875,41.919019999999996,42.08083,42.24396,42.40852
31.66075,31.527980000000003,31.398730000000004,31.273220000000002,31.151340000000005,31.0332,30.918910000000004,30.808360000000004,30.70177,30.599030000000003,30.500140000000002,30.405320000000003,30.31446,30.227670000000003,30.144840000000002,30.066190000000002,29.991500000000002,29.920990000000003,29.85444,29.792070000000002,29.733770000000003,29.679650000000002,29.629490000000004,29.5834,29.54127,29.503320000000002,29.46922,29.43908,29.412900000000004,29.39057,29.37198,29.357240000000004,29.34624,29.338870000000004,29.33502,29.3348,29.33799,29.344590000000004,29.354490000000002,29.367690000000003,29.383970000000005,29.40322,29.42555,29.45074,29.478790000000004,29.50948,29.542810000000003,29.578670000000002,29.61695,29.657430000000005,29.70033,29.745210000000004,29.792180000000002,29.84102,29.891730000000003,29.944090000000003,29.998210000000004,30.053760000000004,30.110740000000003,30.169150000000002,30.22877,30.289490000000004,30.35131,30.414010000000005,30.477590000000003,30.542050000000003,30.607060000000004,30.67284,30.739060000000002,30.80561,30.87271,30.93992,31.007460000000005,31.075000000000003,31.142760000000003,31.210300000000004,31.277950000000004,31.345270000000003,31.412480000000002,31.479360000000003,31.545910000000003,31.61213,31.6778,31.74303,31.807600000000004,31.871620000000004,31.934980000000003,31.997680000000003,32.0595,32.12066,32.18094000000001,32.24045,32.298970000000004,32.35661,32.41326,32.468920000000004,32.523590000000006,32.577160000000006,32.629740000000005,32.68133,32.73171,32.78099,32.829280000000004,32.87636,32.922340000000005,32.96711,33.010780000000004,33.05335,33.09471,33.13497,33.174020000000006,33.21208,33.24893,33.28468,33.31933,33.35288,33.38533,33.416790000000006,33.44715,33.47652,33.5049,33.5324,33.558800000000005,33.584430000000005,33.60907,33.63294,33.655930000000005,33.67826,33.69971,33.7205,33.74063,33.76021,33.77902,33.79739000000001,33.81532,33.8327,33.84975,33.86636000000001,33.88275,33.898810000000005,33.91465,33.93038000000001,33.946000000000005,33.961510000000004,33.97702,33.99264,34.00837,34.024210000000004,34.04027,34.05666,34.07327,34.09032,34.10781,34.12574,34.144220000000004,34.163360000000004,34.18316,34.20362,34.22485,34.24685,34.26973,34.2936,34.31835,34.34409,34.37093,34.39887,34.427910000000004,34.45816000000001,34.48973,34.522510000000004,34.55661,34.59203,34.62888,34.66716,34.70687,34.74812000000001,34.790800000000004,34.83513,34.881,34.92852,34.97769,35.028400000000005,35.080870000000004,35.13499,35.190870000000004,35.24851,35.3078,35.36885,35.43177000000001,35.49645,35.56289,35.63109,35.70116,35.77299,35.84669,35.92215,35.99948,36.07857,36.159530000000004,36.24225,36.326840000000004,36.41330000000001,36.50152,36.59161,36.683350000000004,36.77707,36.872440000000005,36.969680000000004,37.06868,37.16955000000001,37.27207,37.37635,37.48239,37.590300000000006,37.69975,37.81107,37.92404,38.03877000000001,38.155150000000006,38.27329,38.393080000000005,38.51452,38.63772,38.762460000000004,38.88885,39.016890000000004,39.14669,39.27792,39.41091,39.545440000000006,39.68151,39.819230000000005,39.95849,40.0994,40.24174,40.38573,40.531150000000004,40.67822000000001,40.82672,40.976760000000006,41.12834000000001,41.28135,41.4359,41.59199,41.7494,41.908350000000006,42.06873000000001,42.23054,42.39378
31.597610000000003,31.463630000000002,31.33339,31.206780000000006,31.083910000000003,30.96489,30.849610000000006,30.738180000000003,30.63071,30.5272,30.427650000000003,30.332060000000002,30.240650000000002,30.153200000000002,30.069930000000003,29.99073,29.915710000000004,29.84487,29.778210000000005,29.71562,29.65721,29.602980000000002,29.55282,29.506840000000004,29.465040000000002,29.427200000000003,29.39354,29.363840000000003,29.3381,29.31632,29.29839,29.28431,29.27408,29.267480000000003,29.26462,29.265280000000004,29.26957,29.277160000000002,29.28827,29.302570000000003,29.32006,29.340630000000004,29.364280000000004,29.390900000000002,29.420270000000002,29.45239,29.487150000000003,29.52455,29.56426,29.60639,29.650830000000003,29.69736,29.74587,29.79636,29.848720000000004,29.902730000000002,29.9585,30.015700000000002,30.074440000000003,30.134390000000003,30.195660000000004,30.25803,30.321500000000004,30.38585,30.451190000000004,30.51719,30.58396,30.65117,30.719040000000003,30.78735,30.855880000000003,30.92474,30.993820000000003,31.063010000000002,31.1322,31.20139,31.270470000000003,31.339330000000004,31.407970000000006,31.476390000000002,31.544370000000004,31.61202,31.67912,31.745780000000003,31.811780000000002,31.87723,31.941910000000004,32.00593,32.06929,32.13177,32.19337,32.254090000000005,32.314040000000006,32.372890000000005,32.43086,32.487840000000006,32.54383,32.59883000000001,32.652620000000006,32.705420000000004,32.75712,32.80772,32.857220000000005,32.905620000000006,32.95281000000001,32.9989,33.043780000000005,33.08756,33.13024,33.171710000000004,33.21208,33.25124,33.289410000000004,33.326370000000004,33.362230000000004,33.39699,33.43076000000001,33.46332,33.495000000000005,33.52558,33.555170000000004,33.58388,33.61149,33.63833,33.66418,33.689260000000004,33.71346,33.73689,33.759660000000004,33.78155,33.802890000000005,33.823570000000004,33.84359,33.863060000000004,33.882090000000005,33.90057,33.91872,33.93643,33.953810000000004,33.97097,33.98791,34.00463,34.02113,34.03774000000001,34.05413,34.07074000000001,34.08724,34.10407,34.1209,34.13806,34.155550000000005,34.173370000000006,34.191520000000004,34.21011000000001,34.22936,34.249050000000004,34.269400000000005,34.2903,34.31208,34.334520000000005,34.35784,34.381930000000004,34.40701,34.432970000000005,34.46003,34.488080000000004,34.517340000000004,34.54759,34.57916,34.611830000000005,34.64582000000001,34.68113,34.71776,34.75571,34.7952,34.83601,34.87836,34.92214,34.96746,35.014320000000005,35.062830000000005,35.112880000000004,35.16458,35.21793,35.27293,35.32958000000001,35.38788,35.44794,35.50976,35.57334,35.63857,35.705560000000006,35.77442,35.844930000000005,35.91731,35.99134,36.067240000000005,36.14501,36.224430000000005,36.30572000000001,36.38877,36.473580000000005,36.56015,36.64859,36.73879,36.83075,36.92447000000001,37.01995,37.11719,37.216300000000004,37.31706,37.41958,37.523860000000006,37.629900000000006,37.737700000000004,37.847150000000006,37.95836,38.071220000000004,38.18584,38.30211,38.42014,38.53971,38.66104,38.784130000000005,38.90876,39.03504000000001,39.16297,39.292550000000006,39.42378,39.55655000000001,39.69097000000001,39.827040000000004,39.96465,40.103910000000006,40.2446,40.38694,40.530930000000005,40.67635,40.82331,40.971920000000004,41.12196,41.273540000000004,41.426660000000005,41.581320000000005,41.737410000000004,41.89493,42.05399,42.21448000000001,42.37651
31.528090000000002,31.392900000000004,31.261450000000004,31.133740000000003,31.009660000000004,30.88954,30.773270000000004,30.660850000000003,30.552390000000003,30.448,30.34757,30.251320000000003,30.159140000000004,30.07114,29.98721,29.907570000000003,29.832110000000004,29.76094,29.69395,29.631140000000002,29.57262,29.518280000000004,29.468230000000002,29.42236,29.380780000000005,29.34327,29.30983,29.280570000000004,29.255380000000002,29.234150000000003,29.216990000000003,29.203680000000002,29.19422,29.1885,29.186630000000005,29.188390000000002,29.19367,29.20247,29.214790000000004,29.230300000000003,29.24922,29.27122,29.296300000000002,29.324350000000003,29.35526,29.38892,29.425330000000002,29.46427,29.505740000000003,29.54952,29.595610000000004,29.643900000000006,29.694170000000003,29.746420000000004,29.80054,29.85631,29.913840000000004,29.972910000000002,30.033410000000003,30.095120000000005,30.158260000000002,30.222390000000004,30.28762,30.35384,30.420830000000002,30.488590000000002,30.55712,30.6262,30.69572,30.765680000000003,30.83597,30.906480000000006,30.977210000000003,31.048050000000003,31.11889,31.18973,31.260350000000006,31.330860000000005,31.401150000000005,31.471000000000004,31.540630000000004,31.609710000000003,31.678350000000002,31.74644,31.813980000000004,31.880860000000006,31.947080000000003,32.012530000000005,32.07721,32.14112,32.20415,32.2663,32.32757,32.38785,32.447250000000004,32.50555,32.56286,32.61907,32.674290000000006,32.728410000000004,32.78132,32.83324,32.884060000000005,32.93367,32.98207,33.02948000000001,33.075680000000006,33.120670000000004,33.16456,33.207350000000005,33.24893,33.289410000000004,33.328680000000006,33.36685000000001,33.404030000000006,33.44,33.47487,33.50875,33.54164,33.57343,33.60423,33.63404,33.66297,33.69091,33.71797,33.744150000000005,33.769560000000006,33.794200000000004,33.81796000000001,33.841060000000006,33.8635,33.88528,33.906510000000004,33.927080000000004,33.947100000000006,33.966680000000004,33.98593,34.00463,34.02311,34.04126,34.05908,34.07679,34.094280000000005,34.11177,34.12915,34.146530000000006,34.16391,34.18151,34.199220000000004,34.217040000000004,34.2353,34.253780000000006,34.27259,34.29184,34.311640000000004,34.33188,34.35267,34.37412,34.39623,34.41911,34.44276,34.467180000000006,34.49248,34.51877,34.54594,34.5741,34.60336,34.633610000000004,34.66507,34.69774,34.73162000000001,34.76671,34.80301,34.840740000000004,34.87979,34.92016,34.962070000000004,35.005300000000005,35.050070000000005,35.09638,35.14412,35.193400000000004,35.244330000000005,35.296800000000005,35.35092,35.406690000000005,35.464000000000006,35.523070000000004,35.58379,35.64616,35.71029000000001,35.776070000000004,35.84361,35.912910000000004,35.98386000000001,36.05668,36.131150000000005,36.20738,36.28537,36.36512,36.44663,36.529790000000006,36.61482,36.70161,36.79016,36.88047000000001,36.97254000000001,37.066370000000006,37.16185,37.2592,37.358200000000004,37.459070000000004,37.56159,37.66576,37.771800000000006,37.87949,37.98883,38.10004000000001,38.212790000000005,38.32730000000001,38.44357000000001,38.56138,38.68095,38.80228,38.92515,39.04967,39.17595,39.30377,39.433350000000004,39.56447000000001,39.69724,39.83155000000001,39.967620000000004,40.10523,40.24438,40.385180000000005,40.52752000000001,40.671510000000005,40.817040000000006,40.96411,41.11272,41.26287,41.41456,41.56779,41.72256,41.878870000000006,42.03661,42.195890000000006,42.3566
31.45219,31.315680000000004,31.18291,31.05388,30.928590000000003,30.807260000000003,30.689780000000003,30.576370000000004,30.466810000000002,30.361430000000002,30.26012,30.16299,30.070040000000002,29.981270000000002,29.89679,29.816600000000005,29.74059,29.668980000000005,29.601660000000003,29.538630000000005,29.480000000000004,29.42566,29.375610000000005,29.32985,29.288380000000004,29.2512,29.218200000000003,29.18938,29.164740000000002,29.144170000000003,29.127670000000002,29.11513,29.106550000000002,29.10193,29.101050000000004,29.103910000000003,29.110400000000002,29.12052,29.134050000000002,29.150990000000004,29.171340000000004,29.194770000000002,29.221390000000003,29.25109,29.283650000000005,29.319070000000004,29.357130000000005,29.397940000000002,29.441170000000003,29.48682,29.534670000000002,29.58483,29.63697,29.691090000000003,29.747190000000003,29.804940000000006,29.864340000000002,29.92528,29.987650000000006,30.051450000000003,30.11646,30.182570000000002,30.249670000000002,30.31776,30.386730000000004,30.456360000000004,30.526650000000004,30.5976,30.668990000000004,30.740820000000003,30.812870000000004,30.885250000000003,30.95774,31.030340000000002,31.102830000000004,31.175430000000002,31.24781,31.31997,31.391800000000003,31.463410000000003,31.534580000000002,31.605310000000003,31.675600000000003,31.745230000000003,31.814310000000003,31.882730000000002,31.950380000000003,32.01737,32.08359,32.14893,32.213390000000004,32.276970000000006,32.339670000000005,32.40138,32.4621,32.52183,32.58046,32.6381,32.69464,32.749970000000005,32.80431,32.85755,32.909580000000005,32.96051,33.01034,33.05896,33.10637,33.152680000000004,33.19778,33.24178,33.28468,33.326370000000004,33.36685000000001,33.40634,33.44462,33.4818,33.517990000000005,33.55308,33.587070000000004,33.620070000000005,33.652080000000005,33.682990000000004,33.71313,33.74217,33.77044,33.797830000000005,33.82434000000001,33.849970000000006,33.87494,33.89914,33.92268,33.94556,33.967780000000005,33.989450000000005,34.01046,34.03114,34.05127,34.071070000000006,34.090430000000005,34.109570000000005,34.12838,34.14697,34.16534,34.183710000000005,34.20186,34.22012,34.23827,34.256640000000004,34.27501,34.293710000000004,34.312520000000006,34.33166,34.351130000000005,34.37093,34.39117,34.41196,34.43319,34.45508,34.477630000000005,34.500840000000004,34.52471,34.549350000000004,34.574870000000004,34.60127,34.628550000000004,34.65682,34.686080000000004,34.716330000000006,34.74768,34.780240000000006,34.813790000000004,34.84866,34.88474,34.92214,34.960750000000004,35.00068,35.04204,35.084830000000004,35.12894000000001,35.17459,35.22156,35.27018,35.32023,35.371930000000006,35.42506,35.47984,35.53627,35.594240000000006,35.65386,35.71513,35.77805000000001,35.842620000000004,35.908950000000004,35.976820000000004,36.04656,36.11784000000001,36.190990000000006,36.26579,36.342240000000004,36.42045,36.500420000000005,36.582150000000006,36.66564,36.75078,36.83768,36.92634,37.016760000000005,37.108830000000005,37.20266,37.29825,37.39560000000001,37.4946,37.595470000000006,37.697880000000005,37.80216,37.90809,38.01578000000001,38.12512,38.236110000000004,38.34897,38.463370000000005,38.57953,38.697340000000004,38.81691,38.93813,39.06089000000001,39.18552,39.311690000000006,39.439510000000006,39.56898,39.700100000000006,39.83287000000001,39.967290000000006,40.10336,40.240970000000004,40.380230000000005,40.52114,40.663590000000006,40.80758,40.95322000000001,41.10051000000001,41.249230000000004,41.39960000000001,41.55151,41.70496000000001,41.85995,42.01648000000001,42.174440000000004,42.334050000000005
31.369910000000004,31.231970000000004,31.097660000000005,30.967200000000005,30.840700000000002,30.717940000000002,30.59925,30.484630000000003,30.373970000000003,30.267490000000002,30.16519,30.06707,29.973240000000004,29.883700000000005,29.798560000000002,29.7176,29.641150000000003,29.569100000000002,29.501340000000003,29.438090000000003,29.379240000000003,29.32479,29.27474,29.229090000000003,29.187840000000005,29.150990000000004,29.11832,29.09005,29.065960000000004,29.04616,29.030430000000003,29.018770000000004,29.011180000000003,29.007550000000002,29.00777,29.011840000000003,29.019650000000002,29.031090000000003,29.04605,29.06453,29.08642,29.111500000000003,29.139770000000002,29.171230000000005,29.205550000000002,29.24273,29.282770000000003,29.325340000000004,29.370550000000005,29.418070000000004,29.468010000000003,29.520150000000005,29.57438,29.630590000000005,29.688560000000003,29.748400000000004,29.809890000000003,29.87292,29.937380000000005,30.003270000000004,30.070260000000005,30.138460000000002,30.207650000000005,30.277720000000006,30.348670000000002,30.420390000000005,30.492660000000004,30.56559,30.63896,30.712660000000003,30.786690000000004,30.860940000000003,30.935300000000005,31.009770000000003,31.084130000000002,31.158490000000004,31.232630000000004,31.30655,31.380250000000004,31.453510000000005,31.52644,31.59882,31.67076,31.742040000000003,31.812660000000005,31.882730000000002,31.952030000000004,32.02056,32.088210000000004,32.15509,32.221090000000004,32.286210000000004,32.35034,32.41348,32.47563,32.536680000000004,32.596740000000004,32.65581,32.71367,32.770430000000005,32.82609,32.88065,32.934000000000005,32.986250000000005,33.0374,33.087230000000005,33.135960000000004,33.18359,33.23001,33.275220000000004,33.31933,33.362230000000004,33.404030000000006,33.44462,33.48411,33.52261000000001,33.559900000000006,33.596090000000004,33.63129,33.6655,33.69861,33.73084,33.76197,33.79222,33.82159,33.850080000000005,33.87769,33.90442,33.930490000000006,33.95579,33.980320000000006,34.00419,34.02740000000001,34.05006,34.07217,34.09384,34.11496,34.13564,34.15599,34.17601,34.1957,34.21517,34.23442,34.25345000000001,34.27248,34.29151,34.310430000000004,34.329460000000005,34.348600000000005,34.367850000000004,34.38732,34.40701,34.42703,34.44738,34.46806,34.489290000000004,34.510960000000004,34.53318,34.55606,34.57949,34.60369,34.628550000000004,34.654180000000004,34.68069,34.70808,34.73624,34.7655,34.795750000000005,34.82688,34.85922,34.89266000000001,34.9272,34.962950000000006,34.99991000000001,35.03808,35.07757,35.11838,35.16051,35.20407000000001,35.24895,35.295370000000005,35.34311,35.392390000000006,35.4431,35.49535000000001,35.54925000000001,35.604580000000006,35.66145,35.71997,35.78014,35.84185,35.905210000000004,35.970220000000005,36.036880000000004,36.10519,36.17515,36.24676,36.320130000000006,36.39515,36.47193000000001,36.550360000000005,36.63055,36.71239,36.79599,36.88124,36.968250000000005,37.05702000000001,37.14744,37.23962,37.333450000000006,37.42915,37.52639,37.6255,37.72626,37.82878,37.93295,38.038880000000006,38.146460000000005,38.2558,38.3669,38.47965,38.59405000000001,38.710210000000004,38.82802,38.94748,39.06870000000001,39.191570000000006,39.31609,39.442260000000005,39.570190000000004,39.69977,39.830890000000004,39.963770000000004,40.09830000000001,40.234370000000006,40.37209000000001,40.51157,40.652590000000004,40.79515000000001,40.93936,41.08522000000001,41.232730000000004,41.38167000000001,41.53226,41.68450000000001,41.83828,41.99349,42.15035,42.30875
31.281250000000004,31.141660000000005,31.005810000000004,30.873920000000002,30.745770000000004,30.621690000000005,30.50157,30.385630000000003,30.273760000000003,30.16607,30.06267,29.96356,29.868740000000003,29.778320000000004,29.6923,29.61079,29.533680000000004,29.461080000000003,29.39299,29.329410000000003,29.270340000000004,29.215780000000002,29.16573,29.12019,29.07916,29.042530000000003,29.010410000000004,28.982580000000002,28.95915,28.940010000000004,28.92516,28.91438,28.907780000000002,28.905250000000002,28.90679,28.912070000000003,28.921310000000005,28.93418,28.950680000000002,28.97081,28.99435,29.02119,29.05133,29.084550000000004,29.120850000000004,29.160010000000003,29.20192,29.246580000000005,29.29388,29.343600000000002,29.39563,29.449860000000005,29.50629,29.564590000000003,29.62487,29.68691,29.750600000000002,29.815830000000002,29.882490000000004,29.950580000000002,30.019770000000005,30.090170000000004,30.161450000000002,30.23372,30.306870000000004,30.38068,30.45515,30.530170000000002,30.605520000000002,30.68131,30.757430000000003,30.833660000000002,30.910000000000004,30.986340000000002,31.062680000000004,31.138910000000003,31.215030000000006,31.290820000000004,31.366280000000003,31.441410000000005,31.5161,31.59024,31.66383,31.736870000000003,31.809250000000002,31.880860000000006,31.951810000000002,32.02199,32.09129,32.159710000000004,32.227250000000005,32.293800000000005,32.35947,32.424150000000004,32.487730000000006,32.550320000000006,32.61181,32.672200000000004,32.73149,32.789680000000004,32.84677000000001,32.90265,32.95732,33.01089,33.063250000000004,33.11451,33.16456,33.2134,33.261030000000005,33.30756,33.35288,33.39699,33.44,33.4818,33.52261000000001,33.56221,33.60071,33.638110000000005,33.67441,33.709720000000004,33.744040000000005,33.777260000000005,33.8096,33.84095000000001,33.87142,33.90101,33.929610000000004,33.957550000000005,33.98461,34.01090000000001,34.03642,34.06139,34.08559,34.10924000000001,34.13234,34.15478,34.17689,34.19845,34.219680000000004,34.24058,34.26104,34.28139,34.301410000000004,34.32132,34.341010000000004,34.3607,34.38039,34.40008,34.41977000000001,34.43968,34.459700000000005,34.479940000000006,34.500400000000006,34.521190000000004,34.54242,34.56398,34.585980000000006,34.60853,34.63163,34.655390000000004,34.679700000000004,34.70467000000001,34.730520000000006,34.75703,34.784420000000004,34.812580000000004,34.84173,34.87176,34.902890000000006,34.934900000000006,34.96801000000001,35.00233,35.03764,35.074160000000006,35.112,35.150940000000006,35.1912,35.23267,35.27557,35.319790000000005,35.36533000000001,35.4123,35.4607,35.51053,35.5619,35.614700000000006,35.66904,35.724810000000005,35.782230000000006,35.841190000000005,35.90169,35.963840000000005,36.02753,36.092870000000005,36.15986,36.228500000000004,36.298680000000004,36.37062,36.444210000000005,36.519450000000006,36.59634,36.67499,36.75518,36.83724,36.920840000000005,37.00631,37.093320000000006,37.18209000000001,37.27262,37.36480000000001,37.458740000000006,37.55444,37.651790000000005,37.75079,37.85155,37.95407000000001,38.05824,38.16417,38.27175,38.38109,38.49219,38.60494,38.71934,38.8355,38.95331000000001,39.072880000000005,39.194100000000006,39.317080000000004,39.44171,39.56799,39.69592000000001,39.825610000000005,39.956950000000006,40.089940000000006,40.22458,40.36087,40.498810000000006,40.638400000000004,40.77964000000001,40.92253,41.06696,41.213150000000006,41.36088,41.51015,41.66118000000001,41.81364,41.96786,42.12351,42.28081
31.186210000000003,31.044860000000003,30.907360000000004,30.77371,30.64402,30.518400000000003,30.396740000000005,30.279370000000004,30.16618,30.057170000000003,29.952560000000005,29.852240000000002,29.756430000000005,29.665020000000002,29.57823,29.49584,29.418070000000004,29.344920000000002,29.27639,29.212480000000003,29.153190000000002,29.09852,29.048470000000002,29.002930000000003,28.962120000000002,28.92582,28.89414,28.866860000000003,28.844090000000005,28.825720000000004,28.81175,28.802070000000004,28.796570000000003,28.79525,28.798000000000002,28.804710000000004,28.81538,28.829790000000003,28.848050000000004,28.869830000000004,28.89513,28.923840000000002,28.95596,28.99116,29.02944,29.070690000000003,29.114800000000002,29.16166,29.21116,29.263080000000002,29.317420000000002,29.373960000000004,29.432700000000004,29.493310000000005,29.55601,29.620360000000005,29.686360000000004,29.75401,29.82298,29.89338,29.964990000000004,30.03759,30.11129,30.185870000000005,30.261220000000005,30.33734,30.414010000000005,30.49123,30.568890000000003,30.646770000000004,30.724980000000002,30.803410000000003,30.881840000000004,30.960270000000005,31.038590000000003,31.116910000000004,31.194900000000004,31.27267,31.35,31.427000000000003,31.503560000000004,31.579570000000004,31.655030000000004,31.729830000000003,31.803860000000004,31.87734,31.949940000000005,32.021770000000004,32.09272,32.16268,32.23187,32.300070000000005,32.36728,32.43339,32.49851,32.56253,32.62556000000001,32.687380000000005,32.7481,32.80772,32.866130000000005,32.92344,32.97954,33.03443000000001,33.08811000000001,33.140690000000006,33.19195,33.242110000000004,33.29106,33.3388,33.38533,33.43076000000001,33.47487,33.517990000000005,33.559900000000006,33.60071,33.64031000000001,33.678920000000005,33.71643,33.752840000000006,33.78826,33.82258,33.85602,33.888470000000005,33.91993,33.95062,33.980320000000006,34.00925,34.0373,34.06458000000001,34.09109,34.11705,34.14224,34.16677000000001,34.19075,34.21418,34.23706000000001,34.25961,34.28161,34.30328,34.32462,34.34563,34.366420000000005,34.386990000000004,34.407450000000004,34.4278,34.448150000000005,34.46839000000001,34.48874,34.50909,34.52966,34.550340000000006,34.57135,34.592580000000005,34.614140000000006,34.636030000000005,34.65836,34.68113,34.70445,34.728320000000004,34.75285,34.777930000000005,34.80378,34.830290000000005,34.85768,34.88573,34.914770000000004,34.94469,34.97549,35.00728,35.04017,35.07405,35.108920000000005,35.145,35.18229,35.22068,35.26028,35.3012,35.34333,35.38678000000001,35.43166,35.47775,35.52527,35.574220000000004,35.62460000000001,35.676410000000004,35.72965,35.78443000000001,35.84064,35.898390000000006,35.95768,36.018620000000006,36.08099,36.14501,36.21068,36.277890000000006,36.34664,36.41715,36.4892,36.563010000000006,36.638360000000006,36.71547,36.79412,36.87453000000001,36.95659,37.0403,37.12577,37.21289000000001,37.301770000000005,37.392300000000006,37.484590000000004,37.57853000000001,37.67412,37.77147,37.870580000000004,37.97134,38.07386,38.178140000000006,38.28407,38.39165,38.5011,38.61209,38.72495000000001,38.83946,38.95562,39.07354,39.193220000000004,39.31455,39.43753,39.56227,39.688770000000005,39.81692,39.94672,40.07817,40.21138,40.34624000000001,40.48286,40.62102,40.760940000000005,40.90251000000001,41.04562,41.190490000000004,41.33701,41.48507000000001,41.63489,41.78625,41.939260000000004,42.093810000000005,42.25001
31.08479,30.941570000000002,30.802200000000003,30.666790000000002,30.53534,30.407960000000003,30.284760000000002,30.165850000000002,30.05112,29.940680000000004,29.83475,29.733330000000002,29.63631,29.543910000000004,29.456130000000005,29.372860000000003,29.294430000000002,29.22062,29.151540000000004,29.087190000000003,29.027680000000004,28.97279,28.92274,28.87742,28.836720000000003,28.800750000000004,28.76951,28.742890000000003,28.72078,28.703290000000003,28.690200000000004,28.681510000000003,28.677220000000002,28.677110000000003,28.68129,28.68954,28.701750000000004,28.71792,28.737830000000002,28.761480000000002,28.788760000000003,28.819450000000003,28.853550000000002,28.890950000000004,28.931430000000002,28.974880000000002,29.0213,29.070470000000004,29.12228,29.176620000000003,29.233380000000004,29.292450000000002,29.35361,29.41675,29.481870000000004,29.548750000000002,29.617280000000004,29.687350000000002,29.758960000000002,29.831780000000006,29.905810000000002,29.980940000000004,30.057060000000003,30.13406,30.211830000000003,30.290370000000003,30.36935,30.448880000000003,30.528850000000002,30.609150000000003,30.68956,30.770190000000003,30.850820000000002,30.931340000000002,31.011860000000002,31.092270000000003,31.17235,31.252100000000006,31.33152,31.410500000000003,31.488930000000003,31.56692,31.64414,31.720810000000004,31.79671,31.871950000000002,31.946310000000004,32.01979,32.0925,32.16422000000001,32.235060000000004,32.3048,32.37355,32.44131,32.50797000000001,32.573530000000005,32.63799,32.701350000000005,32.76361,32.82455,32.88439,32.943130000000004,33.000550000000004,33.056760000000004,33.11187,33.16566,33.21835,33.26972000000001,33.319990000000004,33.36894,33.416790000000006,33.46332,33.50875,33.55308,33.596090000000004,33.638110000000005,33.678920000000005,33.718630000000005,33.75724,33.79475,33.83127,33.866800000000005,33.90123,33.93478,33.96734,33.99891,34.02971,34.059520000000006,34.08856,34.11683,34.144330000000004,34.171170000000004,34.19724,34.22276,34.247620000000005,34.271930000000005,34.29569,34.318900000000006,34.34178,34.36422,34.38622,34.408,34.42956,34.450790000000005,34.47191,34.49281,34.51371,34.53461,34.555400000000006,34.5763,34.59731000000001,34.618430000000004,34.639770000000006,34.661440000000006,34.683220000000006,34.70544,34.728100000000005,34.751090000000005,34.77452,34.798610000000004,34.82314,34.848330000000004,34.87407,34.90058,34.92786,34.9558,34.984730000000006,35.014320000000005,35.044900000000005,35.07647,35.108920000000005,35.142360000000004,35.1769,35.212430000000005,35.24917,35.28701,35.325950000000006,35.36621,35.40757,35.450250000000004,35.49425,35.539570000000005,35.5861,35.634170000000005,35.68345000000001,35.73427,35.786410000000004,35.840090000000004,35.8952,35.95174,36.00982,36.06944,36.1306,36.1933,36.25754,36.32332,36.390750000000004,36.459720000000004,36.53034,36.602610000000006,36.67642,36.75199,36.829100000000004,36.907970000000006,36.98838,37.070550000000004,37.15437,37.23984,37.327070000000006,37.41595,37.50648,37.59877,37.692710000000005,37.78841,37.885760000000005,37.98487,38.08574,38.18826,38.29254,38.39858,38.50627,38.61572000000001,38.726820000000004,38.83968,38.954299999999996,39.07068,39.18871000000001,39.3085,39.42994,39.553140000000006,39.6781,39.80471000000001,39.933080000000004,40.063210000000005,40.194990000000004,40.32842,40.46361,40.60045,40.73905,40.8793,41.02120000000001,41.164860000000004,41.31006000000001,41.45702000000001,41.605630000000005,41.75589,41.9078,42.06125,42.216460000000005
30.976990000000004,30.83179,30.690440000000002,30.553050000000002,30.41973,30.29059,30.165630000000004,30.044850000000004,29.92858,29.816710000000004,29.709350000000004,29.6065,29.508270000000003,29.41466,29.32589,29.241740000000004,29.16243,29.087960000000002,29.01833,28.953650000000003,28.893700000000003,28.8387,28.78854,28.74333,28.70285,28.66732,28.636520000000004,28.61045,28.589110000000005,28.572390000000006,28.5604,28.552810000000004,28.549730000000004,28.551050000000004,28.55666,28.566450000000003,28.58042,28.598240000000004,28.620130000000003,28.645760000000003,28.675020000000004,28.707910000000002,28.744210000000002,28.783810000000003,28.826600000000003,28.872580000000003,28.921420000000005,28.973010000000002,29.027350000000002,29.084220000000002,29.143620000000002,29.205220000000004,29.26902,29.3348,29.402560000000005,29.472080000000002,29.543250000000004,29.616070000000004,29.69021,29.76567,29.842340000000004,29.92011,29.99887,30.078400000000002,30.158700000000003,30.239770000000004,30.321280000000005,30.40323,30.485620000000004,30.568230000000003,30.65106,30.734000000000005,30.816940000000002,30.89977,30.9826,31.0651,31.147380000000002,31.22922,31.310730000000003,31.391800000000003,31.472320000000003,31.552180000000003,31.631380000000004,31.710030000000003,31.7878,31.864800000000002,31.94103,32.01638,32.090740000000004,32.16422000000001,32.23671,32.30821,32.37861,32.44791,32.516220000000004,32.58332000000001,32.64932,32.714110000000005,32.7778,32.84028000000001,32.90155,32.96161,33.02046,33.078100000000006,33.134530000000005,33.189750000000004,33.24365,33.29634,33.34782,33.39809,33.44715,33.495000000000005,33.54164,33.587070000000004,33.63129,33.67441,33.71643,33.75724,33.79695,33.83567,33.873180000000005,33.90970000000001,33.94523,33.97977,34.01332,34.04599,34.077670000000005,34.10858,34.13861,34.16776,34.19625,34.22386,34.25092,34.277210000000004,34.30284,34.328030000000005,34.352560000000004,34.376650000000005,34.40019,34.42329,34.44617,34.468610000000005,34.49072,34.51261,34.53428,34.55584,34.577290000000005,34.59863,34.61986,34.641200000000005,34.662650000000006,34.68421,34.70588,34.72777,34.749880000000005,34.77232,34.7952,34.8183,34.841950000000004,34.866040000000005,34.890570000000004,34.91576,34.941500000000005,34.96801000000001,34.995070000000005,35.0229,35.051500000000004,35.080870000000004,35.11112,35.142360000000004,35.17437,35.207370000000004,35.24147000000001,35.276450000000004,35.31264000000001,35.34982000000001,35.3881,35.42759,35.468289999999996,35.5102,35.55332,35.59765,35.6433,35.690380000000005,35.73867,35.78839000000001,35.83954000000001,35.892010000000006,35.945910000000005,36.00124,36.05811,36.11641,36.17625,36.23763,36.30044,36.3649,36.4309,36.49844,36.56752,36.63825,36.71063,36.78455,36.86012,36.937340000000006,37.01621,37.09684000000001,37.179010000000005,37.26283000000001,37.34841,37.43564000000001,37.52452,37.61516,37.70745,37.801500000000004,37.8972,37.99466,38.09377,38.19464000000001,38.297270000000005,38.40166000000001,38.5077,38.6155,38.72506,38.83638,38.94935,39.064080000000004,39.18068,39.29882,39.41883,39.5406,39.66402,39.7892,39.91614,40.04473,40.17519,40.307300000000005,40.44106000000001,40.576690000000006,40.71397,40.852900000000005,40.993590000000005,41.13604,41.28014,41.42589,41.5734,41.72256,41.87337,42.025830000000006,42.18005
30.86281,30.715410000000006,30.57186,30.43249,30.29708,30.165960000000002,30.03913,29.916590000000003,29.798560000000002,29.68504,29.576140000000002,29.471860000000003,29.372310000000002,29.277490000000004,29.18751,29.102370000000004,29.02229,28.94705,28.87676,28.81153,28.751250000000002,28.69603,28.645870000000002,28.60066,28.5604,28.5252,28.49495,28.469540000000002,28.448970000000003,28.433240000000005,28.422240000000002,28.415860000000002,28.4141,28.416850000000004,28.424000000000003,28.435440000000003,28.45117,28.47097,28.49484,28.522560000000002,28.554020000000005,28.589110000000005,28.627830000000003,28.669850000000004,28.715170000000004,28.763570000000005,28.815050000000003,28.869280000000003,28.926260000000003,28.98588,29.04792,29.112380000000005,29.17893,29.247570000000003,29.318080000000002,29.39046,29.464490000000005,29.539950000000005,29.61695,29.69516,29.774690000000003,29.8551,29.93661,30.018890000000003,30.101830000000003,30.185540000000003,30.269690000000004,30.354280000000003,30.439200000000003,30.524340000000002,30.60959,30.694950000000002,30.78031,30.865560000000002,30.950700000000005,31.035510000000002,31.119990000000005,31.204140000000002,31.287850000000002,31.371010000000005,31.453510000000005,31.535460000000004,31.616750000000003,31.697380000000003,31.777130000000003,31.856000000000005,31.9341,32.01132,32.08744,32.16268,32.23693,32.310080000000006,32.38224,32.453190000000006,32.52304,32.59179,32.659330000000004,32.725770000000004,32.790890000000005,32.854910000000004,32.91761,32.9791,33.03938,33.09845000000001,33.156200000000005,33.212740000000004,33.26796,33.32197,33.37477,33.42625,33.47652,33.52558,33.57343,33.620070000000005,33.6655,33.709720000000004,33.752840000000006,33.79475,33.83567,33.87538,33.913990000000005,33.95161,33.98813,34.02366,34.0582,34.091860000000004,34.12453000000001,34.15632,34.18723,34.21737,34.24663,34.27523000000001,34.30295,34.33012,34.35663,34.38248,34.40778,34.43264,34.45684000000001,34.48071,34.50414,34.527240000000006,34.55001,34.57245,34.59467,34.61678,34.638670000000005,34.660450000000004,34.682230000000004,34.704010000000004,34.72579,34.74757,34.76957,34.79168,34.81412,34.836780000000005,34.859660000000005,34.88298,34.90663,34.93072,34.95536,34.98044,35.00607,35.032360000000004,35.05931,35.086920000000006,35.1153,35.14434000000001,35.174260000000004,35.20506000000001,35.23663,35.26919,35.30274000000001,35.33717,35.3727,35.40922,35.44684000000001,35.48556,35.525380000000006,35.566520000000004,35.608760000000004,35.652210000000004,35.696870000000004,35.74285,35.79015,35.838770000000004,35.88882,35.94019,35.99288,36.047000000000004,36.10255000000001,36.15964,36.218160000000005,36.278110000000005,36.339600000000004,36.40263,36.46709,36.53320000000001,36.60085,36.67004,36.74088,36.81326,36.88729000000001,36.96297,37.04019,37.119170000000004,37.199690000000004,37.28197,37.365790000000004,37.451370000000004,37.53871,37.62759,37.71823,37.81063,37.90468,38.000490000000006,38.098060000000004,38.197280000000006,38.298260000000006,38.400999999999996,38.505390000000006,38.611650000000004,38.71956,38.82934,38.94077,39.053960000000004,39.168910000000004,39.28562,39.404090000000004,39.52443,39.646420000000006,39.77017,39.89568,40.02295000000001,40.15198000000001,40.28277,40.41532,40.54952,40.685590000000005,40.82331,40.962790000000005,41.10403,41.24703000000001,41.39168,41.53809,41.686150000000005,41.83597,41.98744000000001,42.14067
30.742250000000006,30.59254,30.44668,30.305000000000003,30.167500000000004,30.034290000000002,29.90537,29.78096,29.661060000000003,29.54578,29.43512,29.329300000000003,29.228210000000004,29.13218,29.04099,28.954750000000004,28.87368,28.797560000000004,28.726610000000004,28.66083,28.60022,28.544780000000003,28.494510000000002,28.4493,28.409370000000003,28.374500000000005,28.344690000000003,28.319940000000003,28.300250000000002,28.285510000000002,28.275610000000004,28.27044,28.270110000000003,28.274400000000004,28.2832,28.29651,28.314110000000003,28.33589,28.361850000000004,28.391770000000005,28.42565,28.463160000000002,28.504300000000004,28.54885,28.59681,28.647960000000005,28.70219,28.75917,28.819120000000005,28.881600000000002,28.946500000000004,29.013820000000003,29.08334,29.154950000000003,29.228430000000003,29.303780000000003,29.380670000000006,29.459210000000002,29.53918,29.620360000000005,29.702640000000002,29.78602,29.870390000000004,29.95553,30.041330000000006,30.12768,30.21458,30.301920000000003,30.389480000000002,30.477260000000005,30.565150000000003,30.65315,30.74104,30.82871,30.91627,31.003500000000003,31.090290000000003,31.176750000000006,31.262660000000004,31.34802,31.432830000000003,31.516870000000004,31.600250000000003,31.682860000000005,31.7647,31.845550000000003,31.92563,32.00461,32.082710000000006,32.15982,32.23583,32.31074,32.384550000000004,32.45726,32.528760000000005,32.599160000000005,32.668240000000004,32.73622,32.80288,32.86833,32.932570000000005,32.9956,33.0572,33.1177,33.17677,33.23463,33.29128,33.346610000000005,33.40062,33.45342,33.5049,33.555170000000004,33.60423,33.652080000000005,33.69861,33.744040000000005,33.78826,33.83127,33.873180000000005,33.913990000000005,33.953700000000005,33.99231,34.02982,34.066340000000004,34.101870000000005,34.136410000000005,34.17007,34.20274,34.23453,34.265550000000005,34.29569,34.32506,34.353660000000005,34.381600000000006,34.40888,34.435500000000005,34.46146,34.48698,34.511950000000006,34.536370000000005,34.560460000000006,34.58411,34.60743,34.63042,34.65319,34.675740000000005,34.69807,34.720290000000006,34.7424,34.76451,34.78662,34.808730000000004,34.83095,34.853280000000005,34.87583,34.8986,34.9217,34.94502,34.96867,34.992760000000004,35.01729,35.042370000000005,35.06789,35.09396,35.12069,35.14797,35.17602,35.20484,35.234320000000004,35.264570000000006,35.29581,35.32782,35.36071,35.39459000000001,35.42935000000001,35.465210000000006,35.50206,35.54001,35.579060000000005,35.61932,35.66057000000001,35.703140000000005,35.74681,35.7918,35.838,35.88552,35.934360000000005,35.98452,36.03611000000001,36.089020000000005,36.14325,36.199020000000004,36.25611,36.31474,36.3748,36.436400000000006,36.499430000000004,36.56411,36.63022,36.69798000000001,36.76717000000001,36.838010000000004,36.910500000000006,36.98453000000001,37.060210000000005,37.13754000000001,37.21652,37.29704,37.37932000000001,37.46325,37.54894,37.63617000000001,37.72527,37.81591000000001,37.90842000000001,38.00247,38.09839,38.196070000000006,38.2954,38.39649000000001,38.499340000000004,38.60395,38.71032,38.81845,38.92845,39.0401,39.153620000000004,39.26879,39.385830000000006,39.504630000000006,39.62519,39.74751,39.871700000000004,39.99765,40.12536000000001,40.254830000000005,40.38606,40.51905000000001,40.65391,40.790420000000005,40.9288,41.06883,41.210730000000005,41.35428,41.4997,41.646770000000004,41.79560000000001,41.94608000000001,42.09832
30.615310000000004,30.463070000000002,30.314900000000005,30.170800000000003,30.03088,29.895470000000003,29.76435,29.637850000000004,29.51586,29.39871,29.28629,29.178710000000002,29.076190000000004,28.978620000000003,28.886110000000002,28.798770000000005,28.71649,28.639600000000005,28.567880000000002,28.50155,28.440500000000004,28.384730000000005,28.334350000000004,28.289250000000003,28.249430000000004,28.215,28.185740000000003,28.161650000000005,28.14284,28.12909,28.120400000000004,28.116660000000003,28.11776,28.123590000000004,28.13426,28.149330000000003,28.169020000000003,28.193,28.22116,28.253500000000003,28.289800000000003,28.329840000000004,28.373620000000003,28.420920000000002,28.471740000000004,28.525640000000003,28.582730000000005,28.642790000000005,28.705710000000003,28.771160000000002,28.839250000000003,28.909650000000003,28.982250000000004,29.056940000000004,29.13361,29.212040000000002,29.292120000000004,29.37374,29.45679,29.541050000000002,29.626520000000003,29.712870000000002,29.800210000000003,29.88832,29.97709,30.066410000000005,30.156170000000003,30.246370000000002,30.336680000000005,30.42732,30.517850000000003,30.608490000000003,30.699020000000004,30.789220000000004,30.87931,30.969070000000002,31.058280000000003,31.147160000000003,31.235380000000003,31.323050000000002,31.410170000000004,31.49641,31.58199,31.666690000000003,31.750510000000002,31.833560000000002,31.91551,31.996580000000005,32.076550000000005,32.15542,32.23330000000001,32.310080000000006,32.385650000000005,32.460010000000004,32.53327,32.60521000000001,32.676050000000004,32.74557,32.813770000000005,32.88076,32.94654,33.011,33.07403,33.135960000000004,33.19646,33.25564,33.313610000000004,33.37026,33.42559000000001,33.479600000000005,33.5324,33.58388,33.63404,33.682990000000004,33.73084,33.777260000000005,33.82258,33.866800000000005,33.90970000000001,33.95161,33.99231,34.03191,34.07041,34.10792000000001,34.144330000000004,34.179860000000005,34.214400000000005,34.24795,34.280620000000006,34.31241000000001,34.343430000000005,34.37357,34.40294,34.431650000000005,34.45959,34.48687,34.513600000000004,34.53967,34.5653,34.59038,34.61502,34.63922,34.662980000000005,34.68652,34.70973000000001,34.73272,34.75538,34.778040000000004,34.80048,34.822810000000004,34.84525,34.867580000000004,34.89002,34.91257,34.935230000000004,34.958000000000006,34.9811,35.00453,35.028180000000006,35.05216,35.07658,35.101440000000004,35.126850000000005,35.1527,35.179100000000005,35.206160000000004,35.23388,35.262150000000005,35.2913,35.321110000000004,35.351690000000005,35.38315,35.415490000000005,35.448710000000005,35.48281000000001,35.517900000000004,35.55398000000001,35.59116000000001,35.62933000000001,35.668600000000005,35.70897,35.750550000000004,35.79323,35.837120000000006,35.88222,35.92864,35.97627000000001,36.025220000000004,36.07549000000001,36.127190000000006,36.18021,36.234550000000006,36.29032,36.34752,36.40626,36.46632,36.52792,36.591060000000006,36.65574,36.72185,36.789609999999996,36.85891,36.92975,37.00224,37.07627,37.152060000000006,37.22939000000001,37.308260000000004,37.38889,37.47128,37.55521,37.6409,37.72824000000001,37.81734,37.90809,38.000710000000005,38.09487000000001,38.190900000000006,38.28869,38.38824,38.48944,38.592510000000004,38.697340000000004,38.80393,38.91239,39.02250000000001,39.13448,39.24833,39.36383,39.48120000000001,39.60044,39.72144,39.84420000000001,39.96883,40.095220000000005,40.22337,40.353390000000005,40.48528,40.61882000000001,40.75423000000001,40.891510000000004,41.030440000000006,41.171240000000004,41.3138,41.45812,41.604200000000006,41.75204000000001,41.90175000000001,42.053110000000004
30.4821,30.32711,30.1763,30.029670000000003,29.887330000000002,29.749390000000002,29.61596,29.487260000000003,29.363180000000003,29.243940000000002,29.129540000000002,29.020200000000003,28.91592,28.81681,28.72287,28.63421,28.550940000000004,28.47295,28.400460000000002,28.333470000000002,28.27187,28.215880000000002,28.165280000000003,28.12018,28.08069,28.046590000000002,28.01788,27.994560000000003,27.97663,27.963980000000003,27.956500000000002,27.954190000000004,27.95683,27.964420000000004,27.976960000000002,27.994120000000002,28.015900000000002,28.042080000000002,28.072770000000006,28.10753,28.14636,28.18926,28.23579,28.286060000000003,28.339740000000003,28.396720000000002,28.456890000000005,28.520030000000002,28.586140000000004,28.65489,28.72617,28.799760000000003,28.87566,28.953760000000003,29.033620000000003,29.11535,29.19873,29.283650000000005,29.36989,29.45745,29.546110000000002,29.635760000000005,29.726180000000003,29.817370000000004,29.909220000000005,30.001620000000003,30.09446,30.187520000000003,30.2808,30.3743,30.467690000000005,30.561080000000004,30.65425,30.747310000000002,30.839930000000003,30.932220000000004,31.024070000000005,31.115370000000002,31.206120000000002,31.296210000000002,31.385530000000003,31.474080000000004,31.561860000000003,31.648760000000003,31.73478,31.81981,31.90396,31.986900000000002,32.068850000000005,32.1497,32.22945,32.307990000000004,32.38543,32.46155,32.536570000000005,32.61027000000001,32.68265,32.753820000000005,32.82367,32.8922,32.959410000000005,33.0253,33.089980000000004,33.15323,33.215160000000004,33.27577,33.334950000000006,33.392920000000004,33.44957,33.50479,33.558800000000005,33.61149,33.66297,33.71313,33.76197,33.8096,33.85602,33.90123,33.94523,33.98813,34.02982,34.07041,34.1099,34.1484,34.18569,34.222100000000005,34.25752,34.29195,34.32539,34.35806,34.38974,34.42065,34.450790000000005,34.480160000000005,34.50887,34.53681,34.56420000000001,34.59093,34.617000000000004,34.64274,34.667820000000006,34.69257,34.71688,34.740750000000006,34.7644,34.78772,34.81082,34.83370000000001,34.85647,34.87913,34.90168,34.92423,34.946780000000004,34.969440000000006,34.99221,35.01509,35.03819000000001,35.06151,35.08505,35.109030000000004,35.133230000000005,35.15787,35.183060000000005,35.208580000000005,35.23476,35.26138,35.28866,35.31660000000001,35.3452,35.374460000000006,35.4046,35.4354,35.46708,35.49953000000001,35.532970000000006,35.56729,35.6026,35.63890000000001,35.676080000000006,35.714470000000006,35.75385000000001,35.79444,35.836020000000005,35.87881,35.922810000000005,35.96813000000001,36.01455,36.062290000000004,36.11124,36.161620000000006,36.21332,36.26634000000001,36.32068,36.376560000000005,36.43376000000001,36.4925,36.55256,36.614270000000005,36.67730000000001,36.741980000000005,36.80809,36.87585,36.945150000000005,37.01599,37.088480000000004,37.162510000000005,37.2383,37.31563,37.39461000000001,37.47524,37.55763000000001,37.641670000000005,37.727360000000004,37.81481,37.90402,37.99488,38.087500000000006,38.181990000000006,38.27813,38.37603000000001,38.47580000000001,38.577220000000004,38.68051,38.78567,38.892480000000006,39.001270000000005,39.11171,39.22413,39.3382,39.45425,39.57206000000001,39.69163,39.81318000000001,39.936490000000006,40.06156000000001,40.1885,40.31731,40.44799,40.58043000000001,40.71474,40.85081,40.98875,41.12845,41.27002,41.41335,41.558550000000004,41.705510000000004,41.85423000000001,42.00482
30.3424,30.18466,30.03099,29.881610000000002,29.73663,29.59616,29.460310000000003,29.329080000000005,29.2028,29.08125,28.964870000000005,28.853550000000002,28.747400000000003,28.64664,28.551160000000003,28.461180000000002,28.376590000000004,28.297610000000002,28.22424,28.156480000000006,28.094440000000006,28.038010000000003,27.987300000000005,27.942200000000003,27.90293,27.86916,27.84111,27.81856,27.801620000000003,27.790070000000004,27.783910000000002,27.783030000000004,27.78732,27.796780000000002,27.811190000000003,27.830550000000002,27.85453,27.883240000000004,27.91635,27.953860000000002,27.995440000000002,28.041200000000003,28.090700000000002,28.14394,28.200810000000004,28.260980000000004,28.324450000000002,28.390890000000002,28.460300000000004,28.532460000000004,28.60715,28.684260000000002,28.763680000000004,28.845080000000003,28.928570000000004,29.013710000000003,29.100610000000003,29.188940000000002,29.278590000000005,29.369560000000003,29.461520000000004,29.554470000000002,29.648300000000003,29.742790000000003,29.83794,29.93342,30.02934,30.125590000000003,30.22195,30.318310000000004,30.41478,30.511030000000005,30.607060000000004,30.70287,30.798240000000003,30.893170000000005,30.98766,31.081490000000002,31.174770000000002,31.267280000000003,31.35902,31.449990000000003,31.54008,31.629290000000005,31.71751,31.804630000000003,31.890870000000003,31.975900000000003,32.059940000000005,32.142770000000006,32.22439,32.3048,32.38400000000001,32.46199,32.53877,32.61412,32.68826,32.76108000000001,32.83247,32.90265,32.9714,33.038830000000004,33.10483000000001,33.16951,33.232870000000005,33.2948,33.355410000000006,33.4147,33.47267,33.529210000000006,33.584430000000005,33.63833,33.69091,33.74217,33.79222,33.84095000000001,33.888470000000005,33.93478,33.97977,34.02366,34.066340000000004,34.10792000000001,34.1484,34.187670000000004,34.225950000000005,34.26324,34.29943,34.334630000000004,34.36895,34.402390000000004,34.43484,34.46652,34.49732,34.527350000000006,34.55672,34.58532,34.613260000000004,34.64054,34.66727,34.693340000000006,34.71897,34.74416,34.768910000000005,34.79322,34.81720000000001,34.84085,34.86428,34.88749000000001,34.91037,34.93325,34.95602,34.978680000000004,35.001340000000006,35.02411,35.04688,35.06976,35.09275,35.11596,35.139500000000005,35.16326,35.18724,35.21177,35.236520000000006,35.26182,35.28756,35.31385,35.34069,35.36808,35.39613000000001,35.42495000000001,35.45432,35.48457,35.515480000000004,35.547270000000005,35.57994,35.61338,35.64781,35.68323000000001,35.71953,35.756930000000004,35.795320000000004,35.834810000000004,35.87529000000001,35.91709,35.959880000000005,36.00388,36.0492,36.095620000000004,36.14336,36.192420000000006,36.24269,36.29439000000001,36.347300000000004,36.40175000000001,36.45752,36.514720000000004,36.573350000000005,36.63352,36.69501,36.75815,36.822720000000004,36.888830000000006,36.95659,37.025890000000004,37.09673,37.16911,37.24325,37.31893,37.396260000000005,37.475350000000006,37.556090000000005,37.63848,37.72252,37.80832,37.895880000000005,37.9852,38.076280000000004,38.16912,38.26361,38.36008,38.458200000000005,38.55819,38.659940000000006,38.763450000000006,38.86894,38.97619,39.0852,39.19608000000001,39.30894,39.42345,39.53994,39.6583,39.778420000000004,39.90052000000001,40.02438000000001,40.150110000000005,40.277710000000006,40.407180000000004,40.538520000000005,40.671730000000004,40.80681,40.943650000000005,41.08247000000001,41.22305,41.3655,41.509710000000005,41.655789999999996,41.803740000000005,41.953450000000004
30.196430000000003,30.03572,29.879080000000002,29.726840000000003,29.579000000000004,29.43578,29.297180000000004,29.163420000000002,29.03461,28.91086,28.792170000000002,28.678760000000004,28.570740000000004,28.46811,28.37098,28.279460000000004,28.193550000000005,28.113470000000003,28.039110000000004,27.970580000000005,27.907880000000002,27.851010000000002,27.80019,27.755090000000003,27.715930000000004,27.682600000000004,27.655210000000004,27.633430000000004,27.61748,27.60714,27.602300000000003,27.60307,27.60912,27.62045,27.63706,27.658620000000003,27.68502,27.716260000000002,27.752010000000002,27.79238,27.836930000000002,27.88566,27.93835,27.994780000000002,28.05495,28.118530000000003,28.185410000000005,28.25537,28.328300000000002,28.40409,28.48241,28.563150000000004,28.64609,28.73123,28.818350000000002,28.907120000000003,28.99765,29.089610000000004,29.182890000000004,29.27738,29.372860000000003,29.46933,29.566570000000002,29.664580000000004,29.763030000000004,29.861920000000005,29.961140000000004,30.060470000000002,30.16002,30.259570000000004,30.35901,30.45823,30.55723,30.655900000000003,30.754130000000004,30.851920000000003,30.949050000000003,31.04563,31.141440000000003,31.23648,31.330750000000005,31.42414,31.516650000000002,31.608060000000002,31.698590000000003,31.788020000000003,31.876350000000002,31.963580000000004,32.049600000000005,32.13441,32.21801000000001,32.3004,32.38147,32.461330000000004,32.53976,32.616980000000005,32.69277,32.76724,32.840390000000006,32.912000000000006,32.982400000000005,33.051260000000006,33.1188,33.18502,33.249700000000004,33.31306000000001,33.3751,33.4356,33.494780000000006,33.552640000000004,33.60907,33.66418,33.71797,33.77044,33.82159,33.87142,33.91993,33.96734,34.01332,34.0582,34.101870000000005,34.144330000000004,34.18569,34.225950000000005,34.26511,34.30317,34.34024,34.37621,34.411300000000004,34.4454,34.47862000000001,34.510960000000004,34.542530000000006,34.57322,34.60314,34.63229,34.66078,34.688610000000004,34.71578,34.7424,34.76847,34.7941,34.81918,34.84393000000001,34.86824,34.89211,34.91576,34.93919,34.9624,34.98539,35.00827,35.031040000000004,35.053810000000006,35.07647,35.09924,35.12201,35.145,35.1681,35.19142,35.21496,35.23872000000001,35.26292000000001,35.28734,35.312310000000004,35.337610000000005,35.36346,35.38975,35.416700000000006,35.4442,35.47225,35.50107,35.530550000000005,35.56080000000001,35.591820000000006,35.623610000000006,35.65628,35.68983000000001,35.72426,35.759570000000004,35.79598000000001,35.83327,35.87166,35.911150000000006,35.95174,35.993320000000004,36.03611000000001,36.080110000000005,36.12532,36.17174000000001,36.21937,36.26832000000001,36.31859,36.370180000000005,36.42309,36.47743,36.53320000000001,36.59029,36.648810000000005,36.70887,36.77047,36.83339000000001,36.89796,36.96407000000001,37.03172,37.101020000000005,37.17175,37.244240000000005,37.318270000000005,37.39406,37.47139000000001,37.55048000000001,37.63133,37.71372000000001,37.79798,37.88389000000001,37.97156,38.060990000000004,38.15229000000001,38.24524,38.34006,38.43675,38.535090000000004,38.63541000000001,38.73749,38.841440000000006,38.94726,39.05484,39.1644,39.275830000000006,39.38902,39.50419,39.621230000000004,39.740140000000004,39.86092000000001,39.98357000000001,40.108200000000004,40.234590000000004,40.36296000000001,40.4932,40.62531,40.75940000000001,40.895250000000004,41.03308,41.17267,41.314240000000005,41.45768,41.60288,41.749950000000005,41.89889
30.04419,29.88018,29.720460000000003,29.565140000000003,29.414330000000003,29.26814,29.12668,28.990170000000003,28.85872,28.732440000000004,28.61144,28.495720000000002,28.385610000000003,28.281000000000002,28.18211,28.08894,28.001710000000003,27.920310000000004,27.844850000000005,27.77544,27.712190000000003,27.654880000000002,27.603730000000002,27.558740000000004,27.519690000000004,27.486800000000002,27.459960000000002,27.439060000000005,27.424210000000002,27.41508,27.41178,27.41409,27.42201,27.43543,27.454240000000002,27.47811,27.507150000000003,27.54103,27.579750000000004,27.622980000000002,27.670610000000003,27.722530000000003,27.77852,27.838470000000004,27.902160000000002,27.969260000000002,28.039770000000004,28.113470000000003,28.190140000000003,28.26967,28.351730000000003,28.436320000000002,28.523220000000002,28.6121,28.70307,28.795690000000004,28.889960000000002,28.985770000000002,29.082790000000003,29.18102,29.280240000000003,29.38034,29.481210000000004,29.58263,29.684600000000003,29.787010000000002,29.889640000000004,29.99238,30.095230000000004,30.19797,30.300600000000003,30.403010000000002,30.505090000000003,30.606730000000002,30.70782,30.808470000000003,30.908460000000005,31.007680000000004,31.106240000000003,31.203920000000004,31.300720000000005,31.396640000000005,31.49157,31.5854,31.678240000000002,31.76998,31.86051,31.949830000000002,32.03794,32.124950000000005,32.21053,32.294900000000005,32.377840000000006,32.45957000000001,32.53987000000001,32.61885,32.696400000000004,32.77252,32.847210000000004,32.92058,32.99241,33.062920000000005,33.132000000000005,33.199540000000006,33.26576,33.33044,33.393800000000006,33.45573,33.51623,33.575300000000006,33.63294,33.689260000000004,33.744150000000005,33.797830000000005,33.850080000000005,33.90101,33.95062,33.99891,34.04599,34.091860000000004,34.136410000000005,34.179860000000005,34.222100000000005,34.26324,34.30317,34.34211,34.37995,34.41669,34.45255,34.48731,34.521300000000004,34.554190000000006,34.586420000000004,34.61766,34.64813,34.67794000000001,34.70687,34.73525,34.76286,34.78992,34.816430000000004,34.84239,34.8678,34.892770000000006,34.917410000000004,34.941610000000004,34.96548,34.989020000000004,35.01234,35.03544,35.05843,35.0812,35.103970000000004,35.12663,35.1494,35.17206,35.19483,35.21782,35.24092,35.26413000000001,35.287670000000006,35.31143000000001,35.33563,35.36005,35.385020000000004,35.410320000000006,35.43606,35.46246,35.4893,35.516799999999996,35.544850000000004,35.57356,35.60304,35.63318,35.6642,35.69599,35.728550000000006,35.761990000000004,35.79631,35.83162,35.867920000000005,35.905210000000004,35.943490000000004,35.982870000000005,36.02324,36.064820000000005,36.10750000000001,36.15139,36.196490000000004,36.2428,36.29032,36.33916000000001,36.389320000000005,36.4408,36.49360000000001,36.547720000000005,36.60338,36.66036,36.718880000000006,36.77883,36.840210000000006,36.90313,36.9677,37.0337,37.101240000000004,37.17043,37.24127,37.31376,37.38779,37.46358,37.54102,37.620110000000004,37.70096,37.783570000000005,37.867940000000004,37.95396,38.041850000000004,38.1315,38.222910000000006,38.316190000000006,38.41134000000001,38.508250000000004,38.60703,38.70757,38.81009,38.914480000000005,39.02074,39.128870000000006,39.238870000000006,39.35085,39.46470000000001,39.580420000000004,39.69812,39.81769,39.939130000000006,40.06255,40.18795000000001,40.315220000000004,40.44436,40.575480000000006,40.708470000000005,40.84344000000001,40.98028000000001,41.1191,41.25968,41.40224,41.54678,41.69308,41.84125
29.885680000000004,29.718260000000004,29.555130000000005,29.396510000000003,29.242510000000003,29.09324,28.94881,28.809330000000003,28.675130000000003,28.546100000000003,28.42246,28.304430000000004,28.192010000000003,28.085310000000003,27.984550000000002,27.88962,27.80085,27.718130000000002,27.64157,27.571170000000002,27.507150000000003,27.449400000000004,27.398030000000002,27.35293,27.314100000000003,27.281650000000003,27.255470000000003,27.23545,27.221590000000003,27.21378,27.212020000000003,27.216090000000005,27.225990000000003,27.24161,27.262620000000002,27.28913,27.32081,27.357550000000003,27.399240000000002,27.445660000000004,27.49659,27.551920000000003,27.611430000000002,27.6749,27.74222,27.813170000000003,27.88753,27.96508,28.04571,28.1292,28.215330000000005,28.30388,28.394740000000002,28.48769,28.582620000000002,28.67931,28.77765,28.87731,28.978290000000005,29.080480000000005,29.183550000000004,29.2875,29.392110000000002,29.49727,29.602870000000003,29.70891,29.815060000000003,29.92132,30.02758,30.133620000000004,30.239550000000005,30.345150000000004,30.450420000000005,30.55514,30.65931,30.762930000000004,30.86578,30.96786,31.069170000000003,31.169600000000003,31.269040000000004,31.36749,31.464950000000005,31.561200000000003,31.656460000000003,31.750510000000002,31.84324,31.934870000000004,32.025180000000006,32.11417,32.201840000000004,32.28819000000001,32.37322,32.45671,32.538880000000006,32.619620000000005,32.698930000000004,32.776810000000005,32.85326,32.92817,33.001650000000005,33.0737,33.14421,33.21329,33.28094,33.34705,33.411730000000006,33.47498,33.53669,33.597080000000005,33.655930000000005,33.71346,33.769560000000006,33.82434000000001,33.87769,33.929610000000004,33.980320000000006,34.02971,34.077670000000005,34.12453000000001,34.17007,34.214400000000005,34.25752,34.29943,34.34024,34.37995,34.41845,34.456070000000004,34.49259,34.52812,34.56266,34.596210000000006,34.62899,34.66078,34.69191,34.72216,34.75164,34.780350000000006,34.808510000000005,34.8359,34.86274,34.889030000000005,34.914770000000004,34.940070000000006,34.96482,34.98924,35.01333,35.03698000000001,35.060410000000005,35.08362,35.10661,35.129380000000005,35.15204,35.1747,35.197250000000004,35.219800000000006,35.24246000000001,35.26512,35.287890000000004,35.310880000000004,35.334089999999996,35.35752,35.381170000000004,35.40526,35.429570000000005,35.45443,35.47962,35.50536,35.53154000000001,35.55827,35.585660000000004,35.6136,35.6422,35.67157,35.701600000000006,35.732400000000005,35.76408,35.79653,35.829860000000004,35.864070000000005,35.89916,35.93524,35.97242,36.01048000000001,36.04975,36.09001000000001,36.131370000000004,36.17383,36.21761,36.26249,36.308580000000006,36.35599,36.404610000000005,36.454550000000005,36.50592,36.55861000000001,36.61262,36.668060000000004,36.72493,36.78334,36.84307,36.904450000000004,36.96726,37.03172,37.09761,37.16515,37.23434,37.30518000000001,37.37756,37.4517,37.52749000000001,37.60493,37.68424,37.76520000000001,37.84792000000001,37.93240000000001,38.01864,38.10675,38.19662000000001,38.288360000000004,38.38197,38.47734,38.574580000000005,38.67380000000001,38.77489,38.87785,38.98268,39.08949,39.198170000000005,39.30883000000001,39.42136000000001,39.53587,39.65225,39.770720000000004,39.89106,40.01338,40.137570000000004,40.263740000000006,40.392,40.522020000000005,40.65413,40.78811,40.92407,41.06201,41.201820000000005,41.34361,41.48738,41.63291,41.78042
29.72079,29.54985,29.383200000000002,29.22117,29.063650000000003,28.911080000000005,28.763460000000002,28.6209,28.483620000000005,28.351730000000003,28.225450000000002,28.104780000000005,27.98994,27.881040000000002,27.778080000000003,27.68139,27.590860000000003,27.50671,27.428940000000004,27.357550000000003,27.29276,27.234460000000002,27.182760000000002,27.137550000000005,27.098940000000002,27.066930000000003,27.0413,27.022270000000002,27.00951,27.003130000000002,27.003020000000003,27.008960000000002,27.020950000000003,27.038770000000003,27.062310000000004,27.091350000000002,27.125890000000002,27.165710000000004,27.21059,27.26031,27.314760000000003,27.373610000000003,27.43686,27.50418,27.575350000000004,27.650260000000003,27.72869,27.81031,27.895120000000002,27.982680000000002,28.073100000000004,28.165830000000003,28.260980000000004,28.358110000000003,28.457330000000002,28.558200000000003,28.660610000000002,28.764450000000004,28.86961,28.97576,29.082900000000002,29.190810000000003,29.299380000000003,29.40839,29.51784,29.627510000000004,29.7374,29.847290000000005,29.95707,30.066630000000004,30.175970000000003,30.284980000000004,30.393440000000005,30.501350000000002,30.608710000000002,30.7153,30.821230000000003,30.926280000000002,31.030340000000002,31.133520000000004,31.235710000000005,31.336800000000004,31.436790000000002,31.535680000000003,31.633250000000004,31.72972,31.82487,31.9187,32.01121,32.1024,32.19216,32.28049,32.36750000000001,32.45297,32.53701,32.619620000000005,32.70069,32.78033,32.858430000000006,32.93499,33.01012,33.08371,33.15576,33.22627,33.29535,33.36289,33.42889,33.49346,33.556490000000004,33.61809,33.67826,33.73689,33.794200000000004,33.849970000000006,33.90442,33.957550000000005,34.00925,34.059520000000006,34.10858,34.15632,34.20274,34.24795,34.29195,34.334630000000004,34.37621,34.41669,34.456070000000004,34.494240000000005,34.531530000000004,34.56761,34.602810000000005,34.63702,34.67035,34.702690000000004,34.73426,34.764950000000006,34.79487,34.824130000000004,34.85251,34.880340000000004,34.90751,34.93413,34.96009,34.98561,35.010580000000004,35.03511,35.05931,35.08307,35.10661,35.12982,35.1527,35.175470000000004,35.198130000000006,35.22057000000001,35.24301,35.26534,35.287780000000005,35.31011,35.332660000000004,35.35521000000001,35.37809000000001,35.40108,35.42429,35.447720000000004,35.47159,35.49579000000001,35.520430000000005,35.5454,35.57092000000001,35.59688,35.6235,35.650670000000005,35.67839,35.706770000000006,35.73592000000001,35.765730000000005,35.796420000000005,35.82777000000001,35.86000000000001,35.89311,35.9271,35.96197000000001,35.99783,36.03468,36.072630000000004,36.11157,36.15161,36.192750000000004,36.23499,36.27855,36.32321,36.369080000000004,36.416270000000004,36.464670000000005,36.51439,36.56554,36.61801,36.67191,36.72713,36.78389000000001,36.84208,36.901810000000005,36.96297,37.025670000000005,37.09002000000001,37.155910000000006,37.22345000000001,37.29253,37.36337,37.43575,37.510000000000005,37.58579,37.663450000000005,37.742760000000004,37.82383,37.90677000000001,37.99147000000001,38.07793000000001,38.16626,38.25646,38.348530000000004,38.44247,38.53828,38.636070000000004,38.735620000000004,38.83726000000001,38.94077,39.04615,39.15351,39.26285,39.37417,39.48747,39.60275,39.72001,39.83914,39.96036,40.08356,40.208740000000006,40.3359,40.46504,40.596270000000004,40.72937,40.864450000000005,41.00151,41.14066,41.28168,41.42457000000001,41.56955000000001,41.7164
29.54985,29.37506,29.204670000000004,29.0389,28.877860000000002,28.721660000000004,28.57063,28.42477,28.2843,28.149330000000003,28.02008,27.896660000000004,27.779290000000003,27.66797,27.56281,27.464030000000005,27.371740000000003,27.28605,27.206850000000003,27.134470000000004,27.068690000000004,27.009840000000004,26.957700000000003,26.912490000000005,26.874100000000002,26.842420000000004,26.817560000000004,26.79941,26.78797,26.78302,26.784560000000003,26.79248,26.80656,26.826800000000006,26.852980000000002,26.884880000000003,26.922390000000004,26.965400000000002,27.01358,27.066820000000003,27.1249,27.187600000000003,27.254810000000003,27.32609,27.40144,27.48053,27.563140000000004,27.649160000000002,27.73826,27.830330000000004,27.92504,28.022280000000002,28.121720000000003,28.22336,28.326980000000002,28.432250000000003,28.539060000000003,28.647190000000002,28.75664,28.86708,28.978400000000004,29.09038,29.203020000000002,29.31621,29.429620000000003,29.54314,29.65688,29.770400000000002,29.883920000000003,29.997110000000003,30.10997,30.222390000000004,30.33426,30.445470000000004,30.55602,30.6658,30.774810000000002,30.882830000000002,30.98986,31.0959,31.200840000000003,31.30468,31.407310000000003,31.508730000000003,31.60883,31.707720000000002,31.80518,31.901430000000005,31.99614,32.08953,32.181380000000004,32.271910000000005,32.36079,32.448350000000005,32.53426,32.61874,32.701570000000004,32.782970000000006,32.86272,32.94104,33.01771,33.09284,33.16643,33.23848,33.30899,33.37785,33.445280000000004,33.51117,33.575520000000004,33.63833,33.69971,33.759660000000004,33.81796000000001,33.87494,33.930490000000006,33.98461,34.0373,34.08856,34.13861,34.18723,34.23453,34.280620000000006,34.32539,34.36895,34.411300000000004,34.45255,34.49259,34.531530000000004,34.56926,34.60611,34.64186,34.67662,34.7105,34.743390000000005,34.775400000000005,34.80653,34.836890000000004,34.86637,34.89519,34.92335,34.95074,34.97758,35.00376,35.0295,35.05458,35.079330000000006,35.10353,35.1274,35.150830000000006,35.174040000000005,35.19692,35.21958000000001,35.242020000000004,35.26435000000001,35.28657,35.30868,35.33079,35.352900000000005,35.37501,35.39723,35.41956,35.44211000000001,35.46477,35.48776,35.51097,35.534510000000004,35.55849,35.5828,35.60755,35.632740000000005,35.658480000000004,35.68477,35.71161,35.739000000000004,35.767160000000004,35.79598000000001,35.825570000000006,35.85582000000001,35.88695,35.918850000000006,35.95163000000001,35.985290000000006,36.01994,36.05547000000001,36.0921,36.12972,36.168330000000005,36.208040000000004,36.248960000000004,36.290870000000005,36.3341,36.37854,36.424080000000004,36.471050000000005,36.51923000000001,36.56873000000001,36.619550000000004,36.671800000000005,36.725480000000005,36.780590000000004,36.83713000000001,36.895210000000006,36.95472,37.01577,37.07847,37.1426,37.20849,37.275920000000006,37.345110000000005,37.41584,37.488330000000005,37.56258,37.63859000000001,37.71625,37.79578,37.87707,37.96012,38.04515000000001,38.13194,38.220600000000005,38.31113,38.40364,38.49802,38.59427000000001,38.6925,38.79271000000001,38.89479,38.998960000000004,39.105,39.21313,39.323130000000006,39.43522,39.54929,39.66545,39.783590000000004,39.903710000000004,40.02581,40.150000000000006,40.27628000000001,40.404540000000004,40.534780000000005,40.667,40.80131000000001,40.9376,41.07587000000001,41.21623,41.35857000000001,41.50278,41.649080000000005
29.372640000000004,29.193890000000003,29.019540000000003,28.84981,28.684920000000005,28.525090000000002,28.370320000000003,28.220940000000002,28.077060000000003,27.938900000000004,27.806460000000005,27.68018,27.559950000000004,27.445990000000002,27.338520000000003,27.237650000000006,27.14338,27.05593,26.9753,26.90171,26.83505,26.775430000000004,26.722960000000004,26.677640000000004,26.639360000000003,26.608120000000003,26.583920000000003,26.566760000000002,26.556530000000002,26.55312,26.556530000000002,26.56643,26.58282,26.605590000000003,26.634520000000002,26.669500000000003,26.710200000000004,26.756510000000002,26.808320000000005,26.8653,26.92723,26.99389,27.065170000000002,27.140740000000005,27.220380000000002,27.303870000000003,27.390990000000002,27.481520000000003,27.575240000000004,27.67182,27.77126,27.873120000000004,27.977290000000004,28.083550000000002,28.19168,28.30157,28.413,28.525640000000003,28.639490000000006,28.754440000000002,28.870050000000003,28.986430000000002,29.103360000000002,29.22062,29.3381,29.4558,29.57339,29.690870000000004,29.808130000000002,29.925060000000002,30.041550000000004,30.157600000000002,30.272880000000004,30.387610000000002,30.50146,30.614430000000002,30.72652,30.83762,30.947730000000004,31.056630000000002,31.164430000000003,31.271020000000004,31.376400000000004,31.480460000000004,31.5832,31.68451,31.7845,31.882950000000005,31.980080000000005,32.07567,32.169720000000005,32.26223,32.35331,32.44274,32.53063,32.616980000000005,32.70168,32.78484,32.866350000000004,32.94632,33.024640000000005,33.10131,33.17644,33.25003,33.32197,33.39226,33.46101,33.528220000000005,33.59389,33.65802,33.7205,33.78155,33.841060000000006,33.89914,33.95579,34.01090000000001,34.06458000000001,34.11683,34.16776,34.21737,34.265550000000005,34.31241000000001,34.35806,34.402390000000004,34.4454,34.48731,34.52812,34.56761,34.60611,34.64351,34.67981,34.715120000000006,34.74944,34.78277,34.815220000000004,34.84679,34.877480000000006,34.9074,34.936440000000005,34.96482,34.99254,35.019600000000004,35.046,35.071740000000005,35.09704000000001,35.121790000000004,35.145990000000005,35.16986,35.193290000000005,35.21639,35.239270000000005,35.26171,35.284040000000005,35.30615,35.32804,35.34982000000001,35.3716,35.39338000000001,35.41505000000001,35.43683,35.45872,35.480720000000005,35.50283,35.52516000000001,35.54782000000001,35.57059,35.5938,35.61734,35.64132000000001,35.66574000000001,35.6906,35.715900000000005,35.74175,35.76826,35.79543,35.82315,35.851530000000004,35.88079,35.91071,35.9414,35.972970000000004,36.00531000000001,36.03864,36.07285,36.10805,36.14424,36.18153,36.21981000000001,36.259190000000004,36.29967,36.34136,36.384260000000005,36.42826,36.473580000000005,36.52022000000001,36.56807,36.61735,36.667950000000005,36.71998,36.77333000000001,36.82822000000001,36.88465000000001,36.942510000000006,37.00191,37.062850000000005,37.125330000000005,37.18957,37.25535,37.32278,37.39186000000001,37.462700000000005,37.5353,37.609660000000005,37.68567000000001,37.76355,37.8433,37.92481,38.008190000000006,38.09344000000001,38.18067,38.26966,38.36063,38.45358,38.5484,38.64531,38.74409,38.84496000000001,38.9477,39.052530000000004,39.15934000000001,39.268240000000006,39.37912,39.49209,39.607040000000005,39.72408,39.843210000000006,39.96443,40.087630000000004,40.212920000000004,40.34019,40.46966,40.601110000000006,40.73454,40.87017,41.007780000000004,41.14737,41.28905,41.43271,41.57846000000001
29.18938,29.00634,28.827810000000003,28.6539,28.48505,28.321150000000003,28.16253,28.009410000000003,27.861900000000002,27.72022,27.584590000000002,27.45501,27.331810000000004,27.215210000000003,27.1051,27.001920000000002,26.90556,26.81624,26.734070000000003,26.659160000000004,26.591510000000003,26.53112,26.478210000000004,26.43267,26.394500000000004,26.3637,26.34038,26.324210000000004,26.3153,26.31354,26.318710000000003,26.330810000000003,26.34962,26.375140000000002,26.406930000000003,26.444990000000004,26.4891,26.539040000000004,26.59448,26.65542,26.721420000000002,26.792370000000002,26.86794,26.948020000000003,27.03217,27.120390000000004,27.21224,27.3075,27.405950000000004,27.50748,27.611650000000004,27.71846,27.82747,27.938570000000006,28.051650000000002,28.16627,28.282430000000005,28.399800000000003,28.51838,28.637840000000004,28.75807,28.87896,29.000180000000004,29.121840000000002,29.243610000000004,29.365380000000002,29.487150000000003,29.608700000000002,29.729920000000003,29.850700000000003,29.970930000000003,30.09061,30.20952,30.32766,30.44492,30.561300000000003,30.67669,30.790870000000005,30.90406,31.016040000000004,31.126700000000003,31.236150000000002,31.344280000000005,31.45098,31.55636,31.660310000000003,31.76272,31.863590000000002,31.963030000000003,32.06082,32.157180000000004,32.251780000000004,32.344950000000004,32.43636,32.52623,32.614450000000005,32.70102000000001,32.785940000000004,32.86921,32.95083,33.0308,33.109120000000004,33.185790000000004,33.260810000000006,33.33418,33.40601,33.47608,33.544610000000006,33.6116,33.67694,33.74063,33.802890000000005,33.8635,33.92268,33.980320000000006,34.03642,34.09109,34.144330000000004,34.19625,34.24663,34.29569,34.343430000000005,34.38974,34.43484,34.47862000000001,34.521300000000004,34.56266,34.602810000000005,34.64186,34.67981,34.716660000000005,34.752410000000005,34.78717,34.82094,34.85383,34.88573,34.91675,34.947,34.97637,35.00497000000001,35.0328,35.060080000000006,35.08659,35.11244000000001,35.13774,35.162600000000005,35.186800000000005,35.21067000000001,35.233990000000006,35.256980000000006,35.27964000000001,35.301970000000004,35.32397,35.34586,35.36742,35.388980000000004,35.410320000000006,35.43155000000001,35.452890000000004,35.474120000000006,35.49546,35.51691,35.538360000000004,35.56014,35.58203,35.60414000000001,35.626580000000004,35.64935,35.67245,35.69588,35.719860000000004,35.744170000000004,35.76914000000001,35.79455000000001,35.820620000000005,35.847240000000006,35.874520000000004,35.90246,35.93117000000001,35.96065,35.9909,36.02203000000001,36.05404000000001,36.08682,36.12070000000001,36.155460000000005,36.191210000000005,36.22795,36.2659,36.30484,36.34499,36.38624000000001,36.4287,36.47248,36.517360000000004,36.56367,36.61130000000001,36.66014,36.71052,36.762220000000006,36.81546000000001,36.87013000000001,36.926230000000004,36.98398,37.04327,37.1041,37.166470000000004,37.2306,37.29638,37.36381000000001,37.43300000000001,37.503840000000004,37.576550000000005,37.65102,37.727250000000005,37.80535,37.88532000000001,37.96716,38.05087,38.13656,38.224120000000006,38.31366,38.40507,38.49857,38.59405000000001,38.69151000000001,38.79095,38.892480000000006,38.996100000000006,39.1017,39.209390000000006,39.31906,39.430930000000004,39.54478000000001,39.660830000000004,39.77897,39.89909000000001,40.02141,40.14582000000001,40.27221,40.400800000000004,40.53148,40.66425,40.799110000000006,40.93606,41.075100000000006,41.216120000000004,41.359230000000004,41.50443
29.000070000000004,28.812520000000003,28.629590000000004,28.45128,28.27814,28.110060000000004,27.947260000000004,27.790180000000003,27.638820000000003,27.4934,27.35425,27.221370000000004,27.09498,26.9753,26.862550000000002,26.756840000000004,26.65828,26.566980000000004,26.483050000000006,26.406710000000004,26.337850000000003,26.27669,26.223230000000004,26.17747,26.139520000000005,26.109160000000003,26.0865,26.071430000000003,26.063950000000002,26.063840000000003,26.070990000000002,26.0854,26.10685,26.13512,26.169990000000002,26.21135,26.25909,26.31277,26.37217,26.43718,26.50758,26.58293,26.663120000000003,26.74793,26.836920000000003,26.92998,27.026780000000002,27.127100000000002,27.230610000000002,27.337200000000003,27.446540000000002,27.558300000000003,27.672480000000004,27.78864,27.906670000000005,28.026350000000004,28.147460000000002,28.26989,28.393200000000004,28.517500000000002,28.64246,28.767970000000002,28.893810000000002,29.01998,29.146150000000002,29.27221,29.398270000000004,29.52389,29.649180000000005,29.77392,29.898110000000003,30.021530000000002,30.144180000000002,30.26584,30.386730000000004,30.506410000000002,30.625100000000003,30.742690000000003,30.858960000000003,30.974020000000003,31.087760000000003,31.200070000000004,31.310950000000005,31.420510000000004,31.52842,31.63501,31.739950000000004,31.84324,31.944990000000004,32.0452,32.14376,32.24056,32.335820000000005,32.429320000000004,32.52117,32.61126,32.6997,32.78649,32.871520000000004,32.95479,33.036410000000004,33.11638,33.194590000000005,33.271040000000006,33.34595,33.4191,33.49060000000001,33.56045,33.62865,33.69520000000001,33.76021,33.823570000000004,33.88528,33.94556,34.00419,34.06139,34.11705,34.171170000000004,34.22386,34.27523000000001,34.32506,34.37357,34.42065,34.46652,34.510960000000004,34.554190000000006,34.596210000000006,34.63702,34.67662,34.715120000000006,34.752410000000005,34.78871,34.823910000000005,34.85801,34.89123,34.923460000000006,34.95481,34.98528,35.01487,35.043690000000005,35.071740000000005,35.09902,35.125640000000004,35.1516,35.17701,35.20176000000001,35.22596000000001,35.249610000000004,35.27293,35.295700000000004,35.31814,35.34025,35.362030000000004,35.383480000000006,35.40482,35.42594,35.44684000000001,35.46763,35.488420000000005,35.50921,35.52989,35.55068000000001,35.571580000000004,35.59259000000001,35.613710000000005,35.63505,35.65672,35.67861,35.700720000000004,35.72327000000001,35.74626000000001,35.76969,35.79345,35.817870000000006,35.84273,35.86825,35.89432,35.92116,35.948550000000004,35.976710000000004,36.00564,36.035450000000004,36.066030000000005,36.09749,36.129830000000005,36.163160000000005,36.19737000000001,36.23268,36.268980000000006,36.306380000000004,36.34499,36.38459,36.42551,36.46753,36.51087,36.555420000000005,36.60129,36.64859,36.697210000000005,36.74726,36.79874,36.85165000000001,36.9061,36.96209,37.01962,37.07869000000001,37.139410000000005,37.20189,37.265910000000005,37.33169,37.39912,37.46842,37.539370000000005,37.612190000000005,37.68688000000001,37.76333,37.84176000000001,37.92206000000001,38.00423000000001,38.08838,38.174400000000006,38.262510000000006,38.35249000000001,38.44456,38.538610000000006,38.634750000000004,38.73298,38.83319,38.93549,39.039880000000004,39.14647,39.25504,39.36581,39.47867,39.59362,39.710770000000004,39.83001,39.95134,40.074870000000004,40.20049000000001,40.32831000000001,40.458220000000004,40.59033,40.72442,40.860820000000004,40.9992,41.13967000000001,41.282340000000005,41.4271
28.804820000000003,28.61254,28.424880000000005,28.24195,28.06419,27.891710000000003,27.72462,27.563250000000004,27.40782,27.258440000000004,27.115440000000003,26.978930000000002,26.84924,26.726370000000003,26.610650000000003,26.502190000000002,26.401210000000003,26.307820000000003,26.222020000000004,26.14414,26.074070000000003,26.012030000000003,25.95802,25.91204,25.87409,25.844170000000005,25.82228,25.80842,25.802260000000004,25.804020000000005,25.813260000000003,25.830090000000002,25.85418,25.88542,25.92359,25.968470000000003,26.01995,26.077590000000004,26.141280000000002,26.210690000000003,26.285600000000002,26.365680000000005,26.45071,26.540360000000003,26.634520000000002,26.73264,26.83472,26.94021,27.049110000000002,27.160980000000002,27.27571,27.392860000000002,27.512320000000003,27.633760000000002,27.757070000000002,27.882030000000004,28.00831,28.135800000000003,28.264280000000003,28.393530000000002,28.52333,28.65368,28.784250000000004,28.91504,29.045830000000002,29.176400000000005,29.30675,29.436660000000003,29.56613,29.695050000000002,29.82309,29.95047,30.076860000000003,30.202370000000005,30.326780000000003,30.45009,30.572080000000003,30.692970000000003,30.812540000000002,30.930680000000002,31.047500000000003,31.16278,31.27663,31.388830000000002,31.4996,31.60872,31.71619,31.822120000000005,31.926290000000005,32.0287,32.12957,32.228570000000005,32.32592,32.421510000000005,32.51534,32.60741,32.697720000000004,32.78638,32.87317,32.958200000000005,33.041470000000004,33.12298,33.20273,33.28072,33.357060000000004,33.43164,33.50446,33.575630000000004,33.64515,33.71291,33.77902,33.84359,33.906510000000004,33.967780000000005,34.02740000000001,34.08559,34.14224,34.19724,34.25092,34.30295,34.353660000000005,34.40294,34.450790000000005,34.49732,34.542530000000006,34.586420000000004,34.62899,34.67035,34.7105,34.74944,34.78717,34.823910000000005,34.859440000000006,34.893980000000006,34.927530000000004,34.96009,34.99166,35.02235,35.05216,35.08109,35.10925,35.13664,35.16326,35.189220000000006,35.21463000000001,35.239270000000005,35.263360000000006,35.28701,35.31011,35.332660000000004,35.35488,35.37666000000001,35.39811000000001,35.419230000000006,35.44013,35.46081,35.48127,35.50162,35.521860000000004,35.54199,35.56201,35.58214,35.602380000000004,35.622620000000005,35.642970000000005,35.663430000000005,35.68422,35.70523,35.72646,35.74802,35.76991,35.79224000000001,35.81501,35.83822,35.86198,35.88629,35.911150000000006,35.93667,35.96285,35.98969,36.01719,36.045570000000005,36.074720000000006,36.10475,36.13555,36.16734,36.20012,36.23378,36.26854000000001,36.3044,36.34125,36.379310000000004,36.418470000000006,36.45884,36.50053,36.54343,36.587540000000004,36.63308,36.68005,36.72834,36.77806,36.82921,36.88190000000001,36.93613,36.9919,37.04932,37.10828,37.169000000000004,37.231260000000006,37.29539,37.36117,37.42871,37.49812,37.56929,37.64222,37.717130000000004,37.793910000000004,37.87267,37.953300000000006,38.03591,38.12050000000001,38.20707,38.295730000000006,38.38637000000001,38.4791,38.57392,38.67083,38.769830000000006,38.870920000000005,38.9741,39.079480000000004,39.18695,39.296620000000004,39.40849,39.52245,39.63861,39.75697,39.87742000000001,40.00018,40.12503,40.25208,40.381220000000006,40.51267000000001,40.646209999999996,40.78184,40.91978000000001,41.059810000000006,41.201930000000004,41.346250000000005
28.603630000000003,28.406290000000002,28.213680000000004,28.026020000000003,27.843420000000002,27.666100000000004,27.494390000000003,27.328620000000004,27.16879,27.015230000000003,26.868160000000003,26.727800000000002,26.59448,26.468200000000003,26.349400000000003,26.23808,26.134460000000004,26.038650000000004,25.95098,25.871340000000004,25.799950000000003,25.736920000000005,25.682250000000003,25.63594,25.598100000000002,25.568620000000003,25.547500000000003,25.534740000000003,25.53023,25.53375,25.5453,25.564550000000004,25.591610000000003,25.62593,25.66762,25.716240000000003,25.77168,25.8335,25.901590000000002,25.975620000000003,26.05537,26.1404,26.230600000000003,26.325530000000004,26.424860000000002,26.528480000000005,26.635950000000005,26.74705,26.86156,26.97904,27.09927,27.22203,27.347100000000005,27.474150000000005,27.60296,27.733310000000003,27.864980000000003,27.997750000000003,28.131400000000003,28.265820000000005,28.40079,28.5362,28.671720000000004,28.807240000000004,28.94276,29.07795,29.21281,29.347230000000003,29.480990000000002,29.613980000000005,29.746200000000005,29.877540000000003,30.007890000000003,30.137140000000002,30.26529,30.392120000000002,30.517740000000003,30.641930000000002,30.7648,30.88624,31.006030000000003,31.124390000000002,31.241210000000002,31.356270000000002,31.46979,31.581660000000003,31.691660000000002,31.80012,31.906710000000004,32.011540000000004,32.114720000000005,32.215920000000004,32.315470000000005,32.41315,32.50896,32.603010000000005,32.6953,32.785610000000005,32.87427,32.960950000000004,33.04598,33.12903,33.21043,33.28996,33.36773,33.443630000000006,33.517880000000005,33.59037,33.661100000000005,33.73007,33.79739000000001,33.863060000000004,33.927080000000004,33.989450000000005,34.05006,34.10924000000001,34.16677000000001,34.22276,34.277210000000004,34.33012,34.381600000000006,34.431650000000005,34.480160000000005,34.527350000000006,34.57322,34.61766,34.66078,34.702690000000004,34.743390000000005,34.78277,34.82094,34.85801,34.893980000000006,34.928850000000004,34.96273000000001,34.99551,35.027300000000004,35.0581,35.08813,35.11717,35.14544,35.172830000000005,35.199560000000005,35.225410000000004,35.250710000000005,35.27524,35.299220000000005,35.32265,35.345530000000004,35.36786,35.38975,35.41131000000001,35.432320000000004,35.45311,35.47357,35.493700000000004,35.513720000000006,35.53341,35.55299000000001,35.572570000000006,35.59193,35.6114,35.63076,35.65023000000001,35.669700000000006,35.68939,35.70919,35.72921,35.74945,35.77002,35.79092,35.81215,35.833709999999996,35.85582000000001,35.878370000000004,35.901360000000004,35.9249,35.9491,35.973960000000005,35.999370000000006,36.02555,36.05239,36.080110000000005,36.1086,36.13797,36.168220000000005,36.19935,36.23147,36.26458,36.298790000000004,36.33399000000001,36.37029,36.4078,36.44652000000001,36.486450000000005,36.527590000000004,36.57005,36.61372000000001,36.658930000000005,36.70546,36.75342,36.80281,36.85374,36.90621,36.96022000000001,37.01577,37.073080000000004,37.131930000000004,37.19254,37.25491,37.31904,37.38482,37.452580000000005,37.5221,37.59349,37.66675,37.74188,37.819100000000006,37.89819,37.979260000000004,38.06242000000001,38.147560000000006,38.23479,38.324000000000005,38.41541,38.50891,38.6045,38.702290000000005,38.802170000000004,38.904140000000005,39.00842000000001,39.114790000000006,39.22347,39.33424000000001,39.44732,39.562490000000004,39.67997,39.79965,39.92153,40.04561,40.171890000000005,40.30048000000001,40.43127,40.564150000000005,40.69934000000001,40.83673,40.97621,41.11800000000001,41.261880000000005
28.396610000000003,28.194100000000002,27.99632,27.803380000000004,27.615720000000003,27.43345,27.2569,27.086180000000002,26.92173,26.76366,26.612300000000005,26.46787,26.330700000000004,26.20079,26.078580000000002,25.964070000000003,25.857700000000005,25.75947,25.6696,25.58809,25.51527,25.451140000000002,25.3957,25.34906,25.31133,25.28229,25.262050000000002,25.2505,25.247530000000005,25.253030000000003,25.26689,25.288890000000002,25.318810000000003,25.356650000000002,25.401860000000003,25.45444,25.514060000000004,25.58039,25.653210000000005,25.732080000000003,25.81689,25.907200000000003,26.00268,26.10311,26.208160000000003,26.317500000000003,26.430690000000002,26.547620000000002,26.667960000000004,26.79127,26.917330000000003,27.046030000000002,27.176820000000003,27.309700000000003,27.444230000000005,27.58019,27.717470000000002,27.85585,27.995,28.134810000000005,28.27506,28.415530000000004,28.556110000000004,28.696690000000004,28.83705,28.977080000000004,29.116560000000003,29.25549,29.39365,29.53104,29.667550000000002,29.802960000000002,29.93727,30.070480000000003,30.202260000000003,30.33283,30.46208,30.589790000000004,30.715960000000003,30.840590000000002,30.963680000000004,31.085120000000003,31.20491,31.322940000000003,31.439210000000003,31.553720000000002,31.666470000000004,31.77746,31.886470000000003,31.993830000000003,32.09921000000001,32.20272000000001,32.30436,32.40424,32.502140000000004,32.59817,32.69222,32.78451,32.87482,32.963370000000005,33.04994000000001,33.134750000000004,33.217580000000005,33.29865,33.37785,33.45518,33.530750000000005,33.604560000000006,33.676610000000004,33.746790000000004,33.81532,33.882090000000005,33.947100000000006,34.01046,34.07217,34.13234,34.19075,34.247620000000005,34.30284,34.35663,34.40888,34.45959,34.50887,34.55672,34.60314,34.64813,34.69191,34.73426,34.775400000000005,34.815220000000004,34.85383,34.89123,34.927530000000004,34.96273000000001,34.99672,35.02972,35.061730000000004,35.09275,35.122780000000006,35.15193,35.1802,35.2077,35.234320000000004,35.26017,35.28536,35.30978,35.333540000000006,35.35675,35.3793,35.401410000000006,35.42297000000001,35.44409,35.46477,35.48501,35.50503,35.52461,35.54397,35.56311,35.58214,35.600950000000005,35.61965000000001,35.63824,35.65683000000001,35.67542,35.69412,35.71282,35.73163,35.75066,35.76991,35.78938000000001,35.809180000000005,35.82920000000001,35.84966000000001,35.87045,35.89168,35.91346000000001,35.93568,35.95856,35.981880000000004,36.005970000000005,36.03061,36.056020000000004,36.0822,36.10915000000001,36.13698,36.165580000000006,36.195170000000005,36.225640000000006,36.2571,36.28955,36.323100000000004,36.35775,36.3935,36.43035,36.46852,36.50790000000001,36.5486,36.59051,36.63385,36.67862,36.72482000000001,36.77234000000001,36.82151,36.872220000000006,36.92436,36.97826,37.0337,37.090900000000005,37.149750000000004,37.21025,37.27262,37.33686,37.40275,37.470620000000004,37.54036000000001,37.61208,37.68567000000001,37.76124000000001,37.83879,37.91843,38.00005,38.083760000000005,38.16956,38.25745,38.34743,38.43961,38.53399,38.63046000000001,38.729130000000005,38.830110000000005,38.93318,39.038560000000004,39.14614,39.25592,39.36801,39.48241,39.59901,39.71781000000001,39.83892,39.962340000000005,40.08796000000001,40.21589,40.34602,40.478460000000005,40.6131,40.75005,40.88909,41.030440000000006,41.17399
28.183980000000002,27.975970000000004,27.772580000000005,27.574250000000003,27.381200000000003,27.19365,27.011820000000004,26.836150000000004,26.66675,26.503950000000003,26.347970000000004,26.19914,26.05779,25.924030000000002,25.79819,25.680380000000003,25.570930000000004,25.46995,25.37777,25.294280000000004,25.219920000000002,25.15447,25.098260000000003,25.05129,25.013450000000002,24.98496,24.965490000000003,24.95526,24.953940000000003,24.96153,24.97781,25.002670000000002,25.03589,25.07714,25.12631,25.18307,25.24709,25.318150000000003,25.39581,25.479960000000002,25.570050000000002,25.66597,25.767170000000004,25.873430000000003,25.98431,26.099590000000003,26.218940000000003,26.341920000000002,26.468310000000002,26.597780000000004,26.730110000000003,26.86475,27.001700000000003,27.140520000000002,27.281100000000002,27.423000000000002,27.566110000000002,27.71021,27.855080000000005,28.00039,28.146140000000003,28.292,28.43786,28.5835,28.728920000000002,28.87379,29.01811,29.16166,29.304440000000003,29.446340000000003,29.587030000000002,29.726730000000003,29.86511,30.002280000000003,30.13802,30.27233,30.405210000000004,30.536440000000002,30.666130000000003,30.79406,30.920340000000003,31.044970000000003,31.167730000000002,31.28873,31.407860000000003,31.52512,31.640620000000002,31.754140000000003,31.865680000000005,31.97546,32.08315,32.188970000000005,32.29292,32.394780000000004,32.49477,32.592780000000005,32.688810000000004,32.782970000000006,32.87504,32.96535,33.05357,33.139920000000004,33.2244,33.306900000000006,33.387640000000005,33.4664,33.543290000000006,33.61842,33.69168,33.76307,33.8327,33.90057,33.966680000000004,34.03114,34.09384,34.15478,34.21418,34.271930000000005,34.328030000000005,34.38248,34.435500000000005,34.48687,34.53681,34.58532,34.63229,34.67794000000001,34.72216,34.764950000000006,34.80653,34.84679,34.88573,34.923460000000006,34.96009,34.99551,35.02972,35.062940000000005,35.095060000000004,35.12619,35.156330000000004,35.18559,35.213860000000004,35.24125000000001,35.26776,35.2935,35.318470000000005,35.342780000000005,35.36632000000001,35.3892,35.411530000000006,35.43320000000001,35.45443,35.47511000000001,35.49535000000001,35.51515,35.534510000000004,35.553650000000005,35.57235000000001,35.590830000000004,35.60909,35.62713,35.64506000000001,35.66288,35.68059,35.6983,35.71601,35.733830000000005,35.751650000000005,35.769580000000005,35.78773,35.80610000000001,35.824690000000004,35.843500000000006,35.862750000000005,35.88233,35.90224,35.92259000000001,35.943490000000004,35.964940000000006,35.986830000000005,36.00938,36.032590000000006,36.05646,36.081100000000006,36.1064,36.132580000000004,36.15964,36.187470000000005,36.21629000000001,36.24599,36.276790000000005,36.308580000000006,36.34147,36.375460000000004,36.41055,36.44685,36.48447000000001,36.523300000000006,36.56345,36.60492000000001,36.64782,36.69215,36.738020000000006,36.78521,36.834050000000005,36.88454,36.93657,36.99025,37.04558,37.10267,37.161410000000004,37.22213,37.28450000000001,37.34885,37.41496,37.48305,37.55312000000001,37.625060000000005,37.699090000000005,37.7751,37.8532,37.93339000000001,38.01556000000001,38.10004000000001,38.18650000000001,38.27516000000001,38.366130000000005,38.45919,38.55445,38.65202,38.75179000000001,38.85376,38.95815,39.06463,39.17353,39.284740000000006,39.39815,39.513980000000004,39.63201,39.75246,39.87511000000001,40.00007000000001,40.12745,40.25703,40.38892,40.52312,40.65963,40.79834,40.93936,41.08258
27.965740000000004,27.751900000000003,27.542790000000004,27.33874,27.13997,26.946810000000003,26.75948,26.57842,26.403740000000003,26.23588,26.07506,25.921610000000005,25.775750000000002,25.63781,25.508010000000002,25.386680000000002,25.27393,25.170090000000005,25.075380000000003,24.989800000000002,24.913570000000004,24.84691,24.789820000000002,24.7423,24.70446,24.6763,24.65782,24.648800000000005,24.649240000000002,24.65903,24.677950000000003,24.705780000000004,24.74241,24.7874,24.84064,24.901800000000005,24.970550000000003,25.046670000000002,25.12961,25.219150000000003,25.314960000000003,25.416710000000002,25.52385,25.636270000000003,25.753420000000002,25.87497,26.000700000000002,26.13006,26.26294,26.39879,26.5375,26.678520000000002,26.821850000000005,26.96694,27.113680000000002,27.261740000000003,27.41101,27.56105,27.711640000000003,27.86278,28.014140000000005,28.16561,28.316860000000002,28.46789,28.618370000000002,28.76841,28.91757,29.065960000000004,29.213470000000004,29.35988,29.505080000000003,29.649070000000005,29.791630000000005,29.93287,30.072570000000002,30.210730000000005,30.347240000000003,30.4821,30.615310000000004,30.746650000000002,30.87623,31.004050000000003,31.129890000000003,31.253860000000003,31.37585,31.495970000000003,31.614110000000004,31.730270000000004,31.844450000000002,31.956540000000004,32.06676,32.174890000000005,32.280930000000005,32.38499,32.48707,32.58706,32.68507,32.78099,32.87493,32.96689,33.05687,33.144870000000004,33.23089,33.314930000000004,33.39699,33.477180000000004,33.5555,33.631840000000004,33.70631,33.77891,33.84975,33.91872,33.98593,34.05127,34.11496,34.17689,34.23706000000001,34.29569,34.352560000000004,34.40778,34.46146,34.513600000000004,34.56420000000001,34.613260000000004,34.66078,34.70687,34.75164,34.79487,34.836890000000004,34.877480000000006,34.91675,34.95481,34.99166,35.027300000000004,35.061730000000004,35.095060000000004,35.1274,35.15853,35.18867,35.21793,35.24609,35.273480000000006,35.29988,35.32551,35.350260000000006,35.37424,35.397560000000006,35.42022000000001,35.44211000000001,35.46345,35.48424000000001,35.50448000000001,35.524170000000005,35.54342,35.56223000000001,35.5806,35.59875,35.61657,35.63406,35.65133,35.668380000000006,35.685320000000004,35.70215,35.71898,35.73570000000001,35.75242000000001,35.76914000000001,35.786080000000005,35.803020000000004,35.82018,35.83756,35.85516,35.873090000000005,35.89135,35.909940000000006,35.92886,35.948330000000006,35.96824,35.9887,36.00982,36.031380000000006,36.05371,36.0767,36.100460000000005,36.124880000000005,36.15018,36.17636,36.20342,36.23147,36.260400000000004,36.29043000000001,36.321450000000006,36.353680000000004,36.38701,36.421440000000004,36.45719,36.49415,36.532430000000005,36.572140000000005,36.613170000000004,36.65563000000001,36.69952,36.74495,36.791920000000005,36.840540000000004,36.8907,36.942510000000006,36.996080000000006,37.051300000000005,37.10839000000001,37.16724000000001,37.22796,37.29055,37.35501,37.42145000000001,37.489760000000004,37.56016,37.632650000000005,37.70712,37.78368,37.86233,37.943180000000005,38.026120000000006,38.11126,38.1986,38.28825,38.3801,38.47415,38.570510000000006,38.66918,38.770160000000004,38.873450000000005,38.97905,39.086960000000005,39.19718,39.30982,39.42488,39.54214,39.66182,39.78392,39.90833,40.03505,40.16408,40.29553000000001,40.42929,40.56547,40.70385,40.84454,40.98754
27.74211,27.52222,27.306950000000004,27.096850000000003,26.89214,26.693040000000003,26.499880000000005,26.312990000000003,26.132810000000003,25.95956,25.79357,25.635060000000003,25.48447,25.34202,25.20815,25.082860000000004,24.9667,24.85967,24.76221,24.67432,24.596220000000002,24.528020000000005,24.46994,24.421870000000002,24.384030000000003,24.35631,24.338710000000003,24.331120000000002,24.333430000000003,24.345420000000004,24.367090000000005,24.398110000000003,24.438260000000003,24.48732,24.544850000000004,24.610740000000003,24.684440000000002,24.76584,24.854390000000002,24.94976,25.051510000000004,25.15942,25.272940000000002,25.391740000000002,25.51538,25.64364,25.77597,25.91215,26.05163,26.194300000000002,26.33961,26.487450000000003,26.63727,26.788960000000003,26.94219,27.09663,27.252170000000003,27.40837,27.565120000000004,27.722200000000004,27.87939,28.03647,28.193440000000002,28.349860000000003,28.505730000000003,28.66094,28.815160000000002,28.968500000000002,29.120850000000004,29.271880000000003,29.421590000000002,29.56998,29.71694,29.862250000000003,30.00602,30.148030000000002,30.288390000000003,30.426990000000004,30.563720000000004,30.69847,30.831460000000003,30.962470000000003,31.091390000000004,31.218440000000005,31.343400000000003,31.46638,31.58727,31.70607,31.82278,31.9374,32.04993,32.16037,32.26861,32.37487,32.47893,32.58101,32.680890000000005,32.77879,32.87449,32.96821,33.05984,33.14949,33.23705,33.322520000000004,33.40612,33.48763,33.56727,33.64493,33.72061,33.79442,33.86636000000001,33.93643,34.00463,34.071070000000006,34.13564,34.19845,34.25961,34.318900000000006,34.376650000000005,34.43264,34.48698,34.53967,34.59093,34.64054,34.688610000000004,34.73525,34.780350000000006,34.824130000000004,34.86637,34.9074,34.947,34.98528,35.02235,35.0581,35.09275,35.12619,35.15853,35.18977,35.21991,35.24906000000001,35.27722,35.304390000000005,35.33068,35.35609,35.38062000000001,35.40438,35.42737,35.44959,35.47115,35.492050000000006,35.5124,35.532090000000004,35.551230000000004,35.56982,35.588080000000005,35.60579,35.62317000000001,35.64022,35.65694,35.67344,35.68961,35.70567,35.72151,35.73724,35.75297,35.76859,35.78432,35.80005,35.815780000000004,35.83173000000001,35.84779,35.864180000000005,35.880680000000005,35.89751,35.91467000000001,35.93227,35.9502,35.96868,35.98760000000001,36.00707,36.02709,36.04777,36.06911000000001,36.09111,36.11388000000001,36.137420000000006,36.161840000000005,36.18714,36.21332,36.24049000000001,36.26865,36.29791,36.32816,36.35962000000001,36.39229,36.42606000000001,36.46115,36.49756000000001,36.53529,36.57445,36.61504,36.65706,36.70051,36.74561,36.79236,36.840650000000004,36.8907,36.942400000000006,36.99586,37.051080000000006,37.10817,37.16702000000001,37.227850000000004,37.29066,37.355450000000005,37.42211,37.490860000000005,37.5617,37.63463,37.70965,37.78687000000001,37.866290000000006,37.9478,38.031620000000004,38.11764,38.20597000000001,38.29661,38.389450000000004,38.48471000000001,38.582280000000004,38.68216,38.78446,38.889070000000004,38.996100000000006,39.10555,39.21731,39.3316,39.44820000000001,39.56722,39.68866,39.81241000000001,39.93869,40.067280000000004,40.19829000000001,40.331720000000004,40.46746,40.60562,40.74609,40.888870000000004
27.5132,27.286820000000002,27.065280000000005,26.848800000000004,26.637710000000002,26.43234,26.23302,26.04008,25.85396,25.674990000000005,25.50339,25.339600000000004,25.183950000000003,25.03677,24.89828,24.76892,24.648910000000004,24.538580000000003,24.43804,24.347620000000003,24.26743,24.197690000000005,24.13851,24.08989,24.051940000000002,24.02466,24.00794,24.001780000000004,24.00596,24.020480000000003,24.045010000000005,24.07944,24.12333,24.17657,24.23883,24.30967,24.388650000000005,24.47566,24.570040000000002,24.67146,24.779590000000002,24.893990000000002,25.014220000000005,25.13984,25.270410000000002,25.405600000000003,25.544970000000003,25.688190000000002,25.83471,25.98442,26.136770000000002,26.29154,26.448290000000004,26.6068,26.766740000000002,26.927780000000002,27.08981,27.252390000000002,27.415520000000004,27.578760000000003,27.742,27.905020000000004,28.0676,28.229740000000003,28.39111,28.5516,28.711100000000002,28.869500000000002,29.026690000000002,29.18245,29.33689,29.489790000000003,29.641040000000004,29.790640000000003,29.938480000000002,30.08456,30.22877,30.371000000000002,30.511360000000003,30.64974,30.786030000000004,30.920340000000003,31.052450000000004,31.18258,31.31051,31.43635,31.559990000000003,31.681430000000002,31.800780000000003,31.917820000000003,32.03277,32.14552,32.25607,32.36453,32.47068,32.57474,32.6766,32.77637000000001,32.873940000000005,32.96931000000001,33.06259,33.153890000000004,33.242990000000006,33.330000000000005,33.41503,33.49797,33.57882,33.6578,33.73469,33.80971,33.88275,33.953810000000004,34.02311,34.090430000000005,34.15599,34.219680000000004,34.28161,34.34178,34.40019,34.45684000000001,34.511950000000006,34.5653,34.617000000000004,34.66727,34.71578,34.76286,34.808510000000005,34.85251,34.89519,34.936440000000005,34.97637,35.01487,35.05216,35.08813,35.122780000000006,35.156330000000004,35.18867,35.21991,35.25005,35.279090000000004,35.307140000000004,35.3342,35.36027,35.38535,35.40966000000001,35.43309,35.45575,35.47753,35.498650000000005,35.519110000000005,35.53891000000001,35.55805,35.576530000000005,35.594570000000004,35.61206000000001,35.62911,35.645720000000004,35.662000000000006,35.677839999999996,35.69346,35.70875,35.72382,35.73867,35.7533,35.76793000000001,35.782450000000004,35.79697000000001,35.811490000000006,35.826010000000004,35.84075000000001,35.85549,35.87045,35.885630000000006,35.901030000000006,35.916760000000004,35.93282000000001,35.94921,35.966150000000006,35.98342000000001,36.00124,36.01961000000001,36.03864,36.058220000000006,36.07857,36.09958,36.12136,36.143910000000005,36.16745,36.19176,36.217060000000004,36.24335000000001,36.270630000000004,36.29912,36.32860000000001,36.35929,36.39119000000001,36.4243,36.45873,36.49459000000001,36.53177000000001,36.57038000000001,36.610420000000005,36.65211,36.69523,36.74,36.78642,36.8346,36.88443,36.936020000000006,36.98937,37.044700000000006,37.10179000000001,37.16097,37.22191,37.284940000000006,37.35006,37.41716,37.48646000000001,37.55774,37.63133,37.707010000000004,37.784890000000004,37.865080000000006,37.94758,38.03228000000001,38.11929000000001,38.20872,38.30035,38.394510000000004,38.49098,38.58987,38.69118,38.7948,38.90095,39.00952,39.12062,39.23403,39.349970000000006,39.46844000000001,39.589220000000005,39.71253,39.838260000000005,39.96652,40.09709000000001,40.23019,40.3656,40.50354,40.64379,40.786460000000005
27.279230000000002,27.04614,26.817780000000003,26.594590000000004,26.37679,26.164820000000002,25.959010000000003,25.759690000000003,25.5673,25.382170000000002,25.20463,25.035120000000003,24.874080000000003,24.72173,24.57851,24.444640000000003,24.320560000000004,24.2066,24.102870000000003,24.009700000000002,23.9272,23.855700000000002,23.795310000000004,23.74603,23.707860000000004,23.68102,23.665180000000003,23.66056,23.66683,23.683880000000002,23.711490000000005,23.74955,23.797510000000003,23.85526,23.922250000000002,23.99837,24.08307,24.175910000000002,24.276560000000003,24.38447,24.49931,24.62064,24.747910000000005,24.880570000000002,25.018510000000003,25.160960000000003,25.307700000000004,25.45829,25.61229,25.769260000000003,25.928980000000003,26.091010000000004,26.25491,26.420460000000002,26.587440000000004,26.75541,26.924150000000004,27.093440000000005,27.262950000000004,27.432570000000002,27.602080000000004,27.771150000000002,27.939780000000003,28.10764,28.274620000000002,28.440610000000003,28.60539,28.768960000000003,28.931210000000004,29.091920000000002,29.25109,29.4085,29.56426,29.71815,29.870280000000005,30.02032,30.168490000000002,30.314570000000003,30.458560000000002,30.60046,30.74016,30.87777,31.013180000000002,31.146390000000004,31.277290000000004,31.405990000000003,31.532380000000003,31.656570000000002,31.778450000000003,31.898130000000002,32.0155,32.13056,32.24342,32.353970000000004,32.46232,32.568360000000006,32.672090000000004,32.77373,32.87306,32.9703,33.06523,33.15807,33.24871,33.33726,33.42372,33.50798,33.59026,33.67034,33.74855,33.824670000000005,33.898810000000005,33.97097,34.04126,34.109570000000005,34.17601,34.24058,34.30328,34.36422,34.42329,34.48071,34.536370000000005,34.59038,34.64274,34.693340000000006,34.7424,34.78992,34.8359,34.880340000000004,34.92335,34.96482,35.00497000000001,35.043690000000005,35.08109,35.11717,35.15193,35.18559,35.21793,35.24906000000001,35.279090000000004,35.30802,35.33585,35.36269,35.38854,35.4134,35.437380000000005,35.460480000000004,35.4827,35.50415,35.52472,35.54463,35.563770000000005,35.58236,35.60029,35.617560000000005,35.63439,35.650670000000005,35.6664,35.6818,35.696760000000005,35.71139,35.72580000000001,35.73977,35.75363000000001,35.76727,35.78069000000001,35.794000000000004,35.80731000000001,35.820620000000005,35.83382,35.84713,35.860549999999996,35.874080000000006,35.88783000000001,35.9018,35.91599,35.93051,35.94536,35.96054,35.97627000000001,35.99244,36.00905,36.02632,36.04425,36.06273,36.08187,36.10189,36.12257,36.14424,36.16668,36.190000000000005,36.21442,36.239830000000005,36.26623,36.29384,36.32255,36.352470000000004,36.3836,36.416050000000006,36.44982,36.48502,36.52176,36.55982,36.59942,36.64067,36.68357,36.728010000000005,36.774210000000004,36.82217,36.87189,36.923480000000005,36.97683,37.032270000000004,37.08958,37.14887000000001,37.21014,37.2735,37.33906,37.406600000000005,37.47645,37.548390000000005,37.62264,37.699090000000005,37.77785,37.858920000000005,37.94241,38.0281,38.11632000000001,38.20685,38.2998,38.39528000000001,38.49307,38.59339,38.69624000000001,38.80151,38.909310000000005,39.01953,39.13239,39.24767,39.365480000000005,39.48571,39.60858,39.73387,39.861580000000004,39.99193,40.1247,40.25989,40.39761,40.53775,40.680310000000006
27.04042,26.800290000000004,26.564780000000003,26.334550000000004,26.109710000000003,25.890700000000002,25.67796,25.471930000000004,25.272830000000003,25.0811,24.8974,24.72184,24.554860000000005,24.39701,24.248620000000003,24.110020000000002,23.981540000000003,23.86351,23.75637,23.660120000000003,23.57531,23.50183,23.440010000000004,23.389960000000002,23.35168,23.32517,23.31032,23.307240000000004,23.315710000000003,23.33551,23.36642,23.408110000000004,23.46047,23.52295,23.59522,23.676840000000002,23.767480000000003,23.8667,23.973950000000002,24.088790000000003,24.21067,24.339260000000003,24.4739,24.614150000000002,24.759680000000003,24.90994,25.06438,25.22267,25.38437,25.549150000000004,25.71646,25.88597,26.057350000000003,26.230380000000004,26.404510000000002,26.57963,26.75541,26.931520000000003,27.107850000000003,27.28407,27.459850000000003,27.635190000000005,27.809870000000004,27.98367,28.156480000000006,28.328080000000003,28.49836,28.66721,28.834630000000004,29.000290000000003,29.164300000000004,29.32644,29.486710000000002,29.645000000000003,29.80131,29.95553,30.107660000000003,30.257590000000004,30.405320000000003,30.55074,30.694070000000004,30.83498,30.973580000000005,31.109870000000004,31.243850000000005,31.375410000000002,31.50477,31.631600000000002,31.756120000000003,31.878330000000002,31.998120000000004,32.11549,32.23066,32.34341,32.45374,32.561870000000006,32.66758,32.77109,32.87229000000001,32.971180000000004,33.06776,33.16225,33.254430000000006,33.34441,33.432190000000006,33.517880000000005,33.60148,33.682880000000004,33.762190000000004,33.83941,33.91465,33.98791,34.05908,34.12838,34.1957,34.26104,34.32462,34.38622,34.44617,34.50414,34.560460000000006,34.61502,34.667820000000006,34.71897,34.76847,34.816430000000004,34.86274,34.90751,34.95074,34.99254,35.0328,35.071740000000005,35.10925,35.14544,35.1802,35.213860000000004,35.24609,35.27722,35.307140000000004,35.33585,35.36357,35.390190000000004,35.415710000000004,35.44024,35.46389,35.48655,35.50833,35.529230000000005,35.54936,35.56861,35.5872,35.60513,35.62229,35.63890000000001,35.65496,35.67036,35.685320000000004,35.69984,35.71381,35.727450000000005,35.74076,35.75374,35.76639,35.77893,35.79114,35.80335,35.81534,35.82733,35.83921,35.851090000000006,35.863080000000004,35.87518,35.887389999999996,35.899820000000005,35.912470000000006,35.92534,35.93854,35.95218,35.966150000000006,35.980560000000004,35.99552,36.010920000000006,36.02698000000001,36.04359,36.060970000000005,36.079010000000004,36.09793,36.11751,36.13808,36.159420000000004,36.18186000000001,36.20529,36.229710000000004,36.255230000000005,36.281960000000005,36.30979,36.33894000000001,36.36941,36.4012,36.43442,36.46896,36.50504,36.542770000000004,36.58193000000001,36.62285000000001,36.66531,36.70953000000001,36.75562000000001,36.803470000000004,36.853080000000006,36.90467,36.95824,37.01368000000001,37.07121,37.13083,37.19254,37.25634,37.322340000000004,37.39054,37.46105000000001,37.53376,37.60878,37.686110000000006,37.76586,37.84792000000001,37.93251,38.01941,38.10884,38.20069,38.29507,38.391870000000004,38.491310000000006,38.59317,38.69767,38.80459,38.91415000000001,39.02635,39.14097,39.258230000000005,39.37802000000001,39.50034,39.62530000000001,39.752680000000005,39.8827,40.01525,40.150220000000004,40.28783000000001,40.42786,40.57042
26.796880000000005,26.549380000000003,26.3065,26.06879,25.836470000000002,25.610090000000003,25.390090000000004,25.176800000000004,24.970550000000003,24.772000000000002,24.581480000000003,24.399430000000002,24.2264,24.062610000000003,23.90861,23.76484,23.63163,23.509420000000002,23.39843,23.298990000000003,23.21132,23.13586,23.072500000000005,23.02157,22.982960000000002,22.956780000000002,22.94303,22.941600000000005,22.95238,22.97504,23.00936,23.055120000000002,23.111990000000002,23.17953,23.257300000000004,23.34497,23.44199,23.547810000000002,23.662100000000002,23.784200000000002,23.91356,24.04985,24.1923,24.340580000000003,24.49414,24.652430000000003,24.815120000000004,24.981550000000002,25.15128,25.32409,25.49932,25.676750000000002,25.855940000000004,26.03656,26.218280000000004,26.40077,26.583810000000003,26.767070000000004,26.95022,27.13315,27.315640000000002,27.49747,27.67831,27.858270000000005,28.036910000000002,28.214230000000004,28.390120000000003,28.564470000000004,28.737060000000003,28.907780000000002,29.07674,29.243610000000004,29.4085,29.5713,29.731900000000003,29.8903,30.046500000000005,30.20028,30.351750000000003,30.500910000000005,30.647650000000002,30.791970000000003,30.933870000000002,31.07335,31.210300000000004,31.34483,31.476940000000003,31.606630000000003,31.733790000000003,31.858420000000002,31.98074,32.100530000000006,32.21779000000001,32.33274,32.44527,32.55538000000001,32.663070000000005,32.76834,32.871410000000004,32.97195,33.07029,33.16632,33.260040000000004,33.35145000000001,33.44077,33.52778000000001,33.612590000000004,33.69520000000001,33.77572000000001,33.854040000000005,33.93038000000001,34.00463,34.07679,34.14697,34.21517,34.28139,34.34563,34.408,34.468610000000005,34.527240000000006,34.58411,34.63922,34.69257,34.74416,34.7941,34.84239,34.889030000000005,34.93413,34.97758,35.019600000000004,35.060080000000006,35.09902,35.13664,35.172830000000005,35.2077,35.24125000000001,35.273480000000006,35.304390000000005,35.3342,35.36269,35.390190000000004,35.41648000000001,35.44167000000001,35.46587,35.48908,35.511300000000006,35.53253000000001,35.55299000000001,35.57246,35.59116000000001,35.60909,35.626360000000005,35.64275000000001,35.658590000000004,35.673770000000005,35.68840000000001,35.70237,35.715900000000005,35.72899,35.741530000000004,35.75374,35.765620000000006,35.777170000000005,35.7885,35.7995,35.810280000000006,35.82106,35.83162,35.84218,35.852630000000005,35.863080000000004,35.87364,35.884420000000006,35.8952,35.906200000000005,35.91742000000001,35.92897000000001,35.94085,35.95306000000001,35.96571,35.9788,35.99244,36.00652,36.02137,36.036770000000004,36.05294,36.069770000000005,36.087480000000006,36.10596,36.12532,36.14567,36.167010000000005,36.18945000000001,36.212880000000006,36.23752,36.26337000000001,36.29043000000001,36.31881,36.348510000000005,36.37964,36.4122,36.44619,36.48183,36.51901,36.557840000000006,36.59832,36.64067,36.684670000000004,36.73054,36.77839,36.828,36.87970000000001,36.93338000000001,36.98915,37.04701,37.10696000000001,37.16911,37.23346,37.30012,37.36898000000001,37.44026,37.513740000000006,37.58975,37.66807,37.748920000000005,37.83219,37.91788,38.00621,38.09696,38.19024,38.28616,38.38461,38.48570000000001,38.58932000000001,38.69558,38.80437,38.915910000000004,39.02998,39.14669,39.26604,39.38792000000001,39.512440000000005,39.6396,39.769400000000005,39.90173,40.036590000000004,40.17409000000001,40.31412,40.456570000000006
26.54905,26.293630000000004,26.04305,25.797420000000002,25.557400000000005,25.323210000000003,25.0954,24.87452,24.660790000000002,24.454870000000003,24.2572,24.06822,23.88848,23.718420000000002,23.55848,23.409100000000002,23.270720000000004,23.143890000000003,23.02872,22.92576,22.835230000000003,22.757350000000002,22.69245,22.640420000000002,22.601480000000002,22.57574,22.563090000000003,22.56331,22.576510000000003,22.602140000000002,22.640200000000004,22.690360000000002,22.752070000000003,22.825000000000003,22.908600000000003,23.002650000000003,23.10638,23.219350000000002,23.341010000000004,23.47081,23.6082,23.75252,23.90333,24.05997,24.222,24.388870000000004,24.55992,24.734930000000002,24.913130000000002,25.0943,25.277890000000003,25.46346,25.65079,25.839330000000004,26.02886,26.219050000000003,26.409570000000002,26.60009,26.790390000000002,26.98036,27.169560000000004,27.35799,27.545320000000004,27.731440000000003,27.916130000000003,28.09939,28.281000000000002,28.46074,28.638720000000003,28.81472,28.988630000000004,29.16034,29.32996,29.49727,29.66216,29.82485,29.985010000000003,30.142860000000002,30.298070000000003,30.45097,30.60123,30.748960000000004,30.894160000000003,31.036830000000002,31.176860000000005,31.314360000000004,31.449330000000003,31.581660000000003,31.711460000000006,31.83873,31.963360000000005,32.085570000000004,32.20514,32.32229,32.436800000000005,32.549,32.65856,32.76581,32.87053,32.97294,33.07282,33.170500000000004,33.26565,33.3586,33.44924,33.53757,33.62359,33.70752,33.78914,33.86867,33.946000000000005,34.02113,34.094280000000005,34.16534,34.23442,34.301410000000004,34.366420000000005,34.42956,34.49072,34.55001,34.60743,34.662980000000005,34.71688,34.768910000000005,34.81918,34.8678,34.914770000000004,34.96009,35.00376,35.046,35.08659,35.125640000000004,35.16326,35.199560000000005,35.234320000000004,35.26776,35.29988,35.33068,35.36027,35.38854,35.415710000000004,35.44167000000001,35.466530000000006,35.49029,35.51306,35.53484,35.55552,35.575320000000005,35.594240000000006,35.612280000000005,35.62955000000001,35.64594,35.66167,35.67663,35.69093,35.704679999999996,35.71766,35.7302,35.74219,35.75374,35.76485,35.77552000000001,35.78586000000001,35.79587,35.80566,35.81512,35.824470000000005,35.833600000000004,35.84273,35.85164,35.86066,35.86968,35.8787,35.88794,35.897180000000006,35.90675,35.916540000000005,35.92655,35.937000000000005,35.94778,35.959,35.97077,35.98298,35.995850000000004,36.00927000000001,36.02335,36.0382,36.05393,36.07032000000001,36.087700000000005,36.10596,36.12521,36.14545,36.1669,36.18934,36.213100000000004,36.23807,36.264250000000004,36.29186000000001,36.32079,36.35126,36.38327,36.41671,36.4518,36.48865000000001,36.52715,36.5673,36.60943,36.65332,36.69919000000001,36.746930000000006,36.79676,36.84857,36.90247,36.95857,37.016760000000005,37.07726,37.13996,37.20497,37.27229,37.34203,37.414190000000005,37.48866,37.56566,37.64519000000001,37.727250000000005,37.811840000000004,37.89896,37.98861,38.0809,38.175830000000005,38.2734,38.373610000000006,38.47646,38.581950000000006,38.69019,38.80107,38.914590000000004,39.030860000000004,39.149660000000004,39.27132,39.39551000000001,39.52245,39.65192,39.78414,39.918890000000005,40.05639000000001,40.19642,40.33898
26.296930000000003,26.03348,25.77465,25.520880000000002,25.272610000000004,25.030170000000002,24.79422,24.565200000000004,24.343550000000004,24.129820000000002,23.924450000000004,23.728100000000005,23.541210000000003,23.364330000000002,23.19801,23.042690000000004,22.89881,22.76692,22.647350000000003,22.54054,22.44671,22.3663,22.299530000000004,22.2464,22.207130000000003,22.18161,22.17006,22.172150000000002,22.18777,22.216810000000002,22.25872,22.313390000000002,22.380270000000003,22.459030000000002,22.54901,22.64966,22.760650000000002,22.881210000000003,23.010790000000004,23.14873,23.294480000000004,23.447490000000002,23.60699,23.772540000000003,23.94348,24.11915,24.299220000000002,24.483030000000003,24.67014,24.860110000000002,25.05228,25.24643,25.442120000000003,25.639020000000002,25.83658,26.03469,26.23291,26.43091,26.628690000000002,26.8257,27.021940000000004,27.217080000000003,27.41101,27.603510000000004,27.794470000000004,27.98367,28.171000000000003,28.356460000000002,28.539830000000002,28.721110000000003,28.900080000000003,29.07674,29.25109,29.42291,29.592420000000004,29.75929,29.92363,30.085330000000003,30.244500000000002,30.401030000000002,30.554810000000003,30.70606,30.854560000000003,31.000310000000002,31.143530000000002,31.284000000000002,31.421720000000004,31.556910000000002,31.68935,31.819150000000004,31.946200000000005,32.07072,32.1926,32.31195,32.42866,32.54273,32.654270000000004,32.76339,32.86987,32.97393,33.07557,33.17468,33.271480000000004,33.365750000000006,33.457820000000005,33.547470000000004,33.6347,33.719840000000005,33.80256000000001,33.883190000000006,33.961510000000004,34.03774000000001,34.11177,34.183710000000005,34.25345000000001,34.32132,34.386990000000004,34.450790000000005,34.51261,34.57245,34.63042,34.68652,34.740750000000006,34.79322,34.84393000000001,34.892770000000006,34.940070000000006,34.98561,35.0295,35.071740000000005,35.11244000000001,35.1516,35.189220000000006,35.225410000000004,35.26017,35.2935,35.32551,35.35609,35.38535,35.4134,35.44024,35.46587,35.49029,35.51361,35.535940000000004,35.55706,35.57730000000001,35.59644,35.614700000000006,35.63208,35.64858,35.6642,35.679050000000004,35.693130000000004,35.70655000000001,35.71920000000001,35.7313,35.742740000000005,35.75363000000001,35.76408,35.77398,35.783440000000006,35.792460000000005,35.80126,35.80962,35.81776,35.825570000000006,35.83327,35.84086,35.84834,35.85571,35.863080000000004,35.87045,35.877930000000006,35.88552,35.89333,35.901250000000005,35.90950000000001,35.91808,35.92699,35.93623,35.94602,35.956250000000004,35.96714000000001,35.97847000000001,35.99057,36.003330000000005,36.01686000000001,36.03127,36.04645000000001,36.06262,36.07967000000001,36.097820000000006,36.117070000000005,36.137420000000006,36.15887,36.18164000000001,36.20573,36.231139999999996,36.257979999999996,36.28625,36.31606000000001,36.34741,36.38041,36.415060000000004,36.45147000000001,36.48964000000001,36.52968,36.57159,36.615480000000005,36.66135,36.7092,36.75914,36.81128,36.86551,36.92194,36.98079,37.04184,37.1052,37.17098000000001,37.239180000000005,37.3098,37.38295,37.45863000000001,37.536840000000005,37.617580000000004,37.70096,37.78698,37.87553,37.96694,38.060880000000004,38.15757,38.25690000000001,38.35898,38.46381,38.57139000000001,38.68172,38.79469,38.91052,39.02899,39.15021,39.27418,39.40090000000001,39.53026,39.66237,39.79712000000001,39.93462,40.074650000000005,40.21743000000001
26.04107,25.769150000000003,25.50174,25.239280000000004,24.982320000000005,24.7313,24.486770000000003,24.24906,24.01894,23.796960000000002,23.58345,23.37918,23.184700000000003,23.000560000000004,22.82731,22.6655,22.515680000000003,22.378290000000003,22.25388,22.14289,22.045650000000002,21.962380000000003,21.89352,21.839070000000003,21.79936,21.77417,21.763720000000003,21.767790000000005,21.78605,21.818500000000004,21.8647,21.924210000000002,21.9967,22.081510000000005,22.1782,22.286110000000004,22.404690000000002,22.53328,22.67122,22.817960000000003,22.972620000000003,23.134650000000004,23.30339,23.478290000000005,23.65858,23.843710000000005,24.03313,24.226290000000002,24.42264,24.62163,24.82293,25.025990000000004,25.23037,25.435740000000003,25.64166,25.847910000000002,26.054050000000004,26.25997,26.465230000000002,26.669610000000002,26.873,27.075070000000004,27.27571,27.474700000000002,27.671930000000003,27.86729,28.060560000000002,28.25174,28.440610000000003,28.627170000000003,28.811310000000002,28.99303,29.17211,29.34866,29.52257,29.693730000000002,29.862250000000003,30.028020000000005,30.191040000000005,30.35131,30.50872,30.663380000000004,30.81518,30.964230000000004,31.11042,31.253860000000003,31.394550000000006,31.532380000000003,31.667460000000002,31.79979,31.929370000000006,32.056200000000004,32.18039,32.30183,32.42063,32.53679,32.65031,32.761190000000006,32.86943,32.97525,33.078430000000004,33.179080000000006,33.27731,33.37312000000001,33.4664,33.55737,33.645920000000004,33.73216000000001,33.81609,33.897710000000004,33.97702,34.05413,34.12915,34.20186,34.27248,34.341010000000004,34.407450000000004,34.47191,34.53428,34.59467,34.65319,34.70973000000001,34.7644,34.81720000000001,34.86824,34.917410000000004,34.96482,35.010580000000004,35.05458,35.09704000000001,35.13774,35.17701,35.21463000000001,35.250710000000005,35.28536,35.318470000000005,35.350260000000006,35.38062000000001,35.40966000000001,35.437380000000005,35.46389,35.48908,35.51306,35.535940000000004,35.557610000000004,35.57818,35.59776000000001,35.616350000000004,35.63384,35.650450000000006,35.66607,35.68092,35.69489,35.708090000000006,35.72052,35.73218000000001,35.74318,35.75352,35.76331,35.77255,35.781240000000004,35.78938000000001,35.79719000000001,35.80445,35.811490000000006,35.8182,35.824580000000005,35.830740000000006,35.83679,35.842620000000004,35.84834,35.854060000000004,35.85967,35.865390000000005,35.87122,35.87716,35.883320000000005,35.889590000000005,35.896190000000004,35.90312000000001,35.91049,35.91819,35.92644000000001,35.93513000000001,35.944480000000006,35.95449,35.965160000000004,35.976490000000005,35.9887,36.00168,36.01565000000001,36.0305,36.04645000000001,36.063390000000005,36.081540000000004,36.10079,36.12136,36.14325,36.16635000000001,36.190990000000006,36.217060000000004,36.244670000000006,36.27393000000001,36.304730000000006,36.33729,36.3715,36.40758,36.445530000000005,36.48546,36.527260000000005,36.57115,36.617020000000004,36.66509,36.715360000000004,36.767830000000004,36.822500000000005,36.87948000000001,36.938880000000005,37.00059,37.06483000000001,37.13149,37.200680000000006,37.272400000000005,37.346650000000004,37.42365000000001,37.50318000000001,37.585350000000005,37.67027,37.75783,37.84814000000001,37.9412,38.03701,38.13557,38.236990000000006,38.34116000000001,38.448080000000004,38.55786,38.67039,38.78578,38.90392,39.02481,39.14856,39.27517,39.40442000000001,39.53642,39.67128,39.80878,39.94892,40.09181
25.78169,25.500860000000003,25.22454,24.95306,24.68697,24.42682,24.173160000000003,23.926430000000003,23.68729,23.456400000000002,23.23431,23.02157,22.81895,22.626890000000003,22.446270000000002,22.27742,22.12122,21.977890000000002,21.848310000000005,21.732700000000005,21.631610000000002,21.545260000000003,21.47409,21.418210000000002,21.377950000000002,21.35309,21.343740000000004,21.349790000000002,21.37102,21.4071,21.457810000000002,21.5226,21.600920000000002,21.692330000000002,21.79617,21.91178,22.038500000000003,22.175670000000004,22.32263,22.4785,22.64262,22.81433,22.99286,23.17744,23.367630000000002,23.56266,23.761870000000002,23.964820000000003,24.170850000000005,24.379410000000004,24.589950000000005,24.80225,25.01565,25.22982,25.44443,25.65915,25.873540000000002,26.087380000000003,26.300340000000002,26.512310000000003,26.722960000000004,26.932180000000002,27.139640000000004,27.345340000000004,27.54906,27.75058,27.9499,28.146800000000002,28.341390000000004,28.533340000000003,28.72265,28.909430000000004,29.09335,29.274630000000002,29.452940000000005,29.628500000000003,29.8012,29.971040000000002,30.13791,30.301920000000003,30.462960000000002,30.62103,30.77624,30.928480000000004,31.077750000000005,31.22416,31.367710000000006,31.508290000000002,31.646010000000004,31.780870000000004,31.912980000000005,32.042120000000004,32.168510000000005,32.29215000000001,32.41304,32.53107,32.646570000000004,32.75921,32.86932,32.97668,33.08151,33.18381,33.28347,33.3806,33.47531,33.56749,33.657250000000005,33.7447,33.829620000000006,33.91234,33.99264,34.07074000000001,34.146530000000006,34.22012,34.29151,34.3607,34.4278,34.49281,34.55584,34.61678,34.675740000000005,34.73272,34.78772,34.84085,34.89211,34.941610000000004,34.98924,35.03511,35.079330000000006,35.121790000000004,35.162600000000005,35.20176000000001,35.239270000000005,35.27524,35.30978,35.342780000000005,35.37424,35.40438,35.43309,35.460480000000004,35.48655,35.511300000000006,35.53484,35.55706,35.57818,35.598200000000006,35.61712,35.63494000000001,35.65166000000001,35.6675,35.68235,35.69621,35.709300000000006,35.72151,35.73284,35.74351000000001,35.75341000000001,35.76265,35.77123,35.77915,35.78652,35.79345,35.79983,35.80577,35.81127000000001,35.81644000000001,35.82139000000001,35.825900000000004,35.8303,35.83448,35.838550000000005,35.842510000000004,35.846360000000004,35.85032,35.85428,35.85824,35.86253,35.866820000000004,35.87144,35.87639,35.88167000000001,35.887389999999996,35.893440000000005,35.900040000000004,35.907300000000006,35.915,35.92347,35.93271,35.94261,35.95339,35.965050000000005,35.977700000000006,35.99134,36.00608,36.02181000000001,36.03886,36.057120000000005,36.0767,36.09760000000001,36.119930000000004,36.1438,36.1691,36.19605000000001,36.224650000000004,36.255010000000006,36.287130000000005,36.32112,36.35687,36.39471,36.43453000000001,36.476330000000004,36.52033,36.56642,36.61471,36.66531,36.71822,36.77355000000001,36.83119000000001,36.89125000000001,36.95384000000001,37.019070000000006,37.08672000000001,37.15701,37.22994,37.305620000000005,37.38383,37.4649,37.54872,37.635180000000005,37.72461,37.81668,37.91172000000001,38.00951,38.11016000000001,38.21367,38.32004,38.42938,38.541470000000004,38.656420000000004,38.77434,38.89501,39.01854000000001,39.14504,39.27418,39.406290000000006,39.54115,39.67876,39.81912,39.962230000000005
25.519230000000004,25.229160000000004,24.94338,24.662440000000004,24.38678,24.117060000000002,23.85372,23.597420000000003,23.34882,23.10847,22.87714,22.65538,22.443960000000004,22.243650000000002,22.054890000000004,21.878560000000004,21.715320000000002,21.565720000000002,21.430310000000002,21.30975,21.204370000000004,21.114720000000002,21.04102,20.983600000000003,20.94246,20.917930000000002,20.90979,20.91804,20.94224,20.982390000000002,21.03783,21.10812,21.192820000000005,21.29127,21.402810000000002,21.526670000000003,21.662190000000002,21.808490000000003,21.96491,22.130570000000002,22.304700000000004,22.486530000000002,22.675400000000003,22.870430000000002,23.070960000000003,23.27633,23.48588,23.69895,23.914990000000003,24.13345,24.353890000000003,24.575650000000003,24.7984,25.021810000000002,25.24533,25.468630000000005,25.69149,25.913470000000004,26.134460000000004,26.354130000000005,26.572260000000004,26.788740000000004,27.00324,27.21565,27.425860000000004,27.633760000000002,27.83913,28.041970000000003,28.242170000000005,28.43962,28.63432,28.826050000000002,29.01492,29.20082,29.383860000000002,29.563710000000004,29.7407,29.914500000000004,30.085330000000003,30.253080000000004,30.417640000000002,30.579230000000003,30.737740000000002,30.893280000000004,31.04563,31.195010000000003,31.341420000000003,31.484750000000002,31.625110000000003,31.762500000000003,31.89703,32.02848,32.157180000000004,32.28291,32.40578000000001,32.5259,32.64316,32.757780000000004,32.86954,32.978660000000005,33.08503,33.18876,33.28985,33.38841000000001,33.484440000000006,33.577830000000006,33.668800000000005,33.75735,33.84337,33.927080000000004,34.00837,34.08724,34.16391,34.23827,34.310430000000004,34.38039,34.448150000000005,34.51371,34.577290000000005,34.638670000000005,34.69807,34.75538,34.81082,34.86428,34.91576,34.96548,35.01333,35.05931,35.10353,35.145990000000005,35.186800000000005,35.22596000000001,35.263360000000006,35.299220000000005,35.333540000000006,35.36632000000001,35.397560000000006,35.42737,35.45575,35.4827,35.50833,35.53253000000001,35.55552,35.57730000000001,35.59776000000001,35.61712,35.63527,35.65232,35.66827,35.68323000000001,35.6972,35.71018,35.722280000000005,35.7335,35.743730000000006,35.7533,35.761990000000004,35.77002,35.777390000000004,35.7841,35.79015,35.79565,35.8006,35.805,35.809070000000006,35.81270000000001,35.816,35.81897,35.82161000000001,35.82403000000001,35.82634,35.82854,35.830630000000006,35.83261,35.8347,35.83679,35.83899,35.841300000000004,35.84394,35.84669,35.849880000000006,35.85340000000001,35.85736,35.861760000000004,35.86671,35.87232,35.87848,35.88541000000001,35.89311,35.90158,35.91093,35.92116,35.93249,35.944810000000004,35.95834,35.972970000000004,35.98892,36.00608,36.02467,36.04469,36.066250000000004,36.089240000000004,36.11399,36.14028,36.168440000000004,36.19836000000001,36.23004,36.2637,36.29945,36.337070000000004,36.37689,36.4188,36.46302000000001,36.50944,36.558060000000005,36.609210000000004,36.662670000000006,36.71866000000001,36.77707,36.838119999999996,36.9017,36.96781000000001,37.03678000000001,37.10828,37.18264,37.259640000000005,37.33961,37.42222,37.5078,37.59613,37.68743,37.78159,37.87861,37.97860000000001,38.08156,38.187380000000005,38.296170000000004,38.40793,38.52255,38.64014,38.76070000000001,38.88412000000001,39.010400000000004,39.13965,39.27176,39.40673,39.54456,39.68525,39.82858
25.254020000000004,24.95427,24.658700000000003,24.36786,24.082190000000004,23.802350000000004,23.528890000000004,23.262470000000004,23.003750000000004,22.75339,22.51216,22.28083,22.060060000000004,21.850620000000003,21.65339,21.46892,21.29809,21.141450000000003,20.999880000000005,20.87382,20.763820000000003,20.67043,20.59387,20.53469,20.49278,20.468470000000003,20.461540000000003,20.47199,20.4996,20.543820000000004,20.604430000000004,20.68077,20.77229,20.878330000000002,20.99801,21.13078,21.275540000000003,21.431630000000002,21.59817,21.77417,21.958970000000004,22.15158,22.351340000000004,22.55726,22.76879,22.98494,23.205270000000002,23.42901,23.65561,23.884410000000003,24.11486,24.34663,24.579060000000002,24.81182,25.044470000000004,25.276790000000002,25.50823,25.738680000000002,25.96792,26.195400000000003,26.421230000000005,26.64497,26.86662,27.085960000000004,27.302770000000002,27.51705,27.72869,27.93747,28.143390000000004,28.346340000000005,28.54632,28.74322,28.937040000000003,29.127780000000005,29.315220000000004,29.49958,29.680750000000003,29.858620000000005,30.033300000000004,30.204790000000003,30.37309,30.538200000000003,30.700010000000002,30.85874,31.014170000000004,31.166520000000006,31.315790000000003,31.461870000000005,31.604870000000002,31.744790000000002,31.88163,32.0155,32.14629,32.27422,32.39918,32.52117,32.64041,32.75668,32.870200000000004,32.980970000000006,33.08888,33.19415,33.296670000000006,33.39655,33.493790000000004,33.5885,33.68068,33.77022,33.85734,33.941930000000006,34.024210000000004,34.10407,34.18151,34.256640000000004,34.329460000000005,34.40008,34.46839000000001,34.53461,34.59863,34.660450000000004,34.720290000000006,34.778040000000004,34.83370000000001,34.88749000000001,34.93919,34.989020000000004,35.03698000000001,35.08307,35.1274,35.16986,35.21067000000001,35.249610000000004,35.28701,35.32265,35.35675,35.3892,35.42022000000001,35.44959,35.47753,35.50415,35.529230000000005,35.55299000000001,35.575320000000005,35.59644,35.616350000000004,35.63494000000001,35.65232,35.668600000000005,35.68378,35.697750000000006,35.71084,35.72283,35.733830000000005,35.743950000000005,35.75319,35.76155000000001,35.76903,35.77585,35.78190000000001,35.78718,35.79191,35.79587,35.79939,35.80236000000001,35.80478,35.806869999999996,35.80841,35.80973,35.81072,35.81138,35.81182,35.81215,35.81226000000001,35.81237,35.81248000000001,35.81259,35.81270000000001,35.81303,35.81347,35.814130000000006,35.81512,35.81644000000001,35.8182,35.82040000000001,35.823040000000006,35.82634,35.83019,35.8347,35.840090000000004,35.846140000000005,35.85307,35.86099000000001,35.86990000000001,35.87991,35.890910000000005,35.90323,35.916760000000004,35.9315,35.94767,35.96538,35.98452,36.0052,36.02753,36.05162000000001,36.077360000000006,36.10497,36.13456000000001,36.16602,36.19946,36.2351,36.27272000000001,36.31265,36.35478,36.39922000000001,36.44608000000001,36.495250000000006,36.54695,36.60118000000001,36.65794,36.71734,36.77927,36.84406,36.91149000000001,36.98167000000001,37.05471000000001,37.130500000000005,37.20926,37.29088,37.37536000000001,37.462810000000005,37.55323,37.646510000000006,37.74287,37.842200000000005,37.944610000000004,38.04988,38.15823,38.26966,38.38406,38.501430000000006,38.621770000000005,38.74508,38.87147,39.00072,39.132940000000005,39.268130000000006,39.40618,39.547090000000004,39.69086
24.986610000000002,24.67685,24.37105,24.069760000000002,23.773640000000004,23.48313,23.199,22.921910000000004,22.652410000000003,22.39149,22.13981,21.89814,21.667250000000003,21.448130000000003,21.241550000000004,21.04828,20.869310000000002,20.70519,20.55669,20.424690000000002,20.309630000000002,20.21206,20.13253,20.071150000000003,20.02836,20.00427,19.99866,20.01153,20.042550000000002,20.091390000000004,20.157500000000002,20.240330000000004,20.339220000000005,20.453290000000003,20.58188,20.724,20.87877,21.045200000000005,21.22252,21.409630000000003,21.605760000000004,21.809810000000002,22.021010000000004,22.238480000000003,22.461450000000003,22.689040000000002,22.92059,23.15555,23.393040000000003,23.632510000000003,23.87352,24.115520000000004,24.357960000000002,24.600400000000004,24.84251,25.08396,25.324420000000003,25.563450000000003,25.800940000000004,26.03656,26.270090000000003,26.50142,26.730220000000003,26.9566,27.180120000000002,27.400890000000004,27.618690000000004,27.833520000000004,28.045270000000002,28.253830000000004,28.459090000000003,28.66116,28.859930000000002,29.055400000000002,29.247570000000003,29.436220000000002,29.62168,29.803620000000002,29.98226,30.157490000000003,30.329420000000002,30.497940000000003,30.663050000000002,30.824970000000004,30.98359,31.138800000000003,31.290820000000004,31.43965,31.58529,31.72774,31.867,32.00307,32.13617,32.26619,32.39313,32.5171,32.6381,32.756240000000005,32.871410000000004,32.98372,33.09328000000001,33.199980000000004,33.30393,33.40513000000001,33.50369,33.599500000000006,33.69278,33.78342,33.87153000000001,33.95711,34.04027,34.1209,34.199220000000004,34.27501,34.348600000000005,34.41977000000001,34.48874,34.555400000000006,34.61986,34.682230000000004,34.7424,34.80048,34.85647,34.91037,34.9624,35.01234,35.060410000000005,35.10661,35.150830000000006,35.193290000000005,35.233990000000006,35.27293,35.31011,35.345530000000004,35.3793,35.411530000000006,35.44211000000001,35.47115,35.498650000000005,35.52472,35.54936,35.57246,35.594240000000006,35.614700000000006,35.63384,35.65166000000001,35.66827,35.68378,35.697970000000005,35.71106,35.72316,35.73416,35.744060000000005,35.753080000000004,35.76111,35.76826,35.774530000000006,35.78003,35.784650000000006,35.788610000000006,35.7918,35.79444,35.796420000000005,35.797740000000005,35.79862,35.798950000000005,35.798840000000006,35.7984,35.79752,35.796420000000005,35.794990000000006,35.79334,35.79158,35.78960000000001,35.78773,35.78575,35.783770000000004,35.78190000000001,35.78025000000001,35.778710000000004,35.7775,35.77651,35.775960000000005,35.775740000000006,35.776070000000004,35.77695000000001,35.778490000000005,35.78069000000001,35.783550000000005,35.78718,35.79169,35.79719000000001,35.80357,35.81105000000001,35.81974,35.82953,35.84053,35.852850000000004,35.866600000000005,35.88178,35.8985,35.916760000000004,35.936780000000006,35.958450000000006,35.981880000000004,36.007180000000005,36.03446,36.063610000000004,36.09496000000001,36.12829,36.16382,36.201660000000004,36.24181,36.28427000000001,36.32915,36.37645,36.426280000000006,36.478750000000005,36.533750000000005,36.5915,36.652,36.715140000000005,36.78114,36.85,36.92172,36.996300000000005,37.07385,37.15437,37.237970000000004,37.32443000000001,37.413970000000006,37.50659,37.602180000000004,37.70096,37.802710000000005,37.907650000000004,38.01556000000001,38.12666000000001,38.24073,38.35799,38.47822000000001,38.601530000000004,38.727920000000005,38.85728000000001,38.989720000000005,39.125130000000006,39.263510000000004,39.40475,39.54896000000001
24.717440000000003,24.397230000000004,24.08076,23.768690000000003,23.461570000000002,23.159840000000003,22.864490000000004,22.576070000000005,22.295240000000003,22.022990000000004,21.76009,21.50742,21.26586,21.03629,20.8197,20.616970000000002,20.428980000000003,20.25672,20.10085,19.96225,19.841580000000004,19.739500000000003,19.65645,19.59287,19.54898,19.524890000000003,19.52071,19.536110000000004,19.57087,19.62455,19.69671,19.78647,19.893280000000004,20.016150000000003,20.1542,20.306440000000002,20.471880000000002,20.649530000000002,20.83829,21.037170000000003,21.24529,21.461440000000003,21.68474,21.91431,22.14938,22.38896,22.63228,22.878790000000002,23.12761,23.378300000000003,23.630200000000002,23.88276,24.13543,24.387990000000002,24.639780000000002,24.890580000000003,25.140170000000005,25.388,25.633960000000002,25.877720000000004,26.119280000000003,26.3582,26.59437,26.82779,27.058130000000002,27.285500000000003,27.509570000000004,27.73045,27.948030000000003,28.162200000000002,28.372850000000003,28.580090000000002,28.783920000000002,28.98412,29.1808,29.373960000000004,29.563600000000005,29.749610000000004,29.93221,30.11118,30.286630000000002,30.45867,30.627190000000002,30.79219,30.953780000000005,31.112070000000003,31.266840000000002,31.418420000000005,31.56659,31.711460000000006,31.853140000000003,31.991520000000005,32.12671,32.25882,32.38785,32.513690000000004,32.63656,32.756350000000005,32.87317,32.98713,33.09812,33.206250000000004,33.31163,33.41415,33.51392,33.61094,33.70532000000001,33.79695,33.886050000000004,33.97262,34.05666,34.13806,34.217040000000004,34.293710000000004,34.367850000000004,34.43968,34.50909,34.5763,34.641200000000005,34.704010000000004,34.76451,34.822810000000004,34.87913,34.93325,34.98539,35.03544,35.08362,35.12982,35.174040000000005,35.21639,35.256980000000006,35.295700000000004,35.332660000000004,35.36786,35.401410000000006,35.43320000000001,35.46345,35.492050000000006,35.519110000000005,35.54463,35.56861,35.59116000000001,35.612280000000005,35.63208,35.650450000000006,35.6675,35.68323000000001,35.697750000000006,35.71106,35.72327000000001,35.73427,35.744170000000004,35.75297,35.760780000000004,35.7676,35.773540000000004,35.778490000000005,35.782560000000004,35.78586000000001,35.78839000000001,35.79015,35.79114,35.791470000000004,35.791250000000005,35.79037000000001,35.78905,35.78718,35.784870000000005,35.782230000000006,35.77915,35.77585,35.772220000000004,35.768370000000004,35.764410000000005,35.76034,35.75627,35.75209,35.74813,35.744170000000004,35.740320000000004,35.7368,35.7335,35.73064,35.72811,35.726020000000005,35.72448,35.723490000000005,35.72316,35.723490000000005,35.7247,35.72668,35.72965,35.7335,35.73845,35.74461,35.751760000000004,35.76034,35.77013000000001,35.78135,35.794000000000004,35.80819,35.82403000000001,35.84152,35.86077000000001,35.881890000000006,35.904770000000006,35.92974000000001,35.95658000000001,35.985620000000004,36.01675,36.05019,36.08583000000001,36.12389,36.164260000000006,36.20716,36.25259,36.30066,36.35126,36.404610000000005,36.46071,36.51956,36.581160000000004,36.64573000000001,36.71327000000001,36.78367000000001,36.857040000000005,36.93349,37.012910000000005,37.09541000000001,37.18099,37.269760000000005,37.361610000000006,37.456540000000004,37.554660000000005,37.65597,37.76036,37.868050000000004,37.978820000000006,38.092670000000005,38.20982,38.33005000000001,38.45336,38.579860000000004,38.70933,38.84199,38.97773,39.116440000000004,39.258120000000005,39.40288
24.44706,24.11607,23.788490000000003,23.465090000000004,23.146420000000003,22.833030000000004,22.525800000000004,22.22539,21.93268,21.64844,21.37366,21.109220000000004,20.85611,20.61532,20.387950000000004,20.17488,19.977210000000003,19.795930000000002,19.632030000000004,19.48617,19.35945,19.25231,19.165410000000005,19.09919,19.054090000000002,19.03011,19.027250000000002,19.0454,19.08423,19.14319,19.22173,19.31908,19.43447,19.56669,19.71497,19.878100000000003,20.05498,20.24462,20.445700000000002,20.657120000000003,20.87789,21.1068,21.34297,21.585300000000004,21.83302,22.085140000000003,22.340780000000002,22.59928,22.859980000000004,23.122220000000002,23.385340000000003,23.64879,23.91213,24.17492,24.43672,24.697200000000002,24.956030000000002,25.212880000000002,25.467420000000004,25.719540000000002,25.969130000000003,26.21575,26.459400000000002,26.699970000000004,26.93724,27.171100000000003,27.40155,27.628590000000003,27.852000000000004,28.071780000000004,28.287820000000004,28.500340000000005,28.709010000000003,28.91405,29.11535,29.312910000000002,29.506730000000005,29.696810000000003,29.88326,30.06597,30.245050000000003,30.420500000000004,30.59232,30.76051,30.925180000000005,31.086330000000004,31.243960000000005,31.398070000000004,31.548880000000004,31.696170000000002,31.84016,31.98085,32.11824,32.25233,32.383340000000004,32.511050000000004,32.63568,32.75723,32.8757,32.991200000000006,33.10362000000001,33.21318,33.319880000000005,33.42372,33.52459,33.622820000000004,33.7183,33.81103,33.90101,33.98846,34.07327,34.155550000000005,34.2353,34.312520000000006,34.38732,34.459700000000005,34.52966,34.59731000000001,34.662650000000006,34.72579,34.78662,34.84525,34.90168,34.95602,35.00827,35.05843,35.10661,35.1527,35.19692,35.239270000000005,35.27964000000001,35.31814,35.35488,35.38975,35.42297000000001,35.45443,35.48424000000001,35.5124,35.53891000000001,35.563770000000005,35.5872,35.60909,35.62955000000001,35.64858,35.66607,35.68235,35.6972,35.71084,35.72316,35.73427,35.744170000000004,35.75297,35.760670000000005,35.76727,35.77277,35.777390000000004,35.78102,35.783660000000005,35.78553,35.78652,35.78663,35.786080000000005,35.784870000000005,35.78289,35.78036,35.777170000000005,35.773540000000004,35.769360000000006,35.76474,35.75968,35.754400000000004,35.74868000000001,35.74285,35.7368,35.73053000000001,35.72426,35.71788,35.71150000000001,35.70523,35.699180000000005,35.69324,35.68752,35.68224000000001,35.67718,35.67267,35.668600000000005,35.66508,35.662220000000005,35.66002,35.6587,35.65815,35.658480000000004,35.659690000000005,35.66211,35.66552000000001,35.67014,35.676080000000006,35.68334,35.69192,35.702040000000004,35.7137,35.72701000000001,35.74197,35.75869,35.777280000000005,35.797850000000004,35.82029,35.844930000000005,35.871550000000006,35.90048,35.931610000000006,35.965160000000004,36.001020000000004,36.039410000000004,36.080330000000004,36.12378,36.16987,36.21871,36.2703,36.32464,36.38195,36.44201,36.50515000000001,36.57126,36.64034,36.712500000000006,36.78774,36.866170000000004,36.947680000000005,37.03238,37.120380000000004,37.21146,37.30573,37.4033,37.50417000000001,37.608230000000006,37.71548,37.82603000000001,37.93977,38.05681,38.177040000000005,38.30046000000001,38.42707000000001,38.556869999999996,38.689750000000004,38.82582,38.96497,39.107200000000006,39.25251
24.176020000000005,23.833810000000003,23.494790000000002,23.159620000000004,22.82885,22.50336,22.18359,21.87064,21.56528,21.268280000000004,20.98085,20.703760000000003,20.438330000000004,20.185550000000003,19.94641,19.722230000000003,19.514110000000002,19.323040000000002,19.15012,18.996450000000003,18.86291,18.75016,18.659080000000003,18.59,18.543360000000003,18.51938,18.51806,18.53918,18.582300000000004,18.64698,18.73256,18.83805,18.962570000000003,19.105020000000003,19.264300000000002,19.439200000000003,19.628400000000003,19.83069,20.044970000000003,20.2697,20.504,20.74644,20.99614,21.252000000000002,21.512920000000005,21.778130000000004,22.046640000000004,22.317790000000002,22.590700000000002,22.86482,23.139600000000005,23.414270000000002,23.68861,23.961850000000002,24.233880000000003,24.50415,24.77244,25.038420000000002,25.30176,25.562460000000005,25.82008,26.074510000000004,26.325640000000003,26.57336,26.817560000000004,27.058130000000002,27.295070000000003,27.528160000000003,27.757400000000004,27.98279,28.204330000000002,28.421910000000004,28.635640000000002,28.84541,29.05133,29.253290000000003,29.451290000000004,29.64544,29.83574,30.022190000000002,30.204790000000003,30.383650000000003,30.558770000000003,30.730040000000002,30.89779,31.061690000000002,31.222180000000005,31.37893,31.532160000000005,31.681980000000003,31.828280000000003,31.97117,32.11065000000001,32.24683,32.37971,32.50929,32.63568,32.758880000000005,32.879000000000005,32.99593,33.10989000000001,33.22088,33.328790000000005,33.433840000000004,33.535920000000004,33.635250000000006,33.73172,33.82544,33.916410000000006,34.004740000000005,34.09032,34.173370000000006,34.253780000000006,34.33166,34.40701,34.479940000000006,34.550340000000006,34.618430000000004,34.68421,34.74757,34.808730000000004,34.867580000000004,34.92423,34.978680000000004,35.031040000000004,35.0812,35.129380000000005,35.175470000000004,35.21958000000001,35.26171,35.301970000000004,35.34025,35.37666000000001,35.41131000000001,35.44409,35.47511000000001,35.50448000000001,35.532090000000004,35.55805,35.58236,35.60513,35.626360000000005,35.64594,35.6642,35.68092,35.69621,35.71018,35.72283,35.73416,35.744170000000004,35.75297,35.760560000000005,35.767050000000005,35.772330000000004,35.77662,35.77981,35.78201,35.78322000000001,35.783550000000005,35.783,35.78157,35.77937,35.7764,35.77266,35.768370000000004,35.76331,35.757810000000006,35.751760000000004,35.745160000000006,35.73812,35.73075000000001,35.72294,35.71491,35.70666,35.698190000000004,35.68961,35.68092,35.672340000000005,35.663650000000004,35.65518000000001,35.64682,35.63857,35.63076,35.62328,35.616130000000005,35.60953000000001,35.603370000000005,35.59798000000001,35.59314,35.58907000000001,35.58588,35.58346,35.58214,35.58181,35.58258,35.58456,35.58775,35.59237,35.59831,35.60579,35.61481,35.62548,35.637910000000005,35.652100000000004,35.66816000000001,35.68620000000001,35.70622,35.728440000000006,35.75275,35.77926000000001,35.80819,35.83943,35.873200000000004,35.90939,35.948330000000006,35.98980000000001,36.034020000000005,36.08099,36.13082000000001,36.1834,36.23906,36.29769,36.35929,36.42397,36.49184,36.56279000000001,36.63693000000001,36.71426000000001,36.79478000000001,36.878600000000006,36.965720000000005,37.05614,37.14986,37.24688,37.3472,37.45093000000001,37.55796,37.66829,37.78203,37.89896,38.01919,38.142830000000004,38.26966,38.399680000000004,38.533,38.66951,38.8091,38.95199,39.09785000000001
23.90509,23.55122,23.20032,22.852940000000004,22.50963,22.17127,21.838520000000003,21.51226,21.19348,20.88306,20.5821,20.291700000000002,20.012960000000003,19.747200000000003,19.49552,19.259240000000002,19.039570000000005,18.83783,18.65523,18.49287,18.35185,18.23294,18.13702,18.06464,18.01635,17.99237,17.99248,18.016790000000004,18.06464,18.13559,18.228650000000002,18.34305,18.47758,18.631140000000002,18.802300000000002,18.98985,19.192250000000005,19.40829,19.636540000000004,19.87557,20.12406,20.38091,20.644910000000003,20.91485,21.189740000000004,21.468480000000003,21.750410000000002,22.034650000000003,22.320320000000002,22.60676,22.893530000000002,23.179750000000002,23.465200000000003,23.74933,24.031810000000004,24.31209,24.589950000000005,24.865170000000003,25.13753,25.406700000000004,25.67246,25.934810000000002,26.193530000000003,26.448510000000002,26.69975,26.946920000000002,27.190240000000003,27.429380000000002,27.66456,27.895670000000003,28.122490000000003,28.345350000000003,28.564030000000002,28.77853,28.988960000000002,29.195320000000002,29.397500000000004,29.595610000000004,29.789760000000005,29.979950000000002,30.16607,30.348230000000004,30.526540000000004,30.701000000000004,30.871610000000004,31.038480000000003,31.201610000000006,31.361000000000004,31.51676,31.66889,31.817500000000003,31.962590000000002,32.10416,32.24232,32.37707,32.508520000000004,32.63656,32.761410000000005,32.883070000000004,33.001540000000006,33.11693,33.229240000000004,33.33847,33.44462,33.54791,33.648340000000005,33.7458,33.8404,33.93225,34.021350000000005,34.10781,34.191520000000004,34.27259,34.351130000000005,34.42703,34.500400000000006,34.57135,34.639770000000006,34.70588,34.76957,34.83095,34.89002,34.946780000000004,35.001340000000006,35.053810000000006,35.103970000000004,35.15204,35.198130000000006,35.242020000000004,35.284040000000005,35.32397,35.362030000000004,35.39811000000001,35.432320000000004,35.46477,35.49535000000001,35.524170000000005,35.551230000000004,35.576530000000005,35.60029,35.62229,35.64275000000001,35.66167,35.679050000000004,35.69489,35.709300000000006,35.722280000000005,35.733830000000005,35.744060000000005,35.75297,35.760670000000005,35.767050000000005,35.772220000000004,35.776180000000004,35.77915,35.780910000000006,35.78168,35.78135,35.78014,35.77794,35.77486,35.770900000000005,35.76617,35.760780000000004,35.75451,35.747690000000006,35.740100000000005,35.73207,35.723490000000005,35.71436,35.70479,35.69489,35.68466000000001,35.6741,35.663430000000005,35.65243,35.64143,35.63032,35.61932,35.608320000000006,35.59743,35.58676,35.57631000000001,35.566190000000006,35.556400000000004,35.547160000000005,35.538360000000004,35.53022,35.52274,35.51592,35.50998,35.504920000000006,35.50074000000001,35.49766,35.49568,35.49491,35.49546,35.497220000000006,35.50052000000001,35.505250000000004,35.51163,35.51955,35.529340000000005,35.540890000000005,35.55442000000001,35.56993000000001,35.58742000000001,35.607110000000006,35.629000000000005,35.653200000000005,35.67971000000001,35.70875,35.740320000000004,35.77442,35.81116,35.85065000000001,35.89289,35.937990000000006,35.98595,36.03699,36.09089,36.147980000000004,36.20815,36.2714,36.337950000000006,36.40758,36.48062,36.556960000000004,36.63649,36.71954,36.80589,36.895540000000004,36.988710000000005,37.08529000000001,37.18517,37.28857,37.39538,37.5056,37.61912,37.73616,37.85661,37.980360000000005,38.10741,38.23787,38.371520000000004,38.50858000000001,38.648830000000004,38.79227000000001,38.938900000000004
23.63493,23.269070000000003,22.90585,22.54571,22.189420000000002,21.83764,21.491250000000004,21.151130000000002,20.818160000000002,20.493550000000003,20.178180000000005,19.87348,19.580550000000002,19.300710000000002,19.035500000000003,18.78613,18.55403,18.340630000000004,18.14725,17.975320000000004,17.825940000000003,17.700210000000002,17.5989,17.52289,17.472730000000002,17.44853,17.45029,17.47801,17.530920000000002,17.60858,17.710000000000004,17.834080000000004,17.9795,18.14505,18.32908,18.53027,18.74697,18.977640000000005,19.220850000000002,19.47506,19.73873,20.01076,20.289720000000003,20.574510000000004,20.864030000000003,21.15707,21.452970000000004,21.75063,22.049500000000005,22.3487,22.64768,22.945890000000002,23.24278,23.53791,23.83095,24.121460000000003,24.409110000000002,24.69368,24.975060000000003,25.252810000000004,25.52693,25.797200000000004,26.06351,26.325750000000003,26.583920000000003,26.8378,27.087500000000002,27.332800000000002,27.57381,27.81053,28.042740000000002,28.270770000000002,28.494290000000003,28.713520000000003,28.92846,29.139110000000006,29.345470000000002,29.54765,29.745540000000002,29.939360000000004,30.129,30.31446,30.496070000000003,30.673500000000004,30.847080000000002,31.0167,31.182470000000002,31.344500000000004,31.50268,31.657120000000003,31.807930000000002,31.955220000000004,32.09877,32.238910000000004,32.375530000000005,32.50874,32.63854,32.76493000000001,32.888130000000004,33.008030000000005,33.12485,33.23837,33.34881,33.45628,33.56056,33.66198000000001,33.76043,33.85602,33.948750000000004,34.03862,34.12574,34.21011000000001,34.29184,34.37093,34.44738,34.521190000000004,34.592580000000005,34.661440000000006,34.72777,34.79168,34.853280000000005,34.91257,34.969440000000006,35.02411,35.07647,35.12663,35.1747,35.22057000000001,35.26435000000001,35.30615,35.34586,35.383480000000006,35.419230000000006,35.45311,35.48501,35.51515,35.54342,35.56982,35.594570000000004,35.617560000000005,35.63890000000001,35.658590000000004,35.67663,35.693130000000004,35.708090000000006,35.72151,35.7335,35.743950000000005,35.753080000000004,35.760780000000004,35.76727,35.772330000000004,35.776180000000004,35.77882,35.78036,35.78069000000001,35.779920000000004,35.77805000000001,35.77519,35.77134,35.76661,35.76089,35.754400000000004,35.74703000000001,35.738890000000005,35.730090000000004,35.72052,35.7104,35.69973000000001,35.68851,35.67674,35.664640000000006,35.652100000000004,35.63923,35.62614,35.61283000000001,35.5993,35.585770000000004,35.57224,35.558600000000006,35.54518,35.53187,35.51878,35.50602,35.493590000000005,35.4816,35.47005,35.459160000000004,35.448820000000005,35.43925,35.43045,35.42264,35.4156,35.40977,35.40493000000001,35.401300000000006,35.398990000000005,35.398,35.39844,35.400420000000004,35.403940000000006,35.40922,35.41626,35.42517000000001,35.435950000000005,35.448820000000005,35.46378000000001,35.480940000000004,35.50041,35.52219000000001,35.54628,35.573010000000004,35.60227,35.634170000000005,35.668820000000004,35.70622,35.746480000000005,35.78971,35.835800000000006,35.88508,35.93733,35.99288,36.05151,36.113330000000005,36.178560000000004,36.24709000000001,36.318920000000006,36.39416,36.47292000000001,36.55498,36.64056000000001,36.72966,36.822280000000006,36.918310000000005,37.017860000000006,37.12093,37.227630000000005,37.33774,37.45126,37.56841000000001,37.688970000000005,37.812940000000005,37.940430000000006,38.071220000000004,38.205420000000004,38.343030000000006,38.483940000000004,38.62804,38.77544
23.366200000000003,22.98813,22.612150000000003,22.23881,21.868990000000004,21.50335,21.142660000000003,20.78791,20.44009,20.1003,19.769750000000002,19.44976,19.14165,18.846850000000003,18.566790000000005,18.30323,18.05749,17.83133,17.626290000000004,17.443690000000004,17.28507,17.15164,17.0445,16.96431,16.91184,16.887420000000002,16.89094,16.92229,16.98081,17.06584,17.17639,17.31092,17.46833,17.64686,17.84497,18.060900000000004,18.29289,18.53929,18.798560000000002,19.068830000000002,19.34878,19.636760000000002,19.93156,20.231970000000004,20.53667,20.84456,21.154870000000003,21.466610000000003,21.77901,22.0913,22.40293,22.71324,23.0219,23.32825,23.63196,23.932810000000003,24.23036,24.524500000000003,24.8149,25.101340000000004,25.383820000000004,25.662010000000002,25.93591,26.205520000000003,26.47062,26.7311,26.987180000000002,27.23864,27.485480000000003,27.727700000000002,27.9653,28.19839,28.426860000000005,28.65082,28.870160000000002,29.0851,29.295530000000003,29.501670000000004,29.703300000000002,29.900640000000003,30.093690000000002,30.28256,30.46714,30.647650000000002,30.82409,30.996570000000002,31.164980000000003,31.329430000000002,31.490030000000004,31.646780000000003,31.79979,31.949060000000003,32.0947,32.23671,32.3752,32.51006,32.641510000000004,32.76955,32.894180000000006,33.01551,33.13365,33.248490000000004,33.36014,33.4686,33.57409,33.676500000000004,33.775830000000006,33.8723,33.9658,34.05644,34.144220000000004,34.22936,34.311640000000004,34.39117,34.46806,34.54242,34.614140000000006,34.683220000000006,34.749880000000005,34.81412,34.87583,34.935230000000004,34.99221,35.04688,35.09924,35.1494,35.197250000000004,35.24301,35.28657,35.32804,35.36742,35.40482,35.44013,35.47357,35.50503,35.534510000000004,35.56223000000001,35.588080000000005,35.61206000000001,35.63439,35.65496,35.673770000000005,35.69093,35.70655000000001,35.72052,35.73284,35.743730000000006,35.75319,35.76111,35.7676,35.77277,35.77662,35.77915,35.78036,35.78036,35.77915,35.77684,35.773320000000005,35.76881,35.76331,35.756710000000005,35.749230000000004,35.74087000000001,35.731519999999996,35.72151,35.71062,35.69907,35.68686,35.67399,35.66046,35.64649000000001,35.63208,35.617230000000006,35.601940000000006,35.58643000000001,35.57070000000001,35.554640000000006,35.53858,35.52241000000001,35.50624,35.49007,35.474120000000006,35.45828,35.44277,35.42759,35.41274,35.39844,35.384690000000006,35.37149000000001,35.35906,35.3474,35.33662,35.32672,35.31792,35.31022,35.30362,35.29845,35.29449,35.29207,35.29119000000001,35.29196,35.294380000000004,35.29867,35.30472,35.31286000000001,35.32309,35.33541,35.34993,35.366760000000006,35.386010000000006,35.40779,35.4321,35.459050000000005,35.48875,35.52120000000001,35.55651,35.59479,35.63604,35.680260000000004,35.72778,35.77838,35.832170000000005,35.88937,35.949870000000004,36.013670000000005,36.08099,36.151720000000005,36.22597,36.303740000000005,36.38503000000001,36.469840000000005,36.55839000000001,36.65035,36.746050000000004,36.84527,36.94812,37.0546,37.16460000000001,37.27834000000001,37.39549,37.51627,37.64068,37.7685,37.899840000000005,38.03459000000001,38.17275,38.31443,38.459300000000006,38.607580000000006
23.099780000000003,22.70906,22.319990000000004,21.933230000000002,21.54933,21.169170000000005,20.793630000000004,20.42359,20.06015,19.704410000000003,19.35769,19.021420000000003,18.69703,18.386060000000004,18.09016,17.811090000000004,17.550610000000002,17.310370000000002,17.092350000000003,16.898090000000003,16.72924,16.58723,16.47327,16.388460000000002,16.33335,16.308490000000003,16.31388,16.34919,16.413980000000002,16.507150000000003,16.62749,16.77368,16.944070000000004,17.1369,17.35019,17.58207,17.83056,18.094010000000004,18.37022,18.657760000000003,18.95476,19.259680000000003,19.571200000000005,19.88778,20.208430000000003,20.53183,20.8571,21.18336,21.50962,21.835440000000002,22.15994,22.482680000000002,22.803110000000004,23.1209,23.43561,23.746800000000004,24.054360000000003,24.35807,24.657600000000002,24.952730000000003,25.243460000000002,25.529680000000003,25.811280000000004,26.088040000000003,26.36007,26.627260000000003,26.88961,27.147120000000005,27.399790000000003,27.647510000000004,27.890500000000003,28.128540000000005,28.361850000000004,28.59043,28.814280000000004,29.0334,29.2479,29.457780000000003,29.66315,29.864010000000004,30.060470000000002,30.252530000000004,30.4403,30.623670000000004,30.802970000000002,30.97809,31.149030000000003,31.316010000000002,31.478920000000002,31.637980000000002,31.793080000000003,31.944440000000004,32.092060000000004,32.23583,32.37608,32.5127,32.64569,32.775270000000006,32.90133,33.02409,33.143440000000005,33.25949000000001,33.372240000000005,33.48191,33.588280000000005,33.69168,33.792,33.88924,33.98351,34.074920000000006,34.163360000000004,34.249050000000004,34.33188,34.41196,34.489290000000004,34.56398,34.636030000000005,34.70544,34.77232,34.836780000000005,34.8986,34.958000000000006,35.01509,35.06976,35.12201,35.17206,35.219800000000006,35.26534,35.30868,35.34982000000001,35.388980000000004,35.42594,35.46081,35.493700000000004,35.52461,35.553650000000005,35.5806,35.60579,35.62911,35.650670000000005,35.67036,35.68840000000001,35.704679999999996,35.71920000000001,35.73218000000001,35.74351000000001,35.7533,35.76155000000001,35.76826,35.773540000000004,35.777390000000004,35.77981,35.780910000000006,35.78069000000001,35.77915,35.7764,35.77244,35.76727,35.76111,35.75374,35.745380000000004,35.73603,35.72569,35.714470000000006,35.70237,35.68939,35.67575,35.66123,35.64616,35.630430000000004,35.61415,35.597319999999996,35.58005000000001,35.562450000000005,35.54441,35.52604,35.50745,35.48875,35.46994,35.45102000000001,35.432210000000005,35.4134,35.39481000000001,35.37644000000001,35.3584,35.34069,35.32353,35.30681,35.29064,35.27524,35.26061000000001,35.246860000000005,35.233990000000006,35.22222000000001,35.21144,35.201980000000006,35.19373,35.186910000000005,35.181520000000006,35.177670000000006,35.175470000000004,35.17503,35.176460000000006,35.17976,35.18504,35.19241,35.201980000000006,35.21397,35.22816,35.24488,35.26413000000001,35.28602000000001,35.31055,35.33794,35.368190000000006,35.401410000000006,35.4376,35.476870000000005,35.519220000000004,35.56487,35.61382,35.66607,35.72162000000001,35.78069000000001,35.84328000000001,35.90939,35.978910000000006,36.052170000000004,36.12906,36.20947000000001,36.293620000000004,36.381510000000006,36.47303,36.56829,36.66718,36.76992,36.87629,36.986290000000004,37.10014,37.217510000000004,37.338620000000006,37.46325,37.59162,37.723510000000005,37.858920000000005,37.99785000000001,38.1403,38.28605,38.435320000000004
22.836550000000003,22.43296,22.03047,21.62974,21.231320000000004,20.8362,20.44515,20.059160000000002,19.67922,19.30676,18.94299,18.589450000000003,18.24757,17.91922,17.606160000000003,17.31026,17.03361,16.778080000000003,16.545650000000002,16.33841,16.15812,16.00643,15.88499,15.79479,15.736710000000002,15.711300000000001,15.718670000000001,15.758490000000002,15.829990000000002,15.932070000000001,16.06341,16.222360000000002,16.40705,16.615280000000002,16.845180000000003,17.094330000000003,17.360750000000003,17.64235,17.93693,18.24273,18.55777,18.880620000000004,19.20952,19.543260000000004,19.88041,20.21987,20.560540000000003,20.90165,21.24232,21.58189,21.919590000000003,22.25487,22.587400000000002,22.916740000000004,23.24245,23.564200000000003,23.88177,24.195050000000002,24.503600000000002,24.80753,25.106620000000003,25.400760000000002,25.68984,25.973860000000002,26.25282,26.526610000000005,26.795230000000004,27.058680000000003,27.31707,27.570290000000004,27.818450000000002,28.061550000000004,28.299590000000002,28.532680000000003,28.760820000000002,28.98412,29.20258,29.416310000000003,29.62531,29.82969,30.02934,30.224590000000003,30.415330000000004,30.601670000000002,30.783720000000002,30.96148,31.134950000000003,31.304240000000004,31.46957,31.63072,31.788020000000003,31.941250000000004,32.090740000000004,32.236380000000004,32.378280000000004,32.51655,32.65119,32.7822,32.909690000000005,33.033660000000005,33.15422,33.271480000000004,33.38544,33.496100000000006,33.603460000000005,33.70774,33.80894,33.90695,34.001990000000006,34.09406,34.18316,34.269400000000005,34.35267,34.43319,34.510960000000004,34.585980000000006,34.65836,34.728100000000005,34.7952,34.859660000000005,34.9217,34.9811,35.03819000000001,35.09275,35.145,35.19483,35.24246000000001,35.287780000000005,35.33079,35.3716,35.410320000000006,35.44684000000001,35.48127,35.513720000000006,35.54397,35.57235000000001,35.59875,35.62317000000001,35.645720000000004,35.6664,35.685320000000004,35.70237,35.71766,35.7313,35.74318,35.75341000000001,35.761990000000004,35.76903,35.774530000000006,35.778490000000005,35.78102,35.78201,35.78168,35.779920000000004,35.77684,35.77244,35.766830000000006,35.76001,35.75198,35.742740000000005,35.73251,35.72118,35.70897,35.695660000000004,35.681470000000004,35.6664,35.65056,35.63384,35.616460000000004,35.598420000000004,35.57972,35.56047,35.540780000000005,35.520540000000004,35.499970000000005,35.47907000000001,35.457840000000004,35.43639,35.41483000000001,35.39316000000001,35.37149000000001,35.34993,35.32837000000001,35.307140000000004,35.28613,35.26545,35.24521,35.22552,35.20638,35.188010000000006,35.170300000000005,35.15336,35.13752,35.12256,35.108810000000005,35.096270000000004,35.08494,35.07504,35.06657,35.05975,35.05458,35.05106,35.04952,35.049960000000006,35.05238,35.05689,35.06371,35.07295,35.084500000000006,35.098580000000005,35.1153,35.134660000000004,35.15677,35.181850000000004,35.20979,35.24081,35.274910000000006,35.312090000000005,35.35257,35.396460000000005,35.443650000000005,35.49425,35.548260000000006,35.605900000000005,35.667170000000006,35.73196000000001,35.80049,35.87265,35.948660000000004,36.0283,36.11179,36.199020000000004,36.2901,36.38503000000001,36.483700000000006,36.58622,36.69259000000001,36.8027,36.91666000000001,37.03425,37.15569000000001,37.28087,37.40979,37.54223,37.67841000000001,37.818110000000004,37.96144,38.108180000000004,38.25844
22.57739,22.16071,21.744580000000003,21.32944,20.916280000000004,20.505540000000003,20.09843,19.69583,19.298730000000003,18.90867,18.526750000000003,18.154840000000004,17.79437,17.44743,17.11578,16.801620000000003,16.507150000000003,16.23468,15.986520000000002,15.76476,15.571710000000001,15.40924,15.27922,15.182970000000001,15.121480000000002,15.095410000000001,15.104870000000002,15.149420000000001,15.2284,15.34049,15.48393,15.65696,15.857380000000003,16.08266,16.3306,16.598560000000003,16.884230000000002,17.1853,17.499460000000003,17.824620000000003,18.15891,18.50057,18.84784,19.19929,19.553600000000003,19.90967,20.26629,20.622690000000002,20.977990000000002,21.33153,21.682650000000002,22.0308,22.37554,22.716430000000003,23.053140000000003,23.385450000000002,23.713140000000003,24.03599,24.353670000000005,24.66629,24.97363,25.275690000000004,25.57225,25.86353,26.1492,26.429480000000005,26.704370000000004,26.973760000000002,27.237760000000005,27.496370000000002,27.74959,27.997530000000005,28.2403,28.4779,28.710330000000003,28.9377,29.160010000000003,29.377370000000003,29.59,29.79768,30.00063,30.198960000000003,30.392670000000003,30.581870000000002,30.766560000000002,30.946850000000005,31.12274,31.294450000000005,31.461980000000004,31.625220000000002,31.7845,31.939820000000005,32.09107,32.23847000000001,32.382020000000004,32.52183,32.657900000000005,32.79034,32.91915,33.04444,33.16632,33.28468,33.39963,33.511280000000006,33.61963000000001,33.72479,33.82676,33.925540000000005,34.021240000000006,34.11397,34.20362,34.2903,34.37412,34.45508,34.53318,34.60853,34.68113,34.751090000000005,34.8183,34.88298,34.94502,35.00453,35.06151,35.11596,35.1681,35.21782,35.26512,35.31011,35.352900000000005,35.39338000000001,35.43155000000001,35.46763,35.50162,35.53341,35.56311,35.590830000000004,35.61657,35.64022,35.662000000000006,35.6818,35.69984,35.715900000000005,35.7302,35.742740000000005,35.75352,35.76265,35.77002,35.77585,35.78003,35.782560000000004,35.783660000000005,35.78322000000001,35.78135,35.77805000000001,35.773320000000005,35.76727,35.76001,35.75132,35.741530000000004,35.73042,35.718320000000006,35.70501,35.6906,35.67531,35.65892,35.64165,35.6235,35.604580000000006,35.58489,35.56443,35.543310000000005,35.52153,35.4992,35.47643,35.45322000000001,35.429570000000005,35.405590000000004,35.3815,35.35708,35.332550000000005,35.30802,35.28349,35.25907,35.23476,35.21078,35.187020000000004,35.1637,35.140930000000004,35.11871000000001,35.097150000000006,35.07625,35.05623,35.037200000000006,35.01916,35.00211,34.986380000000004,34.971970000000006,34.95888,34.94733,34.93732,34.92907,34.92258,34.91796,34.91543,34.914880000000004,34.91653,34.92049,34.92687,34.93567,34.947,34.96108,34.97791,34.9976,35.02026,35.04589,35.074600000000004,35.10661,35.14181,35.18031,35.22222000000001,35.26765,35.31660000000001,35.36918,35.42539000000001,35.48523000000001,35.54881000000001,35.616240000000005,35.68741000000001,35.76254000000001,35.84141,35.924240000000005,36.010920000000006,36.101560000000006,36.196160000000006,36.294610000000006,36.397020000000005,36.50339,36.61361,36.727790000000006,36.84582,36.96759000000001,37.093320000000006,37.22279,37.356,37.49295,37.63353,37.77785,37.92569,38.07705
22.323400000000003,21.89341,21.463310000000003,21.03365,20.60509,20.178510000000003,19.75479,19.334810000000004,18.919890000000002,18.51124,18.1104,17.71891,17.33864,16.971680000000003,16.62001,16.286050000000003,15.972220000000002,15.68116,15.4154,15.177580000000003,14.970120000000001,14.79555,14.65574,14.55245,14.487000000000002,14.46005,14.471820000000001,14.52176,14.609100000000002,14.732190000000001,14.889160000000002,15.077810000000001,15.2955,15.539480000000001,15.807110000000002,16.095530000000004,16.4021,16.72407,17.059130000000003,17.404970000000002,17.759500000000003,18.120850000000004,18.487260000000003,18.857190000000003,19.22932,19.602330000000002,19.975450000000002,20.34747,20.71773,21.085460000000005,21.450110000000002,21.81113,22.16819,22.520740000000004,22.868560000000002,23.21143,23.54913,23.88155,24.208360000000003,24.529560000000004,24.845150000000004,25.15491,25.45895,25.757160000000002,26.049650000000003,26.33631,26.617250000000006,26.892470000000003,27.16197,27.425860000000004,27.684250000000002,27.937030000000004,28.184310000000004,28.4262,28.66281,28.89414,29.1203,29.34129,29.557330000000004,29.768310000000003,29.974450000000004,30.175750000000004,30.372320000000002,30.56427,30.751600000000003,30.934310000000004,31.11262,31.286640000000002,31.45626,31.62159,31.782850000000003,31.939930000000004,32.093050000000005,32.2421,32.3873,32.528650000000006,32.66615,32.799910000000004,32.93004,33.056540000000005,33.179520000000004,33.29898,33.41492,33.52756,33.636790000000005,33.742720000000006,33.84546,33.94501,34.04137,34.13465,34.22485,34.31208,34.39623,34.477630000000005,34.55606,34.63163,34.70445,34.77452,34.841950000000004,34.90663,34.96867,35.028180000000006,35.08505,35.139500000000005,35.19142,35.24092,35.287890000000004,35.332660000000004,35.37501,35.41505000000001,35.452890000000004,35.488420000000005,35.521860000000004,35.55299000000001,35.58214,35.60909,35.63406,35.65694,35.677839999999996,35.696760000000005,35.71381,35.72899,35.74219,35.75363000000001,35.76331,35.77123,35.777390000000004,35.78190000000001,35.784650000000006,35.78586000000001,35.78553,35.783550000000005,35.78014,35.77519,35.76881,35.76111,35.75198,35.741530000000004,35.729760000000006,35.71678,35.70259,35.6873,35.6708,35.653310000000005,35.63472000000001,35.61525,35.59479,35.57345,35.55134,35.52846,35.50481,35.480500000000006,35.45553,35.43012000000001,35.404160000000005,35.37776,35.35103000000001,35.32397,35.29669,35.26930000000001,35.2418,35.21419,35.186690000000006,35.15941,35.13224,35.1054,35.079,35.05293,35.02752,35.00266,34.978680000000004,34.95536,34.93303,34.91169,34.891560000000005,34.872530000000005,34.854820000000004,34.83854,34.823690000000006,34.8106,34.79905,34.789480000000005,34.781780000000005,34.77606,34.77254,34.77122,34.77221,34.77562,34.781670000000005,34.79025000000001,34.80169,34.81588,34.832930000000005,34.85317,34.876380000000005,34.902890000000006,34.932590000000005,34.9657,35.00222,35.042260000000006,35.085930000000005,35.133230000000005,35.184160000000006,35.23894000000001,35.29746,35.35983,35.42616,35.496340000000004,35.570479999999996,35.64869,35.73086,35.8171,35.907300000000006,36.00157000000001,36.09991,36.20221,36.308690000000006,36.41913,36.53353,36.65189,36.774210000000004,36.900490000000005,37.03073,37.16471,37.30254,37.44411000000001,37.58942,37.73836000000001,37.89104
22.075680000000002,21.632160000000002,21.187870000000004,20.743360000000003,20.299290000000003,19.856320000000004,19.415440000000004,18.977640000000005,18.544130000000003,18.116120000000002,17.69526,17.2832,16.88192,16.4934,16.12017,15.764650000000001,15.4297,15.118070000000001,14.832840000000003,14.57698,14.353460000000002,14.165030000000002,14.014220000000002,13.9029,13.832830000000001,13.804780000000001,13.81897,13.874960000000002,13.97165,14.107170000000002,14.27921,14.485240000000001,14.72207,14.986730000000001,15.275920000000001,15.586560000000002,15.91557,16.259980000000002,16.61737,16.985100000000003,17.360860000000002,17.74289,18.129210000000004,18.518280000000004,18.908780000000004,19.29939,19.689120000000003,20.077090000000002,20.46253,20.84467,21.222960000000004,21.596960000000003,21.966340000000002,22.330550000000002,22.68948,23.042910000000003,23.390510000000003,23.732280000000003,24.06811,24.39789,24.721510000000002,25.03897,25.35038,25.655520000000003,25.95461,26.24754,26.53442,26.815360000000002,27.090250000000005,27.35931,27.62254,27.880050000000004,28.131730000000005,28.377910000000004,28.61859,28.85377,29.08367,29.30818,29.527520000000003,29.7418,29.950910000000004,30.15518,30.3545,30.54909,30.738950000000003,30.924080000000004,31.104700000000005,31.280920000000002,31.452630000000003,31.619940000000003,31.783070000000002,31.942020000000003,32.09679,32.24749,32.39423,32.53701,32.675830000000005,32.81102,32.94236,33.06996,33.19404,33.314490000000006,33.43142,33.544940000000004,33.65505,33.76175,33.86515,33.965360000000004,34.062380000000005,34.1561,34.24685,34.334520000000005,34.41911,34.500840000000004,34.57949,34.655390000000004,34.728320000000004,34.798610000000004,34.866040000000005,34.93072,34.992760000000004,35.05216,35.109030000000004,35.16326,35.21496,35.26413000000001,35.310880000000004,35.35521000000001,35.39723,35.43683,35.474120000000006,35.50921,35.54199,35.572570000000006,35.600950000000005,35.62713,35.65133,35.67344,35.69346,35.71139,35.727450000000005,35.741530000000004,35.75374,35.76408,35.77255,35.77915,35.7841,35.78718,35.788610000000006,35.78839000000001,35.78652,35.783,35.77794,35.77134,35.76331,35.75374,35.742740000000005,35.73042,35.71678,35.701820000000005,35.68565,35.66816000000001,35.649570000000004,35.62988,35.60898,35.5872,35.56443,35.540670000000006,35.51603000000001,35.49051,35.464330000000004,35.437380000000005,35.40977,35.38161000000001,35.352790000000006,35.323640000000005,35.293940000000006,35.26402,35.23377000000001,35.203300000000006,35.172720000000005,35.14214,35.111560000000004,35.080980000000004,35.05073,35.020590000000006,34.99089,34.96163000000001,34.93292,34.90476,34.877370000000006,34.850750000000005,34.82512,34.80048,34.776830000000004,34.7545,34.73349,34.7138,34.69576,34.67926,34.66452,34.651650000000004,34.64076,34.63185,34.62514,34.620740000000005,34.61876,34.619310000000006,34.62239,34.62811,34.6368,34.64824,34.662760000000006,34.68047,34.701260000000005,34.725350000000006,34.75285,34.78387,34.81841,34.85647,34.898270000000004,34.94381,34.9932,35.046440000000004,35.103640000000006,35.1648,35.23003,35.299220000000005,35.37259,35.450030000000005,35.53154000000001,35.617230000000006,35.70721,35.80115000000001,35.89938000000001,36.00179000000001,36.10827,36.21893,36.33377000000001,36.45257,36.57555000000001,36.702490000000004,36.83339000000001,36.968250000000005,37.10707,37.24974,37.39615,37.54641,37.700300000000006
21.835110000000004,21.37817,20.919580000000003,20.460110000000004,20.0002,19.54062,19.082140000000003,18.625970000000002,18.17321,17.725070000000002,17.28331,16.84947,16.42575,16.014460000000003,15.617910000000002,15.239070000000002,14.880910000000002,14.54662,14.239830000000001,13.963840000000001,13.722060000000003,13.517900000000001,13.354330000000001,13.233880000000001,13.15831,13.12894,13.14588,13.208580000000001,13.31583,13.46532,13.654300000000001,13.879690000000002,14.137860000000002,14.42529,14.738130000000002,15.072860000000002,15.42618,15.79479,16.17583,16.56655,16.964750000000002,17.368340000000003,17.775340000000003,18.18421,18.593519999999998,19.00206,19.40884,19.812980000000003,20.213600000000003,20.61026,21.0023,21.389280000000003,21.77087,22.146740000000005,22.51667,22.88044,23.237940000000002,23.589060000000003,23.933690000000002,24.27183,24.603370000000005,24.92842,25.24687,25.55883,25.864410000000003,26.163500000000003,26.456210000000006,26.74265,27.02282,27.296940000000003,27.564900000000005,27.82692,28.083000000000002,28.333360000000003,28.577890000000004,28.81681,29.050230000000003,29.27815,29.500790000000002,29.71815,29.93023,30.137360000000005,30.33932,30.536440000000002,30.72872,30.91627,31.09909,31.277400000000004,31.45109,31.62038,31.785270000000004,31.945980000000002,32.10229,32.25464,32.40281,32.54702,32.68716,32.82356,32.95611,33.084810000000004,33.209880000000005,33.331320000000005,33.44924,33.56353,33.67441,33.78188,33.88594,33.98681,34.084270000000004,34.178650000000005,34.26973,34.35784,34.44276,34.52471,34.60369,34.679700000000004,34.75285,34.82314,34.890570000000004,34.95536,35.01729,35.07658,35.133230000000005,35.18724,35.23872000000001,35.287670000000006,35.334089999999996,35.37809000000001,35.41956,35.45872,35.49546,35.52989,35.56201,35.59193,35.61965000000001,35.64506000000001,35.668380000000006,35.68961,35.70875,35.72580000000001,35.74076,35.75374,35.76485,35.77398,35.781240000000004,35.78652,35.79015,35.79191,35.7918,35.79015,35.78663,35.78157,35.77486,35.76661,35.756710000000005,35.745380000000004,35.73251,35.718320000000006,35.70259,35.68565,35.66728,35.6477,35.62691,35.604910000000004,35.581700000000005,35.557500000000005,35.53231000000001,35.50602,35.47885000000001,35.45080000000001,35.421870000000006,35.39228,35.36192,35.3309,35.299330000000005,35.267100000000006,35.23454,35.20154,35.16832,35.13477,35.101000000000006,35.06723,35.033460000000005,34.99969,34.96603,34.932700000000004,34.89959,34.86703,34.83491,34.80334,34.77254,34.74251,34.71336,34.6852,34.65825,34.632400000000004,34.607870000000005,34.584880000000005,34.563320000000004,34.54352,34.52537,34.5092,34.4949,34.482800000000005,34.4729,34.46531,34.46025,34.45761,34.45772,34.46058,34.46641,34.475100000000005,34.48698,34.502050000000004,34.52042,34.54209,34.567280000000004,34.5961,34.628550000000004,34.66463,34.70467000000001,34.748450000000005,34.79619,34.848,34.90388,34.96372,35.02785,35.096050000000005,35.16854,35.24532000000001,35.326280000000004,35.411530000000006,35.50107,35.5949,35.693130000000004,35.79554000000001,35.90224,36.01312,36.128400000000006,36.24775,36.37128,36.498990000000006,36.630770000000005,36.76662,36.90654000000001,37.05031,37.198040000000006,37.34951,37.504830000000005
21.60301,21.132540000000002,20.659760000000002,20.18511,19.70925,19.232730000000004,18.75654,18.28145,17.80889,17.33996,16.87631,16.419700000000002,15.972330000000001,15.536620000000001,15.1151,14.71096,14.327500000000002,13.968350000000001,13.637360000000001,13.33871,13.076360000000001,12.854270000000001,12.676070000000001,12.544950000000002,12.463000000000001,12.431870000000002,12.451780000000001,12.522290000000002,12.641420000000002,12.806750000000001,13.01498,13.26215,13.544080000000001,13.85659,14.195390000000002,14.556410000000001,14.9358,15.33026,15.73638,16.15152,16.573150000000002,16.99907,17.427410000000002,17.856520000000003,18.285080000000004,18.71188,19.135930000000002,19.556240000000003,19.97237,20.38344,20.78912,21.18897,21.58277,21.97008,22.3509,22.7249,23.09208,23.45233,23.805650000000004,24.15193,24.491280000000003,24.823700000000002,25.14908,25.467750000000002,25.779490000000003,26.08452,26.38295,26.674670000000003,26.960010000000004,27.238970000000002,27.511550000000003,27.777970000000003,28.038230000000002,28.292550000000002,28.540930000000003,28.78348,29.020310000000002,29.251640000000005,29.47736,29.697580000000006,29.912630000000004,30.122400000000003,30.327,30.526540000000004,30.721130000000002,30.910880000000002,31.0959,31.276190000000003,31.451860000000003,31.622910000000005,31.78956,31.95192,32.109880000000004,32.26366,32.41326,32.55868,32.700140000000005,32.83775,32.9714,33.1012,33.22726,33.34958,33.468270000000004,33.58344,33.69498,33.803110000000004,33.907830000000004,34.00925,34.107260000000004,34.20197,34.2936,34.381930000000004,34.467180000000006,34.549350000000004,34.628550000000004,34.70467000000001,34.777930000000005,34.848330000000004,34.91576,34.98044,35.042370000000005,35.101440000000004,35.15787,35.21177,35.26292000000001,35.31143000000001,35.35752,35.40108,35.44211000000001,35.480720000000005,35.51691,35.55068000000001,35.58214,35.6114,35.63824,35.66288,35.685320000000004,35.70567,35.72382,35.73977,35.75374,35.765620000000006,35.77552000000001,35.783440000000006,35.78938000000001,35.79345,35.79565,35.79587,35.79444,35.79114,35.786080000000005,35.77937,35.770900000000005,35.76089,35.749230000000004,35.73603,35.72118,35.70501,35.6873,35.66816000000001,35.6477,35.62592,35.60282,35.57851,35.55299000000001,35.52626,35.498540000000006,35.46972,35.439910000000005,35.40922,35.37765,35.3452,35.31198,35.2781,35.24356,35.208470000000005,35.172830000000005,35.13675,35.10034,35.0636,35.02664000000001,34.98957000000001,34.9525,34.91532,34.87836,34.84162,34.8051,34.769020000000005,34.733380000000004,34.69840000000001,34.66408,34.63042,34.597750000000005,34.56607,34.53549,34.50623,34.47818,34.45156,34.426480000000005,34.40316000000001,34.381600000000006,34.36191,34.34431000000001,34.3288,34.3156,34.30482,34.29646,34.29074000000001,34.28777,34.28766,34.29052,34.29646,34.30548,34.317910000000005,34.33364,34.353,34.37577,34.402390000000004,34.43264,34.46685,34.50491,34.54693,34.59313,34.6434,34.69785,34.75648,34.81951,34.88683,34.95844,35.03445,35.11486,35.199780000000004,35.288990000000005,35.38271,35.480830000000005,35.58335,35.690270000000005,35.801590000000004,35.91731,36.03732000000001,36.161620000000006,36.2901,36.42287,36.55971,36.70073,36.84582,36.994870000000006,37.14788000000001,37.30463
21.380480000000002,20.896700000000003,20.409620000000004,19.919900000000002,19.42798,18.934520000000003,18.44029,17.94606,17.45315,16.962770000000003,16.476570000000002,15.996200000000002,15.523970000000002,15.06241,14.614160000000002,14.182630000000001,13.771560000000001,13.384910000000001,13.027190000000001,12.702910000000001,12.41713,12.174470000000001,11.979330000000001,11.835560000000001,11.74613,11.71291,11.73623,11.815430000000001,11.94842,12.132010000000001,12.36191,12.633610000000001,12.94216,13.2825,13.64968,14.039190000000001,14.446850000000001,14.8687,15.30144,15.7421,16.18804,16.63717,17.087400000000002,17.537300000000002,17.98544,18.43061,18.871930000000003,19.30852,19.73994,20.16542,20.58463,20.99724,21.40292,21.801560000000002,22.19294,22.577060000000003,22.9537,23.322860000000002,23.684540000000002,24.038850000000004,24.385790000000004,24.725250000000003,25.05745,25.38239,25.700290000000003,26.01104,26.314970000000002,26.61186,26.90215,27.185730000000003,27.462820000000004,27.733420000000002,27.997750000000003,28.255920000000003,28.50793,28.754,28.994130000000002,29.228540000000002,29.457230000000003,29.68042,29.898110000000003,30.110520000000005,30.31754,30.519500000000004,30.7164,30.908240000000003,31.095240000000004,31.277400000000004,31.454940000000004,31.627750000000002,31.79605,31.959950000000003,32.11945,32.27455,32.425470000000004,32.572210000000005,32.71488,32.853590000000004,32.98823,33.119020000000006,33.24607,33.36927,33.488730000000004,33.604560000000006,33.71687000000001,33.82566,33.930930000000004,34.032790000000006,34.131240000000005,34.22639,34.31835,34.40701,34.49248,34.574870000000004,34.654180000000004,34.730520000000006,34.80378,34.87407,34.941500000000005,35.00607,35.06789,35.126850000000005,35.183060000000005,35.236520000000006,35.28734,35.33563,35.381170000000004,35.42429,35.46477,35.50283,35.538360000000004,35.571580000000004,35.602380000000004,35.63076,35.65683000000001,35.68059,35.70215,35.72151,35.73867,35.75363000000001,35.76639,35.777170000000005,35.78586000000001,35.792460000000005,35.79719000000001,35.79983,35.8006,35.79939,35.796420000000005,35.791470000000004,35.784870000000005,35.7764,35.76617,35.754400000000004,35.74087000000001,35.72569,35.70897,35.6906,35.6708,35.649570000000004,35.62691,35.60282,35.57741,35.55068000000001,35.52263000000001,35.493480000000005,35.46323,35.43177000000001,35.39932,35.36588,35.331450000000004,35.29614000000001,35.26006,35.22321,35.18559,35.147420000000004,35.108700000000006,35.069430000000004,35.029830000000004,34.989900000000006,34.94964,34.90916000000001,34.86868,34.8282,34.78772,34.747460000000004,34.70742,34.66771000000001,34.628550000000004,34.58994,34.55199,34.514700000000005,34.4784,34.443090000000005,34.40888,34.37577,34.34409,34.313950000000006,34.28524,34.25829,34.23321,34.21,34.188880000000005,34.169850000000004,34.153240000000004,34.139050000000005,34.12739,34.118480000000005,34.112320000000004,34.10913,34.10902,34.11199,34.11826000000001,34.12794,34.14103,34.15786000000001,34.17832000000001,34.20252,34.23068,34.262800000000006,34.298880000000004,34.33925000000001,34.38369,34.43242,34.48555,34.542970000000004,34.6049,34.67123,34.742070000000005,34.817420000000006,34.89728,34.98176,35.070750000000004,35.16436,35.26259,35.36522,35.47247000000001,35.584230000000005,35.7005,35.82117,35.94624000000001,36.07571000000001,36.20947000000001,36.34752,36.48986000000001,36.63627,36.786750000000005,36.941190000000006,37.0997
21.16895,20.671860000000002,20.17081,19.666130000000003,19.158260000000002,18.64786,18.13537,17.62189,17.108410000000003,16.596140000000002,16.08662,15.581610000000001,15.08342,14.594470000000001,14.117730000000002,13.656830000000001,13.215620000000001,12.79872,12.41108,12.058090000000002,11.74558,11.47905,11.26422,11.10571,11.007260000000002,10.971290000000002,10.998537,11.088000000000001,11.236940000000002,11.441320000000001,11.69619,11.995830000000002,12.33408,12.70522,13.10364,13.524060000000002,13.961860000000001,14.412970000000001,14.873650000000001,15.340930000000002,15.81206,16.284950000000002,16.75751,17.228420000000003,17.69614,18.15979,18.618380000000002,19.07125,19.517740000000003,19.957410000000003,20.389930000000003,20.815080000000002,21.23253,21.642170000000004,22.04389,22.437690000000003,22.82346,23.20131,23.571240000000003,23.93314,24.28734,24.633730000000003,24.972420000000003,25.303520000000002,25.62725,25.943500000000004,26.2526,26.554550000000003,26.849570000000003,27.137550000000005,27.418930000000003,27.6936,27.96178,28.223580000000005,28.479110000000002,28.728480000000005,28.9718,29.20918,29.440730000000002,29.666670000000003,29.887000000000004,30.101830000000003,30.311270000000004,30.515430000000002,30.714420000000004,30.908240000000003,31.09722,31.281250000000004,31.460440000000002,31.63501,31.804850000000002,31.970180000000003,32.13111000000001,32.287530000000004,32.43977,32.587720000000004,32.73149,32.87119,33.006820000000005,33.138600000000004,33.266420000000004,33.390390000000004,33.51062,33.62722,33.74008,33.84942,33.955130000000004,34.057430000000004,34.15632,34.25191,34.34409,34.432970000000005,34.51877,34.60127,34.68069,34.75703,34.830290000000005,34.90058,34.96801000000001,35.032360000000004,35.09396,35.1527,35.208580000000005,35.26182,35.312310000000004,35.36005,35.40526,35.447720000000004,35.48776,35.52516000000001,35.56014,35.59259000000001,35.622620000000005,35.65023000000001,35.67542,35.6983,35.71898,35.73724,35.7533,35.76727,35.77893,35.7885,35.79587,35.80126,35.80445,35.80577,35.805,35.80236000000001,35.797740000000005,35.791250000000005,35.78289,35.77266,35.760780000000004,35.74703000000001,35.731519999999996,35.714470000000006,35.695660000000004,35.67531,35.653310000000005,35.62988,35.604910000000004,35.57851,35.55068000000001,35.52153,35.49095,35.459270000000004,35.42627,35.39217000000001,35.356970000000004,35.32067,35.28349,35.24521,35.206160000000004,35.166230000000006,35.125640000000004,35.08428,35.042370000000005,34.99991000000001,34.956900000000005,34.913560000000004,34.870000000000005,34.82611,34.78211,34.738,34.694,34.650110000000005,34.606550000000006,34.563210000000005,34.52031,34.47796,34.43627000000001,34.39524,34.3552,34.31615,34.27809,34.241350000000004,34.20593,34.171940000000006,34.13949,34.10891,34.080090000000006,34.05314,34.02839,34.005950000000006,33.985820000000004,33.96811,33.95304,33.940830000000005,33.93137,33.92499,33.921800000000005,33.921800000000005,33.9251,33.932030000000005,33.94248,33.95656,33.9746,33.99649,34.022450000000006,34.05248,34.086580000000005,34.125080000000004,34.16787,34.21517,34.266870000000004,34.323080000000004,34.3838,34.44925,34.51932,34.594010000000004,34.67343,34.757580000000004,34.84635,34.939960000000006,35.03819000000001,35.14115,35.24873,35.360929999999996,35.47786000000001,35.5993,35.72525,35.85582000000001,35.990680000000005,36.12994,36.2736,36.421440000000004,36.573570000000004,36.72966,36.88993
20.96941,20.45956,19.94476,19.425340000000002,18.90174,18.3744,17.843980000000002,17.31114,16.776870000000002,16.24249,15.709210000000002,15.1789,14.65365,14.136100000000003,13.629330000000001,13.136860000000002,12.66298,12.212860000000001,11.791890000000002,11.406450000000001,11.06325,10.769121000000002,10.530982000000002,10.354861000000001,10.24562,10.206372000000002,10.238107000000001,10.339516,10.507189,10.735978000000001,11.01947,11.35079,11.722480000000001,12.127830000000001,12.560350000000001,13.01421,13.484240000000002,13.96615,14.456090000000001,14.95087,15.44785,15.944830000000001,16.44005,16.93197,17.419490000000003,17.901400000000002,18.37704,18.845860000000002,19.3072,19.760730000000002,20.20634,20.64359,21.072370000000003,21.49268,21.904410000000002,22.30756,22.702240000000003,23.088340000000002,23.46608,23.835460000000005,24.19648,24.54947,24.89443,25.231360000000002,25.56059,25.88223,26.196280000000005,26.50296,26.802490000000002,27.09476,27.380210000000005,27.658730000000002,27.930540000000004,28.195750000000004,28.45458,28.707140000000003,28.953430000000004,29.19367,29.427970000000002,29.656550000000003,29.879300000000004,30.09644,30.308080000000004,30.514440000000004,30.715410000000006,30.91121,31.101950000000002,31.287740000000003,31.468580000000003,31.644690000000004,31.816070000000003,31.98272,32.14497,32.302710000000005,32.456050000000005,32.6051,32.749970000000005,32.890550000000005,33.027170000000005,33.15972,33.28831,33.41305,33.53405,33.6512,33.764610000000005,33.874500000000005,33.980650000000004,34.08339,34.182610000000004,34.278420000000004,34.37093,34.46003,34.54594,34.628550000000004,34.70808,34.784420000000004,34.85768,34.92786,34.995070000000005,35.05931,35.12069,35.179100000000005,35.23476,35.28756,35.337610000000005,35.385020000000004,35.429570000000005,35.47159,35.51097,35.54782000000001,35.58203,35.613710000000005,35.642970000000005,35.669700000000006,35.69412,35.71601,35.73570000000001,35.75297,35.76793000000001,35.78069000000001,35.79114,35.7995,35.80566,35.80962,35.811490000000006,35.81127000000001,35.809070000000006,35.80478,35.79862,35.79037000000001,35.78036,35.768370000000004,35.75451,35.738890000000005,35.72151,35.70237,35.681470000000004,35.65892,35.63472000000001,35.60898,35.581700000000005,35.55299000000001,35.52263000000001,35.49095,35.45795,35.42363,35.38799000000001,35.35103000000001,35.31308000000001,35.273920000000004,35.23366,35.19252,35.15039,35.107380000000006,35.06349,35.01894,34.97373,34.92797,34.881550000000004,34.8348,34.78772,34.74031,34.69268,34.645050000000005,34.59742000000001,34.54979,34.50238,34.4553,34.408660000000005,34.362460000000006,34.31692,34.27215,34.22815,34.18525,34.14334,34.10264,34.06337,34.02553,33.989340000000006,33.9548,33.92224,33.89155,33.863060000000004,33.83688,33.813120000000005,33.79189,33.77341,33.75768,33.74492,33.73524,33.728750000000005,33.72567,33.726110000000006,33.73007,33.737770000000005,33.749210000000005,33.764720000000004,33.78419,33.807840000000006,33.83567,33.867900000000006,33.90453,33.94567,33.99132,34.04159,34.096590000000006,34.15632,34.220780000000005,34.29008,34.364110000000004,34.443090000000005,34.52691,34.61557,34.70918,34.807520000000004,34.910810000000005,35.01883,35.13169,35.249280000000006,35.3716,35.498540000000006,35.630210000000005,35.76628,35.90697,36.052060000000004,36.201440000000005,36.35522,36.513180000000006,36.67521
20.78329,20.260900000000003,19.73279,19.199180000000002,18.66018,18.11634,17.56821,17.01623,16.461280000000002,15.904570000000001,15.347420000000001,14.791260000000001,14.238290000000001,13.691040000000001,13.15259,12.626570000000001,12.117600000000001,11.631070000000001,11.17303,10.750894,10.372428000000001,10.046102000000001,9.780397,9.583145,9.460737,9.417353,9.454335,9.570022000000002,9.759915000000001,10.017315000000002,10.334082,10.701515,11.11088,11.554070000000001,12.02377,12.513490000000001,13.017730000000002,13.531870000000001,14.05206,14.57511,15.09838,15.61978,16.13755,16.65048,17.15736,17.657310000000003,18.149670000000004,18.634000000000004,19.10986,19.576810000000002,20.034850000000002,20.483870000000003,20.923540000000003,21.354080000000003,21.775380000000002,22.18755,22.590590000000002,22.98461,23.369830000000004,23.74614,24.113870000000002,24.47302,24.82392,25.16646,25.500970000000002,25.827560000000002,26.146340000000002,26.457530000000002,26.76124,27.05758,27.346770000000003,27.628920000000004,27.90425,28.17276,28.43478,28.690200000000004,28.93935,29.18234,29.419170000000005,29.65006,29.875230000000006,30.09457,30.308300000000003,30.516640000000002,30.71948,30.917150000000003,31.109650000000006,31.29698,31.479360000000003,31.656900000000004,31.829710000000002,31.997680000000003,32.16114,32.31998,32.47442,32.624570000000006,32.770320000000005,32.91189,33.04928,33.18271,33.31196,33.437360000000005,33.558910000000004,33.676610000000004,33.79057,33.9009,34.007490000000004,34.11056,34.21011000000001,34.306140000000006,34.39887,34.488080000000004,34.5741,34.65682,34.73624,34.812580000000004,34.88573,34.9558,35.0229,35.086920000000006,35.14797,35.206160000000004,35.26138,35.31385,35.36346,35.410320000000006,35.45443,35.49579000000001,35.534510000000004,35.57059,35.60414000000001,35.63505,35.663430000000005,35.68939,35.71282,35.733830000000005,35.75242000000001,35.76859,35.782450000000004,35.794000000000004,35.80335,35.810280000000006,35.81512,35.81776,35.8182,35.81644000000001,35.81270000000001,35.806869999999996,35.798950000000005,35.78905,35.777170000000005,35.76331,35.747690000000006,35.730090000000004,35.71062,35.68939,35.6664,35.64165,35.61525,35.5872,35.557500000000005,35.52626,35.493480000000005,35.459270000000004,35.42363,35.38656,35.34817,35.308460000000004,35.267540000000004,35.225410000000004,35.18218,35.13796,35.09264,35.046440000000004,34.99936,34.951510000000006,34.903000000000006,34.85372,34.80389,34.753620000000005,34.70291,34.65187,34.60061,34.549240000000005,34.49776,34.44639,34.39524,34.34431000000001,34.293710000000004,34.243550000000006,34.194050000000004,34.145320000000005,34.09736,34.05039,34.00452,33.95986,33.916630000000005,33.87472,33.83457000000001,33.79618000000001,33.759550000000004,33.725120000000004,33.69278,33.66275,33.635250000000006,33.61039,33.588280000000005,33.56892,33.55275,33.539660000000005,33.52998,33.52371,33.52096,33.521950000000004,33.526790000000005,33.53559,33.548460000000006,33.56551,33.586850000000005,33.612480000000005,33.64273,33.677490000000006,33.71687000000001,33.76098,33.80982,33.8635,33.92213,33.985710000000005,34.05424000000001,34.127720000000004,34.20626,34.289750000000005,34.37841,34.47202,34.57058000000001,34.6742,34.78277,34.89629,35.01465,35.13796,35.266000000000005,35.39888,35.53638,35.67850000000001,35.82513,35.97627000000001,36.1317,36.29153,36.455650000000006
20.611800000000002,20.077530000000003,19.53666,18.989300000000004,18.43556,17.87577,17.31026,16.73958,16.16439,15.58568,15.00444,14.42243,13.841300000000002,13.263580000000001,12.69224,12.130910000000002,11.584320000000002,11.05819,10.559252,10.095624,9.676579,9.312391,9.013697,8.790727,8.652039,8.603397000000001,8.646704000000001,8.779705000000002,8.996339,9.287696,9.643282000000001,10.052152000000001,10.503823,10.988780000000002,11.498740000000002,12.026740000000002,12.566840000000001,13.11442,13.66563,14.217170000000001,14.766840000000002,15.312550000000002,15.852760000000002,16.38615,16.91206,17.4295,17.938030000000005,18.43732,18.92704,19.40686,19.876890000000003,20.33702,20.787140000000004,21.22725,21.657680000000003,22.07832,22.489280000000004,22.890890000000002,23.28304,23.665950000000002,24.03984,24.40493,24.761330000000005,25.10915,25.448500000000003,25.77982,26.103,26.418370000000003,26.726150000000004,27.02623,27.31905,27.60461,27.88313,28.154830000000004,28.419710000000002,28.677880000000002,28.929670000000005,29.17519,29.414440000000003,29.647640000000003,29.8749,30.096330000000002,30.312040000000003,30.52214,30.726850000000002,30.926170000000003,31.120210000000004,31.309080000000005,31.493000000000002,31.671860000000002,31.845880000000005,32.015060000000005,32.17962000000001,32.339670000000005,32.4951,32.64613,32.79276,32.93521,33.073370000000004,33.207350000000005,33.33737,33.46343,33.58542,33.70367,33.818070000000006,33.92873,34.03576,34.139050000000005,34.238820000000004,34.33507,34.427910000000004,34.517340000000004,34.60336,34.686080000000004,34.7655,34.84173,34.914770000000004,34.984730000000006,35.051500000000004,35.1153,35.17602,35.23388,35.28866,35.34069,35.38975,35.43606,35.47962,35.520430000000005,35.55849,35.5938,35.626580000000004,35.65672,35.68422,35.70919,35.73163,35.751650000000005,35.76914000000001,35.78432,35.79697000000001,35.80731000000001,35.81534,35.82106,35.824470000000005,35.825570000000006,35.824580000000005,35.82139000000001,35.816,35.80841,35.798840000000006,35.78718,35.773540000000004,35.757810000000006,35.740100000000005,35.72052,35.69907,35.67575,35.65056,35.6235,35.59479,35.56443,35.53231000000001,35.498540000000006,35.46323,35.42627,35.38799000000001,35.34817,35.306920000000005,35.26435000000001,35.22046,35.175360000000005,35.12905000000001,35.08164,35.03313,34.983740000000004,34.93325,34.88199,34.82996,34.77727,34.72392,34.67002,34.61557,34.560900000000004,34.505790000000005,34.450680000000006,34.39535,34.34002,34.28491,34.229910000000004,34.17535,34.121230000000004,34.067660000000004,34.01486,33.962830000000004,33.911680000000004,33.861740000000005,33.812900000000006,33.76549000000001,33.71962,33.675290000000004,33.63283,33.592240000000004,33.553740000000005,33.51744000000001,33.483560000000004,33.45221,33.423500000000004,33.39754,33.37466,33.35486,33.33836,33.32527,33.3157,33.309760000000004,33.30778,33.309650000000005,33.31559,33.32582,33.340340000000005,33.35926,33.382690000000004,33.41085,33.443630000000006,33.48125,33.52382,33.57123000000001,33.6237,33.68123,33.743930000000006,33.811690000000006,33.884620000000005,33.962720000000004,34.0461,34.13454,34.22826,34.32726,34.43121000000001,34.540440000000004,34.65473,34.773970000000006,34.89838,35.02763,35.16172,35.300650000000005,35.44431,35.5927,35.7456,35.90312000000001,36.06493,36.231030000000004
20.45615,19.910770000000003,19.3578,18.79735,18.22953,17.65445,17.07244,16.48372,15.888840000000002,15.288680000000001,14.68412,14.076260000000001,13.467080000000003,12.858450000000001,12.25345,11.655490000000002,11.069190000000003,10.500413000000002,9.956419,9.446184000000002,8.980433000000001,8.571530000000001,8.232972,7.9782340000000005,7.819097000000001,7.763657000000001,7.814741000000001,7.969181000000001,8.218518000000001,8.550652000000001,8.9518,9.408201000000002,9.907227,10.437933000000001,10.991145,11.55946,12.13685,12.718530000000001,13.300980000000001,13.881120000000001,14.45686,15.02633,15.58821,16.141620000000003,16.68568,17.21995,17.743990000000004,18.25747,18.760170000000002,19.25231,19.73356,20.204030000000003,20.66394,21.11318,21.552080000000004,21.98064,22.39908,22.807510000000004,23.20626,23.59533,23.975050000000003,24.345530000000004,24.7071,25.059760000000004,25.403730000000003,25.739340000000002,26.0667,26.38603,26.69744,27.00104,27.29716,27.585910000000002,27.867510000000003,28.141960000000005,28.40959,28.6704,28.924610000000005,29.17244,29.413890000000002,29.649180000000005,29.878420000000002,30.101830000000003,30.319300000000002,30.531160000000003,30.737520000000004,30.938380000000006,31.133850000000002,31.324150000000003,31.509390000000003,31.68946,31.864690000000003,32.03508000000001,32.200630000000004,32.361560000000004,32.51798,32.66989,32.81729,32.9604,33.09933,33.23397000000001,33.36454,33.491150000000005,33.613690000000005,33.73227000000001,33.84711,33.9581,34.06535,34.16886,34.26885,34.365320000000004,34.45816000000001,34.54759,34.633610000000004,34.716330000000006,34.795750000000005,34.87176,34.94469,35.014320000000005,35.080870000000004,35.14434000000001,35.20484,35.262150000000005,35.31660000000001,35.36808,35.416700000000006,35.46246,35.50536,35.5454,35.5828,35.61734,35.64935,35.67861,35.70523,35.72921,35.75066,35.769580000000005,35.786080000000005,35.80005,35.811490000000006,35.820620000000005,35.82733,35.83162,35.833600000000004,35.83327,35.830740000000006,35.825900000000004,35.81897,35.80973,35.7984,35.784870000000005,35.769360000000006,35.751760000000004,35.73207,35.7104,35.68686,35.66123,35.63384,35.604580000000006,35.57345,35.540670000000006,35.50602,35.46972,35.43177000000001,35.39217000000001,35.35103000000001,35.308460000000004,35.26435000000001,35.218810000000005,35.17195,35.12366,35.074270000000006,35.02367,34.97186,34.91906,34.86527,34.81049,34.754940000000005,34.698620000000005,34.64164,34.584,34.52581,34.467290000000006,34.40833000000001,34.34926,34.289970000000004,34.23068,34.1715,34.11243,34.05369,33.99539000000001,33.93775,33.88066,33.82434000000001,33.76912,33.714890000000004,33.66187,33.610170000000004,33.560010000000005,33.511500000000005,33.46486,33.42009,33.377410000000005,33.33704,33.29909,33.263780000000004,33.23111,33.20141,33.17468,33.151250000000005,33.13112,33.11451,33.101530000000004,33.092400000000005,33.087230000000005,33.086130000000004,33.08921,33.09658,33.10857,33.12507,33.146190000000004,33.17215,33.20306,33.23892,33.27984,33.32582,33.37708000000001,33.433510000000005,33.49522,33.56232,33.6347,33.71247,33.79563,33.88418,33.978010000000005,34.07734,34.18184,34.29173,34.40679,34.52713000000001,34.652640000000005,34.783210000000004,34.918730000000004,35.059200000000004,35.20462,35.35477000000001,35.50965000000001,35.66915,35.83316000000001,36.00157000000001
20.317550000000004,19.76172,19.197640000000003,18.62509,18.04407,17.454690000000003,16.85706,16.25129,15.637820000000001,15.017090000000001,14.38987,13.757150000000003,13.12025,12.481150000000001,11.84216,11.206800000000001,10.579228,9.965263,9.372363,8.810153000000001,8.290755,7.828931000000001,7.441698000000001,7.147074000000001,6.961625000000001,6.897242,6.958182000000001,7.139825000000001,7.429917000000001,7.811540000000001,8.266390000000001,8.777164,9.328847,9.909086,10.508069,11.11814,11.733480000000002,12.349480000000002,12.96284,13.571030000000002,14.17196,14.764420000000001,15.347090000000001,15.919420000000002,16.48075,17.030640000000002,17.569090000000003,18.09588,18.6109,19.11426,19.60596,20.08611,20.55504,21.01264,21.459350000000004,21.89517,22.32043,22.735350000000004,23.140040000000003,23.53483,23.91983,24.295370000000002,24.66156,25.01873,25.36699,25.70656,26.037660000000002,26.36051,26.675330000000002,26.98223,27.281430000000004,27.573040000000002,27.857390000000002,28.13448,28.40453,28.66776,28.92428,29.1742,29.417740000000002,29.65501,29.886120000000002,30.11118,30.330410000000004,30.54381,30.751600000000003,30.953890000000005,31.15079,31.3423,31.528640000000003,31.709920000000004,31.886250000000004,32.057520000000004,32.22417,32.38598,32.54317,32.69585000000001,32.84402,32.987790000000004,33.12727,33.262570000000004,33.39358000000001,33.520630000000004,33.64361,33.76252,33.87769,33.9889,34.09637,34.200210000000006,34.30031,34.39678,34.48973,34.57916,34.66507,34.74768,34.82688,34.902890000000006,34.97549,35.044900000000005,35.11112,35.174260000000004,35.234320000000004,35.2913,35.3452,35.39613000000001,35.4442,35.4893,35.53154000000001,35.57092000000001,35.60755,35.64132000000001,35.67245,35.700720000000004,35.72646,35.74945,35.76991,35.78773,35.803020000000004,35.815780000000004,35.826010000000004,35.83382,35.83921,35.84218,35.84273,35.84086,35.83679,35.8303,35.82161000000001,35.81072,35.79752,35.782230000000006,35.76474,35.745160000000006,35.723490000000005,35.69973000000001,35.67399,35.64616,35.616460000000004,35.58489,35.55134,35.51603000000001,35.47885000000001,35.439910000000005,35.39932,35.356970000000004,35.31308000000001,35.267540000000004,35.22046,35.17195,35.121900000000004,35.070530000000005,35.01795,34.96394,34.90883,34.85262,34.79531,34.737010000000005,34.67783000000001,34.61788000000001,34.557050000000004,34.495670000000004,34.43363,34.37115000000001,34.30834,34.245090000000005,34.18184,34.118370000000006,34.05501,33.99176,33.92884,33.86625,33.804210000000005,33.742830000000005,33.68222,33.6226,33.563970000000005,33.506550000000004,33.45056,33.396,33.3432,33.29216,33.243100000000005,33.19624,33.15158,33.10945,33.07007,33.03333000000001,32.99967,32.96909,32.941810000000004,32.91794,32.8977,32.88131,32.868770000000005,32.8603,32.856010000000005,32.856120000000004,32.86074,32.86998,32.884060000000005,32.90287,32.92663,32.95556,32.98955,33.02882,33.073370000000004,33.123310000000004,33.17875,33.239580000000004,33.305910000000004,33.37785,33.455290000000005,33.538340000000005,33.62689,33.721050000000005,33.82071,33.92587,34.03653,34.15258,34.27402,34.40074,34.532630000000005,34.6698,34.81203000000001,34.95921,35.111340000000006,35.26831000000001,35.4299,35.59622,35.766940000000005
20.197210000000002,19.63192,19.05761,18.473950000000002,17.880940000000002,17.278470000000002,16.666430000000002,16.04482,15.413970000000003,14.7741,14.12565,13.469170000000002,12.805980000000002,12.13718,11.465080000000002,10.792386000000002,10.122926000000001,9.462046,8.817017000000002,8.197684,7.617236000000001,7.092800000000001,6.645628,6.299964000000001,6.0797550000000005,6.003217,6.077126000000001,6.294332000000001,6.636245,7.078555000000001,7.596710000000001,8.169183,8.778572,9.41149,10.057883,10.710326000000002,11.36333,12.01299,12.65627,13.291190000000002,13.9161,14.53001,15.13204,15.721860000000001,16.29914,16.863660000000003,17.41531,17.9542,18.480330000000002,18.99392,19.49519,19.984140000000004,20.46121,20.9264,21.38015,21.822680000000002,22.254100000000005,22.67474,23.084930000000004,23.48478,23.874620000000004,24.254670000000004,24.625150000000005,24.98628,25.338390000000004,25.681590000000003,26.01621,26.342250000000003,26.66015,26.969910000000002,27.271970000000003,27.56622,27.852990000000005,28.1325,28.404860000000003,28.670180000000002,28.928790000000003,29.180690000000002,29.425990000000002,29.665020000000002,29.89778,30.12449,30.345150000000004,30.560090000000002,30.769200000000005,30.972810000000003,31.170810000000003,31.36353,31.550970000000003,31.733240000000006,31.91056,32.082820000000005,32.250240000000005,32.41282,32.57078,32.72412,32.87295,33.01727,33.157300000000006,33.293040000000005,33.42449,33.55187,33.675180000000005,33.79453,33.90981000000001,34.021350000000005,34.128930000000004,34.23288,34.332980000000006,34.42956,34.522510000000004,34.611830000000005,34.69774,34.780240000000006,34.85922,34.934900000000006,35.00728,35.07647,35.142360000000004,35.20506000000001,35.264570000000006,35.321110000000004,35.374460000000006,35.42495000000001,35.47225,35.516799999999996,35.55827,35.59688,35.632740000000005,35.66574000000001,35.69588,35.72327000000001,35.74802,35.77002,35.78938000000001,35.80610000000001,35.82018,35.83173000000001,35.84075000000001,35.84713,35.851090000000006,35.852630000000005,35.85164,35.84834,35.842620000000004,35.83448,35.82403000000001,35.81138,35.796420000000005,35.77915,35.75968,35.73812,35.71436,35.68851,35.66046,35.630430000000004,35.598420000000004,35.56443,35.52846,35.49051,35.45080000000001,35.40922,35.36588,35.32067,35.273920000000004,35.225410000000004,35.175360000000005,35.12366,35.070530000000005,35.01597,34.95998,34.90278000000001,34.844150000000006,34.784420000000004,34.72359,34.661660000000005,34.59874,34.53494,34.47037,34.405030000000004,34.33914000000001,34.27259,34.205600000000004,34.13839,34.07085000000001,34.0032,33.935550000000006,33.868010000000005,33.80069,33.733700000000006,33.667260000000006,33.60137,33.53636,33.472120000000004,33.409090000000006,33.34716,33.286660000000005,33.227590000000006,33.170280000000005,33.11473,33.06127000000001,33.01001,32.96106,32.914640000000006,32.87086,32.83005000000001,32.792210000000004,32.75756,32.72632,32.69871,32.674730000000004,32.65471,32.638650000000005,32.62688,32.619400000000006,32.61654,32.61819,32.624680000000005,32.636120000000005,32.65251000000001,32.67407000000001,32.70091000000001,32.733140000000006,32.77076,32.813770000000005,32.862500000000004,32.91684,32.97679,33.04246,33.113960000000006,33.19118,33.27412,33.36278,33.45727,33.55737,33.66330000000001,33.774730000000005,33.89188,34.01453,34.14257,34.276,34.414820000000006,34.55892,34.70808,34.862190000000005,35.02136,35.18537,35.35411,35.52736000000001
20.096120000000003,19.52247,18.939030000000002,18.345470000000002,17.74179,17.12744,16.50264,15.866950000000001,15.22037,14.563120000000001,13.8952,13.21705,12.529330000000002,11.83281,11.12925,10.420553,9.709931,9.001861000000002,8.302877,7.622329000000001,6.973648000000001,6.375765,5.85442,5.442096,5.174323,5.0805810000000005,5.1724310000000004,5.437905000000001,5.847149000000001,6.364270000000001,6.9564770000000005,7.597722000000001,8.268843,8.956189,9.65019,10.344191,11.033550000000002,11.715000000000002,12.38622,13.04589,13.692800000000002,14.32629,14.945920000000001,15.551580000000001,16.14316,16.720660000000002,17.28408,17.83386,18.36989,18.89261,19.402240000000003,19.89911,20.38333,20.85523,21.315250000000002,21.76361,22.200530000000004,22.626340000000003,23.04126,23.44573,23.83986,24.22387,24.5982,24.962960000000002,25.31848,25.664870000000004,26.002460000000003,26.331470000000003,26.65212,26.964520000000004,27.268890000000003,27.56556,27.85464,28.13624,28.410580000000003,28.677880000000002,28.938250000000004,29.191910000000004,29.43897,29.679540000000003,29.91373,30.141870000000004,30.363960000000002,30.58011,30.79043,30.995140000000003,31.194350000000004,31.388060000000003,31.576380000000004,31.75964,31.937730000000006,32.110760000000006,32.27895,32.442190000000004,32.60081,32.75470000000001,32.90408,33.048950000000005,33.189420000000005,33.3256,33.45738,33.58509,33.70873,33.828190000000006,33.943690000000004,34.05534,34.163140000000006,34.266980000000004,34.36719,34.463660000000004,34.55661,34.64582000000001,34.73162000000001,34.813790000000004,34.89266000000001,34.96801000000001,35.04017,35.108920000000005,35.17437,35.23663,35.29581,35.351690000000005,35.4046,35.45432,35.50107,35.544850000000004,35.585660000000004,35.6235,35.658480000000004,35.6906,35.719860000000004,35.74626000000001,35.76991,35.79092,35.809180000000005,35.824690000000004,35.83756,35.84779,35.85549,35.860549999999996,35.863080000000004,35.863080000000004,35.86066,35.85571,35.84834,35.838550000000005,35.82634,35.81182,35.794990000000006,35.77585,35.754400000000004,35.73075000000001,35.70479,35.67674,35.64649000000001,35.61415,35.57972,35.543310000000005,35.50481,35.464330000000004,35.421870000000006,35.37765,35.331450000000004,35.28349,35.23366,35.18218,35.12905000000001,35.074270000000006,35.01795,34.95998,34.900690000000004,34.83997,34.777930000000005,34.71457,34.650110000000005,34.58444,34.51778,34.45013,34.381600000000006,34.31219,34.242230000000006,34.17161,34.10044,34.028940000000006,33.95711,33.88517,33.813120000000005,33.74107,33.66924,33.59785,33.526790000000005,33.45639,33.38665,33.3179,33.25014,33.18359,33.11836,33.05478,32.992740000000005,32.932680000000005,32.8746,32.818720000000006,32.765260000000005,32.71444,32.66626,32.62116,32.57903,32.540310000000005,32.505,32.47332,32.44549,32.421730000000004,32.40215,32.38686,32.37608,32.37003,32.36871000000001,32.37245,32.38114,32.39511,32.41447,32.439220000000006,32.46947,32.50533,32.54702,32.59443,32.647670000000005,32.70674,32.771860000000004,32.84281,32.919810000000005,33.002750000000006,33.09163,33.18645,33.28721,33.393910000000005,33.506330000000005,33.62458,33.74844,33.87802000000001,34.01321,34.15379,34.29976,34.451010000000004,34.60743,34.769020000000005,34.93545,35.10672,35.282720000000005
20.01527,19.43436,18.843,18.24108,17.62805,17.003690000000002,16.36767,15.719660000000001,15.059550000000002,14.387120000000001,13.70226,13.00486,12.29536,11.574090000000002,10.841908,10.100112000000001,9.350869000000001,8.59749,7.845101000000001,7.101600000000001,6.379307,5.697285000000001,5.084662000000001,4.583667,4.247914000000001,4.1283,4.246638000000001,4.580697000000001,5.079184000000001,5.688122000000001,6.364963000000001,7.080282,7.814774,8.555899,9.295572,10.028502000000001,10.751235,11.461560000000002,12.157860000000001,12.839530000000002,13.505690000000001,14.156340000000002,14.79137,15.41078,16.014680000000002,16.6034,17.17705,17.73607,18.28068,18.81132,19.328100000000003,19.831680000000002,20.32206,20.7999,21.265310000000003,21.71862,22.160270000000004,22.590480000000003,23.009690000000003,23.418010000000002,23.815770000000004,24.20341,24.580930000000002,24.948880000000003,25.30726,25.656510000000004,25.996740000000003,26.32828,26.651350000000004,26.966060000000002,27.27263,27.571280000000005,27.862340000000003,28.14581,28.421910000000004,28.69097,28.95288,29.208080000000002,29.456570000000003,29.69846,29.934080000000005,30.16343,30.38662,30.60387,30.8154,31.021100000000004,31.221190000000004,31.41578,31.60498,31.789010000000005,31.967760000000002,32.141560000000005,32.310300000000005,32.4742,32.63337,32.78781,32.937630000000006,33.08283,33.22374,33.36014,33.492360000000005,33.620290000000004,33.744040000000005,33.86372,33.979330000000004,34.09098,34.198780000000006,34.302730000000004,34.40283,34.499300000000005,34.59203,34.68113,34.76671,34.84866,34.9272,35.00233,35.07405,35.142360000000004,35.207370000000004,35.26919,35.32782,35.38315,35.4354,35.48457,35.530550000000005,35.57356,35.6136,35.650670000000005,35.68477,35.715900000000005,35.744170000000004,35.76969,35.79224000000001,35.81215,35.82920000000001,35.843500000000006,35.85516,35.864180000000005,35.87045,35.874080000000006,35.87518,35.87364,35.86968,35.863080000000004,35.854060000000004,35.842510000000004,35.82854,35.81215,35.79334,35.772220000000004,35.74868000000001,35.72294,35.69489,35.664640000000006,35.63208,35.597319999999996,35.56047,35.52153,35.480500000000006,35.437380000000005,35.39228,35.3452,35.29614000000001,35.24521,35.19252,35.13796,35.08164,35.02367,34.96394,34.90278000000001,34.83997,34.77573,34.710060000000006,34.64307,34.574870000000004,34.50535000000001,34.43484,34.36323,34.29063000000001,34.21726,34.14312,34.06821,33.99286,33.91696,33.84073,33.76428000000001,33.68772,33.61116,33.534710000000004,33.45859,33.38291,33.30778,33.23331,33.15983,33.087230000000005,33.015950000000004,32.94588,32.877460000000006,32.81069,32.7459,32.68309,32.62248,32.5644,32.50896,32.45627,32.40655,32.36013,32.31701,32.27752,32.24177,32.20998,32.18237,32.15905,32.14024,32.126050000000006,32.1167,32.112300000000005,32.11307,32.11912,32.13045,32.1475,32.17005,32.19843,32.23264,32.27279,32.31888,32.37113,32.42943,32.49378,32.5644,32.641180000000006,32.724230000000006,32.81333,32.908590000000004,33.01001,33.11759,33.23111,33.350570000000005,33.475970000000004,33.60709,33.744040000000005,33.8866,34.03466,34.18822,34.34695,34.510960000000004,34.68003,34.85405,35.03291
19.955320000000004,19.368470000000002,18.77084,18.16177,17.541150000000002,16.908540000000002,16.26339,15.605260000000001,14.93393,14.24896,13.55002,12.836780000000001,12.109020000000001,11.366850000000001,10.610292000000001,9.839951000000001,9.056839,8.262826,7.461124000000001,6.657189000000001,5.860371000000001,5.086895000000001,4.365372,3.7457090000000006,3.3074140000000005,3.145274,3.3066440000000004,3.743729,4.361346,5.079613,5.848293000000001,6.638489,7.433745000000001,8.22448,9.005051000000002,9.772103000000001,10.523601000000001,11.25839,11.97592,12.67585,13.358180000000003,14.023020000000002,14.6707,15.30144,15.915460000000001,16.51342,17.09543,17.66215,18.213690000000003,18.75082,19.27365,19.78262,20.278280000000002,20.760740000000002,21.23066,21.68826,22.133760000000002,22.567710000000005,22.990330000000004,23.401950000000003,23.8029,24.1934,24.573780000000003,24.944260000000003,25.30517,25.656840000000003,25.999270000000003,26.33301,26.658060000000003,26.974640000000004,27.283080000000005,27.583600000000004,27.87631,28.16132,28.43896,28.70945,28.97279,29.22931,29.479010000000002,29.72211,29.958830000000003,30.189280000000004,30.41346,30.631700000000002,30.844,31.05058,31.25155,31.446910000000003,31.63688,31.821460000000002,32.00087,32.17522,32.34451,32.50896,32.66846,32.82334,32.973490000000005,33.119020000000006,33.26015,33.39688,33.529210000000006,33.657360000000004,33.781220000000005,33.90101,34.01673,34.12838,34.236180000000004,34.34002,34.44001,34.53626,34.62888,34.71776,34.80301,34.88474,34.962950000000006,35.03764,35.108920000000005,35.1769,35.24147000000001,35.30274000000001,35.36071,35.415490000000005,35.46708,35.515480000000004,35.56080000000001,35.60304,35.6422,35.67839,35.71161,35.74175,35.76914000000001,35.79345,35.81501,35.833709999999996,35.84966000000001,35.862750000000005,35.873090000000005,35.880680000000005,35.885630000000006,35.88783000000001,35.887389999999996,35.884420000000006,35.8787,35.87045,35.85967,35.846360000000004,35.830630000000006,35.81226000000001,35.79158,35.768370000000004,35.74285,35.71491,35.68466000000001,35.652100000000004,35.617230000000006,35.58005000000001,35.540780000000005,35.4992,35.45553,35.40977,35.36192,35.31198,35.26006,35.206160000000004,35.15039,35.09264,35.03313,34.97186,34.90883,34.844150000000006,34.777930000000005,34.710060000000006,34.64076,34.57003,34.49798,34.42461,34.350030000000004,34.274460000000005,34.197790000000005,34.12013,34.0417,33.962500000000006,33.88275,33.80245000000001,33.72171,33.640640000000005,33.55946,33.47817,33.3971,33.316140000000004,33.235620000000004,33.15565,33.07634,32.997800000000005,32.92036,32.84413,32.769220000000004,32.69574000000001,32.62413,32.55428,32.486630000000005,32.42118000000001,32.35826,32.29809,32.24067,32.186440000000005,32.135400000000004,32.087880000000006,32.04399,32.00395,31.968090000000004,31.936410000000002,31.909240000000004,31.88669,31.868980000000004,31.856330000000003,31.84874,31.84643,31.84973,31.858530000000002,31.873050000000003,31.893510000000003,31.91991,31.952360000000002,31.99097,32.03585,32.087,32.144420000000004,32.208330000000004,32.278510000000004,32.355180000000004,32.438340000000004,32.527770000000004,32.623580000000004,32.725770000000004,32.834230000000005,32.94896000000001,33.06985,33.19679,33.32967000000001,33.46849,33.61314,33.763510000000004,33.919380000000004,34.08075,34.247400000000006,34.41933,34.596210000000006,34.778040000000004
19.917260000000002,19.32579,18.723100000000002,18.10875,17.482300000000002,16.84331,16.19112,15.525400000000003,14.845600000000001,14.151060000000001,13.441450000000001,12.716000000000001,11.974490000000001,11.21615,10.44087,9.648287,8.838445000000002,8.011773000000002,7.169404000000001,6.31378,5.449785,4.587286000000001,3.7469080000000003,2.974444,2.373162,2.13037,2.3727660000000004,2.9732010000000004,3.743949,4.581379,5.439357,6.296983,7.144159000000001,7.9757810000000005,8.78922,9.583178000000002,10.357083000000001,11.11077,11.844470000000001,12.558480000000001,13.253020000000001,13.928640000000001,14.585890000000001,15.225210000000002,15.847040000000002,16.45193,17.04032,17.612870000000004,18.16991,18.71188,19.239330000000002,19.75259,20.25221,20.73852,21.211850000000002,21.67275,22.12144,22.55825,22.983620000000002,23.397880000000004,23.80125,24.194170000000003,24.576750000000004,24.949430000000003,25.31232,25.665860000000002,26.010270000000002,26.345660000000002,26.67236,26.99059,27.30057,27.602520000000002,27.89655,28.18299,28.461840000000002,28.733540000000005,28.997980000000002,29.2556,29.50629,29.750490000000003,29.988090000000003,30.219420000000003,30.444480000000002,30.663490000000003,30.876560000000005,31.0838,31.28543,31.481340000000003,31.67197,31.857100000000003,32.037060000000004,32.211740000000006,32.38147,32.54625,32.70619000000001,32.861290000000004,33.011770000000006,33.157630000000005,33.29887,33.43582,33.56826,33.69641,33.82038,33.94017,34.055780000000006,34.16743,34.27512,34.37885,34.478730000000006,34.574870000000004,34.66716,34.75571,34.840740000000004,34.92214,34.99991000000001,35.074160000000006,35.145,35.212430000000005,35.276450000000004,35.33717,35.39459000000001,35.448710000000005,35.49953000000001,35.547270000000005,35.591820000000006,35.63318,35.67157,35.706770000000006,35.739000000000004,35.76826,35.79455000000001,35.817870000000006,35.83822,35.85582000000001,35.87045,35.88233,35.89135,35.89751,35.901030000000006,35.9018,35.899820000000005,35.8952,35.88794,35.877930000000006,35.865390000000005,35.85032,35.83261,35.81237,35.78960000000001,35.764410000000005,35.7368,35.70666,35.6741,35.63923,35.601940000000006,35.562450000000005,35.520540000000004,35.47643,35.43012000000001,35.38161000000001,35.3309,35.2781,35.22321,35.166230000000006,35.107380000000006,35.046440000000004,34.983740000000004,34.91906,34.85262,34.784420000000004,34.71457,34.64307,34.57003,34.495450000000005,34.41955,34.34222,34.26357,34.183820000000004,34.102970000000006,34.02102,33.938190000000006,33.85459,33.77033,33.685410000000005,33.60005,33.51436,33.42834,33.34232,33.2563,33.170500000000004,33.08503,33.0,32.91563000000001,32.83214,32.74964000000001,32.668240000000004,32.58816,32.509730000000005,32.432950000000005,32.35804,32.28533,32.21493,32.146950000000004,32.081830000000004,32.01957,31.960500000000003,31.904730000000004,31.852590000000003,31.804190000000002,31.75986,31.71971,31.683960000000003,31.652720000000006,31.626430000000003,31.60498,31.588810000000002,31.577920000000002,31.572640000000003,31.57297,31.579020000000003,31.591120000000004,31.609380000000005,31.63369,31.66438,31.701560000000004,31.745120000000004,31.795170000000002,31.85182,31.915180000000003,31.985030000000005,32.0617,32.14486,32.234730000000006,32.3312,32.434270000000005,32.54383,32.65988,32.7822,32.910790000000006,33.04565,33.18656,33.33341,33.486200000000004,33.644600000000004,33.80872,33.97823,34.153020000000005,34.332980000000006,34.51811
19.901419999999998,19.30676,18.70066,18.082680000000003,17.452270000000002,16.80899,16.15229,15.4814,14.795990000000002,14.095290000000002,13.37864,12.645490000000002,11.89496,11.126280000000001,10.338911000000001,9.531951000000001,8.704718000000002,7.856552000000001,6.986969000000001,6.095782000000001,5.183574000000001,4.252578000000001,3.309284,2.373646,1.5206950000000001,1.0823725000000002,1.5205300000000002,2.3728540000000002,3.306985,4.247496,5.174158,6.0801620000000005,6.963044000000001,7.822012000000001,8.657066,9.468525,10.256917000000001,11.02288,11.76692,12.48995,13.19241,13.875070000000001,14.538590000000003,15.183410000000002,15.810410000000003,16.41992,17.012710000000002,17.58911,18.149780000000003,18.69527,19.225800000000003,19.74214,20.244510000000002,20.733460000000004,21.209319999999998,21.672530000000002,22.123420000000003,22.56243,22.98989,23.40602,23.81126,24.20583,24.590170000000004,24.96439,25.32893,25.6839,26.02974,26.36645,26.694470000000003,27.014020000000002,27.325100000000003,27.62815,27.923280000000002,28.210710000000002,28.490660000000002,28.76324,29.028670000000005,29.287060000000004,29.538630000000005,29.783600000000003,30.021970000000003,30.25396,30.479680000000002,30.699350000000003,30.91297,31.12076,31.322940000000003,31.5194,31.71036,31.895930000000003,32.07622,32.251340000000006,32.421400000000006,32.586400000000005,32.74656,32.90188,33.05258,33.198550000000004,33.33990000000001,33.47685,33.6094,33.737550000000006,33.861520000000006,33.9812,34.096810000000005,34.20835,34.31582,34.41933,34.51899,34.6148,34.70687,34.7952,34.87979,34.960750000000004,35.03808,35.112,35.18229,35.24917,35.31264000000001,35.3727,35.42935000000001,35.48281000000001,35.532970000000006,35.57994,35.623610000000006,35.6642,35.701600000000006,35.73592000000001,35.767160000000004,35.79543,35.820620000000005,35.84273,35.86198,35.878370000000004,35.89168,35.90224,35.909940000000006,35.91467000000001,35.916760000000004,35.91599,35.912470000000006,35.906200000000005,35.897180000000006,35.88552,35.87122,35.85428,35.8347,35.81248000000001,35.78773,35.76034,35.73053000000001,35.698190000000004,35.663430000000005,35.62614,35.58643000000001,35.54441,35.499970000000005,35.45322000000001,35.404160000000005,35.352790000000006,35.299330000000005,35.24356,35.18559,35.125640000000004,35.06349,34.99936,34.93325,34.86527,34.79531,34.72359,34.650110000000005,34.574870000000004,34.49798,34.41955,34.339580000000005,34.25818,34.17546,34.09142000000001,34.006280000000004,33.91993,33.8327,33.74459,33.6556,33.56606000000001,33.475970000000004,33.38533,33.29458,33.2035,33.11253,33.02167,32.93103,32.84094,32.751400000000004,32.66263,32.57485,32.48828,32.40303,32.319210000000005,32.23715,32.157070000000004,32.079080000000005,32.003510000000006,31.930470000000003,31.860180000000003,31.79286,31.72884,31.668230000000005,31.611250000000002,31.558230000000002,31.509280000000004,31.46473,31.424690000000005,31.38938,31.35902,31.333940000000002,31.314030000000006,31.299840000000003,31.29126,31.28862,31.29203,31.3016,31.317440000000005,31.33977,31.3687,31.404230000000002,31.446470000000005,31.495530000000002,31.55141,31.614110000000004,31.683850000000003,31.760410000000004,31.843900000000005,31.93421,32.03145,32.135400000000004,32.24617,32.36365000000001,32.48762,32.61808,32.754920000000006,32.89803,33.0473,33.20262,33.36388,33.530750000000005,33.703340000000004,33.88121,34.06458000000001,34.252900000000004
19.908350000000002,19.31193,18.70407,18.084110000000003,17.45172,16.806350000000002,16.14734,15.474250000000001,14.78631,14.082860000000002,13.363350000000002,12.62679,11.872630000000001,11.09999,10.307924,9.495530000000002,8.661829000000001,7.8057430000000005,6.926172000000001,6.021917000000001,5.091691,4.1341410000000005,3.1478150000000005,2.1311510000000005,1.0824715,0.0,1.0823901,2.130513,3.1457360000000003,4.1293560000000005,5.0826270000000005,6.006704,6.902709000000001,7.77172,8.614727,9.432709,10.226579000000001,10.997206,11.745470000000001,12.472020000000002,13.17778,13.86341,14.52968,15.17703,15.806340000000002,16.41816,17.01293,17.591420000000003,18.15396,18.701210000000003,19.2335,19.75149,20.2554,20.745890000000003,21.223180000000003,21.687820000000002,22.140140000000002,22.580470000000002,23.009140000000002,23.42648,23.83293,24.228710000000003,24.614150000000002,24.989470000000004,25.355110000000003,25.711070000000003,26.05779,26.3956,26.724500000000003,27.044820000000005,27.356780000000004,27.66071,27.95661,28.24481,28.525420000000004,28.798770000000005,29.064860000000003,29.323910000000005,29.576030000000003,29.821550000000002,30.060470000000002,30.293010000000002,30.519170000000003,30.739280000000004,30.95334,31.161570000000005,31.36408,31.560870000000005,31.752160000000003,31.938060000000004,32.11857,32.293910000000004,32.46419,32.62941,32.789680000000004,32.94511,33.09581,33.241890000000005,33.38324000000001,33.52019,33.65263,33.78078000000001,33.90464,34.024210000000004,34.1396,34.25092,34.35828,34.46157,34.560900000000004,34.656380000000006,34.74812000000001,34.83601,34.92016,35.00068,35.07757,35.150940000000006,35.22068,35.28701,35.34982000000001,35.40922,35.465210000000006,35.517900000000004,35.56729,35.61338,35.65628,35.69599,35.732400000000005,35.765730000000005,35.79598000000001,35.82315,35.847240000000006,35.86825,35.88629,35.901360000000004,35.91346000000001,35.92259000000001,35.92886,35.93227,35.93282000000001,35.93051,35.92534,35.91742000000001,35.90675,35.89333,35.87716,35.85824,35.83679,35.81259,35.78575,35.75627,35.72426,35.68961,35.65243,35.61283000000001,35.57070000000001,35.52604,35.47907000000001,35.429570000000005,35.37776,35.323640000000005,35.267100000000006,35.208470000000005,35.147420000000004,35.08428,35.01894,34.951510000000006,34.88199,34.81049,34.737010000000005,34.661660000000005,34.58444,34.50535000000001,34.42461,34.34222,34.25818,34.1726,34.08559,33.997370000000004,33.907720000000005,33.816970000000005,33.725120000000004,33.63239,33.53867,33.44429,33.349360000000004,33.25388,33.15796,33.061930000000004,32.965790000000005,32.86976,32.77384,32.678470000000004,32.583650000000006,32.48949,32.39632,32.30425,32.21361,32.1244,32.036840000000005,31.951370000000004,31.867990000000002,31.787030000000005,31.708600000000004,31.633030000000005,31.560540000000003,31.49135,31.425680000000003,31.363860000000003,31.306000000000004,31.252320000000005,31.20315,31.158600000000003,31.119000000000003,31.084570000000003,31.05553,31.03199,31.014170000000004,31.002290000000006,30.996570000000002,30.997120000000006,31.004050000000003,31.017580000000002,31.037820000000004,31.064880000000002,31.09887,31.139790000000005,31.18786,31.242970000000003,31.30523,31.374640000000003,31.45131,31.535130000000002,31.625990000000005,31.724110000000003,31.829160000000005,31.941250000000004,32.06016,32.18589,32.31833,32.457480000000004,32.603010000000005,32.754810000000006,32.91288,33.077000000000005,33.24695,33.42273,33.60401,33.79068,33.98263
19.93816,19.341410000000003,18.733330000000002,18.11337,17.480980000000002,16.83561,16.176930000000002,15.50417,14.816890000000003,14.114320000000003,13.395910000000002,12.66089,11.908600000000002,11.13827,10.349273,9.540784,8.712099,7.862580000000001,6.9917430000000005,6.099423000000001,5.1862140000000005,4.254349,3.3103620000000005,2.3741960000000004,1.5209260000000002,1.0824880000000001,1.520761,2.373415,3.3080740000000004,4.249289,5.176831,6.083847000000001,6.967884000000001,7.828128,8.664557,9.477490000000001,10.267433,11.034980000000001,11.78078,12.505570000000002,13.209790000000002,13.89432,14.55971,15.206510000000002,15.83538,16.44687,17.04153,17.61991,18.18256,18.729920000000003,19.26254,19.780750000000005,20.2851,20.775920000000003,21.253760000000003,21.71884,22.1716,22.612370000000002,23.041590000000003,23.45959,23.866480000000003,24.26281,24.648800000000005,25.024780000000003,25.39086,25.747370000000004,26.09475,26.433000000000003,26.76245,27.083320000000004,27.395830000000004,27.700200000000002,27.996540000000003,28.28518,28.566340000000004,28.840020000000003,29.106550000000002,29.365930000000002,29.6186,29.864340000000002,30.103700000000003,30.336460000000002,30.563060000000004,30.78339,30.997780000000002,31.20623,31.40896,31.605970000000003,31.797370000000004,31.983380000000004,32.16411000000001,32.33956,32.509840000000004,32.67517,32.835440000000006,32.99098000000001,33.14157,33.287650000000006,33.429,33.56584,33.698170000000005,33.826100000000004,33.94974,34.0692,34.18437,34.29547,34.402390000000004,34.50546000000001,34.60446,34.69961000000001,34.790800000000004,34.87836,34.962070000000004,35.04204,35.11838,35.1912,35.26028,35.325950000000006,35.3881,35.44684000000001,35.50206,35.55398000000001,35.6026,35.64781,35.68983000000001,35.728550000000006,35.76408,35.796420000000005,35.825570000000006,35.851530000000004,35.874520000000004,35.89432,35.911150000000006,35.9249,35.93568,35.943490000000004,35.948330000000006,35.9502,35.94921,35.94536,35.93854,35.92897000000001,35.916540000000005,35.901250000000005,35.883320000000005,35.86253,35.83899,35.81270000000001,35.783770000000004,35.75209,35.71788,35.68092,35.64143,35.5993,35.554640000000006,35.50745,35.457840000000004,35.405590000000004,35.35103000000001,35.293940000000006,35.23454,35.172830000000005,35.108700000000006,35.042370000000005,34.97373,34.903000000000006,34.82996,34.754940000000005,34.67783000000001,34.59874,34.51778,34.43484,34.350030000000004,34.26357,34.17546,34.08559,33.994400000000006,33.90156,33.80751000000001,33.712140000000005,33.61567,33.51821,33.419650000000004,33.32043,33.220330000000004,33.11979,33.01881,32.917500000000004,32.81608,32.71477,32.61346,32.51259,32.41227,32.31272,32.21394,32.116260000000004,32.020010000000006,31.925190000000004,31.832130000000003,31.740940000000002,31.651950000000003,31.565490000000004,31.48156,31.40049,31.322610000000005,31.248140000000003,31.177190000000003,31.110200000000003,31.04728,30.988760000000003,30.93475,30.885690000000004,30.841690000000003,30.802970000000002,30.76986,30.742360000000005,30.721020000000003,30.705730000000003,30.69671,30.6944,30.698580000000003,30.709690000000002,30.727840000000004,30.753030000000003,30.78537,30.824970000000004,30.871940000000002,30.92639,30.988210000000002,31.057510000000004,31.13418,31.218440000000005,31.309960000000004,31.40896,31.515220000000003,31.62874,31.74941,31.877010000000002,32.01165,32.153110000000005,32.30117,32.45583,32.61676,32.78396,32.95721,33.13629,33.321200000000005,33.511500000000005,33.707190000000004
19.990850000000002,19.395310000000002,18.788660000000004,18.170350000000003,17.53994,16.89688,16.240840000000002,15.57127,14.887620000000002,14.18945,13.4761,12.747130000000002,12.0021,11.240570000000002,10.462023,9.666404,8.85368,8.024313000000001,7.179469000000001,6.321601,5.4556260000000005,4.591433,3.74968,2.9761930000000003,2.374273,2.131272,2.373888,2.97495,3.746732,4.585559,5.445253000000001,6.304903,7.154356000000001,7.988497000000001,8.804675000000001,9.601559000000002,10.378566000000001,11.135520000000001,11.872630000000001,12.59005,13.28822,13.967580000000002,14.628460000000002,15.271630000000002,15.897310000000001,16.506050000000002,17.0984,17.674800000000005,18.23569,18.781620000000004,19.313030000000005,19.83014,20.33361,20.823770000000003,21.30095,21.76548,22.217910000000003,22.658350000000002,23.08735,23.505130000000005,23.912020000000002,24.308240000000005,24.694230000000005,25.070210000000003,25.43629,25.793020000000002,26.1404,26.47876,26.808320000000005,27.129410000000004,27.44203,27.746620000000004,28.043180000000003,28.332040000000003,28.613310000000002,28.88721,29.153850000000002,29.41345,29.666230000000002,29.912190000000002,30.15166,30.38453,30.611240000000002,30.83179,31.046180000000003,31.25474,31.45747,31.654590000000002,31.846100000000003,32.03211,32.21284000000001,32.388290000000005,32.55857,32.72379,32.884060000000005,33.03938,33.18997,33.33583,33.477070000000005,33.613690000000005,33.74591,33.87362,33.997040000000005,34.116170000000004,34.231010000000005,34.34178,34.44848,34.551,34.64967,34.74438,34.83513,34.92214,35.005300000000005,35.084830000000004,35.16051,35.23267,35.3012,35.36621,35.42759,35.48556,35.54001,35.59116000000001,35.63890000000001,35.68323000000001,35.72426,35.761990000000004,35.79653,35.82777000000001,35.85582000000001,35.88079,35.90246,35.92116,35.93667,35.9491,35.95856,35.964940000000006,35.96824,35.96868,35.966150000000006,35.96054,35.95218,35.94085,35.92655,35.90950000000001,35.889590000000005,35.866820000000004,35.841300000000004,35.81303,35.78190000000001,35.74813,35.71150000000001,35.672340000000005,35.63032,35.585770000000004,35.53858,35.48875,35.43639,35.3815,35.32397,35.26402,35.20154,35.13675,35.069430000000004,34.99991000000001,34.92797,34.85372,34.77727,34.698620000000005,34.61788000000001,34.53494,34.45013,34.36323,34.274460000000005,34.183820000000004,34.09142000000001,33.997370000000004,33.90156,33.80443,33.705650000000006,33.60566,33.50446,33.40205,33.29854,33.19426,33.0891,32.98339,32.87713,32.770540000000004,32.66362,32.556810000000006,32.45,32.34352,32.237590000000004,32.13221,32.02782,31.924420000000005,31.822230000000005,31.721690000000002,31.622800000000005,31.525890000000004,31.431070000000002,31.33878,31.249240000000004,31.162560000000003,31.07907,30.998990000000003,30.92265,30.850270000000002,30.78218,30.71849,30.65964,30.60574,30.55712,30.514,30.4766,30.44525,30.41995,30.40114,30.388930000000002,30.383540000000004,30.38497,30.393660000000004,30.4095,30.432820000000003,30.46351,30.501790000000003,30.547770000000003,30.601450000000003,30.662940000000003,30.732020000000002,30.80902,30.893610000000002,30.986010000000004,31.086000000000006,31.193580000000004,31.30864,31.43118,31.560980000000004,31.69782,31.841810000000002,31.992620000000002,32.15014,32.314260000000004,32.48476,32.66153,32.84424,33.03278,33.22704,33.42669
20.06642,19.47352,18.86984,18.254830000000002,17.62827,16.989720000000002,16.33874,15.674890000000001,14.99795,14.307370000000002,13.602930000000002,12.884410000000003,12.151590000000002,11.40436,10.643105,9.868243000000001,9.080863,8.282857,7.477492000000001,6.670246000000001,5.870513000000001,5.094551,4.371015000000001,3.7498670000000005,3.3106590000000002,3.148222,3.3099000000000003,3.7479090000000004,4.367022,5.087324000000001,5.858534000000001,6.6517,7.450311000000001,8.244775,9.029416000000001,9.800802000000001,10.556909000000001,11.296560000000001,12.01904,12.724250000000001,13.411860000000003,14.0822,14.73549,15.37184,15.991690000000002,16.595370000000003,17.183210000000003,17.755650000000003,18.31324,18.856090000000002,19.38475,19.89955,20.40093,20.88922,21.36475,21.82785,22.27896,22.71841,23.146420000000003,23.56332,23.969440000000002,24.365000000000002,24.75044,25.125760000000003,25.49151,25.847800000000003,26.194850000000002,26.53299,26.862330000000004,27.183090000000004,27.4956,27.799970000000002,28.096420000000002,28.385170000000002,28.666440000000005,28.940230000000003,29.206760000000003,29.466360000000005,29.71903,29.964990000000004,30.20435,30.437220000000003,30.663930000000004,30.88437,31.098760000000002,31.30721,31.50994,31.706840000000003,31.89824,32.084250000000004,32.26487,32.4401,32.61027000000001,32.775380000000006,32.935430000000004,33.09064,33.24101,33.38665,33.52756,33.66396,33.79585,33.92334,34.04632,34.16512,34.279630000000004,34.38996,34.49622,34.59841,34.69653,34.790690000000005,34.881,34.96746,35.050070000000005,35.12894000000001,35.20407000000001,35.27557,35.34333,35.40757,35.468289999999996,35.525380000000006,35.579060000000005,35.62933000000001,35.676080000000006,35.71953,35.759570000000004,35.79631,35.829860000000004,35.86000000000001,35.88695,35.91071,35.93117000000001,35.948550000000004,35.96285,35.973960000000005,35.981880000000004,35.986830000000005,35.9887,35.98760000000001,35.98342000000001,35.97627000000001,35.966150000000006,35.95306000000001,35.937000000000005,35.91808,35.896190000000004,35.87144,35.84394,35.81347,35.78025000000001,35.744170000000004,35.70523,35.663650000000004,35.61932,35.57224,35.52241000000001,35.46994,35.41483000000001,35.35708,35.29669,35.23377000000001,35.16832,35.10034,35.029830000000004,34.956900000000005,34.881550000000004,34.80389,34.72392,34.64164,34.557050000000004,34.47037,34.381600000000006,34.29063000000001,34.197790000000005,34.102970000000006,34.006280000000004,33.907720000000005,33.80751000000001,33.705650000000006,33.602360000000004,33.497530000000005,33.39138,33.28402,33.175560000000004,33.066,32.955670000000005,32.844570000000004,32.73292000000001,32.620830000000005,32.508410000000005,32.395880000000005,32.283460000000005,32.171260000000004,32.05939,31.948290000000004,31.837850000000003,31.728510000000004,31.62049,31.513900000000003,31.40896,31.306110000000004,31.205350000000003,31.107120000000002,31.011640000000003,30.919020000000003,30.829810000000002,30.744010000000003,30.662060000000004,30.58407,30.51059,30.44162,30.3776,30.31875,30.265400000000003,30.217660000000002,30.175860000000004,30.140330000000002,30.11118,30.088630000000002,30.07301,30.06443,30.063110000000005,30.06916,30.082800000000002,30.10403,30.13318,30.17014,30.215130000000002,30.268150000000002,30.32909,30.39828,30.47539,30.560640000000003,30.653920000000003,30.75512,30.864130000000003,30.980950000000004,31.10536,31.237470000000002,31.37684,31.52347,31.67725,31.837960000000002,32.00538,32.1794,32.3598,32.54636,32.73886,32.93719,33.141020000000005
20.16443,19.5756,18.97632,18.366480000000003,17.745530000000002,17.113360000000004,16.469640000000002,15.814040000000002,15.146450000000002,14.466650000000001,13.77453,13.0702,12.353990000000001,11.626120000000002,10.887657,10.13991,9.385057,8.626453,7.869257000000001,7.121433000000001,6.395334,5.710089000000001,5.094881,4.591983,4.255064000000001,4.135065,4.2538100000000005,4.589046,5.089469,5.701036,6.381155000000001,7.100335000000001,7.839216,8.585236,9.330222000000001,10.068861000000002,10.797644,11.51425,12.217260000000001,12.905750000000001,13.57906,14.236970000000001,14.879260000000002,15.506150000000002,16.11764,16.71406,17.29541,17.86213,18.414550000000002,18.952890000000004,19.477480000000003,19.988650000000003,20.486840000000004,20.972160000000002,21.445050000000002,21.90584,22.354860000000002,22.792330000000003,23.218580000000003,23.63394,24.038740000000004,24.433090000000004,24.817320000000002,25.19165,25.556410000000003,25.91193,26.258210000000002,26.595580000000005,26.924370000000003,27.244580000000003,27.556540000000002,27.860470000000003,28.156480000000006,28.44479,28.725620000000003,28.999080000000003,29.265390000000004,29.52466,29.777110000000004,30.02274,30.26188,30.494530000000005,30.720910000000003,30.94113,31.155300000000004,31.363640000000004,31.566040000000005,31.76283,31.95401,32.13969,32.32009000000001,32.4951,32.66505,32.82983,32.98966,33.14454,33.29458,33.43989,33.580580000000005,33.71654,33.8481,33.975150000000006,34.09780000000001,34.21616,34.33023,34.44012,34.54594,34.647580000000005,34.74515,34.83876000000001,34.92852,35.014320000000005,35.09638,35.17459,35.24895,35.319790000000005,35.38678000000001,35.450250000000004,35.5102,35.566520000000004,35.61932,35.668600000000005,35.714470000000006,35.756930000000004,35.79598000000001,35.83162,35.864070000000005,35.89311,35.918850000000006,35.9414,35.96065,35.976710000000004,35.98969,35.999370000000006,36.005970000000005,36.00938,36.00982,36.00707,36.00124,35.99244,35.980560000000004,35.96571,35.94778,35.92699,35.90312000000001,35.87639,35.84669,35.814130000000006,35.778710000000004,35.740320000000004,35.699180000000005,35.65518000000001,35.608320000000006,35.558600000000006,35.50624,35.45102000000001,35.39316000000001,35.332550000000005,35.26930000000001,35.203300000000006,35.13477,35.0636,34.989900000000006,34.913560000000004,34.8348,34.753620000000005,34.67002,34.584,34.495670000000004,34.405030000000004,34.31219,34.21726,34.12013,34.02102,33.91993,33.816970000000005,33.712140000000005,33.60566,33.497530000000005,33.38786,33.27676,33.16423,33.0506,32.93587,32.820150000000005,32.70366,32.586400000000005,32.468700000000005,32.35056,32.232310000000005,32.11395,31.995810000000002,31.878000000000004,31.76085,31.644360000000006,31.528860000000005,31.414680000000004,31.301930000000002,31.190830000000002,31.08171,30.974790000000002,30.870400000000004,30.76876,30.670090000000005,30.574830000000002,30.48309,30.395310000000002,30.311600000000002,30.232400000000005,30.158040000000003,30.088630000000002,30.024610000000003,29.966310000000004,29.91373,29.867420000000003,29.82749,29.79427,29.767980000000005,29.74884,29.736960000000003,29.73267,29.736080000000005,29.747410000000002,29.76666,29.79416,29.829800000000002,29.873690000000003,29.926050000000004,29.986770000000003,30.055850000000003,30.1334,30.219310000000004,30.31358,30.41599,30.526650000000004,30.645340000000004,30.77195,30.906370000000003,31.04849,31.19809,31.35506,31.519070000000003,31.690120000000004,31.867770000000004,32.052130000000005,32.242650000000005,32.439440000000005,32.64206000000001,32.85029
20.284660000000002,19.701,19.107660000000003,18.50431,17.89084,17.266920000000002,16.632440000000003,15.98729,15.331470000000001,14.665090000000001,13.98837,13.301530000000001,12.605450000000001,11.900900000000002,11.18964,10.473584,9.756065,9.041604000000001,8.336746,7.650929000000001,6.997628000000001,6.395840000000001,5.871371,5.456759,5.187611,5.093396,5.185741000000001,5.452634000000001,5.864199,6.384499000000001,6.980677000000001,7.626619000000001,8.303108,8.996416,9.696940000000001,10.397937,11.094710000000001,11.78397,12.46344,13.13158,13.787180000000001,14.429580000000001,15.05834,15.673350000000001,16.27428,16.861240000000002,17.43423,17.99358,18.53929,19.071580000000004,19.590780000000002,20.09711,20.5909,21.072260000000004,21.54163,21.999230000000004,22.445280000000004,22.880110000000002,23.303940000000004,23.717100000000002,24.1197,24.51229,24.89476,25.267660000000003,25.6311,25.985190000000003,26.33026,26.66664,26.99433,27.313660000000002,27.624850000000002,27.9279,28.22325,28.510900000000003,28.79107,29.063980000000004,29.32963,29.58846,29.840360000000004,30.08555,30.324250000000003,30.556460000000005,30.782400000000003,31.002290000000006,31.216020000000004,31.423920000000003,31.625990000000005,31.822450000000003,32.0133,32.19865,32.37861,32.553290000000004,32.72280000000001,32.88725,33.046640000000004,33.201190000000004,33.35079,33.49577000000001,33.63591,33.77154,33.902660000000004,34.029270000000004,34.15148000000001,34.269290000000005,34.382920000000006,34.49226,34.59742000000001,34.698510000000006,34.79553000000001,34.88859,34.97769,35.062830000000005,35.14412,35.22156,35.295370000000005,35.36533000000001,35.43166,35.49425,35.55332,35.608760000000004,35.66057000000001,35.70897,35.75385000000001,35.795320000000004,35.83327,35.867920000000005,35.89916,35.9271,35.95163000000001,35.972970000000004,35.9909,36.00564,36.01719,36.02555,36.03061,36.032590000000006,36.031380000000006,36.02709,36.01961000000001,36.00905,35.99552,35.9788,35.959,35.93623,35.91049,35.88167000000001,35.849880000000006,35.81512,35.7775,35.7368,35.69324,35.64682,35.59743,35.54518,35.49007,35.432210000000005,35.37149000000001,35.30802,35.2418,35.172720000000005,35.101000000000006,35.02664000000001,34.94964,34.870000000000005,34.78772,34.70291,34.61557,34.52581,34.43363,34.33914000000001,34.242230000000006,34.14312,34.0417,33.938190000000006,33.8327,33.725120000000004,33.61567,33.50446,33.39138,33.27676,33.16049,33.0429,32.923880000000004,32.803760000000004,32.68265,32.56044,32.43757,32.314150000000005,32.190180000000005,32.06588,31.941580000000002,31.817390000000003,31.693420000000003,31.57,31.447240000000004,31.325470000000003,31.20491,31.08578,30.968300000000003,30.852800000000002,30.739500000000003,30.62862,30.52071,30.415770000000002,30.314130000000002,30.216230000000003,30.122400000000003,30.03275,29.947720000000004,29.86764,29.792730000000002,29.72332,29.659740000000003,29.602210000000003,29.551170000000003,29.506730000000005,29.46933,29.43908,29.416200000000003,29.401020000000003,29.39365,29.394310000000004,29.40322,29.42049,29.446230000000003,29.48055,29.523450000000004,29.575150000000004,29.635650000000005,29.704840000000004,29.78272,29.869400000000002,29.96477,30.068610000000003,30.181030000000003,30.301810000000003,30.430730000000004,30.567900000000005,30.712880000000002,30.865560000000002,31.025830000000003,31.193470000000005,31.368260000000003,31.54998,31.738410000000005,31.933220000000002,32.13441,32.34154,32.554500000000004
20.42623,19.84917,19.262980000000002,18.66766,18.062990000000003,17.448970000000003,16.8256,16.192880000000002,15.55103,14.90038,14.241370000000002,13.574770000000001,12.901570000000001,12.223310000000001,11.542080000000002,10.860751,10.183195000000001,9.514813,8.86292,8.237438000000001,7.651611000000001,7.122654,6.671874000000001,6.323592,6.101788000000001,6.024733,6.099203000000001,6.318048000000001,6.662645,7.1086290000000005,7.631393000000001,8.209333,8.824981000000001,9.464884000000001,10.118922000000001,10.779593000000002,11.441430000000002,12.10022,12.75318,13.398000000000001,14.03325,14.657720000000001,15.270640000000002,15.87146,16.45985,17.035590000000003,17.598570000000002,18.1489,18.686470000000003,19.2115,19.724100000000004,20.22449,20.71278,21.189300000000003,21.65416,22.10769,22.55,22.98142,23.402060000000002,23.81236,24.21243,24.602600000000002,24.982870000000002,25.35368,25.715250000000005,26.067690000000002,26.411110000000004,26.74595,27.07232,27.390440000000005,27.70031,28.002370000000003,28.29662,28.58339,28.862680000000005,29.134710000000002,29.399590000000003,29.657650000000004,29.908780000000004,30.15331,30.391350000000003,30.62301,30.8484,31.067630000000005,31.280920000000002,31.48827,31.689790000000006,31.8857,32.076,32.26091,32.44043,32.614670000000004,32.78363,32.94764000000001,33.106590000000004,33.26059,33.40975,33.55418,33.69388,33.82896,33.95953,34.08559,34.20725,34.324510000000004,34.43748,34.54627,34.65088000000001,34.751310000000004,34.84767,34.940070000000006,35.028400000000005,35.112880000000004,35.193400000000004,35.27018,35.34311,35.4123,35.47775,35.539570000000005,35.59765,35.652210000000004,35.703140000000005,35.750550000000004,35.79444,35.834810000000004,35.87166,35.905210000000004,35.93524,35.96197000000001,35.985290000000006,36.00531000000001,36.02203000000001,36.035450000000004,36.045570000000005,36.05239,36.056020000000004,36.05646,36.05371,36.04777,36.03864,36.02632,36.010920000000006,35.99244,35.97077,35.94602,35.91819,35.887389999999996,35.85340000000001,35.81644000000001,35.77651,35.7335,35.68752,35.63857,35.58676,35.53187,35.474120000000006,35.4134,35.34993,35.28349,35.21419,35.14214,35.06723,34.98957000000001,34.90916000000001,34.82611,34.74031,34.65187,34.560900000000004,34.467290000000006,34.37115000000001,34.27259,34.17161,34.06821,33.962500000000006,33.85459,33.74459,33.63239,33.51821,33.40205,33.28402,33.16423,33.0429,32.919920000000005,32.79562,32.67,32.54317,32.415350000000004,32.28665,32.157180000000004,32.02727,31.89692,31.766460000000002,31.636000000000003,31.505650000000003,31.37585,31.24671,31.118340000000003,30.991290000000003,30.865450000000003,30.741370000000003,30.61927,30.499370000000003,30.382000000000005,30.26738,30.15584,30.04782,29.943540000000002,29.84333,29.74752,29.656330000000004,29.570310000000003,29.489570000000004,29.41466,29.345690000000005,29.28299,29.227000000000004,29.177940000000003,29.136030000000005,29.1016,29.07498,29.05628,29.045720000000003,29.043630000000004,29.05001,29.06519,29.089170000000003,29.12217,29.16419,29.215230000000002,29.275510000000004,29.344810000000003,29.423350000000003,29.510910000000003,29.607380000000003,29.712870000000002,29.827160000000003,29.95014,30.081700000000005,30.22162,30.369680000000002,30.52577,30.689670000000003,30.86116,31.039910000000003,31.225810000000003,31.418640000000003,31.618070000000003,31.823880000000003,32.03585,32.25365
20.58859,20.019120000000004,19.4414,18.855320000000003,18.26088,17.658300000000004,17.04747,16.42883,15.802710000000001,15.169550000000001,14.530230000000001,13.885740000000002,13.237510000000002,12.58752,11.93819,11.29293,10.656173000000003,10.033661000000002,9.432973000000002,8.863811,8.338352,7.871435000000001,7.480165000000001,7.182615000000001,6.9953840000000005,6.930429000000001,6.992007000000001,7.175487000000001,7.4685820000000005,7.854341000000001,8.314383000000001,8.831328000000001,9.390106000000001,9.978265,10.585938,11.20537,11.830720000000001,12.45728,13.081640000000002,13.701270000000001,14.314080000000002,14.918640000000002,15.513740000000002,16.09872,16.672810000000002,17.23579,17.787330000000004,18.327210000000004,18.855430000000002,19.371880000000004,19.876780000000004,20.370130000000003,20.85204,21.32273,21.7822,22.230780000000003,22.66869,23.095930000000003,23.51294,23.91972,24.316600000000005,24.7038,25.081430000000005,25.44971,25.80886,26.159100000000002,26.500650000000004,26.833620000000003,27.158230000000003,27.474700000000002,27.783140000000003,28.08377,28.376700000000003,28.66215,28.940340000000003,29.211270000000003,29.475160000000002,29.73223,29.98248,30.226130000000005,30.4634,30.694180000000003,30.918800000000005,31.13737,31.349890000000002,31.55658,31.757440000000003,31.95269,32.14244000000001,32.32669,32.50555,32.67913,32.84754,33.01089,33.169290000000004,33.32274,33.47135,33.615120000000005,33.754270000000005,33.888690000000004,34.018710000000006,34.144110000000005,34.26511,34.381820000000005,34.494130000000006,34.60226,34.706210000000006,34.805870000000006,34.90157,34.9932,35.080870000000004,35.16458,35.244330000000005,35.32023,35.392390000000006,35.4607,35.52527,35.5861,35.6433,35.696870000000004,35.74681,35.79323,35.836020000000005,35.87529000000001,35.911150000000006,35.943490000000004,35.97242,35.99783,36.01994,36.03864,36.05404000000001,36.066030000000005,36.074720000000006,36.080110000000005,36.0822,36.081100000000006,36.0767,36.06911000000001,36.058220000000006,36.04425,36.02698000000001,36.00652,35.98298,35.956250000000004,35.92644000000001,35.893440000000005,35.85736,35.8182,35.775960000000005,35.73064,35.68224000000001,35.63076,35.57631000000001,35.51878,35.45828,35.39481000000001,35.32837000000001,35.25907,35.186690000000006,35.111560000000004,35.033460000000005,34.9525,34.86868,34.78211,34.69268,34.60061,34.505790000000005,34.40833000000001,34.30834,34.205600000000004,34.10044,33.99286,33.88275,33.77033,33.6556,33.53867,33.419650000000004,33.29854,33.175560000000004,33.0506,32.923880000000004,32.79562,32.665710000000004,32.53448,32.40193,32.268280000000004,32.13364,31.998120000000004,31.86205,31.725430000000003,31.58859,31.451750000000004,31.31491,31.178510000000003,31.042660000000005,30.907690000000002,30.77382,30.641270000000002,30.51037,30.38134,30.254510000000003,30.130320000000005,30.00888,29.890630000000005,29.7759,29.664910000000003,29.5581,29.4558,29.358340000000002,29.26605,29.179370000000006,29.09852,29.023940000000003,28.95596,28.894800000000004,28.840790000000005,28.79426,28.755650000000003,28.724960000000003,28.702630000000003,28.68888,28.68382,28.68767,28.700760000000002,28.72298,28.754550000000002,28.795580000000005,28.846180000000004,28.906240000000004,28.97576,29.054850000000002,29.143400000000003,29.241410000000005,29.34855,29.464930000000003,29.590440000000005,29.724640000000004,29.86764,30.019000000000002,30.178720000000002,30.34636,30.52192,30.70507,30.895480000000003,31.092820000000003,31.29709,31.50785,31.724880000000006,31.947850000000006
20.770970000000002,20.210080000000005,19.641710000000003,19.06608,18.483080000000005,17.893040000000003,17.296180000000003,16.69294,16.08387,15.469740000000002,14.851540000000002,14.230590000000001,13.60865,12.987810000000001,12.37115,11.76219,11.165660000000003,10.587379000000002,10.034761000000001,9.516815000000001,9.044376000000002,8.629885,8.286894,8.028944000000001,7.86786,7.811815000000001,7.863592000000001,8.020056,8.272704000000001,8.609381,9.016238000000001,9.47947,9.986350000000002,10.525834,11.08866,11.667480000000001,12.255980000000001,12.849540000000001,13.4442,14.037210000000002,14.62626,15.209370000000002,15.78522,16.35282,16.9114,17.46019,17.99886,18.52719,19.044850000000004,19.551840000000002,20.04794,20.53337,21.00791,21.471890000000002,21.92531,22.368280000000002,22.801020000000005,23.223530000000004,23.636140000000005,24.038850000000004,24.43199,24.81567,25.19011,25.55542,25.911820000000002,26.25953,26.59866,26.929430000000004,27.25195,27.566440000000004,27.873120000000004,28.172100000000004,28.463380000000004,28.747400000000003,29.024050000000003,29.293660000000003,29.556340000000002,29.812200000000004,30.06135,30.303900000000002,30.540070000000004,30.76997,30.993710000000004,31.21129,31.42293,31.62885,31.828940000000003,32.02342,32.21229,32.395770000000006,32.57397,32.74689,32.914640000000006,33.077220000000004,33.23496,33.387640000000005,33.53559,33.678700000000006,33.817190000000004,33.95095,34.080200000000005,34.20494000000001,34.32528,34.44122,34.552870000000006,34.660230000000006,34.76341000000001,34.862410000000004,34.95734,35.0482,35.13499,35.21793,35.296800000000005,35.371930000000006,35.4431,35.51053,35.574220000000004,35.634170000000005,35.690380000000005,35.74285,35.7918,35.837120000000006,35.87881,35.91709,35.95174,35.982870000000005,36.01048000000001,36.03468,36.05547000000001,36.07285,36.08682,36.09749,36.10475,36.1086,36.10915000000001,36.1064,36.100460000000005,36.09111,36.07857,36.06273,36.04359,36.02137,35.995850000000004,35.96714000000001,35.93513000000001,35.900040000000004,35.861760000000004,35.82040000000001,35.775740000000006,35.72811,35.67718,35.62328,35.566190000000006,35.50602,35.44277,35.37644000000001,35.307140000000004,35.23476,35.15941,35.080980000000004,34.99969,34.91532,34.8282,34.738,34.645050000000005,34.549240000000005,34.450680000000006,34.34926,34.245090000000005,34.13839,34.028940000000006,33.91696,33.80245000000001,33.685410000000005,33.56606000000001,33.44429,33.32043,33.19426,33.066,32.93587,32.803760000000004,32.67,32.53448,32.397420000000004,32.25904,32.11945,31.978650000000002,31.83708,31.694630000000004,31.551630000000003,31.408300000000004,31.264750000000003,31.121310000000005,30.97809,30.835420000000003,30.69352,30.55261,30.413020000000003,30.275080000000003,30.139010000000003,30.00514,29.873800000000003,29.745320000000003,29.62003,29.498260000000002,29.38034,29.266710000000003,29.157700000000006,29.053640000000005,28.954970000000003,28.86191,28.77501,28.6946,28.6209,28.554350000000003,28.495280000000005,28.444020000000002,28.4009,28.366140000000005,28.33996,28.322800000000004,28.314770000000003,28.315980000000003,28.326870000000003,28.34722,28.377470000000002,28.417620000000003,28.467560000000002,28.527510000000003,28.59747,28.67733,28.766980000000004,28.86642,28.975540000000002,29.094230000000003,29.22227,29.359440000000003,29.505740000000003,29.660730000000004,29.82419,29.996010000000005,30.175970000000003,30.363630000000004,30.558770000000003,30.761170000000003,30.970390000000005,31.18643,31.40874,31.637210000000003
20.97227,20.420840000000002,19.862920000000003,19.29851,18.727940000000004,18.15154,17.569640000000003,16.9829,16.39198,15.79776,15.20167,14.605030000000001,14.00993,13.418790000000001,12.83458,12.26126,11.70345,11.16698,10.658593,10.186583,9.760289,9.390029000000002,9.086561000000001,8.860126000000001,8.719370000000001,8.670068,8.714134000000001,8.849324000000001,9.069533,9.365807,9.727597000000001,10.143881,10.604088,11.098670000000002,11.619190000000001,12.158520000000001,12.71094,13.27139,13.836130000000002,14.401860000000001,14.966160000000002,15.52683,16.082440000000002,16.63167,17.17342,17.707030000000003,18.23195,18.74763,19.25385,19.75028,20.23681,20.713330000000003,21.179840000000002,21.63645,22.08294,22.519640000000003,22.94655,23.363670000000003,23.77133,24.169420000000002,24.558380000000003,24.938100000000002,25.3088,25.6707,26.024020000000004,26.36876,26.705140000000004,27.033270000000005,27.353370000000005,27.665660000000003,27.97014,28.26714,28.55666,28.838810000000002,29.11392,29.381880000000002,29.643130000000003,29.897560000000002,30.145390000000003,30.386730000000004,30.621690000000005,30.85038,31.072910000000004,31.289500000000004,31.500150000000005,31.704970000000003,31.90418,32.09767,32.28577,32.46837,32.64569,32.817730000000005,32.98471,33.14652,33.303490000000004,33.455400000000004,33.60258,33.74492,33.88253,34.01563,34.144110000000005,34.268080000000005,34.38765000000001,34.50282,34.6137,34.720290000000006,34.822590000000005,34.920820000000006,35.01487,35.10485,35.190870000000004,35.27293,35.35092,35.42506,35.49535000000001,35.5619,35.62460000000001,35.68345000000001,35.73867,35.79015,35.838,35.88222,35.922810000000005,35.959880000000005,35.993320000000004,36.02324,36.04975,36.072630000000004,36.0921,36.10805,36.12070000000001,36.129830000000005,36.13555,36.13797,36.13698,36.132580000000004,36.124880000000005,36.11388000000001,36.09958,36.08187,36.060970000000005,36.036770000000004,36.00927000000001,35.97847000000001,35.944480000000006,35.907300000000006,35.86671,35.823040000000006,35.776070000000004,35.726020000000005,35.67267,35.616130000000005,35.556400000000004,35.493590000000005,35.42759,35.3584,35.28613,35.21078,35.13224,35.05073,34.96603,34.87836,34.78772,34.694,34.59742000000001,34.49776,34.39535,34.289970000000004,34.18184,34.07085000000001,33.95711,33.84073,33.72171,33.60005,33.475970000000004,33.349360000000004,33.220330000000004,33.0891,32.955670000000005,32.820150000000005,32.68265,32.54317,32.40193,32.25904,32.114720000000005,31.968970000000002,31.822010000000002,31.67395,31.52512,31.37552,31.225590000000004,31.07522,30.92485,30.774700000000003,30.624990000000004,30.475940000000005,30.32788,30.181030000000003,30.03583,29.892390000000002,29.751150000000003,29.612440000000003,29.47659,29.344040000000003,29.215010000000003,29.089940000000002,28.969160000000002,28.85311,28.742230000000003,28.636740000000003,28.537300000000005,28.444020000000002,28.35745,28.277810000000002,28.205650000000002,28.1413,28.08509,28.03724,27.99819,27.96805,27.947370000000003,27.93615,27.934720000000002,27.9433,27.96189,27.990710000000004,28.029870000000003,28.079370000000004,28.13932,28.20961,28.29035,28.381320000000002,28.48252,28.59373,28.71484,28.845740000000003,28.9861,29.135920000000002,29.29465,29.462400000000002,29.63862,29.82309,30.015590000000003,30.215790000000005,30.423360000000002,30.638080000000002,30.859620000000003,31.08754,31.321730000000002
21.19161,20.65041,20.1036,19.5514,18.99403,18.43204,17.865870000000005,17.296290000000003,16.724290000000003,16.150750000000002,15.577100000000002,15.005210000000002,14.43706,13.87518,13.322870000000002,12.783870000000002,12.2628,11.76505,11.297,10.865778000000002,10.479546,10.146752000000001,9.875943000000001,9.675006000000002,9.550398000000001,9.506321000000002,9.544139,9.662158000000002,9.855868000000001,10.118526000000001,10.441937000000001,10.817301,11.23584,11.68937,12.1704,12.672440000000002,13.18988,13.717990000000002,14.252920000000001,14.791260000000001,15.330370000000002,15.868160000000001,16.40276,16.932850000000002,17.457110000000004,17.97477,18.48495,18.98721,19.48111,19.96621,20.44229,20.909350000000003,21.367060000000002,21.815420000000003,22.254540000000002,22.68431,23.104730000000004,23.51602,23.918070000000004,24.31121,24.695330000000002,25.07065,25.43728,25.79544,26.14513,26.486460000000005,26.819760000000002,27.145030000000002,27.462380000000003,27.77214,28.0742,28.36889,28.656210000000005,28.936490000000003,29.209620000000005,29.475820000000002,29.735310000000002,29.988200000000003,30.234490000000005,30.474290000000003,30.70793,30.935300000000005,31.156620000000004,31.372000000000003,31.581440000000004,31.785160000000005,31.983270000000005,32.17577,32.362770000000005,32.544380000000004,32.720710000000004,32.891870000000004,33.057860000000005,33.21879,33.374880000000005,33.52591,33.67221,33.81367,33.95051,34.082730000000005,34.210330000000006,34.33353,34.452220000000004,34.56651,34.67651,34.78222,34.88375,34.9811,35.074270000000006,35.16337,35.24851,35.32958000000001,35.406690000000005,35.47984,35.54925000000001,35.614700000000006,35.676410000000004,35.73427,35.78839000000001,35.838770000000004,35.88552,35.92864,35.96813000000001,36.00388,36.03611000000001,36.064820000000005,36.09001000000001,36.11157,36.12972,36.14424,36.155460000000005,36.163160000000005,36.16734,36.168220000000005,36.165580000000006,36.15964,36.15018,36.137420000000006,36.12136,36.10189,36.079010000000004,36.05294,36.02335,35.99057,35.95449,35.915,35.87232,35.82634,35.77695000000001,35.72448,35.668600000000005,35.60953000000001,35.547160000000005,35.4816,35.41274,35.34069,35.26545,35.187020000000004,35.1054,35.020590000000006,34.932700000000004,34.84162,34.747460000000004,34.650110000000005,34.54979,34.44639,34.34002,34.23068,34.118370000000006,34.0032,33.88517,33.76428000000001,33.640640000000005,33.51436,33.38533,33.25388,33.11979,32.98339,32.844570000000004,32.70366,32.56044,32.415350000000004,32.268280000000004,32.11945,31.968970000000002,31.816950000000002,31.663610000000002,31.509170000000005,31.353630000000003,31.197430000000004,31.040570000000002,30.883270000000003,30.725860000000004,30.568450000000002,30.41148,30.255170000000003,30.09963,29.9453,29.79251,29.64159,29.49276,29.34646,29.203020000000002,29.062770000000004,28.926150000000003,28.7936,28.665450000000003,28.54214,28.424110000000002,28.311580000000003,28.205210000000005,28.105330000000002,28.012380000000004,27.92669,27.84859,27.778740000000003,27.717250000000003,27.664450000000002,27.620890000000003,27.586790000000004,27.56237,27.547960000000003,27.543670000000002,27.549940000000003,27.566660000000002,27.594050000000003,27.632330000000003,27.68139,27.74134,27.81218,27.89391,27.986310000000003,28.08927,28.20279,28.32665,28.460630000000002,28.604510000000005,28.75807,28.92098,29.093020000000003,29.273970000000002,29.463390000000004,29.661060000000003,29.86654,30.079720000000002,30.30016,30.52742,30.761390000000002,31.001520000000003
21.428,20.897690000000004,20.36254,19.823100000000004,19.279590000000002,18.73256,18.182780000000005,17.63091,17.07816,16.52552,15.97464,15.427390000000003,14.885860000000001,14.352580000000001,13.830960000000003,13.324630000000003,12.83788,12.375770000000001,11.944020000000002,11.54901,11.197560000000001,10.896677,10.653137000000001,10.473144,10.361593000000001,10.32163,10.354234000000002,10.458118,10.629839,10.864194000000001,11.154770000000001,11.494450000000002,11.875930000000002,12.29228,12.736900000000002,13.203850000000003,13.68796,14.184830000000002,14.690500000000002,15.20167,15.715810000000001,16.23039,16.743650000000002,17.25405,17.760270000000002,18.26132,18.756210000000003,19.244390000000003,19.72531,20.198420000000002,20.663610000000002,21.12033,21.568690000000004,22.008360000000003,22.43945,22.86174,23.275230000000004,23.680030000000002,24.076140000000002,24.46367,24.84262,25.2131,25.57533,25.9292,26.27493,26.612630000000003,26.94241,27.264490000000006,27.578870000000002,27.88566,28.185080000000003,28.477240000000002,28.76225,29.040220000000005,29.31126,29.575480000000002,29.832990000000002,30.084010000000003,30.328540000000004,30.566800000000004,30.79879,31.02473,31.24462,31.458570000000005,31.666800000000002,31.869200000000003,32.066100000000006,32.25739,32.443290000000005,32.6238,32.79903,32.9692,33.1342,33.29414,33.449130000000004,33.59917,33.74448,33.88506,34.02102,34.15225,34.27897,34.401180000000004,34.51899,34.632400000000004,34.74152,34.84635,34.94689,35.04325000000001,35.135540000000006,35.223650000000006,35.3078,35.38788,35.464000000000006,35.53627,35.604580000000006,35.66904,35.72965,35.786410000000004,35.83954000000001,35.88882,35.934360000000005,35.97627000000001,36.01455,36.0492,36.080110000000005,36.10750000000001,36.131370000000004,36.15161,36.168330000000005,36.18153,36.191210000000005,36.19737000000001,36.20012,36.19935,36.195170000000005,36.187470000000005,36.17636,36.161840000000005,36.143910000000005,36.12257,36.09793,36.069770000000005,36.0382,36.003330000000005,35.965160000000004,35.92347,35.87848,35.83019,35.778490000000005,35.723490000000005,35.66508,35.603370000000005,35.538360000000004,35.47005,35.39844,35.32353,35.24521,35.1637,35.079,34.99089,34.89959,34.8051,34.70742,34.606550000000006,34.50238,34.39524,34.28491,34.1715,34.05501,33.935550000000006,33.813120000000005,33.68772,33.55946,33.42834,33.29458,33.15796,33.01881,32.87713,32.73292000000001,32.586400000000005,32.43757,32.28665,32.13364,31.978650000000002,31.822010000000002,31.663610000000002,31.503890000000002,31.342740000000003,31.180490000000002,31.017250000000004,30.853350000000002,30.689010000000003,30.524340000000002,30.35967,30.195220000000003,30.031210000000005,29.868080000000003,29.706050000000005,29.545450000000002,29.38661,29.229970000000005,29.075750000000003,28.92439,28.77633,28.6319,28.49154,28.355690000000003,28.224790000000002,28.09917,27.979380000000003,27.86586,27.759050000000002,27.659390000000002,27.567210000000003,27.483060000000002,27.407380000000003,27.340390000000003,27.28253,27.234350000000003,27.195850000000004,27.167580000000005,27.14987,27.142720000000004,27.14646,27.161310000000004,27.187380000000005,27.224670000000003,27.273400000000002,27.333460000000002,27.404960000000003,27.487680000000005,27.581620000000004,27.686780000000002,27.802720000000004,27.929550000000003,28.066830000000003,28.214450000000003,28.37208,28.539390000000004,28.716160000000002,28.902060000000002,29.09676,29.29993,29.51113,29.730140000000002,29.95652,30.190050000000003,30.43018,30.67669
21.68034,21.161250000000003,20.63842,20.112180000000002,19.582970000000003,19.051450000000003,18.518280000000004,17.98445,17.451060000000002,16.919430000000002,16.39121,15.86805,15.35248,14.84692,14.354560000000001,13.878810000000001,13.423960000000001,12.994520000000001,12.595440000000002,12.23244,11.911240000000001,11.637670000000002,11.417120000000002,11.254540000000002,11.15367,11.117040000000001,11.1452,11.237160000000001,11.390390000000002,11.60071,11.86295,12.171280000000001,12.519870000000001,12.902560000000001,13.313740000000001,13.748130000000002,14.200890000000001,14.667840000000002,15.145240000000001,15.629900000000001,16.119290000000003,16.610770000000002,17.102690000000003,17.59329,18.081030000000002,18.565030000000004,19.0443,19.517850000000003,19.98524,20.44592,20.89945,21.345610000000004,21.78396,22.2145,22.636900000000004,23.051270000000002,23.45739,23.85526,24.24499,24.62647,24.999920000000003,25.365230000000004,25.722400000000004,26.07176,26.413200000000003,26.746940000000002,27.07298,27.39143,27.702510000000004,28.006220000000003,28.302670000000003,28.592080000000003,28.874450000000003,29.149890000000003,29.41862,29.68064,29.936060000000005,30.185100000000002,30.427760000000003,30.664150000000003,30.89438,31.11867,31.336910000000003,31.549430000000005,31.756120000000003,31.957200000000004,32.15267,32.34264,32.52733,32.706630000000004,32.88065,33.04961,33.21351,33.372350000000004,33.52624,33.675290000000004,33.819610000000004,33.95909,34.09395,34.2243,34.350030000000004,34.47125,34.58807,34.70049,34.808510000000005,34.91235,35.012010000000004,35.107380000000006,35.19868,35.28580000000001,35.36885,35.44794,35.523070000000004,35.594240000000006,35.66145,35.724810000000005,35.78443000000001,35.840090000000004,35.892010000000006,35.94019,35.98452,36.025220000000004,36.062290000000004,36.095620000000004,36.12532,36.15139,36.17383,36.192750000000004,36.208040000000004,36.21981000000001,36.22795,36.23268,36.23378,36.23147,36.225640000000006,36.21629000000001,36.20342,36.18714,36.16745,36.14424,36.11751,36.087480000000006,36.05393,36.01686000000001,35.976490000000005,35.93271,35.88541000000001,35.8347,35.78069000000001,35.72316,35.662220000000005,35.59798000000001,35.53022,35.459160000000004,35.384690000000006,35.30681,35.22552,35.140930000000004,35.05293,34.96163000000001,34.86703,34.769020000000005,34.66771000000001,34.563210000000005,34.4553,34.34431000000001,34.229910000000004,34.11243,33.99176,33.868010000000005,33.74107,33.61116,33.47817,33.34232,33.2035,33.061930000000004,32.917500000000004,32.770540000000004,32.620830000000005,32.468700000000005,32.314150000000005,32.157180000000004,31.998120000000004,31.83708,31.67395,31.509170000000005,31.342740000000003,31.174880000000005,31.005700000000004,30.835420000000003,30.66437,30.492660000000004,30.320510000000002,30.14825,29.976100000000002,29.80439,29.63334,29.463390000000004,29.29476,29.127780000000005,28.963,28.800530000000006,28.64103,28.484720000000003,28.332150000000002,28.183760000000003,28.039880000000004,27.90095,27.767630000000004,27.640140000000002,27.51925,27.405070000000002,27.298370000000002,27.199590000000004,27.108950000000004,27.027110000000004,26.954400000000003,26.891260000000003,26.83802,26.795230000000004,26.762890000000002,26.741550000000004,26.731430000000003,26.73275,26.745620000000002,26.770260000000004,26.806670000000004,26.85507,26.91535,26.98751,27.071550000000002,27.167360000000002,27.274720000000002,27.39341,27.52343,27.664340000000003,27.815920000000002,27.977950000000003,28.149990000000003,28.33182,28.523000000000003,28.723310000000005,28.93231,29.149560000000005,29.374840000000003,29.6076,29.847510000000003,30.094240000000003,30.34746
21.947420000000005,21.44021,20.929920000000003,20.41721,19.902630000000002,19.386730000000004,18.870390000000004,18.35471,17.840680000000003,17.32984,16.82373,16.32433,15.833730000000001,15.35457,14.88982,14.44278,14.017300000000002,13.617560000000001,13.247850000000001,12.91323,12.61843,12.368290000000002,12.16732,12.019260000000001,11.92741,11.89331,11.91762,11.99957,12.13696,12.326600000000001,12.564200000000001,12.845250000000002,13.164470000000001,13.516910000000001,13.89751,14.301540000000001,14.724820000000001,15.163390000000001,15.613730000000002,16.07287,16.537950000000002,17.00677,17.47746,17.948150000000002,18.417520000000003,18.88425,19.34746,19.806160000000002,20.259690000000003,20.7075,21.149040000000003,21.584090000000003,22.0121,22.43296,22.84634,23.252350000000003,23.650660000000002,24.04127,24.424180000000003,24.79928,25.16668,25.526490000000003,25.878490000000003,26.2229,26.55983,26.889170000000004,27.211140000000004,27.525850000000002,27.833300000000005,28.1336,28.426860000000005,28.713190000000004,28.992700000000003,29.265500000000003,29.531590000000005,29.79119,30.04441,30.291140000000006,30.531710000000004,30.766230000000004,30.994590000000002,31.217010000000005,31.433600000000002,31.644360000000006,31.849510000000002,32.04894,32.24298,32.431520000000006,32.61478,32.79276,32.96557,33.13321,33.2959,33.45353,33.606210000000004,33.754160000000006,33.89727,34.03576,34.16952,34.29866,34.4234,34.54352,34.659240000000004,34.77067,34.877700000000004,34.98055,35.079,35.17338,35.263580000000005,35.34971,35.43177000000001,35.50976,35.58379,35.65386,35.71997,35.782230000000006,35.84064,35.8952,35.945910000000005,35.99288,36.03611000000001,36.07549000000001,36.11124,36.14336,36.17174000000001,36.196490000000004,36.21761,36.23499,36.248960000000004,36.259190000000004,36.2659,36.268980000000006,36.26854000000001,36.26458,36.2571,36.24599,36.23147,36.21332,36.19176,36.16668,36.13808,36.10596,36.07032000000001,36.03127,35.9887,35.94261,35.89311,35.840090000000004,35.783550000000005,35.723490000000005,35.66002,35.59314,35.52274,35.448820000000005,35.37149000000001,35.29064,35.20638,35.11871000000001,35.02752,34.93292,34.83491,34.733380000000004,34.628550000000004,34.52031,34.408660000000005,34.293710000000004,34.17535,34.05369,33.92884,33.80069,33.66924,33.534710000000004,33.3971,33.2563,33.11253,32.965790000000005,32.81608,32.66362,32.508410000000005,32.35056,32.190180000000005,32.02727,31.86205,31.694630000000004,31.52512,31.353630000000003,31.180490000000002,31.005700000000004,30.829480000000004,30.652050000000003,30.47352,30.294330000000002,30.11459,29.934520000000003,29.754450000000002,29.57471,29.39563,29.21743,29.040440000000004,28.86521,28.691850000000002,28.521020000000004,28.352940000000004,28.18816,28.02712,27.870260000000002,27.718020000000003,27.57084,27.429270000000002,27.293860000000002,27.16516,27.0435,26.929430000000004,26.823500000000003,26.726150000000004,26.637930000000004,26.55917,26.490420000000004,26.43212,26.384490000000003,26.348080000000003,26.32311,26.309800000000003,26.30848,26.319370000000003,26.34258,26.378110000000003,26.426290000000005,26.486790000000003,26.55994,26.645300000000002,26.743090000000002,26.852870000000003,26.974640000000004,27.10807,27.252830000000003,27.408810000000003,27.575460000000003,27.752670000000002,27.939890000000002,28.136790000000005,28.343040000000002,28.558200000000003,28.781940000000006,29.013710000000003,29.253180000000004,29.499910000000003,29.753680000000003,30.013830000000002
22.228360000000002,21.733140000000002,21.23572,20.736760000000004,20.23681,19.73675,19.23735,18.739600000000003,18.244820000000004,17.754330000000003,17.26978,16.79315,16.32653,15.872450000000002,15.433660000000001,15.01335,14.614930000000001,14.242030000000002,13.89872,13.58918,13.317480000000002,13.08769,12.90344,12.767920000000002,12.683440000000001,12.651430000000001,12.672440000000002,12.745700000000001,12.869450000000002,13.041160000000001,13.25731,13.514050000000003,13.80709,14.132140000000001,14.484910000000003,14.86111,15.25689,15.668730000000002,16.093220000000002,16.527610000000003,16.96937,17.41597,17.865759999999998,18.31676,18.76765,19.21722,19.664260000000002,20.107890000000005,20.547340000000002,20.98195,21.41128,21.83478,22.25212,22.66297,23.06711,23.46432,23.854380000000003,24.2374,24.61316,24.981550000000002,25.342790000000004,25.69655,26.04305,26.38229,26.71427,27.0391,27.356780000000004,27.667310000000004,27.970910000000003,28.267580000000002,28.557430000000004,28.84057,29.117,29.38683,29.650170000000003,29.907240000000005,30.15782,30.402350000000002,30.640610000000002,30.87293,31.0992,31.319640000000003,31.534360000000003,31.743360000000003,31.94675,32.14464,32.337030000000006,32.52403,32.70575,32.8823,33.05368,33.22,33.381260000000005,33.53757,33.689150000000005,33.83578,33.97768,34.11496,34.247510000000005,34.375550000000004,34.49908,34.618100000000005,34.73283,34.843050000000005,34.94898,35.05062,35.14808,35.24136,35.33046,35.415490000000005,35.49645,35.57334,35.64616,35.71513,35.78014,35.841190000000005,35.898390000000006,35.95174,36.00124,36.047000000000004,36.089020000000005,36.127190000000006,36.161620000000006,36.192420000000006,36.21937,36.2428,36.26249,36.27855,36.290870000000005,36.29967,36.30484,36.306380000000004,36.3044,36.298790000000004,36.28955,36.276790000000005,36.260400000000004,36.24049000000001,36.217060000000004,36.190000000000005,36.159420000000004,36.12532,36.087700000000005,36.04645000000001,36.00168,35.95339,35.90158,35.846140000000005,35.78718,35.7247,35.6587,35.58907000000001,35.51592,35.43925,35.35906,35.27524,35.188010000000006,35.097150000000006,35.00266,34.90476,34.80334,34.69840000000001,34.58994,34.47796,34.362460000000006,34.243550000000006,34.121230000000004,33.99539000000001,33.86625,33.733700000000006,33.59785,33.45859,33.316140000000004,33.170500000000004,33.02167,32.86976,32.71477,32.556810000000006,32.395880000000005,32.232310000000005,32.06588,31.89692,31.725430000000003,31.551630000000003,31.37552,31.197430000000004,31.017250000000004,30.835420000000003,30.652050000000003,30.46714,30.281240000000004,30.094350000000002,29.90669,29.718700000000002,29.530600000000003,29.342610000000004,29.155060000000002,28.968390000000003,28.78282,28.5989,28.416850000000004,28.237220000000004,28.06034,27.886760000000002,27.716920000000002,27.551260000000003,27.390220000000003,27.234460000000002,27.08442,26.94065,26.803700000000003,26.67401,26.552240000000005,26.438940000000002,26.334550000000004,26.23951,26.154480000000003,26.079900000000002,26.0161,25.963630000000002,25.92282,25.894000000000002,25.8775,25.873540000000002,25.88234,25.90401,25.93877,25.986730000000005,26.047670000000004,26.12181,26.208820000000003,26.308700000000005,26.421230000000005,26.546190000000003,26.683360000000004,26.832410000000003,26.993010000000005,27.164830000000002,27.347430000000003,27.540370000000003,27.74343,27.95606,28.17771,28.408270000000005,28.646970000000003,28.893590000000003,29.147580000000005,29.4085,29.676020000000005
22.52195,22.03894,21.5545,21.0694,20.584300000000002,20.099860000000003,19.61718,19.137140000000002,18.661170000000002,18.19059,17.726940000000003,17.2722,16.828460000000003,16.398030000000002,15.983550000000001,15.587880000000002,15.21421,14.865840000000002,14.546180000000001,14.258860000000002,14.007510000000002,13.795430000000001,13.625590000000003,13.500740000000002,13.42253,13.392280000000001,13.410320000000002,13.475880000000002,13.587860000000003,13.743840000000002,13.941070000000002,14.176360000000003,14.44608,14.74638,15.073630000000001,15.424090000000001,15.794350000000001,16.181,16.581180000000003,16.992030000000003,17.411130000000004,17.836280000000002,18.265610000000002,18.69736,19.12999,19.56229,19.99316,20.421720000000004,20.84698,21.268280000000004,21.68507,22.09691,22.50325,22.903760000000002,23.29833,23.686410000000002,24.06811,24.44321,24.811490000000003,25.17295,25.527480000000004,25.875190000000003,26.215860000000003,26.5496,26.876410000000003,27.196400000000004,27.509460000000004,27.8157,28.115230000000004,28.408050000000003,28.694270000000003,28.97389,29.247130000000002,29.513880000000004,29.774250000000002,30.028460000000003,30.276400000000002,30.518290000000004,30.754240000000003,30.984140000000004,31.208320000000004,31.426670000000005,31.639300000000006,31.846320000000002,32.04784,32.243970000000004,32.4346,32.61995,32.80013,32.97514,33.144980000000004,33.309760000000004,33.4697,33.62469,33.774730000000005,33.92015000000001,34.06073000000001,34.196690000000004,34.328140000000005,34.454860000000004,34.577180000000006,34.695100000000004,34.808510000000005,34.91763,35.02235,35.122890000000005,35.21914,35.31132,35.399210000000004,35.48303000000001,35.56289,35.63857,35.71029000000001,35.77805000000001,35.84185,35.90169,35.95768,36.00982,36.05811,36.10255000000001,36.14325,36.18021,36.21332,36.24269,36.26832000000001,36.29032,36.308580000000006,36.32321,36.3341,36.34136,36.34499,36.34499,36.34125,36.33399000000001,36.323100000000004,36.308580000000006,36.29043000000001,36.26865,36.24335000000001,36.21442,36.18186000000001,36.14567,36.10596,36.06262,36.01565000000001,35.965050000000005,35.91093,35.85307,35.79169,35.72668,35.65815,35.58588,35.50998,35.43045,35.3474,35.26061000000001,35.170300000000005,35.07625,34.978680000000004,34.877370000000006,34.77254,34.66408,34.55199,34.43627000000001,34.31692,34.194050000000004,34.067660000000004,33.93775,33.804210000000005,33.667260000000006,33.526790000000005,33.38291,33.235620000000004,33.08503,32.93103,32.77384,32.61346,32.45,32.283460000000005,32.11395,31.941580000000002,31.766460000000002,31.58859,31.408300000000004,31.225590000000004,31.040570000000002,30.853350000000002,30.66437,30.47352,30.281240000000004,30.08753,29.892830000000004,29.69714,29.50101,29.304440000000003,29.10798,28.91196,28.71649,28.522120000000005,28.32918,28.138220000000004,27.949460000000002,27.763450000000002,27.580630000000003,27.40155,27.226760000000002,27.056700000000003,26.89181,26.732970000000005,26.580400000000004,26.434870000000004,26.29682,26.16702,26.045910000000003,25.934040000000003,25.83207,25.740330000000004,25.65959,25.59007,25.532430000000005,25.487000000000005,25.454220000000003,25.4342,25.427490000000002,25.4342,25.45444,25.48843,25.536170000000002,25.597660000000005,25.672900000000002,25.76178,25.86408,25.979580000000002,26.108060000000002,26.2493,26.402970000000003,26.56852,26.74584,26.934160000000006,27.13337,27.34292,27.562260000000002,27.790950000000006,28.028660000000002,28.27473,28.528830000000003,28.790410000000005,29.059030000000003,29.334360000000004
22.8272,22.356400000000004,21.88505,21.41381,20.943450000000002,20.47463,20.00834,19.54579,19.08808,18.63664,18.193120000000004,17.75928,17.337210000000002,16.929000000000002,16.53718,16.16428,15.813270000000001,15.487010000000001,15.188690000000001,14.921280000000001,14.687860000000002,14.491290000000001,14.333990000000002,14.218160000000001,14.145340000000003,14.116520000000001,14.13181,14.190770000000002,14.292300000000001,14.434420000000001,14.614930000000001,14.83108,15.079790000000001,15.357760000000003,15.661800000000001,15.988610000000001,16.33511,16.698330000000002,17.07541,17.463820000000002,17.861250000000002,18.26572,18.675140000000003,19.08797,19.50278,19.91814,20.332950000000004,20.74633,21.157400000000003,21.56528,21.969420000000003,22.36938,22.76461,23.154670000000003,23.539340000000003,23.918290000000002,24.29119,24.65804,25.018620000000002,25.37282,25.720640000000003,26.06186,26.396480000000004,26.724500000000003,27.045920000000002,27.360740000000003,27.66907,27.970800000000004,28.266040000000004,28.55479,28.83716,29.11315,29.382870000000004,29.646320000000003,29.90361,30.15474,30.39993,30.639180000000003,30.872490000000003,31.099970000000003,31.321730000000002,31.53788,31.748310000000004,31.953350000000004,32.152890000000006,32.34704000000001,32.53591,32.719500000000004,32.89792,33.07117,33.239470000000004,33.40271,33.561110000000006,33.71456,33.86328,34.007160000000006,34.146420000000006,34.281060000000004,34.411190000000005,34.536590000000004,34.657700000000006,34.774300000000004,34.886500000000005,34.9943,35.09792,35.197140000000005,35.29229,35.38315,35.46983,35.552550000000004,35.63109,35.705560000000006,35.776070000000004,35.842620000000004,35.905210000000004,35.963840000000005,36.018620000000006,36.06944,36.11641,36.15964,36.199020000000004,36.234550000000006,36.26634000000001,36.29439000000001,36.31859,36.33916000000001,36.35599,36.369080000000004,36.37854,36.384260000000005,36.38624000000001,36.38459,36.379310000000004,36.37029,36.35775,36.34147,36.321450000000006,36.29791,36.270630000000004,36.239830000000005,36.20529,36.167010000000005,36.12521,36.07967000000001,36.0305,35.977700000000006,35.92116,35.86099000000001,35.79719000000001,35.72965,35.658480000000004,35.58346,35.504920000000006,35.42264,35.33662,35.246860000000005,35.15336,35.05623,34.95536,34.850750000000005,34.74251,34.63042,34.514700000000005,34.39524,34.27215,34.145320000000005,34.01486,33.88066,33.742830000000005,33.60137,33.45639,33.30778,33.15565,33.0,32.84094,32.678470000000004,32.51259,32.34352,32.171260000000004,31.995810000000002,31.817390000000003,31.636000000000003,31.451750000000004,31.264750000000003,31.07522,30.883270000000003,30.689010000000003,30.492660000000004,30.294330000000002,30.094350000000002,29.892830000000004,29.68999,29.48616,29.28156,29.076520000000002,28.871370000000002,28.666330000000006,28.461950000000005,28.25845,28.056270000000005,27.85596,27.65774,27.46227,27.269990000000004,27.08134,26.89698,26.71735,26.54322,26.374920000000003,26.213220000000003,26.05867,25.91193,25.77366,25.6443,25.524620000000002,25.415170000000003,25.3165,25.229160000000004,25.153810000000004,25.090670000000003,25.0404,25.003330000000002,24.9799,24.97022,24.97473,24.99354,25.026760000000003,25.07439,25.136540000000004,25.2131,25.30396,25.408900000000003,25.527700000000003,25.660140000000002,25.805780000000002,25.964290000000002,26.135340000000003,26.31838,26.513080000000002,26.718890000000002,26.935260000000003,27.16186,27.398030000000002,27.64333,27.89721,28.15912,28.42873,28.70549,28.988850000000003
23.143010000000004,22.684530000000002,22.226270000000003,21.76878,21.31294,20.859410000000004,20.40929,19.963680000000004,19.523680000000002,19.09083,18.66656,18.25263,17.850910000000002,17.46349,17.09268,16.7409,16.41057,16.10455,15.82526,15.575560000000001,15.35809,15.175050000000002,15.02875,14.92084,14.852640000000001,14.824810000000001,14.83768,14.890700000000002,14.982990000000003,15.112900000000002,15.27856,15.47755,15.707340000000002,15.964960000000001,16.247880000000002,16.55291,16.8773,17.21852,17.57393,17.94111,18.317970000000003,18.70242,19.0927,19.48727,19.88448,20.28323,20.6822,21.080620000000003,21.47739,21.87196,22.263450000000002,22.65142,23.03543,23.414820000000002,23.78948,24.158970000000004,24.523070000000004,24.88145,25.234220000000004,25.580940000000005,25.921610000000005,26.256120000000003,26.584580000000003,26.906660000000002,27.22247,27.532010000000003,27.83528,28.13228,28.42301,28.70758,28.98588,29.258020000000002,29.52411,29.78404,30.038030000000003,30.286190000000005,30.5283,30.76469,30.995250000000002,31.220200000000006,31.43943,31.653160000000003,31.861390000000004,32.06423,32.261680000000005,32.45374,32.64063,32.82235,32.9989,33.170500000000004,33.33704,33.49863,33.65549,33.8074,33.95458,34.097030000000004,34.23486,34.36807,34.496660000000006,34.620850000000004,34.74053,34.855700000000006,34.96669,35.073170000000005,35.175470000000004,35.273480000000006,35.36731,35.45696000000001,35.54243,35.623830000000005,35.70116,35.77442,35.84361,35.908950000000004,35.970220000000005,36.02753,36.08099,36.1306,36.17625,36.218160000000005,36.25611,36.29032,36.32068,36.347300000000004,36.370180000000005,36.389320000000005,36.404610000000005,36.416270000000004,36.424080000000004,36.42826,36.4287,36.42551,36.418470000000006,36.4078,36.3935,36.375460000000004,36.353680000000004,36.32816,36.29912,36.26623,36.229710000000004,36.18945000000001,36.14545,36.097820000000006,36.04645000000001,35.99134,35.93249,35.86990000000001,35.80357,35.7335,35.659690000000005,35.58214,35.50074000000001,35.4156,35.32672,35.233990000000006,35.13752,35.037200000000006,34.93303,34.82512,34.71336,34.597750000000005,34.4784,34.3552,34.22815,34.09736,33.962830000000004,33.82434000000001,33.68222,33.53636,33.38665,33.23331,33.07634,32.91563000000001,32.751400000000004,32.583650000000006,32.41227,32.237590000000004,32.05939,31.878000000000004,31.693420000000003,31.505650000000003,31.31491,31.121310000000005,30.92485,30.725860000000004,30.524340000000002,30.320510000000002,30.11459,29.90669,29.69714,29.48616,29.273860000000003,29.060790000000004,28.84695,28.632780000000004,28.418720000000004,28.2051,27.99214,27.7805,27.570400000000003,27.3625,27.157130000000006,26.954950000000004,26.756400000000003,26.562140000000003,26.37261,26.18858,26.010600000000004,25.839220000000005,25.675320000000003,25.519340000000003,25.37216,25.234220000000004,25.10629,24.98892,24.88288,24.78872,24.70699,24.63813,24.582800000000002,24.541330000000002,24.51416,24.501510000000003,24.50371,24.52098,24.55354,24.60117,24.66409,24.74219,24.835250000000002,24.943050000000003,25.06548,25.202100000000005,25.35247,25.516370000000002,25.693250000000003,25.88267,26.084080000000004,26.296930000000003,26.520670000000003,26.754860000000004,26.99895,27.252280000000003,27.514410000000005,27.784790000000005,28.062760000000004,28.347990000000003,28.639930000000003
23.468500000000002,23.022230000000004,22.57695,22.13299,21.691450000000003,21.252990000000004,20.8186,20.38938,19.966540000000002,19.5514,19.145390000000003,18.75038,18.367910000000002,17.999960000000005,17.64873,17.31631,17.005010000000002,16.71714,16.45512,16.22137,16.01798,15.84693,15.710200000000002,15.609220000000002,15.54498,15.518030000000001,15.528590000000001,15.57633,15.660370000000002,15.77928,15.931630000000002,16.11522,16.32785,16.5671,16.830550000000002,17.115560000000002,17.419600000000003,17.740360000000003,18.075309999999998,18.42247,18.77964,19.14506,19.51686,19.893610000000002,20.273770000000003,20.656240000000004,21.0397,21.423270000000002,21.806070000000002,22.187330000000003,22.566170000000003,22.94215,23.31483,23.68355,24.048090000000002,24.40801,24.762980000000002,25.11289,25.457520000000002,25.79665,26.13006,26.457860000000004,26.77972,27.095750000000002,27.40584,27.709880000000002,28.007980000000003,28.300030000000003,28.586030000000004,28.866090000000003,29.140210000000003,29.40839,29.67063,29.92704,30.177620000000005,30.422370000000004,30.6614,30.894820000000003,31.12252,31.344720000000002,31.561310000000002,31.772620000000003,31.978430000000003,32.178850000000004,32.374100000000006,32.56407,32.748870000000004,32.92861,33.10329,33.27302,33.4378,33.59763,33.75273,33.90299,34.04863,34.18954,34.325720000000004,34.4575,34.58466,34.70742,34.82567,34.93952,35.049080000000004,35.15424,35.25522,35.351910000000004,35.44431,35.53264,35.6169,35.69698,35.77299,35.844930000000005,35.912910000000004,35.976820000000004,36.036880000000004,36.092870000000005,36.14501,36.1933,36.23763,36.278110000000005,36.31474,36.34752,36.376560000000005,36.40175000000001,36.42309,36.4408,36.454550000000005,36.464670000000005,36.471050000000005,36.473580000000005,36.47248,36.46753,36.45884,36.44652000000001,36.43035,36.41055,36.38701,36.35962000000001,36.32860000000001,36.29384,36.255230000000005,36.212880000000006,36.1669,36.117070000000005,36.063390000000005,36.00608,35.944810000000004,35.87991,35.81105000000001,35.73845,35.66211,35.58181,35.49766,35.40977,35.31792,35.22222000000001,35.12256,35.01916,34.91169,34.80048,34.6852,34.56607,34.443090000000005,34.31615,34.18525,34.05039,33.911680000000004,33.76912,33.6226,33.472120000000004,33.3179,33.15983,32.997800000000005,32.83214,32.66263,32.48949,32.31272,32.13221,31.948290000000004,31.76085,31.57,31.37585,31.178510000000003,30.97809,30.774700000000003,30.568450000000002,30.35967,30.14825,29.934520000000003,29.718700000000002,29.50101,29.28156,29.060790000000004,28.838810000000002,28.616060000000004,28.39276,28.169240000000002,27.946050000000003,27.72341,27.50187,27.28187,27.063850000000002,26.84825,26.635840000000005,26.42695,26.222240000000003,26.02248,25.828110000000002,25.639900000000004,25.458620000000003,25.284710000000004,25.11916,24.96252,24.815450000000002,24.678830000000005,24.553210000000004,24.439360000000004,24.33794,24.249500000000005,24.1747,24.11398,24.067780000000003,24.036760000000005,24.02092,24.02092,24.036650000000005,24.068440000000002,24.116180000000004,24.18009,24.259840000000004,24.355320000000003,24.466420000000003,24.5927,24.73394,24.889590000000002,25.05921,25.242360000000005,25.438490000000005,25.647050000000004,25.86749,26.099260000000005,26.34159,26.594040000000003,26.855950000000004,27.12677,27.405950000000004,27.69283,27.98686,28.287710000000004
23.802680000000002,23.36862,22.93599,22.50545,22.07788,21.65405,21.23495,20.82157,20.41512,20.01703,19.628510000000002,19.251210000000004,18.88678,18.537090000000003,18.2039,17.889300000000002,17.59538,17.32412,17.077720000000003,16.85816,16.667420000000003,16.50704,16.37878,16.28374,16.222910000000002,16.196730000000002,16.2052,16.2481,16.32466,16.433780000000002,16.57414,16.74376,16.940990000000003,17.163410000000002,17.40904,17.67557,17.960800000000003,18.262310000000003,18.57823,18.906360000000003,19.244940000000003,19.592100000000002,19.94619,20.305780000000002,20.669550000000005,21.036070000000002,21.40435,21.773400000000002,22.14234,22.51029,22.876700000000003,23.240800000000004,23.60204,23.96009,24.314400000000003,24.664640000000002,25.01048,25.351810000000004,25.688190000000002,26.01951,26.345660000000002,26.666420000000002,26.981680000000004,27.291440000000005,27.595480000000002,27.89391,28.18662,28.473610000000004,28.75488,29.030320000000003,29.30004,29.56415,29.82243,30.074990000000003,30.32194,30.563280000000002,30.799120000000002,31.029350000000004,31.254080000000002,31.473420000000004,31.68737,31.895930000000003,32.09921000000001,32.297320000000006,32.49015,32.67792,32.86063,33.03828,33.21087000000001,33.378620000000005,33.54153,33.699600000000004,33.852940000000004,34.00144,34.145320000000005,34.284580000000005,34.41933,34.54946,34.67508,34.7963,34.913120000000006,35.02554,35.13367,35.2374,35.33695,35.432320000000004,35.5234,35.61041,35.69324,35.772000000000006,35.84669,35.91731,35.98386000000001,36.04656,36.10519,36.15986,36.21068,36.25754,36.30044,36.339600000000004,36.3748,36.40626,36.43376000000001,36.45752,36.47743,36.49360000000001,36.50592,36.51439,36.51923000000001,36.52022000000001,36.517360000000004,36.51087,36.50053,36.486450000000005,36.46852,36.44685,36.421440000000004,36.39229,36.35929,36.32255,36.281960000000005,36.23752,36.18934,36.137420000000006,36.081540000000004,36.02181000000001,35.95834,35.890910000000005,35.81974,35.74461,35.66552000000001,35.58258,35.49568,35.40493000000001,35.31022,35.21144,35.108810000000005,35.00211,34.891560000000005,34.776830000000004,34.65825,34.53549,34.40888,34.27809,34.14334,34.00452,33.861740000000005,33.714890000000004,33.563970000000005,33.409090000000006,33.25014,33.087230000000005,32.92036,32.74964000000001,32.57485,32.39632,32.21394,32.02782,31.837850000000003,31.644360000000006,31.447240000000004,31.24671,31.042660000000005,30.835420000000003,30.624990000000004,30.41148,30.195220000000003,29.976100000000002,29.754450000000002,29.530600000000003,29.304440000000003,29.076520000000002,28.84695,28.616060000000004,28.38407,28.151310000000002,27.91833,27.68524,27.452700000000004,27.220930000000003,26.99059,26.762120000000003,26.535960000000003,26.312880000000003,26.093210000000003,25.877830000000003,25.667180000000002,25.46214,25.263260000000002,25.071310000000004,24.88706,24.711280000000002,24.544740000000004,24.38821,24.242350000000002,24.108040000000003,23.98594,23.876820000000002,23.78134,23.70005,23.63361,23.582570000000004,23.547370000000004,23.52834,23.525920000000003,23.54011,23.571130000000004,23.619200000000003,23.6841,23.76583,23.864060000000002,23.97868,24.109360000000002,24.25544,24.41681,24.5927,24.78267,24.986060000000002,25.202320000000004,25.4309,25.670920000000002,25.922050000000002,26.183410000000002,26.454340000000002,26.7344,27.02282,27.31905,27.62243,27.932630000000003
24.14467,23.72249,23.302400000000002,22.885060000000003,22.471130000000002,22.061490000000003,21.657130000000002,21.259040000000002,20.86843,20.4864,20.11438,19.753910000000005,19.40642,19.073560000000004,18.7572,18.4591,18.181130000000003,17.924940000000003,17.69262,17.48593,17.306410000000003,17.1556,17.03482,16.94506,16.88709,16.86135,16.86795,16.906450000000003,16.976300000000002,17.076620000000002,17.20609,17.363170000000004,17.546210000000002,17.75334,17.98269,18.23217,18.499690000000005,18.783490000000004,19.081480000000003,19.391790000000004,19.712660000000003,20.042440000000003,20.379590000000004,20.72268,21.070390000000003,21.42162,21.775050000000004,22.12991,22.485210000000002,22.84018,23.19416,23.546380000000003,23.896400000000003,24.24367,24.58786,24.92842,25.265130000000003,25.597550000000002,25.92568,26.249080000000003,26.567750000000004,26.88136,27.18991,27.493290000000002,27.791280000000004,28.08399,28.371200000000005,28.652910000000006,28.92923,29.19994,29.46515,29.724860000000003,29.97907,30.227780000000003,30.471100000000003,30.708920000000003,30.94124,31.168280000000003,31.389930000000003,31.606190000000005,31.817280000000004,32.0232,32.22384,32.41942,32.60983,32.79529,32.97569000000001,33.151140000000005,33.32175,33.487410000000004,33.648340000000005,33.80454,33.9559,34.10264,34.24487,34.38237,34.51536,34.643950000000004,34.76803,34.887600000000006,35.00288,35.113870000000006,35.22046,35.32276000000001,35.420880000000004,35.51471,35.60447,35.69005000000001,35.77145,35.848890000000004,35.92215,35.99134,36.05668,36.11784000000001,36.17515,36.228500000000004,36.277890000000006,36.32332,36.3649,36.40263,36.436400000000006,36.46632,36.4925,36.514720000000004,36.53320000000001,36.547720000000005,36.55861000000001,36.56554,36.56873000000001,36.56807,36.56367,36.555420000000005,36.54343,36.527590000000004,36.50790000000001,36.48447000000001,36.45719,36.42606000000001,36.39119000000001,36.352470000000004,36.30979,36.26337000000001,36.213100000000004,36.15887,36.10079,36.03886,35.972970000000004,35.90323,35.82953,35.751760000000004,35.67014,35.58456,35.49491,35.401300000000006,35.30362,35.201980000000006,35.096270000000004,34.986380000000004,34.872530000000005,34.7545,34.632400000000004,34.50623,34.37577,34.241350000000004,34.10264,33.95986,33.812900000000006,33.66187,33.506550000000004,33.34716,33.18359,33.015950000000004,32.84413,32.668240000000004,32.48828,32.30425,32.116260000000004,31.924420000000005,31.728510000000004,31.528860000000005,31.325470000000003,31.118340000000003,30.907690000000002,30.69352,30.475940000000005,30.255170000000003,30.031210000000005,29.80439,29.57471,29.342610000000004,29.10798,28.871370000000002,28.632780000000004,28.39276,28.151310000000002,27.908980000000003,27.666100000000004,27.423000000000002,27.180120000000002,26.938010000000002,26.697000000000003,26.45764,26.22059,25.98629,25.755620000000004,25.528910000000003,25.30704,25.090780000000002,24.88068,24.677730000000004,24.48248,24.296030000000002,24.119040000000002,23.952280000000002,23.796740000000003,23.653190000000002,23.5224,23.405140000000003,23.302180000000003,23.214070000000003,23.141690000000004,23.08548,23.045880000000004,23.02344,23.01838,23.03103,23.061500000000002,23.109900000000003,23.17612,23.25994,23.361250000000002,23.479830000000003,23.61513,23.766710000000003,23.93413,24.11673,24.31407,24.525270000000003,24.74989,24.98705,25.23609,25.496460000000003,25.767280000000003,26.047780000000003,26.33752,26.635730000000002,26.941860000000002,27.25514,27.575020000000002
24.49359,24.08329,23.675410000000003,23.270830000000004,22.8701,22.474320000000002,22.08415,21.700690000000005,21.325150000000004,20.958520000000004,20.60212,20.25738,19.92584,19.60882,19.307970000000005,19.025050000000004,18.761490000000002,18.51916,18.29971,18.104460000000003,17.935060000000004,17.792720000000003,17.67854,17.593510000000002,17.53807,17.51277,17.51739,17.551930000000002,17.61573,17.70802,17.827590000000004,17.973120000000005,18.14329,18.33645,18.55073,18.78448,19.03572,19.302910000000004,19.58407,19.87744,20.181700000000003,20.494979999999998,20.81596,21.14321,21.47552,21.811790000000002,22.150920000000003,22.49192,22.83391,23.17612,23.517780000000002,23.858340000000002,24.19714,24.53374,24.867700000000003,25.198580000000003,25.52605,25.849780000000003,26.169550000000005,26.485030000000002,26.796110000000002,27.102570000000004,27.404300000000003,27.70108,27.992910000000002,28.279680000000003,28.561280000000004,28.837710000000005,29.10886,29.374730000000003,29.63532,29.890630000000005,30.140660000000004,30.385300000000004,30.62477,30.858850000000004,31.087760000000003,31.311390000000003,31.529850000000003,31.74303,31.951150000000005,32.154210000000006,32.35210000000001,32.54504000000001,32.73303000000001,32.915960000000005,33.09405,33.26719,33.4356,33.59928,33.758120000000005,33.91223,34.06172,34.206700000000005,34.34695,34.482800000000005,34.61403000000001,34.740860000000005,34.86329,34.981320000000004,35.094950000000004,35.20429000000001,35.309450000000005,35.41021,35.50679,35.59919000000001,35.68752,35.77167,35.85164,35.92754,35.99948,36.067240000000005,36.131150000000005,36.190990000000006,36.24676,36.298680000000004,36.34664,36.390750000000004,36.4309,36.46709,36.499430000000004,36.52792,36.55256,36.573350000000005,36.59029,36.60338,36.61262,36.61801,36.619550000000004,36.61735,36.61130000000001,36.60129,36.587540000000004,36.57005,36.5486,36.523300000000006,36.49415,36.46115,36.4243,36.3836,36.33894000000001,36.29043000000001,36.23807,36.18164000000001,36.12136,36.057120000000005,35.98892,35.916760000000004,35.84053,35.76034,35.676080000000006,35.58775,35.49546,35.398990000000005,35.29845,35.19373,35.08494,34.971970000000006,34.854820000000004,34.73349,34.607870000000005,34.47818,34.34409,34.20593,34.06337,33.916630000000005,33.76549000000001,33.610170000000004,33.45056,33.286660000000005,33.11836,32.94588,32.769220000000004,32.58816,32.40303,32.21361,32.020010000000006,31.822230000000005,31.62049,31.414680000000004,31.20491,30.991290000000003,30.77382,30.55261,30.32788,30.09963,29.868080000000003,29.63334,29.39563,29.155060000000002,28.91196,28.666330000000006,28.418720000000004,28.169240000000002,27.91833,27.666100000000004,27.4131,27.159660000000002,26.90622,26.65322,26.401320000000002,26.15074,25.90236,25.656620000000004,25.41429,25.17592,24.942280000000004,24.714250000000003,24.49249,24.27788,24.07119,23.87341,23.68542,23.50799,23.34222,23.18877,23.04874,22.92279,22.81191,22.71665,22.63789,22.576070000000005,22.53196,22.505890000000004,22.4983,22.509300000000003,22.539220000000004,22.587950000000003,22.655600000000003,22.74195,22.846670000000003,22.969430000000003,23.109900000000003,23.26742,23.441550000000003,23.631520000000002,23.83667,24.05645,24.289870000000004,24.536270000000005,24.794990000000002,25.065040000000003,25.34587,25.636710000000004,25.936680000000003,26.245230000000003,26.561590000000002,26.8851,27.215210000000003
24.84878,24.449920000000002,24.05403,23.66188,23.274020000000004,22.891440000000003,22.51502,22.145640000000004,21.7844,21.43229,21.090740000000004,20.76085,20.44405,20.14177,19.855330000000002,19.586380000000002,19.33624,19.106559999999998,18.89866,18.71386,18.553590000000003,18.41873,18.31049,18.22953,18.1764,18.151210000000003,18.15418,18.185090000000002,18.243280000000002,18.3282,18.438750000000002,18.57383,18.73223,18.91241,19.112830000000002,19.332060000000002,19.568230000000003,19.8198,20.085230000000003,20.36276,20.651180000000004,20.94884,21.25431,21.566489999999998,21.88406,22.205920000000003,22.531080000000003,22.85855,23.18756,23.51723,23.8469,24.175910000000002,24.503600000000002,24.829750000000004,25.153590000000005,25.474790000000002,25.793020000000002,26.107950000000002,26.41925,26.726810000000004,27.030190000000005,27.32939,27.624190000000002,27.91437,28.199930000000002,28.480760000000004,28.75664,29.02757,29.293550000000003,29.554470000000002,29.810330000000004,30.061130000000002,30.306760000000004,30.547330000000002,30.782840000000004,31.013180000000002,31.23846,31.458570000000005,31.673730000000003,31.88372,32.08887000000001,32.288850000000004,32.48399,32.67418000000001,32.85953,33.040040000000005,33.2156,33.386540000000004,33.552640000000004,33.71401,33.870760000000004,34.022890000000004,34.1704,34.31329,34.45178000000001,34.58576,34.715230000000005,34.8403,34.96097,35.07735,35.189330000000005,35.29702,35.40053,35.49986,35.5949,35.68576,35.77255,35.85516,35.9337,36.00817,36.07857,36.14501,36.20738,36.26579,36.320130000000006,36.37062,36.41715,36.459720000000004,36.49844,36.53320000000001,36.56411,36.591060000000006,36.614270000000005,36.63352,36.648810000000005,36.66036,36.668060000000004,36.67191,36.671800000000005,36.667950000000005,36.66014,36.64859,36.63308,36.61372000000001,36.59051,36.56345,36.532430000000005,36.49756000000001,36.45873,36.416050000000006,36.36941,36.31881,36.264250000000004,36.20573,36.14325,36.0767,36.00608,35.9315,35.852850000000004,35.77013000000001,35.68334,35.59237,35.497220000000006,35.398,35.29449,35.186910000000005,35.07504,34.95888,34.83854,34.7138,34.584880000000005,34.45156,34.313950000000006,34.171940000000006,34.02553,33.87472,33.71962,33.560010000000005,33.396,33.227590000000006,33.05478,32.877460000000006,32.69574000000001,32.509730000000005,32.319210000000005,32.1244,31.925190000000004,31.721690000000002,31.513900000000003,31.301930000000002,31.08578,30.865450000000003,30.641270000000002,30.413020000000003,30.181030000000003,29.9453,29.706050000000005,29.463390000000004,29.21743,28.968390000000003,28.71649,28.461950000000005,28.2051,27.946050000000003,27.68524,27.423000000000002,27.159660000000002,26.895660000000003,26.631330000000002,26.367330000000003,26.10399,25.84197,25.58182,25.3242,25.069770000000002,24.819190000000003,24.57334,24.332990000000002,24.098910000000004,23.87209,23.65341,23.44375,23.243990000000004,23.05534,22.878570000000003,22.71478,22.564850000000003,22.42977,22.31031,22.207460000000005,22.121880000000004,22.05434,22.005280000000003,21.97547,21.965020000000003,21.974480000000003,22.00385,22.053240000000002,22.12254,22.211640000000003,22.320100000000004,22.44759,22.593670000000003,22.757680000000004,22.93896,23.136850000000003,23.35058,23.579380000000004,23.822370000000003,24.078780000000002,24.347620000000003,24.628230000000002,24.91973,25.22124,25.5321,25.851430000000004,26.178680000000004,26.51297,26.853750000000005
25.20925,24.821720000000003,24.437490000000004,24.057330000000004,23.682010000000002,23.312190000000005,22.948860000000003,22.592900000000004,22.2453,21.90705,21.57947,21.263550000000002,20.960610000000003,20.67197,20.39895,20.14287,19.905050000000003,19.68681,19.48936,19.314130000000002,19.162000000000003,19.03407,18.931110000000004,18.853670000000005,18.802410000000002,18.777440000000002,18.778760000000002,18.80626,18.859280000000002,18.937490000000004,19.039790000000004,19.1653,19.312920000000002,19.48111,19.668770000000002,19.87447,20.096560000000004,20.33361,20.584300000000002,20.84698,21.12033,21.40314,21.693980000000003,21.99164,22.29491,22.602910000000005,22.91465,23.22903,23.545280000000005,23.862740000000002,24.18064,24.498320000000003,24.815230000000003,25.13082,25.44465,25.75628,26.06538,26.37151,26.674450000000004,26.97398,27.269770000000005,27.561600000000002,27.84947,28.13294,28.41212,28.686790000000002,28.956950000000003,29.22238,29.483080000000005,29.738940000000003,29.989960000000004,30.236140000000002,30.477370000000004,30.713760000000004,30.945090000000004,31.171580000000006,31.393120000000003,31.609710000000003,31.821460000000002,32.02826,32.23011,32.42723,32.619400000000006,32.80684,32.98944,33.16731,33.340450000000004,33.50886,33.672650000000004,33.83182,33.98637,34.136300000000006,34.28172,34.42263,34.559140000000006,34.691140000000004,34.818850000000005,34.94205,35.06096,35.175580000000004,35.28591,35.39206,35.49381,35.59149,35.68499,35.77431000000001,35.85956000000001,35.94063,36.017630000000004,36.09056,36.159530000000004,36.224430000000005,36.28537,36.342240000000004,36.39515,36.444210000000005,36.4892,36.53034,36.56752,36.60085,36.63022,36.65574,36.67730000000001,36.69501,36.70887,36.718880000000006,36.72493,36.72713,36.725480000000005,36.71998,36.71052,36.697210000000005,36.68005,36.658930000000005,36.63385,36.60492000000001,36.572140000000005,36.53529,36.49459000000001,36.44982,36.4012,36.348510000000005,36.29186000000001,36.231139999999996,36.16635000000001,36.09760000000001,36.02467,35.94767,35.866600000000005,35.78135,35.69192,35.59831,35.50052000000001,35.39844,35.29207,35.181520000000006,35.06657,34.94733,34.823690000000006,34.69576,34.563320000000004,34.426480000000005,34.28524,34.13949,33.989340000000006,33.83457000000001,33.675290000000004,33.511500000000005,33.3432,33.170280000000005,32.992740000000005,32.81069,32.62413,32.432950000000005,32.23715,32.036840000000005,31.832130000000003,31.622800000000005,31.40896,31.190830000000002,30.968300000000003,30.741370000000003,30.51037,30.275080000000003,30.03583,29.79251,29.545450000000002,29.29476,29.040440000000004,28.78282,28.522120000000005,28.25845,27.99214,27.72341,27.452700000000004,27.180120000000002,26.90622,26.631330000000002,26.355890000000002,26.08045,25.80545,25.531550000000003,25.259300000000003,24.989250000000002,24.72228,24.459160000000004,24.20055,23.94733,23.700380000000003,23.460800000000003,23.22936,23.007050000000003,22.795080000000002,22.594440000000002,22.40612,22.231220000000004,22.07084,21.925970000000003,21.79749,21.686390000000003,21.593550000000004,21.519740000000002,21.46562,21.43174,21.41843,21.426240000000004,21.455170000000003,21.50522,21.5765,21.66857,21.781320000000004,21.913980000000002,22.06622,22.23727,22.426470000000002,22.633050000000004,22.85591,23.094500000000004,23.347720000000002,23.614690000000003,23.894530000000003,24.18625,24.488970000000002,24.801920000000003,25.12422,25.45499,25.79346,26.13908,26.49097
25.57456,25.19792,24.825020000000002,24.45663,24.09319,23.7358,23.38501,23.04181,22.707190000000004,22.382030000000004,22.06754,21.764710000000004,21.474860000000003,21.19887,20.938170000000003,20.69397,20.467480000000002,20.259800000000002,20.07203,19.90527,19.760620000000003,19.638740000000002,19.54051,19.46637,19.41676,19.391790000000004,19.39157,19.41588,19.464280000000002,19.536220000000004,19.63093,19.747640000000004,19.885250000000003,20.042550000000002,20.218329999999998,20.411380000000005,20.62038,20.843900000000005,21.080730000000003,21.329330000000002,21.588710000000003,21.85733,22.13409,22.41789,22.70763,23.002320000000005,23.300970000000003,23.602700000000002,23.906630000000003,24.212210000000002,24.51856,24.82513,25.13126,25.43662,25.740550000000002,26.042720000000003,26.34258,26.640020000000003,26.934600000000003,27.226100000000002,27.514300000000006,27.79876,28.079590000000003,28.356460000000002,28.62915,28.897770000000005,29.161990000000003,29.42181,29.677120000000002,29.927810000000004,30.173990000000003,30.415440000000004,30.652160000000002,30.88426,31.111520000000002,31.33405,31.551740000000002,31.7647,31.97293,32.176320000000004,32.37509,32.56902,32.75822,32.942690000000006,33.12254,33.29777000000001,33.468270000000004,33.634260000000005,33.79563,33.952380000000005,34.10473,34.252460000000006,34.39579,34.53461,34.66914,34.79916,34.924890000000005,35.046330000000005,35.16337,35.27623,35.384800000000006,35.48919000000001,35.589290000000005,35.685320000000004,35.777170000000005,35.86484,35.948440000000005,36.02797,36.10343,36.17493,36.24225,36.30572000000001,36.36512,36.42045,36.47193000000001,36.519450000000006,36.563010000000006,36.602610000000006,36.63825,36.67004,36.69798000000001,36.72185,36.741980000000005,36.75815,36.77047,36.77883,36.78334,36.78389000000001,36.780590000000004,36.77333000000001,36.762220000000006,36.74726,36.72834,36.70546,36.67862,36.64782,36.613170000000004,36.57445,36.53177000000001,36.48502,36.43442,36.37964,36.32079,36.257979999999996,36.190990000000006,36.119930000000004,36.04469,35.96538,35.88178,35.794000000000004,35.702040000000004,35.60579,35.505250000000004,35.400420000000004,35.29119000000001,35.177670000000006,35.05975,34.93732,34.8106,34.67926,34.54352,34.40316000000001,34.25829,34.10891,33.9548,33.79618000000001,33.63283,33.46486,33.29216,33.11473,32.932680000000005,32.7459,32.55428,32.35804,32.157070000000004,31.951370000000004,31.740940000000002,31.525890000000004,31.306110000000004,31.08171,30.852800000000002,30.61927,30.38134,30.139010000000003,29.892390000000002,29.64159,29.38661,29.127780000000005,28.86521,28.5989,28.32918,28.056270000000005,27.7805,27.50187,27.220930000000003,26.938010000000002,26.65322,26.367330000000003,26.08045,25.79335,25.50636,25.22014,24.935350000000003,24.652540000000002,24.372590000000002,24.09627,23.824240000000003,23.5576,23.297230000000003,23.044120000000003,22.799370000000003,22.563860000000002,22.338910000000002,22.125510000000002,21.924870000000002,21.738200000000003,21.566710000000004,21.41128,21.273120000000002,21.15333,21.05279,20.97227,20.912650000000003,20.874480000000002,20.8582,20.864250000000002,20.892740000000003,20.94378,21.01726,21.112740000000002,21.230110000000003,21.36849,21.52755,21.706300000000002,21.904080000000004,22.119900000000005,22.35288,22.601920000000003,22.866140000000005,23.144440000000003,23.435940000000002,23.73954,24.054250000000003,24.37919,24.71348,25.056240000000003,25.406700000000004,25.764090000000003,26.127530000000004
25.94405,25.577970000000004,25.216070000000002,24.858900000000002,24.50701,24.16139,23.82259,23.491600000000005,23.1693,22.85657,22.554510000000004,22.264,21.986140000000002,21.72214,21.472880000000004,21.239680000000003,21.023530000000004,20.825420000000005,20.64656,20.48761,20.349670000000003,20.23329,20.13924,20.067960000000003,20.01978,19.99481,19.99305,20.014390000000002,20.058500000000002,20.124720000000003,20.212500000000002,20.320960000000003,20.44933,20.596400000000003,20.76129,20.94268,21.139360000000003,21.350230000000003,21.574080000000002,21.80948,22.05544,22.310750000000002,22.5742,22.844800000000003,23.121450000000003,23.403270000000003,23.68938,23.97879,24.27095,24.564870000000003,24.860000000000003,25.155680000000004,25.45136,25.74649,26.040630000000004,26.33345,26.6244,26.91315,27.199370000000002,27.482950000000002,27.763340000000003,28.04065,28.314330000000005,28.584490000000002,28.850800000000003,29.11315,29.371540000000003,29.625640000000004,29.875560000000004,30.121080000000003,30.3622,30.598920000000003,30.831130000000005,31.05872,31.2818,31.500260000000004,31.714100000000002,31.923430000000003,32.12803,32.32801,32.52337000000001,32.714110000000005,32.90034000000001,33.08184000000001,33.25883,33.43131,33.59917,33.76252,33.92147000000001,34.0758,34.225840000000005,34.371370000000006,34.51239,34.64923,34.78156,34.909600000000005,35.033350000000006,35.15281,35.26809000000001,35.37908,35.485890000000005,35.58841,35.68686,35.781130000000005,35.87133000000001,35.957460000000005,36.039410000000004,36.117290000000004,36.191210000000005,36.26106,36.326840000000004,36.38877,36.44663,36.500420000000005,36.550360000000005,36.59634,36.638360000000006,36.67642,36.71063,36.74088,36.76717000000001,36.789609999999996,36.80809,36.822720000000004,36.83339000000001,36.840210000000006,36.84307,36.84208,36.83713000000001,36.82822000000001,36.81546000000001,36.79874,36.77806,36.75342,36.72482000000001,36.69215,36.65563000000001,36.61504,36.57038000000001,36.52176,36.46896,36.4122,36.35126,36.28625,36.217060000000004,36.1438,36.066250000000004,35.98452,35.8985,35.80819,35.7137,35.61481,35.51163,35.403940000000006,35.29196,35.175470000000004,35.05458,34.92907,34.79905,34.66452,34.52537,34.381600000000006,34.23321,34.080090000000006,33.92224,33.759550000000004,33.592240000000004,33.42009,33.243100000000005,33.06127000000001,32.8746,32.68309,32.486630000000005,32.28533,32.079080000000005,31.867990000000002,31.651950000000003,31.431070000000002,31.205350000000003,30.974790000000002,30.739500000000003,30.499370000000003,30.254510000000003,30.00514,29.751150000000003,29.49276,29.229970000000005,28.963,28.691850000000002,28.416850000000004,28.138220000000004,27.85596,27.570400000000003,27.28187,26.99059,26.697000000000003,26.401320000000002,26.10399,25.80545,25.50636,25.207050000000002,24.90818,24.61041,24.314510000000002,24.02103,23.73096,23.445180000000004,23.164460000000002,22.890010000000004,22.62271,22.363770000000002,22.1144,21.875590000000003,21.648770000000003,21.43515,21.23583,21.05235,20.8857,20.73731,20.608060000000002,20.499160000000003,20.411600000000004,20.346040000000002,20.30336,20.283890000000003,20.28818,20.316450000000003,20.36859,20.444490000000002,20.543820000000004,20.66625,20.811010000000003,20.97744,21.16477,21.37179,21.597730000000002,21.84149,22.10197,22.37796,22.668470000000003,22.97229,23.28843,23.615900000000003,23.9536,24.30054,24.65595,25.01884,25.388440000000003,25.763980000000004
26.31695,25.96132,25.609980000000004,25.26359,24.92292,24.588520000000003,24.26116,23.941830000000003,23.631190000000004,23.33012,23.039720000000003,22.760760000000005,22.49423,22.24123,22.002750000000002,21.779670000000003,21.57298,21.383780000000005,21.212950000000003,21.06115,20.92926,20.81794,20.72763,20.65888,20.61191,20.58683,20.58375,20.60223,20.64227,20.703210000000002,20.7845,20.88548,21.005270000000003,21.14299,21.29754,21.468040000000002,21.65339,21.85238,22.06391,22.28688,22.520300000000002,22.762850000000004,23.013650000000005,23.2716,23.53582,23.805320000000002,24.079330000000002,24.356970000000004,24.637470000000004,24.92017,25.204300000000003,25.489420000000003,25.77476,26.059990000000003,26.34456,26.628140000000002,26.91018,27.190350000000002,27.468320000000002,27.74387,28.01678,28.286720000000003,28.55347,28.81681,29.07663,29.33282,29.585160000000005,29.833650000000002,30.07807,30.318420000000003,30.554480000000005,30.786360000000002,31.013840000000005,31.237030000000004,31.455930000000002,31.670210000000004,31.880200000000002,32.08568,32.28665,32.48311,32.67506,32.862610000000004,33.04565,33.224180000000004,33.39831,33.567930000000004,33.73304,33.893750000000004,34.05017,34.20208,34.349590000000006,34.49281,34.63174,34.76627,34.89651,35.02246,35.14423,35.26171,35.37501,35.48413,35.58907000000001,35.68994,35.78652,35.87914000000001,35.967580000000005,36.051950000000005,36.13225,36.20859,36.280860000000004,36.34906000000001,36.41330000000001,36.473580000000005,36.529790000000006,36.582150000000006,36.63055,36.67499,36.71547,36.75199,36.78455,36.81326,36.838010000000004,36.85891,36.87585,36.888830000000006,36.89796,36.90313,36.904450000000004,36.901810000000005,36.895210000000006,36.88465000000001,36.87013000000001,36.85165000000001,36.82921,36.80281,36.77234000000001,36.738020000000006,36.69952,36.65706,36.610420000000005,36.55982,36.50504,36.44619,36.38327,36.31606000000001,36.244670000000006,36.1691,36.089240000000004,36.0052,35.916760000000004,35.82403000000001,35.72701000000001,35.62548,35.51955,35.40922,35.294380000000004,35.17503,35.05106,34.92258,34.789480000000005,34.651650000000004,34.5092,34.36191,34.21,34.05314,33.89155,33.725120000000004,33.553740000000005,33.377410000000005,33.19624,33.01001,32.818720000000006,32.62248,32.42118000000001,32.21493,32.003510000000006,31.787030000000005,31.565490000000004,31.33878,31.107120000000002,30.870400000000004,30.62862,30.382000000000005,30.130320000000005,29.873800000000003,29.612440000000003,29.34646,29.075750000000003,28.800530000000006,28.521020000000004,28.237220000000004,27.949460000000002,27.65774,27.3625,27.063850000000002,26.762120000000003,26.45764,26.15074,25.84197,25.531550000000003,25.22014,24.90818,24.596330000000002,24.28525,23.9756,23.668260000000004,23.364,23.0637,22.76846,22.479160000000004,22.19701,21.92322,21.659000000000002,21.405670000000004,21.164550000000002,20.936960000000003,20.724330000000002,20.52798,20.34934,20.18984,20.05047,19.932660000000002,19.8374,19.76557,19.717940000000002,19.69517,19.6977,19.725640000000002,19.779100000000003,19.857860000000002,19.96159,20.089740000000003,20.24143,20.41611,20.61257,20.82982,21.06676,21.322180000000003,21.59487,21.883620000000004,22.187110000000004,22.504240000000003,22.83369,23.17458,23.525700000000004,23.886060000000004,24.254560000000005,24.630540000000003,25.012900000000002,25.40109
26.692820000000005,26.347200000000004,26.00609,25.670150000000003,25.34015,25.016530000000003,24.70017,24.391840000000002,24.09231,23.802350000000004,23.522840000000002,23.25466,22.998800000000003,22.756030000000003,22.527450000000005,22.31372,22.115940000000002,21.93488,21.771420000000003,21.62611,21.499830000000003,21.39291,21.30612,21.239570000000004,21.1937,21.168400000000002,21.16389,21.179840000000002,21.21603,21.27202,21.34737,21.44131,21.553180000000005,21.6821,21.82719,21.98757,22.162140000000004,22.350020000000004,22.55011,22.76131,22.982740000000003,23.213300000000004,23.452,23.697960000000002,23.950190000000003,24.20792,24.470270000000003,24.73647,25.005860000000002,25.277560000000005,25.551130000000004,25.825800000000005,26.101240000000004,26.37668,26.6519,26.926240000000004,27.199480000000005,27.471180000000004,27.741120000000002,28.00875,28.274070000000005,28.53675,28.796460000000003,29.05309,29.306530000000002,29.55645,29.80285,30.045510000000004,30.284430000000004,30.519500000000004,30.7505,30.977540000000005,31.200400000000002,31.41908,31.633580000000002,31.843790000000002,32.049710000000005,32.251340000000006,32.448570000000004,32.641510000000004,32.83005000000001,33.014300000000006,33.19404,33.36949,33.54065,33.70741,33.86977,34.027840000000005,34.18162,34.331,34.47609,34.617000000000004,34.753510000000006,34.88584,35.01388,35.13774,35.25742,35.37292000000001,35.48424000000001,35.59149,35.69456,35.79345,35.888270000000006,35.979130000000005,36.065810000000006,36.14842,36.227070000000005,36.30165,36.37227,36.438930000000006,36.50152,36.56015,36.61482,36.66564,36.71239,36.75518,36.79412,36.829100000000004,36.86012,36.88729000000001,36.910500000000006,36.92975,36.945150000000005,36.95659,36.96407000000001,36.9677,36.96726,36.96297,36.95472,36.942510000000006,36.926230000000004,36.9061,36.88190000000001,36.85374,36.82151,36.78521,36.74495,36.70051,36.65211,36.59942,36.542770000000004,36.48183,36.41671,36.34741,36.27393000000001,36.19605000000001,36.11399,36.02753,35.936780000000006,35.84152,35.74197,35.637910000000005,35.529340000000005,35.41626,35.29867,35.176460000000006,35.04952,34.91796,34.781780000000005,34.64076,34.4949,34.34431000000001,34.188880000000005,34.02839,33.863060000000004,33.69278,33.51744000000001,33.33704,33.15158,32.96106,32.765260000000005,32.5644,32.35826,32.146950000000004,31.930470000000003,31.708600000000004,31.48156,31.249240000000004,31.011640000000003,30.76876,30.52071,30.26738,30.00888,29.745320000000003,29.47659,29.203020000000002,28.92439,28.64103,28.352940000000004,28.06034,27.763450000000002,27.46227,27.157130000000006,26.84825,26.535960000000003,26.22059,25.90236,25.58182,25.259300000000003,24.935350000000003,24.61041,24.28525,23.960420000000003,23.6368,23.31494,22.99594,22.680570000000003,22.370040000000003,22.065340000000003,21.76757,21.478160000000003,21.198430000000002,20.929590000000005,20.673180000000002,20.43074,20.20381,19.993820000000003,19.80231,19.63071,19.48056,19.35307,19.249560000000002,19.170910000000003,19.11811,19.091820000000002,19.092370000000003,19.120200000000004,19.1752,19.25726,19.365720000000003,19.50025,19.65975,19.84334,20.04992,20.278280000000002,20.527210000000004,20.79528,21.08117,21.38345,21.700910000000004,22.032120000000003,22.375870000000003,22.730950000000004,23.096260000000004,23.47059,23.852950000000003,24.24246,24.63824,25.039300000000004
27.07122,26.735280000000003,26.40396,26.07814,25.75826,25.445090000000004,25.139180000000003,24.8413,24.552220000000002,24.2726,24.00354,23.74548,23.49952,23.26643,23.04698,22.84205,22.652410000000003,22.478830000000002,22.32197,22.182710000000004,22.061380000000003,21.95864,21.87482,21.810360000000003,21.76526,21.73985,21.73402,21.74744,21.78011,21.831590000000002,21.901220000000002,21.98867,22.09306,22.213840000000005,22.350130000000004,22.500940000000003,22.66561,22.842930000000003,23.032240000000005,23.23233,23.44243,23.66166,23.88892,24.12333,24.364230000000003,24.610630000000004,24.861760000000004,25.116960000000002,25.375570000000003,25.636710000000004,25.89983,26.164490000000004,26.43014,26.696120000000004,26.96199,27.227530000000005,27.49208,27.75542,28.017220000000002,28.27715,28.53499,28.790300000000002,29.04308,29.293110000000002,29.539950000000005,29.783710000000003,30.02417,30.261110000000002,30.494530000000005,30.724320000000002,30.950150000000004,31.172240000000002,31.39037,31.604540000000004,31.81464,32.02067,32.22252,32.420190000000005,32.61379,32.80310000000001,32.98812,33.168960000000006,33.345510000000004,33.517880000000005,33.68596,33.84975,34.00936,34.164680000000004,34.31571,34.46256,34.60523,34.743610000000004,34.877810000000004,35.00783,35.13367,35.25544000000001,35.37303,35.48644,35.59567,35.70094,35.80203,35.89916,35.992110000000004,36.081100000000006,36.16602,36.24687000000001,36.32387000000001,36.39669,36.46566,36.53056000000001,36.59161,36.64859,36.70161,36.75078,36.79599,36.83724,36.87453000000001,36.907970000000006,36.937340000000006,36.96297,36.98453000000001,37.00224,37.01599,37.025890000000004,37.03172,37.0337,37.03172,37.025670000000005,37.01577,37.00191,36.98398,36.96209,36.93613,36.90621,36.872220000000006,36.834050000000005,36.791920000000005,36.74561,36.69523,36.64067,36.58193000000001,36.51901,36.4518,36.38041,36.304730000000006,36.224650000000004,36.14028,36.05162000000001,35.958450000000006,35.86077000000001,35.75869,35.652100000000004,35.540890000000005,35.42517000000001,35.30472,35.17976,35.049960000000006,34.91543,34.77606,34.63185,34.482800000000005,34.3288,34.169850000000004,34.005950000000006,33.83688,33.66275,33.483560000000004,33.29909,33.10945,32.914640000000006,32.71444,32.50896,32.29809,32.081830000000004,31.860180000000003,31.633030000000005,31.40049,31.162560000000003,30.919020000000003,30.670090000000005,30.415770000000002,30.15584,29.890630000000005,29.62003,29.344040000000003,29.062770000000004,28.77633,28.484720000000003,28.18816,27.886760000000002,27.580630000000003,27.269990000000004,26.954950000000004,26.635840000000005,26.312880000000003,25.98629,25.656620000000004,25.3242,24.989250000000002,24.652540000000002,24.314510000000002,23.9756,23.6368,23.29855,22.961840000000002,22.62755,22.296670000000002,21.970190000000002,21.649210000000004,21.335160000000002,21.02936,20.73302,20.44779,20.175320000000003,19.917040000000004,19.67471,19.44998,19.24461,19.060140000000004,18.898220000000002,18.76028,18.647750000000002,18.561730000000004,18.503320000000002,18.473180000000003,18.471860000000003,18.499690000000005,18.55656,18.642250000000004,18.756210000000003,18.89767,19.06575,19.259240000000002,19.47704,19.7175,19.97941,20.26123,20.561310000000002,20.878220000000002,21.21064,21.55692,21.915740000000003,22.28578,22.665940000000003,23.055010000000003,23.451890000000002,23.855480000000004,24.265010000000004,24.6796
27.451710000000002,27.12501,26.80326,26.48701,26.176920000000003,25.873540000000002,25.577640000000002,25.28966,25.01048,24.740870000000005,24.48138,24.232890000000005,23.99617,23.771990000000002,23.561120000000003,23.364330000000002,23.182170000000003,23.015520000000002,22.86493,22.731060000000003,22.61435,22.515240000000002,22.43428,22.371470000000002,22.327250000000003,22.301510000000004,22.294360000000005,22.305580000000003,22.334840000000003,22.381920000000004,22.44649,22.527780000000003,22.62535,22.73843,22.866360000000004,23.00837,23.163580000000003,23.331110000000002,23.510190000000005,23.699830000000002,23.89926,24.1076,24.323970000000003,24.54749,24.7775,25.01301,25.25347,25.498,25.746160000000003,25.997070000000004,26.250290000000003,26.505160000000004,26.76113,27.017870000000002,27.274720000000002,27.531460000000003,27.78754,28.042630000000003,28.29651,28.548740000000002,28.799100000000003,29.047260000000005,29.293110000000002,29.53643,29.777,30.014490000000006,30.249010000000002,30.480230000000002,30.70804,30.932440000000003,31.153320000000004,31.370350000000002,31.583750000000002,31.793300000000002,31.999000000000002,32.20085,32.398520000000005,32.59234,32.782090000000004,32.96766,33.14927,33.32659,33.499950000000005,33.66902,33.83402,33.99495,34.151590000000006,34.30416,34.45244,34.59676,34.736790000000006,34.87275,35.00453,35.13224,35.255880000000005,35.37534,35.49073,35.60205,35.70941,35.81259,35.9117,36.00685,36.098040000000005,36.185050000000004,36.26821,36.347300000000004,36.422430000000006,36.49360000000001,36.560810000000004,36.62406000000001,36.683350000000004,36.73879,36.79016,36.83768,36.88124,36.920840000000005,36.95659,36.98838,37.01621,37.04019,37.060210000000005,37.07627,37.088480000000004,37.09673,37.101020000000005,37.101240000000004,37.09761,37.09002000000001,37.07847,37.062850000000005,37.04327,37.01962,36.9919,36.96022000000001,36.92436,36.88454,36.840540000000004,36.79236,36.74,36.68357,36.62285000000001,36.557840000000006,36.48865000000001,36.415060000000004,36.33729,36.255010000000006,36.168440000000004,36.077360000000006,35.981880000000004,35.881890000000006,35.777280000000005,35.66816000000001,35.55442000000001,35.435950000000005,35.31286000000001,35.18504,35.05238,34.914880000000004,34.77254,34.62514,34.4729,34.3156,34.153240000000004,33.985820000000004,33.813120000000005,33.635250000000006,33.45221,33.263780000000004,33.07007,32.87086,32.66626,32.45627,32.24067,32.01957,31.79286,31.560540000000003,31.322610000000005,31.07907,30.829810000000002,30.574830000000002,30.314130000000002,30.04782,29.7759,29.498260000000002,29.215010000000003,28.926150000000003,28.6319,28.332150000000002,28.02712,27.716920000000002,27.40155,27.08134,26.756400000000003,26.42695,26.093210000000003,25.755620000000004,25.41429,25.069770000000002,24.72228,24.372590000000002,24.02103,23.668260000000004,23.31494,22.961840000000002,22.609840000000002,22.259710000000002,21.912550000000003,21.56957,21.23176,20.90055,20.577370000000002,20.263650000000002,19.96104,19.671300000000002,19.39608,19.13736,18.89679,18.676460000000002,18.478020000000004,18.30334,18.15407,18.03186,17.93781,17.873350000000002,17.839140000000004,17.835840000000005,17.86367,17.92274,18.012500000000003,18.132620000000003,18.281890000000004,18.459540000000004,18.664030000000004,18.893930000000005,19.14781,19.423800000000004,19.720470000000002,20.035950000000003,20.36859,20.71685,21.07919,21.45396,21.83995,22.235730000000004,22.640200000000004,23.05215,23.470480000000002,23.894310000000004,24.32287
27.833740000000002,27.515950000000004,27.20333,26.896430000000002,26.595690000000005,26.30177,26.015220000000003,25.7367,25.466980000000003,25.20661,24.95625,24.71678,24.48875,24.27293,24.06998,23.88056,23.705440000000003,23.54517,23.4003,23.27138,23.15885,23.06315,22.98461,22.923450000000003,22.879890000000003,22.853820000000002,22.84535,22.854370000000003,22.880550000000003,22.923560000000002,22.98318,23.05886,23.149940000000004,23.25587,23.375990000000005,23.50964,23.656050000000004,23.81434,23.98374,24.16359,24.3529,24.55101,24.75693,24.970110000000002,25.18956,25.41473,25.64485,25.87926,26.1173,26.358310000000003,26.60174,26.847150000000003,27.093880000000002,27.34149,27.58954,27.8377,28.085420000000003,28.33248,28.57855,28.82319,29.066180000000003,29.3073,29.54633,29.78294,30.01713,30.24846,30.477040000000002,30.702540000000003,30.92485,31.143860000000004,31.359570000000005,31.57176,31.780320000000003,31.985360000000004,32.186550000000004,32.38400000000001,32.57771,32.76746,32.95336,33.1353,33.31317000000001,33.487190000000005,33.657140000000005,33.82302000000001,33.98494,34.14268,34.29646,34.44617,34.59181,34.733380000000004,34.87088000000001,35.004310000000004,35.13367,35.25907,35.38029,35.497550000000004,35.61074,35.71997,35.82513,35.92633,36.02346000000001,36.11663000000001,36.20584,36.291090000000004,36.37238000000001,36.44971,36.52297,36.59238,36.65794,36.71943000000001,36.77707,36.83075,36.88047000000001,36.92634,36.968250000000005,37.00631,37.0403,37.070550000000004,37.09684000000001,37.119170000000004,37.13754000000001,37.152060000000006,37.162510000000005,37.16911,37.17175,37.17043,37.16515,37.155910000000006,37.1426,37.125330000000005,37.1041,37.07869000000001,37.04932,37.01577,36.97826,36.93657,36.8907,36.840650000000004,36.78642,36.728010000000005,36.66531,36.59832,36.52715,36.45147000000001,36.3715,36.287130000000005,36.19836000000001,36.10497,36.007180000000005,35.904770000000006,35.797850000000004,35.68620000000001,35.56993000000001,35.448820000000005,35.32309,35.19241,35.05689,34.91653,34.77122,34.620740000000005,34.46531,34.30482,34.139050000000005,33.96811,33.79189,33.61039,33.423500000000004,33.23111,33.03333000000001,32.83005000000001,32.62116,32.40655,32.186440000000005,31.960500000000003,31.72884,31.49135,31.248140000000003,30.998990000000003,30.744010000000003,30.48309,30.216230000000003,29.943540000000002,29.664910000000003,29.38034,29.089940000000002,28.7936,28.49154,28.183760000000003,27.870260000000002,27.551260000000003,27.226760000000002,26.89698,26.562140000000003,26.222240000000003,25.877830000000003,25.528910000000003,25.17592,24.819190000000003,24.459160000000004,24.09627,23.73096,23.364,22.99594,22.62755,22.259710000000002,21.8933,21.529420000000002,21.169170000000005,20.813760000000002,20.46462,20.12318,19.791090000000004,19.470110000000002,19.162000000000003,18.868740000000003,18.59231,18.3348,18.098190000000002,17.884570000000004,17.69603,17.53444,17.40156,17.298930000000002,17.22776,17.18915,17.183760000000003,17.21181,17.2733,17.367900000000002,17.494840000000003,17.65302,17.841120000000004,18.05771,18.30114,18.56954,18.861040000000003,19.173770000000005,19.505750000000003,19.855330000000002,20.220640000000003,20.59992,20.991740000000004,21.394450000000003,21.806620000000002,22.22715,22.65472,23.088340000000002,23.527020000000004,23.969880000000003
28.216980000000003,27.907880000000002,27.60406,27.305960000000002,27.01413,26.72923,26.451700000000002,26.182090000000002,25.921280000000003,25.66971,25.42793,25.19682,24.97693,24.76892,24.57334,24.390960000000003,24.22222,24.067890000000002,23.92819,23.803890000000003,23.695210000000003,23.602590000000003,23.52625,23.466520000000003,23.4234,23.39711,23.38732,23.39425,23.417460000000002,23.456730000000004,23.511730000000004,23.58202,23.66705,23.766270000000002,23.879130000000004,24.004970000000004,24.143020000000003,24.29262,24.453000000000003,24.62339,24.803130000000003,24.99145,25.18758,25.39075,25.6003,25.81557,26.035790000000002,26.260300000000004,26.488660000000003,26.720100000000002,26.95418,27.190350000000002,27.427950000000003,27.66676,27.90623,28.14603,28.385610000000003,28.624640000000003,28.863010000000003,29.100170000000002,29.335900000000002,29.570090000000004,29.802300000000002,30.032420000000002,30.26012,30.485400000000002,30.70804,30.92782,31.144630000000003,31.35836,31.568900000000003,31.77614,31.979970000000005,32.18028,32.37707,32.57023,32.75976000000001,32.945550000000004,33.12749,33.30569,33.48004,33.65054,33.817080000000004,33.97966,34.13839,34.29316,34.44397,34.59082,34.7336,34.872530000000005,35.00739,35.138290000000005,35.26523,35.3881,35.50701,35.62196,35.73295,35.839980000000004,35.94305,36.04216,36.13731000000001,36.228500000000004,36.31573,36.39911,36.47842,36.55388000000001,36.625490000000006,36.69314,36.75683000000001,36.81656,36.872440000000005,36.92447000000001,36.97254000000001,37.016760000000005,37.05702000000001,37.093320000000006,37.12577,37.15437,37.179010000000005,37.199690000000004,37.21652,37.22939000000001,37.2383,37.24325,37.244240000000005,37.24127,37.23434,37.22345000000001,37.20849,37.18957,37.166470000000004,37.139410000000005,37.10828,37.073080000000004,37.0337,36.99025,36.942510000000006,36.8907,36.8346,36.774210000000004,36.70953000000001,36.64067,36.5673,36.48964000000001,36.40758,36.32112,36.23004,36.13456000000001,36.03446,35.92974000000001,35.82029,35.70622,35.58742000000001,35.46378000000001,35.33541,35.201980000000006,35.06371,34.92049,34.77221,34.61876,34.46025,34.29646,34.12739,33.95304,33.77341,33.588280000000005,33.39754,33.20141,32.99967,32.792210000000004,32.57903,32.36013,32.135400000000004,31.904730000000004,31.668230000000005,31.425680000000003,31.177190000000003,30.92265,30.662060000000004,30.395310000000002,30.122400000000003,29.84333,29.5581,29.266710000000003,28.969160000000002,28.665450000000003,28.355690000000003,28.039880000000004,27.718020000000003,27.390220000000003,27.056700000000003,26.71735,26.37261,26.02248,25.667180000000002,25.30704,24.942280000000004,24.57334,24.20055,23.824240000000003,23.445180000000004,23.0637,22.680570000000003,22.296670000000002,21.912550000000003,21.529420000000002,21.14816,20.770090000000003,20.396310000000003,20.02836,19.66789,19.316440000000004,18.975880000000004,18.648300000000003,18.335680000000004,18.040330000000004,17.76434,17.510240000000003,17.28012,17.076510000000003,16.901390000000003,16.75685,16.644650000000002,16.56622,16.52288,16.51518,16.543670000000002,16.608130000000003,16.70812,16.842760000000002,17.01084,17.210710000000002,17.440830000000002,17.699,17.98335,18.29168,18.62179,18.97181,19.33943,19.722890000000003,20.120320000000003,20.52996,20.950270000000003,21.379710000000003,21.81696,22.260920000000002,22.710270000000005,23.16424,23.621730000000003
28.601100000000002,28.30036,28.004900000000003,27.71527,27.43202,27.155700000000003,26.88664,26.625610000000005,26.373160000000002,26.12984,25.896310000000003,25.67301,25.460710000000002,25.259960000000003,25.071420000000003,24.89542,24.732730000000004,24.58368,24.44893,24.328810000000004,24.223650000000003,24.133780000000005,24.059530000000002,24.00101,23.958330000000004,23.931600000000003,23.92071,23.92555,23.9459,23.981650000000002,24.03236,24.097590000000004,24.1769,24.26985,24.375780000000002,24.49425,24.62449,24.76584,24.917640000000002,25.07923,25.249950000000002,25.42892,25.61559,25.809300000000004,26.009390000000003,26.215090000000004,26.42574,26.640900000000002,26.859910000000003,27.082110000000004,27.307060000000003,27.53421,27.763230000000004,27.993350000000003,28.22446,28.456010000000003,28.68756,28.91889,29.149670000000004,29.37946,29.608150000000002,29.835300000000004,30.0608,30.284430000000004,30.505970000000005,30.72509,30.941790000000005,31.15596,31.36727,31.575720000000004,31.781090000000003,31.983270000000005,32.18237,32.378060000000005,32.57045,32.75921,32.94456,33.12628,33.304370000000006,33.47883,33.64955,33.81653,33.97966,34.138940000000005,34.29448,34.44617,34.594010000000004,34.73789,34.87792,35.01399,35.14621,35.27458,35.398990000000005,35.51944,35.63604,35.74868000000001,35.85736,35.96219000000001,36.06306,36.16008,36.25314,36.34235,36.427600000000005,36.509,36.58644,36.66014,36.72977000000001,36.79555,36.85748,36.915560000000006,36.969680000000004,37.01995,37.066370000000006,37.108830000000005,37.14744,37.18209000000001,37.21289000000001,37.23984,37.26283000000001,37.28197,37.29704,37.308260000000004,37.31563,37.31893,37.318270000000005,37.31376,37.30518000000001,37.29253,37.275920000000006,37.25535,37.2306,37.20189,37.169000000000004,37.131930000000004,37.090900000000005,37.04558,36.996080000000006,36.942400000000006,36.88443,36.82217,36.75562000000001,36.684670000000004,36.60943,36.52968,36.445530000000005,36.35687,36.2637,36.16602,36.063610000000004,35.95658000000001,35.844930000000005,35.728440000000006,35.607110000000006,35.480940000000004,35.34993,35.21397,35.07295,34.92687,34.77562,34.619310000000006,34.45761,34.29074000000001,34.118480000000005,33.940830000000005,33.75768,33.56892,33.37466,33.17468,32.96909,32.75756,32.540310000000005,32.31701,32.087880000000006,31.852590000000003,31.611250000000002,31.363860000000003,31.110200000000003,30.850270000000002,30.58407,30.311600000000002,30.03275,29.74752,29.4558,29.157700000000006,28.85311,28.54214,28.224790000000002,27.90095,27.57084,27.234460000000002,26.89181,26.54322,26.18858,25.828110000000002,25.46214,25.090780000000002,24.714250000000003,24.332990000000002,23.94733,23.5576,23.164460000000002,22.76846,22.370040000000003,21.970190000000002,21.56957,21.169170000000005,20.770090000000003,20.373430000000003,19.980620000000002,19.593090000000004,19.212600000000002,18.840690000000002,18.479560000000003,18.131190000000004,17.797890000000002,17.48208,17.186290000000003,16.913050000000002,16.665000000000003,16.44478,16.254810000000003,16.09751,15.974750000000002,15.888400000000003,15.839890000000002,15.829880000000001,15.85881,15.92679,16.03294,16.176270000000002,16.35546,16.568530000000003,16.8135,17.088060000000002,17.3899,17.716600000000003,18.06574,18.435010000000002,18.822100000000002,19.22492,19.64149,20.070050000000002,20.508730000000003,20.956210000000002,21.410840000000004,21.87163,22.33737,22.80685,23.27952
28.985770000000002,28.69306,28.405630000000002,28.12425,27.849140000000002,27.58085,27.320040000000002,27.067040000000002,26.82251,26.587000000000003,26.361060000000002,26.14524,25.94009,25.746160000000003,25.564,25.39405,25.23686,25.09287,24.96252,24.84625,24.744280000000003,24.657050000000005,24.58456,24.527140000000003,24.484790000000004,24.457620000000002,24.445520000000002,24.44849,24.466200000000004,24.498540000000002,24.545180000000002,24.605680000000003,24.67971,24.766720000000003,24.86616,24.977700000000002,25.10046,25.234110000000005,25.37777,25.531000000000002,25.69303,25.863200000000003,26.040960000000002,26.22565,26.416610000000002,26.61307,26.814700000000002,27.02073,27.23072,27.444010000000002,27.660270000000004,27.878730000000004,28.09917,28.321040000000004,28.543900000000004,28.76742,28.99116,29.214900000000004,29.438200000000002,29.660840000000004,29.882490000000004,30.10282,30.321720000000003,30.53886,30.754130000000004,30.967310000000005,31.178180000000005,31.386630000000004,31.592550000000003,31.795610000000003,31.99592,32.19326,32.38752,32.578590000000005,32.766470000000005,32.95094,33.132110000000004,33.309760000000004,33.484,33.65461,33.82159,33.98505,34.14477,34.30075,34.453100000000006,34.601600000000005,34.74636,34.88738000000001,35.02455,35.15787,35.28745000000001,35.413070000000005,35.53495,35.65298,35.767160000000004,35.87738,35.98386000000001,36.086490000000005,36.18516,36.27998,36.37106,36.45818,36.54145,36.620870000000004,36.69644,36.76816000000001,36.83592,36.89994,36.96011,37.01632000000001,37.06868,37.11719,37.16185,37.20266,37.23962,37.27262,37.301770000000005,37.327070000000006,37.34841,37.365790000000004,37.37932000000001,37.38889,37.39461000000001,37.396260000000005,37.39406,37.38779,37.37756,37.36337,37.345110000000005,37.32278,37.29638,37.265910000000005,37.231260000000006,37.19254,37.149750000000004,37.10267,37.051300000000005,36.99586,36.936020000000006,36.87189,36.803470000000004,36.73054,36.65332,36.57159,36.48546,36.39471,36.29945,36.19946,36.09496000000001,35.985620000000004,35.871550000000006,35.75275,35.629000000000005,35.50041,35.366760000000006,35.22816,35.084500000000006,34.93567,34.781670000000005,34.62239,34.45772,34.28777,34.112320000000004,33.93137,33.74492,33.55275,33.35486,33.151250000000005,32.941810000000004,32.72632,32.505,32.27752,32.04399,31.804190000000002,31.558230000000002,31.306000000000004,31.04728,30.78218,30.51059,30.232400000000005,29.947720000000004,29.656330000000004,29.358340000000002,29.053640000000005,28.742230000000003,28.424110000000002,28.09917,27.767630000000004,27.429270000000002,27.08442,26.732970000000005,26.374920000000003,26.010600000000004,25.639900000000004,25.263260000000002,24.88068,24.49249,24.098910000000004,23.700380000000003,23.297230000000003,22.890010000000004,22.479160000000004,22.065340000000003,21.649210000000004,21.23176,20.813760000000002,20.396310000000003,19.980620000000002,19.568120000000004,19.160239999999998,18.75863,18.36527,17.98236,17.611880000000003,17.25647,16.91866,16.60142,16.30739,16.03976,15.801390000000001,15.595030000000001,15.423430000000002,15.289120000000002,15.19397,15.13963,15.127200000000002,15.1569,15.228840000000002,15.342030000000001,15.495370000000001,15.686990000000002,15.91491,16.17649,16.46909,16.79018,17.13701,17.506610000000002,17.89667,18.304550000000003,18.728050000000003,19.16486,19.613220000000002,20.071260000000002,20.537440000000004,21.010220000000004,21.488390000000003,21.970740000000003,22.456390000000003,22.94424
29.370770000000004,29.085650000000005,28.806030000000003,28.532350000000005,28.265050000000002,28.00457,27.75146,27.506160000000005,27.26911,27.04108,26.822290000000002,26.613400000000002,26.414960000000004,26.227300000000003,26.051190000000002,25.886850000000003,25.734830000000002,25.595460000000003,25.46929,25.356540000000003,25.257540000000002,25.172510000000003,25.101670000000002,25.045240000000003,25.003220000000002,24.975610000000003,24.962410000000002,24.9634,24.97869,25.00784,25.050520000000002,25.106620000000003,25.175480000000004,25.256880000000002,25.350270000000002,25.455210000000005,25.571040000000004,25.69732,25.833280000000002,25.978590000000004,26.13237,26.294290000000004,26.463470000000004,26.639470000000003,26.821740000000005,27.00951,27.20234,27.39968,27.60098,27.805690000000002,28.013370000000002,28.22347,28.435660000000002,28.64939,28.864220000000003,29.07993,29.296190000000003,29.512340000000002,29.72838,29.943980000000003,30.158700000000003,30.372320000000002,30.584730000000004,30.7956,31.004710000000003,31.211950000000005,31.416990000000002,31.619830000000004,31.82025,32.01814,32.213280000000005,32.40567000000001,32.595200000000006,32.781650000000006,32.96502,33.1452,33.32219,33.49577000000001,33.66605,33.83281,33.99616,34.15599,34.31230000000001,34.464980000000004,34.61403000000001,34.75945,34.90113,35.03918,35.17349,35.30406,35.430780000000006,35.55387,35.67311000000001,35.788720000000005,35.90037,36.008280000000006,36.11245000000001,36.21277,36.30924,36.401970000000006,36.49085,36.575990000000004,36.65717,36.73461,36.80820000000001,36.87805,36.943940000000005,37.00609,37.06439,37.11884,37.16955000000001,37.216300000000004,37.2592,37.29825,37.333450000000006,37.36480000000001,37.392300000000006,37.41595,37.43564000000001,37.451370000000004,37.46325,37.47128,37.47524,37.475350000000006,37.47139000000001,37.46358,37.4517,37.43575,37.41584,37.39186000000001,37.36381000000001,37.33169,37.29539,37.25491,37.21025,37.161410000000004,37.10839000000001,37.051080000000006,36.98937,36.923480000000005,36.853080000000006,36.77839,36.69919000000001,36.615480000000005,36.527260000000005,36.43453000000001,36.337070000000004,36.2351,36.12829,36.01675,35.90048,35.77926000000001,35.653200000000005,35.52219000000001,35.386010000000006,35.24488,35.098580000000005,34.947,34.79025000000001,34.62811,34.46058,34.28766,34.10913,33.92499,33.73524,33.539660000000005,33.33836,33.13112,32.91794,32.69871,32.47332,32.24177,32.00395,31.75986,31.509280000000004,31.252320000000005,30.988760000000003,30.71849,30.44162,30.158040000000003,29.86764,29.570310000000003,29.26605,28.954970000000003,28.636740000000003,28.311580000000003,27.979380000000003,27.640140000000002,27.293860000000002,26.94065,26.580400000000004,26.213220000000003,25.839220000000005,25.458620000000003,25.071310000000004,24.677730000000004,24.27788,23.87209,23.460800000000003,23.044120000000003,22.62271,22.19701,21.76757,21.335160000000002,20.90055,20.46462,20.02836,19.593090000000004,19.160239999999998,18.731130000000004,18.307740000000003,17.891830000000002,17.48571,17.091910000000002,16.712850000000003,16.3515,16.010830000000002,15.694360000000001,15.40506,15.146560000000001,14.922160000000002,14.734830000000002,14.58754,14.482600000000001,14.42188,14.4067,14.437500000000002,14.513950000000001,14.635390000000001,14.80006,15.005870000000002,15.25029,15.53035,15.84308,16.1854,16.55401,16.94594,17.358330000000002,17.78843,18.23382,18.69208,19.161340000000003,19.63951,20.12505,20.61642,21.112520000000004,21.611920000000005,22.113850000000003,22.617320000000003
29.755660000000002,29.478020000000004,29.20588,28.939570000000003,28.679750000000006,28.426640000000003,28.180790000000002,27.942750000000004,27.712960000000002,27.491750000000003,27.279780000000002,27.07749,26.88521,26.7036,26.53299,26.37393,26.226640000000003,26.09167,25.969240000000003,25.859790000000004,25.76343,25.680600000000002,25.611190000000004,25.55564,25.51373,25.485680000000002,25.47138,25.470610000000004,25.48348,25.50955,25.5486,25.60041,25.66454,25.740660000000002,25.82833,25.927000000000003,26.036230000000003,26.15547,26.284280000000003,26.422,26.567970000000003,26.721860000000003,26.883010000000002,27.05076,27.224560000000004,27.404080000000004,27.588440000000002,27.77742,27.970360000000003,28.166820000000005,28.366250000000004,28.56821,28.772370000000002,28.978180000000005,29.18542,29.393430000000002,29.602210000000003,29.811210000000003,30.020100000000003,30.22866,30.43656,30.643690000000003,30.849610000000006,31.054210000000005,31.257270000000005,31.458570000000005,31.658000000000005,31.855230000000002,32.05026,32.24287,32.433060000000005,32.62050000000001,32.80519,32.98702,33.16599,33.34188,33.51458,33.684200000000004,33.85052,34.01354,34.17315000000001,34.329460000000005,34.48225,34.63152,34.77727,34.919500000000006,35.05821,35.193180000000005,35.324630000000006,35.45234,35.57642,35.696760000000005,35.81347,35.92644000000001,36.03578,36.14127,36.24302,36.34103,36.435410000000005,36.52594,36.61262,36.69567,36.77487,36.85033000000001,36.92194,36.98981,37.05383,37.114110000000004,37.17054000000001,37.22323000000001,37.27207,37.31706,37.358200000000004,37.39560000000001,37.42915,37.458740000000006,37.484590000000004,37.50648,37.52452,37.53871,37.54894,37.55521,37.55763000000001,37.556090000000005,37.55048000000001,37.54102,37.52749000000001,37.510000000000005,37.488330000000005,37.462700000000005,37.43300000000001,37.39912,37.36117,37.31904,37.27262,37.22213,37.16724000000001,37.10817,37.044700000000006,36.97683,36.90467,36.828,36.746930000000006,36.66135,36.57115,36.476330000000004,36.37689,36.27272000000001,36.16382,36.05019,35.931610000000006,35.80819,35.67971000000001,35.54628,35.40779,35.26413000000001,35.1153,34.96108,34.80169,34.6368,34.46641,34.29052,34.10902,33.921800000000005,33.728750000000005,33.52998,33.32527,33.11451,32.8977,32.674730000000004,32.44549,32.20998,31.968090000000004,31.71971,31.46473,31.20315,30.93475,30.65964,30.3776,30.088630000000002,29.792730000000002,29.489570000000004,29.179370000000006,28.86191,28.537300000000005,28.205210000000005,27.86586,27.51925,27.16516,26.803700000000003,26.434870000000004,26.05867,25.675320000000003,25.284710000000004,24.88706,24.48248,24.07119,23.65341,23.22936,22.799370000000003,22.363770000000002,21.92322,21.478160000000003,21.02936,20.577370000000002,20.12318,19.66789,19.212600000000002,18.75863,18.307740000000003,17.86147,17.422020000000003,16.9917,16.572930000000003,16.168570000000003,15.78181,15.416060000000002,15.07484,14.762,14.48128,14.23664,14.031600000000001,13.869790000000002,13.753850000000002,13.686090000000002,13.667940000000002,13.699950000000001,13.782010000000001,13.9128,14.09045,14.312320000000001,14.575440000000002,14.876290000000001,15.211240000000002,15.576770000000002,15.969360000000002,16.38538,16.82186,17.27572,17.744210000000002,18.225020000000004,18.715950000000003,19.215020000000003,19.72058,20.2312,20.74556,21.262340000000002,21.78077,22.299970000000002
30.140440000000005,29.86984,29.604740000000003,29.345690000000005,29.092800000000004,28.84684,28.608030000000003,28.376810000000003,28.153730000000003,27.939120000000003,27.733530000000002,27.537290000000002,27.35095,27.174950000000003,27.009620000000005,26.855400000000003,26.71251,26.58161,26.4627,26.356220000000004,26.262390000000003,26.181430000000002,26.11334,26.05845,26.01676,25.98816,25.97276,25.970340000000004,25.980790000000002,26.004,26.039640000000002,26.087490000000003,26.14711,26.218170000000004,26.300340000000002,26.39318,26.49614,26.608780000000003,26.73066,26.861120000000003,26.999830000000003,27.146020000000004,27.29936,27.459300000000002,27.625180000000004,27.796560000000003,27.973000000000003,28.153840000000002,28.33875,28.527180000000005,28.718690000000002,28.912840000000003,29.109190000000005,29.3073,29.506950000000003,29.707700000000003,29.909110000000002,30.110960000000002,30.312920000000005,30.514660000000003,30.716070000000002,30.916600000000006,31.116250000000004,31.314690000000002,31.51181,31.70728,31.900990000000004,32.09272,32.28247,32.469910000000006,32.65493,32.83753,33.01749,33.194810000000004,33.36927,33.54076,33.70939,33.87494,34.0373,34.196470000000005,34.352450000000005,34.50513,34.6544,34.80037,34.942820000000005,35.081860000000006,35.21738,35.349380000000004,35.47786000000001,35.60282,35.72415,35.84185,35.95592,36.06636,36.173170000000006,36.27624,36.37568000000001,36.47138,36.56345,36.65178,36.73637000000001,36.81722,36.89444,36.96781000000001,37.037440000000004,37.10333,37.16548,37.223890000000004,37.278560000000006,37.32938,37.37635,37.41958,37.459070000000004,37.4946,37.52639,37.55444,37.57853000000001,37.59877,37.61516,37.62759,37.63617000000001,37.6409,37.641670000000005,37.63848,37.63133,37.620110000000004,37.60493,37.58579,37.56258,37.5353,37.503840000000004,37.46842,37.42871,37.38482,37.33686,37.28450000000001,37.22796,37.16702000000001,37.10179000000001,37.032270000000004,36.95824,36.87970000000001,36.79676,36.7092,36.617020000000004,36.52033,36.4188,36.31265,36.201660000000004,36.08583000000001,35.965160000000004,35.83943,35.70875,35.573010000000004,35.4321,35.28602000000001,35.134660000000004,34.97791,34.81588,34.64824,34.475100000000005,34.29646,34.11199,33.921800000000005,33.72567,33.52371,33.3157,33.101530000000004,32.88131,32.65471,32.421730000000004,32.18237,31.936410000000002,31.683960000000003,31.424690000000005,31.158600000000003,30.885690000000004,30.60574,30.31875,30.024610000000003,29.72332,29.41466,29.09852,28.77501,28.444020000000002,28.105330000000002,27.759050000000002,27.405070000000002,27.0435,26.67401,26.29682,25.91193,25.519340000000003,25.11916,24.711280000000002,24.296030000000002,23.87341,23.44375,23.007050000000003,22.563860000000002,22.1144,21.659000000000002,21.198430000000002,20.73302,20.263650000000002,19.791090000000004,19.316440000000004,18.840690000000002,18.36527,17.891830000000002,17.422020000000003,16.95804,16.50209,16.05703,15.62583,15.211790000000002,14.818760000000001,14.450590000000002,14.11157,13.806210000000002,13.53902,13.31418,13.135870000000002,13.0075,12.93171,12.910370000000002,12.94414,13.032580000000001,13.17426,13.36687,13.607110000000002,13.891350000000003,14.21541,14.57511,14.966270000000002,15.38493,15.827020000000001,16.289240000000003,16.76829,17.26131,17.765660000000004,18.27925,18.79988,19.32612,19.856320000000004,20.38916,20.923540000000003,21.45869,21.99362
30.524780000000003,30.261000000000003,30.002720000000004,29.750380000000003,29.50431,29.264950000000002,29.032850000000003,28.808120000000002,28.591420000000003,28.383080000000003,28.183430000000005,27.99302,27.81229,27.641460000000002,27.480970000000003,27.33126,27.192660000000004,27.065280000000005,26.949670000000005,26.84605,26.75442,26.675220000000003,26.608340000000002,26.55411,26.512420000000002,26.483380000000004,26.466880000000003,26.46281,26.47106,26.491520000000005,26.523860000000003,26.567860000000003,26.62319,26.689520000000005,26.766520000000003,26.853750000000005,26.950770000000002,27.057250000000003,27.172420000000002,27.29617,27.427730000000004,27.56677,27.712630000000004,27.864980000000003,28.023270000000004,28.187060000000002,28.355690000000003,28.528830000000003,28.705930000000002,28.886660000000003,29.070470000000004,29.257030000000004,29.445790000000002,29.63653,29.828920000000004,30.02241,30.21678,30.4117,30.606840000000002,30.80187,30.99668,31.19094,31.384320000000002,31.57682,31.76789,31.95764,32.14585,32.332190000000004,32.51655,32.69882,32.879000000000005,33.056650000000005,33.23199,33.40469,33.57464,33.74195,33.90629,34.06777,34.22628,34.381600000000006,34.533840000000005,34.68289000000001,34.82875000000001,34.97131,35.11046,35.24631,35.378750000000004,35.507780000000004,35.63329,35.755390000000006,35.87397,35.98892,36.100350000000006,36.20826,36.312540000000006,36.41319,36.51021,36.60360000000001,36.69336,36.77949,36.861990000000006,36.94075000000001,37.01577,37.087160000000004,37.15481,37.218720000000005,37.279,37.33543,37.38823,37.437180000000005,37.48239,37.523860000000006,37.56159,37.595470000000006,37.6255,37.651790000000005,37.67412,37.692710000000005,37.70745,37.71823,37.72527,37.72824000000001,37.727360000000004,37.72252,37.71372000000001,37.70096,37.68424,37.663450000000005,37.63859000000001,37.609660000000005,37.576550000000005,37.539370000000005,37.49812,37.452580000000005,37.40275,37.34885,37.29055,37.227850000000004,37.16097,37.08958,37.01368000000001,36.93338000000001,36.84857,36.75914,36.66509,36.56642,36.46302000000001,36.35478,36.24181,36.12389,36.001020000000004,35.873200000000004,35.740320000000004,35.60227,35.459050000000005,35.31055,35.15677,34.9976,34.832930000000005,34.662760000000006,34.48698,34.30548,34.11826000000001,33.9251,33.726110000000006,33.52096,33.309760000000004,33.092400000000005,32.868770000000005,32.638650000000005,32.40215,32.15905,31.909240000000004,31.652720000000006,31.38938,31.119000000000003,30.841690000000003,30.55712,30.265400000000003,29.966310000000004,29.659740000000003,29.345690000000005,29.023940000000003,28.6946,28.35745,28.012380000000004,27.659390000000002,27.298370000000002,26.929430000000004,26.552240000000005,26.16702,25.77366,25.37216,24.96252,24.544740000000004,24.119040000000002,23.68542,23.243990000000004,22.795080000000002,22.338910000000002,21.875590000000003,21.405670000000004,20.929590000000005,20.44779,19.96104,19.470110000000002,18.975880000000004,18.479560000000003,17.98236,17.48571,16.9917,16.50209,16.019630000000003,15.546850000000001,15.086940000000002,14.64375,14.221020000000001,13.823370000000002,13.45564,13.122890000000002,12.830290000000002,12.583010000000002,12.386000000000001,12.24333,12.158520000000001,12.133550000000001,12.169300000000002,12.26544,12.419880000000003,12.629760000000001,12.89101,13.19923,13.549470000000001,13.936670000000001,14.356100000000001,14.803030000000001,15.273390000000001,15.763110000000001,16.26878,16.78743,17.31642,17.85333,18.39629,18.94343,19.49354,20.045080000000002,20.59728,21.149040000000003,21.699700000000004
30.908460000000005,30.65117,30.39949,30.15353,29.913950000000003,29.681080000000005,29.455140000000004,29.236680000000003,29.026030000000002,28.823520000000002,28.629590000000004,28.44468,28.269010000000005,28.103130000000004,27.947260000000004,27.801730000000003,27.666980000000002,27.543120000000002,27.430480000000003,27.32939,27.239850000000004,27.162190000000002,27.096410000000002,27.042730000000002,27.00104,26.971450000000004,26.953850000000003,26.948240000000002,26.954400000000003,26.97222,27.001370000000005,27.041850000000004,27.09311,27.15493,27.22698,27.308930000000004,27.400340000000003,27.50077,27.60978,27.72693,27.85178,27.983890000000002,28.12282,28.267910000000004,28.418830000000003,28.57525,28.7364,28.902060000000002,29.07179,29.245040000000003,29.421480000000003,29.600560000000005,29.78217,29.96576,30.150890000000004,30.33734,30.524890000000003,30.71299,30.901530000000005,31.090070000000004,31.2785,31.46649,31.653820000000003,31.84027,32.02562,32.20976,32.392360000000004,32.573310000000006,32.7525,32.92971,33.10483000000001,33.277750000000005,33.44836,33.616550000000004,33.7821,33.94512,34.10528,34.262800000000006,34.41724,34.56882,34.71743,34.86285,35.005190000000006,35.14434000000001,35.280300000000004,35.412850000000006,35.542210000000004,35.66816000000001,35.79081000000001,35.909940000000006,36.02577000000001,36.13797,36.24676,36.352140000000006,36.45389,36.55212,36.64672,36.73780000000001,36.825250000000004,36.909180000000006,36.98937,37.06604,37.13897000000001,37.208380000000005,37.27405,37.335980000000006,37.39428,37.448840000000004,37.499660000000006,37.54685,37.590300000000006,37.629900000000006,37.66576,37.697880000000005,37.72626,37.75079,37.77147,37.78841,37.801500000000004,37.81063,37.81591000000001,37.81734,37.81481,37.80832,37.79798,37.783570000000005,37.76520000000001,37.742760000000004,37.71625,37.68567000000001,37.65102,37.612190000000005,37.56929,37.5221,37.470620000000004,37.41496,37.35501,37.29066,37.22191,37.14887000000001,37.07121,36.98915,36.90247,36.81128,36.715360000000004,36.61471,36.50944,36.39922000000001,36.28427000000001,36.164260000000006,36.039410000000004,35.90939,35.77442,35.634170000000005,35.48875,35.33794,35.181850000000004,35.02026,34.85317,34.68047,34.502050000000004,34.317910000000005,34.12794,33.932030000000005,33.73007,33.521950000000004,33.30778,33.087230000000005,32.8603,32.62688,32.38686,32.14024,31.88669,31.626430000000003,31.35902,31.084570000000003,30.802970000000002,30.514,30.217660000000002,29.91373,29.602210000000003,29.28299,28.95596,28.6209,28.277810000000002,27.92669,27.567210000000003,27.199590000000004,26.823500000000003,26.438940000000002,26.045910000000003,25.6443,25.234220000000004,24.815450000000002,24.38821,23.952280000000002,23.50799,23.05534,22.594440000000002,22.125510000000002,21.648770000000003,21.164550000000002,20.673180000000002,20.175320000000003,19.671300000000002,19.162000000000003,18.648300000000003,18.131190000000004,17.611880000000003,17.091910000000002,16.572930000000003,16.05703,15.546850000000001,15.04492,14.554870000000001,14.080330000000002,13.625700000000002,13.19593,12.7963,12.432860000000002,12.11166,11.838860000000002,11.62029,11.46123,11.36586,11.336820000000001,11.375210000000003,11.48048,11.64999,11.87989,12.165450000000002,12.50106,12.88067,13.29845,13.748900000000003,14.226740000000001,14.72713,15.246220000000003,15.779940000000002,16.32543,16.879830000000002,17.440720000000002,18.00634,18.57482,19.14495,19.7153,20.2851,20.85347,21.41964
31.291370000000004,31.04035,30.79483,30.55514,30.321720000000003,30.094900000000003,29.87501,29.662380000000002,29.457340000000002,29.260440000000003,29.0719,28.89205,28.721330000000002,28.55996,28.408380000000005,28.266920000000002,28.13569,28.015020000000003,27.905240000000003,27.806460000000005,27.718790000000002,27.642560000000003,27.57777,27.524530000000002,27.482840000000003,27.452700000000004,27.434110000000004,27.42696,27.431030000000003,27.446320000000004,27.472500000000004,27.509460000000004,27.556870000000004,27.6144,27.68183,27.75872,27.844740000000005,27.93956,28.042630000000003,28.153620000000004,28.272090000000002,28.39749,28.529600000000002,28.66787,28.81186,28.96113,29.11513,29.273640000000004,29.436110000000003,29.602210000000003,29.771500000000003,29.943540000000002,30.118000000000002,30.294550000000005,30.472860000000004,30.652600000000003,30.833330000000004,31.014830000000003,31.196880000000004,31.37904,31.561200000000003,31.74314,31.924420000000005,32.10504,32.28467,32.4632,32.64041,32.81608,32.990100000000005,33.16225,33.33253,33.50072,33.6666,33.83028,33.99154,34.150270000000006,34.306360000000005,34.459700000000005,34.61029,34.75813,34.902890000000006,35.04479,35.18361,35.31935,35.45201000000001,35.581480000000006,35.70765,35.830630000000006,35.9502,36.06658,36.17944,36.28900000000001,36.39515,36.497890000000005,36.59711,36.69292,36.78510000000001,36.873870000000004,36.959010000000006,37.04063,37.118730000000006,37.1932,37.26404,37.331360000000004,37.39494,37.455,37.511320000000005,37.563900000000004,37.61296000000001,37.65817,37.69975,37.737700000000004,37.771800000000006,37.80216,37.82878,37.85155,37.870580000000004,37.885760000000005,37.8972,37.90468,37.90842000000001,37.90809,37.90402,37.895880000000005,37.88389000000001,37.867940000000004,37.84792000000001,37.82383,37.79578,37.76355,37.727250000000005,37.68688000000001,37.64222,37.59349,37.54036000000001,37.48305,37.42145000000001,37.355450000000005,37.284940000000006,37.21014,37.13083,37.04701,36.95857,36.86551,36.767830000000004,36.66531,36.558060000000005,36.44608000000001,36.32915,36.20716,36.080330000000004,35.948330000000006,35.81116,35.668820000000004,35.52120000000001,35.368190000000006,35.20979,35.04589,34.876380000000005,34.701260000000005,34.52042,34.33364,34.14103,33.94248,33.737770000000005,33.526790000000005,33.309650000000005,33.086130000000004,32.856010000000005,32.619400000000006,32.37608,32.126050000000006,31.868980000000004,31.60498,31.333940000000002,31.05553,30.76986,30.4766,30.175860000000004,29.867420000000003,29.551170000000003,29.227000000000004,28.894800000000004,28.554350000000003,28.205650000000002,27.84859,27.483060000000002,27.108950000000004,26.726150000000004,26.334550000000004,25.934040000000003,25.524620000000002,25.10629,24.678830000000005,24.242350000000002,23.796740000000003,23.34222,22.878570000000003,22.40612,21.924870000000002,21.43515,20.936960000000003,20.43074,19.917040000000004,19.39608,18.868740000000003,18.335680000000004,17.797890000000002,17.25647,16.712850000000003,16.168570000000003,15.62583,15.086940000000002,14.554870000000001,14.03292,13.525050000000002,13.03599,12.571130000000002,12.13641,11.738650000000002,11.385,11.082720000000002,10.839268,10.661024,10.553334000000001,10.519696,10.561430000000001,10.677557000000002,10.864920000000001,11.11858,11.43219,11.799040000000002,12.21176,12.663640000000001,13.14808,13.659250000000002,14.191980000000001,14.741980000000002,15.305180000000002,15.878390000000001,16.45886,17.04428,17.63267,18.2226,18.812640000000002,19.40169,19.98898,20.57363,21.15509
31.673400000000004,31.428320000000003,31.188740000000003,30.954990000000002,30.727510000000002,30.506410000000002,30.29213,30.085110000000004,29.885570000000005,29.69384,29.510360000000002,29.335350000000005,29.16925,29.012170000000005,28.864660000000004,28.726720000000004,28.5989,28.4812,28.37395,28.277370000000005,28.191570000000002,28.116660000000003,28.052750000000003,27.999840000000003,27.95804,27.927350000000004,27.907770000000003,27.89908,27.90117,27.914040000000004,27.93747,27.971130000000002,28.0148,28.068260000000002,28.13129,28.20334,28.2843,28.373620000000003,28.47097,28.576130000000003,28.688440000000003,28.807570000000002,28.933190000000003,29.064860000000003,29.202140000000004,29.344590000000004,29.491770000000002,29.64335,29.798890000000004,29.958060000000003,30.120420000000003,30.28564,30.453280000000003,30.62301,30.794610000000002,30.967640000000003,31.141880000000004,31.317,31.492670000000004,31.668670000000002,31.844670000000004,32.02056,32.19612000000001,32.37091,32.54493,32.717960000000005,32.88978,33.060280000000006,33.229130000000005,33.39644,33.56177,33.72523,33.8866,34.045880000000004,34.20274,34.35718,34.50909,34.65858,34.80521,34.9492,35.09044,35.22871,35.36401,35.496340000000004,35.6257,35.751870000000004,35.87496,35.99486,36.11157,36.22498000000001,36.33509,36.44201,36.545410000000004,36.64551000000001,36.742200000000004,36.835480000000004,36.92535,37.011700000000005,37.094640000000005,37.173950000000005,37.24985,37.322120000000005,37.39087000000001,37.456100000000006,37.517700000000005,37.57567,37.630010000000006,37.68083,37.72791,37.77136000000001,37.81107,37.847150000000006,37.87949,37.90809,37.93295,37.95407000000001,37.97134,37.98487,37.99466,38.000490000000006,38.00247,38.000710000000005,37.99488,37.9852,37.97156,37.95396,37.93240000000001,37.90677000000001,37.87707,37.8433,37.80535,37.76333,37.717130000000004,37.66675,37.61208,37.55312000000001,37.489760000000004,37.42211,37.35006,37.2735,37.19254,37.10696000000001,37.016760000000005,36.92194,36.822500000000005,36.71822,36.609210000000004,36.495250000000006,36.37645,36.25259,36.12378,35.98980000000001,35.85065000000001,35.70622,35.55651,35.401410000000006,35.24081,35.074600000000004,34.902890000000006,34.725350000000006,34.54209,34.353,34.15786000000001,33.95656,33.749210000000005,33.53559,33.31559,33.08921,32.856120000000004,32.61654,32.37003,32.1167,31.856330000000003,31.588810000000002,31.314030000000006,31.03199,30.742360000000005,30.44525,30.140330000000002,29.82749,29.506730000000005,29.177940000000003,28.840790000000005,28.495280000000005,28.1413,27.778740000000003,27.407380000000003,27.027110000000004,26.637930000000004,26.23951,25.83207,25.415170000000003,24.98892,24.553210000000004,24.108040000000003,23.653190000000002,23.18877,22.71478,22.231220000000004,21.738200000000003,21.23583,20.724330000000002,20.20381,19.67471,19.13736,18.59231,18.040330000000004,17.48208,16.91866,16.3515,15.78181,15.211790000000002,14.64375,14.080330000000002,13.525050000000002,12.981980000000002,12.456070000000002,11.953040000000001,11.479600000000001,11.043340000000002,10.652642,10.316493,10.043814,9.842910000000002,9.720645000000001,9.681584,9.727465,9.856924,10.065704,10.347315000000002,10.693749000000002,11.09636,11.546590000000002,12.036090000000002,12.557710000000002,13.104850000000003,13.6719,14.254240000000001,14.847910000000002,15.449610000000002,16.05659,16.66665,17.27803,17.88919,18.49903,19.10645,19.710680000000004,20.31117,20.90748
32.05422,31.814970000000002,31.581110000000002,31.353080000000002,31.1311,30.9155,30.70672,30.504870000000004,30.3105,30.123720000000002,29.94497,29.77458,29.61266,29.459760000000003,29.315990000000003,29.181570000000004,29.05683,28.94188,28.83705,28.74245,28.658190000000005,28.584490000000002,28.52135,28.468770000000003,28.426860000000005,28.39562,28.374940000000002,28.36482,28.365040000000004,28.375600000000002,28.396280000000004,28.426750000000002,28.467010000000002,28.51651,28.57525,28.642790000000005,28.71891,28.803060000000002,28.895020000000002,28.99446,29.100940000000005,29.21413,29.33359,29.45888,29.58967,29.725630000000002,29.866210000000002,30.011190000000003,30.160130000000002,30.31259,30.46824,30.626750000000005,30.787790000000005,30.951030000000003,31.116030000000002,31.282680000000003,31.450540000000004,31.619390000000003,31.788790000000002,31.958740000000002,32.1288,32.298860000000005,32.46859,32.63777,32.806400000000004,32.97393,33.14047,33.3058,33.4697,33.63206,33.792660000000005,33.9515,34.108250000000005,34.263020000000004,34.41559,34.565850000000005,34.71369,34.85911,35.002,35.14214,35.27964000000001,35.41439,35.54628,35.675200000000004,35.80126,35.924240000000005,36.04425,36.16107,36.27481,36.38536,36.492610000000006,36.59678,36.697540000000004,36.79500000000001,36.889160000000004,36.98002,37.06736000000001,37.1514,37.23192,37.30903,37.38273,37.45291,37.51946000000001,37.5826,37.64222,37.69821,37.75057,37.79941000000001,37.844620000000006,37.8862,37.92404,37.95836,37.98883,38.01578000000001,38.038880000000006,38.05824,38.07386,38.08574,38.09377,38.098060000000004,38.09839,38.09487000000001,38.087500000000006,38.076280000000004,38.060990000000004,38.041850000000004,38.01864,37.99147000000001,37.96012,37.92481,37.88532000000001,37.84176000000001,37.793910000000004,37.74188,37.68567000000001,37.625060000000005,37.56016,37.490860000000005,37.41716,37.33906,37.25634,37.16911,37.07726,36.98079,36.87948000000001,36.77355000000001,36.662670000000006,36.54695,36.426280000000006,36.30066,36.16987,36.034020000000005,35.89289,35.746480000000005,35.59479,35.4376,35.274910000000006,35.10661,34.932590000000005,34.75285,34.567280000000004,34.37577,34.17832000000001,33.9746,33.764720000000004,33.548460000000006,33.32582,33.09658,32.86074,32.61819,32.36871000000001,32.112300000000005,31.84874,31.577920000000002,31.299840000000003,31.014170000000004,30.721020000000003,30.41995,30.11118,29.79427,29.46933,29.136030000000005,28.79426,28.444020000000002,28.08509,27.717250000000003,27.340390000000003,26.954400000000003,26.55917,26.154480000000003,25.740330000000004,25.3165,24.88288,24.439360000000004,23.98594,23.5224,23.04874,22.564850000000003,22.07084,21.566710000000004,21.05235,20.52798,19.993820000000003,19.44998,18.89679,18.3348,17.76434,17.186290000000003,16.60142,16.010830000000002,15.416060000000002,14.818760000000001,14.221020000000001,13.625700000000002,13.03599,12.456070000000002,11.890890000000002,11.34661,10.830545,10.351143000000002,9.918249000000001,9.542599000000001,9.235369,9.007284,8.867386000000002,8.821868000000002,8.873029,9.018933,9.253761,9.568801,9.953658,10.397486000000002,10.889791,11.42108,11.98296,12.56849,13.17162,13.787510000000001,14.412420000000001,15.042940000000002,15.676540000000001,16.311130000000002,16.94517,17.57723,18.206210000000002,18.83145,19.452180000000002,20.067960000000003,20.67846
32.43394,32.20019,31.971830000000004,31.749080000000003,31.532490000000003,31.32217,31.118450000000003,30.921660000000003,30.732130000000005,30.55008,30.375840000000004,30.209740000000004,30.051890000000004,29.902730000000002,29.76248,29.63125,29.50937,29.39706,29.29454,29.201700000000002,29.118980000000004,29.046270000000003,28.983790000000003,28.931540000000002,28.889520000000005,28.857620000000004,28.835950000000004,28.824400000000004,28.822860000000002,28.831220000000002,28.849260000000005,28.87676,28.913610000000002,28.95948,29.01415,29.077290000000005,29.148680000000002,29.227990000000005,29.314780000000003,29.408830000000002,29.509700000000006,29.617060000000006,29.73058,29.84982,29.974450000000004,30.10414,30.23845,30.377050000000004,30.519500000000004,30.665470000000003,30.814740000000004,30.96676,31.121420000000004,31.278280000000002,31.437010000000004,31.597390000000004,31.759090000000004,31.921780000000002,32.08524,32.249140000000004,32.41348,32.57771,32.74183,32.90551000000001,33.06864,33.231,33.39237,33.552530000000004,33.71148,33.869,34.02487,34.17909,34.33144,34.48181,34.63009,34.77617,34.919940000000004,35.0614,35.20044,35.33684,35.470710000000004,35.60183,35.73031,35.85582000000001,35.97858,36.09837,36.21519,36.329040000000006,36.43981,36.54750000000001,36.652,36.753310000000006,36.85143,36.946360000000006,37.03788,37.12621000000001,37.211240000000004,37.292860000000005,37.37107,37.445980000000006,37.51737,37.585350000000005,37.64981,37.710860000000004,37.768390000000004,37.8224,37.872780000000006,37.91975,37.96298,38.00269,38.03877000000001,38.071220000000004,38.10004000000001,38.12512,38.146460000000005,38.16417,38.178140000000006,38.18826,38.19464000000001,38.197280000000006,38.196070000000006,38.190900000000006,38.181990000000006,38.16912,38.15229000000001,38.1315,38.10675,38.07793000000001,38.04515000000001,38.008190000000006,37.96716,37.92206000000001,37.87267,37.819100000000006,37.76124000000001,37.699090000000005,37.632650000000005,37.5617,37.48646000000001,37.406600000000005,37.322340000000004,37.23346,37.13996,37.04184,36.938880000000005,36.83119000000001,36.71866000000001,36.60118000000001,36.478750000000005,36.35126,36.21871,36.08099,35.937990000000006,35.78971,35.63604,35.476870000000005,35.312090000000005,35.14181,34.9657,34.78387,34.5961,34.402390000000004,34.20252,33.99649,33.78419,33.56551,33.340340000000005,33.10857,32.86998,32.624680000000005,32.37245,32.11307,31.84643,31.572640000000003,31.29126,31.002290000000006,30.705730000000003,30.40114,30.088630000000002,29.767980000000005,29.43908,29.1016,28.755650000000003,28.4009,28.03724,27.664450000000002,27.28253,26.891260000000003,26.490420000000004,26.079900000000002,25.65959,25.229160000000004,24.78872,24.33794,23.876820000000002,23.405140000000003,22.92279,22.42977,21.925970000000003,21.41128,20.8857,20.34934,19.80231,19.24461,18.676460000000002,18.098190000000002,17.510240000000003,16.913050000000002,16.30739,15.694360000000001,15.07484,14.450590000000002,13.823370000000002,13.19593,12.571130000000002,11.953040000000001,11.34661,10.758242000000001,10.195504,9.667922,9.186716,8.764811,8.416232,8.154971000000002,7.993348000000001,7.939921000000001,7.997902,8.164475000000001,8.431412000000002,8.786778000000002,9.216911,9.708083000000002,10.247677000000001,10.824704,11.429990000000002,12.05589,12.69642,13.34674,14.003110000000001,14.66234,15.322230000000001,15.980910000000002,16.636950000000002,17.28925,17.93682,18.579,19.21546,19.84565,20.46946
32.812450000000005,32.583870000000005,32.36068,32.14321,31.931570000000004,31.72631,31.527540000000002,31.33548,31.150460000000002,30.972920000000002,30.802970000000002,30.64083,30.48683,30.34119,30.204240000000002,30.07609,29.956960000000002,29.847070000000002,29.746530000000003,29.655450000000002,29.574050000000003,29.50233,29.4404,29.388370000000002,29.346130000000002,29.313680000000005,29.291020000000003,29.27815,29.27485,29.281010000000002,29.29652,29.321160000000003,29.35471,29.39706,29.447880000000005,29.506840000000004,29.573830000000005,29.648410000000002,29.73025,29.81913,29.914720000000003,30.016580000000005,30.124380000000002,30.237790000000004,30.356590000000004,30.480120000000003,30.608380000000004,30.740710000000004,30.877000000000002,31.016810000000003,31.159810000000004,31.305670000000003,31.45417,31.604760000000002,31.757440000000003,31.91166,32.067310000000006,32.22406,32.38169,32.53987000000001,32.69838,32.857110000000006,33.01573,33.174020000000006,33.33176,33.48895,33.64515,33.800470000000004,33.95447,34.107150000000004,34.2584,34.408,34.55595,34.70192,34.84602,34.98803,35.12773,35.26534,35.400420000000004,35.533190000000005,35.663430000000005,35.791030000000006,35.91599,36.0382,36.15766000000001,36.27426,36.388,36.49877000000001,36.606570000000005,36.711290000000005,36.81304,36.9116,37.00708,37.09937000000001,37.18836,37.27427,37.356770000000004,37.436080000000004,37.51198,37.58458,37.65377,37.719550000000005,37.78192000000001,37.84088,37.89632,37.948350000000005,37.99675,38.04174,38.08310000000001,38.120940000000004,38.155150000000006,38.18584,38.212790000000005,38.236110000000004,38.2558,38.27175,38.28407,38.29254,38.297270000000005,38.298260000000006,38.2954,38.28869,38.27813,38.26361,38.24524,38.222910000000006,38.19662000000001,38.16626,38.13194,38.09344000000001,38.05087,38.00423000000001,37.953300000000006,37.89819,37.83879,37.7751,37.70712,37.63463,37.55774,37.47645,37.39054,37.30012,37.20497,37.1052,37.00059,36.89125000000001,36.77707,36.65794,36.533750000000005,36.404610000000005,36.2703,36.13082000000001,35.98595,35.835800000000006,35.680260000000004,35.519220000000004,35.35257,35.18031,35.00222,34.81841,34.628550000000004,34.43264,34.23068,34.022450000000006,33.807840000000006,33.586850000000005,33.35926,33.12507,32.884060000000005,32.636120000000005,32.38114,32.11912,31.84973,31.57297,31.28862,30.996570000000002,30.69671,30.388930000000002,30.07301,29.74884,29.416200000000003,29.07498,28.724960000000003,28.366140000000005,27.99819,27.620890000000003,27.234350000000003,26.83802,26.43212,26.0161,25.59007,25.153810000000004,24.70699,24.249500000000005,23.78134,23.302180000000003,22.81191,22.31031,21.79749,21.273120000000002,20.73731,20.18984,19.63071,19.060140000000004,18.478020000000004,17.884570000000004,17.28012,16.665000000000003,16.03976,15.40506,14.762,14.11157,13.45564,12.7963,12.13641,11.479600000000001,10.830545,10.195504,9.582408000000001,9.001366,8.465028,7.988739000000001,7.590077000000001,7.287621000000001,7.098498,7.035083,7.102073000000001,7.295167,7.602353,8.006878,8.490504,9.035961000000002,9.628201,10.254827000000002,10.905939000000002,11.57376,12.252460000000001,12.937320000000001,13.624820000000001,14.312320000000001,14.99773,15.67951,16.35656,17.027890000000003,17.69295,18.351190000000003,19.00228,19.646,20.28224
33.189420000000005,32.965900000000005,32.74777,32.535140000000006,32.328450000000004,32.12792,31.933770000000003,31.74622,31.565600000000003,31.39224,31.22625,31.067960000000003,30.91759,30.775360000000003,30.64149,30.516090000000002,30.39949,30.291800000000002,30.193130000000004,30.103700000000003,30.02351,29.952670000000005,29.89129,29.839370000000002,29.796910000000004,29.763910000000003,29.740260000000003,29.726070000000004,29.721010000000003,29.725080000000002,29.738170000000004,29.760060000000003,29.790640000000003,29.82958,29.87666,29.93166,29.994360000000004,30.06443,30.141650000000002,30.22558,30.316000000000003,30.412580000000002,30.51488,30.622790000000002,30.735760000000003,30.853680000000004,30.976000000000003,31.10239,31.232740000000003,31.366500000000002,31.503560000000004,31.643370000000004,31.785820000000005,31.930470000000003,32.0771,32.22549,32.37531,32.52623,32.67814,32.83071,32.98361,33.13684000000001,33.29007,33.44308,33.59565,33.74767000000001,33.898920000000004,34.049290000000006,34.19845,34.34651,34.493140000000004,34.63823,34.781780000000005,34.923460000000006,35.06338,35.20121,35.33706,35.470710000000004,35.60205,35.73108,35.857690000000005,35.981770000000004,36.103320000000004,36.222120000000004,36.338390000000004,36.4518,36.56246,36.67015000000001,36.774980000000006,36.87695000000001,36.975840000000005,37.071650000000005,37.16438000000001,37.25414000000001,37.3406,37.42398,37.50406,37.58095,37.654540000000004,37.72483,37.79182,37.8554,37.91568,37.97255,38.02590000000001,38.075950000000006,38.122370000000004,38.16538,38.204980000000006,38.240840000000006,38.27329,38.30211,38.32730000000001,38.34897,38.3669,38.38109,38.39165,38.39858,38.40166000000001,38.400999999999996,38.39649000000001,38.38824,38.37603000000001,38.36008,38.34006,38.316190000000006,38.288360000000004,38.25646,38.220600000000005,38.18067,38.13656,38.08838,38.03591,37.979260000000004,37.91843,37.8532,37.78368,37.70965,37.63133,37.548390000000005,37.46105000000001,37.36898000000001,37.27229,37.17098000000001,37.06483000000001,36.95384000000001,36.838119999999996,36.71734,36.5915,36.46071,36.32464,36.1834,36.03699,35.88508,35.72778,35.56487,35.396460000000005,35.22222000000001,35.042260000000006,34.85647,34.66463,34.46685,34.262800000000006,34.05248,33.83567,33.612480000000005,33.382690000000004,33.146190000000004,32.90287,32.65251000000001,32.39511,32.13045,31.858530000000002,31.579020000000003,31.29203,30.997120000000006,30.6944,30.383540000000004,30.06443,29.736960000000003,29.401020000000003,29.05628,28.702630000000003,28.33996,27.96805,27.586790000000004,27.195850000000004,26.795230000000004,26.384490000000003,25.963630000000002,25.532430000000005,25.090670000000003,24.63813,24.1747,23.70005,23.214070000000003,22.71665,22.207460000000005,21.686390000000003,21.15333,20.608060000000002,20.05047,19.48056,18.898220000000002,18.30334,17.69603,17.076510000000003,16.44478,15.801390000000001,15.146560000000001,14.48128,13.806210000000002,13.122890000000002,12.432860000000002,11.738650000000002,11.043340000000002,10.351143000000002,9.667922,9.001366,8.361848,7.763096000000001,7.222831,6.762910000000001,6.408193000000001,6.183199,6.106683,6.185894000000001,6.413979,6.772590000000001,7.237560000000001,7.784381000000001,8.391515000000002,9.041516,9.72092,10.419574000000003,11.13002,11.846560000000002,12.565080000000002,13.282720000000001,13.997170000000002,14.70667,15.41023,16.10675,16.795900000000003,17.47702,18.149890000000003,18.8144,19.47044,20.11801
33.564960000000006,33.34628000000001,33.13288,32.924980000000005,32.722910000000006,32.52689,32.337140000000005,32.15388,31.97744,31.808040000000002,31.6459,31.49124,31.344170000000005,31.205130000000004,31.07412,30.95147,30.837180000000004,30.73158,30.63467,30.546670000000002,30.46758,30.397620000000003,30.336680000000005,30.28487,30.24208,30.20853,30.183890000000005,30.168380000000003,30.16167,30.163760000000003,30.174540000000004,30.19379,30.221400000000003,30.25704,30.300600000000003,30.351860000000002,30.410490000000003,30.476270000000003,30.54887,30.62807,30.713650000000005,30.80506,30.902190000000004,31.004710000000003,31.11229,31.224490000000003,31.341200000000004,31.461980000000004,31.5865,31.71454,31.845660000000006,31.979750000000003,32.11637,32.255190000000006,32.396100000000004,32.53877,32.68287,32.82818,32.97448000000001,33.12144,33.26906,33.416900000000005,33.56474,33.71258,33.86009,34.00705000000001,34.15346,34.298880000000004,34.44342,34.58686,34.72898,34.86967,35.00882,35.14632,35.28206,35.415820000000004,35.54771,35.677510000000005,35.805110000000006,35.930400000000006,36.053490000000004,36.17405,36.292190000000005,36.40769000000001,36.52066000000001,36.630880000000005,36.73846,36.843180000000004,36.945150000000005,37.04415,37.14018000000001,37.23335,37.323440000000005,37.410450000000004,37.494490000000006,37.575340000000004,37.653,37.727470000000004,37.79875,37.866730000000004,37.93152,37.99301,38.05109000000001,38.10587,38.15724,38.205200000000005,38.249750000000006,38.290780000000005,38.3284,38.362500000000004,38.393080000000005,38.42014,38.44357000000001,38.463370000000005,38.47965,38.49219,38.5011,38.50627,38.5077,38.505390000000006,38.499340000000004,38.48944,38.47580000000001,38.458200000000005,38.43675,38.41134000000001,38.38197,38.348530000000004,38.31113,38.26966,38.224120000000006,38.174400000000006,38.12050000000001,38.06242000000001,38.00005,37.93339000000001,37.86233,37.78687000000001,37.707010000000004,37.62264,37.53376,37.44026,37.34203,37.239180000000005,37.13149,37.019070000000006,36.9017,36.77927,36.652,36.51956,36.38195,36.23906,36.09089,35.93733,35.77838,35.61382,35.443650000000005,35.26765,35.085930000000005,34.898270000000004,34.70467000000001,34.50491,34.298880000000004,34.086580000000005,33.867900000000006,33.64273,33.41085,33.17215,32.92663,32.67407000000001,32.41447,32.1475,31.873050000000003,31.591120000000004,31.3016,31.004050000000003,30.698580000000003,30.38497,30.063110000000005,29.73267,29.39365,29.045720000000003,28.68888,28.322800000000004,27.947370000000003,27.56237,27.167580000000005,26.762890000000002,26.348080000000003,25.92282,25.487000000000005,25.0404,24.582800000000002,24.11398,23.63361,23.141690000000004,22.63789,22.121880000000004,21.593550000000004,21.05279,20.499160000000003,19.932660000000002,19.35307,18.76028,18.15407,17.53444,16.901390000000003,16.254810000000003,15.595030000000001,14.922160000000002,14.23664,13.53902,12.830290000000002,12.11166,11.385,10.652642,9.918249000000001,9.186716,8.465028,7.763096000000001,7.094879000000001,6.479946000000001,5.944653000000001,5.522143000000001,5.248584,5.154017,5.250520000000001,5.526411,5.952089000000001,6.491727000000001,7.1125560000000005,7.788506000000001,8.500316000000002,9.234269000000001,9.980674,10.732766,11.48576,12.236400000000001,12.982090000000001,13.721400000000001,14.453120000000002,15.17637,15.890600000000001,16.5957,17.291230000000002,17.97719,18.65369,19.32062,19.9782
33.93896,33.7249,33.51612,33.31273,33.11506000000001,32.92333,32.73776,32.55857,32.38609,32.22043,32.06181,31.91056,31.766790000000004,31.63061,31.502350000000003,31.38212,31.27014,31.166410000000006,31.071150000000003,30.98447,30.906480000000006,30.837180000000004,30.776570000000003,30.724870000000003,30.681860000000004,30.647650000000002,30.622130000000002,30.605300000000003,30.597050000000003,30.597160000000002,30.60574,30.62246,30.64721,30.679660000000002,30.719920000000002,30.767440000000004,30.82222,30.883820000000004,30.952130000000004,31.02682,31.10756,31.19424,31.286310000000004,31.383660000000003,31.485960000000002,31.592880000000005,31.70409,31.819370000000003,31.938280000000002,32.06071,32.186330000000005,32.3147,32.44571,32.578920000000004,32.714220000000005,32.85128,32.98988,33.129690000000004,33.27049,33.41217,33.5544,33.697070000000004,33.839850000000006,33.98252,34.124970000000005,34.26709,34.408660000000005,34.549350000000004,34.68927,34.82809,34.965810000000005,35.10210000000001,35.23696,35.37028000000001,35.50195000000001,35.631750000000004,35.75968,35.885630000000006,36.00949000000001,36.131260000000005,36.25072,36.36787,36.482490000000006,36.594800000000006,36.70447,36.81161,36.91611,37.01775000000001,37.11675,37.21289000000001,37.30628,37.396589999999996,37.48404,37.56852,37.64992000000001,37.72824000000001,37.80359000000001,37.875640000000004,37.944610000000004,38.01039000000001,38.07287,38.13216,38.18815000000001,38.240840000000006,38.29012,38.3361,38.37867,38.41783,38.45358,38.48581,38.51452,38.53971,38.56138,38.57953,38.59405000000001,38.60494,38.61209,38.61572000000001,38.6155,38.611650000000004,38.60395,38.592510000000004,38.577220000000004,38.55819,38.535090000000004,38.508250000000004,38.47734,38.44247,38.40364,38.36063,38.31366,38.262510000000006,38.20707,38.147560000000006,38.083760000000005,38.01556000000001,37.943180000000005,37.866290000000006,37.784890000000004,37.699090000000005,37.60878,37.513740000000006,37.414190000000005,37.3098,37.200680000000006,37.08672000000001,36.96781000000001,36.84406,36.715140000000005,36.581160000000004,36.44201,36.29769,36.147980000000004,35.99288,35.832170000000005,35.66607,35.49425,35.31660000000001,35.133230000000005,34.94381,34.748450000000005,34.54693,34.33925000000001,34.125080000000004,33.90453,33.677490000000006,33.443630000000006,33.20306,32.95556,32.70091000000001,32.439220000000006,32.17005,31.893510000000003,31.609380000000005,31.317440000000005,31.017580000000002,30.709690000000002,30.393660000000004,30.06916,29.736080000000005,29.394310000000004,29.043630000000004,28.68382,28.314770000000003,27.93615,27.547960000000003,27.14987,26.741550000000004,26.32311,25.894000000000002,25.454220000000003,25.003330000000002,24.541330000000002,24.067780000000003,23.582570000000004,23.08548,22.576070000000005,22.05434,21.519740000000002,20.97227,20.411600000000004,19.8374,19.249560000000002,18.647750000000002,18.03186,17.40156,16.75685,16.09751,15.423430000000002,14.734830000000002,14.031600000000001,13.31418,12.583010000000002,11.838860000000002,11.082720000000002,10.316493,9.542599000000001,8.764811,7.988739000000001,7.222831,6.479946000000001,5.779785,5.152147,4.639954,4.297524,4.176359000000001,4.298811000000001,4.642957,5.1577020000000005,5.789102,6.494598000000001,7.244688000000001,8.019968,8.807821000000002,9.600019000000001,10.391172000000001,11.177650000000002,11.957220000000001,12.72821,13.48952,14.2406,14.98112,15.710750000000003,16.4296,17.13756,17.834850000000003,18.521580000000004,19.197860000000002,19.86402
34.311420000000005,34.101760000000006,33.89727,33.698170000000005,33.50479,33.31713,33.135630000000006,32.96029,32.79155,32.62941,32.4742,32.32614,32.185340000000004,32.052020000000006,31.926290000000005,31.80837,31.698480000000004,31.596510000000002,31.50279,31.417320000000004,31.340320000000002,31.27157,31.2114,31.15959,31.116360000000004,31.081490000000002,31.055090000000003,31.03694,31.027150000000002,31.0255,31.03188,31.046070000000004,31.068070000000002,31.097660000000005,31.134510000000002,31.178620000000002,31.229660000000003,31.287300000000005,31.351430000000004,31.421720000000004,31.498060000000002,31.579900000000002,31.667240000000003,31.75964,31.85688,31.958630000000003,32.06456,32.17456000000001,32.28819000000001,32.405120000000004,32.525240000000004,32.64822,32.77373,32.90155,33.03146,33.16302,33.29623,33.43076000000001,33.566390000000006,33.70279,33.839850000000006,33.97735,34.11507,34.252790000000005,34.3904,34.527680000000004,34.664410000000004,34.80059000000001,34.93589,35.07020000000001,35.203520000000005,35.33552,35.4662,35.59534000000001,35.72294,35.848890000000004,35.972970000000004,36.09507,36.215300000000006,36.33333,36.449270000000006,36.563010000000006,36.674330000000005,36.78334,36.88982000000001,36.99377,37.09519000000001,37.19397,37.29,37.383280000000006,37.47381000000001,37.56148,37.64629,37.72813,37.807,37.88290000000001,37.95572000000001,38.02546000000001,38.09212,38.155590000000004,38.21587,38.273070000000004,38.32686,38.37746,38.424760000000006,38.46876,38.50935,38.54653,38.58041,38.61077000000001,38.63772,38.66104,38.68095,38.697340000000004,38.710210000000004,38.71934,38.72495000000001,38.726820000000004,38.72506,38.71956,38.71032,38.697340000000004,38.68051,38.659940000000006,38.63541000000001,38.60703,38.574580000000005,38.53828,38.49802,38.45358,38.40507,38.35249000000001,38.295730000000006,38.23479,38.16956,38.10004000000001,38.026120000000006,37.9478,37.865080000000006,37.77785,37.686110000000006,37.58975,37.48866,37.38295,37.272400000000005,37.15701,37.03678000000001,36.91149000000001,36.78114,36.64573000000001,36.50515000000001,36.35929,36.20815,36.05151,35.88937,35.72162000000001,35.548260000000006,35.36918,35.184160000000006,34.9932,34.79619,34.59313,34.38369,34.16787,33.94567,33.71687000000001,33.48125,33.23892,32.98955,32.733140000000006,32.46947,32.19843,31.91991,31.63369,31.33977,31.037820000000004,30.727840000000004,30.4095,30.082800000000002,29.747410000000002,29.40322,29.05001,28.68767,28.315980000000003,27.934720000000002,27.543670000000002,27.142720000000004,26.731430000000003,26.309800000000003,25.8775,25.4342,24.9799,24.51416,24.036760000000005,23.547370000000004,23.045880000000004,22.53196,22.005280000000003,21.46562,20.912650000000003,20.346040000000002,19.76557,19.170910000000003,18.561730000000004,17.93781,17.298930000000002,16.644650000000002,15.974750000000002,15.289120000000002,14.58754,13.869790000000002,13.135870000000002,12.386000000000001,11.62029,10.839268,10.043814,9.235369,8.416232,7.590077000000001,6.762910000000001,5.944653000000001,5.152147,4.414718,3.7829770000000003,3.3372240000000004,3.172928,3.337994,3.7849570000000003,4.418766000000001,5.159506,5.956907000000001,6.781962000000001,7.618094,8.455645,9.288829000000002,10.114159,10.929512,11.733590000000001,12.525700000000002,13.30549,14.072630000000002,14.827340000000001,15.56973,16.2998,17.01799,17.724410000000002,18.419390000000003,19.10337,19.77646
34.682120000000005,34.47675,34.27644,34.081520000000005,33.8921,33.7084,33.53053,33.35893,33.19371,33.034980000000004,32.882960000000004,32.73798,32.59993,32.46925,32.345940000000006,32.23022,32.12220000000001,32.02199,31.929700000000004,31.84533,31.7691,31.70101,31.641060000000003,31.589250000000003,31.545690000000004,31.510270000000006,31.48288,31.463520000000003,31.45219,31.448780000000003,31.45307,31.464950000000005,31.48431,31.510930000000002,31.544810000000002,31.5854,31.632810000000003,31.686710000000005,31.746880000000004,31.812990000000003,31.884930000000004,31.962370000000004,32.04509,32.132650000000005,32.22505,32.321740000000005,32.422720000000005,32.527550000000005,32.636010000000006,32.74777,32.862610000000004,32.98031,33.10054,33.22308,33.34771,33.47410000000001,33.60203,33.731280000000005,33.861740000000005,33.99308,34.125080000000004,34.25752,34.3904,34.52328,34.65605000000001,34.7886,34.92071,35.05227,35.183170000000004,35.31308000000001,35.442,35.56982,35.69632,35.82139000000001,35.94503,36.06702000000001,36.187250000000006,36.30572000000001,36.42221000000001,36.53683,36.64925000000001,36.75947000000001,36.867490000000004,36.973200000000006,37.07649,37.17736000000001,37.2757,37.37151,37.46468,37.55521,37.64288,37.72791,37.80997000000001,37.88928000000001,37.96562000000001,38.039100000000005,38.109500000000004,38.176820000000006,38.241170000000004,38.302440000000004,38.36052,38.41541,38.467220000000005,38.515730000000005,38.56094,38.60296,38.64157000000001,38.676880000000004,38.708780000000004,38.73738,38.762460000000004,38.784130000000005,38.80228,38.81691,38.82802,38.8355,38.83946,38.83968,38.83638,38.82934,38.81845,38.80393,38.78567,38.763450000000006,38.73749,38.70757,38.67380000000001,38.636070000000004,38.59427000000001,38.5484,38.49857,38.44456,38.38637000000001,38.324000000000005,38.25745,38.18650000000001,38.11126,38.031620000000004,37.94758,37.858920000000005,37.76586,37.66807,37.56566,37.45863000000001,37.346650000000004,37.22994,37.10828,36.98167000000001,36.85,36.71327000000001,36.57126,36.42397,36.2714,36.113330000000005,35.949870000000004,35.78069000000001,35.605900000000005,35.42539000000001,35.23894000000001,35.046440000000004,34.848,34.6434,34.43242,34.21517,33.99132,33.76098,33.52382,33.27984,33.02882,32.77076,32.50533,32.23264,31.952360000000002,31.66438,31.3687,31.064880000000002,30.753030000000003,30.432820000000003,30.10403,29.76666,29.42049,29.06519,28.700760000000002,28.326870000000003,27.9433,27.549940000000003,27.14646,26.73275,26.30848,25.873540000000002,25.427490000000002,24.97022,24.501510000000003,24.02092,23.52834,23.02344,22.505890000000004,21.97547,21.43174,20.874480000000002,20.30336,19.717940000000002,19.11811,18.503320000000002,17.873350000000002,17.22776,16.56622,15.888400000000003,15.19397,14.482600000000001,13.753850000000002,13.0075,12.24333,11.46123,10.661024,9.842910000000002,9.007284,8.154971000000002,7.287621000000001,6.408193000000001,5.522143000000001,4.639954,3.7829770000000003,2.997753,2.3883750000000004,2.1429430000000003,2.388771,2.9989960000000004,3.7859360000000004,4.645883,5.532648,6.425188,7.313295000000001,8.191744000000002,9.057807,9.910054,10.747792000000002,11.57079,12.37907,13.17272,13.95207,14.71756,15.469300000000002,16.20795,16.93373,17.647080000000003,18.34844,19.038140000000002,19.71651
35.05117,34.84987,34.65352,34.46256,34.27688,34.096920000000004,33.92279,33.75471,33.59279000000001,33.437250000000006,33.28831,33.146080000000005,33.010780000000004,32.88252,32.761520000000004,32.647780000000004,32.541630000000005,32.44296000000001,32.35188,32.26861,32.19315,32.12561,32.06588,32.014070000000004,31.970070000000003,31.93399,31.905720000000002,31.885260000000002,31.872390000000003,31.86722,31.869530000000005,31.879100000000005,31.895930000000003,31.919800000000002,31.9506,31.988110000000006,32.032000000000004,32.08227,32.13859,32.20074,32.268390000000004,32.34154,32.41975,32.5028,32.59047,32.682430000000004,32.77846,32.87834,32.98174,33.088550000000005,33.19833,33.31086,33.426030000000004,33.543400000000005,33.66286,33.78419,33.90706,34.03125,34.156650000000006,34.28304,34.410090000000004,34.537800000000004,34.66573,34.79388,34.92192,35.04985,35.17745000000001,35.304610000000004,35.431000000000004,35.55662,35.681250000000006,35.80489000000001,35.92732,36.048429999999996,36.16811,36.28625,36.40274000000001,36.51747,36.63044000000001,36.74143,36.85033000000001,36.95725,37.06197,37.16449,37.264590000000005,37.36238,37.457750000000004,37.55059,37.64079,37.728460000000005,37.81349,37.89577,37.975300000000004,38.051970000000004,38.12578,38.19673,38.26471,38.32983000000001,38.391870000000004,38.45083,38.506710000000005,38.55951,38.609120000000004,38.65554,38.69877,38.7387,38.77544,38.80888,38.838910000000006,38.86553,38.88885,38.90876,38.92515,38.93813,38.94748,38.95331000000001,38.95562,38.954299999999996,38.94935,38.94077,38.92845,38.91239,38.892480000000006,38.86894,38.841440000000006,38.81009,38.77489,38.735620000000004,38.6925,38.64531,38.59405000000001,38.538610000000006,38.4791,38.41541,38.34743,38.27516000000001,38.1986,38.11764,38.03228000000001,37.94241,37.84792000000001,37.748920000000005,37.64519000000001,37.536840000000005,37.42365000000001,37.305620000000005,37.18264,37.05471000000001,36.92172,36.78367000000001,36.64034,36.49184,36.337950000000006,36.178560000000004,36.013670000000005,35.84328000000001,35.667170000000006,35.48523000000001,35.29746,35.103640000000006,34.90388,34.69785,34.48555,34.266870000000004,34.04159,33.80982,33.57123000000001,33.32582,33.073370000000004,32.813770000000005,32.54702,32.27279,31.99097,31.701560000000004,31.404230000000002,31.09887,30.78537,30.46351,30.13318,29.79416,29.446230000000003,29.089170000000003,28.72298,28.34722,27.96189,27.566660000000002,27.161310000000004,26.745620000000002,26.319370000000003,25.88234,25.4342,24.97473,24.50371,24.02092,23.525920000000003,23.01838,22.4983,21.965020000000003,21.41843,20.8582,20.283890000000003,19.69517,19.091820000000002,18.473180000000003,17.839140000000004,17.18915,16.52288,15.839890000000002,15.13963,14.42188,13.686090000000002,12.93171,12.158520000000001,11.36586,10.553334000000001,9.720645000000001,8.867386000000002,7.993348000000001,7.098498,6.183199,5.248584,4.297524,3.3372240000000004,2.3883750000000004,1.526888,1.08559,1.5270530000000002,2.3891560000000003,3.339512,4.302573000000001,5.258022,6.198918,7.122698000000001,8.02846,8.916061000000001,9.785721,10.637836,11.472890000000001,12.291400000000001,13.093960000000003,13.881120000000001,14.653430000000002,15.411330000000003,16.15548,16.886210000000002,17.60407,18.3095,19.002940000000002,19.68483
35.41846,35.22101000000001,35.028620000000004,34.84129,34.65935,34.482910000000004,34.31219,34.14741,33.98868,33.836110000000005,33.69014000000001,33.55055,33.41778,33.291940000000004,33.173030000000004,33.06116,32.95666,32.85942,32.76966,32.687380000000005,32.61258,32.545370000000005,32.48586,32.43394,32.389610000000005,32.35298,32.32383,32.30216,32.28786,32.281040000000004,32.28137,32.288740000000004,32.30315,32.324380000000005,32.35221000000001,32.38653,32.42723,32.473980000000005,32.52656,32.58486,32.64855,32.71741,32.79133,32.86998,32.953140000000005,33.04048,33.131890000000006,33.22693,33.3256,33.42746,33.53229,33.63987,33.75009,33.86251,33.97702,34.0934,34.21132,34.330670000000005,34.45112,34.57267,34.694880000000005,34.817750000000004,34.94106000000001,35.06448,35.188010000000006,35.31143000000001,35.43463,35.557280000000006,35.67938,35.80071000000001,35.92127000000001,36.04073,36.159200000000006,36.27635,36.392179999999996,36.50647,36.61922,36.73032,36.83966,36.94713,37.052730000000004,37.156240000000004,37.25766000000001,37.35699,37.454010000000004,37.54872,37.64101,37.73099,37.81833,37.90325000000001,37.985420000000005,38.06506,38.14195000000001,38.21609,38.28748000000001,38.355900000000005,38.42157,38.48427,38.544000000000004,38.60076,38.65444,38.705040000000004,38.75256,38.796890000000005,38.83814,38.876090000000005,38.91096000000001,38.942420000000006,38.97058,38.99544,39.016890000000004,39.03504000000001,39.04967,39.06089000000001,39.06870000000001,39.072880000000005,39.07354,39.07068,39.064080000000004,39.053960000000004,39.0401,39.02250000000001,39.001270000000005,38.97619,38.94726,38.914480000000005,38.87785,38.83726000000001,38.79271000000001,38.74409,38.69151000000001,38.634750000000004,38.57392,38.50891,38.43961,38.366130000000005,38.28825,38.20597000000001,38.11929000000001,38.0281,37.93251,37.83219,37.727250000000005,37.617580000000004,37.50318000000001,37.38383,37.259640000000005,37.130500000000005,36.996300000000005,36.857040000000005,36.712500000000006,36.56279000000001,36.40758,36.24709000000001,36.08099,35.90939,35.73196000000001,35.54881000000001,35.35983,35.1648,34.96372,34.75648,34.542970000000004,34.323080000000004,34.096590000000006,33.8635,33.6237,33.37708000000001,33.123310000000004,32.862500000000004,32.59443,32.31888,32.03585,31.745120000000004,31.446470000000005,31.139790000000005,30.824970000000004,30.501790000000003,30.17014,29.829800000000002,29.48055,29.12217,28.754550000000002,28.377470000000002,27.990710000000004,27.594050000000003,27.187380000000005,26.770260000000004,26.34258,25.90401,25.45444,24.99354,24.52098,24.036650000000005,23.54011,23.03103,22.509300000000003,21.974480000000003,21.426240000000004,20.864250000000002,20.28818,19.6977,19.092370000000003,18.471860000000003,17.835840000000005,17.183760000000003,16.51518,15.829880000000001,15.127200000000002,14.4067,13.667940000000002,12.910370000000002,12.133550000000001,11.336820000000001,10.519696,9.681584,8.821868000000002,7.939921000000001,7.035083,6.106683,5.154017,4.176359000000001,3.172928,2.1429430000000003,1.08559,0.0,1.0856692000000001,2.1435700000000004,3.1749850000000004,4.181100000000001,5.1630590000000005,6.121929000000001,7.058711000000001,7.974351,8.869751,9.745736,10.603131000000001,11.44264,12.265110000000002,13.07108,13.861320000000001,14.636270000000001,15.396700000000001,16.143050000000002,16.875980000000002,17.59571,18.30301,18.998210000000004,19.68175
35.78399,35.59028,35.401520000000005,35.217710000000004,35.03929,34.866260000000004,34.698840000000004,34.53714,34.38149000000001,34.23189000000001,34.08845,33.95161,33.82115,33.6974,33.580470000000005,33.470470000000006,33.36751,33.2717,33.183040000000005,33.101530000000004,33.0275,32.960730000000005,32.90133,32.84919,32.80453,32.76724,32.737210000000005,32.714330000000004,32.69871,32.69024,32.688700000000004,32.69398,32.70597,32.72467,32.749750000000006,32.7811,32.8185,32.86184,32.910900000000005,32.96546,33.0253,33.0902,33.15994,33.234410000000004,33.31317000000001,33.396,33.4829,33.57332,33.667260000000006,33.764390000000006,33.86449,33.96734,34.072720000000004,34.18041,34.29008,34.40151,34.514700000000005,34.62921000000001,34.74504,34.86175,34.97934,35.097590000000004,35.216280000000005,35.335190000000004,35.45421,35.57323,35.69203,35.810390000000005,35.928200000000004,36.045460000000006,36.161840000000005,36.27734,36.39174,36.50504,36.617020000000004,36.72757,36.836690000000004,36.944160000000004,37.049980000000005,37.15404000000001,37.25623000000001,37.356440000000006,37.45467000000001,37.550700000000006,37.64464,37.736270000000005,37.825700000000005,37.91271,37.99719,38.07936000000001,38.15889000000001,38.23578,38.310030000000005,38.381640000000004,38.4505,38.51661,38.579860000000004,38.64014,38.69767,38.752120000000005,38.80371,38.852109999999996,38.897540000000006,38.939890000000005,38.97905,39.01513,39.04791,39.07761000000001,39.1039,39.12689,39.14669,39.16297,39.17595,39.18552,39.191570000000006,39.194100000000006,39.193220000000004,39.18871000000001,39.18068,39.168910000000004,39.153620000000004,39.13448,39.11171,39.0852,39.05484,39.02074,38.98268,38.94077,38.89479,38.84496000000001,38.79095,38.73298,38.67083,38.6045,38.53399,38.45919,38.3801,38.29661,38.20872,38.11632000000001,38.01941,37.91788,37.811840000000004,37.70096,37.585350000000005,37.4649,37.33961,37.20926,37.07385,36.93349,36.78774,36.63693000000001,36.48062,36.318920000000006,36.151720000000005,35.978910000000006,35.80049,35.616240000000005,35.42616,35.23003,35.02785,34.81951,34.6049,34.3838,34.15632,33.92213,33.68123,33.433510000000005,33.17875,32.91684,32.647670000000005,32.37113,32.087,31.795170000000002,31.495530000000002,31.18786,30.871940000000002,30.547770000000003,30.215130000000002,29.873690000000003,29.523450000000004,29.16419,28.795580000000005,28.417620000000003,28.029870000000003,27.632330000000003,27.224670000000003,26.806670000000004,26.378110000000003,25.93877,25.48843,25.026760000000003,24.55354,24.068440000000002,23.571130000000004,23.061500000000002,22.539220000000004,22.00385,21.455170000000003,20.892740000000003,20.316450000000003,19.725640000000002,19.120200000000004,18.499690000000005,17.86367,17.21181,16.543670000000002,15.85881,15.1569,14.437500000000002,13.699950000000001,12.94414,12.169300000000002,11.375210000000003,10.561430000000001,9.727465,8.873029,7.997902,7.102073000000001,6.185894000000001,5.250520000000001,4.298811000000001,3.337994,2.388771,1.5270530000000002,1.0856692000000001,1.5272070000000002,2.3895410000000004,3.340249,4.3038050000000005,5.259848,6.201437,7.125998000000001,8.032629,8.921176,9.791837,10.645019,11.481250000000001,12.300970000000001,13.10474,13.893110000000002,14.666630000000001,15.425850000000002,16.17132,16.903370000000002,17.622660000000003,18.329410000000003,19.02428,19.707710000000002
36.147650000000006,35.95757,35.772330000000004,35.59193,35.416810000000005,35.247080000000004,35.08274,34.92412,34.77122,34.624370000000006,34.48357,34.34904,34.220890000000004,34.099230000000006,33.984170000000006,33.875820000000004,33.7744,33.67969,33.592130000000004,33.511500000000005,33.43791,33.37147,33.312180000000005,33.260040000000004,33.21494,33.17699,33.146080000000005,33.1221,33.105160000000005,33.095040000000004,33.09163,33.094930000000005,33.10461,33.12078,33.14322,33.1716,33.206030000000005,33.24607,33.291720000000005,33.34276,33.398860000000006,33.45991,33.525690000000004,33.59587,33.67045,33.749100000000006,33.83149,33.91751,34.00694000000001,34.099560000000004,34.195040000000006,34.29327,34.39392,34.496880000000004,34.60193,34.708740000000006,34.81720000000001,34.9272,35.03830000000001,35.1505,35.26347,35.37721,35.49139,35.60579,35.72052,35.83514,35.94954,36.06372,36.177459999999996,36.29054,36.40296000000001,36.514500000000005,36.62494,36.734390000000005,36.84263,36.94955,37.055040000000005,37.15899,37.26129,37.361940000000004,37.46072,37.55774,37.65267000000001,37.74562,37.83648,37.925140000000006,38.0116,38.09564,38.17748,38.25679,38.33357,38.40793,38.47954000000001,38.54862,38.61506,38.67864,38.73958,38.79755,38.85277000000001,38.90502000000001,38.95441,39.00072,39.04406,39.084430000000005,39.121610000000004,39.155710000000006,39.186620000000005,39.21434,39.23876,39.25999,39.27792,39.292550000000006,39.30377,39.311690000000006,39.31609,39.317080000000004,39.31455,39.3085,39.29882,39.28562,39.26879,39.24833,39.22413,39.19608000000001,39.1644,39.128870000000006,39.08949,39.04615,38.998960000000004,38.9477,38.892480000000006,38.83319,38.769830000000006,38.702290000000005,38.63046000000001,38.55445,38.47415,38.389450000000004,38.30035,38.20685,38.10884,38.00621,37.89896,37.78698,37.67027,37.54872,37.42222,37.29088,37.15437,37.012910000000005,36.866170000000004,36.71426000000001,36.556960000000004,36.39416,36.22597,36.052170000000004,35.87265,35.68741000000001,35.496340000000004,35.299220000000005,35.096050000000005,34.88683,34.67123,34.44925,34.220780000000005,33.985710000000005,33.743930000000006,33.49522,33.239580000000004,32.97679,32.70674,32.42943,32.144420000000004,31.85182,31.55141,31.242970000000003,30.92639,30.601450000000003,30.268150000000002,29.926050000000004,29.575150000000004,29.215230000000002,28.846180000000004,28.467560000000002,28.079370000000004,27.68139,27.273400000000002,26.85507,26.426290000000005,25.986730000000005,25.536170000000002,25.07439,24.60117,24.116180000000004,23.619200000000003,23.109900000000003,22.587950000000003,22.053240000000002,21.50522,20.94378,20.36859,19.779100000000003,19.1752,18.55656,17.92274,17.2733,16.608130000000003,15.92679,15.228840000000002,14.513950000000001,13.782010000000001,13.032580000000001,12.26544,11.48048,10.677557000000002,9.856924,9.018933,8.164475000000001,7.295167,6.413979,5.526411,4.642957,3.7849570000000003,2.9989960000000004,2.3891560000000003,2.1435700000000004,2.3895410000000004,3.0001950000000006,3.78785,4.648754,5.536685000000001,6.430600000000001,7.320258,8.200445,9.068367,9.922616,10.762477,11.58773,12.398320000000002,13.19439,13.976270000000001,14.744180000000002,15.498670000000002,16.23996,16.968380000000003,17.68459,18.3887,19.08115,19.762380000000004
36.509660000000004,36.322880000000005,36.14094000000001,35.963950000000004,35.79202000000001,35.625260000000004,35.46389,35.308130000000006,35.15798,35.01366,34.87539,34.74306,34.617110000000004,34.49732,34.38402,34.27732,34.177220000000005,34.08372,33.997040000000005,33.91718,33.84414,33.77803,33.718740000000004,33.666380000000004,33.62095,33.58234,33.55055,33.52547,33.50721,33.49555,33.49038,33.49159,33.49918,33.512930000000004,33.53273,33.55836,33.58982,33.626780000000004,33.66913,33.71665,33.76912,33.82643,33.888360000000006,33.95469,34.0252,34.09967,34.17788,34.25961,34.344640000000005,34.432860000000005,34.523830000000004,34.61755,34.7138,34.81214000000001,34.91268,35.01498,35.118930000000006,35.22431,35.3309,35.438590000000005,35.547160000000005,35.65639000000001,35.76617,35.87639,35.986720000000005,36.09705,36.20738,36.31738,36.42705,36.53606,36.64452000000001,36.752100000000006,36.85880000000001,36.964510000000004,37.069010000000006,37.1723,37.27416,37.3747,37.47359,37.57083,37.66631,37.76003000000001,37.85188000000001,37.941750000000006,38.02953,38.11522,38.198710000000005,38.28,38.35887,38.435430000000004,38.50968,38.58129,38.65048,38.71703,38.78094000000001,38.84221000000001,38.90073,38.956390000000006,39.00941,39.05946,39.10665,39.150870000000005,39.19212,39.2304,39.2656,39.297720000000005,39.32676000000001,39.352610000000006,39.37527,39.394740000000006,39.41091,39.42378,39.433350000000004,39.439510000000006,39.442260000000005,39.44171,39.43753,39.42994,39.41883,39.404090000000004,39.385830000000006,39.36383,39.3382,39.30894,39.275830000000006,39.238870000000006,39.198170000000005,39.15351,39.105,39.052530000000004,38.996100000000006,38.93549,38.870920000000005,38.802170000000004,38.729130000000005,38.65202,38.570510000000006,38.48471000000001,38.394510000000004,38.2998,38.20069,38.09696,37.98861,37.87553,37.75783,37.635180000000005,37.5078,37.37536000000001,37.237970000000004,37.09541000000001,36.947680000000005,36.79478000000001,36.63649,36.47292000000001,36.303740000000005,36.12906,35.948660000000004,35.76254000000001,35.570479999999996,35.37259,35.16854,34.95844,34.742070000000005,34.51932,34.29008,34.05424000000001,33.811690000000006,33.56232,33.305910000000004,33.04246,32.771860000000004,32.49378,32.208330000000004,31.915180000000003,31.614110000000004,31.30523,30.988210000000002,30.662940000000003,30.32909,29.986770000000003,29.635650000000005,29.275510000000004,28.906240000000004,28.527510000000003,28.13932,27.74134,27.333460000000002,26.91535,26.486790000000003,26.047670000000004,25.597660000000005,25.136540000000004,24.66409,24.18009,23.6841,23.17612,22.655600000000003,22.12254,21.5765,21.01726,20.444490000000002,19.857860000000002,19.25726,18.642250000000004,18.012500000000003,17.367900000000002,16.70812,16.03294,15.342030000000001,14.635390000000001,13.9128,13.17426,12.419880000000003,11.64999,10.864920000000001,10.065704,9.253761,8.431412000000002,7.602353,6.772590000000001,5.952089000000001,5.1577020000000005,4.418766000000001,3.7859360000000004,3.339512,3.1749850000000004,3.340249,3.78785,4.422671,5.164808000000001,5.963925000000001,6.791015000000001,7.629446000000001,8.469538,9.305494000000001,10.133805,10.952315,11.759770000000001,12.555290000000001,13.338600000000001,14.10959,14.868040000000002,15.614280000000003,16.34831,17.070570000000004,17.78106,18.480330000000002,19.16838,19.845760000000002
36.86969,36.68621,36.50757,36.33366,36.1647,36.00091,35.842400000000005,35.689280000000004,35.54177,35.399980000000006,35.26391000000001,35.13378,35.00981,34.891890000000004,34.780240000000006,34.67497,34.576080000000005,34.483790000000006,34.39799000000001,34.31879,34.24619,34.1803,34.121010000000005,34.06854,34.022670000000005,33.9834,33.95073,33.92466,33.905080000000005,33.89188,33.88495,33.88429,33.889790000000005,33.90123,33.9185,33.94149,33.96998,34.00397,34.043130000000005,34.08724,34.136300000000006,34.190090000000005,34.24828,34.31076,34.37731,34.44782,34.52185000000001,34.59951,34.68036,34.76418,34.850970000000004,34.940290000000005,35.032030000000006,35.12608,35.22211,35.32001,35.41956,35.520540000000004,35.622730000000004,35.72613,35.8303,35.93524,36.04084,36.146660000000004,36.25281,36.35907,36.46533,36.57126,36.67686,36.78202,36.886520000000004,36.99036,37.093320000000006,37.19518,37.29616,37.39582000000001,37.49416,37.59118,37.686659999999996,37.7806,37.872890000000005,37.963420000000006,38.05208,38.138870000000004,38.22368000000001,38.306400000000004,38.38703,38.46546000000001,38.54158,38.6155,38.687000000000005,38.75608,38.822630000000004,38.88676,38.94814000000001,39.0071,39.0632,39.11666,39.16737,39.21533,39.26032000000001,39.30245000000001,39.34172,39.37791,39.41113,39.44138,39.46844000000001,39.49253,39.51332,39.53103,39.545440000000006,39.55655000000001,39.56447000000001,39.56898,39.570190000000004,39.56799,39.56227,39.553140000000006,39.5406,39.52443,39.504630000000006,39.48120000000001,39.45425,39.42345,39.38902,39.35085,39.30883000000001,39.26285,39.21313,39.15934000000001,39.1017,39.039880000000004,38.9741,38.904140000000005,38.830110000000005,38.75179000000001,38.66918,38.582280000000004,38.49098,38.39528000000001,38.29507,38.19024,38.0809,37.96694,37.84814000000001,37.72461,37.59613,37.462810000000005,37.32443000000001,37.18099,37.03238,36.878600000000006,36.71954,36.55498,36.38503000000001,36.20947000000001,36.0283,35.84141,35.64869,35.450030000000005,35.24532000000001,35.03445,34.817420000000006,34.594010000000004,34.364110000000004,34.127720000000004,33.884620000000005,33.6347,33.37785,33.113960000000006,32.84281,32.5644,32.278510000000004,31.985030000000005,31.683850000000003,31.374640000000003,31.057510000000004,30.732020000000002,30.39828,30.055850000000003,29.704840000000004,29.344810000000003,28.97576,28.59747,28.20961,27.81218,27.404960000000003,26.98751,26.55994,26.12181,25.672900000000002,25.2131,24.74219,24.259840000000004,23.76583,23.25994,22.74195,22.211640000000003,21.66857,21.112740000000002,20.543820000000004,19.96159,19.365720000000003,18.756210000000003,18.132620000000003,17.494840000000003,16.842760000000002,16.176270000000002,15.495370000000001,14.80006,14.09045,13.36687,12.629760000000001,11.87989,11.11858,10.347315000000002,9.568801,8.786778000000002,8.006878,7.237560000000001,6.491727000000001,5.789102,5.159506,4.645883,4.302573000000001,4.181100000000001,4.3038050000000005,4.648754,5.164808000000001,5.798001,6.505730000000001,7.258471,8.036754,8.82794,9.623790000000001,10.418848,11.209550000000002,11.99341,12.768910000000002,13.535060000000001,14.290980000000001,15.036560000000001,15.771360000000001,16.495490000000004,17.208840000000002,17.911520000000003,18.603640000000002,19.28553,19.957300000000004
37.22796,37.04767,36.87200000000001,36.701060000000005,36.535070000000005,36.374030000000005,36.218270000000004,36.06768,35.92259000000001,35.78311,35.649240000000006,35.52120000000001,35.3991,35.28294,35.172830000000005,35.06888,34.97131,34.8799,34.79487,34.716330000000006,34.64417,34.5785,34.51921,34.46652,34.420210000000004,34.38028,34.34684,34.31967,34.298880000000004,34.28414,34.275670000000005,34.273140000000005,34.27644,34.285680000000006,34.30053,34.32088,34.34673,34.37764000000001,34.413720000000005,34.454750000000004,34.500400000000006,34.550670000000004,34.60534,34.66408,34.726890000000004,34.793440000000004,34.863620000000004,34.93721,35.01399,35.093740000000004,35.17624,35.26138,35.34894,35.438700000000004,35.530440000000006,35.624050000000004,35.71931,35.816,35.913900000000005,36.01301,36.113,36.21376,36.315070000000006,36.41682,36.5189,36.62109,36.72328,36.825250000000004,36.92689,37.028200000000005,37.12896,37.22895,37.32817,37.42651,37.523860000000006,37.620000000000005,37.71493,37.80854000000001,37.90072,37.99136,38.08035,38.16769,38.25327,38.33709,38.418820000000004,38.49868000000001,38.57645,38.65202,38.725500000000004,38.796670000000006,38.86553,38.932080000000006,38.996100000000006,39.057700000000004,39.11677,39.17331,39.22710000000001,39.27836,39.32676000000001,39.37252,39.415420000000005,39.45546,39.49264,39.52696,39.55820000000001,39.58647,39.61177,39.633880000000005,39.65291,39.66886000000001,39.68151,39.69097000000001,39.69724,39.700100000000006,39.69977,39.69592000000001,39.688770000000005,39.6781,39.66402,39.646420000000006,39.62519,39.60044,39.57206000000001,39.53994,39.50419,39.46470000000001,39.42136000000001,39.37417,39.323130000000006,39.268240000000006,39.209390000000006,39.14647,39.079480000000004,39.00842000000001,38.93318,38.85376,38.770160000000004,38.68216,38.58987,38.49307,38.391870000000004,38.28616,38.175830000000005,38.060880000000004,37.9412,37.81668,37.68743,37.55323,37.413970000000006,37.269760000000005,37.120380000000004,36.965720000000005,36.80589,36.64056000000001,36.469840000000005,36.293620000000004,36.11179,35.924240000000005,35.73086,35.53154000000001,35.326280000000004,35.11486,34.89728,34.67343,34.443090000000005,34.20626,33.962720000000004,33.71247,33.455290000000005,33.19118,32.919810000000005,32.641180000000006,32.355180000000004,32.0617,31.760410000000004,31.45131,31.13418,30.80902,30.47539,30.1334,29.78272,29.423350000000003,29.054850000000002,28.67733,28.29035,27.89391,27.487680000000005,27.071550000000002,26.645300000000002,26.208820000000003,25.76178,25.30396,24.835250000000002,24.355320000000003,23.864060000000002,23.361250000000002,22.846670000000003,22.320100000000004,21.781320000000004,21.230110000000003,20.66625,20.089740000000003,19.50025,18.89767,18.281890000000004,17.65302,17.01084,16.35546,15.686990000000002,15.005870000000002,14.312320000000001,13.607110000000002,12.89101,12.165450000000002,11.43219,10.693749000000002,9.953658,9.216911,8.490504,7.784381000000001,7.1125560000000005,6.494598000000001,5.956907000000001,5.532648,5.258022,5.1630590000000005,5.259848,5.536685000000001,5.963925000000001,6.505730000000001,7.129265000000001,7.808427,8.523900000000001,9.261934000000002,10.012805000000002,10.769704,11.52778,12.28381,13.03522,13.78036,14.518020000000002,15.24754,15.968260000000003,16.67974,17.381980000000002,18.074650000000002,18.757970000000004,19.43172,20.09634
37.584360000000004,37.40704,37.23434,37.06626,36.903020000000005,36.744620000000005,36.59139,36.44333,36.30066,36.163270000000004,36.03149,35.90543,35.785090000000004,35.67047,35.5619,35.459270000000004,35.36269,35.272270000000006,35.188120000000005,35.11002,35.03830000000001,34.97274,34.913450000000005,34.86054000000001,34.813790000000004,34.7732,34.73888,34.71072,34.688610000000004,34.67255,34.66232,34.658030000000004,34.65946,34.66639000000001,34.67893,34.69686,34.71996,34.74812000000001,34.78123,34.81907,34.86153,34.908500000000004,34.95965,35.01487,35.07394,35.13686,35.20319,35.27282,35.34564,35.42132,35.49986,35.58093,35.66431,35.74989,35.83756,35.92699,36.01807,36.110580000000006,36.204299999999996,36.29923,36.39515,36.491730000000004,36.58897,36.68676,36.78477,36.883,36.981230000000004,37.079350000000005,37.17725,37.27471,37.37162000000001,37.467980000000004,37.56357,37.658390000000004,37.75211,37.844840000000005,37.93636,38.02656,38.11544,38.202890000000004,38.28869,38.37295,38.45545,38.53619,38.61506,38.69206,38.76697,38.83979000000001,38.91052,38.97905,39.04538000000001,39.10929,39.17089000000001,39.229960000000005,39.28672000000001,39.34084000000001,39.392430000000004,39.44138,39.48758,39.53114,39.57195,39.61001,39.6451,39.677440000000004,39.706700000000005,39.73310000000001,39.756530000000005,39.776880000000006,39.79415,39.80823000000001,39.819230000000005,39.827040000000004,39.83155000000001,39.83287000000001,39.830890000000004,39.825610000000005,39.81692,39.80471000000001,39.7892,39.77017,39.74751,39.72144,39.69163,39.6583,39.621230000000004,39.580420000000004,39.53587,39.48747,39.43522,39.37912,39.31906,39.25504,39.18695,39.114790000000006,39.038560000000004,38.95815,38.873450000000005,38.78446,38.69118,38.59339,38.491310000000006,38.38461,38.2734,38.15757,38.03701,37.91172000000001,37.78159,37.646510000000006,37.50659,37.361610000000006,37.21146,37.05614,36.895540000000004,36.72966,36.55839000000001,36.381510000000006,36.199020000000004,36.010920000000006,35.8171,35.617230000000006,35.411530000000006,35.199780000000004,34.98176,34.757580000000004,34.52691,34.289750000000005,34.0461,33.79563,33.538340000000005,33.27412,33.002750000000006,32.724230000000006,32.438340000000004,32.14486,31.843900000000005,31.535130000000002,31.218440000000005,30.893610000000002,30.560640000000003,30.219310000000004,29.869400000000002,29.510910000000003,29.143400000000003,28.766980000000004,28.381320000000002,27.986310000000003,27.581620000000004,27.167360000000002,26.743090000000002,26.308700000000005,25.86408,25.408900000000003,24.943050000000003,24.466420000000003,23.97868,23.479830000000003,22.969430000000003,22.44759,21.913980000000002,21.36849,20.811010000000003,20.24143,19.65975,19.06575,18.459540000000004,17.841120000000004,17.210710000000002,16.568530000000003,15.91491,15.25029,14.575440000000002,13.891350000000003,13.19923,12.50106,11.799040000000002,11.09636,10.397486000000002,9.708083000000002,9.035961000000002,8.391515000000002,7.788506000000001,7.244688000000001,6.781962000000001,6.425188,6.198918,6.121929000000001,6.201437,6.430600000000001,6.791015000000001,7.258471,7.808427,8.41929,9.073559000000001,9.757737,10.461638,11.177650000000002,11.900240000000002,12.62514,13.349490000000001,14.070760000000002,14.78752,15.49834,16.202560000000002,16.8993,17.588340000000002,18.26924,18.94189,19.60607,20.26189
37.93889,37.764430000000004,37.594480000000004,37.42915,37.26855,37.112790000000004,36.96198,36.816340000000004,36.675760000000004,36.54057,36.41077000000001,36.28647,36.16778000000001,36.05481,35.94756,35.846140000000005,35.75066,35.661010000000005,35.57752000000001,35.499970000000005,35.428470000000004,35.363130000000005,35.30384,35.250600000000006,35.203410000000005,35.16227,35.12707,35.09792,35.074600000000004,35.05711,35.04534,35.03929,35.038740000000004,35.043580000000006,35.053810000000006,35.069320000000005,35.089780000000005,35.1153,35.14555000000001,35.18042,35.219800000000006,35.26347,35.31121,35.363020000000006,35.41857,35.47775,35.54045,35.60634,35.67531,35.74714,35.82172,35.89872,35.97825000000001,36.05976,36.14336,36.22872,36.31573,36.40417000000001,36.49393,36.58479,36.67664,36.76926,36.86254,36.95637,37.05053,37.144800000000004,37.239180000000005,37.333450000000006,37.42761000000001,37.521330000000006,37.61461,37.70734000000001,37.79941000000001,37.8906,37.98091000000001,38.07023,38.15834,38.24535000000001,38.33093,38.41519,38.497910000000005,38.57909,38.65862,38.73639,38.812400000000004,38.886430000000004,38.95859,39.02866000000001,39.09675,39.16264,39.226330000000004,39.28771,39.34689,39.40354,39.45788,39.509690000000006,39.55897,39.605720000000005,39.64983,39.691190000000006,39.729910000000004,39.76588,39.79899,39.829350000000005,39.85674000000001,39.88127,39.90283,39.92131,39.93682,39.949250000000006,39.95849,39.96465,39.967620000000004,39.967290000000006,39.963770000000004,39.956950000000006,39.94672,39.933080000000004,39.91614,39.89568,39.871700000000004,39.84420000000001,39.81318000000001,39.778420000000004,39.740140000000004,39.69812,39.65225,39.60275,39.54929,39.49209,39.430930000000004,39.36581,39.296620000000004,39.22347,39.14614,39.06463,38.97905,38.889070000000004,38.7948,38.69624000000001,38.59317,38.48570000000001,38.373610000000006,38.25690000000001,38.13557,38.00951,37.87861,37.74287,37.602180000000004,37.456540000000004,37.30573,37.14986,36.988710000000005,36.822280000000006,36.65035,36.47303,36.2901,36.101560000000006,35.907300000000006,35.70721,35.50107,35.288990000000005,35.070750000000004,34.84635,34.61557,34.37841,34.13454,33.88418,33.62689,33.36278,33.09163,32.81333,32.527770000000004,32.234730000000006,31.93421,31.625990000000005,31.309960000000004,30.986010000000004,30.653920000000003,30.31358,29.96477,29.607380000000003,29.241410000000005,28.86642,28.48252,28.08927,27.686780000000002,27.274720000000002,26.852870000000003,26.421230000000005,25.979580000000002,25.527700000000003,25.06548,24.5927,24.109360000000002,23.61513,23.109900000000003,22.593670000000003,22.06622,21.52755,20.97744,20.41611,19.84334,19.259240000000002,18.664030000000004,18.05771,17.440830000000002,16.8135,16.17649,15.53035,14.876290000000001,14.21541,13.549470000000001,12.88067,12.21176,11.546590000000002,10.889791,10.247677000000001,9.628201,9.041516,8.500316000000002,8.019968,7.618094,7.313295000000001,7.122698000000001,7.058711000000001,7.125998000000001,7.320258,7.629446000000001,8.036754,8.523900000000001,9.073559000000001,9.670639,10.302677000000001,10.95974,11.63404,12.319560000000001,13.01168,13.70677,14.402190000000001,15.09585,15.786100000000003,16.47184,17.15208,17.82616,18.493640000000003,19.154080000000004,19.80726,20.45307
38.29155,38.11995,37.95264,37.789950000000005,37.63188,37.47854,37.330040000000004,37.1866,37.04811000000001,36.9149,36.786970000000004,36.66443,36.54728000000001,36.43574,36.32981,36.22949,36.135000000000005,36.04623,35.96329,35.88629,35.81501,35.74978,35.690380000000005,35.636810000000004,35.589290000000005,35.54749,35.511520000000004,35.48127,35.45674,35.43793,35.424620000000004,35.416810000000005,35.41439,35.41736,35.42539000000001,35.438480000000006,35.45652,35.479290000000006,35.50679,35.53869,35.575100000000006,35.61558,35.66013,35.70864,35.760780000000004,35.81644000000001,35.875510000000006,35.93777,36.003,36.07109,36.14182,36.21508000000001,36.29065000000001,36.36831,36.447950000000006,36.52935,36.6124,36.69699000000001,36.78279,36.86969,36.95758,37.046350000000004,37.135780000000004,37.22565000000001,37.315960000000004,37.40649,37.49713,37.58766000000001,37.67808,37.76817,37.85793,37.947030000000005,38.03558000000001,38.123360000000005,38.210260000000005,38.296170000000004,38.38109,38.464800000000004,38.54719000000001,38.628260000000004,38.7079,38.78611000000001,38.86256,38.937470000000005,39.01062,39.081790000000005,39.1512,39.218630000000005,39.283970000000004,39.34733,39.40849,39.46734,39.523990000000005,39.57833,39.630250000000004,39.679860000000005,39.72683,39.77138,39.81329,39.852560000000004,39.889190000000006,39.92318,39.95431,39.982690000000005,40.00821,40.03087,40.05056,40.067280000000004,40.081030000000005,40.0917,40.0994,40.103910000000006,40.10523,40.10336,40.09830000000001,40.089940000000006,40.07817,40.063210000000005,40.04473,40.02295000000001,39.99765,39.96883,39.936490000000006,39.90052000000001,39.86092000000001,39.81769,39.770720000000004,39.72001,39.66545,39.607040000000005,39.54478000000001,39.47867,39.40849,39.33424000000001,39.25592,39.17353,39.086960000000005,38.996100000000006,38.90095,38.80151,38.69767,38.58932000000001,38.47646,38.35898,38.236990000000006,38.11016000000001,37.97860000000001,37.842200000000005,37.70096,37.554660000000005,37.4033,37.24688,37.08529000000001,36.918310000000005,36.746050000000004,36.56829,36.38503000000001,36.196160000000006,36.00157000000001,35.80115000000001,35.5949,35.38271,35.16436,34.939960000000006,34.70918,34.47202,34.22826,33.978010000000005,33.721050000000005,33.45727,33.18645,32.908590000000004,32.623580000000004,32.3312,32.03145,31.724110000000003,31.40896,31.086000000000006,30.75512,30.41599,30.068610000000003,29.712870000000002,29.34855,28.975540000000002,28.59373,28.20279,27.802720000000004,27.39341,26.974640000000004,26.546190000000003,26.108060000000002,25.660140000000002,25.202100000000005,24.73394,24.25544,23.766710000000003,23.26742,22.757680000000004,22.23727,21.706300000000002,21.16477,20.61257,20.04992,19.47704,18.893930000000005,18.30114,17.699,17.088060000000002,16.46909,15.84308,15.211240000000002,14.57511,13.936670000000001,13.29845,12.663640000000001,12.036090000000002,11.42108,10.824704,10.254827000000002,9.72092,9.234269000000001,8.807821000000002,8.455645,8.191744000000002,8.02846,7.974351,8.032629,8.200445,8.469538,8.82794,9.261934000000002,9.757737,10.302677000000001,10.885710000000001,11.49753,12.13058,12.778810000000002,13.437270000000002,14.102110000000001,14.770360000000002,15.439490000000001,16.10774,16.77346,17.43577,18.09357,18.7462,19.39311,20.034080000000003,20.668670000000002
38.64234,38.473380000000006,38.30871,38.14844,37.99279,37.84176000000001,37.695570000000004,37.55422,37.41782,37.286480000000005,37.16031,37.03931,36.923700000000004,36.813480000000006,36.708760000000005,36.60954,36.515930000000004,36.42793,36.34554000000001,36.268980000000006,36.19803,36.1328,36.07329000000001,36.0195,35.971430000000005,35.92897000000001,35.892230000000005,35.86099000000001,35.83536,35.81523000000001,35.800380000000004,35.79092,35.78674,35.787620000000004,35.79345,35.80434,35.81996,35.8402,35.86495000000001,35.8941,35.92754,35.965050000000005,36.00652,36.05173,36.100570000000005,36.152820000000006,36.20837,36.26711,36.32882000000001,36.39317,36.46027,36.529790000000006,36.60151,36.67543,36.75122,36.828880000000005,36.90808,36.988710000000005,37.07077,37.15382,37.237970000000004,37.32289000000001,37.40847,37.4946,37.58117000000001,37.66796,37.75486000000001,37.84187,37.92866000000001,38.01523,38.10136,38.18705,38.27208,38.35645,38.44005000000001,38.52266,38.60428,38.6848,38.76411,38.8421,38.91877,38.993900000000004,39.06749000000001,39.139430000000004,39.209720000000004,39.27825000000001,39.344800000000006,39.40959000000001,39.4724,39.533120000000004,39.591640000000005,39.64818,39.70241,39.75433000000001,39.803940000000004,39.851240000000004,39.896010000000004,39.93836,39.97807,40.01536,40.0499,40.08180000000001,40.11106,40.137460000000004,40.16111000000001,40.181900000000006,40.19983,40.21479000000001,40.226780000000005,40.235800000000005,40.24174,40.2446,40.24438,40.240970000000004,40.234370000000006,40.22458,40.21138,40.194990000000004,40.17519,40.15198000000001,40.12536000000001,40.095220000000005,40.06156000000001,40.02438000000001,39.98357000000001,39.939130000000006,39.89106,39.83914,39.783590000000004,39.72408,39.660830000000004,39.59362,39.52245,39.44732,39.36801,39.284740000000006,39.19718,39.10555,39.00952,38.909310000000005,38.80459,38.69558,38.581950000000006,38.46381,38.34116000000001,38.21367,38.08156,37.944610000000004,37.802710000000005,37.65597,37.50417000000001,37.3472,37.18517,37.017860000000006,36.84527,36.66718,36.483700000000006,36.294610000000006,36.09991,35.89938000000001,35.693130000000004,35.480830000000005,35.26259,35.03819000000001,34.807520000000004,34.57058000000001,34.32726,34.07734,33.82071,33.55737,33.28721,33.01001,32.725770000000004,32.434270000000005,32.135400000000004,31.829160000000005,31.515220000000003,31.193580000000004,30.864130000000003,30.526650000000004,30.181030000000003,29.827160000000003,29.464930000000003,29.094230000000003,28.71484,28.32665,27.929550000000003,27.52343,27.10807,26.683360000000004,26.2493,25.805780000000002,25.35247,24.889590000000002,24.41681,23.93413,23.441550000000003,22.93896,22.426470000000002,21.904080000000004,21.37179,20.82982,20.278280000000002,19.7175,19.14781,18.56954,17.98335,17.3899,16.79018,16.1854,15.576770000000002,14.966270000000002,14.356100000000001,13.748900000000003,13.14808,12.557710000000002,11.98296,11.429990000000002,10.905939000000002,10.419574000000003,9.980674,9.600019000000001,9.288829000000002,9.057807,8.916061000000001,8.869751,8.921176,9.068367,9.305494000000001,9.623790000000001,10.012805000000002,10.461638,10.95974,11.49753,12.06667,12.660010000000002,13.271500000000001,13.896410000000001,14.53067,15.170980000000002,15.814700000000002,16.45985,17.104670000000002,17.74784,18.388150000000003,19.02494,19.65744,20.28499,20.90737
38.99137,38.824940000000005,38.662690000000005,38.50484,38.35150000000001,38.202670000000005,38.05857,37.919200000000004,37.78467,37.6552,37.530680000000004,37.41133000000001,37.29715,37.188140000000004,37.084520000000005,36.9864,36.89356,36.80622,36.724380000000004,36.64815,36.577420000000004,36.512190000000004,36.45257,36.39856,36.349940000000004,36.30693000000001,36.26931,36.237190000000005,36.210350000000005,36.188900000000004,36.17273000000001,36.161620000000006,36.15557,36.15458,36.15843,36.167010000000005,36.18032,36.19803,36.22025000000001,36.24676,36.27734,36.31188000000001,36.35027,36.39240000000001,36.438050000000004,36.487,36.53925,36.59447,36.652660000000004,36.7136,36.77707,36.84285,36.91105,36.981230000000004,37.05339,37.12720000000001,37.20266,37.27966,37.357870000000005,37.437180000000005,37.517590000000006,37.59877,37.68072000000001,37.763110000000005,37.846050000000005,37.92921,38.01259,38.09597,38.17924,38.26229000000001,38.34501,38.427290000000006,38.50891,38.589980000000004,38.670280000000005,38.7497,38.82813,38.905460000000005,38.98169,39.0566,39.13019,39.20246,39.27319,39.342270000000006,39.4097,39.475480000000005,39.539500000000004,39.60154,39.66171000000001,39.7199,39.775999999999996,39.83001,39.881820000000005,39.93143,39.978840000000005,40.023830000000004,40.0664,40.106550000000006,40.14417,40.17937,40.21193,40.24185000000001,40.269130000000004,40.29366,40.31544,40.334360000000004,40.35053,40.363730000000004,40.37407,40.38133,40.38573,40.38694,40.385180000000005,40.380230000000005,40.37209000000001,40.36087,40.34624000000001,40.32842,40.307300000000005,40.28277,40.254830000000005,40.22337,40.1885,40.150110000000005,40.108200000000004,40.06255,40.01338,39.96036,39.903710000000004,39.843210000000006,39.77897,39.710770000000004,39.63861,39.562490000000004,39.48241,39.39815,39.30982,39.21731,39.12062,39.01953,38.91415000000001,38.80437,38.69019,38.57139000000001,38.448080000000004,38.32004,38.187380000000005,38.04988,37.907650000000004,37.76036,37.608230000000006,37.45093000000001,37.28857,37.12093,36.94812,36.76992,36.58622,36.397020000000005,36.20221,36.00179000000001,35.79554000000001,35.58335,35.36522,35.14115,34.910810000000005,34.6742,34.43121000000001,34.18184,33.92587,33.66330000000001,33.393910000000005,33.11759,32.834230000000005,32.54383,32.24617,31.941250000000004,31.62874,31.30864,30.980950000000004,30.645340000000004,30.301810000000003,29.95014,29.590440000000005,29.22227,28.845740000000003,28.460630000000002,28.066830000000003,27.664340000000003,27.252830000000003,26.832410000000003,26.402970000000003,25.964290000000002,25.516370000000002,25.05921,24.5927,24.11673,23.631520000000002,23.136850000000003,22.633050000000004,22.119900000000005,21.597730000000002,21.06676,20.527210000000004,19.97941,19.423800000000004,18.861040000000003,18.29168,17.716600000000003,17.13701,16.55401,15.969360000000002,15.38493,14.803030000000001,14.226740000000001,13.659250000000002,13.104850000000003,12.56849,12.05589,11.57376,11.13002,10.732766,10.391172000000001,10.114159,9.910054,9.785721,9.745736,9.791837,9.922616,10.133805,10.418848,10.769704,11.177650000000002,11.63404,12.13058,12.660010000000002,13.21551,13.791690000000001,14.38371,14.9875,15.599870000000001,16.217850000000002,16.839460000000003,17.46261,18.085870000000003,18.70803,19.327990000000003,19.945090000000004,20.55856,21.16796
39.338530000000006,39.17452,39.01469,38.85915000000001,38.7079,38.56127000000001,38.41915,38.28165,38.148990000000005,38.021170000000005,37.898300000000006,37.78038,37.66752,37.559830000000005,37.4572,37.35996,37.26789,37.18121,37.099920000000004,37.02402000000001,36.9534,36.88828,36.82844000000001,36.7741,36.72504000000001,36.68137,36.64298,36.60987,36.58204,36.559270000000005,36.541560000000004,36.52891,36.521209999999996,36.518350000000005,36.52022000000001,36.52660000000001,36.537600000000005,36.553,36.57269,36.59656,36.62439,36.65607000000001,36.69160000000001,36.730650000000004,36.77311000000001,36.81898,36.86793,36.919850000000004,36.974630000000005,37.03216,37.092110000000005,37.15448000000001,37.21905000000001,37.2856,37.354130000000005,37.42442,37.49625,37.56951,37.64409,37.71988,37.79655,37.874210000000005,37.952420000000004,38.031290000000006,38.110600000000005,38.19024,38.2701,38.34996,38.42982,38.50935,38.588770000000004,38.667640000000006,38.74607,38.823840000000004,38.90084000000001,38.977070000000005,39.052420000000005,39.12667,39.19982,39.27176,39.342490000000005,39.41179,39.47955,39.545880000000004,39.610670000000006,39.673700000000004,39.734970000000004,39.79448,39.85212,39.90778,39.96146,40.01305000000001,40.06255,40.10974,40.15484,40.197630000000004,40.238,40.27606000000001,40.31159,40.3447,40.375280000000004,40.403220000000005,40.428520000000006,40.45118000000001,40.471090000000004,40.48825,40.50266,40.514210000000006,40.52279000000001,40.52851,40.531150000000004,40.530930000000005,40.52752000000001,40.52114,40.51157,40.498810000000006,40.48286,40.46361,40.44106000000001,40.41532,40.38606,40.353390000000005,40.31731,40.277710000000006,40.234590000000004,40.18795000000001,40.137570000000004,40.08356,40.02581,39.96443,39.89909000000001,39.83001,39.75697,39.67997,39.59901,39.513980000000004,39.42488,39.3316,39.23403,39.13239,39.02635,38.915910000000004,38.80107,38.68172,38.55786,38.42938,38.296170000000004,38.15823,38.01556000000001,37.868050000000004,37.71548,37.55796,37.39538,37.227630000000005,37.0546,36.87629,36.69259000000001,36.50339,36.308690000000006,36.10827,35.90224,35.690270000000005,35.47247000000001,35.24873,35.01883,34.78277,34.540440000000004,34.29173,34.03653,33.774730000000005,33.506330000000005,33.23111,32.94896000000001,32.65988,32.36365000000001,32.06016,31.74941,31.43118,31.10536,30.77195,30.430730000000004,30.081700000000005,29.724640000000004,29.359440000000003,28.9861,28.604510000000005,28.214450000000003,27.815920000000002,27.408810000000003,26.993010000000005,26.56852,26.135340000000003,25.693250000000003,25.242360000000005,24.78267,24.31407,23.83667,23.35058,22.85591,22.35288,21.84149,21.322180000000003,20.79528,20.26123,19.720470000000002,19.173770000000005,18.62179,18.06574,17.506610000000002,16.94594,16.38538,15.827020000000001,15.273390000000001,14.72713,14.191980000000001,13.6719,13.17162,12.69642,12.252460000000001,11.846560000000002,11.48576,11.177650000000002,10.929512,10.747792000000002,10.637836,10.603131000000001,10.645019,10.762477,10.952315,11.209550000000002,11.52778,11.900240000000002,12.319560000000001,12.778810000000002,13.271500000000001,13.791690000000001,14.334210000000002,14.894440000000001,15.468530000000001,16.05318,16.64553,17.243270000000003,17.844420000000003,18.44744,19.05079,19.653480000000002,20.254520000000003,20.85314,21.448900000000002
39.683820000000004,39.52212000000001,39.3646,39.21126,39.06210000000001,38.91745,38.77731,38.64168,38.510780000000004,38.38450000000001,38.26306,38.146570000000004,38.035030000000006,37.92844000000001,37.826910000000005,37.73044000000001,37.63914,37.55301,37.47216000000001,37.396480000000004,37.326080000000005,37.260850000000005,37.201010000000004,37.14623,37.09673,37.052510000000005,37.01335,36.97925,36.950320000000005,36.92634,36.9072,36.89312,36.883660000000006,36.878930000000004,36.878820000000005,36.88322,36.89202000000001,36.90511,36.922380000000004,36.94361,36.9688,36.997840000000004,37.03040000000001,37.066590000000005,37.10608,37.14876,37.194520000000004,37.24325,37.29484000000001,37.348960000000005,37.4055,37.46446,37.525619999999996,37.58876,37.65377,37.72043,37.788740000000004,37.85848000000001,37.92954,38.0017,38.074960000000004,38.148990000000005,38.22368000000001,38.29903000000001,38.37493,38.45105,38.527390000000004,38.60395,38.68029,38.75663,38.832640000000005,38.908210000000004,38.983340000000005,39.05792,39.13184,39.20488,39.27715,39.34832,39.4185,39.48758,39.55534000000001,39.62178,39.68679,39.750370000000004,39.81241000000001,39.8728,39.93143,39.98841,40.04352,40.096650000000004,40.14791,40.19708,40.24427000000001,40.289260000000006,40.33205,40.37264,40.41081,40.44678,40.48033,40.51135,40.539950000000005,40.56591000000001,40.58934,40.610130000000005,40.628280000000004,40.64368,40.656220000000005,40.66601,40.673049999999996,40.67712,40.67822000000001,40.67635,40.671510000000005,40.663590000000006,40.652590000000004,40.638400000000004,40.62102,40.60045,40.576690000000006,40.54952,40.51905000000001,40.48528,40.44799,40.407180000000004,40.36296000000001,40.315220000000004,40.263740000000006,40.208740000000006,40.150000000000006,40.087630000000004,40.02141,39.95134,39.87742000000001,39.79965,39.71781000000001,39.63201,39.54214,39.44820000000001,39.349970000000006,39.24767,39.14097,39.02998,38.914590000000004,38.79469,38.67039,38.541470000000004,38.40793,38.26966,38.12666000000001,37.978820000000006,37.82603000000001,37.66829,37.5056,37.33774,37.16460000000001,36.986290000000004,36.8027,36.61361,36.41913,36.21893,36.01312,35.801590000000004,35.584230000000005,35.360929999999996,35.13169,34.89629,34.65473,34.40679,34.15258,33.89188,33.62458,33.350570000000005,33.06985,32.7822,32.48762,32.18589,31.877010000000002,31.560980000000004,31.237470000000002,30.906370000000003,30.567900000000005,30.22162,29.86764,29.505740000000003,29.135920000000002,28.75807,28.37208,27.977950000000003,27.575460000000003,27.164830000000002,26.74584,26.31838,25.88267,25.438490000000005,24.986060000000002,24.525270000000003,24.05645,23.579380000000004,23.094500000000004,22.601920000000003,22.10197,21.59487,21.08117,20.561310000000002,20.035950000000003,19.505750000000003,18.97181,18.435010000000002,17.89667,17.358330000000002,16.82186,16.289240000000003,15.763110000000001,15.246220000000003,14.741980000000002,14.254240000000001,13.787510000000001,13.34674,12.937320000000001,12.565080000000002,12.236400000000001,11.957220000000001,11.733590000000001,11.57079,11.472890000000001,11.44264,11.481250000000001,11.58773,11.759770000000001,11.99341,12.28381,12.62514,13.01168,13.437270000000002,13.896410000000001,14.38371,14.894440000000001,15.424420000000001,15.969800000000003,16.52739,17.094330000000003,17.66842,18.24757,18.830020000000005,19.414340000000003,19.99932,20.583970000000004,21.1673,21.74876
40.027350000000006,39.86785,39.71253,39.561170000000004,39.414210000000004,39.27143000000001,39.133050000000004,38.99918,38.869930000000004,38.74519000000001,38.62529000000001,38.51001,38.399570000000004,38.29408000000001,38.193540000000006,38.097950000000004,38.007310000000004,37.921730000000004,37.841210000000004,37.76586,37.695570000000004,37.630340000000004,37.570170000000005,37.515170000000005,37.465230000000005,37.42024,37.38031000000001,37.345330000000004,37.31530000000001,37.290110000000006,37.269760000000005,37.25403,37.243030000000005,37.23654,37.23456000000001,37.23698,37.24358,37.254360000000005,37.26932,37.28813,37.31068,37.33697000000001,37.366890000000005,37.400110000000005,37.43674,37.47645,37.519130000000004,37.56478,37.61307,37.66400000000001,37.71735,37.7729,37.830650000000006,37.89049000000001,37.952090000000005,38.01534,38.08024,38.146570000000004,38.21411,38.28286,38.3526,38.42311000000001,38.4945,38.56644000000001,38.63882,38.71164,38.78457,38.85772000000001,38.93076,39.0038,39.07651,39.14900000000001,39.220940000000006,39.29233000000001,39.363170000000004,39.433130000000006,39.502320000000005,39.57063000000001,39.637840000000004,39.70395,39.76885000000001,39.83243,39.894800000000004,39.955630000000006,40.014920000000004,40.07267,40.12877,40.183220000000006,40.235800000000005,40.28651,40.335350000000005,40.38221000000001,40.42709,40.469770000000004,40.51036,40.54875,40.584830000000004,40.61871,40.65017,40.67921,40.70583,40.72992000000001,40.75148,40.7704,40.78679,40.80043,40.81132,40.81946000000001,40.82474,40.827160000000006,40.82672,40.82331,40.817040000000006,40.80758,40.79515000000001,40.77964000000001,40.760940000000005,40.73905,40.71397,40.685590000000005,40.65391,40.61882000000001,40.58043000000001,40.538520000000005,40.4932,40.44436,40.392,40.3359,40.27628000000001,40.212920000000004,40.14582000000001,40.074870000000004,40.00018,39.92153,39.83892,39.75246,39.66182,39.56722,39.46844000000001,39.365480000000005,39.258230000000005,39.14669,39.030860000000004,38.91052,38.78578,38.656420000000004,38.52255,38.38406,38.24073,38.092670000000005,37.93977,37.78203,37.61912,37.45126,37.27834000000001,37.10014,36.91666000000001,36.727790000000006,36.53353,36.33377000000001,36.128400000000006,35.91731,35.7005,35.47786000000001,35.249280000000006,35.01465,34.773970000000006,34.52713000000001,34.27402,34.01453,33.74844,33.475970000000004,33.19679,32.910790000000006,32.61808,32.31833,32.01165,31.69782,31.37684,31.04849,30.712880000000002,30.369680000000002,30.019000000000002,29.660730000000004,29.29465,28.92098,28.539390000000004,28.149990000000003,27.752670000000002,27.347430000000003,26.934160000000006,26.513080000000002,26.084080000000004,25.647050000000004,25.202320000000004,24.74989,24.289870000000004,23.822370000000003,23.347720000000002,22.866140000000005,22.37796,21.883620000000004,21.38345,20.878220000000002,20.36859,19.855330000000002,19.33943,18.822100000000002,18.304550000000003,17.78843,17.27572,16.76829,16.26878,15.779940000000002,15.305180000000002,14.847910000000002,14.412420000000001,14.003110000000001,13.624820000000001,13.282720000000001,12.982090000000001,12.72821,12.525700000000002,12.37907,12.291400000000001,12.265110000000002,12.300970000000001,12.398320000000002,12.555290000000001,12.768910000000002,13.03522,13.349490000000001,13.70677,14.102110000000001,14.53067,14.9875,15.468530000000001,15.969800000000003,16.48768,17.019090000000002,17.561390000000003,18.11216,18.669420000000002,19.23141,19.796590000000002,20.36364,20.93157,21.49928,22.06622
40.36901,40.211710000000004,40.05848,39.90921000000001,39.76401,39.6231,39.48659000000001,39.35437,39.22655,39.10335,38.984770000000005,38.87070000000001,38.76147,38.65697,38.5572,38.46238,38.372400000000006,38.28737,38.20718000000001,38.13205000000001,38.061870000000006,37.99653,37.93625,37.880810000000004,37.83043000000001,37.784890000000004,37.74419,37.70833,37.677200000000006,37.650800000000004,37.62913,37.61197000000001,37.59932,37.59118,37.58733,37.58777,37.59239,37.60097,37.613510000000005,37.629900000000006,37.65003,37.673790000000004,37.70096,37.73154,37.76520000000001,37.80205,37.84187,37.884330000000006,37.92965,37.97739000000001,38.027550000000005,38.07991,38.13436,38.190900000000006,38.2492,38.30915000000001,38.37064,38.43356,38.4978,38.563140000000004,38.629470000000005,38.69668000000001,38.764660000000006,38.8333,38.90238,38.97179,39.04153,39.111380000000004,39.181230000000006,39.25097,39.320600000000006,39.389790000000005,39.45865,39.52696,39.59472,39.66171000000001,39.72793000000001,39.79327,39.857620000000004,39.92087,39.982910000000004,40.043850000000006,40.10336,40.161550000000005,40.21831,40.27342,40.32699,40.378910000000005,40.42907,40.477360000000004,40.52378,40.56833,40.6109,40.65138000000001,40.68977,40.72607,40.76006,40.791850000000004,40.82133,40.84839,40.87303,40.895250000000004,40.91494,40.9321,40.94662000000001,40.9585,40.967740000000006,40.97423,40.97786000000001,40.97874,40.976760000000006,40.971920000000004,40.96411,40.95322000000001,40.93936,40.92253,40.90251000000001,40.8793,40.852900000000005,40.82331,40.790420000000005,40.75423000000001,40.71474,40.671730000000004,40.62531,40.575480000000006,40.522020000000005,40.46504,40.404540000000004,40.34019,40.27221,40.20049000000001,40.12503,40.04561,39.962340000000005,39.87511000000001,39.78392,39.68866,39.589220000000005,39.48571,39.37802000000001,39.26604,39.149660000000004,39.02899,38.90392,38.77434,38.64014,38.501430000000006,38.35799,38.20982,38.05681,37.89896,37.73616,37.56841000000001,37.39549,37.217510000000004,37.03425,36.84582,36.65189,36.45257,36.24775,36.03732000000001,35.82117,35.5993,35.3716,35.13796,34.89838,34.652640000000005,34.40074,34.14257,33.87802000000001,33.60709,33.32967000000001,33.04565,32.754920000000006,32.457480000000004,32.153110000000005,31.841810000000002,31.52347,31.19809,30.865560000000002,30.52577,30.178720000000002,29.82419,29.462400000000002,29.093020000000003,28.716160000000002,28.33182,27.939890000000002,27.540370000000003,27.13337,26.718890000000002,26.296930000000003,25.86749,25.4309,24.98705,24.536270000000005,24.078780000000002,23.614690000000003,23.144440000000003,22.668470000000003,22.187110000000004,21.700910000000004,21.21064,20.71685,20.220640000000003,19.722890000000003,19.22492,18.728050000000003,18.23382,17.744210000000002,17.26131,16.78743,16.32543,15.878390000000001,15.449610000000002,15.042940000000002,14.66234,14.312320000000001,13.997170000000002,13.721400000000001,13.48952,13.30549,13.17272,13.093960000000003,13.07108,13.10474,13.19439,13.338600000000001,13.535060000000001,13.78036,14.070760000000002,14.402190000000001,14.770360000000002,15.170980000000002,15.599870000000001,16.05318,16.52739,17.019090000000002,17.52542,18.043850000000003,18.571960000000004,19.107770000000002,19.64941,20.19556,20.74468,21.29567,21.84776,22.39985
40.70902,40.5537,40.40245,40.255050000000004,40.111720000000005,39.972680000000004,39.83771,39.70703,39.58086,39.458980000000004,39.34161,39.22886,39.12062,39.017,38.91811,38.82406,38.73463,38.650040000000004,38.57018,38.495160000000006,38.425090000000004,38.359750000000005,38.29914,38.243480000000005,38.192550000000004,38.146350000000005,38.10488,38.06814,38.03602000000001,38.008410000000005,37.985420000000005,37.96694,37.95275,37.94285,37.93724,37.935810000000004,37.938340000000004,37.94483,37.95528000000001,37.96936,37.98696,38.008190000000006,38.032830000000004,38.060660000000006,38.091680000000004,38.12567000000001,38.16252,38.20212,38.24436000000001,38.28902,38.3361,38.385380000000005,38.43675,38.489990000000006,38.544990000000006,38.60175,38.66005,38.71967,38.78061,38.842650000000006,38.905680000000004,38.9697,39.03438,39.099720000000005,39.1655,39.23172,39.29816,39.36482,39.43159,39.49814000000001,39.56458,39.6308,39.696580000000004,39.76192,39.826600000000006,39.890620000000006,39.95398000000001,40.01635,40.07784,40.13834000000001,40.197630000000004,40.25582000000001,40.31269,40.36824,40.422360000000005,40.474940000000004,40.52609,40.575480000000006,40.62322,40.669090000000004,40.71331,40.75555,40.79581,40.834089999999996,40.87039,40.90449,40.93639,40.9662,40.993590000000005,41.01878,41.04155,41.0619,41.07972,41.09512,41.10788000000001,41.11811,41.12559,41.130430000000004,41.13252000000001,41.13186,41.12834000000001,41.12196,41.11272,41.10051000000001,41.08522000000001,41.06696,41.04562,41.02120000000001,40.993590000000005,40.962790000000005,40.9288,40.891510000000004,40.85081,40.80681,40.75940000000001,40.708470000000005,40.65413,40.596270000000004,40.534780000000005,40.46966,40.400800000000004,40.32831000000001,40.25208,40.171890000000005,40.08796000000001,40.00007000000001,39.90833,39.81241000000001,39.71253,39.60858,39.50034,39.38792000000001,39.27132,39.15021,39.02481,38.89501,38.76070000000001,38.621770000000005,38.47822000000001,38.33005000000001,38.177040000000005,38.01919,37.85661,37.688970000000005,37.51627,37.338620000000006,37.15569000000001,36.96759000000001,36.774210000000004,36.57555000000001,36.37128,36.161620000000006,35.94624000000001,35.72525,35.498540000000006,35.266000000000005,35.02763,34.783210000000004,34.532630000000005,34.276,34.01321,33.744040000000005,33.46849,33.18656,32.89803,32.603010000000005,32.30117,31.992620000000002,31.67725,31.35506,31.025830000000003,30.689670000000003,30.34636,29.996010000000005,29.63862,29.273970000000002,28.902060000000002,28.523000000000003,28.136790000000005,27.74343,27.34292,26.935260000000003,26.520670000000003,26.099260000000005,25.670920000000002,25.23609,24.794990000000002,24.347620000000003,23.894530000000003,23.435940000000002,22.97229,22.504240000000003,22.032120000000003,21.55692,21.07919,20.59992,20.120320000000003,19.64149,19.16486,18.69208,18.225020000000004,17.765660000000004,17.31642,16.879830000000002,16.45886,16.05659,15.676540000000001,15.322230000000001,14.99773,14.70667,14.453120000000002,14.2406,14.072630000000002,13.95207,13.881120000000001,13.861320000000001,13.893110000000002,13.976270000000001,14.10959,14.290980000000001,14.518020000000002,14.78752,15.09585,15.439490000000001,15.814700000000002,16.217850000000002,16.64553,17.094330000000003,17.561390000000003,18.043850000000003,18.53929,19.04529,19.560200000000002,20.08193,20.609160000000003,21.14057,21.67484,22.210980000000003,22.74822
41.047160000000005,40.89393,40.744440000000004,40.598910000000004,40.45745,40.31995,40.18663,40.05749,39.93264,39.81208,39.69603,39.584270000000004,39.47713,39.37439,39.276270000000004,39.182770000000005,39.094,39.00974,38.93021,38.85541,38.785340000000005,38.71989,38.65906,38.60307,38.551590000000004,38.50484,38.4626,38.424980000000005,38.391870000000004,38.36316,38.33885,38.318940000000005,38.30332,38.291880000000006,38.284510000000004,38.2811,38.281760000000006,38.28616,38.29441,38.306180000000005,38.321580000000004,38.34028,38.36239,38.387690000000006,38.415960000000005,38.4472,38.4813,38.51804,38.55731000000001,38.59911,38.64311,38.689310000000006,38.73760000000001,38.787760000000006,38.83968,38.89325,38.94836000000001,39.00479,39.062540000000006,39.121390000000005,39.181230000000006,39.24195,39.30344000000001,39.365590000000005,39.428290000000004,39.49132000000001,39.55468,39.61815000000001,39.68173,39.74531,39.808670000000006,39.87181,39.93462,39.996990000000004,40.0587,40.11986,40.18036,40.23998,40.298610000000004,40.35636000000001,40.41301000000001,40.46845,40.52268,40.57559,40.62718,40.67734,40.72585,40.77293,40.818250000000006,40.861810000000006,40.90372000000001,40.943650000000005,40.98171000000001,41.017900000000004,41.05200000000001,41.084010000000006,41.11393,41.14165,41.167170000000006,41.190380000000005,41.21128,41.229760000000006,41.24582,41.25935,41.27046,41.27893,41.284870000000005,41.28806,41.288610000000006,41.286410000000004,41.28135,41.273540000000004,41.26287,41.249230000000004,41.232730000000004,41.213150000000006,41.190490000000004,41.164860000000004,41.13604,41.10403,41.06883,41.030440000000006,40.98875,40.943650000000005,40.895250000000004,40.84344000000001,40.78811,40.72937,40.667,40.601110000000006,40.53148,40.458220000000004,40.381220000000006,40.30048000000001,40.21589,40.12745,40.03505,39.93869,39.838260000000005,39.73387,39.62530000000001,39.512440000000005,39.39551000000001,39.27418,39.14856,39.01854000000001,38.88412000000001,38.74508,38.601530000000004,38.45336,38.30046000000001,38.142830000000004,37.980360000000005,37.812940000000005,37.64068,37.46325,37.28087,37.093320000000006,36.900490000000005,36.702490000000004,36.498990000000006,36.2901,36.07571000000001,35.85582000000001,35.630210000000005,35.39888,35.16172,34.918730000000004,34.6698,34.414820000000006,34.15379,33.8866,33.61314,33.33341,33.0473,32.754810000000006,32.45583,32.15014,31.837960000000002,31.519070000000003,31.193470000000005,30.86116,30.52192,30.175970000000003,29.82309,29.463390000000004,29.09676,28.723310000000005,28.343040000000002,27.95606,27.562260000000002,27.16186,26.754860000000004,26.34159,25.922050000000002,25.496460000000003,25.065040000000003,24.628230000000002,24.18625,23.73954,23.28843,22.83369,22.375870000000003,21.915740000000003,21.45396,20.991740000000004,20.52996,20.070050000000002,19.613220000000002,19.161340000000003,18.715950000000003,18.27925,17.85333,17.440720000000002,17.04428,16.66665,16.311130000000002,15.980910000000002,15.67951,15.41023,15.17637,14.98112,14.827340000000001,14.71756,14.653430000000002,14.636270000000001,14.666630000000001,14.744180000000002,14.868040000000002,15.036560000000001,15.24754,15.49834,15.786100000000003,16.10774,16.45985,16.839460000000003,17.243270000000003,17.66842,18.11216,18.571960000000004,19.04529,19.53028,20.02473,20.527100000000004,21.035960000000003,21.54966,22.067320000000002,22.587730000000004,23.110010000000003
41.38354,41.23218000000001,41.08456,40.94079,40.80098,40.665130000000005,40.533350000000006,40.40564,40.28211,40.16287,40.047810000000005,39.93726000000001,39.831,39.72914000000001,39.63179,39.53884000000001,39.45051,39.366690000000006,39.28749,39.21280000000001,39.14262000000001,39.07706,39.01612,38.95969000000001,38.90777,38.86036,38.817350000000005,38.778850000000006,38.744749999999996,38.714940000000006,38.689530000000005,38.66819,38.651030000000006,38.63805000000001,38.62892,38.62386,38.62254000000001,38.62496,38.63112,38.64069,38.653780000000005,38.67017,38.68986,38.71252,38.738260000000004,38.76686000000001,38.79821,38.8322,38.86861,38.90755,38.94869,38.99192000000001,39.037130000000005,39.08432,39.133160000000004,39.18365,39.23557,39.289030000000004,39.343590000000006,39.39936,39.456010000000006,39.513650000000005,39.57206000000001,39.63102,39.69064,39.75059,39.81087,39.87126000000001,39.931869999999996,39.99237,40.052760000000006,40.11293,40.17277,40.23217,40.29113000000001,40.349430000000005,40.407070000000004,40.46383,40.51982,40.57482,40.62883,40.681630000000006,40.73333,40.78371,40.832770000000004,40.8804,40.92649,40.97115,41.014160000000004,41.05541,41.09501,41.132740000000005,41.168710000000004,41.20270000000001,41.23471000000001,41.264630000000004,41.292570000000005,41.318310000000004,41.34185,41.36319,41.38222,41.398830000000004,41.41313,41.42501000000001,41.434360000000005,41.44118,41.44547000000001,41.447120000000005,41.446130000000004,41.44239,41.4359,41.426660000000005,41.41456,41.39960000000001,41.38167000000001,41.36088,41.33701,41.31006000000001,41.28014,41.24703000000001,41.210730000000005,41.171240000000004,41.12845,41.08247000000001,41.03308,40.98028000000001,40.92407,40.864450000000005,40.80131000000001,40.73454,40.66425,40.59033,40.51267000000001,40.43127,40.34602,40.25703,40.16408,40.067280000000004,39.96652,39.861580000000004,39.752680000000005,39.6396,39.52245,39.40090000000001,39.27517,39.14504,39.010400000000004,38.87147,38.727920000000005,38.579860000000004,38.42707000000001,38.26966,38.10741,37.940430000000006,37.7685,37.59162,37.40979,37.22279,37.03073,36.83339000000001,36.630770000000005,36.42287,36.20947000000001,35.990680000000005,35.76628,35.53638,35.300650000000005,35.059200000000004,34.81203000000001,34.55892,34.29976,34.03466,33.763510000000004,33.486200000000004,33.20262,32.91288,32.61676,32.314260000000004,32.00538,31.690120000000004,31.368260000000003,31.039910000000003,30.70507,30.363630000000004,30.015590000000003,29.661060000000003,29.29993,28.93231,28.558200000000003,28.17771,27.790950000000006,27.398030000000002,26.99895,26.594040000000003,26.183410000000002,25.767280000000003,25.34587,24.91973,24.488970000000002,24.054250000000003,23.615900000000003,23.17458,22.730950000000004,22.28578,21.83995,21.394450000000003,20.950270000000003,20.508730000000003,20.071260000000002,19.63951,19.215020000000003,18.79988,18.39629,18.00634,17.63267,17.27803,16.94517,16.636950000000002,16.35656,16.10675,15.890600000000001,15.710750000000003,15.56973,15.469300000000002,15.411330000000003,15.396700000000001,15.425850000000002,15.498670000000002,15.614280000000003,15.771360000000001,15.968260000000003,16.202560000000002,16.47184,16.77346,17.104670000000002,17.46261,17.844420000000003,18.24757,18.669420000000002,19.107770000000002,19.560200000000002,20.02473,20.4996,20.98316,21.47398,21.97052,22.47168,22.976580000000002,23.48401
41.718270000000004,41.568670000000004,41.422810000000005,41.2808,41.14253,41.00822,40.87787000000001,40.75148,40.62927,40.51124000000001,40.39728,40.28761000000001,40.18234,40.081250000000004,39.98456000000001,39.89227,39.80438,39.720890000000004,39.64191,39.567330000000005,39.497150000000005,39.43148000000001,39.37021,39.31345,39.26109,39.21302000000001,39.16935,39.12997,39.09488,39.063970000000005,39.03735,39.01469,38.996100000000006,38.98158000000001,38.97091,38.96398,38.96079,38.96134000000001,38.96541,38.97289000000001,38.98378,38.99786,39.01513,39.03537,39.058580000000006,39.084540000000004,39.11325,39.144600000000004,39.17826,39.21434,39.25262,39.29299,39.33534,39.37956,39.42543,39.472950000000004,39.5219,39.57217,39.623760000000004,39.67645,39.73013,39.784690000000005,39.84002000000001,39.896010000000004,39.95255000000001,40.009420000000006,40.06673000000001,40.12415000000001,40.18179000000001,40.239320000000006,40.29674000000001,40.35405,40.411030000000004,40.46757,40.52367,40.57922000000001,40.63411000000001,40.68812,40.74147000000001,40.79383,40.845090000000006,40.895360000000004,40.94453,40.992380000000004,41.03902,41.084230000000005,41.127900000000004,41.17025,41.21084,41.24989,41.287290000000006,41.32282000000001,41.356590000000004,41.388490000000004,41.41841000000001,41.44635,41.47231000000001,41.49607,41.51774,41.53710000000001,41.55437,41.56922,41.58176,41.59188,41.59958,41.60486,41.60750000000001,41.60761,41.60508,41.5998,41.59199,41.581320000000005,41.56779,41.55151,41.53226,41.51015,41.48507000000001,41.45702000000001,41.42589,41.39168,41.35428,41.3138,41.27002,41.22305,41.17267,41.1191,41.06201,41.00151,40.9376,40.87017,40.799110000000006,40.72442,40.646209999999996,40.564150000000005,40.478460000000005,40.38892,40.29553000000001,40.19829000000001,40.09709000000001,39.99193,39.8827,39.769400000000005,39.65192,39.53026,39.40442000000001,39.27418,39.13965,39.00072,38.85728000000001,38.70933,38.556869999999996,38.399680000000004,38.23787,38.071220000000004,37.899840000000005,37.723510000000005,37.54223,37.356,37.16471,36.968250000000005,36.76662,36.55971,36.34752,36.12994,35.90697,35.67850000000001,35.44431,35.20462,34.95921,34.70808,34.451010000000004,34.18822,33.919380000000004,33.644600000000004,33.36388,33.077000000000005,32.78396,32.48476,32.1794,31.867770000000004,31.54998,31.225810000000003,30.895480000000003,30.558770000000003,30.215790000000005,29.86654,29.51113,29.149560000000005,28.781940000000006,28.408270000000005,28.028660000000002,27.64333,27.252280000000003,26.855950000000004,26.454340000000002,26.047780000000003,25.636710000000004,25.22124,24.801920000000003,24.37919,23.9536,23.525700000000004,23.096260000000004,22.665940000000003,22.235730000000004,21.806620000000002,21.379710000000003,20.956210000000002,20.537440000000004,20.12505,19.72058,19.32612,18.94343,18.57482,18.2226,17.88919,17.57723,17.28925,17.027890000000003,16.795900000000003,16.5957,16.4296,16.2998,16.20795,16.15548,16.143050000000002,16.17132,16.23996,16.34831,16.495490000000004,16.67974,16.8993,17.15208,17.43577,17.74784,18.085870000000003,18.44744,18.830020000000005,19.23141,19.64941,20.08193,20.527100000000004,20.98316,21.44857,21.92179,22.401610000000005,22.886710000000004,23.376100000000005,23.868900000000004
42.05124000000001,41.903400000000005,41.759190000000004,41.61872,41.4821,41.34922000000001,41.22019000000001,41.09523,40.97423,40.85719,40.744440000000004,40.63565,40.531150000000004,40.43083,40.3348,40.24306000000001,40.15561,40.07245,39.99358,39.91911,39.84893,39.78315,39.72166,39.66446,39.61155,39.56293,39.51849,39.47834,39.442260000000005,39.41036,39.38242,39.35855000000001,39.338640000000005,39.32247,39.31026000000001,39.301570000000005,39.296730000000004,39.295300000000005,39.29739,39.30278,39.31147,39.323350000000005,39.33831,39.35613000000001,39.37692,39.40046000000001,39.42653000000001,39.45524,39.48626,39.51959000000001,39.55512000000001,39.592740000000006,39.63223,39.673480000000005,39.71649,39.76104,39.80713,39.85454000000001,39.90316,39.95288,40.00359,40.05518000000001,40.10743000000001,40.160450000000004,40.214020000000005,40.26803,40.32237000000001,40.37682000000001,40.43149,40.48616,40.54083,40.59528,40.64940000000001,40.70319,40.75654,40.80923,40.86137000000001,40.912850000000006,40.96345,41.01317,41.06201,41.109750000000005,41.15628,41.201710000000006,41.24593,41.288720000000005,41.33008,41.37001,41.40851000000001,41.44525000000001,41.480450000000005,41.513780000000004,41.545460000000006,41.575269999999996,41.603210000000004,41.62917000000001,41.653040000000004,41.67493,41.69473,41.71233,41.72773,41.74082,41.7516,41.760070000000006,41.76612,41.76975,41.77085,41.769420000000004,41.765350000000005,41.75875,41.7494,41.737410000000004,41.72256,41.70496000000001,41.68450000000001,41.66118000000001,41.63489,41.605630000000005,41.5734,41.53809,41.4997,41.45812,41.41335,41.3655,41.314240000000005,41.25968,41.201820000000005,41.14066,41.07587000000001,41.007780000000004,40.93606,40.860820000000004,40.78184,40.69934000000001,40.6131,40.52312,40.42929,40.331720000000004,40.23019,40.1247,40.01525,39.90173,39.78414,39.66237,39.53642,39.406290000000006,39.27176,39.132940000000005,38.989720000000005,38.84199,38.689750000000004,38.533,38.371520000000004,38.205420000000004,38.03459000000001,37.858920000000005,37.67841000000001,37.49295,37.30254,37.10707,36.90654000000001,36.70073,36.48986000000001,36.2736,36.052060000000004,35.82513,35.5927,35.35477000000001,35.111340000000006,34.862190000000005,34.60743,34.34695,34.08075,33.80872,33.530750000000005,33.24695,32.95721,32.66153,32.3598,32.052130000000005,31.738410000000005,31.418640000000003,31.092820000000003,30.761170000000003,30.423360000000002,30.079720000000002,29.730140000000002,29.374840000000003,29.013710000000003,28.646970000000003,28.27473,27.89721,27.514410000000005,27.12677,26.7344,26.33752,25.936680000000003,25.5321,25.12422,24.71348,24.30054,23.886060000000004,23.47059,23.055010000000003,22.640200000000004,22.22715,21.81696,21.410840000000004,21.010220000000004,20.61642,20.2312,19.856320000000004,19.49354,19.14495,18.812640000000002,18.49903,18.206210000000002,17.93682,17.69295,17.47702,17.291230000000002,17.13756,17.01799,16.93373,16.886210000000002,16.875980000000002,16.903370000000002,16.968380000000003,17.070570000000004,17.208840000000002,17.381980000000002,17.588340000000002,17.82616,18.09357,18.388150000000003,18.70803,19.05079,19.414340000000003,19.796590000000002,20.19556,20.609160000000003,21.035960000000003,21.47398,21.92179,22.37807,22.841500000000003,23.31087,23.785300000000003,24.26369
42.38245,42.23637000000001,42.093810000000005,41.95488,41.81969,41.68813,41.56053,41.436780000000006,41.316880000000005,41.20105,41.089180000000006,40.98127,40.87754,40.77799,40.68251,40.591210000000004,40.504200000000004,40.421260000000004,40.34261,40.26825,40.19807,40.13207,40.07025000000001,40.01272,39.95937000000001,39.910090000000004,39.864990000000006,39.82396000000001,39.787000000000006,39.754000000000005,39.72496,39.69977,39.67854,39.660940000000004,39.64708,39.63685,39.630140000000004,39.62684,39.62706,39.63047000000001,39.63707000000001,39.64675,39.659400000000005,39.67502,39.69339,39.714510000000004,39.73805000000001,39.76423,39.79261,39.8233,39.856190000000005,39.890950000000004,39.92769,39.966300000000004,40.00645000000001,40.048140000000004,40.091370000000005,40.135920000000006,40.18157,40.22843,40.27617,40.3249,40.3744,40.42445,40.47516,40.5262,40.57768000000001,40.629380000000005,40.68119,40.733000000000004,40.78481000000001,40.836400000000005,40.887769999999996,40.938810000000004,40.98952,41.039570000000005,41.08907000000001,41.137910000000005,41.18587,41.23306,41.27926000000001,41.324580000000005,41.36869,41.4117,41.453500000000005,41.49387,41.533030000000004,41.57065,41.60684,41.641490000000005,41.674490000000006,41.70573,41.73532000000001,41.763040000000004,41.78900000000001,41.81298,41.83498,41.854890000000005,41.872820000000004,41.88866,41.902300000000004,41.91363,41.922760000000004,41.92958000000001,41.933980000000005,41.93607,41.93563,41.932660000000006,41.92716,41.919019999999996,41.908350000000006,41.89493,41.878870000000006,41.85995,41.83828,41.81364,41.78625,41.75589,41.72256,41.686150000000005,41.646770000000004,41.604200000000006,41.558550000000004,41.509710000000005,41.45768,41.40224,41.34361,41.28168,41.21623,41.14737,41.075100000000006,40.9992,40.91978000000001,40.83673,40.75005,40.65963,40.56547,40.46746,40.3656,40.25989,40.150220000000004,40.036590000000004,39.918890000000005,39.79712000000001,39.67128,39.54115,39.40673,39.268130000000006,39.125130000000006,38.97773,38.82582,38.66951,38.50858000000001,38.343030000000006,38.17275,37.99785000000001,37.818110000000004,37.63353,37.44411000000001,37.24974,37.05031,36.84582,36.63627,36.421440000000004,36.201440000000005,35.97627000000001,35.7456,35.50965000000001,35.26831000000001,35.02136,34.769020000000005,34.510960000000004,34.247400000000006,33.97823,33.703340000000004,33.42273,33.13629,32.84424,32.54636,32.242650000000005,31.933220000000002,31.618070000000003,31.29709,30.970390000000005,30.638080000000002,30.30016,29.95652,29.6076,29.253180000000004,28.893590000000003,28.528830000000003,28.15912,27.784790000000005,27.405950000000004,27.02282,26.635730000000002,26.245230000000003,25.851430000000004,25.45499,25.056240000000003,24.65595,24.254560000000005,23.852950000000003,23.451890000000002,23.05215,22.65472,22.260920000000002,21.87163,21.488390000000003,21.112520000000004,20.74556,20.38916,20.045080000000002,19.7153,19.40169,19.10645,18.83145,18.579,18.351190000000003,18.149890000000003,17.97719,17.834850000000003,17.724410000000002,17.647080000000003,17.60407,17.59571,17.622660000000003,17.68459,17.78106,17.911520000000003,18.074650000000002,18.26924,18.493640000000003,18.7462,19.02494,19.327990000000003,19.653480000000002,19.99932,20.36364,20.74468,21.14057,21.54966,21.97052,22.401610000000005,22.841500000000003,23.28909,23.743170000000003,24.202860000000005,24.667060000000003
42.712120000000006,42.56758000000001,42.42656,42.289060000000006,42.155300000000004,42.02517,41.89878,41.77613,41.65744,41.5426,41.431610000000006,41.324690000000004,41.22162000000001,41.122730000000004,41.027800000000006,40.93705,40.850260000000006,40.76765,40.689220000000006,40.61475,40.54457,40.47835,40.41631,40.358450000000005,40.304550000000006,40.25472,40.208850000000005,40.16705,40.12910000000001,40.095110000000005,40.06497,40.03857,40.015910000000005,39.99688,39.981480000000005,39.969710000000006,39.961240000000004,39.95618,39.95453,39.955960000000005,39.96047,39.96806000000001,39.97862000000001,39.99193,40.00799,40.02669,40.047920000000005,40.07146000000001,40.09742,40.12558000000001,40.15572,40.18795000000001,40.22194,40.2578,40.2952,40.33425,40.37462,40.41631,40.459210000000006,40.50321,40.54820000000001,40.59407,40.640710000000006,40.6879,40.73575,40.784040000000005,40.832660000000004,40.88161000000001,40.93056000000001,40.97962,41.02868,41.07763,41.126250000000006,41.17465,41.22261,41.27013000000001,41.31699,41.36319,41.408730000000006,41.45339,41.497060000000005,41.53985,41.58165,41.622240000000005,41.661620000000006,41.69979000000001,41.73664,41.77206,41.80605,41.838499999999996,41.8693,41.89856,41.92606000000001,41.9518,41.97567,41.997780000000006,42.01791,42.03606,42.05212,42.06609,42.07797,42.087650000000004,42.095130000000005,42.100300000000004,42.10316,42.10360000000001,42.101620000000004,42.09722000000001,42.09029,42.08083,42.06873000000001,42.05399,42.03661,42.01648000000001,41.99349,41.96786,41.939260000000004,41.9078,41.87337,41.83597,41.79560000000001,41.75204000000001,41.705510000000004,41.655789999999996,41.60288,41.54678,41.48738,41.42457000000001,41.35857000000001,41.28905,41.216120000000004,41.13967000000001,41.059810000000006,40.97621,40.88909,40.79834,40.70385,40.60562,40.50354,40.39761,40.28783000000001,40.17409000000001,40.05639000000001,39.93462,39.80878,39.67876,39.54456,39.40618,39.263510000000004,39.116440000000004,38.96497,38.8091,38.648830000000004,38.483940000000004,38.31443,38.1403,37.96144,37.77785,37.58942,37.39615,37.198040000000006,36.994870000000006,36.786750000000005,36.573570000000004,36.35522,36.1317,35.90312000000001,35.66915,35.4299,35.18537,34.93545,34.68003,34.41933,34.153020000000005,33.88121,33.60401,33.321200000000005,33.03278,32.73886,32.439440000000005,32.13441,31.823880000000003,31.50785,31.18643,30.859620000000003,30.52742,30.190050000000003,29.847510000000003,29.499910000000003,29.147580000000005,28.790410000000005,28.42873,28.062760000000004,27.69283,27.31905,26.941860000000002,26.561590000000002,26.178680000000004,25.79346,25.406700000000004,25.01884,24.630540000000003,24.24246,23.855480000000004,23.470480000000002,23.088340000000002,22.710270000000005,22.33737,21.970740000000003,21.611920000000005,21.262340000000002,20.923540000000003,20.59728,20.2851,19.98898,19.710680000000004,19.452180000000002,19.21546,19.00228,18.8144,18.65369,18.521580000000004,18.419390000000003,18.34844,18.3095,18.30301,18.329410000000003,18.3887,18.480330000000002,18.603640000000002,18.757970000000004,18.94189,19.154080000000004,19.39311,19.65744,19.945090000000004,20.254520000000003,20.583970000000004,20.93157,21.29567,21.67484,22.067320000000002,22.47168,22.886710000000004,23.31087,23.743170000000003,24.182510000000004,24.6279,25.078240000000005
43.04003,42.89703000000001,42.75755,42.621480000000005,42.48904,42.36023000000001,42.23505,42.1135,41.9958,41.88195,41.771840000000005,41.66569,41.563390000000005,41.465050000000005,41.37067,41.28036,41.1939,41.11151,41.033190000000005,40.958830000000006,40.88854,40.822210000000005,40.759840000000004,40.70154,40.647090000000006,40.59671000000001,40.55018,40.50750000000001,40.46867000000001,40.433690000000006,40.40245,40.374840000000006,40.350860000000004,40.330510000000004,40.313680000000005,40.30026,40.29014000000001,40.28332,40.27980000000001,40.279360000000004,40.281890000000004,40.2875,40.29586,40.30697,40.32083,40.33722,40.356030000000004,40.37726000000001,40.400690000000004,40.42632,40.45393,40.48352,40.51498,40.54809,40.58296,40.61915,40.65688,40.695820000000005,40.73597,40.77722,40.81946000000001,40.86258,40.90636000000001,40.95091,40.996010000000005,41.04155,41.08742000000001,41.13351000000001,41.17982,41.226240000000004,41.27255,41.31886000000001,41.36484,41.4106,41.45592,41.500800000000005,41.54513000000001,41.588800000000006,41.63181,41.67405,41.715300000000006,41.75578,41.79505,41.83333,41.87051000000001,41.90637,41.94102,41.97424,42.00603,42.03628,42.0651,42.092270000000006,42.11768000000001,42.14144,42.16344,42.18357,42.20183,42.21811,42.23252,42.244730000000004,42.254850000000005,42.26288,42.26871,42.27223,42.27355000000001,42.27245,42.269040000000004,42.26321000000001,42.254850000000005,42.24396,42.23054,42.21448000000001,42.195890000000006,42.174440000000004,42.15035,42.12351,42.093810000000005,42.06125,42.025830000000006,41.98744000000001,41.94608000000001,41.90175000000001,41.85423000000001,41.803740000000005,41.749950000000005,41.69308,41.63291,41.56955000000001,41.50278,41.43271,41.359230000000004,41.282340000000005,41.201930000000004,41.11800000000001,41.030440000000006,40.93936,40.84454,40.74609,40.64379,40.53775,40.42786,40.31412,40.19642,40.074650000000005,39.94892,39.81912,39.68525,39.547090000000004,39.40475,39.258120000000005,39.107200000000006,38.95199,38.79227000000001,38.62804,38.459300000000006,38.28605,38.108180000000004,37.92569,37.73836000000001,37.54641,37.34951,37.14788000000001,36.941190000000006,36.72966,36.513180000000006,36.29153,36.06493,35.83316000000001,35.59622,35.35411,35.10672,34.85405,34.596210000000006,34.332980000000006,34.06458000000001,33.79068,33.511500000000005,33.22704,32.93719,32.64206000000001,32.34154,32.03585,31.724880000000006,31.40874,31.08754,30.761390000000002,30.43018,30.094240000000003,29.753680000000003,29.4085,29.059030000000003,28.70549,28.347990000000003,27.98686,27.62243,27.25514,26.8851,26.51297,26.13908,25.764090000000003,25.388440000000003,25.012900000000002,24.63824,24.265010000000004,23.894310000000004,23.527020000000004,23.16424,22.80685,22.456390000000003,22.113850000000003,21.78077,21.45869,21.149040000000003,20.85347,20.57363,20.31117,20.067960000000003,19.84565,19.646,19.47044,19.32062,19.197860000000002,19.10337,19.038140000000002,19.002940000000002,18.998210000000004,19.02428,19.08115,19.16838,19.28553,19.43172,19.60607,19.80726,20.034080000000003,20.28499,20.55856,20.85314,21.1673,21.49928,21.84776,22.210980000000003,22.587730000000004,22.976580000000002,23.376100000000005,23.785300000000003,24.202860000000005,24.6279,25.05921,25.49624
43.366400000000006,43.224940000000004,43.086780000000005,42.95214000000001,42.820910000000005,42.693310000000004,42.569230000000005,42.448890000000006,42.33218000000001,42.219210000000004,42.10998,42.00449,41.90296000000001,41.805170000000004,41.71134000000001,41.62125,41.535230000000006,41.45295,41.37474,41.300380000000004,41.229980000000005,41.163430000000005,41.100840000000005,41.042100000000005,40.987210000000005,40.93628,40.888980000000004,40.845530000000004,40.805820000000004,40.76985,40.73751000000001,40.708800000000004,40.6835,40.66183,40.643460000000005,40.6285,40.61684,40.60837,40.60298,40.60067,40.601330000000004,40.60485,40.611230000000006,40.620250000000006,40.631800000000005,40.64599,40.66249,40.6813,40.702420000000004,40.72563,40.750820000000004,40.77788,40.806700000000006,40.83728000000001,40.869510000000005,40.90317,40.93815000000001,40.97445,41.01196,41.05057,41.09006,41.130430000000004,41.17157,41.213370000000005,41.255720000000004,41.29862,41.34185,41.3853,41.42897000000001,41.47264,41.51642,41.55998,41.60343,41.646550000000005,41.68934,41.73169,41.7736,41.81485000000001,41.85533,41.89515,41.93409,41.97204,42.00911000000001,42.045080000000006,42.079950000000004,42.11361,42.145950000000006,42.17708,42.20678,42.23494000000001,42.26167,42.286750000000005,42.31029000000001,42.33207,42.3522,42.37046,42.38685,42.40137000000001,42.41391000000001,42.42447000000001,42.43294,42.43932000000001,42.44350000000001,42.445479999999996,42.44526,42.442730000000005,42.437780000000004,42.43052,42.420730000000006,42.40852,42.39378,42.37651,42.3566,42.334050000000005,42.30875,42.28081,42.25001,42.216460000000005,42.18005,42.14067,42.09832,42.053110000000004,42.00482,41.953450000000004,41.89889,41.84125,41.78042,41.7164,41.649080000000005,41.57846000000001,41.50443,41.4271,41.346250000000005,41.261880000000005,41.17399,41.08258,40.98754,40.888870000000004,40.786460000000005,40.680310000000006,40.57042,40.456570000000006,40.33898,40.21743000000001,40.09181,39.962230000000005,39.82858,39.69086,39.54896000000001,39.40288,39.25251,39.09785000000001,38.938900000000004,38.77544,38.607580000000006,38.435320000000004,38.25844,38.07705,37.89104,37.700300000000006,37.504830000000005,37.30463,37.0997,36.88993,36.67521,36.455650000000006,36.231030000000004,36.00157000000001,35.766940000000005,35.52736000000001,35.282720000000005,35.03291,34.778040000000004,34.51811,34.252900000000004,33.98263,33.707190000000004,33.42669,33.141020000000005,32.85029,32.554500000000004,32.25365,31.947850000000006,31.637210000000003,31.321730000000002,31.001520000000003,30.67669,30.34746,30.013830000000002,29.676020000000005,29.334360000000004,28.988850000000003,28.639930000000003,28.287710000000004,27.932630000000003,27.575020000000002,27.215210000000003,26.853750000000005,26.49097,26.127530000000004,25.763980000000004,25.40109,25.039300000000004,24.6796,24.32287,23.969880000000003,23.621730000000003,23.27952,22.94424,22.617320000000003,22.299970000000002,21.99362,21.699700000000004,21.41964,21.15509,20.90748,20.67846,20.46946,20.28224,20.11801,19.9782,19.86402,19.77646,19.71651,19.68483,19.68175,19.707710000000002,19.762380000000004,19.845760000000002,19.957300000000004,20.09634,20.26189,20.45307,20.668670000000002,20.90737,21.16796,21.448900000000002,21.74876,22.06622,22.39985,22.74822,23.110010000000003,23.48401,23.868900000000004,24.26369,24.667060000000003,25.078240000000005,25.49624,25.920070000000003
