27.346,26.94329,26.545420000000004,26.153160000000003,25.767170000000004,25.388330000000003,25.017520000000005,24.655620000000003,24.303510000000003,23.96229,23.63295,23.31659,23.01442,22.72754,22.457160000000002,22.20427,21.970190000000002,21.75602,21.56286,21.39148,21.243090000000002,21.11813,21.017590000000002,20.94169,20.891090000000002,20.865680000000005,20.865569999999998,20.89054,20.940260000000002,21.014290000000003,21.11175,21.23198,21.373990000000003,21.536570000000005,21.71884,21.91937,22.136950000000002,22.370260000000002,22.618090000000002,22.87912,23.152140000000003,23.43583,23.72898,24.030600000000003,24.339370000000002,24.654410000000002,24.97473,25.299450000000004,25.627580000000002,25.958460000000002,26.291320000000002,26.62539,26.960230000000003,27.295070000000003,27.62947,27.962880000000002,28.295080000000002,28.625410000000002,28.953650000000003,29.27947,29.60254,29.922640000000005,30.239440000000002,30.552830000000004,30.86259,31.168610000000005,31.470560000000003,31.768550000000005,32.062360000000005,32.35188,32.63700000000001,32.91783,33.19404,33.465740000000004,33.73293,33.99550000000001,34.25345000000001,34.506780000000006,34.75538,34.99947,35.23883,35.47357,35.70369000000001,35.9293,36.15018,36.36666,36.578410000000005,36.78576,36.988710000000005,37.187039999999996,37.38108,37.57072,37.75596,37.936910000000005,38.11368,38.28616,38.45446,38.61858,38.77863000000001,38.93461,39.08652000000001,39.23447000000001,39.378569999999996,39.51871,39.655,39.787440000000004,39.91614,40.04110000000001,40.16243,40.28002000000001,40.39409,40.50464,40.611560000000004,40.715070000000004,40.81517,40.911750000000005,41.00503,41.09512,41.1818,41.26529,41.34559,41.4227,41.49673,41.56757,41.63555,41.700450000000004,41.76238000000001,41.82134,41.87744,41.93068,41.981170000000006,42.02891,42.07390000000001,42.11614,42.15574,42.1927,42.22713,42.25903,42.2884,42.31535,42.33977,42.361880000000006,42.38168,42.399170000000005,42.414350000000006,42.427440000000004,42.43822,42.44691,42.45351,42.458020000000005,42.46055,42.46121000000001,42.45989,42.456700000000005,42.451750000000004,42.44493000000001,42.436460000000004,42.42634,42.414570000000005,42.40126,42.386520000000004,42.37024,42.35253,42.3335,42.31326,42.291700000000006,42.269040000000004,42.24528000000001,42.22042,42.194680000000005,42.167950000000005,42.14045,42.11218,42.08325000000001,42.05366000000001,42.023520000000005,41.992940000000004,41.962030000000006,41.93068,41.89922000000001,41.867540000000005,41.835750000000004,41.80407,41.77239,41.74104,41.70991000000001,41.67911,41.64875,41.61905000000001,41.5899,41.56163,41.534130000000005,41.50751,41.48199,41.45757,41.434360000000005,41.412470000000006,41.39212,41.373200000000004,41.35593,41.34042,41.32667,41.31479,41.305,41.297410000000006,41.29191,41.288720000000005,41.28795,41.28960000000001,41.293890000000005,41.30082,41.310500000000005,41.323040000000006,41.33844,41.35681,41.378370000000004,41.40290000000001,41.43073,41.46175000000001,41.49618,41.53391,41.575160000000004,41.619820000000004,41.66811,41.71992,41.775360000000006,41.834430000000005,41.897240000000004,41.963680000000004,42.033970000000004,42.10789,42.185660000000006,42.26728,42.35253,42.44174,42.534580000000005,42.63127,42.73181,42.835980000000006,42.944,43.05565000000001,43.17115,43.29017,43.41293,43.539210000000004,43.66912,43.80266
26.941860000000002,26.527600000000003,26.117850000000004,25.713490000000004,25.31518,24.923690000000004,24.540010000000002,24.165020000000002,23.79982,23.445400000000003,23.102860000000003,22.77352,22.45848,22.159060000000004,21.876360000000002,21.611920000000005,21.36695,21.142550000000004,20.939930000000004,20.760410000000004,20.604760000000002,20.47408,20.36892,20.29005,20.23769,20.212280000000003,20.213600000000003,20.24165,20.295770000000005,20.37563,20.48035,20.60905,20.760630000000003,20.933770000000003,21.127370000000003,21.34,21.57034,21.81696,22.07832,22.353210000000004,22.640090000000004,22.93775,23.24487,23.56024,23.88276,24.211220000000004,24.544740000000004,24.882220000000004,25.223000000000003,25.565980000000003,25.910610000000002,26.256120000000003,26.601850000000002,26.94736,27.291990000000002,27.635190000000005,27.97674,28.316200000000002,28.653130000000004,28.9872,29.31819,29.645770000000002,29.96994,30.290260000000004,30.606620000000003,30.918800000000005,31.226910000000004,31.530510000000003,31.82982,32.12451,32.41458,32.700030000000005,32.98064,33.25663,33.52778000000001,33.794200000000004,34.055780000000006,34.312520000000006,34.564420000000005,34.81159,35.053810000000006,35.2913,35.524060000000006,35.75209,35.975390000000004,36.19396,36.4078,36.61713,36.82173,37.021930000000005,37.217510000000004,37.40858000000001,37.59525000000001,37.77752000000001,37.95539,38.12897,38.29837,38.463370000000005,38.624300000000005,38.78105,38.933730000000004,39.08234000000001,39.22688000000001,39.36757,39.5043,39.63707000000001,39.76610000000001,39.89139,40.01283000000001,40.13064,40.244710000000005,40.35526,40.462180000000004,40.565580000000004,40.66557,40.76204,40.8551,40.944860000000006,41.03121,41.11437,41.194230000000005,41.270900000000005,41.34438,41.41478,41.4821,41.54645000000001,41.60772000000001,41.66602,41.72135,41.77393000000001,41.82354,41.870400000000004,41.91451000000001,41.95576,41.99448,42.03045,42.06378000000001,42.09469,42.12285000000001,42.148700000000005,42.17202,42.19292,42.211400000000005,42.22757,42.24143,42.25309000000001,42.26255,42.26981000000001,42.27487,42.277950000000004,42.278940000000006,42.277950000000004,42.274980000000006,42.270140000000005,42.26354,42.254960000000004,42.244730000000004,42.232850000000006,42.219210000000004,42.20403,42.187310000000004,42.169050000000006,42.14947000000001,42.128460000000004,42.10613000000001,42.082480000000004,42.05773,42.03177000000001,42.00482,41.97688000000001,41.947950000000006,41.91814,41.88756,41.856320000000004,41.82442,41.79197,41.75897,41.72553,41.69176,41.65777,41.623670000000004,41.58946,41.55525000000001,41.521040000000006,41.48705,41.45339,41.42006000000001,41.387280000000004,41.35494,41.323260000000005,41.29235,41.26232,41.23317,41.20512000000001,41.17817,41.15243,41.12812,41.10524,41.0839,41.06421,41.04628,41.03011,41.01603000000001,41.003930000000004,40.99403,40.98633,40.98105,40.97819,40.97786000000001,40.98017,40.98512,40.99304,41.003710000000005,41.01746000000001,41.034180000000006,41.05409,41.07719,41.103590000000004,41.13329,41.1664,41.20303,41.24318,41.28696,41.33426,41.3853,41.44008000000001,41.4986,41.560860000000005,41.62686,41.69682,41.770520000000005,41.84818,41.92969,42.01505000000001,42.10437,42.197430000000004,42.294450000000005,42.395430000000005,42.50015,42.608720000000005,42.72103,42.83719000000001,42.95709000000001,43.08073,43.208000000000006,43.33901,43.47354
26.54256,26.11653,25.69468,25.277780000000003,24.866600000000005,24.46191,24.06481,23.67629,23.297230000000003,22.92884,22.57244,22.229130000000005,21.900340000000003,21.587390000000003,21.291710000000002,21.01473,20.75777,20.522260000000003,20.309520000000003,20.12087,19.957410000000003,19.820240000000002,19.71013,19.62774,19.573620000000002,19.547990000000002,19.55096,19.58209,19.64116,19.727400000000003,19.839930000000003,19.97776,20.139570000000003,20.324150000000003,20.53007,20.75579,20.99966,21.260360000000002,21.53624,21.825760000000002,22.127380000000002,22.439780000000003,22.76153,23.091420000000003,23.428130000000003,23.770670000000003,24.11783,24.46862,24.82216,25.177680000000002,25.53441,25.89158,26.248530000000002,26.60482,26.95979,27.313,27.664010000000005,28.012490000000003,28.358110000000003,28.700540000000004,29.039450000000002,29.374730000000003,29.706050000000005,30.033190000000005,30.35615,30.6746,30.988650000000003,31.297970000000003,31.602560000000004,31.90231,32.19733,32.48729,32.77241,33.05247,33.327580000000005,33.59774,33.862840000000006,34.12288,34.377970000000005,34.62811,34.87319,35.11343,35.34861000000001,35.57895,35.80445,36.025220000000004,36.24104,36.452130000000004,36.65860000000001,36.86034,37.057460000000006,37.24996,37.43795000000001,37.621430000000004,37.80051,37.97508,38.145360000000004,38.311350000000004,38.47305,38.63046000000001,38.78380000000001,38.93296,39.078050000000005,39.21918,39.35624,39.489450000000005,39.618700000000004,39.7441,39.86576,39.98357000000001,40.097750000000005,40.20819,40.315110000000004,40.418400000000005,40.51817,40.61442,40.707260000000005,40.79669,40.88271,40.965430000000005,41.044850000000004,41.121080000000006,41.194010000000006,41.26386,41.330630000000006,41.39421000000001,41.454820000000005,41.512460000000004,41.56702000000001,41.61872,41.66756000000001,41.71354,41.756660000000004,41.79703000000001,41.83476,41.86974000000001,41.901970000000006,41.931670000000004,41.95884,41.98348000000001,42.005590000000005,42.02517,42.04244,42.05729,42.06983,42.08006000000001,42.08798,42.093810000000005,42.097440000000006,42.098870000000005,42.09832,42.09579000000001,42.09117,42.084680000000006,42.07621,42.06598,42.05399,42.040130000000005,42.024730000000005,42.00768,41.98898,41.968740000000004,41.947070000000004,41.924080000000004,41.899660000000004,41.873920000000005,41.846970000000006,41.818920000000006,41.789660000000005,41.75952,41.728280000000005,41.696270000000005,41.663270000000004,41.62972,41.595400000000005,41.56042000000001,41.525000000000006,41.48914,41.45295,41.416430000000005,41.3798,41.34295,41.30621,41.26947,41.23295,41.196650000000005,41.16068,41.12515,41.09028,41.05596,41.02241000000001,40.98974,40.95806,40.92737,40.897780000000004,40.869510000000005,40.842670000000005,40.817260000000005,40.79339,40.771170000000005,40.750820000000004,40.73223,40.71573,40.70132,40.68911,40.67921,40.671620000000004,40.66667,40.66425,40.66447,40.667550000000006,40.67349000000001,40.68240000000001,40.69428,40.70935,40.72772,40.749280000000006,40.77425000000001,40.80263,40.83453000000001,40.86995,40.909,40.95168,40.9981,41.04837,41.102380000000004,41.16024,41.222060000000006,41.28773,41.35725,41.43084,41.508280000000006,41.58979000000001,41.67526,41.76469,41.85808,41.95543000000001,42.056740000000005,42.16201,42.27113000000001,42.38421,42.50114,42.62192,42.746550000000006,42.87492000000001,43.00692,43.14266
26.14898,25.71085,25.276460000000004,24.846580000000003,24.42209,24.003870000000003,23.592800000000004,23.189870000000003,22.796290000000003,22.41327,22.04213,21.68408,21.340660000000003,21.013190000000005,20.70343,20.41281,20.142980000000005,19.895370000000003,19.67152,19.47297,19.30082,19.1565,19.04078,18.95454,18.89833,18.872480000000003,18.877100000000002,18.91175,18.975990000000003,19.06916,19.19016,19.33789,19.510920000000002,19.70793,19.92705,20.166740000000004,20.42535,20.70112,20.9924,21.297430000000002,21.61467,21.942580000000003,22.279730000000004,22.624800000000004,22.97636,23.33331,23.694550000000003,24.05909,24.425940000000004,24.79433,25.163380000000004,25.532430000000005,25.90082,26.268,26.63342,26.996750000000002,27.35733,27.714940000000002,28.069360000000003,28.420040000000004,28.766870000000004,29.109740000000002,29.448210000000003,29.78217,30.111620000000002,30.43634,30.756110000000003,31.071040000000004,31.38091,31.685720000000003,31.985470000000003,32.28005,32.56935,32.853480000000005,33.13244,33.40623,33.67474,33.93808,34.19625,34.44925,34.69708,34.93985,35.17745000000001,35.41010000000001,35.637800000000006,35.860440000000004,36.07824,36.291090000000004,36.499210000000005,36.702490000000004,36.90104,37.094860000000004,37.28417,37.46875,37.64882,37.824490000000004,37.995650000000005,38.16241,38.32477,38.48295,38.63684000000001,38.786550000000005,38.932080000000006,39.07354,39.21093,39.34436,39.47383000000001,39.599340000000005,39.72111,39.83903000000001,39.9531,40.06354,40.170350000000006,40.27342,40.37297,40.469,40.56151,40.65061000000001,40.73619,40.818470000000005,40.89745,40.973130000000005,41.04562,41.11481,41.18092,41.24384,41.30368,41.360549999999996,41.41434,41.465270000000004,41.51323,41.558220000000006,41.600460000000005,41.63984,41.67658,41.71046,41.74170000000001,41.77019000000001,41.796260000000004,41.81958,41.84048,41.858850000000004,41.8748,41.888220000000004,41.899440000000006,41.90824,41.914730000000006,41.919019999999996,41.921110000000006,41.921110000000006,41.918910000000004,41.91462,41.908350000000006,41.9001,41.88998,41.877990000000004,41.86413,41.8484,41.83113,41.81210000000001,41.79142,41.769200000000005,41.74555,41.72036,41.693850000000005,41.665910000000004,41.63687,41.60651000000001,41.57505,41.5426,41.50905,41.47462,41.439310000000006,41.40334000000001,41.366600000000005,41.32920000000001,41.291250000000005,41.252860000000005,41.21414,41.175090000000004,41.13582,41.09633000000001,41.05695,41.01757,40.978410000000004,40.93947000000001,40.90086,40.86269,40.825070000000004,40.78811,40.751810000000006,40.7165,40.68207,40.648740000000004,40.616510000000005,40.58560000000001,40.55612,40.52807,40.501560000000005,40.47692,40.45393,40.43292,40.41400000000001,40.39717,40.38254,40.37033,40.36054000000001,40.353390000000005,40.34877,40.346900000000005,40.348000000000006,40.35196,40.359,40.36912,40.38243000000001,40.399150000000006,40.41917000000001,40.4426,40.469550000000005,40.500130000000006,40.53445,40.57229,40.614090000000004,40.65963,40.70902,40.762260000000005,40.81957,40.880840000000006,40.946070000000006,41.015260000000005,41.08863,41.16607,41.24747000000001,41.33305,41.42259000000001,41.516310000000004,41.61399,41.71585,41.821670000000005,41.931450000000005,42.045300000000005,42.16311,42.28477,42.41028,42.539750000000005,42.67296,42.80991000000001
25.76178,25.311220000000002,24.86407,24.420880000000004,23.98264,23.550230000000003,23.124530000000004,22.70675,22.297990000000002,21.89946,21.5127,21.13892,20.77988,20.43701,20.112070000000003,19.806820000000002,19.522910000000003,19.2621,19.026150000000005,18.816489999999998,18.634880000000003,18.48253,18.360650000000003,18.270120000000002,18.21149,18.18531,18.191580000000002,18.22997,18.29993,18.400690000000004,18.53104,18.689550000000004,18.87479,19.085110000000004,19.318640000000002,19.573510000000002,19.847739999999998,20.139680000000002,20.44735,20.768880000000003,21.10262,21.446810000000003,21.800130000000003,22.161040000000003,22.52811,22.900130000000004,23.276000000000003,23.65462,24.035110000000003,24.416590000000003,24.798180000000002,25.17933,25.559270000000005,25.93756,26.313650000000003,26.686880000000002,27.057140000000004,27.423990000000003,27.787100000000002,28.146140000000003,28.500890000000002,28.851130000000005,29.19675,29.53753,29.87336,30.204130000000003,30.529730000000004,30.850160000000002,31.165200000000002,31.474960000000003,31.77933,32.07831,32.371790000000004,32.65988,32.94258000000001,33.21978,33.4917,33.758120000000005,34.01926,34.27501,34.52548,34.77078,35.0108,35.245650000000005,35.47533000000001,35.69995000000001,35.91951,36.13401,36.34367000000001,36.54838,36.748360000000005,36.94339,37.13380000000001,37.319480000000006,37.50054,37.67709,37.84902,38.01655,38.17968,38.33841,38.492740000000005,38.64289,38.78886,38.93065000000001,39.06837,39.201910000000005,39.3316,39.45722,39.578990000000005,39.69691,39.81098,39.921200000000006,40.02779,40.130750000000006,40.23008,40.32578,40.41796,40.50662,40.59187,40.6736,40.752030000000005,40.827160000000006,40.8991,40.96763,41.03308,41.09534000000001,41.154410000000006,41.210510000000006,41.26342,41.31347,41.360549999999996,41.40466,41.445910000000005,41.484300000000005,41.51994,41.55272,41.582860000000004,41.61025,41.635000000000005,41.65722,41.6768,41.693850000000005,41.70848000000001,41.72058,41.73026,41.73763,41.74269,41.74544,41.74599,41.74434,41.74049000000001,41.734660000000005,41.72663000000001,41.71662,41.70474000000001,41.69088,41.67515,41.65766000000001,41.63830000000001,41.617290000000004,41.59463,41.57043,41.54469,41.51741,41.4887,41.458670000000005,41.42732,41.394760000000005,41.36099000000001,41.32612,41.29026,41.25341000000001,41.21579,41.177290000000006,41.138020000000004,41.09809,41.057610000000004,41.016690000000004,40.97533000000001,40.933640000000004,40.89173,40.84971,40.80758,40.76545,40.72354,40.681850000000004,40.6406,40.59968,40.55931,40.519600000000004,40.48055,40.44249000000001,40.40531000000001,40.36923,40.33425,40.300700000000006,40.26847000000001,40.23767000000001,40.20863000000001,40.18124,40.15572,40.132180000000005,40.110730000000004,40.091370000000005,40.07443000000001,40.0598,40.0477,40.03813,40.031420000000004,40.02746,40.026360000000004,40.02834000000001,40.0334,40.041760000000004,40.05331,40.068270000000005,40.08664,40.10864000000001,40.13416,40.16342,40.19642,40.23327,40.27397,40.31852,40.367140000000006,40.41972,40.47626,40.53698,40.60188000000001,40.67085,40.74389000000001,40.821220000000004,40.902730000000005,40.98831,41.07818,41.17212000000001,41.27024,41.37254000000001,41.47902,41.58957,41.70408,41.82277,41.94542,42.072030000000005,42.202600000000004,42.33702,42.47529
25.381840000000004,24.918630000000004,24.458280000000002,24.001450000000002,23.549020000000002,23.10198,22.66121,22.22781,21.803100000000004,21.3884,20.985030000000002,20.59475,20.21899,19.85951,19.51829,19.19709,18.89789,18.622670000000003,18.3733,18.15165,17.95948,17.79822,17.66941,17.57393,17.51266,17.486040000000003,17.49407,17.536640000000002,17.612870000000004,17.721770000000003,17.86224,18.03263,18.23129,18.45613,18.705170000000003,18.97632,19.267599999999998,19.576700000000002,19.901860000000003,20.24088,20.592,20.953460000000003,21.32372,21.701020000000003,22.08415,22.471790000000002,22.862730000000003,23.25587,23.65033,24.045230000000004,24.439690000000002,24.833050000000004,25.22476,25.614160000000002,26.00081,26.384270000000004,26.764100000000003,27.14008,27.51188,27.879170000000002,28.24173,28.599450000000004,28.95211,29.2996,29.6417,29.978410000000004,30.309730000000005,30.635440000000003,30.955650000000002,31.27014,31.579020000000003,31.88229,32.179840000000006,32.47178,32.75811,33.038720000000005,33.31383,33.583330000000004,33.84722,34.10572,34.35872,34.60633,34.84855,35.08549000000001,35.31715,35.543530000000004,35.76485,35.981,36.19209,36.398230000000005,36.59931,36.795660000000005,36.98706000000001,37.173840000000006,37.35578,37.533100000000005,37.7058,37.873990000000006,38.037670000000006,38.19684000000001,38.35172000000001,38.50231,38.6485,38.790620000000004,38.92845,39.06221,39.191900000000004,39.31763,39.4394,39.557210000000005,39.671170000000004,39.78128,39.88765,39.990390000000005,40.08939,40.18476,40.276500000000006,40.364720000000005,40.44953,40.530820000000006,40.608700000000006,40.68317,40.754450000000006,40.82232,40.88711,40.9486,41.00690000000001,41.06212,41.11426000000001,41.163430000000005,41.209520000000005,41.25264000000001,41.2929,41.3303,41.36484,41.39652,41.425450000000005,41.45174,41.475280000000005,41.49618,41.51455,41.530280000000005,41.54348000000001,41.554260000000006,41.56251,41.568340000000006,41.57197000000001,41.57318,41.57208,41.568780000000004,41.56328,41.555690000000006,41.54601,41.534240000000004,41.52049,41.504760000000005,41.48716,41.46769,41.44646000000001,41.42347,41.398830000000004,41.37243,41.3446,41.31512,41.28421000000001,41.25198,41.218320000000006,41.18345000000001,41.14737,41.11019,41.07191,41.03264,40.992490000000004,40.951460000000004,40.90966000000001,40.867200000000004,40.82419000000001,40.78063000000001,40.736520000000006,40.692190000000004,40.64764,40.60287000000001,40.557990000000004,40.513220000000004,40.46845,40.42401,40.379900000000006,40.33612,40.293000000000006,40.25043,40.20863000000001,40.16771000000001,40.12767,40.08873,40.05111,40.014700000000005,39.97961000000001,39.94617,39.91438000000001,39.88435,39.856190000000005,39.83001,39.80592,39.78403,39.76456,39.74751,39.73299,39.72111,39.71209,39.70593,39.702740000000006,39.70263,39.70571,39.71209,39.72188,39.73508,39.75191,39.77226,39.796350000000004,39.82429,39.855970000000006,39.89161,39.93121,39.974880000000006,40.02262,40.07443000000001,40.13042,40.1907,40.255050000000004,40.32369,40.396620000000006,40.47384000000001,40.55535,40.64115,40.73113000000001,40.82551,40.92407,41.02692,41.133950000000006,41.245270000000005,41.36066,41.48023,41.60387,41.73158000000001,41.86336000000001,41.998990000000006,42.13869
25.00982,24.53385,24.060080000000003,23.589280000000002,23.12233,22.660110000000003,22.20361,21.75415,21.312720000000002,20.88097,20.460220000000003,20.05223,19.65876,19.281570000000002,18.92275,18.584390000000003,18.268580000000004,17.977520000000002,17.713520000000003,17.478450000000002,17.274510000000003,17.103350000000002,16.966730000000002,16.865750000000002,16.8014,16.77412,16.78413,16.831100000000003,16.914150000000003,17.032290000000003,17.183980000000002,17.367350000000002,17.580530000000003,17.82121,18.08708,18.375940000000003,18.68537,19.013060000000003,19.356700000000004,19.71442,20.08391,20.463520000000003,20.851380000000002,21.24595,21.645690000000002,22.04939,22.455840000000002,22.86383,23.27259,23.68102,24.08846,24.49425,24.897730000000003,25.298350000000003,25.695670000000003,26.089250000000003,26.47876,26.863870000000002,27.24425,27.619680000000002,27.99005,28.355030000000003,28.71462,29.0686,29.416970000000003,29.759620000000005,30.09644,30.42732,30.752480000000002,31.071700000000003,31.384980000000002,31.692320000000002,31.993830000000003,32.2894,32.57925,32.86316,33.14124,33.41371,33.680350000000004,33.94138,34.1968,34.44661000000001,34.69092,34.929840000000006,35.16337,35.391510000000004,35.61437,35.831950000000006,36.044470000000004,36.25182000000001,36.45422000000001,36.65156,36.84395000000001,37.03161000000001,37.21443,37.39241,37.56577,37.73451,37.898740000000004,38.058460000000004,38.21367,38.36459,38.51111,38.65334000000001,38.79139,38.92526,39.054950000000005,39.18068,39.30234,39.42004,39.53378,39.64378,39.74982000000001,39.852230000000006,39.950900000000004,40.04583,40.13724,40.22502,40.30928,40.39002000000001,40.467240000000004,40.541160000000005,40.61178,40.67899,40.742900000000006,40.80362,40.86115000000001,40.9156,40.966860000000004,41.015040000000006,41.06014,41.102380000000004,41.141540000000006,41.177839999999996,41.21128,41.24186000000001,41.26969,41.29466,41.31699,41.33668,41.35362000000001,41.368030000000005,41.3798,41.38915,41.395970000000005,41.40037,41.402350000000006,41.40202,41.39938000000001,41.39443000000001,41.387280000000004,41.377930000000006,41.36649,41.35296,41.337340000000005,41.31974,41.300160000000005,41.27882,41.255500000000005,41.23053000000001,41.20369000000001,41.17531,41.14528000000001,41.1136,41.080490000000005,41.045950000000005,41.010090000000005,40.9728,40.93441,40.89481000000001,40.854000000000006,40.812310000000004,40.76963,40.72607,40.681630000000006,40.63653000000001,40.59088,40.54457,40.497930000000004,40.45085,40.40344,40.35592,40.30818,40.26055,40.21303,40.16573,40.11876000000001,40.072120000000005,40.026030000000006,39.9806,39.93594,39.892050000000005,39.84926,39.807460000000006,39.766870000000004,39.7276,39.68976000000001,39.65346,39.61881,39.58603,39.55512000000001,39.52619,39.499460000000006,39.47504000000001,39.45293000000001,39.433350000000004,39.416410000000006,39.40222,39.39078000000001,39.382310000000004,39.37692,39.37472,39.375820000000004,39.38022,39.38814000000001,39.39958,39.41465,39.433460000000004,39.456010000000006,39.48252,39.51299000000001,39.54742,39.58592,39.628600000000006,39.67546000000001,39.72661,39.78194,39.84167000000001,39.90558,39.974000000000004,40.046710000000004,40.12382,40.20544000000001,40.29135000000001,40.381660000000004,40.47637,40.57537,40.67877,40.78657,40.89855000000001,41.01493,41.13549,41.26023000000001,41.38904,41.52203000000001,41.65898000000001,41.800000000000004
24.64682,24.157760000000003,23.670350000000003,23.185360000000003,22.703450000000004,22.225720000000003,21.75305,21.286760000000005,20.82806,20.378490000000003,19.93937,19.512680000000003,19.10029,18.70407,18.326330000000002,17.96938,17.63542,17.3272,17.04692,16.79711,16.57997,16.39781,16.252280000000003,16.145030000000002,16.077160000000003,16.049110000000002,16.061210000000003,16.11313,16.203770000000002,16.332030000000003,16.49604,16.693710000000003,16.92284,17.180790000000002,17.46514,17.77314,18.102149999999998,18.449640000000002,18.813190000000002,19.190490000000004,19.57934,19.977870000000003,20.38421,20.79671,21.213720000000002,21.634030000000003,22.056320000000003,22.479490000000002,22.90277,23.32495,23.745590000000004,24.16381,24.57917,24.991010000000003,25.399,25.8027,26.201670000000004,26.595800000000004,26.984650000000002,27.36822,27.746070000000003,28.118310000000005,28.484720000000003,28.845080000000003,29.199500000000004,29.54787,29.88997,30.226020000000002,30.55591,30.879640000000002,31.197210000000002,31.508620000000004,31.813870000000005,32.11296,32.406110000000005,32.6931,32.97426,33.249370000000006,33.51865,33.7821,34.03983,34.29173,34.53802,34.77881,35.01399,35.24378,35.46807,35.68719000000001,35.900920000000006,36.109480000000005,36.312870000000004,36.5112,36.70458000000001,36.893010000000004,37.07649,37.25524000000001,37.42915,37.598440000000004,37.763110000000005,37.92316,38.0787,38.22984,38.376580000000004,38.51892000000001,38.65708000000001,38.79095,38.92064,39.046260000000004,39.16781,39.28529,39.398920000000004,39.50859,39.61441000000001,39.71638000000001,39.81472,39.90921000000001,40.00007000000001,40.087410000000006,40.17101,40.251200000000004,40.327870000000004,40.40113,40.470980000000004,40.537530000000004,40.60067,40.66062,40.717270000000006,40.77073000000001,40.821110000000004,40.868410000000004,40.91252,40.953660000000006,40.99183000000001,41.02703,41.05937000000001,41.08874,41.11536,41.139120000000005,41.16024,41.17850000000001,41.19412,41.20721,41.21755,41.22547,41.23075000000001,41.233720000000005,41.23416,41.23218000000001,41.22789,41.22129,41.21238,41.20127,41.187960000000004,41.17267,41.15518000000001,41.13571,41.11415,41.090830000000004,41.06553,41.03847,41.00954,40.97896,40.94673,40.912850000000006,40.87754,40.84069,40.80241,40.76281,40.72189,40.67987,40.63664,40.592420000000004,40.5471,40.50090000000001,40.45393,40.40619,40.35779,40.308730000000004,40.25934000000001,40.2094,40.159240000000004,40.10886000000001,40.058370000000004,40.00777,39.957390000000004,39.907120000000006,39.85718000000001,39.807680000000005,39.75862,39.71022000000001,39.66259,39.61573,39.569970000000005,39.525200000000005,39.481640000000006,39.4394,39.398700000000005,39.35954,39.322030000000005,39.286390000000004,39.25262,39.220940000000006,39.19146,39.16429000000001,39.13965,39.117430000000006,39.09796,39.08124,39.06749000000001,39.05671000000001,39.04901,39.044610000000006,39.043620000000004,39.04593,39.05198000000001,39.061550000000004,39.07486,39.092020000000005,39.11314,39.138110000000005,39.167260000000006,39.200480000000006,39.23799,39.27968,39.32566,39.375930000000004,39.430710000000005,39.48989,39.553470000000004,39.62156,39.694050000000004,39.77116,39.85278,39.9388,40.02944,40.124590000000005,40.224140000000006,40.3282,40.436659999999996,40.54952,40.66678,40.78833,40.91417,41.04430000000001,41.17850000000001,41.31699,41.45944
24.29361,23.79146,23.2903,22.790790000000005,22.2937,21.800020000000004,21.310740000000003,20.827180000000002,20.35044,19.882060000000003,19.423800000000004,18.97742,18.544900000000002,18.128330000000002,17.730240000000002,17.35305,16.99951,16.672150000000002,16.37405,16.10774,15.875970000000002,15.681380000000003,15.525950000000002,15.411550000000002,15.339500000000001,15.31057,15.32487,15.382180000000002,15.481290000000001,15.62077,15.79842,16.012040000000002,16.258770000000002,16.535750000000004,16.840120000000002,17.1688,17.51882,17.88754,18.27221,18.67041,19.07972,19.498050000000003,19.923640000000002,20.354620000000004,20.789340000000003,21.2267,21.66516,22.10395,22.54175,22.97801,23.41185,23.842610000000004,24.269740000000002,24.692800000000002,25.11135,25.52506,25.933490000000003,26.33642,26.73374,27.12512,27.51056,27.88973,28.262740000000004,28.629370000000005,28.989620000000002,29.34349,29.690870000000004,30.03187,30.36638,30.6944,31.016040000000004,31.331190000000003,31.64007,31.94257,32.238910000000004,32.528870000000005,32.812780000000004,33.09053,33.362230000000004,33.627990000000004,33.88781,34.1418,34.38996,34.632400000000004,34.86923,35.10045,35.326170000000005,35.5465,35.76144,35.97110000000001,36.17548000000001,36.37469000000001,36.56884,36.75793,36.94218,37.121480000000005,37.29594,37.46556,37.63056,37.790940000000006,37.946810000000006,38.098060000000004,38.24491,38.38736,38.52552000000001,38.65939,38.788970000000006,38.914480000000005,39.03581,39.153180000000006,39.26648000000001,39.375820000000004,39.48131,39.58295,39.68074,39.77479,39.865210000000005,39.95189,40.034940000000006,40.114470000000004,40.19048,40.26308,40.33216,40.397940000000006,40.46031,40.519380000000005,40.57515,40.62773000000001,40.67712,40.72343,40.76655,40.806700000000006,40.84377,40.87776,40.909,40.937160000000006,40.96257000000001,40.98512,41.00481,41.021860000000004,41.03616,41.04771,41.05673,41.06311,41.06696,41.06828,41.06707,41.063550000000006,41.057500000000005,41.04925000000001,41.03858,41.025710000000004,41.01064000000001,40.993480000000005,40.974120000000006,40.952670000000005,40.92924,40.90383,40.87644000000001,40.84729,40.81627,40.78349,40.74906000000001,40.71287,40.675250000000005,40.63609,40.59539,40.55337000000001,40.51003000000001,40.46548,40.41972,40.37286,40.325010000000006,40.27617,40.22645,40.17607,40.124810000000004,40.07311000000001,40.02075000000001,39.96806000000001,39.915040000000005,39.86169000000001,39.80823000000001,39.75477000000001,39.70142,39.64818,39.59527,39.54269,39.49066,39.43918,39.38847,39.338640000000005,39.28980000000001,39.24195,39.19542,39.15021,39.10643,39.0643,39.02382,38.98521,38.94869,38.91415000000001,38.88181,38.85189,38.82450000000001,38.799640000000004,38.77753,38.758280000000006,38.742000000000004,38.7288,38.7189,38.71219000000001,38.709,38.70933,38.71329,38.72099,38.73254,38.74805,38.767520000000005,38.79117,38.81889,38.8509,38.8872,38.92790000000001,38.973000000000006,39.02250000000001,39.076620000000005,39.135250000000006,39.1985,39.26626,39.338640000000005,39.41575000000001,39.497370000000004,39.58372,39.67458,39.77017,39.870270000000005,39.97499,40.08422,40.19796,40.316210000000005,40.438860000000005,40.56591000000001,40.697250000000004,40.83288,40.97269000000001,41.11679
23.951400000000003,23.43616,22.921030000000002,22.406780000000005,21.89429,21.38444,20.878110000000003,20.376620000000003,19.88118,19.393440000000002,18.91505,18.44788,17.994020000000003,17.555780000000002,17.1358,16.736720000000002,16.361620000000002,16.01347,15.69546,15.410890000000002,15.162730000000002,14.95395,14.7873,14.664650000000002,14.58787,14.557730000000001,14.57456,14.637920000000001,14.746490000000001,14.898510000000002,15.091560000000001,15.322670000000002,15.58887,15.886750000000003,16.2129,16.56402,16.93692,17.328300000000002,17.73552,18.15561,18.586370000000002,19.02549,19.470990000000004,19.921,20.37409,20.82872,21.283790000000003,21.738090000000003,22.19085,22.641080000000002,23.088120000000004,23.53142,23.97032,24.404490000000003,24.83349,25.256990000000002,25.67466,26.08639,26.491850000000003,26.891040000000004,27.283630000000002,27.66973,28.049120000000002,28.421800000000005,28.787770000000002,29.14692,29.49936,29.84498,30.183890000000005,30.516090000000002,30.841580000000004,31.160470000000004,31.47276,31.778450000000003,32.077760000000005,32.370580000000004,32.65713,32.93730000000001,33.211310000000005,33.47927000000001,33.74107,33.99682,34.24674,34.49083,34.72909,34.961740000000006,35.18867,35.41010000000001,35.62614,35.83668,36.041940000000004,36.24203,36.436840000000004,36.62659000000001,36.81139,36.991130000000005,37.166030000000006,37.33609,37.501310000000004,37.661910000000006,37.817890000000006,37.96936,38.11621,38.258660000000006,38.396710000000006,38.53047000000001,38.66005,38.785340000000005,38.90645000000001,39.02349000000001,39.13646000000001,39.245470000000005,39.35052,39.45172,39.54907,39.64257,39.73244,39.81857000000001,39.900960000000005,39.97983000000001,40.05518000000001,40.127010000000006,40.19532000000001,40.260220000000004,40.32182,40.380010000000006,40.434900000000006,40.48649,40.534890000000004,40.58021000000001,40.62234,40.66128,40.697250000000004,40.730250000000005,40.76017,40.78723000000001,40.81132,40.832550000000005,40.85103000000001,40.86665,40.87952000000001,40.88975,40.89723,40.90207,40.90438,40.904160000000005,40.901410000000006,40.89613000000001,40.88854,40.87842,40.86610000000001,40.85136,40.83453000000001,40.81539,40.794050000000006,40.77073000000001,40.74521,40.717710000000004,40.688340000000004,40.65699000000001,40.62388,40.5889,40.55216,40.51377,40.47373,40.43215000000001,40.38914,40.344590000000004,40.29883,40.25164,40.20335,40.153850000000006,40.10336,40.051770000000005,39.999410000000005,39.94617,39.892160000000004,39.83749,39.78238,39.72672000000001,39.670730000000006,39.61452,39.55809,39.50155,39.44512,39.38891000000001,39.33281,39.27715,39.22204,39.167480000000005,39.11369,39.06078,39.00875,38.957820000000005,38.908210000000004,38.85992,38.81306,38.76785,38.72429,38.68271,38.64311,38.60571,38.570510000000006,38.53773,38.50748,38.47987,38.45512000000001,38.43323000000001,38.41442,38.3988,38.38637000000001,38.37746,38.37196,38.370200000000004,38.37207,38.377900000000004,38.38758,38.40133,38.41926,38.441370000000006,38.46766,38.49846000000001,38.533550000000005,38.573260000000005,38.61748,38.66621,38.71967,38.77775,38.84056,38.908100000000005,38.98037000000001,39.057370000000006,39.139100000000006,39.22567,39.316970000000005,39.413000000000004,39.51376,39.61914000000001,39.72914000000001,39.84387,39.96311000000001,40.08697000000001,40.215230000000005,40.34789000000001,40.48495,40.62641000000001,40.77194
23.621180000000003,23.092740000000003,22.563640000000003,22.034760000000002,21.506650000000004,20.980300000000003,20.456590000000002,19.936730000000004,19.422150000000002,18.91428,18.41477,17.92582,17.44941,16.98807,16.54455,16.121820000000003,15.723290000000002,15.352150000000002,15.012250000000002,14.707220000000001,14.440580000000002,14.215850000000001,14.03611,13.904110000000001,13.821830000000002,13.790260000000002,13.809840000000001,13.87991,13.99915,14.16536,14.37546,14.62626,14.91402,15.234890000000002,15.584910000000002,15.96045,16.357770000000002,16.77357,17.20455,17.647850000000002,18.10105,18.561730000000004,19.0278,19.497500000000002,19.96918,20.441520000000004,20.913310000000003,21.38345,21.85106,22.315260000000002,22.7755,23.23123,23.681790000000003,24.12685,24.56619,24.999260000000003,25.42606,25.846260000000004,26.25975,26.666420000000002,27.06605,27.458640000000003,27.8443,28.222810000000003,28.594170000000005,28.958490000000005,29.315660000000005,29.665790000000005,30.00888,30.345040000000004,30.674160000000004,30.996460000000003,31.312050000000003,31.620820000000005,31.922880000000003,32.218340000000005,32.507310000000004,32.78979,33.066,33.33583,33.599500000000006,33.85701,34.108470000000004,34.35399,34.59368,34.827540000000006,35.05557,35.2781,35.495020000000004,35.70644,35.912470000000006,36.11322,36.308690000000006,36.498990000000006,36.68412000000001,36.8643,37.039530000000006,37.209810000000004,37.37536000000001,37.53607,37.69216,37.843630000000005,37.990480000000005,38.13282000000001,38.27087,38.404410000000006,38.533770000000004,38.658730000000006,38.77962,38.896330000000006,39.00897,39.117540000000005,39.222150000000006,39.3228,39.4196,39.51255,39.601760000000006,39.687340000000006,39.769070000000006,39.847280000000005,39.92186,39.992920000000005,40.06035000000001,40.12448,40.18509,40.2424,40.29641,40.347010000000004,40.394420000000004,40.43864,40.479670000000006,40.51762000000001,40.55238000000001,40.58417,40.61299,40.63873,40.66161,40.68152,40.698570000000004,40.71287,40.72431,40.73311,40.73905,40.74246000000001,40.74323,40.74136,40.73696,40.73003,40.72068,40.70891,40.69472,40.67822000000001,40.65941,40.638400000000004,40.61519,40.589780000000005,40.56228,40.53269000000001,40.50123,40.46768000000001,40.432370000000006,40.39508,40.356139999999996,40.31544,40.272980000000004,40.22898000000001,40.183550000000004,40.13658,40.08818000000001,40.03846000000001,39.98753,39.935390000000005,39.88204,39.82781,39.77259,39.71649,39.65973,39.6022,39.54412,39.48549,39.42653000000001,39.36724000000001,39.30773,39.24822,39.1886,39.129200000000004,39.07002000000001,39.01128,38.952980000000004,38.89523,38.83825,38.78204,38.726820000000004,38.672810000000005,38.61990000000001,38.56842,38.518370000000004,38.47008,38.42344,38.378780000000006,38.3361,38.29562,38.25745,38.221810000000005,38.188590000000005,38.15823,38.13062000000001,38.10609,38.08464,38.06649,38.05164,38.04031,38.032500000000006,38.02854,38.02832,38.03217,38.03998000000001,38.051970000000004,38.06814,38.088710000000006,38.11368,38.14305,38.177040000000005,38.215650000000004,38.258880000000005,38.30695,38.359750000000005,38.41728,38.47965,38.54697000000001,38.619130000000006,38.696130000000004,38.77808,38.86487,38.956500000000005,39.05308,39.15439000000001,39.260540000000006,39.37153,39.48725,39.60759,39.73255,39.86213000000001,39.99622,40.13482,40.277820000000006,40.425110000000004
23.303940000000004,22.762410000000003,22.21956,21.67583,21.1321,20.589140000000004,20.04783,19.509270000000004,18.975,18.446340000000003,17.925050000000002,17.413220000000003,16.913050000000002,16.42718,15.958470000000002,15.51022,15.086060000000002,14.689840000000002,14.325520000000001,13.997390000000001,13.709850000000001,13.46697,13.27249,13.129600000000002,13.04072,13.007390000000001,13.02994,13.10782,13.239160000000002,13.421320000000001,13.650780000000001,13.923580000000001,14.235430000000001,14.581600000000002,14.957800000000002,15.359850000000002,15.78346,16.22511,16.68128,17.14911,17.62563,18.108530000000002,18.595830000000003,19.08566,19.576370000000004,20.06653,20.55515,21.041130000000003,21.523590000000002,22.00176,22.474980000000002,22.94292,23.404920000000004,23.860760000000003,24.31011,24.752640000000003,25.18824,25.616690000000002,26.037770000000002,26.451700000000002,26.858040000000003,27.25701,27.648610000000005,28.032620000000005,28.40915,28.77831,29.13999,29.494410000000002,29.84146,30.18136,30.514,30.839490000000005,31.158050000000003,31.46968,31.77438,32.07226000000001,32.36354,32.64811,32.926300000000005,33.198,33.46332,33.722370000000005,33.975260000000006,34.222100000000005,34.463,34.69796,34.92698,35.15039,35.368190000000006,35.58038,35.78707000000001,35.98837,36.18428,36.37502,36.560590000000005,36.740990000000004,36.91644,37.086940000000006,37.2526,37.41342,37.56951,37.720870000000005,37.86772,38.00995,38.147780000000004,38.2811,38.41013,38.534870000000005,38.65532,38.7717,38.8839,38.99203,39.096090000000004,39.19619,39.29244,39.384840000000004,39.47339,39.55820000000001,39.63927,39.71671,39.79052000000001,39.86070000000001,39.92747,39.990610000000004,40.05034,40.106770000000004,40.15968,40.2094,40.25571,40.29894,40.33887000000001,40.37561,40.40927000000001,40.43985000000001,40.46735,40.49188,40.51344,40.53203,40.547760000000004,40.56052,40.57064,40.57790000000001,40.58241,40.58417,40.583400000000005,40.57988,40.57383,40.56525,40.554140000000004,40.54061,40.524550000000005,40.50618,40.4855,40.46251000000001,40.43732000000001,40.40993,40.380340000000004,40.34877,40.315110000000004,40.279360000000004,40.24174,40.20225,40.161,40.11788,40.07311000000001,40.02669,39.97862000000001,39.929120000000005,39.87819,39.82583,39.77215,39.71737,39.66127,39.604290000000006,39.54621,39.48725,39.42752000000001,39.367020000000004,39.30597,39.244369999999996,39.18233,39.11985,39.05726,38.99456,38.93186000000001,38.86927000000001,38.806900000000006,38.74486,38.683260000000004,38.62232,38.562039999999996,38.50253,38.44412,38.386700000000005,38.3306,38.27582,38.22258,38.17099,38.12116,38.07331,38.027550000000005,37.98388,37.94274000000001,37.90391,37.867830000000005,37.834500000000006,37.804140000000004,37.77675000000001,37.75266,37.73176,37.714380000000006,37.700630000000004,37.69051,37.68424,37.68193000000001,37.683580000000006,37.68952,37.69964,37.71416000000001,37.73308,37.75662,37.78467,37.81745,37.855070000000005,37.897420000000004,37.944610000000004,37.996640000000006,38.05373,38.115770000000005,38.18276,38.25481,38.331920000000004,38.41398,38.50099,38.59317,38.69019,38.79227000000001,38.899300000000004,39.01117000000001,39.127880000000005,39.249430000000004,39.375710000000005,39.50661000000001,39.64224000000001,39.78238,39.92703,40.076080000000005
23.000780000000002,22.44649,21.88989,21.33164,20.77229,20.21261,19.653480000000002,19.09611,18.541710000000002,17.991710000000005,17.44798,16.912390000000002,16.38725,15.875420000000002,15.37987,14.904120000000002,14.45213,14.028080000000001,13.636700000000001,13.282940000000002,12.971640000000003,12.70786,12.496220000000001,12.340570000000001,12.243990000000002,12.20846,12.23453,12.32121,12.466520000000001,12.66694,12.9184,13.215950000000001,13.554530000000002,13.92875,14.33366,14.764310000000002,15.216190000000001,15.685450000000001,16.16824,16.66137,17.162200000000002,17.668200000000002,18.17717,18.68735,19.197200000000002,19.705400000000004,20.21085,20.71256,21.209650000000003,21.70157,22.18766,22.66748,23.140700000000002,23.60699,24.06602,24.51768,24.961750000000002,25.398120000000002,25.826680000000003,26.24743,26.66026,27.065280000000005,27.462380000000003,27.851670000000002,28.233150000000002,28.606820000000003,28.97279,29.331170000000004,29.68196,30.025270000000003,30.3611,30.689670000000003,31.011090000000003,31.32525,31.63237,31.932560000000002,32.22582,32.512480000000004,32.792320000000004,33.065670000000004,33.33253,33.59301000000001,33.84722,34.09516,34.33705,34.573,34.80301,35.027190000000004,35.245650000000005,35.45839000000001,35.66563,35.86737,36.06372,36.25479,36.440580000000004,36.62131,36.796870000000006,36.96748,37.13314,37.29396,37.449940000000005,37.60119,37.747820000000004,37.88994,38.027440000000006,38.160540000000005,38.28924,38.413650000000004,38.533660000000005,38.64960000000001,38.76125,38.86883,38.97245,39.07200000000001,39.167590000000004,39.259330000000006,39.34722000000001,39.43126000000001,39.51156,39.58823,39.66127,39.73057,39.796350000000004,39.858720000000005,39.917460000000005,39.9729,40.024820000000005,40.073440000000005,40.11876000000001,40.16078,40.19961,40.23525,40.267700000000005,40.29707,40.32336000000001,40.34657,40.36670000000001,40.38397,40.398270000000004,40.409710000000004,40.41829,40.42412,40.42709,40.42731,40.42489,40.41972,40.412020000000005,40.401680000000006,40.38881000000001,40.373520000000006,40.3557,40.33546,40.31280000000001,40.28783000000001,40.26066,40.23118,40.19961,40.16584,40.12998,40.09203,40.05221,40.0103,39.96663,39.921200000000006,39.87401,39.82506,39.774460000000005,39.72243,39.66886000000001,39.61375,39.557430000000004,39.499790000000004,39.441050000000004,39.3811,39.32016000000001,39.258340000000004,39.19564,39.13206,39.067930000000004,39.00325000000001,38.93813,38.87257,38.80679000000001,38.7409,38.6749,38.609010000000005,38.54334,38.478,38.4131,38.34875,38.28506,38.22225,38.16043,38.09971,38.040200000000006,37.98212000000001,37.925580000000004,37.870580000000004,37.81756000000001,37.76641000000001,37.71735,37.67049,37.62616,37.58425,37.54509,37.508790000000005,37.475460000000005,37.44521,37.41826,37.39472,37.3747,37.35842000000001,37.34588,37.3373,37.33268,37.33235,37.336200000000005,37.34445,37.35721,37.374590000000005,37.396589999999996,37.423320000000004,37.454890000000006,37.4913,37.53266000000001,37.57908,37.63056,37.68710000000001,37.74870000000001,37.81547,37.88741,37.96452,38.046800000000005,38.13425,38.226760000000006,38.32444,38.427290000000006,38.535090000000004,38.64795000000001,38.76576,38.88852000000001,39.01612,39.14856,39.28573000000001,39.42752000000001,39.573930000000004,39.72485
22.71302,22.14619,21.57617,21.003510000000002,20.42865,19.85247,19.27563,18.699340000000003,18.12459,17.55292,16.98598,16.425860000000004,15.874870000000001,15.335650000000001,14.81161,14.30627,13.82403,13.36951,12.94799,12.565190000000001,12.22683,11.939070000000001,11.707410000000001,11.536800000000001,11.4312,11.392920000000002,11.42284,11.519860000000001,11.68112,11.902660000000001,12.1792,12.504800000000001,12.8733,13.27865,13.7148,14.176470000000002,14.658710000000001,15.15712,15.66785,16.18749,16.71329,17.242720000000002,17.773690000000002,18.304550000000003,18.833650000000002,19.35978,19.881840000000004,20.399060000000002,20.91056,21.415900000000004,21.914530000000003,22.406010000000002,22.890010000000004,23.36642,23.8348,24.295040000000004,24.74725,25.191100000000002,25.626700000000003,26.054050000000004,26.473040000000005,26.883670000000002,27.28605,27.680290000000003,28.066280000000003,28.44424,28.814280000000004,29.176290000000005,29.530600000000003,29.876990000000003,30.215900000000005,30.547220000000003,30.87117,31.187640000000002,31.497070000000004,31.799240000000005,32.094480000000004,32.38268,32.664170000000006,32.939060000000005,33.207240000000006,33.46893000000001,33.72424,33.97328,34.21605,34.45277,34.683550000000004,34.908390000000004,35.1274,35.34069,35.548260000000006,35.750440000000005,35.947120000000005,36.13830000000001,36.324310000000004,36.50515000000001,36.680710000000005,36.85132,37.016980000000004,37.17769,37.33356,37.484590000000004,37.63100000000001,37.77279000000001,37.910070000000005,38.04273,38.1711,38.29496,38.414640000000006,38.529920000000004,38.641130000000004,38.748160000000006,38.85112000000001,38.950010000000006,39.04494,39.13602000000001,39.22314000000001,39.30641000000001,39.386050000000004,39.46184,39.53389000000001,39.60242,39.667320000000004,39.7287,39.78645,39.840900000000005,39.891830000000006,39.939350000000005,39.98357000000001,40.02449,40.062110000000004,40.096540000000005,40.12778,40.15594000000001,40.180910000000004,40.2028,40.221610000000005,40.23756,40.25043,40.26044,40.267480000000006,40.271770000000004,40.2732,40.27188,40.267810000000004,40.26099000000001,40.25153,40.23943,40.2248,40.207640000000005,40.18795000000001,40.16584,40.141310000000004,40.11436,40.085100000000004,40.05364,40.019870000000004,39.9839,39.945840000000004,39.90569000000001,39.86356000000001,39.81934,39.773360000000004,39.7254,39.67568000000001,39.6242,39.57118,39.516400000000004,39.460190000000004,39.402440000000006,39.34337,39.28287,39.221270000000004,39.15846,39.094550000000005,39.02976,38.96398,38.89743,38.83022,38.762350000000005,38.69393,38.62518,38.55621,38.48691000000001,38.41772,38.348420000000004,38.279450000000004,38.2107,38.142390000000006,38.074630000000006,38.00753,37.94131,37.87597,37.811730000000004,37.748810000000006,37.68732000000001,37.62726000000001,37.56896,37.512420000000006,37.457860000000004,37.4055,37.355450000000005,37.30782000000001,37.26272,37.22037,37.18099,37.14469,37.11147,37.08166,37.055260000000004,37.0326,37.01368000000001,36.998610000000006,36.987610000000004,36.98079,36.97815000000001,36.98002,36.986290000000004,36.99729,37.012910000000005,37.033370000000005,37.058670000000006,37.08903000000001,37.124340000000004,37.16471,37.21036,37.261070000000004,37.317170000000004,37.378440000000005,37.444990000000004,37.51682,37.59404000000001,37.67654,37.764320000000005,37.85738,37.95572000000001,38.05923,38.168020000000006,38.281980000000004,38.400999999999996,38.52497,38.654,38.787980000000005,38.9268,39.070350000000005,39.218630000000005,39.37142000000001
22.44176,21.862830000000002,21.27972,20.692980000000002,20.103050000000003,19.51059,18.91626,18.32094,17.72584,17.13239,16.54191,15.956710000000001,15.378770000000001,14.811060000000001,14.256880000000002,13.71997,13.204950000000002,12.716990000000001,12.262030000000001,11.846450000000003,11.47729,11.161700000000002,10.906544,10.718224000000001,10.601668,10.560077000000001,10.594441,10.70344,10.883609000000002,11.129690000000002,11.434940000000001,11.792440000000001,12.194600000000001,12.634160000000001,13.10463,13.599740000000002,14.11421,14.64331,15.18308,15.730110000000002,16.28143,16.83473,17.38792,17.93935,18.48748,19.031320000000004,19.569770000000002,20.10217,20.627750000000002,21.14607,21.6568,22.159390000000002,22.653840000000002,23.139710000000004,23.617,24.085600000000003,24.5454,24.9964,25.438600000000005,25.872,26.29671,26.71262,27.11995,27.518810000000002,27.909090000000003,28.291010000000004,28.664570000000005,29.0301,29.387380000000004,29.736850000000004,30.078400000000002,30.412250000000004,30.738400000000002,31.057180000000002,31.36848,31.672520000000002,31.9693,32.259150000000005,32.54207,32.81817,33.087450000000004,33.35024000000001,33.60654,33.856350000000006,34.1,34.33738,34.56871,34.79399,35.01344,35.22717000000001,35.43507,35.63747,35.83426,36.02566,36.211670000000005,36.39251,36.56807,36.73857,36.90401000000001,37.06461,37.22026,37.37107,37.51715,37.65861,37.79545,37.92778,38.0556,38.17902,38.29815,38.41288,38.52343,38.62991,38.73221,38.83044000000001,38.924600000000005,39.01491,39.10126,39.18376000000001,39.26252,39.337430000000005,39.40871,39.47625000000001,39.54016,39.600550000000005,39.65742,39.710770000000004,39.760600000000004,39.80702000000001,39.85014,39.88996,39.926370000000006,39.959590000000006,39.98962,40.01635,40.040110000000006,40.06068,40.07817,40.092580000000005,40.10402,40.11260000000001,40.118210000000005,40.120850000000004,40.12074,40.11777000000001,40.11205,40.10358,40.092360000000006,40.078610000000005,40.062110000000004,40.04308,40.02152,39.99743,39.97092000000001,39.94199,39.91075,39.87709,39.84123,39.80306000000001,39.762800000000006,39.72034000000001,39.675900000000006,39.62937,39.58086,39.530480000000004,39.47834,39.424330000000005,39.36856,39.31114,39.25218,39.191790000000005,39.12986000000001,39.06661,39.00204000000001,38.936260000000004,38.86938,38.80151,38.73265000000001,38.66302,38.592620000000004,38.52156,38.44995000000001,38.377900000000004,38.30552,38.23292,38.160320000000006,38.087610000000005,38.01512,37.94296000000001,37.87113,37.799850000000006,37.72923000000001,37.659490000000005,37.59063,37.522870000000005,37.45643,37.391310000000004,37.32773,37.265910000000005,37.205850000000005,37.14788000000001,37.092110000000005,37.038650000000004,36.987610000000004,36.93921,36.89367000000001,36.8511,36.81161,36.775420000000004,36.74253,36.71338,36.68786000000001,36.66619000000001,36.64859,36.63506,36.625820000000004,36.62098,36.620760000000004,36.62505,36.63418000000001,36.64804,36.66696,36.690830000000005,36.71987000000001,36.75408,36.79357,36.83823,36.88839,36.94383,37.00477000000001,37.0711,37.14293000000001,37.22026,37.302980000000005,37.3912,37.48481,37.58381,37.68831,37.79798,37.91304,38.03327,38.15867000000001,38.28924,38.424760000000006,38.56534,38.71065,38.860910000000004,39.01568
22.188100000000002,21.597510000000003,21.001970000000004,20.401590000000002,19.79703,19.18873,18.577240000000003,17.963330000000003,17.348100000000002,16.732760000000003,16.118740000000003,15.507910000000003,14.902580000000002,14.30528,13.719530000000002,13.14907,12.59885,12.074480000000001,11.582230000000001,11.129800000000001,10.725198,10.377125000000001,10.094282,9.884666000000001,9.754833,9.70904,9.748673,9.872016,10.074493000000002,10.349273,10.688029000000002,11.081840000000001,11.52173,11.999240000000002,12.50689,13.037860000000002,13.586430000000002,14.14765,14.71756,15.292420000000002,15.869700000000002,16.44687,17.022170000000003,17.593840000000004,18.16078,18.721890000000002,19.276290000000003,19.823320000000002,20.36243,20.89329,21.41546,21.92872,22.432850000000002,22.92785,23.413500000000003,23.8898,24.35675,24.81446,25.26282,25.701940000000004,26.13182,26.552680000000002,26.964520000000004,27.36745,27.761580000000002,28.147130000000004,28.524100000000004,28.8926,29.252740000000003,29.604850000000003,29.94882,30.28487,30.613110000000002,30.933650000000004,31.24671,31.552400000000002,31.850720000000003,32.141780000000004,32.42591,32.703,32.97338,33.23705,33.49401,33.74459,33.98879,34.22672000000001,34.458490000000005,34.68421,34.90399,35.117830000000005,35.326060000000005,35.52846,35.72536000000001,35.916760000000004,36.10277000000001,36.283500000000004,36.45895,36.62923000000001,36.794450000000005,36.95472,37.110040000000005,37.26052,37.40627,37.54729,37.683690000000006,37.81547,37.94274000000001,38.065720000000006,38.18419,38.29837,38.408260000000006,38.51397000000001,38.615610000000004,38.71307,38.80657,38.896,38.98158000000001,39.06331,39.14108,39.21511,39.2854,39.35206,39.41498000000001,39.474380000000004,39.530150000000006,39.58240000000001,39.63124,39.67656,39.71847,39.75708,39.79228,39.82429,39.853,39.87852,39.90085,39.9201,39.93616,39.949250000000006,39.95926,39.966190000000005,39.97026,39.971470000000004,39.969710000000006,39.965090000000004,39.95772000000001,39.94749,39.93462,39.919000000000004,39.900740000000006,39.87984,39.856410000000004,39.83034000000001,39.80185000000001,39.77094,39.737500000000004,39.701750000000004,39.66369,39.62343,39.58086,39.53609,39.48923,39.44039,39.38946,39.33655,39.28177000000001,39.22523,39.16682,39.10676,39.04505,38.98180000000001,38.917010000000005,38.85079,38.78336,38.71461,38.644650000000006,38.5737,38.501760000000004,38.428940000000004,38.35524,38.28088,38.20597000000001,38.13062000000001,38.05483,37.978820000000006,37.9027,37.82658,37.75057,37.674780000000005,37.599430000000005,37.52452,37.450269999999996,37.3769,37.304410000000004,37.23302,37.16284,37.09420000000001,37.02699,36.96154,36.89796,36.836360000000006,36.77707,36.71998,36.66553,36.61383,36.56488,36.51901,36.476330000000004,36.43695,36.40109,36.368860000000005,36.34048,36.31606000000001,36.29571,36.27965,36.267990000000005,36.26084,36.25842000000001,36.26062,36.26788,36.27998,36.297250000000005,36.31969,36.34741,36.38041,36.418910000000004,36.46280000000001,36.512190000000004,36.567190000000004,36.62769,36.69391,36.76574,36.84307,36.926120000000004,37.01478,37.10905,37.20882,37.3142,37.42497,37.54113000000001,37.66268,37.78962,37.921730000000004,38.05901,38.201240000000006,38.348530000000004,38.50077,38.657740000000004
21.95325,21.35166,20.74424,20.1311,19.512460000000004,18.888870000000004,18.26088,17.62893,16.99401,16.35722,15.71977,15.08331,14.45015,13.822600000000001,13.204070000000002,12.598520000000002,12.01068,11.446710000000001,10.913419000000001,10.419354,9.974008000000001,9.587886000000001,9.271878,9.036401,8.890189,8.839083,8.88503,9.025753000000002,9.255070000000002,9.563939000000001,9.941635000000002,10.376993000000002,10.859244,11.378620000000002,11.926530000000001,12.49567,13.07999,13.674430000000001,14.274920000000002,14.87805,15.481180000000002,16.082,16.67897,17.27055,17.85564,18.43336,19.00305,19.56405,20.11603,20.65855,21.19161,21.71477,22.228140000000003,22.7315,23.224960000000003,23.708410000000004,24.18196,24.645720000000004,25.099690000000002,25.543980000000005,25.978700000000003,26.40396,26.81987,27.226650000000003,27.6243,28.012930000000004,28.392870000000002,28.764120000000002,29.126790000000003,29.481210000000004,29.827270000000002,30.16519,30.4953,30.81749,31.131980000000002,31.438990000000004,31.738520000000005,32.030680000000004,32.3158,32.593880000000006,32.86492,33.12925,33.38687,33.638,33.88264,34.1209,34.353,34.57894,34.79883,35.01289,35.22112,35.42352,35.62042,35.811710000000005,35.9975,36.17801,36.35324000000001,36.523300000000006,36.68819,36.848130000000005,37.00301,37.15305000000001,37.29836,37.43883,37.57468,37.70602,37.83274,37.954950000000004,38.07287,38.18628,38.29551000000001,38.40056,38.501430000000006,38.59812,38.690740000000005,38.7794,38.86410000000001,38.944840000000006,39.021730000000005,39.09488,39.16418,39.22985,39.29178,39.35008,39.40475,39.4559,39.503640000000004,39.54775,39.58856000000001,39.625960000000006,39.65995,39.69064,39.71814,39.742230000000006,39.76324,39.781060000000004,39.7958,39.80735,39.81593,39.82143000000001,39.82385,39.82341,39.82011,39.813840000000006,39.80471000000001,39.79283,39.778200000000005,39.76071,39.74069,39.71792,39.692510000000006,39.66446,39.633990000000004,39.60099,39.56546000000001,39.52762,39.48736,39.444790000000005,39.40002,39.352940000000004,39.30366000000001,39.2524,39.19894,39.1435,39.08619,39.027010000000004,38.96585,38.903150000000004,38.83858,38.772470000000006,38.704820000000005,38.63574,38.56523000000001,38.49351000000001,38.42047,38.34633000000001,38.27120000000001,38.195080000000004,38.118190000000006,38.04053,37.96221,37.883340000000004,37.804140000000004,37.72461,37.64497000000001,37.565220000000004,37.485580000000006,37.40627,37.32718,37.24864,37.17065,37.093540000000004,37.01731,36.94218,36.868370000000006,36.795880000000004,36.72493,36.65574,36.588530000000006,36.523300000000006,36.46027,36.399660000000004,36.34169000000001,36.28636,36.234,36.184720000000006,36.13863,36.09606,36.057010000000005,36.0217,35.99035,35.96307,35.93997,35.92127000000001,35.90708000000001,35.89762,35.89289,35.89300000000001,35.89817000000001,35.90851000000001,35.92413,35.94503,35.971430000000005,36.003220000000006,36.04073,36.083740000000006,36.132470000000005,36.18692,36.2472,36.3132,36.38492,36.46258,36.54596,36.63506,36.72999000000001,36.83053,36.9369,37.048770000000005,37.166250000000005,37.289229999999996,37.4176,37.55136,37.690400000000004,37.834610000000005,37.983990000000006,38.13821000000001,38.29749
21.738200000000003,21.12649,20.50796,19.88272,19.25099,18.6131,17.96927,17.320050000000002,16.66621,16.00863,15.34819,14.68665,14.025660000000002,13.367750000000001,12.71578,12.073710000000002,11.44638,10.839708,10.261394000000001,9.720645000000001,9.22845,8.797481,8.441455000000001,8.174067,8.007296,7.9493480000000005,8.003083,8.1653,8.427419,8.777175000000002,9.200543,9.683520000000001,10.213170000000002,10.778251000000001,11.36927,11.978670000000001,12.59995,13.228160000000003,13.859450000000002,14.490630000000001,15.11917,15.7432,16.36118,16.971790000000002,17.574260000000002,18.167710000000003,18.751700000000003,19.32579,19.889760000000003,20.44328,20.98624,21.51864,22.040370000000003,22.551430000000003,23.051930000000002,23.541980000000002,24.021580000000004,24.49073,24.94976,25.398670000000003,25.837680000000002,26.266900000000003,26.686440000000005,27.09652,27.49725,27.888740000000002,28.271210000000004,28.644770000000005,29.00964,29.365930000000002,29.71386,30.05354,30.38497,30.70859,31.024290000000004,31.332400000000003,31.632920000000002,31.92596,32.211850000000005,32.490590000000005,32.76229,33.02706,33.28512,33.53658,33.78144,34.02003,34.25224,34.47818,34.69818,34.912130000000005,35.12025,35.32265,35.519330000000004,35.7104,35.895970000000005,36.076150000000005,36.251050000000006,36.42067,36.58523000000001,36.744730000000004,36.899170000000005,37.04866,37.19342,37.33334,37.46864,37.59921000000001,37.72527,37.84693000000001,37.96408,38.07683,38.18529000000001,38.28946,38.38956,38.48537,38.577220000000004,38.665,38.74871,38.82857,38.90458,38.97663000000001,39.04494,39.10962000000001,39.17045,39.22765,39.28133,39.33138,39.37780000000001,39.42081,39.46041,39.49649000000001,39.52927,39.55875,39.58482,39.6077,39.62728,39.64367000000001,39.656980000000004,39.667100000000005,39.67403000000001,39.6781,39.67898000000001,39.67700000000001,39.67194,39.66402,39.653240000000004,39.6396,39.6231,39.60385000000001,39.58196000000001,39.557210000000005,39.52993000000001,39.499900000000004,39.46734,39.432249999999996,39.394740000000006,39.3547,39.31224,39.267360000000004,39.22028,39.17078,39.11919,39.065400000000004,39.00952,38.951550000000005,38.891600000000004,38.82967000000001,38.76587000000001,38.70031,38.63299,38.56402,38.4934,38.421350000000004,38.34787,38.27296,38.19684000000001,38.119510000000005,38.04108,37.96166,37.88136000000001,37.800290000000004,37.718560000000004,37.63628,37.553560000000004,37.470400000000005,37.387130000000006,37.30375000000001,37.22048,37.13732,37.05449,36.9721,36.890480000000004,36.809520000000006,36.729440000000004,36.65046000000001,36.5728,36.496460000000006,36.42166,36.34873,36.27756,36.20859,36.14182,36.077470000000005,36.01576,35.95691,35.900920000000006,35.84812,35.798730000000006,35.75275,35.7104,35.67201,35.63758,35.60722,35.58137,35.55992,35.54309000000001,35.5311,35.524060000000006,35.52208,35.52516000000001,35.53363,35.54749,35.56685,35.591820000000006,35.62251,35.65892,35.70105,35.749120000000005,35.80313,35.862970000000004,35.92886,36.00069,36.07846000000001,36.16217,36.25193,36.34752,36.44894,36.5563,36.669380000000004,36.788180000000004,36.91259,37.04261,37.17813,37.31915,37.46534,37.61670000000001,37.77334,37.93482
21.544050000000002,20.9231,20.29456,19.65821,19.01438,18.36307,17.70461,17.03933,16.36756,15.690180000000002,15.007850000000001,14.322000000000001,13.633950000000002,12.945900000000002,12.26049,11.581240000000001,10.912814000000001,10.261130000000001,9.633954,9.041208000000001,8.4953,8.011289,7.6064560000000006,7.299061000000001,7.1058900000000005,7.038944000000001,7.102546,7.292021,7.594983000000001,7.994338,8.471496,9.008868000000001,9.591153,10.205679,10.842326,11.49313,12.152030000000002,12.81412,13.47577,14.13423,14.787410000000001,15.433440000000001,16.071330000000003,16.69987,17.31851,17.92659,18.52389,19.110080000000004,19.68494,20.24847,20.80045,21.3411,21.870420000000003,22.388410000000004,22.895290000000003,23.391060000000003,23.875940000000003,24.35004,24.813470000000002,25.266450000000003,25.709200000000003,26.141830000000002,26.56445,26.97739,27.380650000000003,27.774560000000005,28.15923,28.53477,28.901510000000002,29.25945,29.608810000000005,29.949700000000004,30.28245,30.607060000000004,30.923750000000002,31.232630000000004,31.533920000000006,31.827620000000003,32.11406,32.39324,32.66527,32.93037,33.18876,33.44033,33.685300000000005,33.92389,34.1561,34.38204,34.60193,34.81577,35.02367,35.22574000000001,35.422090000000004,35.61283000000001,35.79807,35.977920000000005,36.15238,36.32156,36.48557,36.64452000000001,36.798410000000004,36.94735000000001,37.09145,37.23071,37.36535,37.49526,37.62066000000001,37.741440000000004,37.857820000000004,37.969800000000006,38.077490000000004,38.18089,38.28,38.375040000000006,38.465900000000005,38.55269,38.63552,38.71439,38.789410000000004,38.86047000000001,38.92779,38.99126,39.0511,39.107200000000006,39.15967,39.208510000000004,39.25383,39.29563,39.33402,39.36889000000001,39.40035,39.4284,39.45326,39.47471,39.49286,39.50793,39.5197,39.52828000000001,39.53378,39.5362,39.535540000000005,39.53191,39.525310000000005,39.51563,39.50309000000001,39.48769,39.46943000000001,39.448420000000006,39.42455,39.39793,39.36867000000001,39.33666,39.30201,39.26483,39.225120000000004,39.182880000000004,39.138220000000004,39.09114,39.04164000000001,38.989830000000005,38.93582000000001,38.8795,38.82109,38.76048000000001,38.69789000000001,38.633320000000005,38.56677,38.49835,38.42817,38.35634,38.28275000000001,38.207620000000006,38.131060000000005,38.05307,37.973650000000006,37.893130000000006,37.811400000000006,37.728680000000004,37.64497000000001,37.56038,37.47513000000001,37.38933,37.302980000000005,37.216190000000005,37.12918,37.04206,36.95494,36.86804,36.78136000000001,36.69523,36.60954,36.524730000000005,36.44069,36.35786,36.27613,36.19583,36.11718,36.040290000000006,35.965270000000004,35.89234,35.82172,35.75352,35.68807,35.625370000000004,35.56575000000001,35.50932,35.4563,35.40691,35.36126,35.31946000000001,35.28184,35.24851,35.21969,35.19538,35.17591,35.161390000000004,35.15193,35.14764,35.148630000000004,35.15523,35.16733000000001,35.18504,35.208580000000005,35.23806,35.27337,35.314730000000004,35.362030000000004,35.415490000000005,35.47511000000001,35.540780000000005,35.61272,35.69071,35.77486,35.865170000000006,35.96153,36.06394000000001,36.1724,36.28669000000001,36.40692000000001,36.53298,36.66476000000001,36.802040000000005,36.94493000000001,37.093320000000006,37.246990000000004,37.40583,37.569840000000006
21.3719,20.7427,20.105140000000002,19.458890000000004,18.804170000000003,18.140870000000003,17.4691,16.788970000000003,16.100810000000003,15.405170000000002,14.702380000000002,13.99354,13.279860000000001,12.56277,11.84469,11.12859,10.418518,9.72015,9.040999000000001,8.391196,7.784216000000001,7.237516,6.772634,6.414100000000001,6.186070000000001,6.106936,6.183518000000001,6.408622,6.763482000000001,7.223579000000001,7.764086000000001,8.363146,9.003038000000002,9.670045000000002,10.353816,11.046640000000002,11.742720000000002,12.43781,13.128720000000001,13.81314,14.489310000000001,15.156020000000002,15.812170000000002,16.4571,17.09048,17.711980000000004,18.321160000000003,18.91813,19.50278,20.075110000000002,20.63523,21.18314,21.71906,22.243100000000002,22.75537,23.2562,23.745590000000004,24.223760000000002,24.69104,25.147540000000003,25.593370000000004,26.02886,26.45412,26.869370000000004,27.274830000000005,27.670610000000003,28.05704,28.434230000000003,28.802290000000003,29.161550000000002,29.512010000000004,29.854000000000003,30.187630000000002,30.51301,30.830360000000002,31.139790000000005,31.441520000000004,31.735660000000003,32.02243,32.30183,32.57408,32.839400000000005,33.097680000000004,33.349250000000005,33.59422,33.8327,34.064690000000006,34.29052,34.51008,34.72359,34.931160000000006,35.1329,35.328810000000004,35.519110000000005,35.70391000000001,35.88321,36.057120000000005,36.22575,36.389210000000006,36.54750000000001,36.70073,36.84901,36.992450000000005,37.13105,37.264810000000004,37.39406,37.51858,37.63859000000001,37.754200000000004,37.865300000000005,37.97211,38.07452,38.17275,38.26691,38.35678,38.44269,38.524530000000006,38.60230000000001,38.67622000000001,38.74629,38.81251,38.874990000000004,38.93362,38.988620000000004,39.039880000000004,39.08762,39.131730000000005,39.17232,39.209390000000006,39.242940000000004,39.27308000000001,39.29981,39.32324,39.34337,39.3602,39.37373,39.38396000000001,39.391110000000005,39.39507,39.395950000000006,39.39364,39.388360000000006,39.38011,39.36878,39.35448,39.337320000000005,39.317190000000004,39.29431,39.268570000000004,39.23997,39.20873,39.17474,39.138,39.09873,39.05682,39.01238000000001,38.96541,38.91602,38.86421,38.80998,38.753440000000005,38.694700000000005,38.63365,38.570510000000006,38.505280000000006,38.437960000000004,38.368660000000006,38.297380000000004,38.224340000000005,38.14943,38.07287,37.99477,37.915020000000005,37.83373,37.75123,37.667300000000004,37.58227,37.496030000000005,37.40891,37.3208,37.23203,37.14249,37.0524,36.96198,36.871230000000004,36.78026,36.68929000000001,36.59843,36.50790000000001,36.4177,36.328050000000005,36.23917,36.15117,36.06427,35.97847000000001,35.89421000000001,35.81138,35.73042,35.65133,35.57444,35.49986,35.4277,35.358290000000004,35.29174,35.22838,35.16821,35.111560000000004,35.05854,35.009370000000004,34.96416,34.92324,34.88683,34.854820000000004,34.827650000000006,34.80543,34.788270000000004,34.77628,34.76968,34.76858000000001,34.77309,34.78343,34.79949,34.821600000000004,34.84976,34.883970000000005,34.92445000000001,34.971090000000004,35.02411,35.0834,35.14896,35.22101000000001,35.299220000000005,35.38392,35.47478,35.57202,35.67542,35.78498,35.9007,36.022470000000006,36.15018,36.28372,36.42298,36.56807,36.71855,36.87453000000001,37.0359,37.20244
21.22252,20.586280000000002,19.940910000000002,19.286080000000002,18.6219,17.948040000000002,17.2645,16.57139,15.868710000000002,15.156570000000002,14.435410000000003,13.705670000000001,12.968230000000002,12.22419,11.475200000000001,10.723724,9.972974,9.22779,8.494926000000001,7.7840620000000005,7.1089150000000005,6.488757,5.949636000000001,5.524343,5.248683000000001,5.1523010000000005,5.246846000000001,5.520251000000001,5.942519,6.477482000000001,7.092008000000001,7.759752000000001,8.461178,9.182316,9.913288,10.647109,11.378840000000002,12.105060000000002,12.823140000000002,13.53143,14.228610000000002,14.91369,15.586340000000002,16.245900000000002,16.89226,17.52531,18.144940000000002,18.751260000000002,19.34427,19.924190000000003,20.491130000000002,21.045310000000004,21.586840000000002,22.115940000000002,22.632830000000002,23.137730000000005,23.630970000000005,24.112550000000002,24.582910000000002,25.042160000000003,25.490520000000004,25.928320000000003,26.35556,26.77268,27.17979,27.57711,27.96486,28.343260000000004,28.712310000000002,29.072450000000003,29.42379,29.766440000000003,30.100620000000003,30.426440000000003,30.74423,31.053990000000002,31.355940000000004,31.650190000000002,31.937070000000002,32.21647,32.48872,32.753820000000005,33.012100000000004,33.26345,33.5082,33.74635,33.978010000000005,34.2034,34.42263,34.6357,34.84283,35.04402,35.23949,35.42924,35.61338,35.79213,35.96538,36.13335000000001,36.296040000000005,36.45367,36.60613000000001,36.753750000000004,36.89631,37.03414,37.16713,37.295500000000004,37.41925,37.538380000000004,37.653,37.763220000000004,37.86915,37.97068,38.06792,38.16098,38.249970000000005,38.33478,38.41563,38.49241,38.56523000000001,38.6342,38.69932,38.76059,38.81812000000001,38.87191,38.92207,38.96849,39.011390000000006,39.05066,39.08641,39.118750000000006,39.14757000000001,39.17298,39.19498,39.213680000000004,39.228970000000004,39.24107,39.24987,39.25548,39.25790000000001,39.257130000000004,39.253280000000004,39.24635,39.236340000000006,39.22336000000001,39.207300000000004,39.18827,39.166380000000004,39.14152,39.113910000000004,39.08344,39.050110000000004,39.014030000000005,38.97531,38.933840000000004,38.88984,38.8432,38.79392000000001,38.74222,38.687990000000006,38.63134,38.57238000000001,38.511,38.44742,38.381640000000004,38.31366,38.243590000000005,38.17143000000001,38.09729,38.021280000000004,37.94351,37.863870000000006,37.78258,37.69964,37.61516,37.529360000000004,37.442130000000006,37.35358,37.26393,37.17329,37.08155000000001,36.98915,36.89587,36.802150000000005,36.707770000000004,36.613170000000004,36.518350000000005,36.42342000000001,36.32860000000001,36.234,36.13973000000001,36.04601,35.95306000000001,35.86088,35.769800000000004,35.67982,35.59138000000001,35.50448000000001,35.419230000000006,35.33607,35.255,35.17624,35.100010000000005,35.02664000000001,34.95613,34.8887,34.82468,34.76429,34.70753,34.65473,34.60611,34.56178,34.52196000000001,34.48687,34.45673,34.431540000000005,34.41163,34.397110000000005,34.388090000000005,34.38479,34.38721,34.39568,34.410090000000004,34.43066,34.4575,34.49072,34.530210000000004,34.5763,34.62877,34.68773,34.75329000000001,34.825340000000004,34.90399,34.98913,35.080760000000005,35.17888,35.28338,35.39415,35.511300000000006,35.63461,35.76408,35.89960000000001,36.04095,36.18813,36.34103,36.499430000000004,36.66333,36.832620000000006
21.09668,20.45472,19.802860000000003,19.140990000000002,18.468780000000002,17.78612,17.09279,16.38868,15.673570000000002,14.94735,14.210350000000002,13.462460000000002,12.70423,11.93621,11.15939,10.375453000000002,9.586687000000001,8.796667000000001,8.010772000000001,7.23723,6.488647,5.7844050000000005,5.153995000000001,4.639976000000001,4.296270000000001,4.173983000000001,4.295027,4.637072,5.148627000000001,5.775385000000001,6.474457,7.216077,7.980555000000001,8.755054,9.531148000000002,10.303249000000001,11.067650000000002,11.821810000000001,12.56398,13.293170000000002,14.0085,14.709640000000002,15.39615,16.068140000000003,16.7255,17.36823,17.99655,18.610570000000003,19.210620000000002,19.7967,20.36914,20.92827,21.47431,22.00748,22.528000000000002,23.0362,23.532300000000003,24.016520000000003,24.489300000000004,24.950640000000003,25.40087,25.840320000000002,26.2691,26.687540000000002,27.095860000000002,27.494170000000004,27.8828,28.261860000000002,28.631570000000004,28.99226,29.343930000000004,29.68691,30.021420000000003,30.34746,30.665250000000004,30.97512,31.276960000000003,31.571210000000004,31.857870000000002,32.13716,32.40908,32.67396,32.9318,33.18282,33.427130000000005,33.66484,33.89606,34.121010000000005,34.339580000000005,34.5521,34.758570000000006,34.95921,35.15402,35.34311,35.526590000000006,35.70446,35.87705,36.04425,36.20617000000001,36.36303,36.514720000000004,36.66135,36.803140000000006,36.94009,37.0722,37.199690000000004,37.32245,37.4407,37.55444,37.66367,37.7685,37.869040000000005,37.96540000000001,38.05747000000001,38.145360000000004,38.22907000000001,38.308820000000004,38.38450000000001,38.45622,38.52409000000001,38.588,38.64817000000001,38.70449,38.75707,38.806020000000004,38.85123,38.892810000000004,38.930870000000006,38.965300000000006,38.99621,39.02371000000001,39.0478,39.06837,39.085640000000005,39.099500000000006,39.110060000000004,39.117430000000006,39.1215,39.12227,39.119960000000006,39.11446,39.10577,39.09411000000001,39.079370000000004,39.061550000000004,39.04076,39.017,38.99027,38.96068,38.92823,38.892920000000004,38.85475,38.81394000000001,38.77038,38.72407,38.675230000000006,38.62364,38.569630000000004,38.512980000000006,38.45391000000001,38.39242,38.32851,38.26229000000001,38.193760000000005,38.12314000000001,38.05021,37.975300000000004,37.898300000000006,37.819320000000005,37.73836000000001,37.65564,37.571270000000005,37.48514,37.39736,37.308150000000005,37.217510000000004,37.125550000000004,37.03238,36.93811,36.842740000000006,36.7466,36.64958,36.5519,36.45378,36.35522,36.25633,36.15744,36.058550000000004,35.959770000000006,35.86132,35.76342,35.666180000000004,35.56982,35.47445,35.38029,35.28745000000001,35.19626,35.10672,35.01927,34.933910000000004,34.850970000000004,34.77056,34.6929,34.618320000000004,34.546820000000004,34.478840000000005,34.41449000000001,34.353880000000004,34.297340000000005,34.245090000000005,34.19724,34.15401,34.11573,34.08240000000001,34.05424000000001,34.03147,34.01431,34.00276,33.997150000000005,33.99748,34.00397,34.01673,34.03576,34.061280000000004,34.0934,34.13201,34.177330000000005,34.22925,34.28799,34.35344,34.42571,34.504690000000004,34.59038,34.68278,34.781890000000004,34.887600000000006,34.99980000000001,35.11838,35.24345,35.374790000000004,35.51229000000001,35.655840000000005,35.805330000000005,35.96065,36.12169,36.288340000000005,36.46027
20.995150000000002,20.34868,19.691870000000005,19.024500000000003,18.346130000000002,17.656650000000003,16.95551,16.242600000000003,15.51759,14.780150000000003,14.030280000000001,13.267540000000002,12.492150000000002,11.704220000000001,10.904080000000002,10.092423,9.270525000000001,8.440509,7.605840000000001,6.772271,5.949438,5.153929000000001,4.414674000000001,3.781965,3.3356730000000003,3.1708380000000003,3.3349140000000004,3.7800290000000003,4.410703000000001,5.146713,5.937437,6.753615,7.578406,8.401932,9.218231000000001,10.023629,10.81586,11.59345,12.35575,13.10199,13.832170000000001,14.54607,15.243910000000001,15.925690000000001,16.591630000000002,17.241950000000003,17.87709,18.49705,19.10227,19.69319,20.26981,20.832680000000003,21.38202,21.91805,22.44121,22.951720000000005,23.449910000000003,23.936000000000003,24.41032,24.87309,25.324530000000003,25.76508,26.194740000000003,26.613950000000003,27.02282,27.421680000000002,27.810750000000002,28.190140000000003,28.560070000000003,28.92087,29.272650000000002,29.615630000000003,29.95003,30.27596,30.593640000000004,30.903180000000006,31.204800000000002,31.498720000000002,31.784940000000002,32.063790000000004,32.33527,32.5996,32.857000000000006,33.10747,33.35112,33.588280000000005,33.81884,34.043020000000006,34.26093,34.47279,34.678490000000004,34.87836,35.0724,35.26072,35.44332000000001,35.62042,35.79213,35.958450000000006,36.1196,36.27547,36.426280000000006,36.572030000000005,36.71294,36.84890000000001,36.98013,37.106519999999996,37.22840000000001,37.34566,37.4583,37.56654,37.67038000000001,37.76993,37.865080000000006,37.95605,38.042840000000005,38.12556,38.204100000000004,38.27868,38.3493,38.415960000000005,38.478770000000004,38.537620000000004,38.59284,38.6441,38.69184,38.735730000000004,38.7761,38.81273,38.84584,38.87554,38.90161,38.92416,38.94341000000001,38.959140000000005,38.97157,38.9807,38.98642,38.98895,38.98818000000001,38.98422,38.977070000000005,38.966840000000005,38.95342,38.93681000000001,38.91723,38.89457,38.86894,38.84034,38.80888,38.77445,38.73705,38.69690000000001,38.65389,38.60824,38.55973,38.50858000000001,38.454679999999996,38.398250000000004,38.339290000000005,38.27769,38.21367,38.14723,38.07837000000001,38.007200000000005,37.93372,37.85804000000001,37.78016,37.700190000000006,37.61824,37.534310000000005,37.4484,37.360730000000004,37.27141,37.180330000000005,37.08771,36.99355,36.898070000000004,36.80138000000001,36.70337000000001,36.60437,36.504380000000005,36.40351,36.30198000000001,36.1999,36.09727,35.994420000000005,35.89135,35.78817,35.685210000000005,35.58258,35.48039,35.378750000000004,35.27799,35.17822,35.079660000000004,34.982420000000005,34.886720000000004,34.79289,34.70093,34.61117,34.523830000000004,34.43913,34.35718,34.278310000000005,34.20263,34.13058,34.06205,33.99759,33.937200000000004,33.8811,33.829620000000006,33.78287,33.74118,33.704550000000005,33.67331000000001,33.64768,33.62777,33.613690000000005,33.60566,33.603790000000004,33.60830000000001,33.61919,33.636680000000005,33.66088,33.691790000000005,33.72952,33.77407,33.82566,33.88418,33.94963,34.02201,34.10143,34.187780000000004,34.280950000000004,34.38105,34.487970000000004,34.601600000000005,34.721940000000004,34.84877,34.98209,35.121680000000005,35.267540000000004,35.41956,35.57741,35.7412,35.9106,36.08561000000001
20.918370000000003,20.26882,19.608600000000003,18.937380000000005,18.254830000000002,17.56051,16.85387,16.134800000000002,15.402640000000002,14.65717,13.89784,13.12432,12.336280000000002,11.53339,10.715529000000002,9.882609,9.034883,8.173,7.2983460000000004,6.413649,5.52409,4.639855,3.7819320000000003,2.9964770000000005,2.387176,2.1416670000000004,2.386791,2.9952560000000004,3.778995,4.633970000000001,5.513673000000001,6.396797,7.272914000000001,8.13659,8.984877000000001,9.816213000000001,10.629751000000002,11.42515,12.202300000000001,12.96119,13.702150000000001,14.425400000000002,15.131160000000001,15.819980000000001,16.491970000000002,17.14757,17.787330000000004,18.411360000000002,19.020210000000002,19.6141,20.193580000000004,20.758760000000002,21.310190000000002,21.84809,22.372790000000002,22.884620000000005,23.38402,23.871100000000002,24.34619,24.809620000000002,25.26161,25.70249,26.132590000000004,26.551910000000003,26.961000000000006,27.35986,27.748820000000002,28.128100000000003,28.49792,28.858500000000003,29.209950000000003,29.5526,29.886560000000003,30.21205,30.52918,30.838170000000005,31.13924,31.43261,31.718170000000004,31.99636,32.26718,32.53085,32.78748,33.03718,33.280170000000005,33.516450000000006,33.74624,33.96965,34.18668,34.39766,34.602590000000006,34.80147,34.99463000000001,35.181960000000004,35.36368,35.5399,35.710730000000005,35.87606000000001,36.03622,36.191100000000006,36.340920000000004,36.48568,36.625600000000006,36.76057,36.8907,37.01610000000001,37.136880000000005,37.25304,37.36469,37.471830000000004,37.57457000000001,37.67302,37.767070000000004,37.85694,37.94263,38.02414,38.10158,38.17495000000001,38.24436000000001,38.309810000000006,38.371410000000004,38.429050000000004,38.48295,38.53311,38.579420000000006,38.6221,38.66104,38.69646000000001,38.72825000000001,38.75641,38.78116000000001,38.80239,38.8201,38.8344,38.845400000000005,38.85288,38.85717,38.85805,38.855740000000004,38.85013000000001,38.84133,38.82934,38.81416000000001,38.795790000000004,38.77445,38.75003,38.722530000000006,38.691950000000006,38.65851000000001,38.621990000000004,38.58261,38.54037000000001,38.495270000000005,38.44742,38.396710000000006,38.343250000000005,38.28704,38.22819,38.166810000000005,38.102790000000006,38.03613,37.96705000000001,37.89555,37.82163,37.745400000000004,37.66686000000001,37.58612,37.50318000000001,37.418150000000004,37.33114,37.24215,37.15129,37.05856,36.96407000000001,36.86804,36.77047,36.67136000000001,36.570930000000004,36.46929,36.366440000000004,36.262600000000006,36.157880000000006,36.05239,35.946130000000004,35.83943,35.732400000000005,35.62515,35.51779,35.41043,35.3034,35.19681,35.090770000000006,34.9855,34.881220000000006,34.778150000000004,34.6764,34.576190000000004,34.477740000000004,34.38127,34.28689,34.195040000000006,34.10583,34.01948,33.93621,33.85624000000001,33.779790000000006,33.707080000000005,33.63844,33.57409,33.514140000000005,33.45881000000001,33.40843,33.363220000000005,33.32329,33.28886,33.26015,33.23738,33.22066,33.210100000000004,33.206030000000005,33.20845,33.217580000000005,33.23342,33.256190000000004,33.28589,33.32274,33.36663,33.41767,33.475970000000004,33.54142,33.614020000000004,33.69388,33.781000000000006,33.87516,33.97636,34.0846,34.19977,34.321760000000005,34.45057,34.585980000000006,34.72788,34.876160000000006,35.03071,35.19131,35.357960000000006,35.530330000000006,35.708420000000004
20.86656,20.215470000000003,19.553600000000003,18.8804,18.19543,17.49847,16.788860000000003,16.066270000000003,15.330040000000002,14.57984,13.815010000000003,13.035,12.239370000000001,11.427460000000002,10.598709000000001,9.752567,8.888495000000002,8.006086000000002,7.105065000000001,6.185542000000001,5.248386,4.2961160000000005,3.335607,2.3871650000000004,1.5262280000000001,1.0851764,1.5260740000000002,2.3863730000000003,3.333308,4.291034,5.238915,6.169768,7.080799000000001,7.9709080000000005,8.839776000000002,9.687458000000001,10.514240000000001,11.32043,12.106600000000002,12.873080000000002,13.62031,14.34895,15.059330000000001,15.752000000000002,16.42729,17.08586,17.72793,18.354050000000004,18.964550000000003,19.559980000000003,20.14067,20.706840000000003,21.259040000000002,21.7976,22.322850000000003,22.835120000000003,23.33463,23.82182,24.296910000000004,24.760340000000003,25.212220000000002,25.65288,26.08254,26.501640000000005,26.91018,27.308600000000002,27.697120000000005,28.07585,28.445010000000003,28.804930000000002,29.155720000000002,29.49771,29.830900000000003,30.155620000000003,30.471980000000002,30.7802,31.0805,31.372880000000006,31.65767,31.934980000000003,32.20492,32.4676,32.72335,32.97206,33.21406,33.44946,33.67826,33.90068,34.11672,34.32671,34.53065,34.72854,34.92071,35.10705,35.287670000000006,35.4629,35.632630000000006,35.79697000000001,35.95592,36.10981,36.25864000000001,36.402300000000004,36.54101,36.67499,36.80402,36.92832,37.048,37.16306,37.2735,37.379540000000006,37.48118,37.57842,37.67137,37.76003000000001,37.84451,37.92492000000001,38.00115,38.07331,38.141510000000004,38.20575,38.26603000000001,38.32246,38.375040000000006,38.423880000000004,38.46887,38.51023000000001,38.547850000000004,38.581950000000006,38.61231,38.63915,38.66236,38.68216,38.698440000000005,38.711310000000005,38.72066,38.726710000000004,38.72946,38.72869000000001,38.72473000000001,38.717580000000005,38.70702000000001,38.693380000000005,38.67644000000001,38.656310000000005,38.633100000000006,38.60681,38.57744,38.544990000000006,38.509570000000004,38.471070000000005,38.42971000000001,38.38527,38.338080000000005,38.28792000000001,38.23501,38.17924,38.120720000000006,38.059560000000005,37.995650000000005,37.929100000000005,37.86002,37.78830000000001,37.71405,37.63738000000001,37.5584,37.477000000000004,37.39329,37.30738,37.21927000000001,37.129070000000006,37.03689,36.942620000000005,36.84659,36.7488,36.64925000000001,36.548049999999996,36.445310000000006,36.34125,36.235760000000006,36.12906,36.02137,35.91258,35.803020000000004,35.69269,35.58181,35.470490000000005,35.35895000000001,35.24719,35.13543,35.024,34.91279,34.802240000000005,34.692350000000005,34.58345,34.47565,34.36928,34.264340000000004,34.16116,34.06007,33.96107,33.86449,33.77066000000001,33.67969,33.591800000000006,33.50743000000001,33.42658,33.34958,33.276650000000004,33.20801,33.1441,33.084810000000004,33.03069,32.98174,32.9384,32.900670000000005,32.868770000000005,32.84303,32.82345,32.81047,32.80398,32.80431,32.811460000000004,32.82576,32.847100000000005,32.87559,32.91145,32.95468,33.00528,33.06336,33.12881,33.20174,33.28215,33.369930000000004,33.46508,33.5676,33.67727,33.794090000000004,33.91795,34.04874,34.18635,34.33056,34.481480000000005,34.638670000000005,34.802240000000005,34.97186,35.147310000000004,35.3287
20.839940000000002,20.18896,19.526980000000002,18.85356,18.168480000000002,17.47097,16.760920000000002,16.03756,15.300450000000001,14.549150000000001,13.78289,13.001230000000001,12.2034,11.388850000000001,10.556821000000001,9.706521,8.83718,7.947973000000001,7.037998000000001,6.106309,5.151927,4.1737850000000005,3.17075,2.1416340000000003,1.0851731,0.0,1.0850917,2.141007,3.16866,4.1689560000000006,5.142742000000001,6.0908430000000005,7.014029000000001,7.913081000000001,8.788703,9.641599000000001,10.472451000000001,11.281930000000001,12.070520000000002,12.839090000000002,13.587970000000002,14.317710000000002,15.029080000000002,15.722410000000002,16.39814,17.05693,17.69922,18.325340000000004,18.935730000000003,19.530940000000005,20.111190000000004,20.677030000000002,21.22879,21.766800000000003,22.291390000000003,22.803,23.30185,23.78827,24.26259,24.72514,25.17614,25.61592,26.044810000000002,26.462920000000004,26.870580000000004,27.268010000000004,27.655430000000003,28.033170000000002,28.401340000000005,28.760270000000006,29.10996,29.45085,29.783050000000003,30.106670000000005,30.421930000000003,30.729050000000004,31.028250000000003,31.319640000000003,31.603220000000004,31.879430000000003,32.148270000000004,32.409850000000006,32.664500000000004,32.912110000000006,33.15301,33.3872,33.614900000000006,33.836110000000005,34.05116,34.25994,34.46267,34.65957,34.850530000000006,35.03566,35.21529,35.38931,35.55783,35.721070000000005,35.87892,36.031600000000005,36.17922,36.32178,36.459390000000006,36.59216,36.71998,36.843180000000004,36.961650000000006,37.0755,37.18484,37.28967000000001,37.390100000000004,37.48613,37.577870000000004,37.66532,37.74859,37.82768000000001,37.9027,37.973650000000006,38.04053,38.10356,38.16252,38.217740000000006,38.269000000000005,38.316520000000004,38.36019,38.40023000000001,38.436420000000005,38.46909,38.49813,38.523540000000004,38.545320000000004,38.56369,38.578430000000004,38.589760000000005,38.597680000000004,38.60219,38.60329,38.60098,38.59537,38.58646,38.57436,38.55885,38.54026,38.518370000000004,38.4934,38.46524000000001,38.433890000000005,38.399570000000004,38.36206000000001,38.321580000000004,38.27813,38.23171000000001,38.182320000000004,38.129960000000004,38.07474,38.01677,37.95583,37.892250000000004,37.82581,37.75684,37.685120000000005,37.610760000000006,37.53387,37.45445000000001,37.3725,37.28824000000001,37.20156000000001,37.11268,37.02149000000001,36.9281,36.832620000000006,36.73516000000001,36.63572,36.53441,36.431230000000006,36.32651,36.22014,36.112230000000004,36.00289,35.89234,35.78058,35.66783,35.55409,35.43958,35.32441000000001,35.208800000000004,35.09275,34.97659,34.86032,34.74427,34.628440000000005,34.51316,34.39865,34.28502,34.172380000000004,34.061170000000004,33.95139,33.84348,33.73744000000001,33.6336,33.53229,33.433620000000005,33.337920000000004,33.2453,33.156200000000005,33.070730000000005,32.98933,32.912000000000006,32.83907,32.77087,32.707620000000006,32.64954,32.59685,32.54977,32.508520000000004,32.47343,32.444610000000004,32.42228,32.40655,32.39764,32.395770000000006,32.401050000000005,32.41348,32.43339,32.46078,32.495650000000005,32.53811,32.58827,32.64613,32.711800000000004,32.78506,32.86602,32.954570000000004,33.05082,33.15455,33.26576,33.38434,33.51018,33.643170000000005,33.78309,33.92994,34.0835,34.243660000000006,34.4102,34.5829,34.76176,34.946450000000006
20.83862,20.18918,19.52874,18.857080000000003,18.17376,17.478230000000003,16.77005,16.04889,15.314200000000001,14.56532,13.80192,13.023340000000001,12.229030000000002,11.418330000000001,10.590833000000002,9.745857,8.882885000000002,8.001499,7.101435,6.1827700000000005,5.246373,4.2947630000000006,3.334793,2.3867360000000004,1.5260630000000002,1.0850873,1.5258980000000002,2.385944,3.3324610000000003,4.289615,5.236792,6.166809000000001,7.076872,7.965903,8.833572,9.679978,10.505363000000001,11.31009,12.094720000000002,12.85955,13.60513,14.331900000000001,15.04052,15.73121,16.40463,17.06111,17.7012,18.325230000000005,18.93364,19.526870000000002,20.10536,20.66933,21.21933,21.755580000000002,22.27841,22.78837,23.285570000000003,23.770340000000004,24.243120000000005,24.704130000000003,25.153590000000005,25.59183,26.019070000000003,26.435750000000002,26.841870000000004,27.237870000000004,27.623860000000004,28.00017,28.36691,28.724300000000003,29.072670000000002,29.41213,29.742900000000002,30.065090000000005,30.379030000000004,30.68483,30.9826,31.272560000000002,31.554930000000002,31.82982,32.09734,32.357600000000005,32.610820000000004,32.857220000000005,33.0968,33.32967000000001,33.556050000000006,33.776050000000005,33.98978,34.19735,34.39876,34.59434,34.784090000000006,34.96801000000001,35.14632,35.31913,35.48644,35.648360000000004,35.805,35.95647,36.10288,36.24412,36.380520000000004,36.511970000000005,36.63869,36.76057,36.87783,36.99047,37.098600000000005,37.20211,37.30133,37.39615,37.48657,37.572810000000004,37.65487,37.73264,37.80634,37.87608,37.94164000000001,38.00335,38.060990000000004,38.11489,38.16483000000001,38.21092,38.25327,38.291880000000006,38.32686,38.35799,38.385600000000004,38.409580000000005,38.429930000000006,38.446870000000004,38.46018,38.46997,38.47635,38.47921,38.478770000000004,38.474810000000005,38.46766,38.457100000000004,38.443130000000004,38.42597,38.405620000000006,38.38197,38.35513,38.325100000000006,38.291880000000006,38.25558,38.21609,38.17363,38.12809000000001,38.07947,38.02788,37.97343,37.91590000000001,37.85562,37.79237,37.72626,37.65751,37.5859,37.511540000000004,37.43454,37.35490000000001,37.27273000000001,37.18803,37.10080000000001,37.01115000000001,36.91908000000001,36.82481000000001,36.72823,36.629450000000006,36.528690000000005,36.42584000000001,36.32101000000001,36.214310000000005,36.105850000000004,35.99574,35.88398,35.770790000000005,35.65628,35.54045,35.42352,35.3056,35.186800000000005,35.06734,34.94722,34.826660000000004,34.70599,34.585100000000004,34.46432,34.34376,34.22375,34.104290000000006,33.985820000000004,33.868230000000004,33.75207,33.63734,33.524370000000005,33.413380000000004,33.304590000000005,33.19833,33.09471,32.99406,32.8966,32.80266,32.71246000000001,32.62633,32.544380000000004,32.46705,32.394450000000006,32.327020000000005,32.26476,32.208220000000004,32.1574,32.11263,32.074020000000004,32.042010000000005,32.01671,31.998230000000003,31.986900000000002,31.98272,31.98591,31.996690000000005,32.015060000000005,32.04113,32.07501,32.11681,32.16664,32.22428,32.290060000000004,32.36365000000001,32.44527,32.53481000000001,32.632160000000006,32.737320000000004,32.85018,32.97063,33.098560000000006,33.23386,33.376310000000004,33.525800000000004,33.68222,33.84535,34.015080000000005,34.19119,34.37346,34.56178
20.86238,20.21591,19.558770000000003,18.89063,18.21105,17.5197,16.81614,16.09993,15.370630000000002,14.628020000000001,13.871440000000002,13.10056,12.315160000000002,11.51491,10.699436000000002,9.868837000000001,9.0233,8.163452,7.290690000000001,6.407698,5.519646,4.636698000000001,3.7798200000000004,2.995146,2.386329,2.140974,2.3859220000000003,2.993892,3.7768060000000006,4.63067,5.508965,6.390428,7.2646310000000005,8.126151,8.972084,9.800846000000002,10.611634000000002,11.40403,12.1781,12.9338,13.67135,14.391080000000002,15.093210000000001,15.77818,16.44632,17.09796,17.73354,18.3535,18.958060000000003,19.547660000000004,20.12263,20.683410000000002,21.230330000000002,21.763720000000003,22.2838,22.791010000000004,23.285680000000003,23.76803,24.238280000000003,24.69698,25.14424,25.580280000000002,26.005430000000004,26.42002,26.824160000000003,27.218180000000004,27.602190000000004,27.97663,28.341500000000003,28.69713,29.043630000000004,29.381330000000002,29.71045,30.03099,30.343170000000004,30.647320000000004,30.943550000000005,31.231860000000005,31.512690000000003,31.785930000000004,32.05191000000001,32.31063,32.56242,32.807280000000006,33.045320000000004,33.27676,33.50171,33.72028,33.93258,34.13872,34.33881,34.53296,34.72128000000001,34.90388,35.080870000000004,35.252250000000004,35.418240000000004,35.57884000000001,35.73416,35.884310000000006,36.0294,36.169430000000006,36.3044,36.43464,36.55993,36.6806,36.79654,36.90786,37.01467000000001,37.11697,37.21487,37.308370000000004,37.39758,37.48239,37.56313,37.63969,37.712070000000004,37.78038,37.844730000000006,37.905010000000004,37.96144,38.01391000000001,38.06242000000001,38.10719,38.14822,38.1854,38.21895000000001,38.248760000000004,38.27483,38.297380000000004,38.3163,38.331700000000005,38.34347,38.35172000000001,38.35656,38.35788000000001,38.35579,38.35029,38.34138000000001,38.329170000000005,38.313550000000006,38.29463,38.27252,38.24700000000001,38.2184,38.18639,38.151300000000006,38.113020000000006,38.07166,38.02711,37.97948,37.92877,37.87509,37.81833,37.7586,37.6959,37.630340000000004,37.56181000000001,37.49053,37.41628000000001,37.33939,37.259750000000004,37.17736000000001,37.092330000000004,37.00477000000001,36.914570000000005,36.82195,36.726910000000004,36.62934,36.52957000000001,36.427600000000005,36.32332,36.216950000000004,36.1086,35.998270000000005,35.88618,35.772220000000004,35.65661000000001,35.53946,35.420880000000004,35.30098,35.17987,35.057660000000006,34.93446,34.8106,34.68597,34.560790000000004,34.435390000000005,34.30977,34.18426,34.05886,33.9339,33.809490000000004,33.68596,33.56342,33.44209000000001,33.3223,33.20416,33.088,32.97404,32.862610000000004,32.753930000000004,32.64822,32.545700000000004,32.44681,32.35166,32.260690000000004,32.17401,32.091950000000004,32.01484,31.943010000000005,31.87657,31.815850000000005,31.761070000000004,31.712560000000003,31.670540000000003,31.635230000000004,31.606740000000002,31.58551,31.571430000000003,31.564940000000004,31.566040000000005,31.57495,31.591780000000004,31.616640000000004,31.649640000000005,31.69067,31.740060000000003,31.797590000000003,31.863480000000003,31.937620000000003,32.01990000000001,32.11043,32.2091,32.3158,32.43042,32.55285,32.68298,32.8207,32.965790000000005,33.118140000000004,33.277640000000005,33.443960000000004,33.61699,33.796620000000004,33.98252,34.17447
20.91067,20.26882,19.616630000000004,18.95377,18.27991,17.59483,16.898200000000003,16.189690000000002,15.46897,14.735820000000002,13.98991,13.23135,12.459810000000001,11.675620000000002,10.87911,10.070885,9.252232000000001,8.425252,7.5933660000000005,6.762316000000001,5.941716,5.148088,4.410373000000001,3.778786,3.3331760000000004,3.1685720000000006,3.3323950000000004,3.7767730000000004,4.406248000000001,5.140597,5.929253,6.742967000000001,7.564920000000001,8.385256,9.198046000000001,9.999627,10.787744000000002,11.561,12.318570000000001,13.060080000000001,13.785090000000002,14.493820000000001,15.186050000000002,15.86222,16.522330000000004,17.16682,17.795690000000004,18.40949,19.00844,19.59276,20.16289,20.719050000000003,21.261680000000002,21.79089,22.30712,22.8107,23.30185,23.780900000000003,24.248070000000002,24.70369,25.14798,25.581160000000004,26.003670000000003,26.41551,26.817120000000003,27.20872,27.59042,27.962440000000004,28.325000000000003,28.678430000000002,29.02295,29.35856,29.685480000000002,30.00404,30.31435,30.616520000000005,30.910770000000003,31.19732,31.476280000000003,31.747760000000003,32.01198,32.26905,32.51908,32.76229,32.99868,33.22858,33.45188,33.668910000000004,33.879560000000005,34.084160000000004,34.28271,34.47543,34.66221,34.843270000000004,35.01883,35.18878,35.35334,35.512510000000006,35.6664,35.81512,35.958780000000004,36.09738000000001,36.231030000000004,36.359840000000005,36.483920000000005,36.60316,36.717780000000005,36.827670000000005,36.93316000000001,37.03414,37.130610000000004,37.22279,37.310570000000006,37.39417,37.47348,37.54872,37.619780000000006,37.68677,37.74969000000001,37.80865,37.86365000000001,37.91469,37.96199,38.00533,38.04493000000001,38.08068,38.11280000000001,38.141180000000006,38.165820000000004,38.18683,38.20432,38.218180000000004,38.228410000000004,38.23512,38.238420000000005,38.238200000000006,38.234460000000006,38.22731,38.216750000000005,38.202890000000004,38.18551000000001,38.16494,38.14096000000001,38.11368,38.08310000000001,38.049330000000005,38.012370000000004,37.97211,37.92866000000001,37.882130000000004,37.83241,37.779610000000005,37.72362,37.664660000000005,37.60273,37.53772,37.46974,37.398790000000005,37.324980000000004,37.248200000000004,37.168670000000006,37.08639,37.001250000000006,36.913360000000004,36.82294,36.72977000000001,36.63407,36.53595000000001,36.4353,36.33223,36.226850000000006,36.11916,36.00938,35.897400000000005,35.783440000000006,35.6675,35.549690000000005,35.43023,35.30912000000001,35.18636,35.06228,34.93688,34.81027,34.68267,34.554190000000006,34.425050000000006,34.29525,34.16501,34.03455,33.904090000000004,33.773740000000004,33.64372,33.514250000000004,33.38555,33.25773,33.13123,33.00616,32.882740000000005,32.761300000000006,32.64206000000001,32.525240000000004,32.411280000000005,32.300290000000004,32.1926,32.08843,31.988220000000005,31.892190000000003,31.800560000000004,31.713770000000004,31.63193,31.555480000000003,31.484640000000002,31.419630000000005,31.36089,31.30853,31.262770000000003,31.223940000000002,31.192370000000004,31.16806,31.151340000000005,31.14243,31.141330000000004,31.148370000000003,31.163660000000004,31.187200000000004,31.219100000000005,31.259470000000004,31.30842,31.365950000000005,31.432060000000003,31.50664,31.589800000000004,31.681430000000002,31.78142,31.889660000000003,32.00615,32.13078,32.263220000000004,32.40358,32.55153000000001,32.70685,32.86954,33.03927,33.21582,33.399080000000005,33.58883,33.78474
20.98316,20.34725,19.70144,19.04562,18.37946,17.702740000000002,17.015240000000002,16.316850000000002,15.60746,14.88685,14.155240000000001,13.412740000000001,12.65957,11.8965,11.124520000000002,10.345137,9.560628000000001,8.774579000000001,7.9923470000000005,7.222094000000001,6.476393,5.774604000000001,5.146174000000001,4.633596000000001,4.290759,4.168747,4.28945,4.6305380000000005,5.1405199999999995,5.765122,6.461499,7.199874000000001,7.960623000000001,8.730931000000002,9.502394000000002,10.269457000000001,11.028380000000002,11.776820000000003,12.512830000000001,13.235640000000002,13.944260000000002,14.638360000000002,15.317720000000001,15.98212,16.631780000000003,17.26659,17.88688,18.49265,19.084120000000002,19.661730000000002,20.22548,20.7757,21.312720000000002,21.83687,22.348260000000003,22.84711,23.333970000000004,23.808840000000004,24.272050000000004,24.72382,25.16459,25.594360000000005,26.01346,26.422220000000003,26.820750000000004,27.209380000000003,27.588220000000003,27.957490000000004,28.317520000000005,28.66831,29.010190000000005,29.34338,29.667990000000003,29.984240000000003,30.292350000000003,30.59232,30.88448,31.168940000000003,31.44581,31.715310000000002,31.97755,32.23264,32.4808,32.72214,32.95677,33.1848,33.40634,33.621610000000004,33.83061,34.03356,34.23046,34.421530000000004,34.606660000000005,34.78618,34.9602,35.12861,35.29152,35.44926,35.60161,35.748900000000006,35.891020000000005,36.02819,36.160410000000006,36.28779,36.41033,36.52814,36.64133,36.749900000000004,36.85396,36.95351,37.04866,37.139410000000005,37.22587000000001,37.308040000000005,37.38603,37.45984000000001,37.52947,37.59503000000001,37.65663,37.71416000000001,37.76773,37.81745,37.86321000000001,37.90523,37.943400000000004,37.97772,38.0083,38.035250000000005,38.058460000000004,38.07804,38.09399,38.10631,38.115,38.12028000000001,38.121930000000006,38.12006,38.11478,38.10598000000001,38.09377,38.07815000000001,38.05912000000001,38.036680000000004,38.010940000000005,37.98190000000001,37.949560000000005,37.913810000000005,37.87487,37.83274,37.787310000000005,37.73869,37.68688000000001,37.63188,37.573800000000006,37.512640000000005,37.44829000000001,37.380970000000005,37.31068,37.2372,37.16086000000001,37.08166,36.99949,36.91446,36.826570000000004,36.735929999999996,36.642540000000004,36.5464,36.44762,36.34631,36.24247,36.1361,36.027420000000006,35.916320000000006,35.802910000000004,35.6873,35.56971000000001,35.449920000000006,35.32826,35.20484,35.079550000000005,34.95272000000001,34.82435,34.694660000000006,34.56365,34.431540000000005,34.29844,34.16446,34.02993,33.894850000000005,33.759440000000005,33.623920000000005,33.48851,33.353320000000004,33.21857,33.08459,32.95149,32.81949,32.68903,32.56022,32.43328,32.30854,32.186330000000005,32.06676,31.950380000000003,31.837300000000003,31.72774,31.62225,31.521050000000002,31.42425,31.332400000000003,31.245720000000002,31.164540000000002,31.089080000000003,31.01967,30.95664,30.900210000000005,30.850600000000004,30.808250000000005,30.773270000000004,30.745880000000003,30.72641,30.71486,30.711560000000002,30.716730000000002,30.73026,30.752480000000002,30.78339,30.823100000000004,30.871720000000003,30.929140000000004,30.995470000000005,31.070710000000002,31.154750000000003,31.247480000000003,31.3489,31.459010000000003,31.577480000000005,31.704310000000003,31.83939,31.9825,32.13342,32.29193,32.45803,32.631280000000004,32.81157,32.99868,33.19239,33.39248
21.07908,20.45043,19.81254,19.16519,18.508380000000002,17.84189,17.16572,16.479760000000002,15.784120000000001,15.07891,14.364460000000001,13.64132,12.910260000000001,12.172270000000001,11.42922,10.683255,9.937752,9.19743,8.469032,7.7621720000000005,7.0905450000000005,6.473357000000001,5.9366010000000005,5.513035,5.2384200000000005,5.142346,5.236451000000001,5.508679,5.929033,6.461367,7.072582000000001,7.736344000000001,8.433194,9.149173000000001,9.874436000000001,10.602042,11.32714,12.046100000000001,12.7567,13.45696,14.14578,14.822280000000001,15.485800000000001,16.136120000000002,16.772910000000003,17.39617,18.00579,18.60177,19.184330000000003,19.75358,20.309630000000002,20.85281,21.38312,21.901000000000003,22.40645,22.899910000000002,23.381380000000004,23.851300000000002,24.309890000000003,24.757260000000002,25.193740000000002,25.619440000000004,26.0348,26.439820000000005,26.83483,27.21994,27.595480000000002,27.96167,28.318510000000003,28.666440000000005,29.005460000000003,29.335900000000002,29.657870000000003,29.971480000000003,30.276950000000003,30.574610000000003,30.86435,31.146390000000004,31.42106,31.688360000000003,31.948400000000003,32.20140000000001,32.44747,32.68683,32.91948,33.14553,33.3652,33.5786,33.78573,33.98681,34.18195,34.37126000000001,34.55474,34.73261,34.90476,35.07152,35.23289,35.388980000000004,35.53979,35.68554,35.82612,35.96175000000001,36.09243000000001,36.218270000000004,36.339380000000006,36.455650000000006,36.56741,36.67455,36.77707,36.87519,36.96891,37.05823000000001,37.14326,37.224000000000004,37.30056,37.37294000000001,37.441140000000004,37.50527,37.56544,37.62154,37.673790000000004,37.721970000000006,37.76641000000001,37.80689,37.843630000000005,37.87652,37.90567,37.93108,37.95286,37.9709,37.985310000000005,37.99609,38.003240000000005,38.006980000000006,38.006980000000006,38.003569999999996,37.996640000000006,37.98619,37.97233,37.954950000000004,37.934270000000005,37.910070000000005,37.88257,37.85166,37.81745,37.77994,37.739020000000004,37.69491,37.64750000000001,37.59679,37.54289,37.485800000000005,37.425520000000006,37.36216,37.295500000000004,37.22587000000001,37.15305000000001,37.07726,36.99839000000001,36.91655,36.83174,36.74396,36.65332,36.55982,36.463570000000004,36.36446,36.26271,36.158210000000004,36.05107,35.9414,35.82931,35.714690000000004,35.59776000000001,35.47852,35.35708,35.23355000000001,35.10804,34.98044,34.85108,34.72007000000001,34.587410000000006,34.453210000000006,34.317690000000006,34.18096,34.043240000000004,33.90453,33.76505,33.625020000000006,33.484550000000006,33.34386,33.20317,33.0627,32.922670000000004,32.783190000000005,32.64459,32.507090000000005,32.37102,32.2366,32.10394,31.97359,31.845660000000006,31.720480000000002,31.59849,31.47969,31.364740000000005,31.253750000000004,31.147050000000004,31.044970000000003,30.947840000000003,30.8561,30.76997,30.689670000000003,30.615640000000003,30.548210000000005,30.487600000000004,30.434030000000003,30.38794,30.34944,30.31886,30.296420000000005,30.282230000000002,30.27662,30.279700000000002,30.291580000000003,30.31248,30.3424,30.38145,30.429630000000003,30.48705,30.553710000000002,30.62961,30.714530000000003,30.808580000000003,30.911650000000005,31.02352,31.1443,31.27355,31.411270000000005,31.557350000000003,31.71135,31.87338,32.043,32.21999,32.40424,32.595420000000004,32.793420000000005,32.997800000000005
21.19755,20.577370000000002,19.94872,19.311490000000003,18.66557,18.01096,17.34777,16.67622,15.99642,15.30892,14.614160000000002,13.913130000000002,13.20693,12.497100000000001,11.78584,11.07634,10.372428000000001,9.679769,9.005832000000002,8.360704,7.757805000000001,7.214537000000001,6.752383000000001,6.395818,6.168965000000001,6.090161,6.166215,6.389922000000001,6.742538000000001,7.199544,7.736157,8.330553,8.965055000000001,9.625979000000001,10.303007000000001,10.98845,11.67661,12.363230000000001,13.04512,13.72019,14.386460000000001,15.042720000000001,15.688200000000002,16.32224,16.944180000000003,17.553910000000002,18.151100000000003,18.73586,19.307970000000005,19.86754,20.414680000000004,20.949500000000004,21.47211,21.982620000000004,22.481360000000002,22.96833,23.44386,23.908170000000002,24.36126,24.80357,25.2351,25.65629,26.06714,26.467980000000004,26.858920000000005,27.240180000000002,27.612090000000002,27.97465,28.328080000000003,28.672710000000002,29.008540000000004,29.335900000000002,29.654790000000002,29.96554,30.26826,30.563170000000003,30.850270000000002,31.129780000000004,31.401920000000004,31.666800000000002,31.924530000000004,32.17522,32.419090000000004,32.65614,32.88659,33.11066,33.32824,33.539550000000006,33.74481,33.94402,34.13718,34.32462,34.50623,34.682230000000004,34.85273,35.01773,35.17745000000001,35.33178,35.480940000000004,35.62493,35.76397000000001,35.89795000000001,36.02709,36.15128000000001,36.27085,36.385690000000004,36.4958,36.601400000000005,36.702490000000004,36.79907,36.89125000000001,36.97914000000001,37.062630000000006,37.141940000000005,37.21707000000001,37.287910000000004,37.35479,37.41749000000001,37.47612000000001,37.5309,37.581610000000005,37.62836,37.671260000000004,37.71031,37.74562,37.776970000000006,37.80469,37.82867,37.848800000000004,37.865410000000004,37.878280000000004,37.88752,37.893240000000006,37.89522000000001,37.89379,37.88873,37.88015000000001,37.868050000000004,37.852540000000005,37.833510000000004,37.81096000000001,37.78511,37.75574,37.72307000000001,37.68699,37.64750000000001,37.604710000000004,37.55862,37.50923,37.456540000000004,37.40055,37.34126,37.278780000000005,37.21311000000001,37.144360000000006,37.07231,36.99707,36.91886000000001,36.83746,36.75309000000001,36.66553,36.57511000000001,36.48172,36.38536,36.28614,36.18406,36.07912,35.971540000000005,35.86121000000001,35.74824,35.632630000000006,35.5146,35.394040000000004,35.27106,35.145880000000005,35.0185,34.88892,34.757250000000006,34.62382,34.48841,34.351350000000004,34.21275,34.072610000000005,33.93126,33.7887,33.64504,33.50061,33.355520000000006,33.209880000000005,33.06402,32.91794,32.77208,32.62644,32.481460000000006,32.337250000000004,32.19403,32.052130000000005,31.911880000000004,31.773500000000006,31.637320000000003,31.503560000000004,31.37255,31.24462,31.120100000000004,30.999320000000004,30.8825,30.770190000000003,30.66261,30.560090000000002,30.463070000000002,30.371660000000006,30.286410000000004,30.207650000000005,30.135490000000004,30.070480000000003,30.012840000000004,29.962790000000002,29.920660000000005,29.88678,29.86126,29.844430000000003,29.8364,29.837390000000003,29.847510000000003,29.866980000000005,29.895800000000005,29.934190000000005,29.98204,30.039570000000005,30.10656,30.183120000000002,30.26914,30.364620000000002,30.469340000000003,30.583300000000005,30.706390000000003,30.838280000000005,30.978860000000005,31.128020000000003,31.28543,31.45098,31.624340000000004,31.805400000000006,31.993830000000003,32.1893,32.3917,32.600590000000004
21.337690000000002,20.72719,20.10888,19.482870000000002,18.84927,18.207970000000003,17.559520000000003,16.903920000000003,16.24183,15.57391,14.900820000000001,14.223770000000002,13.544410000000001,12.86461,12.187120000000002,11.515350000000002,10.853865,10.208671,9.587413000000002,8.999947,8.458637,7.978465000000001,7.576679,7.271473,7.079578000000001,7.012973000000001,7.075937000000001,7.263806000000001,7.5641940000000005,7.960018,8.432732000000001,8.964791000000002,9.540905000000002,10.148457,10.777382000000001,11.419760000000002,12.069530000000002,12.721830000000002,13.373250000000002,14.02082,14.662560000000001,15.296710000000001,15.922170000000001,16.537950000000002,17.14339,17.73805,18.32138,18.89338,19.453830000000004,20.00251,20.539640000000002,21.065,21.578920000000004,22.08129,22.57233,23.05204,23.520860000000003,23.97868,24.425720000000002,24.86231,25.28845,25.70436,26.11026,26.50637,26.892910000000004,27.269880000000004,27.637610000000002,27.99621,28.3459,28.686790000000002,29.01921,29.34316,29.65875,29.966420000000003,30.266060000000003,30.557890000000004,30.84213,31.11889,31.388390000000005,31.65052,31.905720000000002,32.15399,32.39533,32.63007,32.858320000000006,33.07997,33.29546,33.50468,33.70774,33.904860000000006,34.09604,34.2815,34.461130000000004,34.63526,34.80389,34.967020000000005,35.12487,35.277440000000006,35.42484,35.56718,35.70446,35.83679,35.96428,36.08682,36.20474000000001,36.317930000000004,36.426500000000004,36.53056000000001,36.63011,36.72515,36.81579,36.90214000000001,36.9842,37.06197,37.135560000000005,37.20497,37.27031,37.33158000000001,37.388780000000004,37.44191,37.49119,37.53651,37.577980000000004,37.61549000000001,37.64926,37.67918,37.705360000000006,37.7278,37.7465,37.76157,37.7729,37.7806,37.78467,37.78522,37.782140000000005,37.77543,37.76520000000001,37.75145,37.73429,37.713499999999996,37.6893,37.66169000000001,37.63056,37.59602,37.55807000000001,37.51671,37.47205,37.42398,37.3725,37.31783,37.259750000000004,37.19837,37.13369,37.06582,36.99465000000001,36.92029,36.842740000000006,36.76200000000001,36.678180000000005,36.59117,36.50097,36.4078,36.311659999999996,36.21244,36.11025,36.0052,35.897180000000006,35.786410000000004,35.67278,35.556400000000004,35.437490000000004,35.315830000000005,35.19164,35.06503000000001,34.93600000000001,34.80466,34.67112,34.53538,34.39766,34.257960000000004,34.1165,33.97328,33.828520000000005,33.68233,33.53493,33.386430000000004,33.236830000000005,33.08657,32.93565,32.7844,32.63282,32.481350000000006,32.33021,32.1794,32.029360000000004,31.88031,31.732580000000002,31.58639,31.44196,31.299620000000004,31.159810000000004,31.022750000000002,30.888770000000005,30.758200000000002,30.631480000000003,30.50883,30.390580000000003,30.27728,30.169150000000002,30.066520000000004,29.96983,29.879300000000004,29.79548,29.718590000000003,29.648960000000002,29.586920000000003,29.5328,29.48693,29.449530000000003,29.420820000000003,29.401130000000002,29.39057,29.389360000000003,29.397720000000003,29.41576,29.44359,29.481320000000004,29.528840000000002,29.586370000000002,29.6538,29.731240000000003,29.818360000000006,29.91538,30.021970000000003,30.13813,30.263640000000002,30.39828,30.542050000000003,30.69451,30.85544,31.02484,31.202270000000002,31.387400000000003,31.58023,31.780210000000004,31.987230000000004,32.20107
21.498400000000004,20.89846,20.29159,19.67801,19.05783,18.431160000000002,17.79855,17.16044,16.517490000000002,15.870360000000002,15.22037,14.568730000000002,13.917420000000002,13.26875,12.625580000000001,11.99187,11.372240000000001,10.772861,10.201103000000002,9.666184000000001,9.179049000000001,8.752293,8.399578,8.134566000000001,7.969148000000001,7.911519,7.964506,8.124897,8.384134000000001,8.729952,9.148359000000001,9.625374,10.148116,10.705398,11.28776,11.887590000000001,12.49864,13.115960000000001,13.735590000000002,14.354560000000001,14.97023,15.580840000000002,16.18474,16.78094,17.368450000000003,17.946720000000003,18.51498,19.07301,19.62048,20.15728,20.683300000000003,21.198430000000002,21.702560000000002,22.19591,22.678480000000004,23.150380000000002,23.611610000000002,24.06239,24.502830000000003,24.933040000000002,25.353130000000004,25.76343,26.16394,26.55488,26.936470000000003,27.30871,27.671930000000003,28.02624,28.371750000000002,28.708680000000005,29.037250000000004,29.357460000000003,29.66953,29.97368,30.270020000000002,30.558770000000003,30.839930000000003,31.11361,31.380140000000004,31.639520000000005,31.89197,32.13749000000001,32.3763,32.60851,32.834230000000005,33.05357,33.26664,33.47355,33.67441,33.86933,34.058420000000005,34.24179,34.41944,34.591590000000004,34.75813,34.91939000000001,35.07537000000001,35.22607,35.3716,35.51218,35.6477,35.778270000000006,35.904,36.02489,36.14105,36.25259,36.35962000000001,36.462030000000006,36.55993,36.65343000000001,36.74253,36.82723000000001,36.90775000000001,36.98398,37.05603000000001,37.123900000000006,37.18770000000001,37.24743,37.303200000000004,37.35490000000001,37.402640000000005,37.44642,37.48635,37.52243,37.554660000000005,37.58315,37.60779,37.628690000000006,37.64596,37.65938,37.66917000000001,37.67533000000001,37.67786,37.67676000000001,37.67203000000001,37.66378,37.651900000000005,37.636610000000005,37.617580000000004,37.59525000000001,37.56929,37.53981,37.50692,37.470620000000004,37.430800000000005,37.387570000000004,37.34093000000001,37.29099,37.23753,37.18077,37.1206,37.05713,36.99025,36.92018,36.846700000000006,36.770030000000006,36.69006,36.60690000000001,36.52044000000001,36.4309,36.338170000000005,36.24225,36.14325,36.04117,35.93601,35.82788,35.71689000000001,35.60282,35.486000000000004,35.36632000000001,35.24389000000001,35.11871000000001,34.99089,34.86054000000001,34.72766,34.59225000000001,34.45464,34.31483,34.17282,34.02872,33.88275,33.73491,33.58553,33.4345,33.28204,33.12848,32.97382,32.81817,32.661970000000004,32.50511,32.34803,32.19084,32.03387,31.87723,31.72125,31.566150000000004,31.412260000000003,31.25991,31.10932,30.960820000000002,30.814740000000004,30.67141,30.531160000000003,30.39432,30.261330000000005,30.132520000000003,30.00822,29.888870000000004,29.774800000000003,29.66645,29.56415,29.468230000000002,29.379130000000004,29.297180000000004,29.222820000000002,29.156270000000003,29.097860000000004,29.04803,29.006890000000002,28.974880000000002,28.95222,28.939020000000003,28.93561,28.942210000000003,28.958710000000004,28.985440000000004,29.022510000000004,29.06981,29.127450000000003,29.19543,29.273640000000004,29.362190000000005,29.46075,29.56943,29.687900000000003,29.81605,29.953660000000003,30.100620000000003,30.256600000000002,30.421490000000002,30.594850000000005,30.776460000000004,30.966210000000004,31.163550000000004,31.368370000000002,31.58023,31.799020000000002
21.67847,21.08997,20.495530000000002,19.895260000000004,19.289490000000004,18.678440000000002,18.06277,17.443140000000003,16.820210000000003,16.19508,15.568960000000002,14.943610000000001,14.321010000000001,13.703690000000002,13.094840000000001,12.498420000000001,11.91905,11.362890000000002,10.836782000000001,10.349031000000002,9.909152,9.527573,9.215118000000002,8.982138,8.837345000000001,8.786525000000001,8.831603,8.97028,9.196407,9.500931,9.87316,10.301951,10.776612,11.287320000000001,11.82577,12.38446,12.957450000000001,13.53968,14.127300000000002,14.716790000000001,15.305620000000001,15.8917,16.47305,17.04868,17.617160000000002,18.177830000000004,18.729920000000003,19.273100000000003,19.806710000000002,20.33064,20.84467,21.348580000000002,21.842370000000003,22.32593,22.799370000000003,23.262580000000003,23.715670000000003,24.15875,24.59193,25.015320000000003,25.42892,25.832950000000004,26.22763,26.61296,26.989160000000002,27.35634,27.714720000000003,28.064300000000003,28.405300000000004,28.73805,29.062330000000003,29.378690000000002,29.68691,29.98743,30.280140000000003,30.56548,30.843230000000002,31.113830000000004,31.377170000000003,31.633580000000002,31.883060000000004,32.12572,32.36178,32.59135,32.81443,33.031240000000004,33.241890000000005,33.446380000000005,33.64482,33.83743,34.02432,34.205490000000005,34.38094,34.551,34.71556,34.87473,35.02873,35.17745000000001,35.321110000000004,35.45982,35.59347,35.72217,35.846140000000005,35.965270000000004,36.07978,36.18967000000001,36.294830000000005,36.395590000000006,36.49184,36.583690000000004,36.67125,36.75441,36.83328,36.907970000000006,36.97848,37.044810000000005,37.10707,37.16526,37.21938,37.269650000000006,37.31585,37.358090000000004,37.396589999999996,37.43113,37.46182,37.48877,37.51187,37.53134,37.546960000000006,37.558840000000004,37.56709,37.57171,37.5727,37.56995,37.563680000000005,37.55378,37.54025,37.5232,37.50263,37.47843,37.45082,37.41969,37.384930000000004,37.34676,37.30518000000001,37.26008,37.21157,37.15954,37.1041,37.04536,36.98310000000001,36.91743,36.84846000000001,36.77608,36.7004,36.62142000000001,36.539030000000004,36.453450000000004,36.36446,36.27228,36.17691000000001,36.07835,35.976490000000005,35.871550000000006,35.76353000000001,35.65243,35.53825,35.42099,35.30087,35.177780000000006,35.05183,34.92313,34.79168,34.65748,34.52075,34.38149000000001,34.2397,34.095600000000005,33.9493,33.8008,33.65032,33.49786,33.34353,33.18766,33.03025,32.871520000000004,32.711580000000005,32.550540000000005,32.38884,32.22637,32.063570000000006,31.900550000000003,31.737640000000003,31.57495,31.412920000000003,31.25166,31.091500000000003,30.93277,30.775690000000004,30.620810000000002,30.46824,30.318420000000003,30.171680000000002,30.028350000000003,29.888980000000004,29.753680000000003,29.62311,29.497490000000003,29.377260000000003,29.26286,29.154730000000004,29.05309,28.958490000000005,28.871370000000002,28.79195,28.720560000000003,28.65775,28.603740000000002,28.55886,28.52333,28.497590000000002,28.48175,28.475920000000002,28.480540000000005,28.495610000000003,28.521240000000002,28.557540000000003,28.604620000000004,28.662480000000002,28.73101,28.81032,28.900190000000002,29.00062,29.111390000000004,29.232390000000002,29.363400000000002,29.50431,29.654680000000003,29.814510000000002,29.98336,30.16101,30.347130000000003,30.541500000000003,30.74379,30.953560000000003,31.170700000000004,31.394770000000005
21.87669,21.300510000000003,20.719050000000003,20.132970000000004,19.542270000000002,18.947720000000004,18.34976,17.749270000000003,17.14713,16.54444,15.94285,15.34401,14.75012,14.163930000000002,13.588630000000002,13.028070000000001,12.486980000000003,11.970970000000001,11.48653,11.040810000000002,10.641972,10.298717000000002,10.019614,9.812616,9.684224,9.638662000000002,9.677283000000001,9.798371000000001,9.99735,10.267378,10.600183000000001,10.986844000000001,11.41844,11.886710000000003,12.383910000000002,12.90344,13.43969,13.987710000000002,14.54343,15.10344,15.6651,16.22599,16.78424,17.33831,17.8871,18.429400000000005,18.964660000000002,19.492,20.010980000000004,20.52127,21.022540000000003,21.514570000000003,21.99714,22.470360000000003,22.9339,23.387870000000003,23.832270000000005,24.267100000000003,24.692580000000003,25.108490000000003,25.51516,25.91259,26.301000000000002,26.680280000000003,27.05076,27.412440000000004,27.76554,28.110170000000004,28.44644,28.77446,29.094450000000002,29.406520000000004,29.71067,30.00723,30.296200000000002,30.5778,30.852140000000002,31.119220000000002,31.379260000000002,31.63248,31.878880000000002,32.11857,32.35177,32.57837000000001,32.79881,33.01287000000001,33.22088,33.42284,33.618860000000005,33.80905,33.993520000000004,34.172380000000004,34.34563,34.513490000000004,34.675850000000004,34.833040000000004,34.984950000000005,35.13169,35.27337,35.40999,35.54177,35.668710000000004,35.7907,35.90807000000001,36.02082000000001,36.128840000000004,36.232350000000004,36.33135000000001,36.42595,36.51615,36.60195000000001,36.683460000000004,36.76079000000001,36.833830000000006,36.902800000000006,36.96748,37.028200000000005,37.08485000000001,37.13743,37.18605000000001,37.23082000000001,37.27152,37.30848,37.341480000000004,37.370630000000006,37.396040000000006,37.4176,37.43553,37.44961,37.45995,37.466660000000005,37.46974,37.469080000000005,37.46479000000001,37.45687,37.44532000000001,37.43025000000001,37.411550000000005,37.38922,37.36337,37.334,37.30111,37.264590000000005,37.22466000000001,37.18121,37.134240000000005,37.08375,37.02985,36.97243,36.9116,36.84725,36.77949,36.70832000000001,36.63385,36.55586,36.47446,36.38976,36.30165,36.21024,36.11553,36.01741,35.91610000000001,35.8116,35.7038,35.59281000000001,35.47863000000001,35.36126,35.24092,35.11750000000001,34.991,34.86164,34.72931,34.594120000000004,34.45618,34.315490000000004,34.172160000000005,34.0263,33.87802000000001,33.727320000000006,33.574310000000004,33.41921,33.26202,33.10296,32.94203,32.779560000000004,32.615550000000006,32.45022,32.28379,32.11637,31.948290000000004,31.779660000000003,31.6107,31.441630000000004,31.272780000000004,31.104370000000003,30.936730000000004,30.770190000000003,30.604860000000002,30.441290000000002,30.279700000000002,30.120420000000003,29.96389,29.810440000000003,29.6604,29.514210000000002,29.372420000000005,29.235140000000005,29.103030000000004,28.97642,28.855750000000004,28.74146,28.63388,28.53356,28.44094,28.356240000000003,28.2799,28.212470000000003,28.15406,28.105110000000003,28.066060000000004,28.037020000000002,28.018320000000003,28.010180000000002,28.012710000000002,28.02624,28.05077,28.086410000000004,28.133270000000003,28.19135,28.260650000000005,28.340950000000003,28.432360000000003,28.53477,28.647850000000005,28.7716,28.90569,29.05001,29.20412,29.367910000000002,29.541050000000002,29.72332,29.914170000000002,30.113490000000002,30.32095,30.536000000000005,30.75853,30.988100000000003
22.091850000000004,21.528430000000004,20.960720000000002,20.38927,19.814410000000002,19.236800000000002,18.65721,18.0763,17.49528,16.915470000000003,16.33841,15.765970000000003,15.200460000000001,14.644520000000002,14.101560000000001,13.5751,13.069870000000002,12.590930000000002,12.144,11.735570000000001,11.37257,11.061930000000002,10.810778,10.625153000000001,10.510049,10.468601,10.50181,10.608345000000002,10.784697000000001,11.025630000000001,11.3245,11.6743,12.06755,12.497100000000001,12.956240000000001,13.43903,13.940190000000001,14.454990000000002,14.979580000000002,15.510440000000003,16.04493,16.58052,17.11523,17.64752,18.17596,18.699450000000002,19.217,19.72795,20.231749999999998,20.72774,21.215700000000002,21.69519,22.1661,22.628210000000003,23.081300000000002,23.52559,23.96075,24.38689,24.80401,25.212220000000002,25.611520000000002,26.001910000000002,26.3835,26.756510000000002,27.12083,27.47679,27.82428,28.163630000000005,28.49473,28.81791,29.133280000000003,29.440730000000002,29.74059,30.032970000000002,30.317980000000006,30.595730000000003,30.866220000000002,31.129780000000004,31.386410000000005,31.636220000000005,31.879320000000003,32.11582000000001,32.345940000000006,32.56957,32.787040000000005,32.99835,33.20361,33.402930000000005,33.59642,33.78408,33.96613,34.14257,34.31351,34.478950000000005,34.63922,34.7941,34.94392,35.088570000000004,35.22816,35.36280000000001,35.4926,35.617560000000005,35.73768,35.85318,35.96406,36.07032000000001,36.17207,36.26931,36.36215,36.45059,36.534740000000006,36.6146,36.69017,36.76167,36.828880000000005,36.89213,36.9512,37.00620000000001,37.05724000000001,37.10432,37.14744,37.186710000000005,37.22202,37.25348,37.281200000000005,37.30496000000001,37.32509,37.341370000000005,37.353910000000006,37.36271,37.36788,37.36931,37.367110000000004,37.36117,37.351710000000004,37.33851,37.32179,37.30144000000001,37.27746,37.24985,37.21883,37.184070000000006,37.145900000000005,37.1041,37.05878,37.00994000000001,36.95758,36.9017,36.84241,36.77949,36.71316,36.64331000000001,36.56994,36.49327,36.41297,36.329370000000004,36.24225,36.151720000000005,36.05778000000001,35.96043,35.85978000000001,35.755720000000004,35.64847,35.53781,35.42385,35.30659,35.18625,35.06261,34.93589,34.805980000000005,34.673100000000005,34.53725,34.398320000000005,34.256640000000004,34.11199,33.9647,33.81466,33.662090000000006,33.50699,33.349470000000004,33.189640000000004,33.02772,32.863710000000005,32.697720000000004,32.530080000000005,32.36079,32.189960000000006,32.01803,31.844890000000003,31.67087,31.4963,31.321180000000002,31.145950000000003,30.970830000000003,30.795930000000006,30.621800000000004,30.44855,30.276510000000002,30.10612,29.937710000000003,29.771500000000003,29.607930000000003,29.44755,29.290470000000003,29.137460000000004,28.988630000000004,28.844530000000002,28.705600000000004,28.57228,28.445120000000003,28.324340000000003,28.210600000000003,28.10423,28.005780000000005,27.915580000000002,27.83407,27.76169,27.698770000000003,27.645640000000004,27.60274,27.570290000000004,27.548620000000003,27.537950000000002,27.538500000000003,27.55038,27.57381,27.608900000000002,27.655540000000002,27.713840000000005,27.783910000000002,27.865530000000003,27.95859,28.063090000000003,28.178700000000003,28.305310000000002,28.442700000000002,28.59065,28.74883,28.91691,29.09467,29.281670000000005,29.47758,29.682180000000002,29.895030000000002,30.115690000000004,30.343940000000003,30.579340000000002
22.32263,21.77252,21.219,20.66262,20.10404,19.54381,18.982700000000005,18.4217,17.86191,17.30487,16.75223,16.205750000000002,15.66785,15.14117,14.6289,14.134780000000001,13.662770000000002,13.21771,12.80466,12.429340000000002,12.097360000000002,11.81488,11.58718,11.41932,11.315150000000001,11.27698,11.30558,11.39985,11.55704,11.77308,12.042690000000002,12.36015,12.71908,13.113650000000002,13.537810000000002,13.98628,14.45433,14.93734,15.431680000000002,15.93416,16.441810000000004,16.95221,17.46349,17.973670000000002,18.481540000000003,18.98578,19.4854,19.97952,20.467480000000002,20.94873,21.42272,21.88923,22.34793,22.79849,23.240910000000003,23.674860000000002,24.100340000000003,24.51735,24.925890000000003,25.32574,25.717230000000004,26.100250000000003,26.474800000000005,26.84099,27.199040000000004,27.548730000000003,27.890500000000003,28.224130000000002,28.549950000000003,28.868070000000003,29.178380000000004,29.481210000000004,29.776450000000004,30.06454,30.345260000000003,30.618830000000003,30.88547,31.145290000000003,31.398180000000004,31.644470000000005,31.884160000000005,32.117360000000005,32.34418,32.564840000000004,32.77923,32.987680000000005,33.19008,33.38665,33.57739,33.76241,33.94182000000001,34.11584,34.28436,34.44749,34.60534,34.75802,34.90553,35.04798,35.18548,35.31814,35.44585000000001,35.56883,35.68697,35.8006,35.90950000000001,36.01389,36.11388000000001,36.20925,36.30033000000001,36.38701,36.46951,36.54761,36.62153,36.69127,36.75694,36.81843,36.875960000000006,36.92942000000001,36.97881,37.02435,37.06582,37.103550000000006,37.13732,37.16724000000001,37.193310000000004,37.21553,37.234120000000004,37.24886,37.25986,37.26712,37.27064,37.27053,37.26668,37.2592,37.248090000000005,37.23335,37.21487,37.192870000000006,37.16724000000001,37.13809,37.1052,37.06879000000001,37.02886,36.9853,36.93811,36.8874,36.83317,36.775420000000004,36.71404,36.64914,36.58072000000001,36.50878,36.43332,36.35445000000001,36.271950000000004,36.18593,36.0965,36.003550000000004,35.90719,35.80731000000001,35.70402,35.597319999999996,35.487100000000005,35.373580000000004,35.25676000000001,35.13653,35.013,34.88617,34.75615,34.62294,34.486540000000005,34.34706,34.204390000000004,34.05886,33.910360000000004,33.75889,33.604780000000005,33.447810000000004,33.28831,33.12628,32.96172,32.79496,32.626000000000005,32.454950000000004,32.282030000000006,32.107240000000004,31.93102,31.75326,31.574400000000004,31.394440000000003,31.213710000000003,31.032430000000005,30.850820000000002,30.669100000000004,30.487710000000003,30.306760000000004,30.12669,29.947830000000003,29.770290000000003,29.594730000000002,29.421480000000003,29.250760000000003,29.08301,28.91878,28.7584,28.602420000000002,28.45117,28.305200000000003,28.16484,28.030750000000005,27.903370000000002,27.783140000000003,27.670500000000004,27.566000000000003,27.469970000000004,27.38296,27.305410000000002,27.237760000000005,27.18023,27.13337,27.097400000000004,27.072540000000004,27.059230000000003,27.05769,27.06792,27.090140000000005,27.124570000000002,27.171100000000003,27.229840000000003,27.300680000000003,27.383730000000003,27.47866,27.58536,27.70372,27.833520000000004,27.97443,28.126340000000003,28.288700000000002,28.4614,28.644000000000002,28.836060000000003,29.037360000000003,29.247570000000003,29.46603,29.692630000000005,29.926930000000002,30.168490000000002
22.567820000000005,22.031240000000004,21.492240000000002,20.951370000000004,20.40918,19.866440000000004,19.32403,18.78294,18.24438,17.709890000000005,17.18101,16.659830000000003,16.148660000000003,15.649920000000002,15.166800000000002,14.70271,14.261500000000002,13.84735,13.464770000000001,13.1186,12.814010000000001,12.55562,12.34805,12.19515,12.100000000000001,12.064470000000002,12.089,12.172710000000002,12.31351,12.5081,12.752300000000002,13.04105,13.36951,13.73229,14.124440000000002,14.541120000000001,14.977930000000002,15.43091,15.896320000000001,16.371190000000002,16.85255,17.33831,17.82616,18.31445,18.801640000000003,19.286410000000004,19.767770000000002,20.24484,20.71674,21.182810000000003,21.64261,22.0957,22.54175,22.980430000000002,23.411520000000003,23.83491,24.25027,24.65782,25.05723,25.448610000000002,25.831960000000002,26.20717,26.574350000000003,26.93361,27.284840000000003,27.62815,27.963760000000004,28.29156,28.611770000000003,28.924500000000005,29.22964,29.527520000000003,29.81803,30.1015,30.37782,30.64721,30.909670000000002,31.165530000000004,31.414570000000005,31.657120000000003,31.893290000000004,32.12308,32.3466,32.56396,32.775270000000006,32.98053,33.17996,33.373670000000004,33.561550000000004,33.743930000000006,33.920700000000004,34.09208,34.258070000000004,34.418780000000005,34.57421,34.72458,34.869780000000006,35.01003,35.14533,35.27579,35.401410000000006,35.52241000000001,35.63857,35.75011000000001,35.85714,35.95966000000001,36.05767,36.15128000000001,36.24049000000001,36.325520000000004,36.406150000000004,36.482490000000006,36.55476,36.62285000000001,36.68676,36.7466,36.80248,36.854290000000006,36.90214000000001,36.94603,36.985960000000006,37.022040000000004,37.05416,37.08254,37.10707,37.12775,37.14469,37.15789,37.16735,37.17307,37.17505,37.17329,37.1679,37.15888,37.14612,37.12973,37.10971000000001,37.08606,37.05878,37.02787000000001,36.99333,36.95516,36.913360000000004,36.86804,36.81909,36.76662,36.71041,36.65079,36.587430000000005,36.52055,36.45015,36.37612000000001,36.298570000000005,36.21739,36.132690000000004,36.044470000000004,35.95262,35.85725,35.758359999999996,35.65595,35.55013,35.44068000000001,35.32782,35.21144,35.09165,34.968450000000004,34.84173,34.71182,34.5785,34.441770000000005,34.30196,34.15874,34.012550000000005,33.863060000000004,33.71060000000001,33.555170000000004,33.396770000000004,33.23551,33.07150000000001,32.90485,32.73556,32.56396,32.38994,32.21372,32.035410000000006,31.855230000000002,31.673290000000005,31.48992,31.305010000000003,31.119000000000003,30.932110000000005,30.744450000000004,30.556240000000003,30.36803,30.179820000000003,29.991940000000003,29.804830000000003,29.618710000000004,29.43413,29.2512,29.070470000000004,28.89227,28.717040000000004,28.54533,28.377470000000002,28.213900000000002,28.05517,27.901830000000004,27.754210000000004,27.61297,27.478550000000002,27.3515,27.23226,27.121380000000002,27.0193,26.92657,26.84352,26.77081,26.708660000000002,26.657620000000005,26.617910000000002,26.58986,26.573800000000002,26.569950000000002,26.57853,26.59954,26.63331,26.679840000000002,26.73902,26.810850000000002,26.89533,26.992240000000002,27.101470000000003,27.222800000000003,27.35601,27.50077,27.65675,27.82373,28.00127,28.189040000000002,28.386600000000005,28.59362,28.80966,29.034280000000003,29.26704,29.50761,29.755550000000003
22.825990000000004,22.30327,21.7789,21.25365,20.72807,20.202930000000002,19.67911,19.15771,18.64016,18.127670000000002,17.62211,17.12535,16.6397,16.16747,15.711850000000002,15.275700000000002,14.86265,14.476550000000001,14.121360000000001,13.80137,13.52054,13.28316,13.09275,12.952610000000002,12.86505,12.8315,12.8524,12.92709,13.053700000000003,13.229700000000001,13.451350000000001,13.714910000000001,14.01598,14.35016,14.712940000000001,15.10025,15.507910000000003,15.932290000000002,16.3702,16.818450000000002,17.274510000000003,17.73607,18.20093,18.667550000000002,19.13417,19.59958,20.062570000000004,20.522370000000002,20.97788,21.42866,21.87394,22.313390000000002,22.746460000000003,23.17293,23.592470000000002,24.004860000000004,24.40988,24.80753,25.1977,25.580170000000003,25.955050000000004,26.322230000000005,26.681710000000002,27.033600000000003,27.3779,27.714610000000004,28.04384,28.36559,28.679860000000005,28.986980000000003,29.286730000000006,29.57944,29.865000000000002,30.143630000000005,30.415440000000004,30.680320000000005,30.938600000000005,31.190280000000005,31.435470000000002,31.67417,31.906600000000005,32.132760000000005,32.35276,32.56671000000001,32.77483,32.9769,33.17325,33.36399,33.54901,33.72853,33.902550000000005,34.071290000000005,34.23464,34.39282000000001,34.54583,34.693670000000004,34.83667,34.974610000000006,35.107600000000005,35.23586,35.359390000000005,35.47819,35.59237,35.701820000000005,35.806869999999996,35.90741,36.003550000000004,36.09529,36.18263000000001,36.26579,36.34466,36.41924000000001,36.48975,36.55608,36.61834,36.67653000000001,36.730650000000004,36.78081,36.82701000000001,36.86936000000001,36.90764,36.94218,36.97276000000001,36.99949,37.02248,37.04162,37.05702000000001,37.06857000000001,37.07649,37.080560000000006,37.081,37.07770000000001,37.07077,37.060100000000006,37.04569000000001,37.02776,37.00609,36.98079,36.95186,36.91919,36.883,36.843180000000004,36.799620000000004,36.75254,36.70183,36.647380000000005,36.58941000000001,36.52781,36.46258,36.39372,36.32134,36.24522,36.16547,36.0822,35.9953,35.904770000000006,35.810610000000004,35.71282,35.61151,35.50657,35.39811000000001,35.28602000000001,35.170410000000004,35.05128,34.92852,34.802240000000005,34.67255,34.53945,34.40283,34.262800000000006,34.11936000000001,33.97262,33.82258,33.66935,33.512930000000004,33.353320000000004,33.190740000000005,33.02519,32.85667,32.68529,32.51138,32.334720000000004,32.15564,31.97425,31.790550000000003,31.604870000000002,31.41721,31.2279,31.03705,30.844880000000003,30.651500000000002,30.457350000000005,30.262650000000004,30.067510000000002,29.872370000000004,29.677450000000004,29.483080000000005,29.28959,29.097530000000003,28.907010000000003,28.718690000000002,28.532790000000002,28.349750000000004,28.170230000000004,27.994450000000004,27.823180000000004,27.65664,27.4956,27.340390000000003,27.191560000000003,27.04977,26.91557,26.7894,26.67181,26.56335,26.464570000000005,26.375910000000005,26.297810000000002,26.23082,26.17538,26.13171,26.100250000000003,26.08133,26.07517,26.08199,26.1019,26.13501,26.181430000000002,26.24116,26.314090000000004,26.40022,26.49933,26.611310000000003,26.73583,26.872670000000003,27.021500000000003,27.181990000000003,27.353920000000002,27.536630000000002,27.7299,27.93318,28.146250000000002,28.368450000000003,28.599560000000004,28.83892,29.086090000000002,29.340850000000003
23.095820000000003,22.58718,22.07766,21.56803,21.058950000000003,20.551190000000002,20.04585,19.54403,19.046830000000003,18.5559,18.07278,17.59945,17.13811,16.69096,16.26097,15.850780000000002,15.463690000000001,15.103110000000001,14.772560000000002,14.47556,14.215850000000001,13.99662,13.821170000000002,13.691810000000002,13.610630000000002,13.578840000000001,13.59655,13.66321,13.777390000000002,13.936890000000002,14.138850000000001,14.37997,14.65651,14.964620000000002,15.300670000000002,15.660700000000002,16.04119,16.438840000000003,16.85046,17.273410000000002,17.705050000000004,18.14307,18.585600000000003,19.03077,19.477149999999998,19.923310000000004,20.368040000000004,20.810460000000003,21.249690000000005,21.68496,22.115610000000004,22.541090000000004,22.961070000000003,23.375000000000004,23.782770000000003,24.18394,24.578400000000002,24.965820000000004,25.346310000000003,25.71976,26.085840000000005,26.444770000000002,26.79633,27.140740000000005,27.477780000000003,27.807560000000002,28.130190000000002,28.445670000000003,28.753890000000002,29.05518,29.34943,29.636750000000003,29.91714,30.190820000000002,30.457790000000003,30.71816,30.972040000000003,31.219430000000003,31.460440000000002,31.695180000000004,31.92376,32.14618,32.362660000000005,32.5732,32.7778,32.97668,33.16984,33.3575,33.539550000000006,33.716100000000004,33.887370000000004,34.053250000000006,34.21396,34.3695,34.519980000000004,34.665400000000005,34.805870000000006,34.941500000000005,35.07229,35.198240000000006,35.31957,35.436170000000004,35.54815,35.65573,35.75869,35.85725,35.95141000000001,36.04117,36.12675,36.207930000000005,36.28504000000001,36.35786,36.426500000000004,36.49118,36.551680000000005,36.60811,36.66058000000001,36.709089999999996,36.753640000000004,36.79434,36.83108,36.86386,36.892900000000004,36.91809000000001,36.93943,36.95703,36.970780000000005,36.980900000000005,36.98717,36.989700000000006,36.9886,36.98365,36.97518,36.962860000000006,36.94691,36.927330000000005,36.90412,36.87717000000001,36.84648000000001,36.81227,36.77432,36.73274,36.68753,36.63869,36.586110000000005,36.530010000000004,36.47017,36.40670000000001,36.33949,36.26876000000001,36.19429,36.116080000000004,36.03435,35.94888,35.85978000000001,35.766940000000005,35.67058,35.570479999999996,35.466640000000005,35.35928,35.24818,35.13345,35.01509,34.893100000000004,34.76748,34.63823,34.50546000000001,34.369170000000004,34.22925,34.08581,33.93896,33.78859,33.63492,33.47773,33.317350000000005,33.153670000000005,32.98691,32.81685,32.643930000000005,32.46793,32.28907,32.10757,31.923320000000004,31.736650000000004,31.547560000000004,31.356160000000003,31.16278,30.967530000000004,30.77052,30.572080000000003,30.372320000000002,30.171460000000003,29.96994,29.767870000000002,29.565580000000004,29.363400000000002,29.161550000000002,28.960580000000004,28.760820000000002,28.562490000000004,28.366250000000004,28.172320000000003,27.981250000000003,27.793590000000002,27.60978,27.43026,27.25569,27.08651,26.923270000000002,26.766740000000002,26.617250000000006,26.47546,26.341920000000002,26.2174,26.10223,25.996960000000005,25.90236,25.81865,25.7466,25.68643,25.63869,25.6036,25.5816,25.573020000000003,25.577970000000004,25.596670000000003,25.62923,25.67576,25.736040000000003,25.810290000000002,25.898180000000004,25.99971,26.114660000000004,26.24259,26.383390000000002,26.53662,26.701950000000004,26.879050000000003,27.067370000000004,27.26647,27.476020000000002,27.695360000000004,27.924270000000003,28.161980000000003,28.408270000000005,28.66259,28.92439
23.376320000000003,22.881650000000004,22.386870000000002,21.892860000000002,21.40017,20.90979,20.42249,19.939700000000002,19.462410000000002,18.99227,18.530710000000003,18.07982,17.64147,17.21797,16.81174,16.425530000000002,16.06231,15.72483,15.416390000000002,15.140070000000001,14.89884,14.695780000000001,14.533090000000001,14.413190000000002,14.337400000000002,14.30682,14.321560000000002,14.381180000000002,14.484470000000002,14.629450000000002,14.813810000000002,15.0348,15.289230000000002,15.5738,15.885320000000002,16.22016,16.57546,16.94792,17.3349,17.733650000000004,18.14186,18.55722,18.977970000000003,19.402350000000002,19.82871,20.255950000000002,20.68264,21.1079,21.53074,21.95039,22.3663,22.777810000000002,23.18448,23.585870000000003,23.981540000000003,24.371270000000003,24.75484,25.132030000000004,25.502730000000003,25.86672,26.224,26.574350000000003,26.917880000000004,27.254370000000005,27.58404,27.906780000000005,28.222590000000004,28.531470000000002,28.83353,29.12877,29.4173,29.69912,29.974230000000006,30.242850000000004,30.504870000000004,30.76051,31.009770000000003,31.252760000000002,31.489590000000003,31.720150000000004,31.944770000000005,32.163450000000005,32.37608,32.58299,32.78418,32.979760000000006,33.16962,33.35409,33.533060000000006,33.70664,33.87494,34.038070000000005,34.19603,34.34882,34.496660000000006,34.63955000000001,34.7776,34.9107,35.03918,35.16282,35.28184,35.396240000000006,35.506130000000006,35.61151,35.71249,35.808960000000006,35.901140000000005,35.98903000000001,36.072630000000004,36.15194,36.227180000000004,36.29813,36.36512,36.42793,36.486670000000004,36.54145,36.59216,36.63902,36.681920000000005,36.72086,36.75595,36.78719,36.814690000000006,36.83823,36.85803000000001,36.87398,36.88619,36.89466,36.899390000000004,36.900380000000006,36.89774,36.89125000000001,36.881130000000006,36.867270000000005,36.84978,36.82855,36.80369,36.77509,36.74286,36.707,36.66740000000001,36.62406000000001,36.577200000000005,36.52649,36.47226,36.41429000000001,36.35258,36.287240000000004,36.218160000000005,36.14545,36.069,35.98892,35.904990000000005,35.81743000000001,35.72613,35.63120000000001,35.53242,35.43001,35.32375,35.213860000000004,35.10023,34.98297,34.86186,34.737120000000004,34.60864,34.47642,34.34057,34.20109,34.05787,33.91113,33.760760000000005,33.60687,33.44935,33.28842,33.12408,32.95633,32.78528,32.61093,32.43339,32.25277,32.06907,31.882510000000003,31.693090000000005,31.501030000000004,31.306440000000002,31.109430000000003,30.910220000000002,30.708920000000003,30.505750000000003,30.30082,30.09457,29.887000000000004,29.678440000000002,29.46922,29.25967,29.05001,28.840680000000003,28.6319,28.424110000000002,28.21786,28.013370000000002,27.811190000000003,27.611760000000004,27.415630000000004,27.223350000000003,27.035360000000004,26.852320000000002,26.674780000000002,26.503180000000004,26.33829,26.180770000000003,26.031060000000004,25.889930000000003,25.75793,25.635720000000003,25.52374,25.42276,25.333220000000004,25.255670000000002,25.19055,25.138410000000004,25.099690000000002,25.074500000000004,25.063390000000002,25.066470000000002,25.08385,25.11586,25.162390000000002,25.22355,25.29912,25.389100000000003,25.49316,25.611300000000004,25.74297,25.888060000000003,26.046020000000002,26.216520000000003,26.399230000000003,26.59338,26.79886,27.014900000000004,27.241060000000004,27.4769,27.721870000000003,27.975420000000003,28.237000000000005,28.50628
23.666060000000005,23.185360000000003,22.705430000000003,22.22671,21.750300000000003,21.276750000000003,20.807270000000003,20.34296,19.884920000000005,19.4348,18.99392,18.56426,18.147690000000004,17.7463,17.36229,16.9983,16.656750000000002,16.34028,16.05186,15.793910000000002,15.569180000000001,15.380090000000001,15.228730000000002,15.11686,15.045800000000002,15.016210000000001,15.028200000000002,15.08155,15.174940000000001,15.30705,15.47579,15.67863,15.913150000000002,16.176270000000002,16.46524,16.776980000000002,17.10874,17.45777,17.82132,18.197190000000003,18.58296,18.976540000000004,19.37628,19.78042,20.18731,20.595850000000002,21.00472,21.412930000000003,21.8196,22.22385,22.624910000000003,23.022450000000003,23.4157,23.80433,24.187900000000003,24.56619,24.938760000000002,25.305500000000002,25.66608,26.02061,26.36876,26.710420000000003,27.04559,27.374270000000003,27.696240000000003,28.01172,28.320600000000002,28.622770000000003,28.918450000000004,29.207530000000002,29.490120000000005,29.76622,30.03594,30.29928,30.556240000000003,30.80704,31.05157,31.29005,31.52248,31.748860000000004,31.96941,32.184020000000004,32.39302,32.59619,32.79375,32.98581000000001,33.17237,33.35354,33.529320000000006,33.69993,33.86526,34.025420000000004,34.18052,34.330670000000005,34.47576,34.61612,34.75153,34.88221,35.00827,35.1296,35.24631,35.3584,35.46609,35.56938,35.66816000000001,35.76265,35.852740000000004,35.93865,36.020270000000004,36.09771,36.17108,36.24016,36.30528,36.36633,36.42331,36.476330000000004,36.52539000000001,36.570600000000006,36.611740000000005,36.64914,36.68258,36.71217,36.73791,36.759910000000005,36.77806,36.79247,36.803140000000006,36.81007,36.81326,36.81271,36.808420000000005,36.80039000000001,36.78862000000001,36.77322,36.75419,36.73131,36.70491,36.67466,36.64078000000001,36.60327,36.562020000000004,36.517140000000005,36.468410000000006,36.416160000000005,36.360060000000004,36.30033000000001,36.23686,36.169650000000004,36.0987,36.02412,35.945690000000006,35.86352,35.77761,35.687960000000004,35.594570000000004,35.497330000000005,35.396350000000005,35.29152,35.182950000000005,35.070640000000004,34.954480000000004,34.83458,34.71083,34.58323,34.451890000000006,34.316810000000004,34.17788,34.03532,33.88891,33.738760000000006,33.58498,33.42746,33.266310000000004,33.101530000000004,32.93323,32.761300000000006,32.58596,32.407320000000006,32.22516,32.03992,31.851380000000002,31.659760000000002,31.465170000000004,31.267830000000004,31.067630000000005,30.864900000000002,30.659750000000003,30.452290000000005,30.242850000000004,30.031430000000004,29.818470000000005,29.603970000000004,29.388370000000002,29.172,28.954860000000004,28.737610000000004,28.520360000000004,28.30366,28.087730000000004,27.873120000000004,27.660270000000004,27.449510000000004,27.241390000000003,27.036570000000005,26.835490000000004,26.6387,26.44675,26.260300000000004,26.08012,25.906540000000003,25.740550000000002,25.58248,25.433320000000005,25.29351,25.163710000000002,25.044690000000003,24.937000000000005,24.84119,24.757920000000002,24.687630000000002,24.63098,24.588190000000004,24.559700000000003,24.545840000000002,24.546940000000003,24.563110000000005,24.59457,24.64132,24.70325,24.78036,24.87254,24.979570000000002,25.10112,25.23686,25.386570000000003,25.549590000000002,25.725700000000003,25.91435,26.114880000000003,26.32696,26.55004,26.783350000000002,27.026670000000003,27.279120000000002,27.540370000000003,27.809760000000004,28.086850000000002
23.96394,23.497210000000003,23.03169,22.56837,22.10769,21.65086,21.19854,20.752160000000003,20.312710000000003,19.88173,19.46054,19.05101,18.6549,18.27419,17.91086,17.567220000000002,17.24558,16.94825,16.677760000000003,16.436420000000002,16.22632,16.049660000000003,15.9082,15.803370000000001,15.736160000000002,15.707340000000002,15.716910000000002,15.764430000000003,15.849130000000002,15.96958,16.12413,16.3108,16.527060000000002,16.77071,17.039,17.3294,17.63938,17.966410000000003,18.30807,18.66216,19.026590000000002,19.39938,19.77888,20.163330000000002,20.5513,20.94169,21.33307,21.724450000000004,22.115060000000003,22.503910000000005,22.89045,23.273910000000004,23.653850000000002,24.02972,24.401080000000004,24.767710000000005,25.129170000000002,25.485350000000004,25.835810000000002,26.18066,26.51957,26.852430000000002,27.179130000000004,27.499670000000002,27.81405,28.12205,28.423780000000004,28.719130000000003,29.008210000000002,29.291020000000003,29.567560000000004,29.83794,30.102050000000002,30.359890000000004,30.611790000000003,30.85753,31.097330000000003,31.331080000000004,31.559000000000005,31.781090000000003,31.997460000000004,32.208110000000005,32.41304,32.61247,32.806400000000004,32.99494,33.177980000000005,33.355850000000004,33.52844,33.695750000000004,33.85811,34.0153,34.16754,34.31483,34.457280000000004,34.59489,34.72777,34.855920000000005,34.97945,35.09836,35.21276,35.32265,35.42803,35.52912,35.6257,35.7181,35.80621,35.89003,35.96978000000001,36.04524,36.11663000000001,36.18395,36.2472,36.306380000000004,36.3616,36.41286000000001,36.46027,36.50361,36.54321,36.57885,36.610640000000004,36.638580000000005,36.662780000000005,36.683130000000006,36.69974,36.712610000000005,36.721630000000005,36.72702,36.72856,36.726470000000006,36.72064,36.71107,36.69776000000001,36.680820000000004,36.66014,36.63572,36.60767,36.57588,36.54046,36.5013,36.458400000000005,36.41176,36.36149,36.307370000000006,36.24962,36.18813,36.1229,36.05382000000001,35.98111,35.90455000000001,35.824250000000006,35.740100000000005,35.652210000000004,35.56047,35.46488,35.365550000000006,35.262260000000005,35.15523,35.04435,34.92951,34.81082,34.688390000000005,34.562000000000005,34.431650000000005,34.297560000000004,34.15951,34.017610000000005,33.871860000000005,33.722260000000006,33.56881,33.41151,33.25047,33.08569,32.917060000000006,32.744800000000005,32.5688,32.38928000000001,32.20613,32.01957,31.829490000000003,31.636110000000006,31.43954,31.239780000000003,31.03694,30.831130000000005,30.622680000000003,30.41148,30.197860000000002,29.98204,29.764020000000002,29.544240000000002,29.32281,29.100060000000003,28.876100000000005,28.651480000000003,28.42631,28.201140000000002,27.976190000000003,27.751900000000003,27.52871,27.307060000000003,27.087500000000002,26.870470000000005,26.656520000000004,26.446200000000005,26.240280000000002,26.03909,25.843510000000002,25.65409,25.47149,25.296480000000003,25.129830000000005,24.97209,24.82403,24.686310000000002,24.559810000000002,24.44497,24.342560000000002,24.25324,24.177450000000004,24.115850000000002,24.068880000000004,24.036870000000004,24.020260000000004,24.019270000000002,24.03423,24.065140000000003,24.112000000000005,24.17492,24.253790000000002,24.348500000000005,24.45861,24.583900000000003,24.724150000000005,24.878700000000002,25.047330000000002,25.229380000000003,25.42441,25.631760000000003,25.850990000000003,26.08144,26.322450000000003,26.573580000000003,26.834060000000004,27.10334,27.38098,27.666320000000002
24.268970000000003,23.815880000000003,23.364770000000004,22.9163,22.471130000000002,22.03036,21.59487,21.16576,20.744130000000002,20.33141,19.92903,19.53853,19.16167,18.800100000000004,18.45591,18.131080000000004,17.827700000000004,17.54786,17.29354,17.067050000000002,16.87004,16.70438,16.57161,16.472830000000002,16.40914,16.380760000000002,16.38791,16.43026,16.50704,16.617040000000003,16.758940000000003,16.930760000000003,17.13063,17.35635,17.60561,17.876320000000003,18.165950000000002,18.47241,18.7935,19.12702,19.471210000000003,19.82409,20.18412,20.54965,20.919360000000005,21.291930000000004,21.66626,22.041250000000005,22.416020000000003,22.789690000000004,23.161710000000003,23.53131,23.897830000000003,24.26094,24.620200000000004,24.975170000000002,25.32552,25.670920000000002,26.01137,26.346320000000002,26.675880000000003,26.999830000000003,27.31795,27.630350000000004,27.93681,28.237220000000004,28.53169,28.820220000000003,29.102590000000003,29.379020000000004,29.649400000000004,29.91373,30.172120000000003,30.424570000000003,30.671190000000003,30.911760000000005,31.146610000000003,31.37574,31.599040000000006,31.81673,32.0287,32.23528,32.43625,32.63183,32.82191,33.006820000000005,33.18645,33.360800000000005,33.53009,33.694210000000005,33.85338,34.007600000000004,34.156870000000005,34.301300000000005,34.441,34.575860000000006,34.7061,34.831720000000004,34.95272000000001,35.069210000000005,35.18119,35.28866,35.39184,35.49062000000001,35.58511,35.67542,35.76133,35.84317,35.92083,35.994420000000005,36.06383,36.12928,36.19066,36.24808000000001,36.30154,36.351040000000005,36.39658000000001,36.43827,36.476110000000006,36.51010000000001,36.540240000000004,36.56664000000001,36.58919,36.60789,36.62296,36.63418000000001,36.64166,36.6454,36.6454,36.64177,36.63440000000001,36.623290000000004,36.60844,36.589850000000006,36.56763,36.54178,36.512080000000005,36.478750000000005,36.44168,36.400870000000005,36.356320000000004,36.30814,36.25611,36.200450000000004,36.14094000000001,36.077690000000004,36.01070000000001,35.93986,35.86528,35.78685,35.704679999999996,35.61855,35.52868,35.434960000000004,35.33728000000001,35.23575,35.13037,35.02103,34.90773,34.790580000000006,34.669470000000004,34.5444,34.41537,34.28249,34.145540000000004,34.00463,33.85976,33.710930000000005,33.55814,33.40139,33.240680000000005,33.07612,32.9076,32.73523,32.55901,32.37905000000001,32.195240000000005,32.007690000000004,31.81662,31.621810000000004,31.423590000000004,31.221850000000003,31.016920000000002,30.808580000000003,30.59727,30.38288,30.165740000000003,29.945850000000004,29.723540000000003,29.498920000000002,29.27221,29.043630000000004,28.81351,28.58207,28.349640000000004,28.116550000000004,27.88313,27.649710000000002,27.41684,27.18474,26.95418,26.72538,26.49911,26.275700000000004,26.055920000000004,25.840320000000002,25.629560000000005,25.42441,25.22531,25.033250000000002,24.84889,24.673000000000002,24.506240000000002,24.349490000000003,24.20341,24.068880000000004,23.94656,23.837110000000003,23.7413,23.65979,23.593020000000003,23.54154,23.50579,23.48632,23.48313,23.496770000000005,23.527130000000003,23.574430000000003,23.638450000000002,23.7193,23.81654,23.93017,24.05964,24.204510000000003,24.36456,24.53913,24.727560000000004,24.92952,25.14413,25.37095,25.60932,25.85847,26.117850000000004,26.3868,26.66466,26.950880000000005,27.2448
24.580050000000004,24.140490000000003,23.703350000000004,23.2694,22.839410000000004,22.414260000000002,21.994940000000003,21.582330000000002,21.177860000000003,20.78252,20.397850000000002,20.02539,19.66646,19.32293,18.996450000000003,18.689,18.40234,18.13823,17.89865,17.685470000000002,17.500120000000003,17.344250000000002,17.21918,17.125790000000002,17.064960000000003,17.037020000000002,17.04197,17.07948,17.14911,17.249650000000003,17.37978,17.53818,17.72298,17.93231,18.16419,18.41664,18.687460000000005,18.974670000000003,19.276290000000003,19.59056,19.915390000000002,20.249350000000003,20.590680000000003,20.938060000000004,21.290060000000004,21.645470000000003,22.003080000000004,22.36201,22.72127,23.080090000000002,23.43781,23.793550000000003,24.14698,24.49744,24.84449,25.187800000000003,25.52704,25.861770000000003,26.19188,26.517150000000004,26.837250000000004,27.152180000000005,27.461720000000003,27.76576,28.06419,28.357010000000002,28.64422,28.925600000000003,29.201260000000005,29.47109,29.735200000000003,29.99359,30.246150000000004,30.492990000000002,30.734110000000005,30.969620000000003,31.19941,31.423590000000004,31.64227,31.85545,32.06313,32.265420000000006,32.46232,32.653940000000006,32.84028000000001,33.02145,33.19745,33.368280000000006,33.53416000000001,33.69509000000001,33.85107000000001,34.002210000000005,34.14851,34.289970000000004,34.42681,34.55892,34.68652,34.80939,34.92786,35.04193,35.15149,35.25665,35.35741,35.453990000000005,35.54628,35.63439,35.718320000000006,35.79807,35.87364,35.94525000000001,36.01279,36.07626,36.13577000000001,36.191320000000005,36.24291,36.29065000000001,36.334540000000004,36.37447,36.41055,36.442890000000006,36.47138,36.49602,36.51703,36.53419,36.54750000000001,36.55718,36.56312,36.56532,36.56378000000001,36.55861000000001,36.54959,36.53694000000001,36.52066000000001,36.50053,36.47677,36.449270000000006,36.41803000000001,36.383160000000004,36.344550000000005,36.30209,36.25600000000001,36.20617000000001,36.1526,36.095180000000006,36.034020000000005,35.969120000000004,35.90026,35.82777000000001,35.75132,35.671130000000005,35.58698,35.49909,35.40713,35.31143000000001,35.21177,35.10804,35.000460000000004,34.88892,34.77342,34.65396,34.53043,34.40283,34.27127,34.13564,33.995940000000004,33.85217,33.704330000000006,33.552530000000004,33.39655,33.2365,33.07249,32.904410000000006,32.732260000000004,32.55615,32.37597,32.19194,32.00395,31.812110000000004,31.61642,31.416990000000002,31.213820000000002,31.007130000000004,30.79681,30.583080000000002,30.36616,30.145940000000003,29.922640000000005,29.69648,29.46768,29.23635,29.0026,28.766870000000004,28.529270000000004,28.29013,28.049670000000003,27.80844,27.566550000000003,27.324550000000002,27.08277,26.84165,26.60174,26.363590000000002,26.127640000000003,25.894440000000003,25.664760000000005,25.43926,25.21838,25.003110000000003,24.794,24.59193,24.39767,24.2121,24.035880000000002,23.86989,23.715010000000003,23.57201,23.441660000000002,23.324840000000002,23.222210000000004,23.13432,23.06205,23.005840000000003,22.966240000000003,22.943580000000004,22.938300000000005,22.95051,22.980430000000002,23.02806,23.093400000000003,23.176340000000003,23.27666,23.39392,23.527900000000002,23.678050000000002,23.843930000000004,24.024880000000003,24.22024,24.429570000000002,24.651990000000005,24.886950000000002,25.133680000000002,25.391520000000003,25.659700000000004,25.93756,26.22444,26.51968,26.822730000000004
24.89619,24.46983,24.04633,23.62657,23.21132,22.801240000000004,22.397430000000004,22.000880000000002,21.61258,21.23385,20.866010000000003,20.510270000000002,20.168280000000003,19.84147,19.53149,19.239990000000002,18.96862,18.71892,18.49276,18.29146,18.116670000000003,17.9696,17.85124,17.762580000000003,17.70417,17.676450000000003,17.67931,17.71242,17.775450000000003,17.8673,17.986870000000003,18.13306,18.304000000000002,18.498260000000002,18.71408,18.94959,19.202810000000003,19.47209,19.75556,20.051460000000002,20.358140000000002,20.67395,20.99757,21.327460000000002,21.662300000000002,22.001100000000005,22.34254,22.685850000000002,23.02993,23.374230000000004,23.717760000000002,24.05997,24.40031,24.73823,25.073180000000004,25.404940000000003,25.732960000000002,26.057130000000004,26.377010000000002,26.69238,27.003020000000003,27.30882,27.60967,27.905350000000002,28.195860000000003,28.480980000000002,28.760600000000004,29.034940000000002,29.303670000000004,29.567010000000003,29.824740000000002,30.076970000000003,30.323700000000002,30.564820000000005,30.800440000000002,31.030670000000004,31.255400000000005,31.47463,31.68858,31.89714,32.10042000000001,32.29831000000001,32.49114,32.67869,32.861180000000004,33.038500000000006,33.21087000000001,33.37829000000001,33.54065,33.698280000000004,33.85096,33.99902,34.14224,34.280730000000005,34.41471000000001,34.544070000000005,34.66881,34.78915,34.90498,35.01641000000001,35.12355,35.22629,35.324850000000005,35.41912,35.509100000000004,35.59501,35.67674,35.754400000000004,35.82799000000001,35.89762,35.96318000000001,36.02478000000001,36.08242,36.1361,36.18582000000001,36.23180000000001,36.27382,36.31210000000001,36.34653,36.37711,36.40395,36.42705,36.44630000000001,36.46181000000001,36.47369,36.48172,36.48612,36.48678,36.483700000000006,36.47688000000001,36.46643,36.45224,36.43431,36.41275,36.38745000000001,36.358410000000006,36.325630000000004,36.28922000000001,36.248960000000004,36.20507,36.15733,36.10596,36.050740000000005,35.991670000000006,35.92886,35.8622,35.7918,35.71744,35.639340000000004,35.557280000000006,35.47137,35.3815,35.287670000000006,35.18999,35.08824,34.982530000000004,34.87286,34.75912,34.641310000000004,34.51954,34.39359,34.26357,34.12948,33.99121,33.84876,33.70224,33.55154,33.396660000000004,33.2376,33.07447,32.907050000000005,32.73545,32.55978,32.37993,32.1959,32.0078,31.815630000000002,31.619500000000002,31.4193,31.215140000000005,31.007130000000004,30.79538,30.579780000000003,30.360660000000003,30.13791,29.91186,29.682510000000004,29.450080000000003,29.214570000000005,28.97642,28.735630000000004,28.492530000000002,28.247450000000004,28.00039,27.752010000000002,27.50231,27.25184,27.00093,26.750130000000002,26.499660000000002,26.250290000000003,26.002240000000004,25.75639,25.513070000000003,25.27305,25.037100000000002,24.805770000000003,24.579940000000004,24.360380000000003,24.14786,23.943150000000003,23.74724,23.561010000000003,23.385340000000003,23.221,23.068980000000003,22.930160000000004,22.80542,22.695420000000002,22.60104,22.522940000000002,22.46167,22.41789,22.391930000000002,22.384230000000002,22.395120000000002,22.424490000000002,22.472780000000004,22.539550000000002,22.624910000000003,22.72842,22.849860000000003,22.98879,23.144550000000002,23.3167,23.50458,23.707420000000003,23.924670000000003,24.155450000000002,24.399100000000004,24.65474,24.92171,25.199240000000003,25.48667,25.78301,26.087820000000004,26.40033
25.21651,24.803020000000004,24.392940000000003,23.98693,23.585760000000004,23.190310000000004,22.801350000000003,22.41998,22.0473,21.684300000000004,21.332190000000004,20.9924,20.666140000000002,20.354950000000002,20.06015,19.78339,19.525990000000004,19.289600000000004,19.07543,18.88502,18.719690000000003,18.580320000000004,18.468010000000003,18.38353,18.327210000000004,18.299490000000002,18.300370000000004,18.329410000000003,18.386390000000002,18.47032,18.580210000000005,18.71507,18.87336,19.05376,19.254730000000002,19.474400000000003,19.71134,19.963900000000002,20.230210000000003,20.508840000000003,20.79825,21.09701,21.403470000000002,21.71664,22.035090000000004,22.35783,22.683650000000004,23.011670000000002,23.341010000000004,23.671010000000003,24.000680000000003,24.32958,24.657050000000005,24.982540000000004,25.30561,25.62582,25.94284,26.25634,26.565990000000003,26.871460000000003,27.172750000000004,27.469530000000002,27.761580000000002,28.0489,28.331270000000004,28.608580000000003,28.88083,29.147910000000003,29.409710000000004,29.66634,29.917690000000004,30.163760000000003,30.40444,30.63984,30.869960000000003,31.094800000000003,31.314360000000004,31.528640000000003,31.737750000000002,31.941580000000002,32.14035,32.33395,32.522490000000005,32.70597,32.8845,33.058080000000004,33.226710000000004,33.3905,33.54945000000001,33.70367,33.85305,33.99781,34.137950000000004,34.27358,34.40448000000001,34.53098,34.65308,34.77067,34.88386,34.992760000000004,35.097370000000005,35.1978,35.29383,35.38579000000001,35.47357,35.557280000000006,35.63692,35.71249,35.78399,35.851530000000004,35.915110000000006,35.97473000000001,36.0305,36.08231000000001,36.13027,36.174380000000006,36.21464000000001,36.25116,36.28383000000001,36.312760000000004,36.337950000000006,36.35940000000001,36.377,36.39097,36.4012,36.40769000000001,36.41055,36.409560000000006,36.40505,36.39669,36.3847,36.368970000000004,36.34961,36.32651,36.29967,36.26909,36.234880000000004,36.19682,36.15513,36.109590000000004,36.06042000000001,36.007400000000004,35.95053,35.889920000000004,35.82546000000001,35.75726,35.685100000000006,35.60909,35.529230000000005,35.44541,35.35763000000001,35.266000000000005,35.170300000000005,35.070640000000004,34.966910000000006,34.85922,34.747460000000004,34.63152,34.51162,34.38743,34.259170000000005,34.12684,33.99022000000001,33.84931,33.704330000000006,33.554950000000005,33.40139,33.24365,33.08151,32.91508,32.74447000000001,32.56946,32.39016,32.206570000000006,32.018800000000006,31.82674,31.630390000000002,31.429860000000005,31.225260000000006,31.01648,30.803630000000002,30.586710000000004,30.365940000000002,30.14132,29.91296,29.680970000000002,29.44557,29.206650000000003,28.96465,28.71957,28.47163,28.22116,27.96827,27.7134,27.456660000000003,27.198600000000003,26.939330000000005,26.679400000000005,26.419140000000002,26.15921,25.89983,25.641880000000004,25.38558,25.13181,24.881120000000003,24.634390000000003,24.392060000000004,24.15523,23.924560000000003,23.70104,23.48533,23.278640000000003,23.081850000000003,22.89573,22.72149,22.560010000000002,22.412060000000004,22.278850000000002,22.161040000000003,22.059620000000002,21.97525,21.90859,21.860300000000002,21.830930000000002,21.82081,21.830160000000003,21.85931,21.90804,21.976570000000002,22.064570000000003,22.17171,22.297660000000004,22.441870000000005,22.603900000000003,22.782870000000003,22.97823,23.189210000000003,23.414930000000002,23.65462,23.907620000000005,24.17283,24.449590000000004,24.73702,25.034240000000004,25.340700000000002,25.655520000000003,25.97793
25.540020000000002,25.13907,24.741970000000002,24.34927,23.961850000000002,23.58037,23.205710000000003,22.83897,22.48092,22.13277,21.79562,21.47079,21.159270000000003,20.862600000000004,20.58188,20.31865,20.07412,19.84972,19.646660000000004,19.466040000000003,19.30918,19.17685,19.069820000000004,18.988970000000002,18.934520000000003,18.90669,18.905590000000004,18.93089,18.98226,19.05882,19.15991,19.28432,19.430950000000003,19.59859,19.7857,19.990740000000002,20.212500000000002,20.44922,20.69958,20.961930000000002,21.23506,21.51743,21.80772,22.104830000000003,22.40744,22.71467,23.025420000000004,23.3387,23.653740000000003,23.969660000000005,24.28591,24.601720000000004,24.916430000000002,25.22971,25.541010000000004,25.849890000000002,26.15591,26.45885,26.758270000000003,27.054060000000003,27.34589,27.633540000000004,27.916900000000005,28.195750000000004,28.46998,28.73959,29.004250000000003,29.264070000000004,29.519050000000004,29.768860000000004,30.013720000000003,30.25352,30.48826,30.717830000000003,30.94234,31.161790000000003,31.376070000000006,31.58529,31.78956,31.988660000000003,32.18292,32.37212,32.55637,32.73567,32.91024,33.079860000000004,33.24475,33.40491,33.560340000000004,33.711040000000004,33.85723,33.99869,34.13575,34.268190000000004,34.39623,34.519870000000004,34.63911,34.75395,34.8645,34.97087,35.07295,35.17085,35.264570000000006,35.35411,35.439690000000006,35.52109,35.598530000000004,35.67190000000001,35.74142,35.806869999999996,35.86847,35.92622000000001,35.98001,36.02995000000001,36.07604,36.11839,36.156890000000004,36.19165,36.22267,36.249840000000006,36.27338,36.29318000000001,36.30924,36.32156,36.33014,36.33509,36.33641,36.33388,36.327830000000006,36.317930000000004,36.3044,36.287240000000004,36.26634000000001,36.24170000000001,36.21343,36.18131,36.14556,36.10607,36.06284,36.01587000000001,35.965050000000005,35.91049,35.85208,35.78993,35.72393,35.65397,35.580270000000006,35.502610000000004,35.42099,35.33541,35.24598,35.152480000000004,35.05491,34.95338,34.84778,34.738110000000006,34.62426000000001,34.50634,34.38413,34.257850000000005,34.12728,33.99253,33.85349,33.71005,33.56243,33.410410000000006,33.2541,33.09328000000001,32.92817,32.75866,32.58475,32.40644,32.223620000000004,32.0364,31.844890000000003,31.648870000000002,31.448450000000005,31.243630000000003,31.034520000000004,30.821120000000004,30.603430000000003,30.38156,30.155620000000003,29.9255,29.691530000000004,29.4536,29.211930000000002,28.966740000000005,28.718030000000002,28.46602,28.21093,27.95287,27.692280000000004,27.429380000000002,27.16428,26.897530000000003,26.629240000000003,26.36007,26.09035,25.820520000000002,25.551130000000004,25.282620000000005,25.01576,24.751100000000005,24.489410000000003,24.231240000000003,23.97758,23.729200000000002,23.486980000000003,23.251800000000003,23.02465,22.806520000000003,22.5984,22.40139,22.21648,22.044770000000003,21.88736,21.74502,21.61896,21.509840000000004,21.41876,21.34638,21.293470000000003,21.260360000000002,21.247600000000002,21.25552,21.28423,21.333840000000002,21.40424,21.4951,21.60631,21.73721,21.88725,22.05599,22.242330000000003,22.44583,22.6655,22.900460000000002,23.149720000000002,23.41262,23.688060000000004,23.975160000000002,24.273040000000005,24.580930000000002,24.897840000000002,25.22322,25.55608
25.866170000000004,25.477430000000002,25.092760000000002,24.712930000000004,24.338600000000003,23.970650000000003,23.609630000000003,23.25675,22.912670000000002,22.5786,22.25553,21.944670000000002,21.6469,21.363650000000003,21.096130000000002,20.84544,20.612680000000005,20.39928,20.20623,20.03452,19.885250000000003,19.759190000000004,19.657000000000004,19.57934,19.526320000000002,19.49838,19.49541,19.51719,19.563280000000002,19.63313,19.725970000000004,19.84081,19.97666,20.13242,20.30666,20.498170000000002,20.705630000000003,20.927720000000004,21.162900000000004,21.40996,21.66758,21.934440000000002,22.20933,22.49115,22.77869,23.070960000000003,23.36708,23.666060000000005,23.96713,24.26952,24.572570000000002,24.875510000000002,25.1779,25.479190000000003,25.778830000000003,26.076490000000003,26.37162,26.664110000000004,26.95341,27.239520000000002,27.521890000000003,27.800520000000002,28.075080000000003,28.345570000000002,28.611770000000003,28.87346,29.13064,29.38331,29.631140000000002,29.874240000000004,30.112610000000004,30.346140000000002,30.574720000000003,30.798460000000002,31.017360000000004,31.23131,31.440310000000004,31.644470000000005,31.843790000000002,32.03816,32.22769,32.412490000000005,32.59245,32.76757,32.93807,33.103840000000005,33.264880000000005,33.4213,33.573100000000004,33.72039,33.863170000000004,34.00144,34.135310000000004,34.26467,34.38974,34.51041,34.62679,34.73888,34.84679,34.950520000000004,35.050070000000005,35.14544,35.236740000000005,35.32397,35.40724,35.48644,35.56168,35.632960000000004,35.70028,35.76375000000001,35.823260000000005,35.87903,35.93095,35.97902,36.02324,36.06383,36.100570000000005,36.133570000000006,36.16283000000001,36.18835,36.21013000000001,36.228280000000005,36.24269,36.25347000000001,36.260510000000004,36.26392,36.26359000000001,36.25963,36.25204000000001,36.24071000000001,36.225640000000006,36.20694,36.18461,36.15843,36.12873,36.095180000000006,36.05789,36.01697,35.9722,35.92369,35.87144,35.81534,35.755500000000005,35.691700000000004,35.624159999999996,35.55266,35.47731,35.398,35.314730000000004,35.2275,35.13631,35.04105,34.941720000000004,34.83832,34.730850000000004,34.619200000000006,34.503370000000004,34.38336,34.259170000000005,34.13069,33.99781,33.86075,33.71929,33.57354,33.42328,33.26862,33.10956,32.94599,32.777910000000006,32.605320000000006,32.42822,32.246500000000005,32.06027,31.869530000000005,31.67417,31.474300000000003,31.269810000000003,31.060810000000004,30.8473,30.62928,30.406860000000005,30.18004,29.94882,29.713310000000003,29.473620000000004,29.229860000000002,28.98203,28.730350000000005,28.47504,28.21599,27.953750000000003,27.68821,27.419700000000002,27.14855,26.87509,26.59943,26.322230000000005,26.0436,25.764090000000003,25.484140000000004,25.204300000000003,24.92512,24.647260000000003,24.371380000000002,24.09814,23.828310000000002,23.56266,23.302290000000003,23.047860000000004,22.80047,22.561220000000002,22.33099,22.11099,21.902320000000003,21.706190000000003,21.523590000000002,21.35573,21.20382,21.068740000000002,20.951590000000003,20.853360000000002,20.774820000000002,20.71674,20.67967,20.66416,20.670540000000003,20.69903,20.74952,20.82201,20.916280000000004,21.031890000000004,21.168180000000003,21.32471,21.50071,21.6953,21.907490000000003,22.13651,22.38137,22.64097,22.91443,23.200760000000002,23.498860000000004,23.807850000000002,24.12685,24.454980000000003,24.791250000000005,25.135000000000005
26.19397,25.81711,25.44454,25.07714,24.71546,24.360270000000003,24.012340000000002,23.672660000000004,23.34189,23.021130000000003,22.711260000000003,22.413380000000004,22.128590000000003,21.85788,21.60246,21.363210000000002,21.141450000000003,20.938060000000004,20.754140000000003,20.59057,20.448230000000002,20.327780000000004,20.229770000000002,20.154860000000003,20.103270000000002,20.075000000000003,20.07027,20.08864,20.129890000000003,20.19347,20.27872,20.384650000000004,20.510490000000004,20.655140000000003,20.817500000000003,20.99636,21.19051,21.39874,21.61984,21.85238,22.095370000000003,22.34749,22.60764,22.874830000000003,23.147850000000005,23.42582,23.707860000000004,23.992980000000003,24.280630000000002,24.569820000000004,24.860000000000003,25.1504,25.440690000000004,25.7301,26.01841,26.30496,26.589420000000004,26.871570000000002,27.150970000000004,27.427290000000003,27.700420000000005,27.97003,28.235900000000004,28.49803,28.75609,29.00997,29.25967,29.504970000000004,29.74587,29.98226,30.214030000000005,30.441180000000003,30.663710000000002,30.881620000000005,31.094800000000003,31.303250000000002,31.506970000000003,31.70596,31.90022,32.08986,32.274770000000004,32.454950000000004,32.63062,32.80156,32.96788,33.129690000000004,33.286880000000004,33.43967,33.58784000000001,33.73161,33.87098,34.005950000000006,34.136520000000004,34.262800000000006,34.38479,34.5026,34.61612,34.725460000000005,34.83062,34.93171,35.028620000000004,35.12157,35.21045000000001,35.29526,35.37622,35.45311,35.52615000000001,35.59523,35.66057000000001,35.72195,35.77948000000001,35.83327,35.88321,35.929410000000004,35.97187,36.01048000000001,36.045460000000006,36.0767,36.104310000000005,36.12818000000001,36.14831,36.16481,36.17757,36.18681000000001,36.19231,36.19407,36.19231,36.18681000000001,36.17757,36.16481,36.14831,36.12818000000001,36.104310000000005,36.0767,36.045460000000006,36.01048000000001,35.97187,35.929410000000004,35.88321,35.83327,35.77948000000001,35.72195,35.66057000000001,35.59523,35.52615000000001,35.45311,35.37622,35.29526,35.21045000000001,35.12157,35.028620000000004,34.93171,34.83062,34.725460000000005,34.61612,34.5026,34.38479,34.262800000000006,34.136520000000004,34.005950000000006,33.87098,33.73161,33.58784000000001,33.43967,33.286880000000004,33.129690000000004,32.96788,32.80156,32.63062,32.454950000000004,32.274770000000004,32.08986,31.90022,31.70596,31.506970000000003,31.303250000000002,31.094800000000003,30.881620000000005,30.663710000000002,30.441180000000003,30.214030000000005,29.98226,29.74587,29.504970000000004,29.25967,29.00997,28.75609,28.49803,28.235900000000004,27.97003,27.700420000000005,27.427290000000003,27.150970000000004,26.871570000000002,26.589420000000004,26.30496,26.01841,25.7301,25.440690000000004,25.1504,24.860000000000003,24.569820000000004,24.280630000000002,23.992980000000003,23.707860000000004,23.42582,23.147850000000005,22.874830000000003,22.60764,22.34749,22.095370000000003,21.85238,21.61984,21.39874,21.19051,20.99636,20.817500000000003,20.655140000000003,20.510490000000004,20.384650000000004,20.27872,20.19347,20.129890000000003,20.08864,20.07027,20.075000000000003,20.103270000000002,20.154860000000003,20.229770000000002,20.327780000000004,20.448230000000002,20.59057,20.754140000000003,20.938060000000004,21.141450000000003,21.363210000000002,21.60246,21.85788,22.128590000000003,22.413380000000004,22.711260000000003,23.021130000000003,23.34189,23.672660000000004,24.012340000000002,24.360270000000003,24.71546
26.52287,26.15745,25.79665,25.44113,25.09155,24.74868,24.41318,24.08593,23.76781,23.45948,23.16215,22.876590000000004,22.60379,22.344740000000005,22.100540000000002,21.87196,21.66021,21.466060000000002,21.2905,21.134190000000004,20.998120000000004,20.882730000000002,20.788570000000004,20.71608,20.665480000000002,20.63699,20.630390000000002,20.64568,20.68242,20.740060000000003,20.818160000000002,20.915950000000002,21.03244,21.16686,21.31811,21.485090000000003,21.66681,21.862060000000003,22.069740000000003,22.28864,22.517770000000002,22.755920000000003,23.002100000000002,23.255210000000005,23.514370000000003,23.778700000000004,24.047100000000004,24.319020000000002,24.593470000000003,24.869900000000005,25.147540000000003,25.42584,25.704140000000002,25.982110000000002,26.259200000000003,26.534860000000002,26.808870000000002,27.080790000000004,27.350290000000005,27.617040000000003,27.880930000000003,28.141630000000003,28.39892,28.65269,28.90261,29.14879,29.390900000000002,29.628940000000004,29.862800000000004,30.092480000000002,30.31765,30.53853,30.754900000000003,30.966870000000004,31.17433,31.377280000000003,31.575610000000005,31.769540000000003,31.958740000000002,32.14354,32.32372,32.499500000000005,32.670660000000005,32.83742,32.99956,33.157410000000006,33.31075,33.45969,33.60423,33.74448,33.88044,34.01211000000001,34.13949,34.26258,34.38149000000001,34.49633,34.60699,34.71347,34.81588,34.91433000000001,35.00871,35.09913,35.18548,35.26798,35.346520000000005,35.42121,35.492050000000006,35.558930000000004,35.62207,35.681470000000004,35.73702,35.788720000000005,35.83679,35.88112,35.921710000000004,35.95856,35.991780000000006,36.021260000000005,36.04711,36.06922,36.087810000000005,36.10266,36.11388000000001,36.12136,36.12532,36.12565000000001,36.122240000000005,36.11531,36.10464,36.09034,36.072410000000005,36.050740000000005,36.02544,35.99651,35.963840000000005,35.92743,35.887280000000004,35.84339,35.79576000000001,35.74439,35.68917,35.630210000000005,35.56729,35.50063,35.43001,35.355430000000005,35.277,35.194500000000005,35.10815,35.01762,34.92313,34.82446,34.721720000000005,34.6148,34.50359,34.388310000000004,34.26863,34.14477,34.016400000000004,33.88374,33.746680000000005,33.60511,33.459140000000005,33.308550000000004,33.15345000000001,32.99362,32.829280000000004,32.66021,32.48641000000001,32.307880000000004,32.12462,31.936520000000005,31.743580000000005,31.545910000000003,31.343290000000003,31.135720000000003,30.923420000000004,30.706170000000004,30.483970000000003,30.25704,30.025160000000003,29.788440000000005,29.546990000000005,29.300810000000002,29.0499,28.794370000000004,28.534330000000004,28.26989,28.001160000000002,27.728250000000003,27.451380000000004,27.170660000000005,26.88631,26.59866,26.307930000000002,26.01434,25.718440000000005,25.420340000000003,25.120700000000003,24.819960000000002,24.51856,24.21705,23.916200000000003,23.616670000000003,23.31912,23.024430000000002,22.73348,22.447260000000004,22.166870000000003,21.89319,21.627540000000003,21.37113,21.12517,20.890870000000003,20.669880000000003,20.463300000000004,20.272560000000002,20.09909,19.944100000000002,19.8088,19.69451,19.602110000000003,19.532700000000002,19.48694,19.46538,19.46857,19.49651,19.549530000000004,19.627190000000002,19.729160000000004,19.855110000000003,20.004160000000002,20.175430000000002,20.368150000000004,20.581110000000002,20.81321,21.06335,21.330320000000004,21.61291,21.90991,22.220110000000002,22.5423,22.875600000000002,23.218690000000002,23.570800000000002,23.93083,24.297900000000002
26.852210000000003,26.497790000000002,26.148320000000002,25.804240000000004,25.46632,25.135110000000005,24.811490000000003,24.496120000000005,24.189880000000002,23.893430000000002,23.607760000000003,23.33364,23.07206,22.823900000000002,22.590040000000002,22.37136,22.168850000000003,21.98317,21.8152,21.665600000000005,21.535140000000002,21.424260000000004,21.333510000000004,21.263220000000004,21.213500000000003,21.184570000000004,21.176320000000004,21.18853,21.22098,21.27323,21.344730000000002,21.434710000000003,21.54262,21.667360000000002,21.808270000000004,21.964140000000004,22.134200000000003,22.31724,22.512380000000004,22.71841,22.934340000000002,23.159290000000002,23.39216,23.63196,23.877810000000004,24.128830000000004,24.38425,24.6433,24.9051,25.169100000000004,25.43464,25.701060000000002,25.96792,26.234560000000002,26.500650000000004,26.76564,27.029310000000002,27.29111,27.55093,27.80833,28.062980000000003,28.314880000000002,28.56359,28.809110000000004,29.05111,29.28948,29.52411,29.754890000000003,29.981820000000003,30.204570000000004,30.423360000000002,30.63786,30.848180000000003,31.054100000000005,31.255840000000003,31.453290000000003,31.646230000000003,31.834880000000002,32.01924,32.19909,32.37465,32.545700000000004,32.71257000000001,32.87493,33.033,33.18678,33.336270000000006,33.48147,33.62238,33.75900000000001,33.89144,34.0197,34.14389,34.26379000000001,34.37973,34.49149,34.59929,34.70291,34.80268,34.89838,34.990120000000005,35.07801,35.16194,35.242020000000004,35.318250000000006,35.39063,35.459160000000004,35.52395,35.58500000000001,35.6422,35.69577,35.7456,35.79169,35.83404,35.87276000000001,35.90785,35.9392,35.96703,35.99112,36.01158,36.02852,36.041720000000005,36.05129,36.05734,36.05976,36.058550000000004,36.05360000000001,36.04513000000001,36.033030000000004,36.017300000000006,35.99794000000001,35.97484,35.94811000000001,35.917750000000005,35.88365,35.84581,35.80434,35.75902000000001,35.71007000000001,35.65716,35.60062,35.54012,35.475880000000004,35.407680000000006,35.33563,35.259620000000005,35.17965,35.09572,35.00772,34.91576,34.81962,34.71941,34.61491,34.50634,34.393480000000004,34.27633,34.15489,34.029050000000005,33.898810000000005,33.76417000000001,33.625020000000006,33.48136,33.33319,33.18029000000001,33.02288,32.86063,32.693760000000005,32.52205,32.3455,32.16411000000001,31.977880000000003,31.7867,31.59057,31.38938,31.183240000000005,30.972150000000003,30.755890000000004,30.53468,30.308300000000003,30.076970000000003,29.840470000000003,29.599020000000003,29.352510000000002,29.100940000000005,28.844530000000002,28.583280000000002,28.31719,28.046370000000003,27.770930000000003,27.491090000000003,27.206850000000003,26.91854,26.62627,26.33026,26.030730000000002,25.72812,25.42265,25.114760000000004,24.804780000000004,24.493260000000003,24.18064,23.867580000000004,23.554740000000002,23.24278,22.932470000000002,22.624690000000005,22.320320000000002,22.02035,21.725880000000004,21.43812,21.15828,20.887460000000004,20.62731,20.37915,20.1443,19.92441,19.721020000000003,19.53545,19.36935,19.22393,19.100510000000003,19.000410000000002,18.92462,18.87402,18.84916,18.850590000000004,18.87853,18.93298,19.013720000000003,19.120420000000003,19.25231,19.408620000000003,19.58847,19.79076,20.014280000000003,20.257600000000004,20.51973,20.799020000000002,21.09437,21.40435,21.727640000000005,22.063140000000004,22.40953,22.765710000000002,23.13069,23.503370000000004,23.882870000000004
27.18155,26.837690000000002,26.499000000000002,26.16592,25.839110000000005,25.519120000000004,25.20672,24.90268,24.607550000000003,24.32232,24.04765,23.78431,23.53318,23.29514,23.070960000000003,22.861410000000003,22.667260000000002,22.489390000000004,22.328350000000004,22.184910000000002,22.05951,21.952810000000003,21.865030000000004,21.79661,21.74755,21.71818,21.708170000000003,21.717630000000003,21.746010000000002,21.793200000000002,21.858430000000002,21.941260000000003,22.04103,22.156860000000005,22.287980000000005,22.433510000000005,22.592570000000002,22.764170000000004,22.94743,23.141250000000003,23.34486,23.557160000000003,23.77727,24.00431,24.23751,24.475990000000003,24.71887,24.965490000000003,25.21508,25.467090000000002,25.720860000000002,25.975730000000002,26.23126,26.486900000000002,26.742320000000003,26.99686,27.250410000000002,27.50231,27.752560000000003,28.000610000000005,28.246350000000003,28.48945,28.72969,28.966960000000004,29.20104,29.431710000000002,29.658970000000004,29.882490000000004,30.102380000000004,30.318420000000003,30.53061,30.738840000000003,30.943,31.143090000000004,31.339110000000005,31.530950000000004,31.71861,31.90209,32.08128,32.25629,32.42712,32.59366000000001,32.75602,32.91409,33.067980000000006,33.217800000000004,33.363330000000005,33.50468,33.641850000000005,33.774950000000004,33.903980000000004,34.028830000000006,34.14972,34.26654,34.379290000000005,34.488080000000004,34.59291,34.693780000000004,34.790690000000005,34.88375,34.97285,35.05821,35.139610000000005,35.217270000000006,35.29119000000001,35.36126,35.42759,35.49018000000001,35.54903000000001,35.60425,35.65573,35.70358,35.747690000000006,35.78817,35.82513,35.85835,35.88794,35.91401,35.93645,35.95526,35.97044,35.9821,35.99013,35.99453,35.99541000000001,35.99266,35.98628,35.976380000000006,35.96285,35.94558,35.92479000000001,35.90037,35.87221,35.84042,35.80489000000001,35.765730000000005,35.72283,35.67619,35.62581,35.571690000000004,35.513720000000006,35.4519,35.386230000000005,35.31660000000001,35.243120000000005,35.16568,35.08428,34.998920000000005,34.909490000000005,34.81588,34.7182,34.61645,34.51041,34.40019,34.285680000000006,34.16677000000001,34.04357,33.91597,33.783860000000004,33.647240000000004,33.50611000000001,33.36047,33.210100000000004,33.05500000000001,32.89528000000001,32.73072,32.56132,32.38708,32.207890000000006,32.02375000000001,31.834550000000004,31.640400000000003,31.441080000000003,31.236700000000003,31.027150000000002,30.812430000000003,30.59243,30.36726,30.13681,29.901080000000004,29.66018,29.413890000000002,29.16243,28.9058,28.643890000000003,28.376920000000002,28.104780000000005,27.82769,27.545650000000002,27.25888,26.967380000000002,26.671480000000003,26.371180000000003,26.06681,25.75859,25.446740000000005,25.131700000000002,24.81369,24.493260000000003,24.170850000000005,23.8469,23.521960000000004,23.196800000000003,22.87208,22.54857,22.227260000000005,21.908920000000002,21.59465,21.28555,20.98294,20.687920000000002,20.402140000000003,20.126920000000002,19.863690000000002,19.61432,19.380130000000005,19.16299,18.964440000000003,18.78624,18.629820000000002,18.496720000000003,18.388150000000003,18.30543,18.24944,18.22106,18.22073,18.24867,18.30488,18.389140000000005,18.50101,18.63961,18.80406,18.993370000000002,19.206110000000002,19.441070000000003,19.69671,19.97171,20.26442,20.57341,20.89725,21.234620000000003,21.584090000000003,21.944450000000003,22.31438,22.692890000000002,23.078770000000002,23.47125
27.51012,27.17649,26.84825,26.525620000000004,26.20937,25.900160000000003,25.59843,25.30506,25.0206,24.745820000000005,24.48149,24.228270000000002,23.98693,23.758240000000004,23.54297,23.34189,23.15555,22.984830000000002,22.830170000000003,22.692230000000002,22.57156,22.46849,22.383350000000004,22.316580000000002,22.26807,22.23815,22.2266,22.2332,22.25784,22.30019,22.35959,22.435710000000004,22.527890000000003,22.635250000000003,22.757240000000003,22.893090000000004,23.04181,23.202630000000003,23.374670000000002,23.556940000000004,23.748780000000004,23.94909,24.15721,24.372150000000005,24.593140000000002,24.81941,25.0503,25.284930000000003,25.52286,25.76321,26.005540000000003,26.2493,26.493830000000003,26.7388,26.98366,27.228080000000002,27.47162,27.713840000000005,27.95463,28.193550000000005,28.430380000000003,28.664900000000003,28.896780000000003,29.125910000000005,29.352070000000005,29.575150000000004,29.795040000000004,30.011410000000005,30.224370000000004,30.433700000000005,30.639400000000002,30.841360000000005,31.039360000000002,31.233620000000005,31.423810000000003,31.61015,31.792420000000003,31.970620000000004,32.14486,32.31503000000001,32.48102,32.64305,32.8009,32.95468,33.1045,33.25014,33.39171,33.529320000000006,33.66275,33.79233000000001,33.91784,34.039280000000005,34.156870000000005,34.270500000000006,34.38017,34.48588,34.587740000000004,34.68575,34.77991,34.87022,34.956790000000005,35.03951,35.11849,35.19373,35.26523,35.33310000000001,35.39712000000001,35.45751,35.51427,35.567400000000006,35.6169,35.66266,35.70490000000001,35.74351000000001,35.778600000000004,35.81006000000001,35.83789000000001,35.8622,35.88288000000001,35.900040000000004,35.91368000000001,35.92369,35.93018000000001,35.933040000000005,35.93238,35.928090000000005,35.920280000000005,35.90884,35.89388,35.87529000000001,35.85307,35.827220000000004,35.797740000000005,35.76452,35.72767,35.68719000000001,35.642970000000005,35.59501,35.5432,35.48776,35.428360000000005,35.36522,35.298230000000004,35.22728,35.152480000000004,35.07361,34.99089,34.90399,34.81313,34.718090000000004,34.61898000000001,34.515690000000006,34.40811,34.296240000000004,34.180080000000004,34.059630000000006,33.934670000000004,33.80531,33.671440000000004,33.533060000000006,33.389950000000006,33.24233,33.089870000000005,32.932680000000005,32.77076,32.60389000000001,32.43218,32.255410000000005,32.073690000000006,31.8868,31.694850000000002,31.497840000000004,31.29544,31.087870000000002,30.875020000000003,30.656780000000005,30.43315,30.204130000000003,29.969610000000003,29.729810000000004,29.4844,29.233490000000003,28.977190000000004,28.715390000000003,28.4482,28.175510000000003,27.897540000000003,27.61418,27.325650000000003,27.031950000000002,26.733300000000003,26.429810000000003,26.121480000000002,25.80875,25.49173,25.17075,24.846030000000003,24.517900000000004,24.18691,23.85328,23.517780000000002,23.18085,22.843040000000002,22.50523,22.16819,21.8328,21.499940000000002,21.17071,20.84643,20.528200000000002,20.217450000000003,19.91561,19.62433,19.345260000000003,19.080160000000003,18.83068,18.598690000000005,18.386170000000003,18.19488,18.02647,17.882590000000004,17.76489,17.674690000000002,17.612980000000004,17.580750000000002,17.57844,17.60649,17.664790000000004,17.75312,17.87071,18.016790000000004,18.19037,18.39002,18.614310000000003,18.86181,19.13087,19.41973,19.72685,20.050690000000003,20.38938,20.741710000000005,21.10603,21.48102,21.865360000000003,22.258060000000004,22.6578,23.06359
27.837590000000002,27.51386,27.195410000000003,26.882900000000003,26.57688,26.277790000000003,25.98618,25.702930000000002,25.428480000000004,25.163600000000002,24.908950000000004,24.66508,24.43298,24.21298,24.00607,23.812690000000003,23.63361,23.46949,23.320660000000004,23.18778,23.07129,22.97152,22.888800000000003,22.82346,22.77539,22.74481,22.73161,22.735680000000002,22.756800000000002,22.79453,22.84843,22.918280000000003,23.0032,23.102750000000004,23.216160000000002,23.34277,23.481810000000003,23.632400000000004,23.79388,23.96526,24.145880000000002,24.33486,24.531430000000004,24.734820000000003,24.944150000000004,25.158870000000004,25.378210000000003,25.6014,25.827890000000004,26.057130000000004,26.28835,26.52122,26.755190000000002,26.989710000000002,27.224340000000005,27.458750000000002,27.692610000000002,27.925370000000004,28.156920000000003,28.386820000000004,28.614960000000004,28.840900000000005,29.06453,29.285740000000004,29.50409,29.719580000000004,29.932100000000002,30.14143,30.34757,30.55019,30.7494,30.94498,31.137040000000002,31.32536,31.50983,31.69056,31.867550000000005,32.040580000000006,32.20976,32.37498,32.53635,32.69365,32.847100000000005,32.996590000000005,33.142120000000006,33.2838,33.42141,33.555170000000004,33.68497,33.810810000000004,33.9328,34.050940000000004,34.16523,34.275560000000006,34.38215,34.48489000000001,34.583780000000004,34.67893,34.770340000000004,34.85801,34.94183,35.022020000000005,35.098580000000005,35.171400000000006,35.240480000000005,35.305930000000004,35.36786,35.426050000000004,35.480720000000005,35.53165,35.579170000000005,35.62295,35.66332,35.70006,35.73317,35.76287,35.788940000000004,35.811490000000006,35.83052,35.84603,35.85802,35.86649,35.87133000000001,35.87276000000001,35.870560000000005,35.86484,35.85549,35.84273,35.82634,35.80632000000001,35.78267,35.755500000000005,35.724590000000006,35.69016,35.65199,35.61008,35.56454000000001,35.515260000000005,35.46224,35.405480000000004,35.34476,35.280300000000004,35.21199,35.139720000000004,35.0636,34.983410000000006,34.899260000000005,34.811150000000005,34.71886,34.62239,34.52185000000001,34.41713,34.30801,34.19471,34.07701,33.95491,33.828410000000005,33.69729,33.56177,33.42152,33.276650000000004,33.127050000000004,32.97272,32.81344000000001,32.64932,32.480360000000005,32.30634,32.12715,31.943010000000005,31.753590000000003,31.558890000000005,31.35902,31.153760000000002,30.943,30.726960000000002,30.50531,30.278160000000003,30.0454,29.807030000000005,29.56305,29.31346,29.058040000000002,28.79701,28.530150000000003,28.257680000000004,27.979490000000002,27.695690000000003,27.406280000000002,27.11126,26.810850000000002,26.504940000000005,26.19386,25.877720000000004,25.556630000000002,25.23092,24.90059,24.56619,24.227940000000004,23.886170000000003,23.541430000000002,23.19416,22.844910000000002,22.49434,22.14311,21.7921,21.44219,21.094260000000002,20.74963,20.40929,20.07478,19.747310000000002,19.428640000000005,19.120420000000003,18.8243,18.542370000000002,18.27639,18.028560000000002,17.800750000000004,17.59516,17.41366,17.25823,17.13052,17.03196,16.964090000000002,16.927680000000002,16.92339,16.95166,17.01238,17.105110000000003,17.229300000000002,17.383850000000002,17.567330000000002,17.77853,18.015580000000003,18.276830000000004,18.56041,18.86445,19.187190000000005,19.526760000000003,19.881510000000002,20.249570000000002,20.629620000000003,21.020120000000002,21.41964,21.827080000000002,22.241120000000002,22.660880000000002
28.163410000000002,27.849140000000002,27.540370000000003,27.23743,26.940980000000003,26.651570000000003,26.369640000000004,26.09596,25.830970000000004,25.57533,25.329810000000002,25.094850000000005,24.87122,24.659360000000003,24.460150000000002,24.27403,24.10166,23.94348,23.79993,23.671670000000002,23.559030000000003,23.46234,23.38171,23.317470000000004,23.269730000000003,23.2386,23.223750000000003,23.225290000000005,23.243000000000002,23.27644,23.32528,23.38908,23.467290000000002,23.55936,23.664740000000002,23.78266,23.912570000000002,24.053590000000003,24.204950000000004,24.366100000000003,24.53605,24.714250000000003,24.89993,25.09221,25.29043,25.494040000000002,25.702270000000002,25.91435,26.12995,26.348300000000002,26.568960000000004,26.79127,27.014900000000004,27.23919,27.464030000000005,27.688650000000003,27.912940000000003,28.136460000000003,28.358990000000002,28.580090000000002,28.799540000000004,29.01723,29.23272,29.4459,29.656660000000002,29.86467,30.069930000000003,30.27222,30.47154,30.66756,30.860280000000003,31.0497,31.235600000000005,31.418090000000003,31.596950000000003,31.772180000000002,31.943780000000004,32.11164,32.275760000000005,32.43614,32.592670000000005,32.74557,32.894510000000004,33.03971000000001,33.18106,33.318560000000005,33.45232,33.58212,33.70829,33.8305,33.94908,34.063700000000004,34.174690000000005,34.28183,34.38534,34.48500000000001,34.580920000000006,34.673210000000005,34.76187,34.84679,34.92808,35.005630000000004,35.079660000000004,35.15006,35.21683000000001,35.27997,35.33959,35.39558,35.44816,35.49700000000001,35.54243,35.584340000000005,35.622730000000004,35.6576,35.68895,35.71678,35.74109000000001,35.761990000000004,35.77926000000001,35.79312,35.80357,35.810390000000005,35.81369,35.81358,35.80995,35.802800000000005,35.79202000000001,35.77783,35.76001,35.73856000000001,35.71359,35.685100000000006,35.65287000000001,35.61712,35.57763,35.534510000000004,35.48776,35.437160000000006,35.38282000000001,35.32474,35.26292000000001,35.197140000000005,35.12751,35.054030000000004,34.97659,34.89519,34.80972,34.720180000000006,34.62657,34.528890000000004,34.42692,34.32077,34.21022000000001,34.09549,33.97625,33.852720000000005,33.72457,33.591910000000006,33.45463,33.31273,33.1661,33.01474,32.858430000000006,32.69728,32.53118,32.36002,32.183800000000005,32.002410000000005,31.815850000000005,31.623900000000003,31.426670000000005,31.224050000000002,31.015930000000004,30.802310000000002,30.583080000000002,30.358240000000006,30.12768,29.8914,29.649180000000005,29.40124,29.147470000000002,28.887650000000004,28.622000000000003,28.3503,28.072660000000003,27.789080000000002,27.499560000000002,27.204100000000004,26.902810000000002,26.595690000000005,26.28285,25.964290000000002,25.640340000000002,25.31089,24.976380000000002,24.637030000000003,24.29284,23.944360000000003,23.591920000000002,23.235850000000003,22.876700000000003,22.51491,22.15125,21.786380000000005,21.421070000000004,21.0562,20.69287,20.33207,19.975230000000003,19.62356,19.2786,18.94211,18.615740000000002,18.30158,18.001610000000003,17.71792,17.45282,17.20862,16.98741,16.791610000000002,16.62331,16.4846,16.37702,16.302220000000002,16.261190000000003,16.254920000000002,16.283520000000003,16.34699,16.445,16.57645,16.740350000000003,16.93516,17.159010000000002,17.410140000000002,17.686570000000003,17.98599,18.30653,18.6461,19.002720000000004,19.37441,19.759410000000003,20.15607,20.56274,20.978210000000004,21.400940000000002,21.829940000000004,22.264110000000002
28.487360000000002,28.18211,27.88247,27.588770000000004,27.301450000000003,27.02117,26.748480000000004,26.48382,26.22774,25.980900000000002,25.743850000000002,25.517250000000004,25.301540000000003,25.09727,24.905210000000004,24.725800000000003,24.55948,24.40691,24.268310000000003,24.144230000000004,24.035000000000004,23.940950000000004,23.862300000000005,23.79905,23.751530000000002,23.719630000000002,23.703350000000004,23.70247,23.716880000000003,23.74614,23.790140000000005,23.84833,23.920160000000003,24.005300000000002,24.10309,24.212870000000002,24.333980000000004,24.465870000000002,24.60788,24.75913,24.91918,25.087040000000002,25.26216,25.443990000000003,25.631650000000004,25.82448,26.022040000000004,26.223670000000002,26.428710000000002,26.63661,26.84682,27.05901,27.27263,27.48713,27.702180000000006,27.917340000000003,28.13239,28.346890000000002,28.5604,28.772920000000003,28.98401,29.193340000000003,29.400910000000003,29.60628,29.809450000000002,30.01009,30.2082,30.403560000000002,30.59606,30.78559,30.971930000000004,31.155190000000005,31.335150000000002,31.5117,31.684950000000004,31.854680000000002,32.02089,32.18358,32.34275,32.498290000000004,32.65009,32.798370000000006,32.942910000000005,33.08371,33.22088,33.35431,33.48411,33.610170000000004,33.732600000000005,33.851290000000006,33.96624,34.077560000000005,34.185140000000004,34.28909,34.389410000000005,34.4861,34.57916,34.66848,34.75439,34.83656,34.91521,34.990230000000004,35.061730000000004,35.12971,35.19406,35.255,35.312310000000004,35.36621,35.41659,35.46345,35.50679,35.54672,35.583130000000004,35.616130000000005,35.64561,35.67168000000001,35.69434,35.713480000000004,35.7291,35.74142,35.75011000000001,35.755500000000005,35.75726,35.755610000000004,35.750550000000004,35.74186000000001,35.729760000000006,35.71414,35.69489,35.67223,35.64594,35.616020000000006,35.58258,35.54551000000001,35.50481,35.460370000000005,35.4123,35.360600000000005,35.30505,35.245650000000005,35.18262000000001,35.11563,35.04479,34.9701,34.89134,34.808730000000004,34.72205,34.6313,34.536370000000005,34.43737,34.33408000000001,34.22661000000001,34.114740000000005,33.998580000000004,33.87802000000001,33.752950000000006,33.62337,33.48917,33.350350000000006,33.2068,33.05852,32.90529000000001,32.74733,32.58431,32.416230000000006,32.24309,32.06478,31.881190000000004,31.692320000000002,31.498170000000002,31.29841,31.093150000000005,30.88239,30.665910000000004,30.443710000000003,30.215680000000003,29.981820000000003,29.742020000000004,29.496280000000006,29.244490000000003,28.986650000000004,28.72265,28.45249,28.176060000000003,27.893470000000004,27.60461,27.30959,27.008190000000003,26.70074,26.38702,26.067250000000005,25.74143,25.409670000000002,25.072080000000003,24.72899,24.380400000000005,24.026640000000004,23.667930000000002,23.30471,22.937310000000004,22.566170000000003,22.19184,21.814870000000003,21.43614,21.0562,20.67604,20.29665,19.919240000000002,19.54513,19.175530000000002,18.81231,18.45701,18.111500000000003,17.778090000000002,17.45876,17.15593,16.872130000000002,16.60989,16.371740000000003,16.160320000000002,15.97794,15.826910000000002,15.709320000000002,15.626930000000002,15.580950000000001,15.572370000000003,15.60152,15.66829,15.772130000000002,15.912050000000002,16.08651,16.293860000000002,16.5319,16.798650000000002,17.09158,17.40838,17.746850000000002,18.104570000000002,18.47934,18.869180000000004,19.272000000000002,19.68626,20.110090000000003,20.542060000000003,20.98085,21.425250000000002,21.874160000000003
28.809000000000005,28.51244,28.221490000000003,27.93648,27.657960000000003,27.386480000000002,27.122370000000004,26.866290000000003,26.618570000000002,26.379980000000003,26.15096,25.932060000000003,25.723830000000003,25.52671,25.341250000000002,25.168,25.007400000000004,24.859890000000004,24.725800000000003,24.605570000000004,24.499530000000004,24.407790000000002,24.33079,24.268530000000002,24.221010000000003,24.188450000000003,24.17052,24.167330000000003,24.17855,24.20407,24.243340000000003,24.29625,24.362140000000004,24.44057,24.531210000000005,24.63329,24.746260000000003,24.86957,25.002450000000003,25.144460000000002,25.29494,25.453010000000003,25.618230000000004,25.78994,25.967370000000003,26.150080000000003,26.337410000000002,26.528810000000004,26.723730000000003,26.92151,27.12182,27.32411,27.527940000000005,27.73298,27.938570000000006,28.1446,28.350520000000003,28.556110000000004,28.76104,28.965090000000004,29.167820000000003,29.369120000000002,29.568770000000004,29.766550000000002,29.96224,30.155730000000002,30.346690000000002,30.535230000000002,30.721020000000003,30.903950000000002,31.084020000000002,31.261120000000002,31.435140000000004,31.605970000000003,31.773610000000005,31.937840000000005,32.09877,32.256400000000006,32.41051,32.56121,32.70839,32.851940000000006,32.99208,33.1287,33.26169,33.39105,33.516890000000004,33.6391,33.75779,33.87285000000001,33.984280000000005,34.09219,34.196580000000004,34.297230000000006,34.394470000000005,34.488080000000004,34.57817,34.66474,34.74779,34.82721,34.903220000000005,34.97571,35.04468,35.11024,35.17228,35.23091000000001,35.28602000000001,35.337720000000004,35.3859,35.430780000000006,35.47214,35.510090000000005,35.54463,35.57565000000001,35.603370000000005,35.627680000000005,35.64858,35.665960000000005,35.680040000000005,35.69071,35.69786,35.701600000000006,35.701930000000004,35.69885,35.69225,35.68224000000001,35.668710000000004,35.65166000000001,35.63109,35.607110000000006,35.5795,35.54837,35.51361,35.47533000000001,35.433310000000006,35.387769999999996,35.33849000000001,35.285470000000004,35.22871,35.16821,35.103970000000004,35.03577,34.96383,34.887930000000004,34.80807,34.72414,34.636250000000004,34.544290000000004,34.448260000000005,34.34794,34.24344000000001,34.13465,34.021570000000004,33.904090000000004,33.7821,33.65571,33.5247,33.389070000000004,33.24871,33.10362000000001,32.9538,32.79903,32.63931,32.47453,32.30458,32.12957,31.94928,31.763710000000003,31.572640000000003,31.376180000000005,31.174110000000002,30.966430000000003,30.753030000000003,30.533800000000003,30.308740000000004,30.077740000000002,29.8408,29.597700000000003,29.34844,29.093020000000003,28.831220000000002,28.563150000000004,28.288590000000003,28.00765,27.72022,27.4263,27.125890000000002,26.818880000000004,26.505270000000003,26.185170000000003,25.858690000000003,25.525610000000004,25.18637,24.84075,24.48908,24.13147,23.76814,23.39931,23.025420000000004,22.646580000000004,22.263450000000002,21.87647,21.486190000000004,21.09316,20.698370000000004,20.302590000000002,19.906810000000004,19.51224,19.120200000000004,18.732120000000002,18.34954,17.97444,17.608800000000002,17.25471,16.914700000000003,16.5913,16.28726,16.00544,15.748590000000002,15.519790000000002,15.321900000000001,15.157340000000001,15.028640000000001,14.937780000000002,14.8863,14.875300000000001,14.905110000000002,14.97573,15.086390000000002,15.23577,15.422220000000003,15.64354,15.89753,16.181440000000002,16.492630000000002,16.828460000000003,17.186290000000003,17.56359,17.95794,18.36703,18.788880000000002,19.221510000000002,19.66316,20.1124,20.567800000000002,21.02815,21.492240000000002
29.127890000000004,28.83969,28.557100000000002,28.280450000000002,28.01029,27.746950000000002,27.491090000000003,27.243040000000004,27.003350000000005,26.77257,26.55103,26.33939,26.138090000000002,25.947570000000002,25.76827,25.600740000000002,25.445310000000003,25.302530000000004,25.172620000000002,25.05591,24.952620000000003,24.863190000000003,24.78751,24.726020000000002,24.6785,24.64506,24.625700000000002,24.620310000000003,24.628560000000004,24.650340000000003,24.68521,24.733060000000002,24.79323,24.8655,24.949210000000004,25.04403,25.14919,25.264360000000003,25.38877,25.52198,25.663220000000003,25.81205,25.96781,26.12984,26.297590000000003,26.47051,26.64805,26.82966,27.014790000000005,27.202890000000004,27.393630000000005,27.58635,27.780720000000002,27.97641,28.172980000000003,28.36999,28.56711,28.764010000000003,28.96047,29.156270000000003,29.350860000000004,29.54435,29.736300000000004,29.92649,30.114810000000002,30.301150000000003,30.48518,30.666900000000005,30.84609,31.022640000000003,31.196440000000003,31.36749,31.535570000000003,31.700680000000002,31.862710000000003,32.02155,32.17731,32.32977,32.47893,32.624790000000004,32.76724,32.90639,33.04202,33.174350000000004,33.303160000000005,33.428450000000005,33.55044,33.668800000000005,33.78375,33.89518,34.0032,34.1077,34.20868,34.306250000000006,34.4003,34.49094,34.57806,34.661770000000004,34.741960000000006,34.818740000000005,34.89211,34.962070000000004,35.028620000000004,35.09165,35.15138,35.2077,35.26061000000001,35.31011,35.35620000000001,35.398990000000005,35.438370000000006,35.474340000000005,35.50690000000001,35.53616,35.56212,35.58467,35.60381,35.61954,35.63197,35.64099,35.6466,35.6488,35.6477,35.643080000000005,35.63505,35.623610000000006,35.608760000000004,35.590390000000006,35.56850000000001,35.5432,35.51438,35.481930000000006,35.44596,35.406470000000006,35.363240000000005,35.31649,35.266000000000005,35.21188000000001,35.15402,35.092420000000004,35.026970000000006,34.95767,34.88452,34.807520000000004,34.726560000000006,34.64153,34.55243,34.45937,34.36213,34.26071,34.155,34.045,33.930710000000005,33.811910000000005,33.68871,33.56100000000001,33.428670000000004,33.291610000000006,33.14993,33.00341,32.852050000000006,32.69574000000001,32.53437,32.367940000000004,32.196340000000006,32.01957,31.837410000000006,31.649860000000004,31.456700000000005,31.25815,31.05388,30.843780000000002,30.62796,30.406200000000002,30.1785,29.944640000000003,29.704620000000002,29.458440000000003,29.20588,28.946830000000002,28.681400000000004,28.409370000000003,28.130740000000003,27.8454,27.553350000000002,27.254590000000004,26.948900000000002,26.636390000000002,26.31695,25.99069,25.657500000000002,25.3176,24.97077,24.617340000000002,24.25731,23.890790000000003,23.51811,23.13927,22.754600000000003,22.36454,21.969420000000003,21.56979,21.165980000000005,20.758760000000002,20.3489,19.937170000000002,19.524670000000004,19.1125,18.70187,18.294430000000002,17.891830000000002,17.49594,17.10885,16.732870000000002,16.37075,16.02513,15.699090000000002,15.39582,15.11851,14.870570000000003,14.655300000000002,14.475670000000003,14.33454,14.234220000000002,14.17669,14.163050000000002,14.193850000000001,14.268870000000001,14.38734,14.547500000000001,14.747480000000001,14.984750000000002,15.256340000000002,15.55939,15.89071,16.24733,16.62628,17.024700000000003,17.43995,17.869500000000002,18.31137,18.763360000000002,19.22371,19.69077,20.163220000000003,20.639850000000003,21.11945
29.443920000000002,29.16364,28.88897,28.620350000000002,28.358110000000003,28.10269,27.85453,27.61418,27.381970000000003,27.158340000000003,26.94395,26.73902,26.544210000000003,26.35985,26.186270000000004,26.024130000000003,25.873540000000002,25.73505,25.608880000000003,25.495360000000005,25.39471,25.30715,25.23279,25.171850000000003,25.12422,25.090010000000003,25.06922,25.06152,25.066910000000004,25.08517,25.11586,25.158870000000004,25.213760000000004,25.279980000000002,25.357310000000002,25.445200000000003,25.542990000000003,25.650460000000002,25.76673,25.89158,26.024240000000002,26.16416,26.310790000000004,26.463690000000003,26.62209,26.785660000000004,26.953850000000003,27.126,27.301670000000005,27.480420000000002,27.66181,27.8454,28.030640000000002,28.217310000000005,28.404970000000002,28.593290000000003,28.78183,28.970370000000003,29.15858,29.346130000000002,29.53291,29.718590000000003,29.90295,30.085770000000004,30.26694,30.446130000000004,30.623340000000002,30.798350000000003,30.97105,31.141330000000004,31.308970000000006,31.47397,31.636220000000005,31.795610000000003,31.952140000000004,32.105700000000006,32.25618,32.40358,32.54779,32.688810000000004,32.826640000000005,32.96128,33.092620000000004,33.22055,33.345290000000006,33.46662,33.584540000000004,33.699160000000006,33.81048,33.91828,34.022780000000004,34.123870000000004,34.22166000000001,34.31593,34.4069,34.49457,34.578720000000004,34.65957,34.737010000000005,34.811040000000006,34.88188,34.9492,35.013220000000004,35.07394,35.13125,35.18526,35.23597,35.28327,35.32727,35.36797000000001,35.405370000000005,35.43947000000001,35.47016000000001,35.49766,35.52175,35.54254,35.55992,35.574000000000005,35.58489,35.59226,35.59633000000001,35.5971,35.594460000000005,35.58841,35.579060000000005,35.566190000000006,35.549910000000004,35.530330000000006,35.50712000000001,35.480500000000006,35.45047,35.416810000000005,35.379630000000006,35.338930000000005,35.2946,35.246640000000006,35.19505,35.13983,35.080870000000004,35.01806,34.951620000000005,34.881220000000006,34.80697000000001,34.72887,34.64681,34.560680000000005,34.47059,34.376430000000006,34.27809,34.17546,34.06865,33.957550000000005,33.84205,33.722150000000006,33.59774,33.46882,33.335280000000004,33.19701,33.0539,32.906060000000004,32.75327,32.595530000000004,32.43273000000001,32.26476,32.09151,31.912980000000005,31.729060000000004,31.53975,31.344720000000002,31.144080000000002,30.937720000000002,30.725530000000003,30.507400000000004,30.283220000000004,30.052880000000002,29.816380000000002,29.573610000000002,29.324350000000003,29.0686,28.80636,28.537410000000005,28.26164,27.979050000000004,27.68953,27.39308,27.089480000000002,26.778840000000002,26.46105,26.136000000000003,25.8038,25.46423,25.117510000000003,24.763530000000003,24.402510000000003,24.03423,23.65913,23.277100000000004,22.88847,22.49335,22.092070000000003,21.68507,21.27268,20.85545,20.43393,20.008890000000005,19.58099,19.15144,18.721230000000002,18.29168,17.864220000000003,17.440720000000002,17.022940000000002,16.613300000000002,16.21411,15.828230000000001,15.45874,15.108830000000001,14.78213,14.48227,14.2131,13.978470000000002,13.7819,13.626690000000002,13.515810000000002,13.451350000000001,13.43485,13.46686,13.547160000000002,13.674650000000002,13.84735,14.062730000000002,14.317820000000001,14.609320000000002,14.933600000000002,15.28714,15.666420000000002,16.068250000000003,16.489330000000002,16.92691,17.37824,17.841010000000004,18.31324,18.79295,19.2786,19.76854,20.26178,20.75711
29.756760000000003,29.484070000000003,29.216990000000003,28.95585,28.7012,28.45315,28.212360000000004,27.979270000000003,27.754100000000005,27.5374,27.329610000000002,27.13106,26.9423,26.763550000000002,26.595360000000003,26.438060000000004,26.291980000000002,26.15745,26.0348,25.92414,25.825800000000005,25.740000000000002,25.666850000000004,25.606350000000003,25.558500000000002,25.52352,25.50119,25.491400000000002,25.494040000000002,25.508890000000005,25.535620000000005,25.57401,25.623730000000002,25.684450000000002,25.755620000000004,25.83691,25.92777,26.02776,26.136440000000004,26.25326,26.377670000000002,26.509120000000003,26.64717,26.79116,26.94076,27.095310000000005,27.254370000000005,27.417500000000004,27.58415,27.753880000000002,27.926360000000003,28.10093,28.277480000000004,28.455350000000003,28.634430000000005,28.814170000000004,28.99435,29.174750000000003,29.35482,29.534560000000003,29.71364,29.89162,30.068610000000003,30.244170000000004,30.418300000000002,30.590560000000004,30.761060000000004,30.929470000000002,31.09579,31.259800000000002,31.421390000000006,31.580450000000003,31.736870000000003,31.89076,32.041790000000006,32.189960000000006,32.33527,32.47761,32.616980000000005,32.75327,32.88648,33.01661,33.143550000000005,33.2673,33.38786,33.505230000000005,33.6193,33.73007,33.837650000000004,33.941930000000006,34.043020000000006,34.1407,34.23519,34.32638,34.41416,34.49875,34.580040000000004,34.658030000000004,34.73272,34.80411,34.87220000000001,34.9371,34.99859,35.05689,35.11189,35.16359,35.21210000000001,35.257310000000004,35.299220000000005,35.33794,35.37325,35.405370000000005,35.43430000000001,35.45993,35.482150000000004,35.50129,35.51702000000001,35.529450000000004,35.53869,35.544520000000006,35.547050000000006,35.54639,35.542210000000004,35.53484,35.524060000000006,35.50987000000001,35.492270000000005,35.47137,35.44695,35.41912,35.387769999999996,35.353010000000005,35.314620000000005,35.272710000000004,35.22728,35.17822,35.125530000000005,35.069210000000005,35.009150000000005,34.945350000000005,34.877810000000004,34.80642,34.73118,34.65198,34.56893,34.48181,34.39062,34.29547,34.19603,34.09241,33.98461,33.87241,33.755810000000004,33.63481,33.5093,33.37928,33.244530000000005,33.105050000000006,32.960730000000005,32.81168,32.65757000000001,32.498400000000004,32.33417,32.164770000000004,31.990090000000002,31.81002,31.624560000000002,31.433380000000003,31.236700000000003,31.034190000000002,30.825850000000003,30.611680000000003,30.391350000000003,30.16497,29.93221,29.69318,29.447770000000006,29.19576,28.937040000000003,28.671610000000005,28.39936,28.120070000000002,27.833740000000002,27.540260000000004,27.239630000000002,26.931630000000002,26.61615,26.293300000000002,25.96286,25.624940000000002,25.279320000000002,24.926000000000002,24.565200000000004,24.19659,23.820500000000003,23.436930000000004,23.045880000000004,22.64757,22.24222,21.830050000000004,21.41128,20.986349999999998,20.5557,20.11999,19.679660000000002,19.23559,18.788770000000003,18.34019,17.891060000000003,17.443140000000003,16.997860000000003,16.55742,16.12402,15.7003,15.289010000000001,14.893780000000001,14.51791,14.165580000000002,13.84075,13.54804,13.291630000000001,13.076030000000001,12.90498,12.782,12.70984,12.690150000000001,12.723700000000001,12.810270000000001,12.948210000000001,13.13521,13.368300000000001,13.643630000000002,13.95735,14.30528,14.68335,15.08749,15.51396,15.95946,16.420800000000003,16.895120000000002,17.37989,17.873130000000003,18.372860000000003,18.877430000000004,19.385300000000004,19.895480000000003,20.406760000000002
30.06608,29.80065,29.540830000000003,29.286950000000004,29.039340000000003,28.79844,28.564690000000002,28.338310000000003,28.119740000000004,27.90953,27.707900000000002,27.515400000000003,27.332250000000002,27.158890000000003,26.99565,26.84286,26.700960000000002,26.57006,26.450490000000002,26.34258,26.24633,26.16207,26.0898,26.02963,25.981670000000005,25.94581,25.921940000000003,25.91017,25.91006,25.921720000000004,25.9446,25.978700000000003,26.023580000000003,26.0788,26.14425,26.21927,26.30342,26.396480000000004,26.497790000000002,26.607020000000002,26.72351,26.846930000000004,26.976730000000003,27.112360000000002,27.253380000000003,27.399350000000002,27.549720000000004,27.70416,27.86212,28.02316,28.186950000000003,28.352940000000004,28.520910000000004,28.690420000000003,28.861030000000003,29.03263,29.204670000000004,29.37704,29.549300000000002,29.721230000000002,29.892720000000004,30.063440000000003,30.233060000000002,30.40158,30.56867,30.734220000000004,30.89801,31.06004,31.21998,31.377830000000003,31.53337,31.686600000000002,31.837410000000006,31.98569,32.131330000000005,32.27422,32.41447,32.551860000000005,32.68639,32.81795,32.94654,33.07227,33.194810000000004,33.31438,33.430870000000006,33.54417,33.65439,33.76142,33.865370000000006,33.96613,34.063700000000004,34.158080000000005,34.24927,34.337270000000004,34.42197,34.50359,34.58191,34.65704,34.72898,34.79773,34.86329,34.92555,34.98462000000001,35.0405,35.09319,35.14269,35.189,35.23201,35.27183,35.308460000000004,35.3419,35.372150000000005,35.399210000000004,35.42297000000001,35.443540000000006,35.46081,35.47489,35.48578,35.493370000000006,35.49766,35.498760000000004,35.49656,35.491060000000004,35.482150000000004,35.47005,35.45454,35.43573000000001,35.41351,35.38788,35.35884,35.326280000000004,35.29031,35.250820000000004,35.20792,35.161390000000004,35.11123,35.05744,35.000130000000006,34.938970000000005,34.87418,34.80565,34.733270000000005,34.65704,34.57685,34.49281,34.404810000000005,34.312630000000006,34.21649,34.116060000000004,34.01156,33.902660000000004,33.78947,33.67199,33.549890000000005,33.42339,33.29227,33.156420000000004,33.015840000000004,32.87042,32.72016,32.564840000000004,32.40457,32.239020000000004,32.0683,31.892190000000003,31.710690000000003,31.523690000000006,31.330970000000004,31.132640000000002,30.928480000000004,30.71838,30.50223,30.279920000000004,30.051450000000003,29.81649,29.575150000000004,29.327210000000004,29.072560000000003,28.811200000000003,28.542800000000003,28.267360000000004,27.98488,27.695030000000003,27.397810000000003,27.093220000000002,26.78093,26.46105,26.133360000000003,25.797860000000004,25.45444,25.102990000000005,24.74362,24.376,24.00046,23.616780000000002,23.224960000000003,22.82522,22.41767,22.002200000000002,21.57936,21.149040000000003,20.711900000000004,20.268050000000002,19.818040000000003,19.362640000000003,18.902290000000004,18.438090000000003,17.97092,17.502100000000002,17.033170000000002,16.56556,16.101470000000003,15.643210000000002,15.19353,14.755400000000002,14.332340000000002,13.928420000000001,13.547930000000001,13.1956,12.87649,12.59566,12.35828,12.169080000000001,12.032350000000001,11.951280000000002,11.928070000000002,11.96371,12.05743,12.20769,12.41141,12.664740000000002,12.963280000000001,13.302080000000002,13.67641,14.081430000000001,14.512630000000001,14.96583,15.437400000000002,15.923820000000001,16.422230000000003,16.930100000000003,17.44501,17.965310000000002,18.48913,19.01526,19.54238,20.06961
30.371770000000005,30.113380000000003,29.860380000000003,29.61332,29.372530000000005,29.138340000000003,28.911080000000005,28.691190000000002,28.478890000000003,28.27473,28.07893,27.891930000000002,27.714060000000003,27.545650000000002,27.387030000000003,27.23853,27.100370000000005,26.972880000000004,26.85628,26.750680000000003,26.65641,26.57347,26.501970000000004,26.442130000000002,26.39384,26.3571,26.3318,26.31794,26.315410000000004,26.323880000000003,26.343130000000002,26.373050000000003,26.413310000000003,26.463470000000004,26.5232,26.592280000000002,26.670270000000002,26.756620000000005,26.850890000000003,26.952860000000005,27.061870000000003,27.177590000000002,27.29947,27.427070000000004,27.559950000000004,27.697670000000002,27.839680000000005,27.985760000000003,28.135360000000002,28.288040000000002,28.443360000000006,28.601100000000002,28.760820000000002,28.92208,29.084660000000003,29.248230000000003,29.412460000000003,29.576910000000005,29.741580000000003,29.90603,30.07015,30.233500000000003,30.39608,30.55767,30.717940000000002,30.876780000000004,31.034190000000002,31.18973,31.343510000000002,31.495310000000003,31.644910000000003,31.792420000000003,31.937620000000003,32.080400000000004,32.22065,32.35848,32.49356,32.626000000000005,32.7558,32.882630000000006,33.006820000000005,33.12804,33.24629,33.36168000000001,33.47410000000001,33.58344,33.68981,33.79321,33.893420000000006,33.990660000000005,34.08482,34.17579,34.26379000000001,34.348600000000005,34.430220000000006,34.50887,34.58433,34.656600000000005,34.72579,34.791900000000005,34.854820000000004,34.914660000000005,34.97131,35.024770000000004,35.07515000000001,35.12234,35.166450000000005,35.207370000000004,35.24521,35.279860000000006,35.31132,35.33959,35.36478,35.38678000000001,35.405590000000004,35.42121,35.433640000000004,35.44288,35.448930000000004,35.45179000000001,35.45135,35.447720000000004,35.44079,35.43056000000001,35.417030000000004,35.400310000000005,35.38018,35.35675,35.32991,35.29966,35.266000000000005,35.228930000000005,35.188340000000004,35.14434000000001,35.09671,35.04556,34.99078,34.93237,34.87033,34.80455,34.73503,34.661770000000004,34.58455,34.50359,34.41856,34.329570000000004,34.23662,34.13949,34.038180000000004,33.93269,33.82302000000001,33.70884,33.59037,33.46739,33.33990000000001,33.20779,33.07095,32.92938,32.782970000000006,32.63161,32.475300000000004,32.31382000000001,32.14717,31.975130000000004,31.797810000000002,31.614990000000002,31.426670000000005,31.232520000000005,31.032650000000004,30.826950000000004,30.6152,30.39729,30.17322,29.942770000000003,29.70583,29.462290000000003,29.21215,28.955080000000002,28.69108,28.420040000000004,28.141740000000002,27.856180000000002,27.563140000000004,27.262510000000002,26.95418,26.637930000000004,26.313870000000005,25.981670000000005,25.641440000000003,25.29285,24.935900000000004,24.570590000000003,24.196700000000003,23.81434,23.4234,23.023880000000002,22.61578,22.199210000000004,21.77417,21.340880000000002,20.89945,20.45032,19.99349,19.52962,19.059260000000002,18.58285,18.101270000000003,17.61562,17.126780000000004,16.636400000000002,16.14591,15.65751,15.1734,14.69644,14.22971,13.77706,13.34267,12.931490000000002,12.548580000000001,12.19988,11.891440000000001,11.6292,11.419210000000001,11.266420000000002,11.175120000000001,11.14795,11.186010000000001,11.288530000000002,11.453310000000002,11.6765,11.95326,12.278200000000002,12.64527,13.04897,13.483690000000001,13.944370000000001,14.426390000000001,14.92568,15.43861,15.962210000000002,16.493840000000002,17.031190000000002,17.572280000000003,18.115790000000004,18.66018,19.20435,19.74742
30.673720000000003,30.42182,30.175420000000003,29.93496,29.70055,29.47274,29.251640000000005,29.0378,28.83144,28.633000000000003,28.442700000000002,28.260870000000004,28.087950000000003,27.924160000000004,27.769830000000002,27.625180000000004,27.49054,27.366130000000002,27.252170000000003,27.148770000000003,27.056150000000002,26.974420000000006,26.90369,26.844070000000002,26.795340000000003,26.757720000000003,26.730990000000002,26.71515,26.71009,26.715590000000002,26.731320000000004,26.75728,26.79303,26.838350000000002,26.892910000000004,26.956270000000004,27.028210000000005,27.10818,27.195850000000004,27.29089,27.392750000000003,27.500990000000005,27.61539,27.735290000000003,27.860360000000004,27.99005,28.12414,28.262190000000004,28.403650000000003,28.5483,28.695590000000003,28.8453,28.996990000000004,29.15044,29.3051,29.46086,29.617390000000004,29.77436,29.93155,30.08874,30.2456,30.401910000000004,30.557560000000002,30.712220000000002,30.86589,31.018240000000002,31.16916,31.318540000000002,31.466160000000002,31.61202,31.755900000000004,31.897690000000004,32.03728,32.174670000000006,32.30975,32.4423,32.572540000000004,32.700030000000005,32.825100000000006,32.94731,33.066990000000004,33.18381,33.297880000000006,33.409090000000006,33.51744000000001,33.622930000000004,33.72545,33.82511,33.921800000000005,34.01552,34.10616,34.193940000000005,34.27864,34.360260000000004,34.43891,34.51459,34.58719000000001,34.656710000000004,34.723150000000004,34.78651,34.8469,34.904210000000006,34.95844,35.00959,35.057660000000006,35.102650000000004,35.144560000000006,35.18339,35.21914,35.251810000000006,35.281290000000006,35.3078,35.331120000000006,35.35136,35.368410000000004,35.38238,35.39316000000001,35.40086,35.405370000000005,35.406690000000005,35.40482,35.39965,35.391400000000004,35.379850000000005,35.36511000000001,35.34707,35.32562,35.30098,35.27304,35.24158,35.20682,35.16865,35.12707,35.081970000000005,35.033350000000006,34.981210000000004,34.92555,34.866150000000005,34.80323,34.73646,34.66606,34.59181,34.51382,34.43187,34.346070000000005,34.2562,34.16237,34.06447,33.96228,33.85602,33.745470000000005,33.630520000000004,33.51117,33.38731,33.25894,33.12595,32.98823,32.845780000000005,32.69838,32.54614,32.38873,32.22626,32.058510000000005,31.88548,31.707060000000002,31.523030000000002,31.33339,31.138030000000004,30.936840000000004,30.72971,30.516420000000004,30.29697,30.07125,29.839040000000004,29.600340000000003,29.354930000000003,29.102590000000003,28.84343,28.57712,28.30355,28.022610000000004,27.734190000000005,27.438180000000003,27.13436,26.82262,26.502740000000003,26.174830000000004,25.83845,25.493710000000004,25.140390000000004,24.778270000000003,24.407460000000004,24.02774,23.639,23.241130000000002,22.834350000000004,22.41833,21.993180000000002,21.5589,21.115710000000004,20.663610000000002,20.20271,19.73345,19.256050000000002,18.77106,18.278810000000004,17.78018,17.275940000000002,16.767190000000003,16.25525,15.741660000000003,15.228290000000001,14.71756,14.212110000000001,13.715350000000003,13.231020000000001,12.763850000000001,12.318900000000001,11.902220000000002,11.520300000000002,11.1804,10.889692000000002,10.655359,10.48388,10.380524000000001,10.348767000000002,10.389962,10.503163,10.685257,10.931382000000001,11.235400000000002,11.590480000000001,11.98967,12.42604,12.89343,13.386120000000002,13.898830000000002,14.42749,14.968250000000001,15.517920000000002,16.073860000000003,16.63387,17.19619,17.75928,18.321930000000002,18.88293,19.44173
30.971600000000002,30.725970000000004,30.485950000000003,30.251540000000002,30.023290000000003,29.80142,29.586260000000003,29.378140000000002,29.177390000000003,28.98423,28.799100000000003,28.622110000000003,28.453810000000004,28.294310000000003,28.14394,28.002920000000003,27.871580000000005,27.750030000000002,27.638490000000004,27.537070000000003,27.445990000000002,27.365360000000003,27.295180000000002,27.23545,27.186390000000003,27.147890000000004,27.11973,27.102020000000003,27.094540000000002,27.097070000000002,27.1095,27.131610000000002,27.16318,27.203770000000002,27.253270000000004,27.31124,27.377350000000003,27.45127,27.53267,27.621000000000002,27.716040000000003,27.81735,27.924380000000003,28.036910000000002,28.154500000000002,28.27671,28.403100000000006,28.533340000000003,28.6671,28.803830000000005,28.943420000000003,29.08532,29.22931,29.37506,29.522240000000004,29.67041,29.819460000000003,29.969170000000005,30.119100000000003,30.26903,30.418850000000003,30.568340000000003,30.717170000000003,30.865230000000004,31.012300000000003,31.158270000000005,31.303030000000003,31.446250000000003,31.587930000000004,31.72785,31.866010000000003,32.002190000000006,32.136390000000006,32.268390000000004,32.3983,32.52579,32.65108,32.77384,32.894070000000006,33.011880000000005,33.127050000000004,33.239470000000004,33.349360000000004,33.4565,33.56089,33.662420000000004,33.7612,33.85712,33.95029,34.040490000000005,34.12783,34.2122,34.293710000000004,34.37225,34.44793,34.52064,34.590270000000004,34.65704,34.72084,34.781670000000005,34.839420000000004,34.894200000000005,34.94601,34.99485000000001,35.04061,35.0834,35.12322,35.159960000000005,35.19362,35.22431,35.25192,35.27656,35.298120000000004,35.31649,35.33189,35.344210000000004,35.35345,35.359500000000004,35.36247,35.36236,35.35906,35.35257,35.342890000000004,35.330130000000004,35.31407000000001,35.29471,35.27216000000001,35.24631,35.21716,35.18471,35.14885,35.10958,35.06701,35.020920000000004,34.97131,34.91818,34.86153,34.80136,34.73745,34.66991,34.59863,34.523610000000005,34.44474,34.36202,34.27534000000001,34.18470000000001,34.0901,33.99143,33.888470000000005,33.78144,33.670120000000004,33.5544,33.43428,33.309650000000005,33.180510000000005,33.04675,32.90826,32.76493000000001,32.61676,32.463530000000006,32.305350000000004,32.141890000000004,31.973260000000003,31.799240000000005,31.619830000000004,31.434810000000006,31.244070000000004,31.047610000000002,30.84521,30.636760000000002,30.422150000000002,30.201380000000004,29.97412,29.74048,29.500020000000003,29.252850000000002,28.998750000000005,28.7375,28.4691,28.193440000000002,27.910080000000004,27.619130000000002,27.320370000000004,27.013690000000004,26.698870000000003,26.375690000000002,26.044150000000002,25.704030000000003,25.355110000000003,24.997390000000003,24.630540000000003,24.254670000000004,23.869450000000004,23.47477,23.07063,22.656810000000004,22.233420000000002,21.800240000000002,21.357270000000003,20.90462,20.44229,19.9705,19.489140000000003,18.99876,18.499579999999998,17.992040000000003,17.47669,16.9543,16.42575,15.89236,15.355450000000001,14.816890000000003,14.278880000000001,13.744060000000001,13.215730000000002,12.69796,12.195480000000002,11.7139,11.259820000000001,10.840687,10.464828,10.141043,9.878198000000001,9.684543000000001,9.566865000000002,9.529751000000001,9.574928000000002,9.701076,9.904026,10.177376,10.513239,10.903101000000001,11.338470000000001,11.811360000000002,12.314390000000001,12.84151,13.387,13.94646,14.515930000000003,15.09233,15.673130000000002,16.256020000000003,16.839460000000003,17.422020000000003,18.00249,18.580099999999998,19.154080000000004
31.2653,31.025720000000003,30.79164,30.563170000000003,30.34064,30.12449,29.91494,29.712210000000002,29.516630000000003,29.32853,29.148130000000002,28.97576,28.81175,28.656320000000004,28.509580000000003,28.37197,28.2436,28.12458,28.015240000000002,27.91569,27.82593,27.746180000000003,27.676440000000003,27.616820000000004,27.567320000000002,27.527720000000006,27.498240000000003,27.47866,27.46876,27.46854,27.477780000000003,27.496260000000003,27.523650000000004,27.559950000000004,27.6045,27.657300000000003,27.718020000000003,27.786110000000004,27.86135,27.94341,28.031850000000002,28.126450000000006,28.22655,28.332040000000003,28.442370000000004,28.557320000000004,28.676340000000003,28.799100000000003,28.92538,29.054740000000002,29.186740000000004,29.321160000000003,29.45767,29.59605,29.73575,29.87666,30.01856,30.16101,30.303900000000002,30.4469,30.589900000000004,30.732680000000002,30.874800000000004,31.016370000000002,31.157170000000004,31.296870000000002,31.435360000000003,31.572640000000003,31.708380000000005,31.842580000000005,31.975130000000004,32.105810000000005,32.23462000000001,32.361450000000005,32.48619000000001,32.60873,32.72907,32.847100000000005,32.96282,33.076010000000004,33.18678,33.29502,33.40073,33.5038,33.60412,33.701910000000005,33.79695,33.88924,33.97878,34.06557,34.1495,34.23068,34.309000000000005,34.384460000000004,34.457170000000005,34.52691,34.59379,34.657810000000005,34.71886,34.77705,34.83227,34.88463,34.934020000000004,34.98055,35.02411,35.0647,35.102320000000006,35.13697,35.16876,35.19747,35.22321,35.245870000000004,35.26567,35.28239,35.29614000000001,35.306700000000006,35.3144,35.31891,35.32045,35.3188,35.31407000000001,35.30626000000001,35.29526,35.28118,35.2638,35.24334,35.21958000000001,35.19263,35.162380000000006,35.12883000000001,35.09198000000001,35.05172,35.008050000000004,34.96097,34.91048,34.85647,34.79894,34.73789,34.673100000000005,34.60479,34.532740000000004,34.45684000000001,34.3772,34.293820000000004,34.20637,34.11507,34.0197,33.920260000000006,33.81675,33.70895,33.59686,33.48048000000001,33.359700000000004,33.234410000000004,33.10461,32.97008,32.83093,32.68683,32.537890000000004,32.38400000000001,32.22505,32.06082,31.891420000000004,31.716520000000003,31.536230000000003,31.350220000000004,31.158600000000003,30.961150000000004,30.75765,30.548210000000005,30.332500000000003,30.11041,29.881940000000004,29.64687,29.40509,29.156380000000002,28.90063,28.637730000000005,28.36746,28.089710000000004,27.804370000000006,27.511110000000002,27.209930000000004,26.900610000000004,26.58304,26.256890000000002,25.92216,25.57852,25.225970000000004,24.86418,24.493150000000004,24.112550000000002,23.72227,23.322200000000002,22.91223,22.49203,22.06171,21.62116,21.170160000000003,20.708710000000004,20.23681,19.75457,19.26188,18.75918,18.246470000000002,17.72419,17.19267,16.65268,16.10499,15.55048,14.990470000000002,14.426610000000002,13.860990000000001,13.296140000000001,12.735360000000002,12.182500000000001,11.6424,11.12111,10.625813,10.164814000000002,9.747815,9.385453000000002,9.088783000000001,8.868442,8.733428,8.689901,8.740182,8.882379,9.110761000000002,9.416726,9.790033,10.219957,10.696191,11.209330000000001,11.7513,12.315160000000002,12.89519,13.486550000000001,14.085500000000001,14.689070000000001,15.29462,15.900280000000002,16.50451,17.1061,17.704060000000002,18.29773,18.88634
31.554820000000003,31.320960000000003,31.09249,30.869630000000004,30.652600000000003,30.44184,30.237460000000006,30.039790000000004,29.84916,29.665790000000005,29.489900000000002,29.32182,29.161880000000004,29.010080000000006,28.866860000000003,28.73222,28.606600000000004,28.49011,28.38275,28.284740000000003,28.1963,28.117320000000003,28.04791,27.988290000000003,27.93813,27.89776,27.866740000000004,27.845290000000002,27.833190000000002,27.830330000000004,27.836380000000005,27.851340000000004,27.874880000000005,27.906780000000005,27.94682,27.994670000000003,28.050110000000004,28.1127,28.18211,28.25812,28.340290000000003,28.428400000000003,28.521900000000002,28.62057,28.72397,28.83188,28.94386,29.05947,29.178490000000004,29.300590000000003,29.425440000000002,29.55271,29.68196,29.81308,29.945740000000004,30.0795,30.214360000000003,30.349880000000002,30.485950000000003,30.62224,30.75853,30.8946,31.030450000000002,31.165640000000003,31.300060000000002,31.43371,31.566260000000003,31.6976,31.827620000000003,31.9561,32.08315,32.20844,32.331970000000005,32.453630000000004,32.573310000000006,32.691010000000006,32.80651,32.919920000000005,33.03102,33.139810000000004,33.24618,33.35024000000001,33.45177,33.55077,33.64735,33.74129,33.83259,33.92125,34.007270000000005,34.090650000000004,34.17128,34.24927,34.324400000000004,34.39689,34.46652,34.5334,34.59742000000001,34.65869,34.7171,34.772760000000005,34.825450000000004,34.87539,34.922470000000004,34.96658,35.00794,35.046330000000005,35.081860000000006,35.11453,35.14423,35.17107,35.19494,35.21584000000001,35.23377000000001,35.24884000000001,35.260830000000006,35.269960000000005,35.27601,35.278980000000004,35.278980000000004,35.27601,35.269960000000005,35.26072,35.24851,35.23311,35.21452,35.19285000000001,35.16799,35.13994,35.10859,35.07394,35.036100000000005,34.99485000000001,34.950300000000006,34.90234,34.850970000000004,34.79608,34.73767,34.675740000000005,34.61029,34.5411,34.46828000000001,34.39172,34.311420000000005,34.227270000000004,34.139160000000004,34.047200000000004,33.951170000000005,33.85107000000001,33.746900000000004,33.63855,33.52591,33.40887,33.28743,33.161590000000004,33.031130000000005,32.89605,32.756240000000005,32.61159,32.46199,32.30744,32.147830000000006,31.98294,31.812880000000003,31.637320000000003,31.45615,31.26948,31.077090000000002,30.878760000000003,30.674490000000002,30.464060000000003,30.24736,30.02428,29.794710000000002,29.558430000000005,29.315440000000002,29.065410000000004,28.80834,28.543900000000004,28.272090000000002,27.992580000000004,27.705370000000002,27.41024,27.106970000000004,26.795450000000002,26.475350000000002,26.146670000000004,25.809080000000005,25.462360000000004,25.106510000000004,24.741200000000003,24.36632,23.981540000000003,23.586750000000002,23.18184,22.76648,22.34056,21.90397,21.4566,20.998120000000004,20.528640000000003,20.04794,19.55602,19.05288,18.53863,18.01327,17.47713,16.93043,16.37361,15.807330000000002,15.232360000000002,14.64991,14.061190000000002,13.468180000000002,12.873190000000001,12.279080000000002,11.68992,11.110330000000001,10.546459,10.005963000000001,9.498082,9.033926000000001,8.626277,8.289006,8.036039,7.879586000000001,7.8282050000000005,7.885119,8.047545000000001,8.307387,8.652831,9.070369,9.546471000000002,10.068685,10.626198,11.20999,11.81268,12.428350000000002,13.05249,13.681140000000001,14.311660000000002,14.941850000000002,15.56973,16.194200000000002,16.81416,17.42873,18.037470000000003,18.63994
31.839940000000002,31.611470000000004,31.388390000000005,31.170810000000003,30.959060000000004,30.75336,30.55393,30.3611,30.17509,29.996120000000005,29.82452,29.6604,29.50409,29.35581,29.215780000000002,29.084110000000003,28.960910000000002,28.84662,28.741130000000002,28.644550000000002,28.557100000000002,28.478890000000003,28.409810000000004,28.349970000000003,28.299370000000003,28.257900000000003,28.225560000000005,28.202350000000003,28.18794,28.182440000000003,28.185520000000004,28.197070000000004,28.216870000000004,28.2447,28.280340000000002,28.32346,28.37384,28.431040000000003,28.49495,28.56513,28.641360000000002,28.723200000000002,28.81043,28.9025,28.99941,29.1005,29.20566,29.31434,29.426540000000003,29.541600000000003,29.659410000000005,29.77964,29.90196,30.026150000000005,30.151880000000002,30.278820000000003,30.406860000000005,30.53567,30.665030000000005,30.79472,30.92452,31.054320000000004,31.183680000000003,31.312710000000003,31.441080000000003,31.56868,31.695400000000003,31.820910000000005,31.945320000000002,32.0683,32.189960000000006,32.30997,32.42833,32.54493,32.65966,32.77241,32.88329,32.99197,33.098560000000006,33.20295,33.30514,33.40491,33.502480000000006,33.59752,33.69014000000001,33.78034,33.868010000000005,33.95315,34.035650000000004,34.11573,34.19306,34.26775,34.339800000000004,34.40921,34.47598,34.53989,34.60116,34.65979,34.71556,34.76858000000001,34.818850000000005,34.86637,34.911030000000004,34.952940000000005,34.9921,35.028400000000005,35.061840000000004,35.092420000000004,35.12014,35.145,35.16711,35.18625,35.202420000000004,35.21573,35.22618000000001,35.23366,35.238170000000004,35.23971,35.23828,35.23388,35.226400000000005,35.21595,35.202420000000004,35.185810000000004,35.16612000000001,35.14324,35.11728,35.08813,35.05579,35.02015,34.981320000000004,34.93919,34.89365,34.84481,34.79256,34.736900000000006,34.67772000000001,34.61502,34.54880000000001,34.478950000000005,34.40536,34.328140000000005,34.24718,34.16237,34.07371,33.98109,33.88451,33.783860000000004,33.679140000000004,33.570130000000006,33.45694,33.33946,33.217580000000005,33.091190000000005,32.96018,32.82455,32.68419,32.539100000000005,32.38906,32.23396,32.073800000000006,31.908360000000002,31.737640000000003,31.56153,31.379810000000003,31.192480000000003,30.999430000000004,30.800440000000002,30.5954,30.384310000000003,30.16684,29.942880000000002,29.71243,29.475270000000002,29.231180000000002,28.980160000000005,28.721880000000002,28.45623,28.1831,27.902160000000002,27.613410000000005,27.316630000000004,27.011600000000005,26.698100000000004,26.375910000000005,26.04503,25.705020000000005,25.35566,24.996950000000002,24.628560000000004,24.25027,23.86186,23.463220000000003,23.053910000000005,22.633930000000003,22.20295,21.76075,21.30733,20.842250000000003,20.3654,19.876780000000004,19.376170000000002,18.86346,18.33854,17.80163,17.25262,16.691730000000003,16.11918,15.535520000000002,14.941190000000002,14.33718,13.724480000000002,13.10474,12.479940000000001,11.85261,11.22649,10.605969000000002,9.997141000000001,9.407761,8.847784,8.329706000000002,7.8686630000000015,7.4821230000000005,7.188511,7.004877000000001,6.943574000000001,7.009277000000001,7.197773000000001,7.497171000000001,7.890872000000001,8.360847,8.889991000000002,9.463498000000001,10.069158,10.697280000000001,11.340340000000001,11.992420000000001,12.64934,13.30747,13.964390000000002,14.618230000000002,15.267450000000002,15.911060000000003,16.54829,17.17848,17.80141,18.41675
32.12055,31.897360000000003,31.67934,31.466820000000006,31.25991,31.05905,30.864240000000002,30.67592,30.494310000000002,30.31952,30.151880000000002,29.991500000000002,29.838710000000003,29.693620000000003,29.55645,29.42742,29.30664,29.19433,29.090490000000003,28.995230000000003,28.90877,28.831110000000002,28.76225,28.70219,28.650930000000002,28.60847,28.574810000000003,28.549730000000004,28.533230000000003,28.5252,28.525420000000004,28.533780000000004,28.549950000000003,28.57382,28.60517,28.643780000000003,28.689210000000003,28.74146,28.79998,28.864660000000004,28.935060000000004,29.01096,29.09203,29.177940000000003,29.268360000000005,29.36307,29.461630000000003,29.563820000000003,29.669200000000004,29.77755,29.888650000000005,30.002170000000003,30.117780000000003,30.23515,30.354170000000003,30.474510000000002,30.595950000000002,30.71816,30.84103,30.964340000000004,31.087870000000002,31.21129,31.334600000000002,31.457580000000004,31.58001,31.701780000000003,31.822670000000002,31.94257,32.06148,32.17907,32.29534,32.410180000000004,32.52337000000001,32.635020000000004,32.744910000000004,32.85293,32.95908000000001,33.06336,33.165440000000004,33.26554,33.363440000000004,33.459140000000005,33.552640000000004,33.64383,33.732600000000005,33.81906,33.90321,33.98472,34.06392,34.140480000000004,34.214620000000004,34.28623,34.3552,34.421530000000004,34.485330000000005,34.54649,34.60501,34.66089,34.714130000000004,34.76462,34.812470000000005,34.85757,34.89992,34.93963,34.97648,35.010690000000004,35.04204,35.070640000000004,35.09649,35.11948,35.139720000000004,35.15699,35.171510000000005,35.183170000000004,35.191970000000005,35.19791,35.200990000000004,35.200990000000004,35.198240000000006,35.19241,35.18361,35.17184,35.1571,35.13928000000001,35.11849,35.09451,35.06745,35.037200000000006,35.00387,34.96735,34.927530000000004,34.88441,34.838100000000004,34.788380000000004,34.73536,34.67893,34.61898000000001,34.555620000000005,34.48863,34.41812,34.34398,34.2661,34.18448,34.09912,34.009910000000005,33.916740000000004,33.819720000000004,33.71852,33.61325,33.503910000000005,33.390280000000004,33.27225,33.14993,33.02310000000001,32.89165,32.75569,32.61489,32.46936,32.31888,32.163340000000005,32.00274,31.83697,31.66581,31.48926,31.307100000000002,31.11933,30.92573,30.726300000000002,30.52071,30.308960000000003,30.090940000000003,29.86632,29.63521,29.397280000000002,29.15242,28.90052,28.641360000000002,28.374720000000003,28.10049,27.81856,27.5286,27.23039,26.923930000000002,26.608890000000002,26.285050000000002,25.95219,25.610200000000003,25.25864,24.897620000000003,24.526590000000002,24.14544,23.753950000000003,23.3519,22.93896,22.51491,22.079530000000002,21.632600000000004,21.17379,20.702990000000003,20.21976,19.724100000000004,19.215790000000002,18.6945,18.160230000000002,17.612870000000004,17.052310000000002,16.478550000000002,15.891810000000001,15.29209,14.67994,14.05591,13.420660000000002,12.775510000000002,12.122,11.46233,10.799459000000002,10.137567,9.482187000000001,8.840876000000002,8.223809000000001,7.644527,7.1205750000000005,6.673612,6.328333000000001,6.10918,6.034842000000001,6.112546000000001,6.335549,6.685646000000001,7.138857000000001,7.6708940000000005,8.260461000000001,8.890343,9.547307000000002,10.221409000000001,10.905345,11.593670000000001,12.282600000000002,12.969110000000002,13.65122,14.327390000000001,14.996520000000002,15.657840000000002,16.311020000000003,16.95551,17.591310000000004,18.218200000000003
32.39654,32.1783,31.965120000000002,31.757440000000003,31.55526,31.358800000000002,31.168500000000005,30.98447,30.80693,30.635990000000003,30.47209,30.315230000000003,30.165630000000004,30.02362,29.889200000000002,29.76259,29.643900000000006,29.533460000000005,29.431050000000003,29.337000000000003,29.25142,29.17409,29.10534,29.04506,28.99314,28.949800000000003,28.914710000000003,28.887870000000003,28.869390000000003,28.85883,28.85619,28.86136,28.87412,28.89425,28.921530000000004,28.955630000000003,28.99655,29.043850000000003,29.097310000000004,29.1566,29.221500000000002,29.29168,29.36692,29.446890000000003,29.53115,29.619590000000002,29.71188,29.80758,29.90658,30.008440000000004,30.11305,30.220080000000003,30.32909,30.440080000000002,30.55261,30.66646,30.78141,30.897350000000003,31.013950000000005,31.13099,31.24836,31.365730000000003,31.4831,31.600140000000003,31.716740000000005,31.832790000000003,31.948070000000005,32.062470000000005,32.17588000000001,32.28819000000001,32.39929,32.50896,32.617200000000004,32.7239,32.829060000000005,32.932460000000006,33.03399,33.13376,33.231550000000006,33.32736,33.42108,33.512820000000005,33.602250000000005,33.68959,33.774620000000006,33.85745,33.93797,34.016070000000006,34.091750000000005,34.16512,34.235960000000006,34.30449,34.370380000000004,34.43385,34.49468,34.553090000000005,34.60886,34.6621,34.7127,34.76077,34.806090000000005,34.84888,34.88892,34.92643,34.96119,34.9932,35.02257,35.04919,35.07306,35.09418,35.112660000000005,35.128280000000004,35.141040000000004,35.151160000000004,35.15831,35.162710000000004,35.16425,35.16293,35.15864,35.1516,35.14148,35.1285,35.112550000000006,35.09352,35.07152,35.04655,35.018390000000004,34.98726,34.952830000000006,34.91543,34.87473,34.83084,34.78365,34.733160000000005,34.679370000000006,34.622170000000004,34.56156,34.49743,34.42989,34.35872,34.28392,34.205600000000004,34.123430000000006,34.03752,33.94776,33.854150000000004,33.75669,33.65505,33.54945000000001,33.43956,33.3256,33.207240000000006,33.08459,32.95732,32.82565,32.68936,32.548230000000004,32.402370000000005,32.251560000000005,32.095800000000004,31.934870000000004,31.768770000000004,31.597390000000004,31.420510000000004,31.238020000000002,31.049920000000004,30.855990000000002,30.65612,30.450200000000002,30.238120000000002,30.019660000000005,29.7946,29.56305,29.32457,29.07916,28.826600000000003,28.56678,28.299480000000003,28.024480000000004,27.741670000000003,27.450720000000004,27.15163,26.843960000000003,26.527710000000003,26.202550000000002,25.868260000000003,25.52473,25.17152,24.80852,24.4354,24.05205,23.658030000000004,23.253230000000002,22.837210000000002,22.409860000000002,21.970850000000002,21.51985,21.05664,20.580890000000004,20.09238,19.590780000000002,19.075870000000002,18.547320000000003,18.00491,17.44853,16.877850000000002,16.29287,15.693480000000001,15.079680000000002,14.451470000000002,13.809400000000002,13.153690000000001,12.48522,11.80498,11.114730000000002,10.41678,9.714386000000001,9.012344,8.317441,7.639357,6.991875000000001,6.394322000000001,5.8728560000000005,5.460433000000001,5.193089,5.100755,5.195520000000001,5.465834,5.8822280000000005,6.409139000000001,7.014051,7.671147,8.361452000000002,9.071469000000002,9.791782,10.515802,11.239030000000001,11.958100000000002,12.67112,13.376330000000001,14.07285,14.759910000000001,15.437180000000001,16.10444,16.761580000000002,17.408600000000003,18.045720000000003
32.668020000000006,32.454510000000006,32.24595,32.04267,31.844890000000003,31.652830000000005,31.466710000000003,31.286640000000002,31.112840000000006,30.945640000000004,30.78515,30.631590000000003,30.48507,30.34581,30.21392,30.08951,29.972910000000002,29.864010000000004,29.763030000000004,29.670080000000002,29.58505,29.508270000000003,29.439520000000005,29.378800000000002,29.326330000000002,29.281890000000004,29.245480000000004,29.216990000000003,29.196310000000004,29.18344,29.178160000000002,29.18025,29.189600000000002,29.2061,29.22942,29.25945,29.29586,29.338430000000002,29.386940000000003,29.441170000000003,29.500790000000002,29.565470000000005,29.6351,29.709240000000005,29.787670000000002,29.870060000000002,29.956300000000002,30.045840000000002,30.138680000000004,30.234270000000002,30.332610000000003,30.43326,30.536000000000005,30.640610000000002,30.74687,30.854560000000003,30.963350000000002,31.073020000000003,31.183570000000003,31.294560000000004,31.40588,31.517420000000005,31.62885,31.740170000000003,31.851050000000004,31.961600000000004,32.071380000000005,32.18039,32.288520000000005,32.39555000000001,32.50159,32.60631,32.7096,32.81157,32.912000000000006,33.010780000000004,33.107800000000005,33.20317,33.296670000000006,33.3883,33.47795,33.56562,33.6512,33.7348,33.81609,33.89529,33.97229,34.04687,34.11936000000001,34.18943,34.25708,34.32242,34.38534,34.445840000000004,34.50392,34.559580000000004,34.6126,34.66331,34.711380000000005,34.75692,34.799820000000004,34.8403,34.87814,34.913340000000005,34.9459,34.97593,35.00332,35.02796,35.049960000000006,35.069320000000005,35.085930000000005,35.09979,35.11101,35.11937,35.12509,35.127950000000006,35.128060000000005,35.12531,35.1197,35.11123,35.100010000000005,35.085710000000006,35.06855,35.04853000000001,35.02543,34.99936,34.97021,34.93798,34.90278000000001,34.86439,34.822810000000004,34.778150000000004,34.73019,34.67893,34.624370000000006,34.56651,34.50524,34.440560000000005,34.37236,34.30064,34.2254,34.146420000000006,34.063810000000004,33.97746,33.887370000000004,33.79332,33.695420000000006,33.593450000000004,33.48752,33.377300000000005,33.26301,33.14443,33.02145,32.89396000000001,32.76207,32.62545,32.484210000000004,32.33813,32.18721,32.03123,31.87019,31.703870000000002,31.532270000000004,31.35517,31.17257,30.984250000000003,30.790210000000002,30.590120000000002,30.38398,30.171680000000002,29.953000000000003,29.727720000000005,29.49584,29.257140000000003,29.011400000000002,28.758510000000005,28.498250000000002,28.230510000000002,27.95496,27.6716,27.3801,27.080350000000003,26.771910000000002,26.454890000000002,26.12874,25.79346,25.44872,25.0943,24.729870000000002,24.355210000000003,23.970100000000002,23.574210000000004,23.16732,22.748990000000003,22.319110000000002,21.877240000000004,21.423050000000003,20.95632,20.476720000000004,19.98392,19.477480000000003,18.95718,18.422690000000003,17.87368,17.309710000000003,16.73078,16.13634,15.526280000000002,14.900490000000001,14.258750000000001,13.60106,12.92753,12.2386,11.534710000000002,10.816993,10.086857,9.346678,8.600009000000002,7.852229000000001,7.1115770000000005,6.390681000000001,5.709011,5.096113000000001,4.594678000000001,4.258837000000001,4.140004,4.260487,4.598517,5.103208,5.720891,6.409304000000001,7.1392750000000005,7.891675,8.65414,9.418706,10.180203,10.935265000000001,11.68167,12.41812,13.143680000000002,13.857910000000002,14.560480000000002,15.251390000000002,15.930750000000002,16.598560000000003,17.25515,17.90063
32.93488,32.72566,32.5215,32.32251,32.129020000000004,31.940920000000002,31.758760000000002,31.582430000000006,31.412370000000003,31.248580000000004,31.091280000000005,30.940690000000004,30.797030000000003,30.660300000000003,30.530720000000002,30.408510000000003,30.293670000000002,30.186310000000002,30.086540000000003,29.994470000000003,29.9101,29.833540000000003,29.764790000000005,29.70374,29.6505,29.60507,29.56734,29.537090000000003,29.51443,29.49925,29.491330000000005,29.490450000000003,29.496610000000004,29.50959,29.52917,29.555130000000005,29.587250000000004,29.62531,29.669200000000004,29.718480000000003,29.77293,29.832440000000002,29.89657,29.965100000000003,30.037920000000003,30.11459,30.19489,30.2786,30.365280000000002,30.45493,30.547220000000003,30.641710000000003,30.738400000000002,30.83696,30.937170000000002,31.038700000000002,31.141550000000002,31.245280000000005,31.349780000000003,31.454940000000004,31.56043,31.666140000000006,31.771960000000004,31.877670000000006,31.983050000000006,32.088100000000004,32.19249,32.29622,32.39918,32.50115,32.60213,32.70201,32.80057,32.89781,32.99351,33.08778,33.180510000000005,33.271480000000004,33.360800000000005,33.44836,33.53394,33.617650000000005,33.699490000000004,33.77924,33.8569,33.93258,34.005950000000006,34.07734,34.146420000000006,34.213190000000004,34.27787,34.34013,34.40008,34.45772,34.51294,34.565850000000005,34.61623,34.664300000000004,34.70984000000001,34.75296,34.79355,34.831720000000004,34.867250000000006,34.90036,34.93083,34.95877,34.98418,35.00695,35.027080000000005,35.04457,35.05942,35.071740000000005,35.0812,35.08813,35.092200000000005,35.093630000000005,35.092310000000005,35.08813,35.0812,35.07152,35.058980000000005,35.043580000000006,35.02532,35.004090000000005,34.979890000000005,34.952830000000006,34.9228,34.88969,34.853500000000004,34.81423,34.77188,34.72634000000001,34.67772000000001,34.625800000000005,34.57058000000001,34.512060000000005,34.45013,34.3849,34.31615,34.243990000000004,34.168200000000006,34.08878,34.005840000000006,33.919050000000006,33.828520000000005,33.734140000000004,33.63591,33.53372,33.42746,33.31702,33.202510000000004,33.08371,32.96051,32.83302,32.70091000000001,32.56418,32.422830000000005,32.27664000000001,32.12561,31.96952,31.80837,31.64205,31.470450000000003,31.29335,31.110750000000003,30.922430000000002,30.72828,30.528190000000002,30.32205,30.109640000000002,29.890960000000003,29.665680000000005,29.433690000000002,29.194880000000005,28.94914,28.69614,28.435660000000002,28.167810000000003,27.89204,27.608460000000004,27.316630000000004,27.016550000000002,26.707780000000003,26.39021,26.06362,25.727680000000003,25.38228,25.02709,24.66178,24.28613,23.89992,23.50282,23.094390000000004,22.67452,22.242770000000004,21.798920000000003,21.342530000000004,20.87327,20.390810000000002,19.89471,19.38475,18.860380000000003,18.32138,17.767200000000003,17.19762,16.612090000000002,16.01039,15.39197,14.756610000000002,14.10398,13.433750000000002,12.74581,12.04005,11.316580000000002,10.575752,9.818171000000001,9.045113,8.258657,7.46229,6.661754000000001,5.8667180000000005,5.0937920000000005,4.372005,3.751726,3.3130020000000004,3.151137,3.314003,3.754311,4.377252,5.103307000000001,5.882503000000001,6.686185000000001,7.498106000000001,8.30885,9.112939,9.907095,10.689437000000002,11.45881,12.21484,12.95712,13.68576,14.400870000000001,15.10267,15.7916,16.46788,17.131950000000003,17.78403
33.1969,32.99197,32.791990000000006,32.59707,32.407430000000005,32.223180000000006,32.044650000000004,31.871950000000002,31.70519,31.544700000000002,31.390480000000004,31.24275,31.101620000000004,30.967310000000005,30.839930000000003,30.719590000000004,30.606400000000004,30.50036,30.401690000000002,30.31039,30.226570000000002,30.150230000000004,30.08137,30.019990000000004,29.965980000000005,29.91945,29.880400000000005,29.848500000000005,29.823970000000003,29.806480000000004,29.795920000000002,29.79229,29.795260000000003,29.804830000000003,29.820780000000003,29.84289,29.87083,29.904600000000002,29.94387,29.98842,30.038030000000003,30.092480000000002,30.15144,30.21469,30.281900000000004,30.35307,30.427760000000003,30.50564,30.586710000000004,30.670530000000003,30.756880000000002,30.845540000000003,30.936290000000003,31.028910000000003,31.123290000000004,31.21899,31.315900000000003,31.413800000000002,31.512580000000003,31.61202,31.711900000000004,31.812000000000005,31.91221,32.012420000000006,32.11252,32.212180000000004,32.3114,32.409960000000005,32.50786000000001,32.60488,32.70091000000001,32.795950000000005,32.88978,32.982400000000005,33.0737,33.16357000000001,33.2519,33.33869,33.42383,33.50732000000001,33.58894,33.668800000000005,33.746790000000004,33.82291,33.89694,33.969100000000005,34.039170000000006,34.107040000000005,34.17293,34.23662,34.29811,34.357400000000005,34.41438,34.46916,34.52174,34.5719,34.619640000000004,34.66518,34.70819,34.74889,34.78717,34.82303,34.85647,34.88738000000001,34.91576,34.941720000000004,34.96515,34.98605,35.004310000000004,35.02004,35.033240000000006,35.043800000000005,35.05172,35.057,35.05964,35.05964,35.05689,35.05139,35.04325000000001,35.032250000000005,35.0185,35.002,34.982530000000004,34.96031,34.935120000000005,34.907070000000004,34.876050000000006,34.842060000000004,34.804990000000004,34.764950000000006,34.721830000000004,34.67563,34.62613,34.573550000000004,34.51778,34.458600000000004,34.39623,34.33045,34.26126,34.188550000000006,34.112320000000004,34.03257000000001,33.94919,33.86218,33.77132,33.67672,33.578160000000004,33.475750000000005,33.36927,33.258720000000004,33.1441,33.02508,32.90188,32.77417,32.64206000000001,32.50533,32.363980000000005,32.21779000000001,32.06676,31.910780000000003,31.749740000000003,31.583530000000003,31.41193,31.23494,31.052450000000004,30.864240000000002,30.670200000000005,30.47033,30.264300000000006,30.052110000000003,29.833540000000003,29.60837,29.376600000000003,29.137900000000002,28.89227,28.63938,28.37912,28.111270000000005,27.835720000000002,27.55214,27.260420000000003,26.960230000000003,26.651460000000004,26.333890000000004,26.00719,25.67114,25.32552,24.970000000000002,24.60436,24.228270000000002,23.84151,23.44375,23.034660000000002,22.61391,22.18117,21.736110000000004,21.2784,20.8076,20.32338,19.825300000000002,19.313030000000005,18.78602,18.24405,17.686460000000004,17.112920000000003,16.52299,15.916120000000003,15.291870000000001,14.649690000000001,13.98936,13.31011,12.61161,11.893530000000002,11.15543,10.397123000000002,9.618554000000001,8.819888,8.001774000000001,7.165609000000001,6.31411,5.452469,4.590905,3.7504720000000002,2.9774030000000002,2.375505,2.132636,2.376033,2.979042,3.7543550000000003,4.598671,5.466175,6.336187,7.198818000000001,8.049162,8.884744000000001,9.704376000000002,10.507618,11.294360000000001,12.06502,12.81962,13.55882,14.28306,14.99278,15.688530000000002,16.37075,17.040100000000002,17.696910000000003
33.454190000000004,33.253330000000005,33.0572,32.866130000000005,32.68023,32.499610000000004,32.324600000000004,32.1552,31.991630000000004,31.834110000000003,31.682750000000002,31.537660000000002,31.398950000000003,31.266840000000002,31.141440000000003,31.02286,30.9111,30.806380000000004,30.708700000000004,30.618170000000003,30.534790000000005,30.458450000000003,30.389480000000002,30.327550000000002,30.272880000000004,30.225360000000002,30.184880000000003,30.15144,30.12493,30.105240000000002,30.092150000000004,30.085770000000004,30.085770000000004,30.092150000000004,30.104470000000003,30.12284,30.14682,30.17641,30.21139,30.251320000000003,30.296200000000002,30.3457,30.399710000000002,30.457790000000003,30.519830000000002,30.585610000000003,30.6548,30.727180000000004,30.802640000000004,30.880850000000002,30.96148,31.04453,31.129560000000005,31.21657,31.305120000000002,31.395210000000002,31.4864,31.57869,31.671860000000002,31.765800000000002,31.86007,31.954780000000003,32.049600000000005,32.14453,32.23935,32.33384,32.427890000000005,32.5215,32.614340000000006,32.706520000000005,32.79782,32.888130000000004,32.977450000000005,33.065560000000005,33.152350000000006,33.237820000000006,33.32197,33.40458,33.48565000000001,33.565070000000006,33.64295,33.71896,33.79321,33.865700000000004,33.93621,34.004850000000005,34.07151,34.136190000000006,34.198890000000006,34.25939,34.317910000000005,34.374230000000004,34.42835,34.480270000000004,34.5301,34.57762,34.62283,34.66573,34.706430000000005,34.74471,34.780680000000004,34.81434,34.845580000000005,34.87429,34.900690000000004,34.924670000000006,34.94623000000001,34.96515,34.98176,34.99573,35.00717,35.01619,35.02246,35.02631,35.02741,35.025980000000004,35.021910000000005,35.01509,35.005630000000004,34.99342,34.978570000000005,34.960860000000004,34.940400000000004,34.91708,34.8909,34.86197,34.82996,34.7952,34.757360000000006,34.716440000000006,34.67266000000001,34.625690000000006,34.57564000000001,34.522400000000005,34.46597,34.40635,34.343430000000005,34.277100000000004,34.20747,34.13443,34.05787,33.97779,33.89408,33.806740000000005,33.71566000000001,33.62084,33.52217,33.419540000000005,33.31295,33.202290000000005,33.08756,32.968650000000004,32.84534,32.717740000000006,32.58563,32.44901,32.307660000000006,32.16169,32.01077,31.8549,31.694080000000003,31.527980000000003,31.356710000000003,31.179940000000006,30.997670000000003,30.809790000000003,30.61608,30.416430000000002,30.210840000000005,29.99887,29.780630000000002,29.5559,29.324460000000002,29.0862,28.840900000000005,28.58845,28.32852,28.061110000000003,27.785890000000002,27.502640000000003,27.211360000000003,26.911500000000004,26.603060000000003,26.28582,25.95945,25.623620000000003,25.27833,24.92303,24.5575,24.181630000000002,23.79498,23.39722,22.98813,22.56727,22.134310000000003,21.689030000000002,21.23088,20.75953,20.27465,19.775800000000004,19.26254,18.734430000000003,18.19103,17.631790000000002,17.05627,16.46403,15.854410000000001,15.226970000000001,14.58116,13.91632,13.231790000000002,12.527240000000003,11.80179,11.05489,10.285957000000002,9.494364000000001,8.679572,7.841119000000001,6.978763000000001,6.092581000000001,5.183464000000001,4.2539750000000005,3.311033,2.3749990000000003,1.521443,1.0828455000000001,1.5216520000000002,2.3760440000000003,3.31408,4.2606850000000005,5.195927,6.1132610000000005,7.010443,7.886890000000001,8.742734,9.578470000000001,10.394714,11.19217,11.971630000000001,12.733600000000001,13.479070000000002,14.2087,14.922930000000001,15.622530000000001,16.30816,16.98037,17.639710000000004
33.70675,33.50963,33.317240000000005,33.1298,32.94742,32.770210000000006,32.5985,32.43218,32.27169000000001,32.11692,31.968200000000003,31.825530000000004,31.689130000000002,31.559110000000004,31.43558,31.318540000000002,31.20821,31.104590000000005,31.007790000000004,30.917810000000003,30.834650000000003,30.75853,30.689230000000002,30.626860000000004,30.571420000000003,30.522800000000004,30.481,30.44591,30.417530000000003,30.395640000000004,30.380240000000004,30.37122,30.368250000000003,30.37144,30.380350000000004,30.395090000000003,30.415330000000004,30.440850000000005,30.47154,30.50718,30.54744,30.59232,30.64138,30.69462,30.751600000000003,30.8121,30.87612,30.94322,31.01329,31.086000000000006,31.16124,31.238790000000005,31.318320000000003,31.399720000000006,31.482770000000002,31.567250000000005,31.653050000000004,31.739950000000004,31.827620000000003,31.916060000000005,32.005050000000004,32.094480000000004,32.18413,32.27378,32.36343,32.45286,32.54196,32.63062,32.71873,32.80618,32.89275,32.97844,33.063250000000004,33.14685000000001,33.229350000000004,33.31064,33.39061,33.469150000000006,33.546150000000004,33.62172,33.695750000000004,33.76802,33.838640000000005,33.9075,33.9746,34.03983,34.103190000000005,34.164680000000004,34.22408,34.28161,34.33705,34.39051,34.441770000000005,34.49094,34.53802,34.5829,34.62558,34.66606,34.70434,34.74031,34.773970000000006,34.80543,34.83447,34.861200000000004,34.88562,34.90762,34.9272,34.94447,34.95921,34.97153,34.981320000000004,34.988690000000005,34.99342,34.99573,34.99551,34.992650000000005,34.98726,34.97912,34.968450000000004,34.95503,34.938970000000005,34.92027,34.89871,34.8744,34.84734,34.817420000000006,34.78464,34.749,34.710390000000004,34.66881,34.62426000000001,34.57663,34.52592,34.47213,34.415150000000004,34.355090000000004,34.29162,34.22496,34.15489,34.081520000000005,34.00463,33.924220000000005,33.84029,33.75273,33.66154,33.566500000000005,33.46772,33.36509,33.258500000000005,33.14784,33.03311,32.9142,32.791000000000004,32.66351,32.531510000000004,32.395,32.25387,32.10812,31.957530000000002,31.80188,31.641390000000005,31.475620000000003,31.30468,31.128350000000005,30.94641,30.758970000000005,30.5657,30.366600000000005,30.161450000000002,29.95003,29.73234,29.508160000000004,29.27727,29.03967,28.79492,28.54313,28.28386,28.017110000000002,27.742550000000005,27.46007,27.169340000000002,26.870250000000002,26.562580000000004,26.246000000000002,25.92029,25.585340000000002,25.240600000000004,24.88607,24.521420000000003,24.146210000000004,23.760220000000004,23.36323,22.95469,22.53449,22.102300000000003,21.657570000000003,21.19997,20.72917,20.24484,19.74643,19.2335,18.70572,18.16254,17.60341,17.027890000000003,16.43554,15.825700000000001,15.197930000000001,14.55146,13.885740000000002,13.20011,12.49402,11.7667,11.017380000000001,10.245312,9.449759000000002,8.629863,7.784777000000001,6.9135990000000005,6.015383000000001,5.08915,4.133866,3.148464,2.131822,1.0827410000000002,0.0,1.0828499,2.132658,3.1512360000000004,4.1402350000000006,5.101228000000001,6.035656,6.944872,7.830152,8.692673000000001,9.533557,10.353849,11.15455,11.936430000000001,12.7006,13.44772,14.178560000000001,14.89389,15.594260000000002,16.28055,16.953200000000002,17.612870000000004
33.95447,33.76098,33.57211,33.38808,33.209,33.035090000000004,32.866350000000004,32.70311,32.545260000000006,32.39324,32.24694,32.10658,31.97227,31.844120000000004,31.722240000000003,31.606740000000002,31.49762,31.394990000000004,31.29885,31.20942,31.126590000000004,31.05047,30.980840000000004,30.91803,30.861710000000002,30.8121,30.768980000000003,30.732240000000004,30.701990000000006,30.67801,30.660300000000003,30.648640000000004,30.64281,30.64292,30.648640000000004,30.659860000000002,30.676360000000003,30.698030000000003,30.72465,30.756000000000004,30.791970000000003,30.832230000000003,30.876670000000004,30.925070000000005,30.977210000000003,31.032760000000003,31.091720000000002,31.153650000000003,31.218550000000004,31.285980000000002,31.355940000000004,31.428100000000004,31.502350000000003,31.578470000000003,31.656130000000005,31.735330000000005,31.815740000000005,31.89725,31.979750000000003,32.06291,32.146730000000005,32.23099,32.315470000000005,32.40017,32.48476,32.56935,32.6535,32.73743,32.82081,32.90353,32.98559,33.066880000000005,33.147180000000006,33.226490000000005,33.304700000000004,33.38181,33.457710000000006,33.532180000000004,33.60533,33.67705,33.74734,33.81598,33.88297000000001,33.948310000000006,34.01200000000001,34.073930000000004,34.133990000000004,34.19229,34.248610000000006,34.30306,34.35564,34.406130000000005,34.45464,34.50117,34.545500000000004,34.58785,34.628,34.66606,34.70192,34.735580000000006,34.76704,34.7963,34.82325,34.848,34.87044,34.890460000000004,34.908280000000005,34.923680000000004,34.93666,34.94733,34.955470000000005,34.9613,34.964600000000004,34.96537,34.96372,34.959540000000004,34.952830000000006,34.94348,34.9316,34.91708,34.89992,34.880120000000005,34.85757,34.83227,34.80433,34.77353,34.73987,34.70346,34.66408,34.62184,34.57663,34.52834,34.47708,34.422850000000004,34.365320000000004,34.30482,34.24091,34.17392,34.10352,34.02982,33.95271,33.872080000000004,33.78793,33.70026000000001,33.608850000000004,33.51381,33.41503,33.312290000000004,33.20570000000001,33.095150000000004,32.98053,32.86173,32.73875,32.61137,32.4797,32.34341,32.20261,32.057190000000006,31.906930000000003,31.751720000000006,31.59156,31.426340000000003,31.255840000000003,31.079950000000004,30.898670000000003,30.71178,30.519170000000003,30.32062,30.116130000000002,29.905480000000004,29.688560000000003,29.46515,29.235030000000002,28.9982,28.754330000000003,28.503420000000002,28.24503,27.979160000000004,27.705590000000004,27.424100000000003,27.134470000000004,26.83648,26.5298,26.21443,25.889820000000004,25.555970000000002,25.212550000000004,24.85923,24.49579,24.1219,23.73723,23.34156,22.934450000000002,22.515680000000003,22.084920000000004,21.64162,21.185670000000002,20.716520000000003,20.23373,19.73697,19.225800000000003,18.69978,18.15847,17.60132,17.027890000000003,16.43774,15.830100000000002,15.204640000000001,14.560810000000002,13.89784,13.215290000000001,12.512390000000002,11.788700000000002,11.043450000000002,10.276123,9.486037000000001,8.672642000000002,7.835509000000001,6.974330000000001,6.089226000000001,5.181055000000001,4.252358,3.3100650000000003,2.3745040000000004,1.5212340000000002,1.0827443,1.521454,2.3755600000000006,3.3131450000000005,4.259145,5.19365,6.110126000000001,7.006351,7.881742,8.736464,9.571001,10.385980000000002,11.18216,11.96019,12.72084,13.46488,14.19297,14.905660000000001,15.60383,16.28792,16.95859,17.616390000000003
34.19735,34.007270000000005,33.82181,33.64097,33.46508,33.29414,33.128370000000004,32.96777,32.812670000000004,32.662960000000005,32.51908,32.380810000000004,32.24848,32.12198,32.00164,31.887460000000004,31.77944,31.6778,31.582320000000003,31.49333,31.410610000000002,31.334380000000003,31.264530000000004,31.201060000000002,31.143970000000003,31.093260000000004,31.048820000000003,31.010650000000005,30.97853,30.952460000000002,30.932440000000003,30.918250000000004,30.90978,30.906810000000004,30.90934,30.917150000000003,30.930130000000005,30.94806,30.970830000000003,30.99811,31.029790000000002,31.06576,31.105690000000003,31.14936,31.196770000000004,31.247590000000002,31.3016,31.358580000000003,31.418420000000005,31.480900000000002,31.545690000000004,31.612790000000004,31.681760000000004,31.75271,31.825200000000002,31.899230000000003,31.97447,32.050920000000005,32.12825,32.20635,32.28511,32.36431,32.44384,32.523590000000006,32.60334,32.68298,32.76251,32.841710000000006,32.92047,32.99868,33.07634,33.15312,33.229130000000005,33.30426,33.37829000000001,33.45133,33.523160000000004,33.59378,33.66308,33.73106,33.797610000000006,33.86262,33.9262,33.98813,34.048410000000004,34.107040000000005,34.16391,34.21902,34.27237,34.32385,34.37346,34.42109,34.46685,34.510740000000006,34.55243,34.59225000000001,34.62998,34.665620000000004,34.69917,34.730630000000005,34.759890000000006,34.786950000000004,34.81192000000001,34.83458,34.85504,34.87319,34.889140000000005,34.90278000000001,34.91411000000001,34.92313,34.929730000000006,34.933910000000004,34.93578,34.935120000000005,34.93215,34.92665,34.918620000000004,34.908060000000006,34.89497,34.87935,34.861200000000004,34.8403,34.81676,34.790580000000006,34.76176,34.73008,34.69576,34.65847,34.618430000000004,34.57553000000001,34.52966,34.48093,34.429120000000005,34.374340000000004,34.316480000000006,34.255430000000004,34.1913,34.123870000000004,34.053250000000006,33.979220000000005,33.90189,33.82115,33.73689,33.64911,33.557700000000004,33.46266,33.36377,33.261250000000004,33.15477,33.04433,32.92982,32.81124,32.68848,32.56143,32.42998,32.29413,32.15377,32.008680000000005,31.858970000000003,31.704310000000003,31.544700000000002,31.38003,31.210080000000005,31.03496,30.85434,30.668110000000002,30.476270000000003,30.2786,30.074990000000003,29.865220000000004,29.649180000000005,29.426650000000002,29.19763,28.961790000000004,28.719020000000004,28.469210000000004,28.212030000000002,27.947370000000003,27.67512,27.394840000000002,27.106640000000002,26.80997,26.504830000000005,26.19089,25.867820000000002,25.535620000000005,25.193850000000005,24.842290000000002,24.480610000000002,24.10848,23.72579,23.33221,22.927190000000003,22.510620000000003,22.082060000000002,21.64129,21.187760000000004,20.72125,20.241210000000002,19.74742,19.239330000000002,18.716610000000003,18.17882,17.625410000000002,17.05594,16.47008,15.867280000000001,15.246990000000002,14.60877,13.95207,13.27656,12.581690000000002,11.86702,11.132220000000002,10.377059000000001,9.601471,8.805598999999999,7.990081,7.156281,6.306905,5.447123,4.587143000000001,3.7479750000000003,2.975841,2.3745150000000006,2.131844,2.375054,2.9775130000000005,3.7519460000000002,4.595085,5.461137,6.329455000000001,7.190205000000001,8.03847,8.871797,9.689053000000001,10.489776,11.273900000000001,12.041810000000002,12.793660000000001,13.530000000000001,14.251270000000002,14.95813,15.6508,16.33005,16.99632,17.650050000000004
34.435390000000005,34.248610000000006,34.066230000000004,33.888580000000005,33.71555,33.547470000000004,33.38434,33.226490000000005,33.0737,32.926410000000004,32.78451,32.64833,32.51776,32.39291,32.274,32.161030000000004,32.054,31.953020000000006,31.858200000000004,31.769540000000003,31.686930000000004,31.610590000000002,31.540410000000005,31.476280000000003,31.418420000000005,31.36661,31.320850000000004,31.281030000000005,31.247150000000005,31.219210000000004,31.196880000000004,31.180160000000004,31.169050000000002,31.163220000000003,31.162670000000002,31.16729,31.176750000000006,31.19105,31.209970000000002,31.23329,31.261010000000002,31.292690000000004,31.32822,31.3676,31.410390000000003,31.456590000000006,31.50587,31.558120000000002,31.613010000000003,31.670540000000003,31.730490000000003,31.792530000000003,31.856550000000002,31.92244,31.989980000000003,32.05895,32.12924,32.200630000000004,32.2729,32.346160000000005,32.41997,32.49422,32.56902,32.643930000000005,32.71895,32.79397,32.868880000000004,32.94346,33.01782000000001,33.09152,33.16478,33.23738,33.3091,33.380050000000004,33.45012,33.519090000000006,33.587070000000004,33.65384,33.7194,33.78364,33.846560000000004,33.90805,33.96811,34.026630000000004,34.08361,34.139050000000005,34.192730000000005,34.24487,34.29514,34.34376,34.39051,34.435390000000005,34.4784,34.51965,34.55881,34.5961,34.63141,34.66474,34.69598,34.72513,34.752300000000005,34.77727,34.80015,34.82083,34.839420000000004,34.855810000000005,34.869890000000005,34.88188,34.891450000000006,34.89882,34.90388,34.90663,34.907070000000004,34.90509,34.900690000000004,34.89387,34.88463,34.87286,34.858670000000004,34.841950000000004,34.822700000000005,34.800920000000005,34.7765,34.74933,34.71963,34.687180000000005,34.65209,34.614140000000006,34.57344,34.52988,34.48357,34.434180000000005,34.381930000000004,34.32671,34.26841,34.20703,34.14257,34.074920000000006,34.00397,33.92983,33.85239,33.77143,33.68717,33.59928,33.50798,33.41294,33.31416,33.21175,33.105380000000004,32.995160000000006,32.88098,32.762730000000005,32.6403,32.513580000000005,32.38257,32.24716,32.107240000000004,31.96281,31.81354,31.659540000000003,31.500590000000003,31.33658,31.167510000000004,30.993050000000004,30.81331,30.62807,30.437110000000004,30.24043,30.0377,29.829030000000003,29.614090000000004,29.392770000000002,29.164960000000004,28.93033,28.68899,28.440500000000004,28.18475,27.92163,27.650810000000003,27.372180000000004,27.085630000000002,26.790720000000004,26.487340000000003,26.17527,25.854290000000002,25.524070000000002,25.18439,24.835030000000003,24.47566,24.106060000000003,23.7259,23.334850000000003,22.93269,22.519090000000002,22.09361,21.65603,21.20602,20.74303,20.26695,19.77723,19.27365,18.75555,18.22282,17.674910000000004,17.11149,16.53201,15.936360000000002,15.32388,14.69424,14.047220000000003,13.382600000000002,12.699940000000002,11.999350000000002,11.280830000000002,10.544644000000002,9.791496,9.022585,8.239979000000002,7.447121,6.649731000000001,5.857445000000001,5.08684,4.366912,3.7480080000000005,3.310109,3.1485410000000003,3.311154,3.7506700000000004,4.372346,5.096674,5.873747,6.674965000000001,7.484092,8.291767,9.092534,9.883159000000001,10.661761000000002,11.427350000000002,12.1792,12.91741,13.641760000000001,14.352470000000002,15.049980000000001,15.7344,16.40606,17.06551,17.71308
34.6687,34.48489000000001,34.30559,34.1308,33.96052,33.795190000000005,33.63459,33.47905,33.328680000000006,33.18348,33.04356,32.90914,32.78022,32.65691,32.539320000000004,32.42734,32.3213,32.220980000000004,32.1266,32.03816,31.95566,31.879100000000005,31.808590000000002,31.743910000000003,31.685060000000004,31.632150000000003,31.58507,31.543820000000004,31.508180000000003,31.47815,31.453730000000004,31.43459,31.420840000000002,31.412260000000003,31.40874,31.410170000000004,31.416330000000006,31.427110000000003,31.442400000000003,31.461870000000005,31.485630000000004,31.51324,31.544700000000002,31.579680000000003,31.618070000000003,31.659760000000002,31.704530000000002,31.752050000000004,31.802320000000005,31.855120000000003,31.910230000000002,31.967540000000003,32.026720000000005,32.087770000000006,32.15036,32.214490000000005,32.279830000000004,32.34638,32.41392,32.48234,32.55131,32.620940000000004,32.690900000000006,32.761190000000006,32.831700000000005,32.902100000000004,32.972500000000004,33.042680000000004,33.11253,33.182050000000004,33.251020000000004,33.31933,33.38698,33.453970000000005,33.51997,33.58509,33.64911,33.712140000000005,33.77396,33.834680000000006,33.89408,33.95205000000001,34.008700000000005,34.06403,34.11771,34.16996,34.220560000000006,34.26962,34.31703,34.362680000000005,34.40668,34.44892,34.489290000000004,34.5279,34.564530000000005,34.5994,34.63229,34.66331,34.692240000000005,34.719300000000004,34.74427,34.76726,34.78816,34.80686000000001,34.82358000000001,34.838100000000004,34.850530000000006,34.860760000000006,34.868790000000004,34.87451,34.87803,34.87935,34.87825,34.874950000000005,34.86923,34.861200000000004,34.850750000000005,34.837880000000006,34.822590000000005,34.804880000000004,34.78464,34.76176,34.73646,34.70852,34.678050000000006,34.644830000000006,34.60897000000001,34.57036000000001,34.529,34.48489000000001,34.438030000000005,34.388200000000005,34.33551,34.27985,34.22122,34.15951,34.09472,34.02685,33.95579,33.88154,33.80388,33.72303,33.63866,33.55088000000001,33.45958,33.36465,33.266090000000005,33.163790000000006,33.05775,32.947750000000006,32.8339,32.71598,32.593990000000005,32.46782,32.337250000000004,32.2025,32.06313,31.91925,31.770750000000003,31.61741,31.45923,31.296100000000003,31.127910000000004,30.95444,30.77558,30.591330000000003,30.40147,30.205890000000004,30.004480000000004,29.796910000000004,29.58329,29.363400000000002,29.13691,28.903820000000003,28.66402,28.417070000000002,28.16308,27.901610000000005,27.63266,27.35601,27.07133,26.778510000000004,26.477330000000002,26.16757,25.8489,25.521100000000004,25.184060000000002,24.83745,24.480940000000004,24.114310000000003,23.73723,23.349480000000003,22.950840000000003,22.540870000000005,22.11924,21.685730000000003,21.24001,20.78175,20.31051,19.826180000000004,19.328100000000003,18.81627,18.290030000000005,17.749270000000003,17.193550000000002,16.62265,16.036240000000003,15.433990000000001,14.815790000000002,14.181530000000002,13.531100000000002,12.86472,12.182500000000001,11.485210000000002,10.773631,10.049336,9.314635,8.573015000000002,7.829855000000001,7.0933280000000005,6.376029,5.697373000000001,5.086895000000001,4.587231,4.252479,4.134031,4.254206,4.591246000000001,5.094309000000001,5.709781,6.395466,7.122225000000001,7.870984,8.629434000000002,9.389666000000002,10.146521,10.896688,11.638000000000002,12.36917,13.08923,13.79785,14.4947,15.179780000000001,15.85309,16.514960000000002,17.1655,17.804930000000002
34.89717,34.716330000000006,34.53978,34.367630000000005,34.200100000000006,34.03719,33.87901,33.72578,33.5775,33.43428,33.29623,33.16346,33.036080000000005,32.91409,32.7976,32.68672,32.581450000000004,32.481790000000004,32.38785,32.29952,32.217020000000005,32.14024,32.06918,32.003840000000004,31.94422,31.890210000000003,31.841810000000002,31.799020000000002,31.76162,31.72972,31.703100000000003,31.681650000000005,31.665370000000003,31.65415,31.647660000000005,31.646010000000004,31.64898,31.656350000000003,31.668120000000005,31.683960000000003,31.703760000000003,31.727520000000002,31.754910000000002,31.78571,31.819920000000003,31.857210000000002,31.897580000000005,31.940700000000003,31.98635,32.03464,32.08502,32.137600000000006,32.19216,32.24848,32.30645,32.36585,32.426460000000006,32.48828,32.5512,32.61489,32.67924000000001,32.74425,32.80970000000001,32.875370000000004,32.94137,33.00737,33.073370000000004,33.13926,33.204820000000005,33.270050000000005,33.33484000000001,33.399190000000004,33.462770000000006,33.525690000000004,33.58784000000001,33.64911,33.709500000000006,33.76879,33.82698,33.88418,33.94006,33.994730000000004,34.048080000000006,34.1,34.150600000000004,34.19977,34.24729000000001,34.29338,34.33793,34.380720000000004,34.42197,34.46146,34.499300000000005,34.53538,34.569590000000005,34.60204,34.63251,34.66122000000001,34.68806000000001,34.712920000000004,34.735800000000005,34.75681,34.77573,34.79256,34.807410000000004,34.82017,34.83084,34.839420000000004,34.845800000000004,34.85009,34.852070000000005,34.85196,34.849540000000005,34.84492,34.837880000000006,34.82864000000001,34.81709000000001,34.80312,34.786730000000006,34.767920000000004,34.74669,34.723040000000005,34.69675,34.668040000000005,34.63669,34.602810000000005,34.56629,34.52713000000001,34.485220000000005,34.440560000000005,34.393040000000006,34.34288,34.289750000000005,34.233760000000004,34.174800000000005,34.11287,34.04786,33.97977,33.9086,33.83424,33.75658,33.67562,33.59136,33.50369,33.4125,33.31779,33.21945,33.11748,33.011660000000006,32.902100000000004,32.78858,32.6711,32.54966,32.42393,32.29413,32.15993,32.02122,31.878110000000003,31.730380000000004,31.577920000000002,31.420620000000003,31.258480000000002,31.091170000000005,30.918800000000005,30.74115,30.558000000000003,30.36935,30.17509,29.975,29.768860000000004,29.556780000000003,29.33832,29.113480000000003,28.882150000000003,28.644000000000002,28.39892,28.146800000000002,27.887420000000002,27.620670000000004,27.346110000000003,27.063740000000003,26.773340000000005,26.474690000000002,26.167460000000002,25.851540000000004,25.52671,25.19264,24.849220000000003,24.496010000000005,24.132900000000003,23.75956,23.37566,22.981090000000002,22.57541,22.158510000000003,21.729950000000002,21.2894,20.83664,20.371450000000003,19.893390000000004,19.402240000000003,18.89778,18.37957,17.847390000000004,17.30113,16.74057,16.165490000000002,15.575670000000002,14.971440000000001,14.352580000000001,13.719420000000001,13.072400000000002,12.41229,11.740190000000002,11.057530000000002,10.366807,9.671145000000001,8.975318000000001,8.286069000000001,7.613045000000001,6.969952,6.376084,5.857566,5.447288,5.181275,5.089436,5.183849,5.452997000000001,5.8674550000000005,6.391737000000001,6.9933380000000005,7.6465510000000005,8.332445000000002,9.037567000000001,9.752567,10.470911000000001,11.1881,11.900900000000002,12.607320000000001,13.30582,13.995410000000001,14.675430000000002,15.345440000000002,16.00544,16.65521,17.29475,17.92428
35.1208,34.942710000000005,34.768800000000006,34.599180000000004,34.434180000000005,34.27358,34.11771,33.966570000000004,33.82027,33.678920000000005,33.54263,33.4114,33.285340000000005,33.16467,33.04928,32.939170000000004,32.83456,32.73545,32.64184,32.55362,32.47101000000001,32.39401,32.32251,32.256400000000006,32.1959,32.14079,32.09118,32.046850000000006,32.0078,31.973920000000003,31.945210000000003,31.921560000000003,31.902750000000005,31.88889,31.87965,31.875030000000002,31.874810000000004,31.878880000000002,31.887130000000003,31.899450000000005,31.91562,31.935530000000004,31.95896,31.9858,32.01594,32.04905,32.08513,32.12385,32.16521,32.20899,32.25497000000001,32.30304,32.35298,32.404790000000006,32.45814,32.51292,32.56902,32.62633,32.684630000000006,32.743700000000004,32.803650000000005,32.86415,32.925090000000004,32.986470000000004,33.04807,33.10967,33.17138,33.233090000000004,33.294470000000004,33.355630000000005,33.41635,33.47663,33.53636,33.59543,33.65373,33.71126,33.76791,33.82368,33.878350000000005,33.932030000000005,33.984500000000004,34.03587,34.08592,34.13476000000001,34.18217,34.22826,34.27292,34.31604,34.357730000000004,34.39777,34.43638000000001,34.47323,34.508430000000004,34.54198,34.57377,34.603910000000006,34.63218,34.65858,34.683220000000006,34.70599,34.726890000000004,34.74581,34.76286,34.77782,34.790910000000004,34.80191000000001,34.810930000000006,34.81786,34.822700000000005,34.825450000000004,34.826,34.82446,34.82072,34.81478,34.80653,34.79608,34.78332,34.76836,34.75087,34.73118,34.708960000000005,34.684430000000006,34.65737,34.62789,34.59577,34.56123,34.52405,34.484230000000004,34.441770000000005,34.39667,34.34882,34.29811,34.24465,34.18833,34.12915,34.067,34.00177,33.93368,33.8624,33.78793,33.71027,33.62942,33.54527,33.457710000000006,33.36674000000001,33.27225,33.174240000000005,33.07249,32.96711,32.85799,32.745020000000004,32.62809,32.507090000000005,32.382130000000004,32.25288,32.11945,31.981620000000003,31.839280000000002,31.69243,31.540960000000002,31.384650000000004,31.223500000000005,31.057400000000005,30.88613,30.709690000000002,30.527970000000003,30.34064,30.147810000000003,29.949260000000002,29.744770000000003,29.53423,29.31753,29.09456,28.8651,28.62893,28.38594,28.136020000000002,27.878840000000004,27.6144,27.342370000000003,27.062640000000002,26.774880000000003,26.479090000000003,26.174830000000004,25.8621,25.54046,25.20991,24.870010000000004,24.52065,24.1615,23.792450000000002,23.41306,23.023220000000002,22.622600000000002,22.210980000000003,21.788030000000003,21.353640000000002,20.90737,20.449,19.97831,19.49519,18.9992,18.490340000000003,17.968280000000004,17.433020000000003,16.88434,16.32235,15.747050000000002,15.158660000000001,14.55751,13.944150000000002,13.31924,12.6841,12.04005,11.3894,10.735065,10.081104000000002,9.433039,8.798383000000001,8.187245,7.613111000000001,7.09346,6.649929000000001,6.307169,6.089578000000001,6.015823000000001,6.093164000000001,6.314869,6.662777000000001,7.112952,7.6411940000000005,8.226262,8.851018,9.502273,10.170182000000002,10.847452,11.528770000000002,12.21022,12.889140000000001,13.563220000000001,14.231140000000002,14.891910000000001,15.544760000000002,16.18925,16.82494,17.45194,18.06992
35.33959,35.16414,34.992760000000004,34.82556,34.662760000000006,34.504470000000005,34.35069000000001,34.201530000000005,34.0571,33.9174,33.782650000000004,33.65296,33.528220000000005,33.40854,33.29414,33.18491,33.080850000000005,32.98218,32.88879000000001,32.80068,32.717960000000005,32.64052,32.568470000000005,32.501810000000006,32.44032,32.384220000000006,32.33318,32.287420000000004,32.246610000000004,32.21097,32.180170000000004,32.154320000000006,32.13309,32.11659,32.104710000000004,32.097120000000004,32.09393000000001,32.09481,32.09976,32.108670000000004,32.121210000000005,32.13738000000001,32.157070000000004,32.180060000000005,32.20613,32.235170000000004,32.26718,32.30172,32.33879,32.378280000000004,32.41986,32.463640000000005,32.50918,32.55659000000001,32.605430000000005,32.65581,32.707510000000006,32.760310000000004,32.81421,32.868880000000004,32.92443,32.98053,33.03718,33.09427,33.15158,33.20911,33.26664,33.32417,33.38148,33.438570000000006,33.49544,33.55176,33.60764,33.66286,33.717530000000004,33.77143,33.824450000000006,33.87659,33.92785,33.978120000000004,34.02729,34.07536,34.12233,34.16798000000001,34.21242,34.25554,34.297230000000006,34.33749,34.376430000000006,34.413830000000004,34.449690000000004,34.484010000000005,34.51668,34.547810000000005,34.577290000000005,34.60501,34.630970000000005,34.655280000000005,34.67783000000001,34.698510000000006,34.71732,34.73437,34.74955,34.762750000000004,34.773970000000006,34.78332,34.790690000000005,34.79608,34.79938,34.80059000000001,34.799820000000004,34.796850000000006,34.791790000000006,34.784530000000004,34.775180000000006,34.76352000000001,34.74977,34.7336,34.715230000000005,34.69455000000001,34.67145,34.646040000000006,34.618210000000005,34.58796,34.55518,34.519980000000004,34.48214,34.441880000000005,34.39887,34.35333,34.30504,34.254000000000005,34.200210000000006,34.14367,34.084160000000004,34.0219,33.95656,33.888360000000006,33.816970000000005,33.742610000000006,33.665060000000004,33.58432,33.500280000000004,33.41294,33.32219,33.228030000000004,33.13035000000001,33.02904,32.9241,32.81542,32.703,32.58673,32.466390000000004,32.342090000000006,32.21372,32.08106,31.944110000000002,31.802650000000003,31.656900000000004,31.506420000000002,31.351210000000005,31.191270000000003,31.026380000000003,30.856430000000003,30.681420000000003,30.501020000000004,30.315340000000003,30.124050000000004,29.92715,29.724420000000006,29.51575,29.30092,29.07993,28.852560000000004,28.61859,28.377910000000004,28.13041,27.875760000000003,27.613960000000002,27.34468,27.06781,26.78313,26.490420000000004,26.189570000000003,25.88025,25.56235,25.235540000000004,24.899710000000002,24.55464,24.200000000000003,23.835680000000004,23.46135,23.076790000000003,22.681890000000003,22.276210000000003,21.85964,21.43196,20.99295,20.54239,20.080170000000003,19.60596,19.11965,18.62113,18.11051,17.58746,17.052200000000003,16.50495,15.945710000000002,15.37503,14.793460000000001,14.201660000000002,13.600950000000001,12.992650000000001,12.37874,11.761750000000001,11.14531,10.53393,9.933473000000001,9.351672,8.798438,8.286212,7.830064000000001,7.4474290000000005,7.156677000000001,6.974836000000001,6.914237,6.979566000000001,7.166654,7.4636320000000005,7.8539780000000015,8.319707000000001,8.843824000000001,9.411545,10.01077,10.631863000000001,11.2673,11.91146,12.559910000000002,13.209240000000001,13.857030000000002,14.501520000000001,15.14117,15.77499,16.40221,17.02239,17.63509,18.2402
35.553650000000005,35.38062000000001,35.21155,35.04677,34.88606,34.72986,34.57795,34.43066,34.28799,34.14994,34.01662,33.888250000000006,33.764610000000005,33.64603,33.5324,33.42383,33.32043,33.22198,33.12881,33.0407,32.95787,32.8801,32.807500000000005,32.73996,32.6777,32.62039000000001,32.56814,32.52084,32.47849,32.440870000000004,32.40809,32.38004,32.35661,32.33758,32.32295,32.31261,32.30645,32.30425,32.30601,32.31151,32.320640000000004,32.33329,32.34924,32.36838,32.390710000000006,32.41579,32.44373,32.47431,32.507200000000005,32.54251,32.580020000000005,32.619400000000006,32.66076,32.70377,32.748430000000006,32.79452,32.841820000000006,32.890440000000005,32.93994,32.99043,33.04169,33.093610000000005,33.145970000000005,33.19888,33.25201,33.30547,33.35893,33.41239,33.46585,33.518980000000006,33.57189,33.62447,33.676610000000004,33.7282,33.77913,33.829510000000006,33.87901,33.92774,33.975590000000004,34.022560000000006,34.06854,34.113420000000005,34.1572,34.19977,34.241240000000005,34.28139,34.32022,34.35784,34.39392,34.42868,34.46201000000001,34.49369,34.52405,34.55265,34.579820000000005,34.60523,34.6291,34.651210000000006,34.671670000000006,34.69037,34.7072,34.72238,34.735690000000005,34.747130000000006,34.75659,34.76429,34.770010000000006,34.773860000000006,34.77562,34.775510000000004,34.77331,34.769020000000005,34.762640000000005,34.75428,34.74372,34.73096,34.716,34.69895,34.679590000000005,34.657920000000004,34.63405,34.607870000000005,34.57927,34.54825,34.514810000000004,34.479060000000004,34.440670000000004,34.399860000000004,34.356410000000004,34.310320000000004,34.2617,34.210330000000006,34.15632,34.099560000000004,34.03994,33.97746,33.91212,33.843810000000005,33.77253,33.698170000000005,33.62073,33.5401,33.45628,33.36927,33.27885,33.18502,33.08767,32.98691,32.88252,32.7745,32.66263,32.54702,32.42745000000001,32.303920000000005,32.176320000000004,32.044650000000004,31.90858,31.768330000000002,31.62357,31.474190000000004,31.320300000000003,31.161570000000005,30.99811,30.829590000000003,30.656010000000002,30.477260000000005,30.293230000000005,30.103700000000003,29.90856,29.707700000000003,29.50101,29.288380000000004,29.06959,28.844420000000003,28.612870000000004,28.374720000000003,28.129860000000004,27.87796,27.619020000000003,27.352710000000002,27.079030000000003,26.79765,26.508460000000003,26.21124,25.90577,25.59183,25.269310000000004,24.937990000000003,24.597540000000002,24.247850000000003,23.88881,23.51998,23.141360000000002,22.752620000000004,22.353650000000002,21.94412,21.52392,21.092940000000002,20.65096,20.19787,19.73356,19.257920000000002,18.77095,18.272540000000003,17.76302,17.24239,16.711090000000002,16.16923,15.617690000000001,15.057020000000001,14.488430000000001,13.913130000000002,13.33288,12.750210000000003,12.167760000000001,11.589490000000001,11.02002,10.465543,9.933506000000001,9.433149,8.975516000000002,8.573312000000001,8.240386,7.990609000000001,7.836169,7.785624000000001,7.842186000000001,8.003127000000001,8.260362,8.602176,9.015094,9.485674000000001,10.00153,10.551948000000001,11.127930000000001,11.72226,12.32902,12.9437,13.562670000000002,14.183070000000003,14.80259,15.419800000000002,16.03327,16.64201,17.245250000000002,17.842660000000002,18.433580000000003
35.762980000000006,35.59226,35.42539000000001,35.2627,35.10408,34.94975,34.799820000000004,34.654180000000004,34.51305,34.376430000000006,34.24454,34.117270000000005,33.99484,33.877140000000004,33.76428000000001,33.65626,33.5533,33.45518,33.362120000000004,33.273900000000005,33.190850000000005,33.11264,33.03949000000001,32.97129,32.90793,32.84952,32.796060000000004,32.74722,32.70322,32.66395000000001,32.62919,32.598940000000006,32.5732,32.551750000000006,32.53459,32.5215,32.512370000000004,32.507200000000005,32.505880000000005,32.50808000000001,32.51391,32.52315,32.53558,32.55109,32.56957,32.59091,32.615,32.641510000000004,32.670550000000006,32.70179,32.73523,32.770540000000004,32.80772,32.84666000000001,32.88703,32.928940000000004,32.97217,33.0165,33.061930000000004,33.10813,33.15532,33.20306,33.25146,33.30019,33.349360000000004,33.39875000000001,33.44825,33.49786,33.54736,33.59675,33.645920000000004,33.69476,33.74327,33.791230000000006,33.838640000000005,33.88539,33.93159000000001,33.976910000000004,34.021460000000005,34.06524,34.10792000000001,34.14972,34.19042,34.23013,34.26852,34.30592,34.342,34.376760000000004,34.4102,34.44243,34.47312,34.50238,34.53032,34.55661,34.58147,34.60468,34.62635,34.646370000000005,34.66474,34.68146,34.69642,34.70973000000001,34.72117,34.730850000000004,34.73877,34.744820000000004,34.749,34.751310000000004,34.75164,34.7501,34.74647,34.740970000000004,34.733380000000004,34.7237,34.71204,34.69829,34.68234,34.66419,34.643950000000004,34.62151,34.59676,34.569700000000005,34.540440000000004,34.50876,34.47477,34.43836,34.399420000000006,34.35806,34.314280000000004,34.26786,34.21891,34.167320000000004,34.11298,34.056000000000004,33.99627,33.93368,33.86834,33.80003,33.728860000000005,33.65461,33.57728,33.49698,33.413380000000004,33.32659,33.23661,33.14322,33.046420000000005,32.9461,32.84226,32.7349,32.6238,32.50885,32.39016,32.26751,32.1409,32.010110000000005,31.875140000000002,31.73599,31.592440000000003,31.444380000000002,31.291700000000002,31.134510000000002,30.972480000000004,30.805500000000002,30.633570000000002,30.456470000000003,30.2742,30.086540000000003,29.89338,29.694610000000004,29.490120000000005,29.279690000000002,29.06321,28.84057,28.611660000000004,28.376260000000006,28.13415,27.885220000000004,27.629360000000002,27.36635,27.09608,26.81833,26.532880000000002,26.239620000000002,25.938330000000004,25.628790000000002,25.31089,24.984300000000005,24.649020000000004,24.304830000000003,23.951400000000003,23.58862,23.21638,22.834350000000004,22.44253,22.0407,21.628750000000004,21.206460000000003,20.773720000000004,20.33053,19.876890000000003,19.41269,18.93815,18.453160000000004,17.95794,17.45304,16.938570000000002,16.415190000000003,15.883780000000002,15.345110000000002,14.800390000000002,14.251380000000001,13.70006,13.148740000000002,12.60072,12.05985,11.53097,11.02002,10.533974,10.081225,9.671365,9.314976,9.02308,8.806248,8.673489,8.630930000000001,8.680903,8.821560000000002,9.047203,9.349296,9.717653,10.141637000000001,10.611018000000001,11.11649,11.64999,12.204720000000002,12.77496,13.35609,13.944370000000001,14.53672,15.130720000000002,15.72461,16.31674,16.906010000000002,17.49143,18.072340000000004,18.64819
35.967580000000005,35.799060000000004,35.63428,35.47357,35.31693,35.16436,35.01608,34.87198,34.73239,34.59720000000001,34.46641,34.34035,34.2188,34.101870000000005,33.989670000000004,33.882310000000004,33.77957,33.68178,33.58872,33.5005,33.417010000000005,33.33847,33.264660000000006,33.195690000000006,33.13145,33.071940000000005,33.017050000000005,32.96689,32.921240000000004,32.880210000000005,32.84347,32.81124,32.783190000000005,32.75932,32.739630000000005,32.7239,32.71202,32.70399,32.69959,32.69871,32.701240000000006,32.70707,32.71598,32.727970000000006,32.74293,32.76064,32.78088,32.803650000000005,32.82873,32.856120000000004,32.885600000000004,32.91695,32.95006,32.984930000000006,33.02134,33.059180000000005,33.09834000000001,33.138600000000004,33.17996,33.22220000000001,33.26532,33.3091,33.35343,33.39831,33.44352,33.48906,33.534710000000004,33.580470000000005,33.62623,33.67188,33.717310000000005,33.76252,33.8074,33.85195,33.89584,33.93929,33.98208,34.024100000000004,34.06546,34.105940000000004,34.14565,34.18437,34.222100000000005,34.258840000000006,34.29448,34.32891000000001,34.36224,34.394360000000006,34.425270000000005,34.454860000000004,34.48313,34.50997,34.53549,34.559580000000004,34.58213000000001,34.60314,34.62272,34.64076,34.65715,34.671890000000005,34.68498,34.69642,34.7061,34.714130000000004,34.720400000000005,34.7248,34.72744,34.728320000000004,34.72722,34.724250000000005,34.71941,34.71259,34.703790000000005,34.69301,34.68025,34.665400000000005,34.64846,34.629430000000006,34.60831,34.584990000000005,34.559470000000005,34.53164,34.501720000000006,34.46938,34.43484,34.39788,34.3585,34.316700000000004,34.27248,34.225730000000006,34.17645,34.12464000000001,34.070190000000004,34.01299,33.95315,33.89056,33.82522,33.757020000000004,33.68585,33.61182,33.534710000000004,33.45463,33.37147,33.28501,33.19547000000001,33.102520000000005,33.00627,32.90661,32.803430000000006,32.69673,32.586400000000005,32.47233,32.35441,32.23275,32.107130000000005,31.97744,31.843680000000003,31.705630000000003,31.5634,31.416660000000004,31.265520000000006,31.109760000000005,30.949270000000002,30.78405,30.613770000000002,30.43854,30.258250000000004,30.072570000000002,29.881500000000003,29.68493,29.48275,29.27474,29.060900000000004,28.840900000000005,28.614740000000005,28.3822,28.143170000000005,27.897430000000004,27.64498,27.385490000000004,27.118850000000002,26.84495,26.563570000000006,26.27449,25.977600000000002,25.67279,25.359840000000002,25.03853,24.708750000000002,24.370280000000005,24.02301,23.66672,23.3013,22.926530000000003,22.54241,22.148830000000004,21.74546,21.332520000000002,20.90979,20.47716,20.034850000000002,19.582860000000004,19.12141,18.6505,18.17057,17.68195,17.185190000000002,16.681060000000002,16.170440000000003,15.65432,15.134240000000002,14.611740000000001,14.089240000000002,13.56916,13.054800000000002,12.550120000000001,12.05985,11.58938,11.14531,10.735142,10.367016,10.049710000000001,9.792046,9.602219000000002,9.487027000000001,9.451024,9.495959000000001,9.620545000000002,9.820657,10.089937,10.420575000000001,10.804145,11.23221,11.696850000000001,12.190970000000002,12.70819,13.243230000000002,13.791580000000002,14.3495,14.9138,15.482060000000002,16.052190000000003,16.62243,17.191570000000002,17.758510000000005,18.322260000000004,18.88238
36.16756000000001,36.00091,35.83822,35.67927,35.524390000000004,35.373580000000004,35.22684,35.08428,34.94601,34.81203000000001,34.68245,34.55738,34.436710000000005,34.320550000000004,34.2089,34.101980000000005,33.999570000000006,33.90189,33.80883,33.72039,33.636680000000005,33.557590000000005,33.48312,33.413380000000004,33.348150000000004,33.28754,33.23144,33.17974,33.13255,33.089760000000005,33.05115000000001,33.016830000000006,32.986580000000004,32.96051,32.93829,32.919920000000005,32.90540000000001,32.894510000000004,32.88714,32.88318,32.88252,32.885160000000006,32.89077,32.899350000000005,32.910790000000006,32.92487,32.941480000000006,32.960620000000006,32.98196,33.005500000000005,33.031130000000005,33.05863,33.08789,33.1188,33.151360000000004,33.18524,33.22044,33.25674,33.29414,33.33253,33.37169,33.41151,33.45199,33.49302,33.534490000000005,33.57618,33.61809,33.66011,33.70224,33.744260000000004,33.786170000000006,33.82786,33.86922,33.910250000000005,33.95084,33.990880000000004,34.03037,34.06931,34.10748,34.14488,34.18151,34.21726,34.25202,34.285900000000005,34.31868,34.35047,34.38116,34.41064,34.43902,34.46608,34.49193,34.51646,34.53956,34.56134,34.5818,34.60072,34.618210000000005,34.63416,34.64857,34.661440000000006,34.67277000000001,34.68245,34.69037,34.69675,34.701370000000004,34.70434,34.70544,34.70478000000001,34.70236,34.69807,34.69191,34.68388,34.67398,34.6621,34.64824,34.632400000000004,34.614470000000004,34.59456,34.57256,34.54836,34.522180000000006,34.49369,34.463,34.430110000000006,34.39502,34.357510000000005,34.317690000000006,34.275560000000006,34.231010000000005,34.183930000000004,34.13443,34.08240000000001,34.027730000000005,33.970530000000004,33.91069,33.8481,33.78276,33.714670000000005,33.64372,33.5698,33.49302,33.413270000000004,33.330330000000004,33.244420000000005,33.15532,33.062920000000005,32.96722,32.86822,32.76581,32.65988,32.550320000000006,32.43713,32.320310000000006,32.19964,32.07512,31.946530000000003,31.813980000000004,31.67736,31.536340000000003,31.391140000000004,31.24154,31.087320000000002,30.928590000000003,30.765020000000003,30.596720000000005,30.423470000000002,30.245160000000002,30.061680000000003,29.87281,29.67866,29.478900000000003,29.273530000000004,29.062330000000003,28.845190000000002,28.62189,28.39243,28.156700000000004,27.91437,27.665440000000004,27.40969,27.14701,26.877180000000003,26.60009,26.315520000000003,26.02347,25.723610000000004,25.415940000000003,25.100130000000004,24.776180000000004,24.44387,24.10309,23.75362,23.39557,23.0285,22.652520000000003,22.267630000000004,21.873500000000003,21.47035,21.05807,20.636660000000003,20.20634,19.76711,19.31919,18.863020000000002,18.39882,17.92725,17.448860000000003,16.96431,16.47492,15.981680000000003,15.486130000000001,14.990250000000001,14.49624,14.006630000000001,13.524940000000003,13.05469,12.6005,12.167540000000002,11.76164,11.3894,11.05775,10.773972,10.545205000000001,10.377873000000001,10.277234000000002,10.246753,10.287794,10.399433,10.578623,10.820535000000001,11.11913,11.467610000000002,11.859100000000002,12.286890000000001,12.744710000000001,13.22695,13.728660000000001,14.245440000000002,14.77377,15.31057,15.85309,16.39946,16.94759,17.49627,18.04418,18.590440000000005,19.13417
36.36281,36.19814000000001,36.03721,35.88002,35.72679000000001,35.57752000000001,35.432320000000004,35.29108,35.15413,35.02125,34.89266000000001,34.76847,34.64857,34.53307,34.42197,34.31538,34.213190000000004,34.11562,34.022450000000006,33.93379,33.84975,33.77011,33.69509000000001,33.62447,33.55825,33.49654,33.43912,33.3861,33.33726,33.29271000000001,33.252340000000004,33.21593,33.18359,33.155210000000004,33.130680000000005,33.10978,33.092620000000004,33.07887,33.06864,33.061820000000004,33.058080000000004,33.05753,33.05984,33.06512,33.073150000000005,33.08371,33.09691,33.11242,33.13013,33.150040000000004,33.171820000000004,33.19558000000001,33.2211,33.248270000000005,33.27698,33.307010000000005,33.33836,33.370920000000005,33.40447,33.43901,33.474320000000006,33.510510000000004,33.54725,33.584430000000005,33.62216,33.66022,33.6985,33.73689,33.77539,33.81389,33.85228,33.89056,33.92851,33.96624,34.00353,34.04038,34.07668,34.112320000000004,34.14741,34.18184,34.215500000000006,34.24828,34.28029000000001,34.311310000000006,34.34145,34.370490000000004,34.398540000000004,34.42549,34.45134,34.47598,34.499410000000005,34.52163,34.542530000000006,34.562110000000004,34.58037,34.59720000000001,34.61271000000001,34.62668,34.63922,34.650220000000004,34.65979,34.66771000000001,34.67398,34.67871,34.68179,34.683220000000006,34.68289000000001,34.6808,34.677060000000004,34.67145,34.66408,34.65484,34.643840000000004,34.630860000000006,34.6159,34.599070000000005,34.58037,34.559470000000005,34.5367,34.51173000000001,34.48478,34.45563,34.42439,34.390950000000004,34.35531,34.31736,34.277100000000004,34.23464,34.18976000000001,34.14246,34.092740000000006,34.040490000000005,33.985710000000005,33.92851,33.86856,33.80608,33.74085,33.67287,33.602140000000006,33.52855,33.4521,33.37257,33.29018,33.204710000000006,33.11616,33.02431,32.92938,32.83104,32.729400000000005,32.62424,32.51567,32.40347,32.28764,32.16796,32.044650000000004,31.91738,31.786150000000003,31.650850000000002,31.511370000000003,31.3676,31.21965,31.06719,30.910220000000002,30.748520000000003,30.5822,30.410930000000004,30.234820000000003,30.05365,29.867200000000004,29.67547,29.478350000000002,29.275620000000004,29.067280000000004,28.85311,28.633110000000002,28.406950000000002,28.17452,27.935820000000003,27.690630000000002,27.438840000000003,27.18023,26.914800000000003,26.642220000000002,26.362490000000005,26.07539,25.780810000000002,25.478640000000002,25.168770000000002,24.85098,24.525160000000003,24.191200000000002,23.848990000000004,23.498530000000002,23.139600000000005,22.772200000000005,22.39633,22.01199,21.61907,21.21768,20.807930000000002,20.389930000000003,19.964010000000002,19.53028,19.089180000000002,18.641260000000003,18.186960000000003,17.72716,17.26263,16.79447,16.32411,15.85309,15.383280000000001,14.917100000000001,14.457080000000001,14.00641,13.56872,13.1483,12.74966,12.378300000000001,12.03983,11.740190000000002,11.485430000000001,11.28127,11.132990000000001,11.04466,11.018920000000001,11.056870000000002,11.157960000000001,11.319880000000001,11.538780000000001,11.809930000000001,12.12794,12.487090000000002,12.88177,13.30648,13.75627,14.22652,14.71338,15.213220000000002,15.723180000000001,16.240620000000003,16.76334,17.28947,17.817580000000003,18.34635,18.87468,19.40169
36.55333,36.39053,36.23125,36.07582,35.92413,35.77629,35.63241,35.492490000000004,35.356640000000006,35.22486,35.097150000000006,34.97373,34.854490000000006,34.73954,34.62899,34.52262,34.42065,34.323080000000004,34.229800000000004,34.14092,34.05644,33.97625,33.90046,33.82907,33.76186,33.69905,33.640420000000006,33.585860000000004,33.53559,33.48928,33.44704,33.40876,33.37433,33.34375,33.3168,33.29348,33.27368,33.25729,33.244310000000006,33.23452,33.227810000000005,33.224180000000004,33.22341,33.225390000000004,33.23012,33.23738,33.247060000000005,33.25905,33.27335,33.28963,33.30789000000001,33.32802,33.34991,33.373340000000006,33.39831,33.424710000000005,33.45232,33.48114,33.51095,33.54175,33.57343,33.60588,33.63888,33.672540000000005,33.70664,33.74107,33.775830000000006,33.810700000000004,33.84568,33.88077,33.91575,33.95062,33.985380000000006,34.0197,34.0538,34.08746000000001,34.12068,34.15335,34.18536,34.216820000000006,34.247510000000005,34.27754,34.30669,34.33507,34.362460000000006,34.38897,34.41438,34.43891,34.462230000000005,34.48456,34.505680000000005,34.52559,34.544290000000004,34.56167,34.57784,34.592690000000005,34.60622,34.618210000000005,34.62888,34.63812,34.64593000000001,34.65209,34.65682,34.6599,34.661440000000006,34.661440000000006,34.65968,34.656270000000006,34.651210000000006,34.64439,34.635810000000006,34.62547,34.613260000000004,34.59929,34.58334,34.565630000000006,34.54594,34.52427,34.500620000000005,34.474990000000005,34.44738,34.41757,34.385780000000004,34.35179,34.3156,34.27732,34.23673,34.193830000000005,34.14862,34.1011,34.05127,33.99891,33.94413,33.88682,33.82698,33.764500000000005,33.699490000000004,33.631730000000005,33.561220000000006,33.48785,33.411730000000006,33.332750000000004,33.250800000000005,33.16588,33.07788,32.98669,32.89242,32.794850000000004,32.69409,32.58981,32.48223,32.37102,32.25629,32.137820000000005,32.01572,31.889770000000002,31.75986,31.626100000000005,31.48816,31.346040000000006,31.199740000000002,31.049040000000005,30.893940000000004,30.734330000000003,30.570100000000004,30.401030000000002,30.22712,30.048370000000002,29.86445,29.67536,29.480990000000002,29.28112,29.075750000000003,28.864770000000004,28.647960000000005,28.425210000000003,28.19652,27.961560000000002,27.72033,27.472610000000003,27.218400000000003,26.95748,26.689740000000004,26.414960000000004,26.13314,25.844170000000005,25.54783,25.244010000000003,24.9326,24.6136,24.286790000000003,23.952170000000002,23.609630000000003,23.25917,22.90079,22.534270000000003,22.15994,21.77769,21.387520000000002,20.989760000000004,20.58463,20.172240000000002,19.753030000000003,19.32733,18.89591,18.45921,18.018,17.57349,17.12667,16.67897,16.23204,15.78775,15.34841,14.916660000000002,14.495470000000001,14.088360000000002,13.69918,13.332110000000002,12.991880000000002,12.68355,12.41207,12.182500000000001,11.99968,11.867680000000002,11.789800000000001,11.76835,11.80399,11.89628,12.04357,12.243000000000002,12.490610000000002,12.782,13.112660000000002,13.477530000000002,13.87221,14.292080000000002,14.733070000000001,15.191660000000002,15.664330000000001,16.14844,16.641350000000003,17.140970000000003,17.64543,18.153080000000003,18.662710000000004,19.17311,19.68329
36.739340000000006,36.57819,36.42056,36.266670000000005,36.11641,35.96989,35.827220000000004,35.68851,35.553650000000005,35.42286,35.29603,35.17327,35.05469,34.940290000000005,34.82996,34.72381,34.62195,34.52438,34.43099,34.34178,34.25686,34.176120000000004,34.09967,34.02729,33.9592,33.89518,33.83523,33.77935,33.727540000000005,33.67958,33.635580000000004,33.59532,33.558800000000005,33.52602,33.49676,33.47102,33.448800000000006,33.429770000000005,33.41404,33.4015,33.39193,33.385220000000004,33.38148,33.38027,33.38181,33.38577,33.39215,33.40084,33.41162,33.42449,33.43923,33.45584,33.47410000000001,33.49401,33.51535,33.538120000000006,33.5621,33.58729,33.613580000000006,33.640750000000004,33.668800000000005,33.69773,33.72721000000001,33.75724,33.78782,33.81873,33.850080000000005,33.88154,33.91311,33.94479,33.97658,34.00815,34.03961,34.07074000000001,34.101760000000006,34.13234,34.16248,34.19207,34.22122,34.24982,34.27765,34.30493,34.33133,34.35696,34.381820000000005,34.40569,34.42868,34.450680000000006,34.47169,34.491600000000005,34.51052000000001,34.52823,34.54473,34.56013,34.57421,34.58708,34.59863,34.60886,34.61766,34.62514,34.631190000000004,34.6357,34.638780000000004,34.64043,34.64043,34.639,34.635920000000006,34.631190000000004,34.624810000000004,34.61678,34.60699,34.59555,34.582240000000006,34.567280000000004,34.550450000000005,34.53175,34.51129,34.488850000000006,34.46443,34.438140000000004,34.409760000000006,34.379400000000004,34.34706,34.312630000000006,34.276,34.237280000000005,34.19636,34.153130000000004,34.1077,34.06007,34.010020000000004,33.957550000000005,33.902770000000004,33.84546,33.78573,33.72347,33.658570000000005,33.59103,33.52074,33.447810000000004,33.372130000000006,33.29359,33.21219000000001,33.12782,33.04048,32.95006,32.85645,32.75976000000001,32.65977,32.55659000000001,32.44989,32.339890000000004,32.22626,32.10911,31.988220000000005,31.8637,31.735330000000005,31.603,31.466710000000003,31.32635,31.181810000000002,31.03309,30.879970000000004,30.722340000000003,30.56031,30.393550000000005,30.222060000000003,30.045730000000002,29.86445,29.678110000000004,29.486490000000003,29.2897,29.087520000000005,28.87984,28.666440000000005,28.44732,28.22237,27.991370000000003,27.754210000000004,27.51089,27.261190000000003,27.005000000000003,26.742210000000004,26.47271,26.196390000000005,25.913140000000002,25.62274,25.325300000000002,25.02071,24.708750000000002,24.389310000000002,24.062610000000003,23.728320000000004,23.386550000000003,23.037300000000002,22.680680000000002,22.316580000000002,21.94522,21.566710000000004,21.18127,20.78912,20.39059,19.98601,19.57604,19.16112,18.74202,18.31962,17.894910000000003,17.4691,17.04362,16.62012,16.200580000000002,15.787090000000003,15.382290000000001,14.988930000000002,14.61031,14.24995,13.911700000000002,13.599740000000002,13.31836,13.07174,12.864390000000002,12.700050000000001,12.582130000000001,12.513490000000001,12.495560000000001,12.529440000000001,12.614580000000002,12.749550000000001,12.932260000000001,13.159520000000002,13.427700000000002,13.733060000000002,14.07142,14.43871,14.83108,15.24501,15.67698,16.12402,16.583380000000002,17.05275,17.52993,18.01305,18.500680000000003,18.991280000000003,19.48375,19.977210000000003
36.920840000000005,36.761230000000005,36.605140000000006,36.45257,36.303630000000005,36.15843,36.01686000000001,35.87914000000001,35.745380000000004,35.61536,35.4893,35.367200000000004,35.24917,35.1351,35.0251,34.91917,34.817310000000006,34.71963,34.626020000000004,34.536480000000005,34.45112,34.36972,34.292500000000004,34.21935,34.150270000000006,34.08504,34.023880000000005,33.966570000000004,33.91322,33.86361,33.81785000000001,33.77572000000001,33.73722,33.70224,33.67078,33.64273,33.61798,33.59653,33.578050000000005,33.562760000000004,33.55033,33.54076,33.53405,33.52987,33.528220000000005,33.52899,33.532180000000004,33.53757,33.54505,33.55451,33.56584,33.57904,33.59389,33.61028,33.6281,33.64735,33.66792,33.68959,33.712360000000004,33.73601,33.760540000000006,33.78595000000001,33.812020000000004,33.838640000000005,33.865700000000004,33.89331000000001,33.92114,33.9493,33.97768,34.006060000000005,34.03455,34.06293,34.0912,34.11936000000001,34.14719,34.174800000000005,34.20197,34.2287,34.25499,34.280730000000005,34.30581,34.33034,34.3541,34.3772,34.399420000000006,34.42087,34.44144000000001,34.461020000000005,34.47972,34.49732,34.51393,34.52955,34.543960000000006,34.55727,34.569370000000006,34.58026,34.58994,34.5983,34.60534,34.61117,34.61546,34.618430000000004,34.61997,34.62008,34.61876,34.615790000000004,34.61139,34.60534,34.597750000000005,34.58851,34.57773,34.56508,34.55089,34.53494,34.517120000000006,34.49765,34.4762,34.45299000000001,34.427910000000004,34.40096,34.37203,34.341120000000004,34.30823,34.273250000000004,34.236290000000004,34.19724,34.15599,34.11254,34.067,34.01915,33.968990000000005,33.916520000000006,33.861740000000005,33.80454,33.74481,33.682660000000006,33.61798,33.55077,33.480920000000005,33.40832,33.33308,33.25509,33.174240000000005,33.09042,33.00374,32.91409,32.82136,32.72555,32.62655,32.52436,32.41876,32.30986,32.19755,32.081610000000005,31.96215,31.839060000000003,31.71223,31.581550000000004,31.446910000000003,31.308310000000002,31.165750000000003,31.018900000000006,30.86787,30.712440000000004,30.55261,30.388270000000002,30.219310000000004,30.045510000000004,29.866980000000005,29.683500000000002,29.494960000000003,29.301250000000003,29.102370000000004,28.898100000000003,28.688220000000005,28.47284,28.25185,28.02492,27.792050000000003,27.553240000000002,27.308270000000004,27.057030000000005,26.79941,26.535300000000003,26.264590000000002,25.98739,25.70326,25.41242,25.11465,24.809950000000004,24.498320000000003,24.179540000000003,23.853830000000002,23.52108,23.18129,22.834570000000003,22.481140000000003,22.120890000000003,21.75426,21.38125,21.0023,20.61774,20.22801,19.833660000000002,19.435350000000003,19.03374,18.62993,18.224800000000002,17.819560000000003,17.415860000000002,17.01513,16.61924,16.230500000000003,15.851220000000001,15.48404,15.13193,14.79819,14.48634,14.199900000000001,13.942610000000002,13.718210000000001,13.530330000000001,13.38227,13.276780000000002,13.21606,13.201540000000001,13.233990000000002,13.313080000000001,13.437710000000003,13.606010000000001,13.815560000000001,14.063390000000002,14.34631,14.6608,15.003340000000001,15.370740000000001,15.759480000000002,16.1667,16.589540000000003,17.025470000000002,17.47218,17.92769,18.39013,18.85807,19.330080000000002,19.80495,20.28169
37.09772,36.93965,36.78488000000001,36.633630000000004,36.4859,36.3418,36.201440000000005,36.06471,35.93172,35.80247,35.67707000000001,35.55563000000001,35.43793,35.32419000000001,35.21441000000001,35.108700000000006,35.006840000000004,34.90894,34.815110000000004,34.72513,34.63922,34.55738,34.47928,34.40525,34.33507,34.26885,34.20637,34.14774,34.092850000000006,34.04159,33.99407,33.950070000000004,33.90959,33.87252,33.838860000000004,33.8085,33.78144,33.75735,33.736450000000005,33.71841,33.703340000000004,33.69091,33.68123,33.674080000000004,33.66946,33.66715000000001,33.66715000000001,33.66935,33.67353000000001,33.6798,33.687830000000005,33.69762,33.70917,33.722150000000006,33.736670000000004,33.75251,33.769670000000005,33.78793,33.80718,33.82753,33.84865,33.870650000000005,33.89331000000001,33.916630000000005,33.94039,33.96459,33.989230000000006,34.01409,34.039280000000005,34.06447,34.08977,34.11507,34.140260000000005,34.16534,34.190310000000004,34.21484,34.23915,34.263130000000004,34.28656,34.30955,34.331990000000005,34.353770000000004,34.375,34.39546,34.41526,34.434290000000004,34.45244,34.46971,34.4861,34.5015,34.516020000000005,34.52944,34.54187,34.553090000000005,34.563320000000004,34.572340000000004,34.58015,34.58675,34.59203,34.5961,34.59885,34.60028,34.60028,34.598960000000005,34.5961,34.59192,34.586200000000005,34.57894,34.57014,34.5598,34.547810000000005,34.53417,34.51899,34.502050000000004,34.48335,34.463,34.44089,34.41691,34.39117,34.36356,34.33408000000001,34.302620000000005,34.269290000000005,34.23387,34.196580000000004,34.157090000000004,34.11562,34.07195,34.02619,33.97823,33.92807,33.8756,33.820820000000005,33.76373,33.70422,33.64229,33.577830000000006,33.51095,33.441430000000004,33.36938,33.29458,33.21714,33.13684000000001,33.05379,32.96788,32.879000000000005,32.787150000000004,32.69222,32.594210000000004,32.493120000000005,32.38862,32.280930000000005,32.169830000000005,32.05532,31.9374,31.815740000000005,31.690450000000002,31.56153,31.428650000000005,31.29192,31.151340000000005,31.006580000000003,30.85764,30.704520000000002,30.547,30.385190000000005,30.21876,30.047710000000002,29.872040000000005,29.691530000000004,29.50607,29.315660000000005,29.12008,28.919330000000002,28.713300000000004,28.50177,28.284740000000003,28.0621,27.833740000000002,27.59955,27.35931,27.11324,26.860900000000004,26.602400000000003,26.337630000000004,26.066480000000002,25.788950000000003,25.504820000000002,25.2142,24.916980000000002,24.61316,24.30274,23.98561,23.661990000000003,23.33188,22.995390000000004,22.652630000000002,22.303710000000002,21.948960000000003,21.588600000000003,21.222960000000004,20.852480000000003,20.477600000000002,20.09887,19.71695,19.33283,18.94717,18.56129,18.17629,17.79349,17.41476,17.04164,16.67644,16.321140000000003,15.97849,15.651130000000002,15.341920000000002,15.05405,14.79071,14.555200000000001,14.3506,14.180100000000001,14.04634,13.951740000000003,13.898170000000002,13.886840000000001,13.918190000000003,13.992220000000001,14.107830000000002,14.263810000000001,14.45796,14.687860000000002,14.95087,15.243910000000001,15.564120000000003,15.908530000000003,16.27417,16.65829,17.05847,17.47218,17.89744,18.332160000000002,18.774690000000003,19.2236,19.67735,20.134950000000003,20.595190000000002
37.2702,37.11345,36.96000000000001,36.809960000000004,36.66333,36.52033,36.38085000000001,36.245000000000005,36.11278,35.984300000000005,35.85945,35.73845,35.621190000000006,35.507780000000004,35.39811000000001,35.29240000000001,35.19043,35.092420000000004,34.99826,34.90795000000001,34.821490000000004,34.73888,34.66012,34.585210000000004,34.51393,34.44650000000001,34.382810000000006,34.322860000000006,34.26643,34.21363,34.16435,34.118480000000005,34.07602000000001,34.036970000000004,34.00122,33.96855000000001,33.93907,33.91267,33.88924,33.86856,33.85074,33.83567,33.823130000000006,33.813120000000005,33.805530000000005,33.80025,33.79717,33.796290000000006,33.79739000000001,33.800360000000005,33.8052,33.811800000000005,33.82005,33.829840000000004,33.84095000000001,33.85349,33.86735,33.882200000000005,33.89826,33.915200000000006,33.93313,33.95172,33.97119,33.99121,34.01167,34.032790000000006,34.05413,34.07591000000001,34.097910000000006,34.120020000000004,34.14224,34.16446,34.18679,34.2089,34.230790000000006,34.252570000000006,34.27402,34.29525,34.31593,34.33628,34.356080000000006,34.375330000000005,34.39392,34.41196,34.42934,34.44595,34.46179,34.47675,34.49094,34.50425,34.51657,34.5279,34.53835,34.547700000000006,34.55595,34.5631,34.56915,34.57399,34.57762,34.580040000000004,34.581250000000004,34.581140000000005,34.579710000000006,34.57696,34.57278,34.567170000000004,34.56013,34.55177,34.541760000000004,34.53032,34.517230000000005,34.50271,34.486540000000005,34.468720000000005,34.44914,34.428020000000004,34.40514,34.380500000000005,34.3541,34.32594,34.29580000000001,34.26390000000001,34.23013,34.19438,34.156650000000006,34.11694,34.075250000000004,34.03136,33.985490000000006,33.93742,33.887260000000005,33.834790000000005,33.780120000000004,33.72314,33.663850000000004,33.602140000000006,33.53801,33.47146,33.40238,33.33077,33.25652,33.17963,33.100100000000005,33.01771,32.932570000000005,32.844570000000004,32.753600000000006,32.65977,32.56275,32.46276,32.35947,32.2531,32.14332,32.030240000000006,31.91375,31.793740000000003,31.6701,31.542830000000002,31.41193,31.277180000000005,31.13847,30.995910000000002,30.84917,30.69836,30.543370000000003,30.384090000000004,30.22041,30.052110000000003,29.879410000000004,29.701870000000003,29.51971,29.332600000000003,29.14054,28.943420000000003,28.74124,28.53367,28.320820000000005,28.10258,27.878730000000004,27.64938,27.414200000000005,27.1733,26.926460000000002,26.67379,26.414960000000004,26.150190000000002,25.87915,25.60206,25.3187,25.02907,24.73328,24.431220000000003,24.12311,23.808840000000004,23.488520000000005,23.16226,22.83039,22.492910000000002,22.150150000000004,21.80244,21.450110000000002,21.0936,20.733460000000004,20.370240000000003,20.004710000000003,19.63764,19.269910000000003,18.902730000000002,18.537200000000002,18.174860000000002,17.81714,17.465690000000002,17.12271,16.79018,16.47041,16.165930000000003,15.879380000000001,15.613510000000002,15.371180000000003,15.15525,14.96847,14.81348,14.692590000000001,14.607780000000002,14.560590000000001,14.552010000000003,14.5827,14.652330000000001,14.76035,14.90555,15.086170000000001,15.30034,15.545530000000003,15.81943,16.119400000000002,16.442800000000002,16.7871,17.14988,17.528830000000003,17.921640000000004,18.32644,18.741470000000003,19.16486,19.595290000000002,20.03144,20.4721,20.916170000000005
37.43828,37.282630000000005,37.130390000000006,36.98156,36.83603,36.69391,36.555310000000006,36.420230000000004,36.28878,36.16085,36.036550000000005,35.91588,35.798950000000005,35.68576,35.5762,35.470490000000005,35.368410000000004,35.27018,35.17569,35.08494,34.997930000000004,34.914550000000006,34.83502,34.75912,34.68696,34.618320000000004,34.55342,34.49193,34.43407,34.37973,34.32869,34.281060000000004,34.23673,34.1957,34.15775,34.12299,34.0912,34.062380000000005,34.03642,34.01332,33.99286,33.97504,33.95986,33.94699000000001,33.93654000000001,33.928290000000004,33.92235,33.91839,33.916410000000006,33.9163,33.918060000000004,33.92147000000001,33.92653000000001,33.93313,33.941050000000004,33.9504,33.96096,33.972730000000006,33.985490000000006,33.99924,34.013870000000004,34.02938,34.045550000000006,34.062380000000005,34.07976,34.09769000000001,34.115950000000005,34.13465,34.15357,34.1726,34.19185,34.21121,34.23057,34.24982,34.26896000000001,34.28788,34.306580000000004,34.32506,34.3431,34.36081000000001,34.377970000000005,34.394690000000004,34.41097,34.426480000000005,34.44144000000001,34.45574,34.46938,34.48214,34.494130000000006,34.50535000000001,34.51558,34.52493,34.5334,34.54088,34.54726,34.55265,34.556940000000004,34.56002,34.562110000000004,34.56299,34.56255,34.56101,34.558150000000005,34.55397000000001,34.54847,34.541650000000004,34.5334,34.523720000000004,34.51272,34.50018000000001,34.4861,34.47059,34.453430000000004,34.43473,34.41449000000001,34.39249,34.36895,34.343650000000004,34.316590000000005,34.28788,34.2573,34.22496,34.19075,34.154560000000004,34.11661,34.07668,34.03466,33.990770000000005,33.94479,33.89661,33.846450000000004,33.794090000000004,33.73953,33.682770000000005,33.6237,33.56221,33.49852,33.432300000000005,33.36366,33.2926,33.218900000000005,33.14267,33.0638,32.98218,32.89792,32.8108,32.72082,32.62787,32.53206,32.433170000000004,32.3312,32.226150000000004,32.1178,32.00615,31.891200000000005,31.772840000000002,31.65096,31.525560000000002,31.396420000000003,31.263760000000005,31.12714,30.98678,30.842350000000003,30.694070000000004,30.541500000000003,30.38486,30.22393,30.058600000000002,29.888870000000004,29.714520000000004,29.535660000000004,29.351960000000002,29.16353,28.970150000000004,28.771930000000005,28.568540000000002,28.359980000000004,28.146140000000003,27.927020000000002,27.702510000000004,27.472500000000004,27.236990000000002,26.99576,26.748920000000002,26.49636,26.23786,25.973640000000003,25.703590000000002,25.42771,25.14589,24.858240000000002,24.564760000000003,24.26556,23.96064,23.65022,23.334410000000002,23.01343,22.68739,22.356730000000002,22.021670000000004,21.682650000000002,21.34011,20.99449,20.64667,20.29709,19.946740000000002,19.596610000000002,19.247580000000003,18.90097,18.5581,18.22051,17.889850000000003,17.567880000000002,17.25658,16.958260000000003,16.67501,16.409360000000003,16.16362,15.940540000000002,15.742320000000001,15.571600000000002,15.430470000000001,15.321130000000002,15.24501,15.203650000000001,15.197820000000002,15.227960000000001,15.294070000000001,15.395490000000002,15.531230000000003,15.700080000000002,15.90006,16.12952,16.38615,16.66775,16.97201,17.29684,17.639820000000004,17.99886,18.372200000000003,18.75775,19.15386,19.55899,19.97171,20.390810000000002,20.81497,21.24331
37.601850000000006,37.447410000000005,37.29627000000001,37.14843,37.00389,36.86265,36.72482000000001,36.59051,36.459610000000005,36.33223,36.20837,36.08814,35.971430000000005,35.85835,35.74879,35.642970000000005,35.540780000000005,35.442330000000005,35.3474,35.2561,35.16854,35.084500000000006,35.004090000000005,34.92731,34.85405,34.784310000000005,34.718090000000004,34.655280000000005,34.59599,34.54,34.48731,34.437920000000005,34.39172,34.348710000000004,34.30867,34.27171,34.23772,34.206590000000006,34.17832000000001,34.15269,34.12970000000001,34.10924000000001,34.09131,34.0758,34.062490000000004,34.05149,34.04258,34.035650000000004,34.0307,34.027620000000006,34.026410000000006,34.026740000000004,34.02872,34.03213,34.036970000000004,34.043240000000004,34.050610000000006,34.05919,34.068870000000004,34.07943,34.09098,34.103300000000004,34.11639,34.130140000000004,34.14444,34.15929,34.17458,34.190200000000004,34.20615,34.22232,34.238710000000005,34.2551,34.2716,34.2881,34.30449,34.320660000000004,34.33672,34.352450000000005,34.367960000000004,34.383140000000004,34.39788,34.41207,34.42593,34.43913,34.45178000000001,34.46388,34.475210000000004,34.48577,34.495670000000004,34.5048,34.51305,34.52053,34.52702000000001,34.532630000000005,34.53725,34.54088,34.54341,34.54495,34.545390000000005,34.54473,34.542860000000005,34.53978,34.53549,34.52999,34.52328,34.51514,34.505790000000005,34.49501000000001,34.482800000000005,34.46927,34.45431,34.43781,34.41977000000001,34.4003,34.37918,34.35652,34.33221,34.306360000000005,34.27875,34.24949,34.21847,34.18558,34.15104,34.114630000000005,34.076350000000005,34.0362,33.99407,33.949960000000004,33.903870000000005,33.8558,33.805640000000004,33.75339,33.69894,33.6424,33.58355,33.5225,33.459140000000005,33.39336,33.32527,33.254760000000005,33.18172,33.10615,33.02794,32.9472,32.863710000000005,32.77758,32.688590000000005,32.596740000000004,32.502030000000005,32.40435,32.303700000000006,32.19997,32.093050000000005,31.983050000000006,31.869640000000004,31.753040000000002,31.632920000000002,31.509390000000003,31.382340000000003,31.25155,31.117240000000002,30.979080000000003,30.83707,30.69121,30.541280000000004,30.387390000000003,30.229320000000005,30.06696,29.90031,29.72926,29.553700000000003,29.373630000000002,29.188830000000003,28.99941,28.80504,28.605940000000004,28.401780000000002,28.192560000000004,27.97828,27.75872,27.533990000000003,27.303870000000003,27.068470000000005,26.82757,26.581280000000003,26.329380000000004,26.07198,25.809080000000005,25.540680000000005,25.26678,24.987380000000005,24.702590000000004,24.412410000000005,24.117060000000002,23.81654,23.51118,23.20109,22.8866,22.567930000000004,22.24541,21.919590000000003,21.5908,21.259700000000002,20.926840000000002,20.59299,20.259030000000003,19.92584,19.59441,19.266060000000003,18.94189,18.62355,18.31247,18.010410000000004,17.71913,17.440720000000002,17.17727,16.930870000000002,16.70372,16.49802,16.316080000000003,16.15988,16.031290000000002,15.932290000000002,15.864200000000002,15.828120000000002,15.824820000000003,15.85463,15.91766,16.013360000000002,16.140960000000003,16.29925,16.48691,16.702180000000002,16.9433,17.208180000000002,17.495060000000002,17.80185,18.12657,18.46724,18.822100000000002,19.189500000000002,19.567790000000002,19.955540000000003,20.35132,20.75392,21.16235,21.575400000000002
37.76113,37.60779,37.457640000000005,37.31068,37.16702000000001,37.02655,36.88949,36.75573,36.62538,36.49844,36.37502,36.255010000000006,36.13852000000001,36.02555,35.91599,35.81006000000001,35.70765,35.60887,35.5135,35.42176,35.33343,35.24873,35.167550000000006,35.089780000000005,35.015420000000006,34.94458,34.87715,34.81302,34.752190000000006,34.694660000000006,34.64032,34.58917,34.5411,34.49611,34.45409,34.415040000000005,34.37885,34.34541,34.31472,34.28678,34.26126,34.23827,34.2177,34.19955,34.183600000000006,34.169740000000004,34.157970000000006,34.14829,34.140480000000004,34.13443,34.130140000000004,34.127610000000004,34.12651,34.12695,34.128820000000005,34.1319,34.136300000000006,34.1418,34.1484,34.15599,34.16446,34.173700000000004,34.183820000000004,34.19449,34.20593,34.2177,34.23013,34.24278,34.25587,34.269180000000006,34.28271,34.296350000000004,34.30999,34.32374,34.33738,34.351020000000005,34.36444,34.37764000000001,34.39062,34.403270000000006,34.41548,34.42747,34.4388,34.4498,34.46014,34.470040000000004,34.47917,34.48775,34.495560000000005,34.50271,34.50898,34.51448,34.51921,34.52295,34.52581,34.527680000000004,34.528670000000005,34.528560000000006,34.527460000000005,34.52526,34.52196000000001,34.517450000000004,34.511950000000006,34.50513,34.4971,34.487860000000005,34.4773,34.46542,34.452220000000004,34.43759,34.421640000000004,34.40426,34.38545,34.365100000000005,34.343320000000006,34.32,34.295030000000004,34.26852,34.24036,34.210660000000004,34.1792,34.14598,34.111000000000004,34.07426,34.03576,33.99539000000001,33.95315,33.909040000000005,33.862950000000005,33.81488,33.76483,33.71269,33.658460000000005,33.602140000000006,33.543620000000004,33.4829,33.41987,33.35464,33.2871,33.21714,33.14476,33.06985,32.992520000000006,32.91255,32.83005000000001,32.744800000000005,32.65691,32.56616,32.472660000000005,32.3763,32.276970000000006,32.174670000000006,32.06929,31.960720000000002,31.849070000000005,31.73412,31.615870000000005,31.494320000000002,31.36925,31.240660000000002,31.10855,30.972700000000003,30.833220000000004,30.689890000000002,30.5426,30.391460000000002,30.236250000000002,30.076970000000003,29.913510000000002,29.74576,29.573720000000005,29.397280000000002,29.216330000000003,29.030760000000004,28.84057,28.645760000000003,28.446,28.24151,28.03207,27.81768,27.598340000000004,27.37383,27.144150000000003,26.909410000000005,26.669390000000003,26.4242,26.173730000000003,25.918200000000002,25.65728,25.3913,25.120260000000002,24.844160000000002,24.563110000000005,24.277220000000003,23.98682,23.6918,23.392710000000005,23.089550000000003,22.782760000000003,22.472780000000004,22.15994,21.84479,21.52777,21.209760000000003,20.8912,20.57319,20.25639,19.942010000000003,19.63115,19.324910000000003,19.02483,18.73234,18.44898,18.176620000000003,17.91691,17.671720000000004,17.44303,17.23293,17.043290000000002,16.87609,16.73309,16.61605,16.526510000000002,16.465570000000003,16.434330000000003,16.43345,16.463150000000002,16.52365,16.6144,16.734740000000002,16.8839,17.06045,17.263070000000003,17.49011,17.740030000000004,18.01096,18.30125,18.609030000000004,18.932540000000003,19.27035,19.62059,19.982050000000005,20.35319,20.7328,21.119670000000003,21.512809999999998,21.91112
37.91601,37.76366,37.61450000000001,37.46842,37.32553,37.18572,37.04932,36.91611,36.78631000000001,36.6597,36.53661,36.41682,36.30044,36.187470000000005,36.07791,35.97176,35.869130000000006,35.76991,35.6741,35.58181,35.49293,35.40746000000001,35.32529,35.246640000000006,35.171290000000006,35.09924,35.03049,34.96504,34.90267,34.8436,34.78772,34.73481,34.684870000000004,34.63801,34.594010000000004,34.552870000000006,34.51459,34.478950000000005,34.44595,34.41559,34.38765000000001,34.36224,34.33914000000001,34.31835,34.29965,34.28315,34.26863,34.2562,34.24553,34.23662,34.22947,34.22397,34.22001,34.21748,34.21638,34.21660000000001,34.21803,34.220560000000006,34.22419,34.2287,34.23431,34.24058,34.247730000000004,34.25554,34.26390000000001,34.27292,34.28238,34.292280000000005,34.302510000000005,34.31307,34.32374,34.334630000000004,34.345740000000006,34.35674,34.367850000000004,34.37885,34.389630000000004,34.40041,34.41086,34.42109,34.43099,34.440560000000005,34.449690000000004,34.458380000000005,34.46663,34.47433,34.48137,34.487860000000005,34.49369,34.49886,34.50326,34.506890000000006,34.509750000000004,34.51184000000001,34.51294,34.51316,34.5125,34.510850000000005,34.508320000000005,34.504580000000004,34.49985,34.494130000000006,34.4872,34.47917,34.469930000000005,34.45948,34.44782,34.43495,34.42065,34.40514,34.388310000000004,34.37005,34.35047,34.329350000000005,34.3068,34.28282,34.2573,34.23024,34.201530000000005,34.17128,34.13949,34.105940000000004,34.07063,34.03367,33.99495,33.95447,33.91212,33.867900000000006,33.82181,33.77385,33.723800000000004,33.67188,33.61787,33.56177,33.50358,33.4433,33.38082,33.31603,33.24904000000001,33.17963,33.10802,33.03388,32.95732,32.87823,32.79672,32.71246000000001,32.62567000000001,32.53613,32.44384,32.348800000000004,32.25079,32.14992,32.04608,31.93927,31.829270000000005,31.71619,31.59981,31.480240000000006,31.35726,31.230870000000003,31.10096,30.967530000000004,30.830470000000002,30.689780000000003,30.545350000000003,30.397070000000003,30.244830000000004,30.088630000000002,29.92836,29.76413,29.595500000000005,29.422800000000002,29.245700000000003,29.064200000000003,28.878190000000004,28.68767,28.49264,28.292880000000004,28.088390000000004,27.879170000000002,27.665220000000005,27.446320000000004,27.222580000000004,26.994,26.76047,26.521990000000002,26.278560000000002,26.030290000000004,25.777070000000005,25.519120000000004,25.256330000000002,24.989030000000003,24.71711,24.440790000000003,24.16018,23.875720000000005,23.587410000000002,23.295580000000005,23.000670000000003,22.7029,22.40293,22.10109,21.798040000000004,21.49433,21.19073,20.88812,20.58727,20.28928,19.99514,19.70606,19.42347,19.14847,18.882820000000002,18.62806,18.385730000000002,18.157590000000003,17.945510000000002,17.75103,17.576130000000003,17.42246,17.29156,17.18497,17.10401,17.049670000000003,17.022940000000002,17.02426,17.054180000000002,17.11248,17.19894,17.313010000000002,17.45392,17.62057,17.81175,18.02625,18.262420000000002,18.51894,18.793940000000003,19.086100000000002,19.393880000000003,19.71552,20.04992,20.39543,20.75095,21.11516,21.48696,21.865360000000003,22.249370000000003
38.06671,37.915240000000004,37.766850000000005,37.62154,37.479420000000005,37.340270000000004,37.204420000000006,37.071650000000005,36.94218,36.81601,36.69314,36.573460000000004,36.457080000000005,36.34411000000001,36.23444,36.12818000000001,36.025220000000004,35.92556,35.82931,35.73647,35.64682,35.56058000000001,35.47764000000001,35.397890000000004,35.32155,35.248290000000004,35.17833,35.111450000000005,35.047760000000004,34.98715,34.92962000000001,34.874950000000005,34.82336,34.77452,34.72865,34.68542,34.645050000000005,34.60721,34.57201,34.53923,34.50898,34.48115,34.45552,34.4322,34.41097,34.391830000000006,34.37467,34.35938,34.346070000000005,34.334410000000005,34.324400000000004,34.31615,34.30933,34.303940000000004,34.29987,34.297230000000006,34.29569,34.29536,34.296130000000005,34.29778,34.30042,34.303940000000004,34.30812,34.31307,34.31868,34.32484,34.33155,34.33859,34.346180000000004,34.353880000000004,34.36202,34.370270000000005,34.37863,34.387100000000004,34.39557,34.40404,34.412510000000005,34.42076,34.42879,34.436710000000005,34.4443,34.45156,34.458490000000005,34.464980000000004,34.47114,34.47664,34.481700000000004,34.48621,34.49006000000001,34.49336,34.49589,34.49776,34.49886,34.499190000000006,34.49864,34.49732,34.49501000000001,34.49193,34.487860000000005,34.482690000000005,34.47664,34.4696,34.46135,34.452110000000005,34.441660000000006,34.430110000000006,34.41746,34.403490000000005,34.388310000000004,34.37181,34.3541,34.33507,34.31461,34.29283,34.26962,34.24498,34.21891,34.1913,34.162150000000004,34.131460000000004,34.099230000000006,34.06535,34.02982,33.99264,33.953810000000004,33.91311,33.870760000000004,33.82654,33.78045,33.732490000000006,33.682770000000005,33.63096,33.57717,33.5214,33.46365,33.4037,33.341660000000005,33.27742,33.211090000000006,33.142340000000004,33.07139,32.99813,32.922450000000005,32.84424,32.76361,32.68056,32.59487,32.50654,32.41546,32.321740000000005,32.22527,32.12583,32.02364,31.918370000000003,31.81024,31.69892,31.584520000000005,31.466930000000005,31.346150000000005,31.221960000000003,31.094470000000005,30.96346,30.829040000000003,30.690990000000003,30.5492,30.403890000000004,30.254730000000002,30.101720000000004,29.944750000000003,29.78393,29.618930000000002,29.449970000000004,29.276720000000005,29.099400000000003,28.91768,28.73156,28.541150000000002,28.346230000000002,28.146800000000002,27.942860000000003,27.734300000000005,27.521230000000003,27.303430000000002,27.081010000000003,26.853970000000004,26.622200000000003,26.385920000000002,26.145020000000002,25.899500000000003,25.64958,25.395150000000005,25.136540000000004,24.87375,24.606890000000003,24.33629,24.062060000000002,23.78453,23.50392,23.220670000000002,22.93511,22.64768,22.35893,22.06941,21.779780000000002,21.4907,21.20294,20.91749,20.63523,20.35715,20.084460000000004,19.818260000000002,19.559980000000003,19.31105,19.07279,18.846740000000004,18.63444,18.437650000000005,18.25769,18.096320000000002,17.955080000000002,17.83529,17.73827,17.66512,17.61694,17.59439,17.597910000000002,17.62805,17.68448,17.767200000000003,17.87577,18.009420000000002,18.167270000000002,18.34833,18.551280000000002,18.77513,19.018230000000003,19.279480000000003,19.55723,19.850160000000002,20.156950000000002,20.47628,20.80683,21.147500000000004,21.49708,21.854580000000002,22.218900000000005,22.58927
38.213119999999996,38.06253,37.914910000000006,37.77026,37.628690000000006,37.4902,37.35479,37.222460000000005,37.093430000000005,36.96737,36.84461,36.72515,36.60877000000001,36.49569,36.38591,36.279320000000006,36.176030000000004,36.07604,35.97924,35.88574,35.79543,35.708310000000004,35.62449,35.54386000000001,35.46631000000001,35.39195000000001,35.32067,35.25258000000001,35.18735,35.12531,35.06602,35.00981,34.95635,34.905750000000005,34.8579,34.8128,34.770230000000005,34.7303,34.6929,34.657920000000004,34.62536,34.595,34.567060000000005,34.54121,34.517450000000004,34.495670000000004,34.47598,34.45805000000001,34.441990000000004,34.42769,34.415040000000005,34.40393,34.394360000000006,34.38611,34.379400000000004,34.37379,34.3695,34.366420000000005,34.36422,34.36312,34.36301,34.36367,34.365100000000005,34.3673,34.370160000000006,34.37357,34.37753000000001,34.381930000000004,34.386770000000006,34.391830000000006,34.397330000000004,34.40294,34.408770000000004,34.41471000000001,34.42076,34.42681,34.43275,34.43869,34.44441,34.45002,34.4553,34.46047,34.4652,34.4696,34.473560000000006,34.47708,34.480160000000005,34.482690000000005,34.48467,34.4861,34.48687,34.48687,34.48632,34.48500000000001,34.482800000000005,34.479940000000006,34.4762,34.47158,34.46608,34.45959,34.452220000000004,34.44375,34.434400000000004,34.423950000000005,34.4124,34.399750000000004,34.386,34.37115000000001,34.354980000000005,34.33771,34.319120000000005,34.29921,34.27809,34.25565,34.23178000000001,34.206480000000006,34.179860000000005,34.151810000000005,34.12222,34.0912,34.058530000000005,34.02443,33.98857,33.951280000000004,33.91223,33.87142,33.82907,33.784850000000006,33.738870000000006,33.69102,33.64141000000001,33.58982,33.53636,33.480920000000005,33.423500000000004,33.3641,33.3025,33.23892,33.173140000000004,33.105160000000005,33.034980000000004,32.96249,32.88769,32.81047,32.730940000000004,32.648880000000005,32.56429,32.47717,32.38752,32.295120000000004,32.20008,32.10229,32.00164,31.89824,31.79176,31.68242,31.57,31.454500000000003,31.335810000000006,31.213930000000005,31.08875,30.960270000000005,30.828490000000002,30.693080000000002,30.55426,30.41181,30.26584,30.116020000000002,29.962460000000004,29.805050000000005,29.64379,29.47868,29.30939,29.136140000000005,28.958710000000004,28.777210000000004,28.591420000000003,28.401450000000004,28.207080000000005,28.00842,27.805470000000003,27.598120000000005,27.386370000000003,27.17022,26.949670000000005,26.724720000000005,26.495480000000004,26.261950000000002,26.024130000000003,25.782240000000005,25.53628,25.286250000000003,25.032590000000003,24.775190000000002,24.51438,24.250380000000003,23.983520000000002,23.71402,23.442210000000003,23.168530000000004,22.893530000000002,22.61754,22.34122,22.065230000000003,21.79012,21.51688,21.24617,20.97898,20.71619,20.459010000000003,20.208650000000002,19.9661,19.73279,19.51004,19.29917,19.101720000000004,18.919120000000003,18.75269,18.603860000000005,18.47406,18.364390000000004,18.27617,18.21039,18.167820000000003,18.14912,18.154840000000004,18.185200000000002,18.24031,18.31984,18.423460000000002,18.550620000000002,18.70055,18.872370000000004,19.06509,19.27761,19.50861,19.756990000000002,20.02154,20.30083,20.59376,20.89901,21.215590000000002,21.542180000000002,21.8779,22.22176,22.572660000000003,22.929940000000002
38.35546,38.20553,38.05857,37.91458,37.77356,37.635510000000004,37.50054,37.36865,37.23973000000001,37.114000000000004,36.991350000000004,36.87189,36.75551,36.642320000000005,36.53232,36.4254,36.32178,36.22124000000001,36.12389,36.02973,35.93876,35.85087000000001,35.76606,35.68444,35.60579,35.530330000000006,35.45773,35.38821000000001,35.32166,35.25808,35.197250000000004,35.13928000000001,35.08417,35.0317,34.98198,34.934900000000006,34.89035,34.848330000000004,34.808730000000004,34.77155,34.73668000000001,34.704010000000004,34.67365,34.64538,34.619200000000006,34.59489,34.57267,34.55221,34.53351000000001,34.51657,34.50117,34.48742,34.475100000000005,34.46421,34.454750000000004,34.44650000000001,34.439460000000004,34.43352,34.42868,34.42483000000001,34.42186,34.419880000000006,34.41856,34.41812,34.41823,34.419000000000004,34.420320000000004,34.42208,34.42428,34.42681,34.42978,34.432860000000005,34.43627000000001,34.43968,34.443310000000004,34.446940000000005,34.45057,34.4542,34.45761,34.461020000000005,34.4641,34.46707,34.46971,34.47202,34.474000000000004,34.47554,34.47664,34.4773,34.47741,34.47708,34.47598,34.47444,34.47213,34.46916,34.46553,34.461020000000005,34.455850000000005,34.4498,34.44287,34.43517000000001,34.426480000000005,34.4168,34.406240000000004,34.394690000000004,34.38204,34.3684,34.35355,34.33771,34.32077,34.302510000000005,34.28315,34.26258,34.24069,34.21759,34.19306,34.167320000000004,34.140150000000006,34.11166,34.081630000000004,34.05017,34.01728000000001,33.98285,33.94688000000001,33.90937,33.87021,33.82940000000001,33.78694,33.742720000000006,33.696850000000005,33.64922,33.599830000000004,33.548460000000006,33.49533,33.44033,33.38335000000001,33.32439,33.26334,33.20031,33.13519,33.067980000000006,32.99857,32.92685,32.85304,32.776810000000005,32.69827,32.61742,32.534040000000005,32.448240000000006,32.3598,32.26894,32.17533,32.079080000000005,31.980190000000004,31.87844,31.773830000000004,31.666470000000004,31.556030000000003,31.44262,31.326240000000002,31.206670000000006,31.083910000000003,30.957960000000003,30.82882,30.696270000000002,30.56031,30.420830000000002,30.277940000000005,30.131420000000002,29.981270000000002,29.82749,29.669970000000003,29.5086,29.34338,29.174310000000002,29.00128,28.824290000000005,28.643230000000003,28.45821,28.269010000000005,28.07574,27.878290000000003,27.67677,27.470960000000005,27.261080000000003,27.047130000000003,26.829000000000004,26.60691,26.380750000000003,26.15063,25.916770000000003,25.679060000000003,25.437720000000002,25.193080000000002,24.94503,24.694010000000002,24.44013,24.18372,23.925,23.664520000000003,23.40261,23.139600000000005,22.87604,22.61259,22.349800000000002,22.088330000000003,21.828950000000003,21.57243,21.31965,21.0716,20.82927,20.59376,20.366170000000004,20.1476,19.93937,19.742800000000003,19.55921,19.3897,19.235810000000004,19.098530000000004,18.979290000000002,18.87919,18.799110000000002,18.74004,18.70275,18.687790000000003,18.69549,18.726290000000002,18.78019,18.856860000000005,18.956190000000003,19.07763,19.22052,19.38409,19.56746,19.769640000000003,19.98964,20.22625,20.478480000000005,20.745120000000004,21.025070000000003,21.31734,21.620610000000003,21.934110000000004,22.25674,22.58751,22.92576,23.270390000000003
38.49351000000001,38.344350000000006,38.19805,38.054610000000004,37.914030000000004,37.77642,37.641780000000004,37.51011,37.38141,37.25579,37.133250000000004,37.01379,36.8973,36.78389000000001,36.67367,36.56642,36.46236,36.361380000000004,36.26337000000001,36.16855,36.07681,35.988040000000005,35.902350000000006,35.81974,35.739990000000006,35.66332,35.589510000000004,35.51867000000001,35.45069,35.38557,35.32320000000001,35.263580000000005,35.20671000000001,35.152480000000004,35.10089,35.05183,35.005300000000005,34.96119,34.919500000000006,34.880230000000005,34.843050000000005,34.80818,34.775510000000004,34.744820000000004,34.71622,34.689600000000006,34.66474,34.64175,34.62052,34.60105,34.58312,34.56673,34.55177,34.53824,34.526030000000006,34.51514,34.50546000000001,34.496880000000004,34.489290000000004,34.482800000000005,34.47719,34.472570000000005,34.468610000000005,34.46542,34.463,34.461130000000004,34.459810000000004,34.45904,34.45871,34.45882,34.45926,34.459920000000004,34.4608,34.4619,34.46322000000001,34.46443,34.46586,34.467180000000006,34.46839000000001,34.4696,34.47059,34.471470000000004,34.47202,34.472350000000006,34.472350000000006,34.47191,34.47114,34.470040000000004,34.46839000000001,34.466190000000005,34.463440000000006,34.46014,34.45629,34.45178000000001,34.44661000000001,34.440670000000004,34.43396,34.426590000000004,34.41834,34.40932,34.399420000000006,34.38853,34.376870000000004,34.364110000000004,34.35047,34.335840000000005,34.32011,34.30328,34.28546000000001,34.26643,34.246300000000005,34.22496,34.20241,34.178650000000005,34.15368,34.12739,34.09967,34.07074000000001,34.04038,34.00859,33.975370000000005,33.940720000000006,33.90453,33.866910000000004,33.82764,33.78683,33.74437,33.70037000000001,33.65461,33.60709,33.55792,33.50688,33.454080000000005,33.39941,33.34287,33.28446,33.224070000000005,33.161590000000004,33.09724,33.03069,32.96205,32.89132,32.81839,32.74326000000001,32.665820000000004,32.58607,32.5039,32.41942,32.33241,32.24298,32.15091,32.05631,31.95907,31.859080000000006,31.75645,31.65096,31.542610000000003,31.431400000000004,31.317220000000002,31.199960000000004,31.079730000000005,30.95642,30.829810000000002,30.700120000000002,30.567020000000003,30.430730000000004,30.29092,30.147810000000003,30.001070000000006,29.850920000000002,29.69714,29.53962,29.37858,29.213690000000003,29.04506,28.872690000000002,28.696360000000002,28.51629,28.33226,28.14438,27.952540000000003,27.75674,27.557090000000002,27.353590000000004,27.146130000000003,26.934820000000002,26.719770000000004,26.500980000000002,26.278560000000002,26.05262,25.82316,25.590510000000002,25.354670000000002,25.11597,24.87452,24.630650000000003,24.38447,24.13653,23.88716,23.636580000000002,23.385340000000003,23.13399,22.882970000000004,22.63294,22.38467,22.138600000000004,21.89572,21.6568,21.42283,21.194580000000002,20.973150000000004,20.75953,20.554930000000002,20.36045,20.177300000000002,20.00647,19.84939,19.707050000000002,19.58066,19.471210000000003,19.3798,19.30731,19.254510000000003,19.22206,19.210620000000002,19.22041,19.25165,19.304560000000002,19.37892,19.474510000000002,19.590780000000002,19.727290000000004,19.883380000000002,20.05828,20.25111,20.460990000000002,20.68682,20.927720000000004,21.182700000000004,21.45066,21.73061,22.02156,22.32263,22.632830000000002,22.95139,23.277320000000003,23.61007
38.6276,38.47899,38.33324,38.19024,38.05010000000001,37.91282,37.77851,37.64706,37.51858,37.39296,37.27042,37.15085,37.03425,36.92062,36.81007,36.702490000000004,36.59799,36.49635,36.3979,36.30231,36.2098,36.12015,36.03358000000001,35.949870000000004,35.869130000000006,35.79114,35.716120000000004,35.64396,35.57455,35.50789,35.44398,35.38282000000001,35.32419000000001,35.2682,35.21474,35.16381,35.1153,35.069210000000005,35.02543,34.98396,34.94469,34.90762,34.872640000000004,34.83964,34.808620000000005,34.77958,34.752410000000005,34.726890000000004,34.70324,34.68113,34.66067,34.64175,34.62426000000001,34.608200000000004,34.59335,34.579820000000005,34.5675,34.55639,34.54627,34.53714,34.528890000000004,34.52163,34.51514,34.50942,34.504470000000005,34.50007,34.49622,34.493030000000005,34.490170000000006,34.487860000000005,34.48577,34.484120000000004,34.482690000000005,34.481480000000005,34.480380000000004,34.47939,34.47851000000001,34.477630000000005,34.47675,34.47587,34.47477,34.473560000000006,34.47213,34.47048,34.468610000000005,34.466300000000004,34.463770000000004,34.4608,34.457390000000004,34.453540000000004,34.44914,34.44419,34.4388,34.43275,34.42604,34.418670000000006,34.41064,34.40195,34.39238,34.38204,34.37093,34.35905,34.346180000000004,34.33243,34.317690000000006,34.30207000000001,34.28546000000001,34.26786,34.24916,34.22936,34.20846,34.186460000000004,34.163250000000005,34.138940000000005,34.113420000000005,34.086580000000005,34.058530000000005,34.029160000000005,33.99836,33.96635,33.93291,33.89804,33.861740000000005,33.8239,33.78463,33.74382000000001,33.70136,33.65747,33.61182,33.56452,33.515570000000004,33.46497,33.4125,33.358270000000005,33.302170000000004,33.244310000000006,33.184470000000005,33.12276,33.05907,32.99329,32.92553,32.85568,32.78374,32.7096,32.63337,32.55472,32.473870000000005,32.390710000000006,32.305130000000005,32.217130000000004,32.12671,32.03376,31.938170000000003,31.84005,31.73929,31.63578,31.52952,31.420510000000004,31.30864,31.193800000000003,31.076100000000004,30.955320000000004,30.831570000000003,30.70463,30.574500000000004,30.441290000000002,30.304780000000004,30.16486,30.021750000000004,29.87512,29.72519,29.57163,29.41466,29.254060000000003,29.089830000000003,28.92208,28.750590000000003,28.57547,28.396610000000003,28.21412,28.027890000000003,27.837920000000004,27.64432,27.44709,27.246230000000004,27.041740000000004,26.833730000000003,26.622310000000002,26.40748,26.18946,25.968250000000005,25.744070000000004,25.51714,25.287460000000003,25.05547,24.821390000000005,24.585440000000002,24.34795,24.109360000000002,23.86989,23.630200000000002,23.390620000000002,23.1517,22.9141,22.678370000000005,22.445280000000004,22.215490000000003,21.989770000000004,21.76911,21.554280000000002,21.34616,21.145960000000002,20.95445,20.77295,20.60223,20.443500000000004,20.297860000000004,20.166410000000003,20.05003,19.94971,19.866440000000004,19.800990000000002,19.754020000000004,19.726300000000002,19.71805,19.72982,19.76183,19.81397,19.88624,19.97842,20.09018,20.22108,20.37046,20.537660000000002,20.72191,20.92244,21.13848,21.368930000000002,21.613020000000002,21.86976,22.13827,22.41767,22.707080000000005,23.005620000000004,23.312520000000003,23.626900000000003,23.948210000000003
38.75762,38.60956000000001,38.46425000000001,38.321690000000004,38.18188,38.04493000000001,37.91073000000001,37.7795,37.65102,37.525510000000004,37.402860000000004,37.28318,37.16636,37.052510000000005,36.94163,36.83361000000001,36.72856,36.62648,36.527260000000005,36.43101000000001,36.33773000000001,36.2472,36.15964,36.074940000000005,35.992990000000006,35.913900000000005,35.83767,35.764190000000006,35.69335000000001,35.625260000000004,35.559810000000006,35.49689,35.43661,35.37897,35.323640000000005,35.27084,35.22046,35.17228,35.12652,35.08296,35.04149,35.00222,34.96504,34.929840000000006,34.89651,34.865050000000004,34.835460000000005,34.80763,34.78156,34.75703,34.73404,34.71259,34.69257,34.67398,34.656710000000004,34.64065,34.625800000000005,34.61205,34.5994,34.587740000000004,34.577070000000006,34.567280000000004,34.558260000000004,34.55001,34.542530000000006,34.53571,34.52944,34.523720000000004,34.518550000000005,34.51382,34.50942,34.50535000000001,34.50161000000001,34.498200000000004,34.4949,34.491710000000005,34.48863,34.48566,34.482690000000005,34.47972,34.476530000000004,34.47334000000001,34.470040000000004,34.46652,34.46267,34.458600000000004,34.45431,34.44958,34.44441,34.43891,34.432970000000005,34.426480000000005,34.41955,34.41196,34.40393,34.39513,34.385780000000004,34.37577,34.364990000000006,34.35344,34.34123,34.328140000000005,34.314170000000004,34.29943,34.28381,34.2672,34.24971,34.231230000000004,34.211760000000005,34.19119,34.169630000000005,34.14697,34.12321,34.09835,34.07217,34.045,34.016400000000004,33.9867,33.95568,33.92334,33.889680000000006,33.85459,33.818180000000005,33.78034,33.74096,33.70026000000001,33.65791,33.614020000000004,33.56859,33.521620000000006,33.47289,33.42262,33.37059,33.3168,33.261250000000004,33.20383,33.14465,33.083600000000004,33.02068,32.955780000000004,32.88890000000001,32.820040000000006,32.74909,32.675940000000004,32.60081,32.523480000000006,32.44384,32.362,32.27785,32.191390000000006,32.10262,32.01132,31.91749,31.821240000000003,31.722350000000002,31.620930000000005,31.51676,31.409950000000002,31.30039,31.18808,31.072800000000004,30.95477,30.833660000000002,30.709580000000003,30.582530000000002,30.452400000000004,30.319080000000003,30.18268,30.042980000000004,29.900090000000002,29.7539,29.604300000000002,29.451400000000003,29.295090000000005,29.13537,28.972240000000003,28.805590000000002,28.635530000000003,28.461840000000002,28.284740000000003,28.10412,27.920090000000005,27.732540000000004,27.541470000000004,27.347100000000005,27.149430000000002,26.94846,26.744300000000003,26.537060000000004,26.32685,26.113780000000002,25.897960000000005,25.67972,25.459170000000004,25.236530000000002,25.01202,24.78597,24.55871,24.33068,24.102100000000004,23.87352,23.64538,23.41823,23.192510000000002,22.96899,22.74822,22.530970000000003,22.318010000000005,22.110000000000003,21.90793,21.712570000000003,21.524910000000002,21.345940000000002,21.176430000000003,21.017590000000002,20.87019,20.73533,20.61389,20.506860000000003,20.41512,20.339440000000003,20.280590000000004,20.239120000000003,20.215690000000002,20.210630000000002,20.22438,20.256940000000004,20.30864,20.37915,20.468360000000004,20.57616,20.701890000000002,20.84522,21.005380000000002,21.18193,21.373990000000003,21.5809,21.80167,22.03575,22.28215,22.539990000000003,22.808500000000002,23.08691,23.374450000000003,23.670350000000003,23.973840000000003,24.28426
38.883570000000006,38.73606,38.591080000000005,38.44885,38.30937000000001,38.17264,38.03866,37.907430000000005,37.77906,37.65355,37.530789999999996,37.41089,37.293850000000006,37.17978,37.06846,36.96000000000001,36.8544,36.75166000000001,36.65189,36.55487,36.46060000000001,36.3693,36.280750000000005,36.19495,36.11201,36.031710000000004,35.95416,35.879250000000006,35.80709000000001,35.73746,35.67047,35.606120000000004,35.54419,35.484680000000004,35.42759,35.37292000000001,35.32067,35.27062,35.222770000000004,35.17712,35.13367,35.092200000000005,35.052820000000004,35.01531000000001,34.979780000000005,34.94612000000001,34.91422000000001,34.883970000000005,34.85548000000001,34.82853,34.80323,34.779360000000004,34.75692,34.735800000000005,34.71611,34.697520000000004,34.68025,34.66397,34.648900000000005,34.634710000000005,34.62162,34.609300000000005,34.597860000000004,34.58719000000001,34.577290000000005,34.56805,34.559470000000005,34.55133,34.543850000000006,34.53681,34.5301,34.523830000000004,34.51789,34.512170000000005,34.50667000000001,34.50139,34.49622,34.49116,34.4861,34.48115,34.47609,34.47092,34.46564,34.46025,34.45464,34.44881,34.44276,34.43638000000001,34.42956,34.42252,34.414930000000005,34.40701,34.398540000000004,34.389630000000004,34.38006,34.37005,34.35938,34.34805,34.33606,34.32341,34.30999,34.29580000000001,34.280950000000004,34.26511,34.248610000000006,34.231120000000004,34.21275,34.1935,34.173260000000006,34.15203,34.129810000000006,34.10649,34.08218,34.05666,34.03015,34.002430000000004,33.97361,33.943470000000005,33.91212,33.879560000000005,33.84568,33.81048,33.77396,33.73612,33.696740000000005,33.656040000000004,33.613800000000005,33.570130000000006,33.52492,33.47817,33.429770000000005,33.379830000000005,33.32813,33.274890000000006,33.21989,33.16313,33.10461,33.04422,32.98207,32.91805,32.852050000000006,32.78407,32.714110000000005,32.64217000000001,32.56814,32.492020000000004,32.41381,32.33329,32.25068,32.16576,32.07853,31.98888,31.89692,31.802540000000004,31.705630000000003,31.606190000000005,31.504220000000004,31.399720000000006,31.292470000000005,31.18258,31.069830000000003,30.95444,30.836190000000006,30.71497,30.591,30.463950000000004,30.333930000000002,30.200940000000003,30.064760000000003,29.9255,29.783160000000002,29.63763,29.4888,29.33689,29.181570000000004,29.02306,28.861250000000002,28.69614,28.527730000000002,28.35602,28.18101,28.002700000000004,27.821200000000005,27.63651,27.44863,27.25756,27.063630000000003,26.86673,26.666970000000003,26.46446,26.259420000000002,26.05196,25.8423,25.630550000000003,25.417040000000004,25.201990000000002,24.985730000000004,24.76848,24.55068,24.33266,24.11486,23.897830000000003,23.682010000000002,23.46784,23.25598,23.047200000000004,22.84194,22.641080000000002,22.445280000000004,22.25531,22.07205,21.89627,21.72896,21.570890000000002,21.423050000000003,21.28632,21.16158,21.04971,20.951480000000004,20.867660000000004,20.79913,20.74633,20.710140000000003,20.69078,20.68869,20.70431,20.737750000000002,20.7889,20.85798,20.944770000000002,21.048830000000002,21.17005,21.30788,21.46177,21.63117,21.815530000000003,22.01397,22.22594,22.450670000000002,22.68739,22.935330000000004,23.193720000000003,23.461900000000004,23.73899,24.02455,24.317590000000003,24.61767
39.00567,38.85849,38.713840000000005,38.57194,38.432680000000005,38.296060000000004,38.16219,38.03107000000001,37.9027,37.776970000000006,37.65410000000001,37.53409,37.416720000000005,37.30221,37.190560000000005,37.08155000000001,36.9754,36.87211,36.771570000000004,36.67378,36.57874,36.486450000000005,36.39691,36.310120000000005,36.22597,36.14446000000001,36.0657,35.989470000000004,35.91588,35.84482,35.77629,35.71029000000001,35.646710000000006,35.58555,35.526810000000005,35.47027,35.41604,35.36412000000001,35.31429000000001,35.26666,35.22112,35.17756000000001,35.13598,35.09638,35.05865000000001,35.02268,34.98847000000001,34.95602,34.92522,34.89596,34.86824,34.841950000000004,34.81709000000001,34.79366,34.77144,34.75054,34.730850000000004,34.71215,34.694660000000006,34.678050000000006,34.66254,34.64791,34.63405,34.62107,34.60875,34.59720000000001,34.586200000000005,34.575860000000006,34.56607,34.55672,34.547810000000005,34.53934,34.531200000000005,34.52328,34.515690000000006,34.508320000000005,34.50117,34.494020000000006,34.48709,34.480050000000006,34.47312,34.46608,34.45904,34.45178000000001,34.44441,34.436930000000004,34.429120000000005,34.42109,34.41273,34.40404,34.39502,34.385670000000005,34.37577,34.36543,34.35454,34.34321,34.33133,34.31879,34.30559,34.29184,34.27732,34.26214,34.24619,34.22958,34.21209,34.193720000000006,34.17458,34.154560000000004,34.13355,34.11166,34.08878,34.064910000000005,34.04005,34.01409,33.987140000000004,33.958980000000004,33.92983,33.89936,33.86779000000001,33.835010000000004,33.80102,33.765710000000006,33.72908,33.69113,33.651860000000006,33.61116,33.569140000000004,33.52558,33.48059000000001,33.43417,33.3861,33.336490000000005,33.285340000000005,33.23254000000001,33.178090000000005,33.121990000000004,33.06413,33.00451,32.943130000000004,32.87988,32.814870000000006,32.74788,32.67902,32.608180000000004,32.535360000000004,32.46056,32.38356,32.30458,32.223290000000006,32.14002,32.05433,31.966550000000005,31.876350000000002,31.783840000000005,31.688910000000003,31.59156,31.491790000000005,31.389490000000006,31.284660000000002,31.177190000000003,31.06708,30.954330000000002,30.83883,30.720690000000005,30.59958,30.475830000000002,30.349110000000003,30.219420000000003,30.086870000000005,29.95135,29.81275,29.671290000000003,29.526640000000004,29.378910000000005,29.228100000000005,29.074210000000004,28.917240000000003,28.757190000000005,28.59395,28.42763,28.25812,28.08564,27.910190000000004,27.73166,27.55027,27.365910000000003,27.1788,26.989050000000002,26.796660000000003,26.601850000000002,26.404730000000004,26.205520000000003,26.004220000000004,25.801270000000002,25.596670000000003,25.39086,25.184060000000002,24.9766,24.768810000000002,24.561130000000002,24.353890000000003,24.147530000000003,23.9426,23.73954,23.539120000000004,23.34167,23.147960000000005,22.958540000000003,22.774290000000004,22.59587,22.42405,22.259710000000002,22.103400000000004,21.956220000000002,21.818830000000002,21.692,21.57672,21.473760000000002,21.383780000000005,21.307440000000003,21.245510000000003,21.19865,21.16719,21.151790000000002,21.152670000000004,21.170160000000003,21.204370000000004,21.255300000000002,21.32317,21.407650000000004,21.50863,21.625670000000003,21.758550000000003,21.90672,22.069630000000004,22.246840000000002,22.437690000000003,22.641410000000004,22.85756,23.08526,23.323960000000003,23.57289,23.831390000000003,24.098800000000004,24.374460000000003,24.65782,24.94811
39.123810000000006,38.97696,38.832640000000005,38.690960000000004,38.55181,38.4153,38.28154000000001,38.150310000000005,38.02183,37.896100000000004,37.773010000000006,37.65267000000001,37.53508,37.42013000000001,37.307930000000006,37.19848,37.09178,36.98772,36.886520000000004,36.787850000000006,36.692040000000006,36.598760000000006,36.508230000000005,36.42034,36.33509,36.252480000000006,36.1724,36.09485,36.019830000000006,35.947340000000004,35.87727,35.80973,35.7445,35.68169,35.621080000000006,35.562780000000004,35.50679,35.452890000000004,35.40119,35.35158,35.30395,35.258410000000005,35.21474,35.172940000000004,35.133010000000006,35.094840000000005,35.05843,35.02378,34.99067,34.9591,34.92907,34.90047,34.8733,34.84756,34.82303,34.799710000000005,34.7776,34.75659,34.73668000000001,34.71787,34.699940000000005,34.68289000000001,34.666720000000005,34.651430000000005,34.63691,34.623050000000006,34.60974,34.59720000000001,34.585100000000004,34.573660000000004,34.56255,34.551880000000004,34.541650000000004,34.53175,34.52207000000001,34.51261,34.50348,34.494350000000004,34.485440000000004,34.47664,34.46773,34.45893,34.45013,34.44111,34.43209,34.422850000000004,34.413500000000006,34.40382,34.39392,34.3838,34.37324,34.36235,34.351130000000005,34.339470000000006,34.32737,34.31472,34.301520000000004,34.28788,34.27358,34.25873000000001,34.24322,34.227050000000006,34.21022000000001,34.192620000000005,34.17425,34.15511,34.135200000000005,34.11441000000001,34.092740000000006,34.070190000000004,34.04676,34.02234000000001,33.996930000000006,33.970530000000004,33.94314,33.91465,33.88506,33.85437,33.82258,33.78958,33.755480000000006,33.720060000000004,33.68343,33.645480000000006,33.606210000000004,33.56573,33.52371,33.48048000000001,33.43571,33.38951,33.34188,33.29271000000001,33.242000000000004,33.189750000000004,33.135850000000005,33.08041,33.023210000000006,32.964360000000006,32.90386,32.84149,32.77736,32.711470000000006,32.6436,32.57397,32.50236,32.42877,32.35309,32.27554,32.19579,32.11406,32.03013000000001,31.944000000000003,31.855670000000003,31.765030000000003,31.67219,31.57693,31.479360000000003,31.379260000000002,31.27685,31.171910000000004,31.064440000000005,30.954330000000002,30.841690000000003,30.72641,30.608380000000004,30.487710000000003,30.36429,30.238120000000002,30.109090000000002,29.97731,29.842670000000002,29.705060000000003,29.564590000000003,29.421260000000004,29.27485,29.125690000000006,28.973450000000003,28.818350000000002,28.660280000000004,28.499350000000003,28.33545,28.16869,27.999180000000003,27.826810000000002,27.651800000000005,27.474150000000005,27.293860000000002,27.111150000000002,26.926130000000004,26.73891,26.549490000000002,26.358310000000003,26.165260000000004,25.97078,25.775090000000002,25.578300000000002,25.380740000000003,25.182850000000002,24.98485,24.78707,24.589950000000005,24.394040000000004,24.19967,24.00739,23.81775,23.631190000000004,23.448480000000004,23.270280000000003,23.09703,22.92961,22.76868,22.614900000000002,22.469150000000003,22.3322,22.204600000000003,22.08723,21.980970000000003,21.88626,21.803980000000003,21.734790000000004,21.679130000000004,21.63766,21.610930000000003,21.59916,21.602790000000002,21.62215,21.65724,21.708170000000003,21.77494,21.85755,21.955670000000005,22.06908,22.197450000000003,22.34034,22.49742,22.66814,22.851840000000003,23.048080000000002,23.256310000000003,23.47565,23.70577,23.94579,24.19527,24.45355,24.71997,24.993980000000004,25.27492
39.2381,39.09158,38.94737000000001,38.805800000000005,38.66687,38.53047000000001,38.3966,38.265370000000004,38.13678000000001,38.010830000000006,37.88752,37.766850000000005,37.64882,37.53354,37.420790000000004,37.310790000000004,37.203430000000004,37.09882,36.99674,36.8973,36.8005,36.706340000000004,36.61482,36.525830000000006,36.43948,36.35555,36.27426,36.19539,36.11905000000001,36.04502,35.97352000000001,35.90433000000001,35.83756,35.77299,35.710730000000005,35.650670000000005,35.59281000000001,35.53704,35.483470000000004,35.43188,35.382270000000005,35.33464,35.288880000000006,35.2451,35.20297,35.162710000000004,35.124100000000006,35.087250000000004,35.05183,35.01806,34.98583,34.95492,34.92555,34.89739,34.87055,34.84503,34.82061,34.797290000000004,34.775180000000006,34.75395,34.73371,34.71446,34.69609,34.678490000000004,34.661660000000005,34.6456,34.6302,34.61535,34.60116,34.587520000000005,34.57432,34.56156,34.549240000000005,34.53736000000001,34.5257,34.51426,34.50315,34.49215,34.48137,34.47059,34.46003,34.44936,34.4388,34.42813,34.41746,34.40657,34.39568,34.384460000000004,34.373020000000004,34.361470000000004,34.34948000000001,34.337270000000004,34.32473,34.31175,34.29833,34.284470000000006,34.27017,34.255320000000005,34.240030000000004,34.22408,34.20758,34.19042,34.17271,34.15423,34.134980000000006,34.11507,34.094390000000004,34.07294,34.050610000000006,34.02751000000001,34.00342,33.97856,33.95271,33.92587,33.89804,33.86922,33.83941,33.8085,33.77649,33.74327,33.70906,33.67353000000001,33.636900000000004,33.59906,33.559900000000006,33.519420000000004,33.47773,33.43461,33.390170000000005,33.344300000000004,33.297000000000004,33.248270000000005,33.19811,33.14641,33.09317000000001,33.03828,32.98185,32.923770000000005,32.86404,32.80266,32.73941000000001,32.674510000000005,32.60785,32.539320000000004,32.468920000000004,32.39665,32.3224,32.246280000000006,32.16807,32.087880000000006,32.0056,31.921230000000005,31.834770000000002,31.74611,31.655250000000002,31.56208,31.466710000000003,31.369030000000002,31.268930000000005,31.166520000000006,31.061580000000003,30.954220000000003,30.844440000000006,30.732130000000005,30.61718,30.499700000000004,30.37958,30.25682,30.131420000000002,30.003270000000004,29.872480000000003,29.738940000000003,29.60254,29.463500000000003,29.32171,29.17706,29.02966,28.879510000000003,28.726610000000004,28.570960000000003,28.412560000000003,28.251630000000002,28.087950000000003,27.921740000000003,27.753000000000004,27.581950000000003,27.40837,27.232700000000005,27.054830000000003,26.87498,26.69337,26.510000000000005,26.32509,26.13908,25.951860000000003,25.763870000000004,25.57544,25.38679,25.19825,25.010150000000003,24.82293,24.637030000000003,24.452780000000004,24.27084,24.09165,23.91565,23.743500000000004,23.575750000000003,23.41306,23.25609,23.1055,22.96195,22.826100000000004,22.69872,22.580470000000002,22.472120000000004,22.37411,22.28732,22.212410000000002,22.149710000000002,22.100100000000005,22.0638,22.041360000000005,22.033220000000004,22.039600000000004,22.06072,22.096690000000002,22.147730000000003,22.21373,22.294580000000003,22.390170000000005,22.50028,22.624690000000005,22.762960000000003,22.91465,23.079320000000003,23.25664,23.44584,23.646590000000003,23.858340000000002,24.080320000000004,24.3122,24.553210000000004,24.8028,25.06053,25.32574,25.597990000000003
39.348650000000006,39.20224,39.05825,38.916790000000006,38.777860000000004,38.64146,38.50759000000001,38.376250000000006,38.247440000000005,38.12127000000001,37.99763000000001,37.876630000000006,37.75827,37.64244,37.529250000000005,37.41859,37.310570000000006,37.20519,37.10234,37.00213,36.904450000000004,36.80930000000001,36.716680000000004,36.6267,36.53914,36.454,36.371390000000005,36.2912,36.21343,36.13808,36.06504,35.99431,35.92589,35.85967,35.79565,35.733830000000005,35.67421,35.61668,35.56113,35.507670000000005,35.45608,35.406470000000006,35.35873,35.31286000000001,35.26864,35.22629,35.18559,35.14643,35.108920000000005,35.07295,35.038520000000005,35.005410000000005,34.97373,34.94337,34.91433000000001,34.886500000000005,34.859880000000004,34.834360000000004,34.80983,34.78651,34.764070000000004,34.74251,34.721940000000004,34.70214,34.683110000000006,34.66485,34.64736,34.63042,34.614140000000006,34.59841,34.58312,34.568380000000005,34.554080000000006,34.54011,34.52647,34.51316,34.50018000000001,34.48731,34.47466,34.462230000000005,34.4498,34.43748,34.425160000000005,34.41295,34.40063,34.388200000000005,34.37566,34.36301,34.35014,34.337160000000004,34.32385,34.31021,34.296350000000004,34.282160000000005,34.26753,34.252570000000006,34.23706000000001,34.22122,34.20483,34.18789,34.1704,34.15236,34.13366,34.11441000000001,34.094390000000004,34.07382,34.05237,34.03026,34.007270000000005,33.98362,33.95909,33.93357,33.90728,33.88011,33.85195,33.8228,33.792660000000005,33.76153,33.7293,33.69608,33.66176,33.62623,33.589600000000004,33.55176,33.512710000000006,33.47245,33.430870000000006,33.38808,33.34386,33.29843,33.25157,33.20328,33.153560000000006,33.10241,33.04983000000001,32.9956,32.93994,32.882630000000006,32.823780000000006,32.76328,32.701130000000006,32.637220000000006,32.57166,32.50423,32.43515,32.364200000000004,32.291380000000004,32.21658,32.14002,32.061370000000004,31.98085,31.89824,31.813650000000006,31.726860000000002,31.638090000000002,31.547120000000003,31.453950000000003,31.358470000000004,31.260790000000004,31.16091,31.05861,30.954000000000004,30.847080000000002,30.737630000000003,30.625760000000003,30.511470000000003,30.39476,30.27541,30.15353,30.029120000000002,29.902180000000005,29.7726,29.64038,29.505630000000004,29.36824,29.228210000000004,29.085540000000005,28.940340000000003,28.792610000000003,28.64224,28.489340000000002,28.334020000000002,28.176280000000002,28.016120000000004,27.853650000000002,27.688980000000004,27.52222,27.353370000000005,27.182540000000003,27.010060000000003,26.83593,26.66026,26.483380000000004,26.30551,26.12676,25.94735,25.76772,25.58809,25.408680000000004,25.22993,25.05228,24.876060000000003,24.701710000000002,24.529670000000003,24.360490000000002,24.194610000000004,24.032580000000003,23.874950000000002,23.72238,23.57531,23.43451,23.300640000000005,23.17425,23.056000000000004,22.94655,22.846450000000004,22.75647,22.677160000000004,22.609070000000003,22.552750000000003,22.50864,22.477290000000004,22.459030000000002,22.454300000000003,22.46332,22.486200000000004,22.52316,22.57431,22.63965,22.71918,22.812570000000004,22.91971,23.040490000000005,23.17447,23.32121,23.480490000000003,23.651760000000003,23.834690000000002,24.028620000000004,24.233110000000003,24.447720000000004,24.67179,24.904880000000002,25.146440000000002,25.39592,25.65288,25.916880000000003
39.45535,39.30916,39.16528,39.02382,38.88489,38.748380000000004,38.6144,38.48295,38.35392,38.22742,38.10356,37.98212000000001,37.86321000000001,37.74694,37.63320000000001,37.52199,37.4132,37.307050000000004,37.203430000000004,37.10234,37.003780000000006,36.90764,36.81403,36.722840000000005,36.63407,36.54783,36.4639,36.38239,36.30319,36.22641000000001,36.151830000000004,36.07956,36.0096,35.94173000000001,35.87606000000001,35.81248000000001,35.7511,35.691700000000004,35.63428,35.57895,35.525490000000005,35.47390000000001,35.42418000000001,35.37622,35.330020000000005,35.28558000000001,35.24268000000001,35.20154,35.16183,35.12377000000001,35.087140000000005,35.05183,35.01795,34.9855,34.95426,34.92423,34.8953,34.867580000000004,34.84096,34.81533,34.790800000000004,34.76715,34.74438,34.72238,34.701260000000005,34.680910000000004,34.66122000000001,34.6423,34.62393,34.60611,34.588950000000004,34.572120000000005,34.55584,34.54,34.52449,34.50931,34.494460000000004,34.47983000000001,34.46542,34.45123,34.43715,34.42318,34.40921,34.39535,34.38149000000001,34.367520000000006,34.35355,34.339360000000006,34.32517,34.31076,34.296130000000005,34.28128,34.2661,34.2507,34.234970000000004,34.2188,34.2023,34.18536,34.16798000000001,34.15005,34.13168,34.11276,34.093180000000004,34.07316,34.05237,34.03103,34.00903,33.98626,33.962720000000004,33.938410000000005,33.91333,33.887480000000004,33.86075,33.83325,33.80476,33.77528,33.74492,33.713570000000004,33.68123,33.6479,33.61347000000001,33.577940000000005,33.54131,33.50358,33.46464,33.424600000000005,33.38324000000001,33.34067,33.296890000000005,33.25179,33.20537,33.157520000000005,33.10835,33.057860000000005,33.00583,32.95237,32.89737,32.84094,32.782970000000006,32.72335,32.66219,32.599380000000004,32.53492000000001,32.468700000000005,32.400830000000006,32.3312,32.25981,32.186550000000004,32.11153,32.034530000000004,31.95566,31.874920000000003,31.792090000000005,31.707390000000004,31.6206,31.53172,31.44075,31.347690000000004,31.252430000000004,31.154970000000002,31.05542,30.953560000000003,30.84939,30.742910000000002,30.634120000000003,30.523020000000002,30.40961,30.293670000000002,30.175420000000003,30.05464,29.93155,29.80593,29.67789,29.547430000000002,29.414440000000003,29.279030000000002,29.141090000000002,29.000840000000004,28.858060000000002,28.712970000000002,28.56557,28.415860000000002,28.263840000000005,28.109730000000003,27.95342,27.795130000000004,27.63486,27.472830000000002,27.309040000000003,27.143710000000006,26.976950000000002,26.808870000000002,26.6398,26.469850000000005,26.29935,26.128300000000003,25.957250000000002,25.78631,25.61592,25.4463,25.277890000000003,25.11102,24.946130000000004,24.78366,24.624050000000004,24.467850000000002,24.315500000000004,24.167550000000002,24.02455,23.887050000000002,23.7556,23.630860000000002,23.513380000000005,23.40382,23.302730000000004,23.21066,23.12816,23.05589,22.994290000000003,22.943910000000002,22.90519,22.878460000000004,22.864160000000002,22.862730000000003,22.87417,22.89892,22.936980000000002,22.98835,23.053250000000002,23.131460000000004,23.22298,23.327590000000004,23.44507,23.57509,23.71743,23.871760000000002,24.03753,24.214520000000004,24.402180000000005,24.600070000000002,24.80764,25.024560000000005,25.25017,25.484250000000003,25.72603,25.97518,26.23126
39.558420000000005,39.41223000000001,39.268350000000005,39.127,38.98796000000001,38.85134000000001,38.71725,38.58547,38.45622,38.3295,38.205200000000005,38.08332000000001,37.96397,37.847150000000006,37.73275,37.62088000000001,37.511430000000004,37.40451,37.30001000000001,37.198040000000006,37.098490000000005,37.001360000000005,36.90665,36.81436,36.72449,36.63693000000001,36.551790000000004,36.46896,36.38844,36.310120000000005,36.23411,36.1603,36.08869,36.01928,35.95185000000001,35.88662000000001,35.82348,35.76232,35.70303,35.64583,35.590390000000006,35.536930000000005,35.48523000000001,35.43529000000001,35.38711,35.34058,35.295700000000004,35.25247,35.21067000000001,35.170410000000004,35.13169,35.09429,35.05832,35.02367,34.990230000000004,34.958110000000005,34.92709,34.89728,34.86846,34.840740000000004,34.81401,34.78816,34.7633,34.73932,34.71611,34.693670000000004,34.672000000000004,34.65099000000001,34.63064,34.61095,34.5917,34.573,34.55485,34.53714,34.51976,34.50282,34.4861,34.46971,34.45365,34.4377,34.42197,34.40635,34.390840000000004,34.375440000000005,34.360040000000005,34.344640000000005,34.329130000000006,34.31362,34.29811,34.282270000000004,34.26643,34.250260000000004,34.23398,34.21737,34.200430000000004,34.18327000000001,34.16567,34.14774,34.12937,34.11056,34.09131,34.07151,34.05127,34.03037,34.00892,33.986920000000005,33.964150000000004,33.940830000000005,33.916740000000004,33.89199,33.86647000000001,33.840180000000004,33.813010000000006,33.785180000000004,33.75636,33.72666,33.69608,33.66462,33.63217,33.59873,33.56419,33.52877,33.49214,33.45452,33.415800000000004,33.37587,33.33484000000001,33.29249,33.24904000000001,33.20438,33.1584,33.1111,33.06248,33.01243,32.96117,32.90837,32.85425,32.798590000000004,32.7415,32.68287,32.6227,32.560990000000004,32.49763,32.43262000000001,32.36607,32.297760000000004,32.2278,32.15597,32.08249,32.00714,31.930030000000002,31.851050000000004,31.770200000000003,31.68737,31.602560000000004,31.515880000000003,31.427220000000002,31.336470000000002,31.243630000000003,31.1487,31.05168,30.95257,30.851260000000003,30.747750000000003,30.64204,30.53413,30.424020000000002,30.311490000000003,30.19676,30.079830000000005,29.96048,29.838820000000002,29.714850000000002,29.588570000000004,29.46009,29.329190000000004,29.195980000000002,29.060570000000002,28.922850000000004,28.783040000000003,28.64092,28.49682,28.350520000000003,28.202240000000003,28.05209,27.900070000000003,27.746290000000002,27.590860000000003,27.434000000000005,27.2756,27.116100000000003,26.9555,26.794020000000003,26.631990000000002,26.46941,26.30661,26.143810000000002,25.98145,25.819640000000003,25.658820000000002,25.49932,25.341470000000005,25.185710000000004,25.03248,24.882220000000004,24.73526,24.592150000000004,24.45344,24.319570000000002,24.191200000000002,24.068660000000005,23.95261,23.843710000000005,23.74229,23.64912,23.56453,23.48929,23.423620000000003,23.368180000000002,23.323410000000003,23.28975,23.26753,23.257080000000002,23.258730000000003,23.2727,23.299210000000002,23.338260000000002,23.39007,23.45464,23.531860000000005,23.621730000000003,23.723920000000003,23.838540000000002,23.965040000000002,24.10331,24.253130000000002,24.413840000000004,24.585440000000002,24.76716,24.958890000000004,25.160080000000004,25.37029,25.58897,25.815900000000003,26.050530000000002,26.292310000000004,26.540910000000004
39.65775000000001,39.51156,39.36779,39.226330000000004,39.087180000000004,38.950450000000004,38.816030000000005,38.68403,38.55456,38.4274,38.30266,38.18034000000001,38.06044000000001,37.94307,37.82801,37.71548,37.60526,37.49757,37.39219,37.28934,37.1888,37.090680000000006,36.994870000000006,36.90148,36.8104,36.721630000000005,36.63517,36.55102,36.46907,36.389320000000005,36.31188000000001,36.23653000000001,36.163380000000004,36.09221000000001,36.02324,35.956360000000004,35.89135,35.828430000000004,35.76738,35.708310000000004,35.65111,35.59567,35.54199,35.49018000000001,35.439910000000005,35.391400000000004,35.34454,35.299220000000005,35.25544000000001,35.2132,35.17228,35.1329,35.09473,35.057990000000004,35.02246,34.98825,34.95514,34.92313,34.89233,34.86252,34.83370000000001,34.805870000000006,34.77892000000001,34.75285,34.72766,34.70324,34.679480000000005,34.656600000000005,34.63427,34.6126,34.591480000000004,34.570910000000005,34.55089,34.531310000000005,34.512170000000005,34.49347,34.475100000000005,34.456950000000006,34.43913,34.421640000000004,34.40426,34.387100000000004,34.37005,34.35311,34.33628,34.31945,34.302620000000005,34.285790000000006,34.26885,34.2518,34.23464,34.21737,34.19988000000001,34.18217,34.16413,34.14587,34.12728,34.108360000000005,34.089110000000005,34.06942,34.049290000000006,34.02872,34.00771,33.98604,33.963930000000005,33.94127,33.91795,33.89408,33.869440000000004,33.84425,33.818290000000005,33.791560000000004,33.76406,33.7359,33.70675,33.67694,33.64614,33.61446,33.581900000000005,33.548460000000006,33.51392,33.478500000000004,33.44198,33.40447,33.365970000000004,33.326260000000005,33.285450000000004,33.24354,33.20042,33.15609,33.11055,33.0638,33.01573,32.96645,32.91574000000001,32.863710000000005,32.81036,32.75558,32.69937,32.64173,32.582550000000005,32.52194,32.459680000000006,32.395990000000005,32.330650000000006,32.26366,32.195130000000006,32.12484,32.0529,31.979200000000002,31.903850000000002,31.82663,31.747650000000004,31.666800000000002,31.584080000000004,31.4996,31.413030000000003,31.324700000000004,31.234280000000002,31.141880000000004,31.047500000000003,30.951140000000002,30.852690000000003,30.75215,30.649520000000003,30.544690000000003,30.437880000000003,30.328760000000003,30.217660000000002,30.10425,29.988750000000003,29.871050000000004,29.751150000000003,29.629160000000002,29.504970000000004,29.37858,29.250100000000003,29.119530000000005,28.986760000000004,28.85212,28.715280000000003,28.576570000000004,28.43599,28.29365,28.149440000000002,28.00358,27.856180000000002,27.707350000000005,27.557090000000002,27.405730000000002,27.253270000000004,27.09993,26.945930000000004,26.79138,26.63661,26.481730000000002,26.327180000000002,26.172960000000003,26.01962,25.86727,25.71646,25.5673,25.420340000000003,25.276020000000003,25.13456,24.99651,24.86231,24.732510000000005,24.60733,24.48754,24.373580000000004,24.265890000000002,24.165020000000002,24.07152,23.98583,23.90839,23.83986,23.78057,23.73107,23.69169,23.662760000000002,23.644830000000002,23.63801,23.642740000000003,23.65913,23.68729,23.72755,23.7798,23.844150000000003,23.9206,24.008930000000003,24.109140000000004,24.221120000000003,24.344430000000003,24.47907,24.62471,24.7808,24.947340000000004,25.123780000000004,25.309790000000003,25.50493,25.70887,25.92117,26.14139,26.369200000000003,26.604050000000004,26.845720000000004
39.75345,39.60737,39.46338,39.321810000000006,39.182550000000006,39.04560000000001,38.91096000000001,38.77863000000001,38.64872,38.52123,38.39605000000001,38.27318,38.15284,38.0347,37.919090000000004,37.80579,37.6948,37.58623,37.48008,37.37624,37.27471,37.17549,37.07869000000001,36.98409,36.891799999999996,36.801820000000006,36.714150000000004,36.628569999999996,36.545300000000005,36.46412,36.38514,36.30825,36.233560000000004,36.16085,36.090230000000005,36.021589999999996,35.954930000000004,35.89025,35.82744,35.7665,35.70743,35.65012,35.594570000000004,35.540780000000005,35.488640000000004,35.43815000000001,35.38931,35.34201,35.29614000000001,35.251810000000006,35.20891,35.167440000000006,35.12729,35.08846,35.05095,35.01465,34.97945,34.945460000000004,34.91257,34.88067,34.84987,34.82006,34.79113,34.76308,34.735800000000005,34.70951,34.68388,34.65891,34.634710000000005,34.61117,34.58829,34.565850000000005,34.544070000000005,34.52273,34.501830000000005,34.48137,34.461240000000004,34.44155000000001,34.42208,34.40294,34.38413,34.36543,34.34684,34.32847,34.31021,34.29195,34.2738,34.25565,34.237390000000005,34.21913,34.20087,34.182390000000005,34.1638,34.14499,34.12596,34.10671,34.08713,34.067330000000005,34.047090000000004,34.026520000000005,34.00562,33.984280000000005,33.962500000000006,33.94028,33.9174,33.89419,33.87032,33.84579,33.820820000000005,33.79508,33.76868,33.741620000000005,33.7139,33.685300000000005,33.656040000000004,33.6259,33.59499,33.56331,33.53064,33.49709,33.46266,33.427240000000005,33.39083,33.35354,33.31515,33.27566,33.23518,33.1936,33.15081,33.10692,33.061930000000004,33.01562,32.96821,32.91948,32.86954,32.81828,32.7657,32.711800000000004,32.65647,32.59982,32.541630000000005,32.48212,32.42107,32.35859,32.29457,32.22901,32.1618,32.093050000000005,32.02265,31.95071,31.877010000000002,31.801660000000002,31.72455,31.645680000000002,31.565050000000003,31.482550000000003,31.398400000000002,31.31227,31.224270000000004,31.134510000000002,31.042660000000005,30.949050000000003,30.853350000000002,30.755780000000005,30.65623,30.554590000000005,30.45097,30.345370000000003,30.237680000000005,30.12801,30.016250000000003,29.902510000000003,29.786680000000004,29.668870000000002,29.548970000000004,29.42709,29.30323,29.177390000000003,29.049570000000003,28.919990000000002,28.78843,28.655220000000003,28.52014,28.383520000000004,28.245250000000002,28.10544,27.96431,27.82186,27.6782,27.53355,27.38813,27.241830000000004,27.095090000000003,26.948020000000003,26.80084,26.65377,26.506920000000004,26.360840000000003,26.21553,26.071540000000002,25.928980000000003,25.78829,25.649800000000003,25.513950000000005,25.38107,25.2516,25.125980000000002,25.004540000000002,24.88783,24.776290000000003,24.670470000000005,24.570700000000002,24.477530000000005,24.3914,24.31286,24.242240000000002,24.180200000000003,24.12696,24.08296,24.048750000000002,24.024440000000002,24.01058,24.00728,24.014980000000005,24.033680000000004,24.063600000000005,24.104960000000002,24.157870000000003,24.22211,24.297900000000002,24.38502,24.48347,24.59303,24.71348,24.844820000000002,24.986610000000002,25.138520000000003,25.300440000000002,25.471930000000004,25.65255,25.842190000000002,26.0403,26.24655,26.460610000000003,26.68204,26.9104,27.145470000000003
39.84563000000001,39.69944,39.55534000000001,39.41366,39.27407,39.136900000000004,39.00204000000001,38.86938,38.73903000000001,38.6111,38.48537,38.36206000000001,38.24095,38.12226,38.005880000000005,37.89181,37.78016,37.67071,37.56357,37.458850000000005,37.35633,37.25612,37.15811,37.06241000000001,36.96891,36.877720000000004,36.78862000000001,36.70172,36.617020000000004,36.53452,36.454,36.37568000000001,36.29934000000001,36.22509,36.152820000000006,36.08242,36.01411,35.94767,35.883100000000006,35.82040000000001,35.759460000000004,35.70028,35.642970000000005,35.5872,35.533190000000005,35.480720000000005,35.4299,35.38062000000001,35.33288,35.28657,35.241690000000006,35.198240000000006,35.156000000000006,35.11519,35.075590000000005,35.037310000000005,35.000130000000006,34.96416,34.92918,34.89541,34.86252,34.83073,34.799820000000004,34.76990000000001,34.740750000000006,34.71248,34.68498,34.65814,34.63207,34.606770000000004,34.58202,34.55782,34.53428,34.51118,34.48863,34.46652,34.44474,34.4234,34.402390000000004,34.381710000000005,34.361360000000005,34.341120000000004,34.32121,34.301410000000004,34.28172,34.26214,34.242670000000004,34.223310000000005,34.20384,34.18437,34.1649,34.145320000000005,34.12563,34.10583,34.08581,34.06557,34.04511,34.02432,34.00331,33.981970000000004,33.960300000000004,33.938190000000006,33.91575,33.89276,33.869440000000004,33.84546,33.82115,33.79618000000001,33.77066000000001,33.74448,33.71775,33.690360000000005,33.662310000000005,33.63349,33.60401,33.57376,33.54274,33.51084,33.47817,33.44462,33.41019000000001,33.374880000000005,33.33869,33.30151,33.26323,33.224070000000005,33.18392,33.14267,33.10032,33.05687,33.01232,32.96667,32.919810000000005,32.87174,32.82246,32.77197,32.72016,32.66714,32.6128,32.557030000000005,32.50005,32.44153,32.38169,32.320420000000006,32.25772,32.19348,32.127810000000004,32.06049,31.991740000000004,31.921340000000004,31.849400000000003,31.775810000000003,31.700680000000002,31.623790000000003,31.54525,31.464950000000005,31.382890000000003,31.299180000000003,31.213600000000003,31.126260000000006,31.03716,30.94619,30.853350000000002,30.75864,30.662170000000003,30.563720000000004,30.4634,30.3611,30.25693,30.150890000000004,30.04287,29.932980000000004,29.82122,29.70748,29.591870000000004,29.474500000000003,29.355150000000002,29.23404,29.11117,28.986540000000005,28.86026,28.73222,28.602750000000004,28.471740000000004,28.339190000000002,28.205430000000003,28.07046,27.93428,27.79711,27.659170000000003,27.52035,27.38109,27.241500000000002,27.101580000000002,26.96177,26.822180000000003,26.683030000000002,26.54465,26.40737,26.2713,26.136770000000002,26.004220000000004,25.87398,25.746270000000003,25.621640000000003,25.50031,25.382830000000002,25.269530000000003,25.160850000000003,25.05723,24.959110000000003,24.866930000000004,24.781130000000005,24.70215,24.630320000000005,24.566300000000002,24.51031,24.462790000000002,24.424180000000003,24.39481,24.37501,24.365000000000002,24.36511,24.375670000000003,24.39668,24.42836,24.470930000000003,24.52439,24.58874,24.663980000000002,24.750000000000004,24.84691,24.954380000000004,25.07241,25.200670000000002,25.33894,25.487000000000005,25.644740000000002,25.81161,25.98739,26.171860000000002,26.364470000000004,26.56511,26.773340000000005,26.98883,27.211140000000004,27.43994
39.934290000000004,39.78788,39.64367000000001,39.50177,39.36196,39.22446,39.08916000000001,38.95617000000001,38.82538,38.69690000000001,38.570730000000005,38.446760000000005,38.325100000000006,38.20575,38.0886,37.973760000000006,37.861230000000006,37.75101,37.64288,37.53717,37.43366,37.33235,37.23324,37.13633,37.04162,36.949110000000005,36.85880000000001,36.77058,36.684450000000005,36.60052,36.518570000000004,36.43871000000001,36.36083000000001,36.28493,36.21101,36.139070000000004,36.069,36.00091,35.934580000000004,35.87001,35.80731000000001,35.74637,35.68708,35.62955000000001,35.57356,35.519330000000004,35.466530000000006,35.41527000000001,35.365550000000006,35.31737,35.27051000000001,35.22508,35.18097,35.13807,35.0966,35.05623,35.01718,34.97912,34.94227,34.90652,34.87176,34.837990000000005,34.80521,34.77331,34.742290000000004,34.71215,34.68278,34.654180000000004,34.62635,34.599180000000004,34.57267,34.546820000000004,34.52152,34.496770000000005,34.472570000000005,34.44881,34.42549,34.40261,34.38006,34.35795,34.33606,34.31439,34.29305,34.271930000000005,34.25092,34.23013,34.209340000000005,34.188660000000006,34.16809000000001,34.14752,34.12684,34.10627,34.085480000000004,34.064690000000006,34.04368,34.022450000000006,34.001110000000004,33.97955,33.957770000000004,33.935660000000006,33.91322,33.89045,33.86724,33.843700000000005,33.819720000000004,33.795300000000005,33.77044,33.74503,33.71907,33.69256,33.6655,33.63778,33.6094,33.580470000000005,33.55077,33.5203,33.48917,33.45727,33.42449,33.39105,33.35662000000001,33.32142,33.285340000000005,33.248380000000004,33.21043,33.17149,33.13156,33.09075,33.048840000000006,33.00583,32.96183,32.91673,32.87042,32.823010000000004,32.7745,32.72478,32.67385,32.6216,32.568250000000006,32.513470000000005,32.457480000000004,32.40017,32.34154,32.28148,32.21999,32.157180000000004,32.092940000000006,32.02716,31.959950000000003,31.891310000000004,31.821130000000004,31.7493,31.67604,31.601130000000005,31.52457,31.446470000000005,31.36661,31.285210000000003,31.202050000000003,31.117240000000002,31.030670000000004,30.942450000000004,30.85247,30.760730000000002,30.667120000000004,30.57186,30.47473,30.375840000000004,30.275190000000002,30.172780000000003,30.068500000000004,29.962460000000004,29.854550000000003,29.74499,29.633670000000002,29.520590000000002,29.405860000000004,29.28937,29.171230000000005,29.051550000000002,28.93033,28.80768,28.683600000000002,28.558090000000004,28.43137,28.303440000000002,28.17441,28.044390000000003,27.913600000000002,27.782040000000002,27.64993,27.517490000000002,27.38472,27.25195,27.119290000000003,26.986960000000003,26.855290000000004,26.72439,26.594700000000003,26.466330000000003,26.33961,26.214980000000004,26.092550000000003,25.97276,25.856050000000003,25.74264,25.632970000000004,25.527480000000004,25.4265,25.330470000000002,25.239720000000002,25.1548,25.07593,25.00377,24.93843,24.880570000000002,24.830520000000003,24.788500000000003,24.75495,24.73031,24.71469,24.70842,24.711830000000003,24.72514,24.74846,24.7819,24.825680000000002,24.8798,24.944260000000003,25.019170000000003,25.10442,25.1999,25.305500000000002,25.42122,25.54673,25.68192,25.82646,25.980240000000002,26.142930000000003,26.314200000000003,26.493830000000003,26.681490000000004,26.87685,27.07958,27.289460000000002,27.506050000000005,27.729020000000006
40.01943000000001,39.8728,39.72848,39.58625,39.446110000000004,39.30828,39.172650000000004,39.03922000000001,38.907990000000005,38.778960000000005,38.65213000000001,38.52761,38.40529,38.28517,38.16736,38.05164,37.938230000000004,37.82702,37.718120000000006,37.61131000000001,37.5067,37.40429,37.30408,37.206070000000004,37.110150000000004,37.01632000000001,36.924690000000005,36.835150000000006,36.74759,36.66223000000001,36.57874,36.49745,36.41803000000001,36.340590000000006,36.26502000000001,36.191430000000004,36.119710000000005,36.04986,35.981770000000004,35.91555,35.85098,35.78828,35.72712,35.66772,35.609970000000004,35.55376,35.49909,35.44596,35.39437,35.344210000000004,35.295370000000005,35.248070000000006,35.201980000000006,35.15721,35.113760000000006,35.07152,35.03049,34.99056,34.951840000000004,34.91411000000001,34.877480000000006,34.84184,34.807190000000006,34.77342,34.74053,34.70863,34.67739,34.64703,34.61744,34.58862,34.56035000000001,34.53285,34.505900000000004,34.4795,34.45365,34.42835,34.403490000000005,34.37907,34.355090000000004,34.33144,34.30812,34.28513,34.26247,34.23992,34.2177,34.19559,34.173700000000004,34.151810000000005,34.130030000000005,34.108360000000005,34.086690000000004,34.065020000000004,34.043240000000004,34.021460000000005,33.999570000000006,33.97757,33.95535,33.93291,33.910360000000004,33.887480000000004,33.864380000000004,33.84095000000001,33.817080000000004,33.79299,33.768460000000005,33.7436,33.71819,33.69234,33.66605,33.6391,33.61171,33.58377,33.555170000000004,33.52591,33.496100000000006,33.465520000000005,33.43439,33.40238,33.36971,33.33616,33.301950000000005,33.26686,33.23089,33.19415,33.156420000000004,33.11781,33.078210000000006,33.03773,32.99626000000001,32.9538,32.91035,32.8658,32.820150000000005,32.7734,32.72555,32.6766,32.62655,32.57529,32.522710000000004,32.469030000000004,32.41414,32.35793,32.3004,32.24166,32.181490000000004,32.120000000000005,32.057190000000006,31.99295,31.927390000000003,31.860290000000003,31.791870000000003,31.721910000000005,31.65041,31.577480000000005,31.503010000000003,31.427000000000003,31.349450000000004,31.270360000000004,31.18962,31.10734,31.023300000000003,30.937720000000002,30.850600000000004,30.76172,30.671190000000003,30.5789,30.48507,30.389480000000002,30.292350000000003,30.193350000000002,30.09281,29.99062,29.886670000000002,29.78118,29.674040000000005,29.565250000000002,29.45492,29.34316,29.229750000000003,29.11502,28.998750000000005,28.881270000000004,28.762470000000004,28.64246,28.521240000000002,28.399140000000003,28.275940000000002,28.15208,28.027450000000005,27.902160000000002,27.776540000000004,27.650700000000004,27.524640000000005,27.398690000000006,27.273070000000004,27.147890000000004,27.023370000000003,26.89984,26.777520000000003,26.656630000000003,26.5375,26.420350000000003,26.30551,26.193420000000003,26.084190000000003,25.978480000000005,25.876290000000004,25.778280000000002,25.68467,25.59579,25.512190000000004,25.43409,25.36204,25.296260000000004,25.237300000000005,25.185270000000003,25.14083,25.104090000000003,25.075380000000003,25.05514,25.0437,25.041060000000005,25.047660000000004,25.06361,25.08913,25.12433,25.169320000000003,25.224210000000003,25.289,25.363690000000002,25.44817,25.542440000000003,25.646500000000003,25.76013,25.88322,26.015550000000005,26.1569,26.307050000000004,26.46589,26.632980000000003,26.80821,26.991140000000005,27.18166,27.379330000000003,27.583930000000002,27.795130000000004,28.012710000000002
40.10105,39.95431,39.80966000000001,39.667100000000005,39.526740000000004,39.38847,39.2524,39.11842,38.98664,38.85706,38.72968,38.6045,38.481519999999996,38.36063,38.24194,38.12545000000001,38.011160000000004,37.89907,37.78907000000001,37.68127,37.57567,37.47216000000001,37.370850000000004,37.27152,37.17439,37.079350000000005,36.9864,36.895430000000005,36.80655000000001,36.71965000000001,36.634840000000004,36.5519,36.470940000000006,36.39196,36.31485000000001,36.23961,36.16624,36.09463,36.02489,35.95691,35.89058000000001,35.826010000000004,35.763200000000005,35.701930000000004,35.64231,35.584230000000005,35.52769,35.47269000000001,35.419230000000006,35.367200000000004,35.31649,35.267210000000006,35.21925,35.172610000000006,35.12718,35.08307,35.04017,34.99837,34.95778000000001,34.91818,34.87968,34.84217,34.80565,34.770120000000006,34.73547,34.70181,34.66892,34.6368,34.60545,34.574870000000004,34.54495,34.515800000000006,34.4872,34.45926,34.43187,34.405030000000004,34.37874,34.35278,34.32737,34.302290000000006,34.27765,34.25334,34.22925,34.205600000000004,34.18206,34.15874,34.13564,34.11265,34.08977,34.067,34.044340000000005,34.02168,33.99902,33.97625,33.953480000000006,33.930600000000005,33.90761,33.8844,33.86108,33.837540000000004,33.81367,33.78969,33.76527,33.74063,33.71555,33.69014000000001,33.6644,33.638110000000005,33.611380000000004,33.58421,33.556490000000004,33.528330000000004,33.49951,33.47014,33.440110000000004,33.409530000000004,33.37818000000001,33.34628000000001,33.313610000000004,33.280170000000005,33.245960000000004,33.210980000000006,33.175230000000006,33.13871,33.10131,33.063030000000005,33.02376,32.98372,32.942690000000006,32.900670000000005,32.85777,32.813770000000005,32.76878,32.72280000000001,32.675720000000005,32.62754,32.57826,32.52788,32.476290000000006,32.4236,32.3697,32.3147,32.25838,32.20085,32.142,32.08194,32.02056,31.957860000000004,31.89384,31.828390000000002,31.76162,31.693530000000003,31.623900000000003,31.552950000000003,31.480460000000004,31.406650000000003,31.331300000000002,31.254410000000004,31.176090000000002,31.096230000000006,31.014940000000003,30.932000000000002,30.847520000000003,30.76161,30.67405,30.584840000000003,30.494200000000003,30.401910000000004,30.308190000000003,30.212820000000004,30.115800000000004,30.01735,29.917360000000002,29.815830000000002,29.712870000000002,29.60837,29.50244,29.395190000000003,29.28651,29.176510000000004,29.0653,28.95277,28.839250000000003,28.724520000000002,28.60891,28.492310000000003,28.37505,28.25702,28.138440000000003,28.019420000000004,27.900070000000003,27.78061,27.661150000000003,27.54191,27.42311,27.304750000000006,27.18727,27.070890000000002,26.95561,26.841980000000003,26.730110000000003,26.62022,26.51275,26.408030000000004,26.30617,26.207610000000003,26.112790000000004,26.02182,25.935250000000003,25.85341,25.77663,25.705130000000004,25.63946,25.579950000000004,25.52682,25.480510000000002,25.44135,25.409670000000002,25.38569,25.369850000000003,25.362150000000003,25.363140000000005,25.37282,25.391410000000004,25.419130000000003,25.456090000000003,25.502290000000002,25.55806,25.62318,25.697650000000003,25.78169,25.87497,25.977600000000002,26.089470000000002,26.210250000000002,26.34005,26.478430000000003,26.62539,26.780600000000003,26.94384,27.115000000000002,27.293640000000003,27.479540000000004,27.672480000000004,27.87224,28.078380000000003,28.290790000000005
40.17937,40.032300000000006,39.88732,39.74443000000001,39.60374,39.46503,39.328410000000005,39.19399,39.061659999999996,38.93153,38.803490000000004,38.67754,38.553790000000006,38.43213,38.312670000000004,38.1953,38.080130000000004,37.96705000000001,37.85606000000001,37.74727,37.640570000000004,37.53596000000001,37.43333,37.3329,37.23456000000001,37.138200000000005,37.043820000000004,36.951530000000005,36.86133,36.773,36.68665000000001,36.60228,36.519780000000004,36.439150000000005,36.36039000000001,36.28361,36.20848000000001,36.13533,36.06383,35.99409,35.92611,35.85978000000001,35.7951,35.73207,35.67058,35.61074,35.552440000000004,35.49557000000001,35.44013,35.386230000000005,35.333760000000005,35.282610000000005,35.232780000000005,35.184270000000005,35.13697,35.090990000000005,35.04622,35.00255,34.96009,34.918730000000004,34.87836,34.839090000000006,34.800810000000006,34.76352000000001,34.72711,34.69169,34.65704,34.623270000000005,34.590270000000004,34.558040000000005,34.52658,34.49578,34.46564,34.43616,34.40723,34.37885,34.351130000000005,34.32374,34.29701,34.270500000000006,34.24454,34.21891,34.19361000000001,34.16864,34.144,34.11947000000001,34.09527,34.071180000000005,34.04731,34.02344,33.999790000000004,33.97614,33.952600000000004,33.92895,33.905300000000004,33.88165,33.857890000000005,33.83391,33.80993,33.78573,33.76131,33.736560000000004,33.7117,33.68651,33.660990000000005,33.63514000000001,33.60896,33.58234,33.55528,33.52778000000001,33.49984,33.47135,33.442420000000006,33.41283,33.3828,33.35211,33.32076,33.28875,33.256190000000004,33.222860000000004,33.18876,33.154,33.11847,33.082060000000006,33.044990000000006,33.00704,32.96821,32.9285,32.887910000000005,32.84644,32.80409,32.76075,32.71642000000001,32.67099,32.624680000000005,32.577380000000005,32.528870000000005,32.47937,32.42888,32.37718,32.324380000000005,32.27037,32.21526,32.15894,32.10152,32.04278,31.98283,31.921670000000002,31.859190000000005,31.795390000000005,31.730380000000004,31.664050000000003,31.596400000000003,31.527320000000003,31.456920000000004,31.3852,31.312050000000003,31.237470000000002,31.161460000000005,31.084130000000002,31.00526,30.925070000000005,30.843340000000005,30.760180000000002,30.675590000000003,30.589570000000005,30.502010000000002,30.413020000000003,30.3226,30.230750000000004,30.137360000000005,30.042650000000002,29.946510000000004,29.848940000000002,29.75005,29.64984,29.5482,29.44535,29.34129,29.23602,29.12965,29.022180000000002,28.91372,28.804270000000002,28.69405,28.583060000000003,28.471410000000002,28.3591,28.246460000000003,28.133490000000002,28.020300000000002,27.907110000000003,27.794140000000002,27.68139,27.569080000000003,27.457540000000005,27.346770000000003,27.23721,27.128970000000002,27.022270000000002,26.917330000000003,26.814590000000003,26.71416,26.616480000000003,26.521660000000004,26.43025,26.342250000000003,26.258210000000002,26.17846,26.10322,26.03293,25.96781,25.908300000000004,25.854730000000004,25.807320000000004,25.7664,25.73241,25.70557,25.6861,25.67433,25.67048,25.674880000000005,25.687530000000002,25.70876,25.738570000000003,25.777290000000004,25.824810000000003,25.881350000000005,25.946910000000003,26.02149,26.10509,26.1976,26.299020000000002,26.409240000000004,26.52804,26.65542,26.79127,26.93515,27.087170000000004,27.24689,27.414200000000005,27.588880000000003,27.770490000000002,27.95914,28.15428,28.355690000000003,28.563260000000003
40.25439000000001,40.10699,39.96168,39.81835000000001,39.67711,39.537960000000005,39.40090000000001,39.265930000000004,39.132940000000005,39.00215,38.873450000000005,38.746840000000006,38.62232,38.49978,38.37955000000001,38.261300000000006,38.145140000000005,38.03107000000001,37.919090000000004,37.809200000000004,37.70140000000001,37.59558,37.49185000000001,37.39021,37.29055,37.192870000000006,37.097280000000005,37.00356000000001,36.911930000000005,36.82217,36.73428,36.64837,36.564440000000005,36.48227000000001,36.401970000000006,36.32343,36.24676,36.17185,36.0987,36.02731,35.95757,35.889480000000006,35.823040000000006,35.75814,35.69500000000001,35.63329,35.57312,35.51449,35.45729,35.401520000000005,35.34718,35.294160000000005,35.24246000000001,35.192190000000004,35.14313,35.09528,35.048640000000006,35.00321,34.95899,34.91576,34.87374,34.832600000000006,34.79267,34.753620000000005,34.715450000000004,34.678270000000005,34.64208,34.606550000000006,34.57201,34.53813,34.50513,34.472680000000004,34.44111,34.410090000000004,34.37973,34.349920000000004,34.320660000000004,34.292060000000006,34.26379000000001,34.236070000000005,34.20879,34.18195,34.155440000000006,34.12926,34.103410000000004,34.077780000000004,34.05248,34.02740000000001,34.002430000000004,33.97768,33.95304,33.92851,33.903980000000004,33.879560000000005,33.855140000000006,33.83061,33.80619,33.78155,33.7568,33.73194,33.706970000000005,33.68178,33.65637,33.630630000000004,33.604670000000006,33.57849,33.55187,33.52492,33.497530000000005,33.46981,33.44165,33.41294,33.383790000000005,33.3542,33.32395,33.293260000000004,33.26191,33.23001,33.19745,33.16423,33.13024,33.0957,33.060390000000005,33.02431,32.987460000000006,32.94984,32.91145,32.87218,32.83203,32.79111,32.74931,32.706520000000005,32.662850000000006,32.61819,32.57265,32.52601,32.47849,32.42987,32.38026,32.329660000000004,32.27785,32.22505,32.171150000000004,32.116040000000005,32.059940000000005,32.002520000000004,31.944000000000003,31.884380000000004,31.82344,31.761400000000002,31.698040000000006,31.633470000000003,31.567690000000002,31.500590000000003,31.432170000000003,31.36254,31.291590000000003,31.219320000000003,31.14562,31.070710000000002,30.994480000000003,30.916820000000005,30.837840000000003,30.757540000000002,30.675810000000002,30.592760000000002,30.508390000000002,30.422700000000003,30.335580000000004,30.24714,30.157380000000003,30.066300000000002,29.9739,29.880290000000006,29.785470000000004,29.689330000000005,29.591980000000003,29.493530000000003,29.393980000000003,29.293440000000004,29.191800000000004,29.089280000000002,28.985770000000002,28.881600000000002,28.77655,28.67095,28.5648,28.458320000000004,28.3514,28.244260000000004,28.137120000000003,28.03009,27.923280000000002,27.816800000000004,27.710980000000003,27.60593,27.50176,27.398800000000005,27.29727,27.19728,27.09927,27.003350000000005,26.909740000000003,26.818880000000004,26.730880000000003,26.64607,26.564890000000002,26.487450000000003,26.41419,26.34533,26.28131,26.222240000000003,26.168670000000002,26.12071,26.0788,26.04316,26.014120000000002,25.991900000000005,25.976720000000004,25.96902,25.9688,25.976390000000002,25.992010000000004,26.015770000000003,26.047780000000003,26.088150000000002,26.1371,26.19452,26.260630000000003,26.33532,26.418590000000002,26.510440000000003,26.610870000000002,26.719660000000005,26.8367,26.96199,27.095420000000004,27.236660000000004,27.385600000000004,27.54213,27.705920000000003,27.876860000000004,28.054620000000003,28.239090000000004,28.429940000000006,28.62695,28.83001
40.326,40.178270000000005,40.032520000000005,39.88875000000001,39.74707,39.60737,39.46976,39.33413,39.20059,39.069140000000004,38.93967000000001,38.812290000000004,38.687000000000005,38.56369,38.44247,38.32334,38.20619000000001,38.09113000000001,37.97816,37.86717,37.75827,37.65124,37.54641,37.44345,37.342580000000005,37.24358,37.14656,37.051520000000004,36.95846,36.867270000000005,36.777950000000004,36.6905,36.60503,36.521209999999996,36.439370000000004,36.35929,36.28097,36.20441,36.1295,36.05635,35.98496,35.915110000000006,35.84691,35.78036,35.71535,35.651880000000006,35.58995,35.529450000000004,35.470490000000005,35.412960000000005,35.35675,35.301970000000004,35.24851,35.19637,35.14555000000001,35.095940000000006,35.047540000000005,35.000350000000005,34.95426,34.90927000000001,34.86549,34.822700000000005,34.78101,34.74031,34.70049,34.661660000000005,34.62371,34.58675,34.550560000000004,34.51514,34.48049,34.44661000000001,34.413500000000006,34.38105,34.34926,34.318020000000004,34.287440000000004,34.25741,34.22793,34.199000000000005,34.1704,34.14235,34.114630000000005,34.08735,34.0604,34.03367,34.007270000000005,33.9812,33.95524,33.929610000000004,33.903980000000004,33.87857,33.85327,33.82808,33.802780000000006,33.777590000000004,33.7524,33.72721000000001,33.701800000000006,33.67639,33.650870000000005,33.625130000000006,33.59917,33.573100000000004,33.5467,33.52008,33.49313,33.46585,33.43824,33.41019000000001,33.38181,33.352990000000005,33.323730000000005,33.29403,33.263780000000004,33.232980000000005,33.20163,33.16973,33.137280000000004,33.10417,33.070510000000006,33.036080000000005,33.00099,32.96524,32.92872,32.89143,32.853370000000005,32.81465,32.77494,32.734570000000005,32.69332,32.65119,32.608180000000004,32.56418,32.51941,32.47365,32.4269,32.379270000000005,32.330650000000006,32.280930000000005,32.23033,32.178630000000005,32.12583,32.07204,32.01715,31.96116,31.90407,31.845880000000005,31.78659,31.726090000000003,31.664490000000004,31.60168,31.537770000000002,31.472540000000002,31.406210000000005,31.33867,31.269810000000003,31.199740000000002,31.128460000000004,31.055970000000006,30.982270000000003,30.90725,30.83091,30.75336,30.6746,30.59452,30.513230000000004,30.430730000000004,30.346910000000005,30.26188,30.175640000000005,30.088190000000004,29.999530000000004,29.90977,29.818910000000002,29.726840000000003,29.633780000000005,29.53962,29.444580000000002,29.34855,29.251530000000002,29.153850000000002,29.055290000000003,28.95618,28.856300000000005,28.75598,28.655330000000003,28.554240000000004,28.45304,28.351620000000004,28.250420000000005,28.149330000000003,28.048460000000002,27.94825,27.84859,27.749810000000004,27.652130000000003,27.555660000000003,27.46051,27.367120000000003,27.27571,27.186280000000004,27.09927,27.015010000000004,26.933500000000002,26.855290000000004,26.780490000000004,26.709430000000005,26.642440000000004,26.57974,26.521770000000004,26.46853,26.42068,26.378220000000002,26.34148,26.310900000000004,26.28659,26.268770000000004,26.25788,26.25392,26.257330000000003,26.26811,26.28659,26.31277,26.34687,26.389110000000002,26.43938,26.497790000000002,26.56445,26.639360000000003,26.72252,26.813820000000003,26.91326,27.02084,27.13645,27.259870000000003,27.3911,27.529810000000005,27.67611,27.829560000000004,27.99016,28.157580000000003,28.33182,28.51244,28.69933,28.89227,29.091040000000003
40.39431,40.24625,40.10006,39.955850000000005,39.81362000000001,39.67337,39.53510000000001,39.398920000000004,39.264720000000004,39.13250000000001,39.00226000000001,38.87411,38.74794000000001,38.62375,38.501650000000005,38.381530000000005,38.2635,38.14734000000001,38.03327,37.92118,37.81118000000001,37.703050000000005,37.596900000000005,37.49273,37.39054,37.29022,37.191880000000005,37.09552,37.00092,36.9083,36.817550000000004,36.72856,36.64155,36.5563,36.47281,36.39108,36.311110000000006,36.2329,36.15634,36.081540000000004,36.008390000000006,35.93689,35.86693,35.79862,35.73185,35.66662,35.60293000000001,35.540670000000006,35.47995,35.42055,35.36258,35.30604,35.250820000000004,35.19692,35.14423,35.09286,35.0427,34.993750000000006,34.94601,34.899370000000005,34.85383,34.80939,34.76594,34.72359,34.682230000000004,34.64175,34.60226,34.56365,34.52592,34.488960000000006,34.45288,34.41757,34.382920000000006,34.34904,34.31593,34.28337,34.251470000000005,34.22012,34.18932,34.15907,34.12937,34.10011,34.071290000000005,34.0428,34.01486,33.987140000000004,33.95975,33.93258,33.90574,33.87923,33.852720000000005,33.82654,33.800360000000005,33.7744,33.74844,33.722590000000004,33.69663,33.67078,33.64482,33.618860000000005,33.59279000000001,33.566610000000004,33.54021,33.5137,33.48686,33.45991,33.43263,33.40513000000001,33.377190000000006,33.34903,33.32043,33.291500000000006,33.26213,33.23232,33.202070000000006,33.17127,33.14003,33.10813,33.075790000000005,33.042790000000004,33.009240000000005,32.97514,32.94027,32.904740000000004,32.868660000000006,32.831700000000005,32.79408,32.7558,32.716640000000005,32.67682,32.636120000000005,32.59454,32.55219,32.50907,32.464960000000005,32.42008,32.374210000000005,32.32746,32.27972,32.2311,32.181490000000004,32.13089,32.07941,32.026830000000004,31.973260000000003,31.918590000000002,31.862930000000002,31.80628,31.748530000000002,31.689680000000003,31.629730000000002,31.56868,31.50653,31.443280000000005,31.37893,31.313370000000003,31.24671,31.178950000000004,31.109980000000004,31.039800000000003,30.96852,30.896140000000003,30.82255,30.747750000000003,30.671740000000003,30.594740000000005,30.516420000000004,30.437000000000005,30.356480000000005,30.274860000000004,30.19203,30.10821,30.023290000000003,29.93727,29.850260000000002,29.76226,29.67338,29.583510000000004,29.49276,29.401130000000002,29.308840000000004,29.215780000000002,29.12217,29.027900000000002,28.933190000000003,28.838040000000003,28.74256,28.646970000000003,28.551160000000003,28.455460000000002,28.359870000000004,28.26461,28.16979,28.07541,27.98191,27.889290000000003,27.797770000000003,27.707460000000005,27.618690000000004,27.53168,27.446540000000002,27.363490000000002,27.282860000000003,27.204870000000003,27.12974,27.0578,26.989160000000002,26.924260000000004,26.86332,26.80656,26.75431,26.70679,26.664220000000004,26.62704,26.595470000000002,26.56962,26.54993,26.53651,26.529580000000003,26.52947,26.53618,26.550150000000006,26.57138,26.599980000000002,26.636280000000003,26.68017,26.73176,26.79127,26.85859,26.93372,27.016880000000004,27.107850000000003,27.20663,27.313110000000005,27.427290000000003,27.54906,27.67831,27.814820000000005,27.95859,28.1094,28.267030000000002,28.43137,28.60209,28.779190000000003,28.96245,29.151540000000004,29.34635
40.459540000000004,40.31093,40.164300000000004,40.01954,39.876760000000004,39.735960000000006,39.597030000000004,39.460190000000004,39.32522,39.19223,39.061330000000005,38.932300000000005,38.80525000000001,38.68018000000001,38.55709000000001,38.43609,38.31696,38.19981000000001,38.08464,37.971450000000004,37.860130000000005,37.75090000000001,37.64354000000001,37.538050000000005,37.43454,37.33301000000001,37.23324,37.135450000000006,37.039530000000006,36.945370000000004,36.853080000000006,36.762660000000004,36.674110000000006,36.58721,36.50218,36.418910000000004,36.33729,36.25743000000001,36.17922,36.10277000000001,36.027860000000004,35.954710000000006,35.88299,35.81303,35.7445,35.677510000000005,35.61206000000001,35.54804000000001,35.48556,35.424400000000006,35.36478,35.30637,35.24939,35.19373,35.139390000000006,35.08626,35.03445,34.983740000000004,34.93424,34.88595,34.83876000000001,34.79267,34.74757,34.703570000000006,34.660560000000004,34.61854,34.577510000000004,34.53736000000001,34.49809,34.459700000000005,34.42208,34.38534,34.34937,34.314170000000004,34.279630000000004,34.24575,34.21253,34.179970000000004,34.147960000000005,34.1165,34.08559,34.05523,34.02531,33.995830000000005,33.966680000000004,33.93808,33.90970000000001,33.88165,33.85393,33.82643,33.799150000000004,33.772200000000005,33.74525,33.71852,33.691900000000004,33.66539,33.63888,33.61237,33.585860000000004,33.55935,33.53284,33.50611000000001,33.479380000000006,33.45243000000001,33.42537,33.397980000000004,33.37048,33.34265,33.314600000000006,33.28622000000001,33.25751,33.22847,33.19899,33.169070000000005,33.13882,33.10802,33.076890000000006,33.045100000000005,33.01287000000001,32.980090000000004,32.946760000000005,32.91277,32.87823,32.84303,32.80717,32.77076,32.73358,32.69563,32.65702,32.61775,32.577600000000004,32.536680000000004,32.4951,32.45264,32.4093,32.36519,32.32020000000001,32.27433,32.22758,32.179950000000005,32.131440000000005,32.08205,32.031670000000005,31.980300000000003,31.928050000000002,31.874810000000004,31.820470000000004,31.765250000000005,31.70904,31.651840000000004,31.59354,31.534250000000004,31.47397,31.41259,31.350220000000004,31.28675,31.222180000000005,31.156620000000004,31.08996,31.022200000000005,30.95334,30.883490000000002,30.812430000000003,30.740380000000002,30.667340000000003,30.593090000000004,30.517850000000003,30.44162,30.36429,30.28597,30.206550000000004,30.126250000000002,30.044960000000003,29.962680000000002,29.879520000000003,29.79548,29.71056,29.62487,29.538410000000002,29.451290000000004,29.36351,29.275070000000003,29.186080000000004,29.09676,29.007000000000005,28.91691,28.826600000000003,28.73629,28.645870000000002,28.555670000000003,28.465580000000003,28.37593,28.286830000000002,28.19839,28.11072,28.024040000000003,27.93846,27.85431,27.771590000000003,27.69074,27.611650000000004,27.53487,27.4604,27.388460000000002,27.319490000000002,27.253600000000002,27.191010000000002,27.131940000000004,27.076830000000005,27.02568,26.97904,26.93691,26.899620000000002,26.867500000000003,26.840770000000003,26.819650000000003,26.804360000000003,26.795010000000005,26.792040000000004,26.795560000000002,26.805680000000002,26.82262,26.846600000000002,26.877620000000004,26.915900000000004,26.961550000000003,27.014570000000003,27.075180000000003,27.14316,27.21884,27.302000000000003,27.392640000000004,27.490870000000005,27.596470000000004,27.709550000000004,27.829780000000003,27.957270000000005,28.091910000000002,28.23337,28.381650000000004,28.536530000000003,28.6979,28.865650000000002,29.039450000000002,29.21919,29.404760000000003,29.595830000000003
40.52147,40.37242,40.22524,40.079930000000004,39.9366,39.79514,39.655550000000005,39.51794000000001,39.382310000000004,39.24855000000001,39.11666,38.98686,38.85893000000001,38.73298,38.6089,38.4868,38.36668,38.24843,38.13216,38.01787,37.90545,37.794900000000005,37.68622,37.57952000000001,37.47469,37.37173,37.27064,37.171420000000005,37.07407,36.97848,36.88476,36.79280000000001,36.70271,36.614270000000005,36.527590000000004,36.442780000000006,36.35951,36.278,36.19825,36.12004,36.04348000000001,35.96857000000001,35.8952,35.82348,35.7533,35.68455,35.61734,35.55167,35.48743,35.42451,35.363130000000005,35.30307,35.244330000000005,35.186910000000005,35.130810000000004,35.07603,35.02246,34.9701,34.91895,34.86901,34.82017,34.77243,34.72579,34.68025,34.63559,34.59203,34.54946,34.50788,34.46707,34.42725,34.388310000000004,34.35014,34.312740000000005,34.27622,34.24036,34.20516000000001,34.17073,34.13696,34.10374,34.071180000000005,34.039170000000006,34.00771,33.97669,33.946220000000004,33.91608,33.88649,33.85723,33.828300000000006,33.7997,33.77132,33.74338,33.71555,33.687940000000005,33.66044,33.633160000000004,33.60599,33.57893,33.55198,33.52492,33.49797,33.47091,33.443850000000005,33.41668,33.3894,33.361900000000006,33.33429,33.30657,33.27852,33.25025,33.22176,33.19283,33.16368000000001,33.1342,33.10428,33.07403,33.04334,33.01221,32.98053,32.94852,32.915850000000006,32.882740000000005,32.84908,32.81476000000001,32.77989,32.74447000000001,32.70839,32.67165,32.63425,32.59608,32.55736,32.51787,32.47761,32.43658,32.394890000000004,32.352320000000006,32.308980000000005,32.26487,32.21999,32.17423,32.127590000000005,32.08007,32.031780000000005,31.98261,31.932450000000003,31.881520000000002,31.829600000000003,31.776690000000002,31.723010000000002,31.668230000000005,31.612680000000005,31.556030000000003,31.498500000000003,31.439980000000006,31.380470000000003,31.31997,31.25859,31.19611,31.13275,31.06829,31.002840000000003,30.936510000000002,30.86908,30.80077,30.731360000000002,30.661070000000002,30.589680000000005,30.51741,30.444260000000003,30.370120000000004,30.294990000000002,30.218980000000006,30.142090000000003,30.06443,29.985780000000002,29.906470000000002,29.82628,29.745430000000002,29.66381,29.58153,29.498700000000003,29.41532,29.331390000000003,29.247130000000002,29.16254,29.077510000000004,28.99248,28.907230000000002,28.82198,28.736840000000004,28.651920000000004,28.567330000000005,28.48318,28.399690000000003,28.316860000000002,28.234910000000003,28.15406,28.07431,27.995990000000003,27.919210000000003,27.8443,27.77126,27.70031,27.631780000000003,27.56589,27.502750000000002,27.442580000000003,27.385820000000002,27.33247,27.282970000000002,27.23732,27.195960000000003,27.159110000000002,27.126990000000003,27.09971,27.077710000000003,27.06099,27.049990000000005,27.044710000000002,27.04548,27.05252,27.06594,27.08585,27.112470000000002,27.145910000000004,27.186170000000004,27.233580000000003,27.288030000000003,27.34974,27.4186,27.494720000000004,27.577990000000003,27.668630000000004,27.766310000000004,27.87125,27.983230000000002,28.10225,28.2282,28.360970000000002,28.500340000000005,28.646420000000003,28.798770000000005,28.957500000000003,29.122390000000003,29.29322,29.469770000000004,29.65193,29.83959
40.58032,40.43072000000001,40.282990000000005,40.137130000000006,39.993030000000005,39.85091,39.710660000000004,39.572280000000006,39.435880000000004,39.30124000000001,39.16858,39.0379,38.90909,38.78215000000001,38.65708000000001,38.53399,38.41277,38.29342,38.176050000000004,38.06044000000001,37.946810000000006,37.83505,37.72516,37.617140000000006,37.51099000000001,37.406710000000004,37.3043,37.20365,37.104760000000006,37.007740000000005,36.91248000000001,36.81909,36.72735,36.637370000000004,36.549150000000004,36.46269,36.377880000000005,36.29472,36.21332,36.13346,36.05525000000001,35.97858,35.903560000000006,35.83008,35.758250000000004,35.68774,35.618880000000004,35.55145,35.48545000000001,35.420880000000004,35.35774,35.29603,35.235530000000004,35.176460000000006,35.11871000000001,35.06217,35.00695,34.953050000000005,34.90025,34.84855,34.79817,34.748780000000004,34.7006,34.65352,34.60743,34.56233,34.51822,34.475100000000005,34.432970000000005,34.39172,34.351350000000004,34.31186,34.273140000000005,34.23519,34.19812,34.16171000000001,34.126070000000006,34.09109,34.05677,34.02311,33.99,33.957440000000005,33.925430000000006,33.89397,33.862950000000005,33.832370000000004,33.80223,33.772420000000004,33.743050000000004,33.7139,33.685080000000006,33.65659,33.62832,33.60027,33.57233,33.544610000000006,33.517,33.48939,33.461890000000004,33.4345,33.407000000000004,33.3795,33.352000000000004,33.32439,33.296670000000006,33.268840000000004,33.240790000000004,33.212630000000004,33.184140000000006,33.15554,33.12661000000001,33.097350000000006,33.06787,33.03795,33.00770000000001,32.97701,32.94599,32.91453,32.882630000000006,32.85018,32.81729,32.78385,32.749860000000005,32.71532,32.68023,32.64459,32.608290000000004,32.57133,32.533820000000006,32.495540000000005,32.45671,32.41711,32.376850000000005,32.335820000000005,32.29402,32.251560000000005,32.208330000000004,32.16422000000001,32.11945,32.073800000000006,32.02749,31.980190000000004,31.93212,31.883280000000003,31.833560000000002,31.782960000000003,31.731590000000004,31.67923,31.626100000000005,31.57198,31.517090000000003,31.46121,31.40445,31.34681,31.288290000000003,31.228780000000004,31.168500000000005,31.10723,31.044970000000003,30.981940000000005,30.917920000000002,30.853020000000004,30.78724,30.720470000000002,30.65293,30.584400000000002,30.5151,30.44492,30.373860000000004,30.301920000000003,30.229320000000005,30.15584,30.081590000000006,30.006570000000004,29.931000000000004,29.854660000000003,29.77766,29.700110000000002,29.6219,29.543360000000003,29.46427,29.384850000000004,29.3051,29.225020000000004,29.144830000000002,29.06464,28.984340000000003,28.90415,28.824070000000003,28.74443,28.66512,28.586360000000003,28.50815,28.43093,28.354480000000002,28.279240000000005,28.205210000000005,28.13261,28.061550000000004,27.992250000000006,27.92504,27.859920000000002,27.79711,27.73683,27.67941,27.624960000000005,27.573700000000002,27.52596,27.481740000000002,27.441480000000002,27.405290000000004,27.373500000000003,27.346220000000002,27.323670000000003,27.30618,27.293860000000002,27.28693,27.285610000000002,27.29012,27.30057,27.31707,27.339950000000005,27.369100000000003,27.40485,27.447310000000005,27.496480000000002,27.55236,27.615170000000003,27.684910000000002,27.761580000000002,27.845180000000003,27.935710000000004,28.033170000000002,28.13745,28.24855,28.366470000000003,28.490990000000004,28.622220000000002,28.75983,28.90371,29.053860000000004,29.21017,29.372420000000005,29.540390000000002,29.71408,29.89316,30.077630000000003
40.63609,40.48594,40.33755,40.191030000000005,40.04638,39.903490000000005,39.76247,39.62332000000001,39.48604,39.35063,39.21709,39.085420000000006,38.95562,38.827690000000004,38.70163000000001,38.57744,38.45512000000001,38.33467,38.21609,38.099380000000004,37.98454,37.871570000000006,37.76036,37.65102,37.54355,37.43784,37.334,37.23192,37.131710000000005,37.03315,36.936460000000004,36.84142,36.74825,36.65673,36.566860000000005,36.478750000000005,36.39240000000001,36.307590000000005,36.224430000000005,36.14303,36.06306,35.98485000000001,35.90807000000001,35.83294000000001,35.75935,35.68719000000001,35.61657,35.54749,35.47984,35.41351,35.34872,35.285250000000005,35.2231,35.162380000000006,35.10298,35.04479,34.98792,34.93237,34.87792,34.82468,34.77265,34.721830000000004,34.672000000000004,34.623380000000004,34.575750000000006,34.52922,34.48368000000001,34.43913,34.39557,34.353,34.311310000000006,34.270390000000006,34.23046,34.1913,34.152910000000006,34.1154,34.07855,34.04236,34.00694000000001,33.97218,33.93808,33.90453,33.87153000000001,33.83908,33.80718,33.77572000000001,33.7447,33.71412,33.683870000000006,33.65406,33.62458,33.59532,33.566390000000006,33.53768,33.5093,33.480920000000005,33.452760000000005,33.424820000000004,33.39688,33.36894,33.34111,33.313280000000006,33.285450000000004,33.25762,33.22957,33.20152,33.17325,33.144980000000004,33.11638,33.08756,33.05863,33.02937000000001,32.99978,32.96997,32.93972,32.90914,32.87823,32.846990000000005,32.815200000000004,32.782970000000006,32.7503,32.71719,32.683530000000005,32.64943,32.614670000000004,32.57947,32.54361,32.507200000000005,32.470130000000005,32.43251000000001,32.39412,32.355180000000004,32.315580000000004,32.27532,32.2344,32.192710000000005,32.15025,32.107130000000005,32.06335,32.01869000000001,31.973370000000003,31.927280000000003,31.88031,31.832680000000003,31.784170000000003,31.735000000000003,31.684840000000005,31.63402,31.582320000000003,31.529850000000003,31.4765,31.42238,31.36738,31.31161,31.25496,31.197430000000004,31.13913,31.079950000000004,31.020000000000003,30.959170000000004,30.89757,30.835090000000005,30.77173,30.707710000000002,30.64281,30.577140000000004,30.51059,30.44338,30.375400000000003,30.306760000000004,30.23724,30.167170000000002,30.09644,30.024940000000004,29.953000000000003,29.880400000000005,29.807250000000003,29.73355,29.659520000000004,29.58505,29.510250000000003,29.43512,29.35988,29.28431,29.20885,29.133280000000003,29.057820000000003,28.982470000000003,28.90745,28.832870000000003,28.758620000000004,28.685140000000004,28.61232,28.54027,28.469320000000003,28.39947,28.330940000000005,28.263950000000005,28.19839,28.134810000000005,28.073100000000004,28.01348,27.956280000000003,27.901610000000005,27.849690000000002,27.80063,27.75476,27.712300000000003,27.673360000000002,27.63816,27.60703,27.580080000000002,27.55753,27.539600000000004,27.526510000000002,27.51837,27.515400000000003,27.517930000000003,27.52596,27.539710000000003,27.5594,27.585030000000003,27.616820000000004,27.654880000000002,27.699320000000004,27.75025,27.80767,27.871690000000005,27.942310000000003,28.019640000000003,28.10357,28.19421,28.29145,28.395290000000003,28.505730000000003,28.622660000000003,28.745970000000003,28.87577,29.011730000000004,29.153740000000003,29.301910000000003,29.45591,29.615740000000002,29.78118,29.95212,30.12834,30.309840000000005
40.68889,40.53808000000001,40.389030000000005,40.24185000000001,40.096430000000005,39.95277000000001,39.81098,39.671060000000004,39.532900000000005,39.39661,39.262190000000004,39.12953,38.998740000000005,38.869820000000004,38.74266,38.61737,38.493950000000005,38.372400000000006,38.252610000000004,38.134690000000006,38.01864,37.90435,37.79182,37.681160000000006,37.57237000000001,37.465230000000005,37.35996,37.25645000000001,37.154700000000005,37.05471000000001,36.956480000000006,36.86001,36.765190000000004,36.67213,36.58072000000001,36.49107,36.40296000000001,36.31661,36.23191,36.14875,36.067130000000006,35.98727,35.90884,35.831950000000006,35.756710000000005,35.682900000000004,35.61063,35.53979,35.470380000000006,35.40251000000001,35.33596000000001,35.27084,35.20704,35.144670000000005,35.08362,35.02378,34.96537,34.908060000000006,34.852070000000005,34.7974,34.74372,34.69136,34.640100000000004,34.58994,34.54088,34.49292,34.44595,34.39997,34.355090000000004,34.31109,34.268080000000005,34.225950000000005,34.18470000000001,34.144330000000004,34.10473,34.066010000000006,34.02806,33.990880000000004,33.95436,33.9185,33.883300000000006,33.848870000000005,33.81488,33.78155,33.74877000000001,33.71643,33.68464,33.653290000000005,33.62238,33.591800000000006,33.56166,33.53174,33.50226000000001,33.473,33.443960000000004,33.41514,33.386540000000004,33.358050000000006,33.32967000000001,33.3014,33.27324,33.24508,33.21692,33.18876,33.1606,33.13233,33.103950000000005,33.07546,33.04675,33.01793000000001,32.98889,32.959630000000004,32.93004,32.90023000000001,32.870200000000004,32.83973,32.808930000000004,32.7778,32.746230000000004,32.714220000000005,32.68188,32.648990000000005,32.615770000000005,32.58189,32.54757,32.51281,32.47739,32.44153,32.405010000000004,32.367940000000004,32.33021,32.29193,32.252990000000004,32.2135,32.17324,32.13243000000001,32.09085,32.048610000000004,32.00571,31.96215,31.917820000000003,31.872830000000004,31.827070000000006,31.780540000000002,31.733350000000005,31.68539,31.636660000000003,31.58727,31.537000000000006,31.48607,31.43437,31.3819,31.328660000000003,31.27465,31.21987,31.16432,31.108000000000004,31.050910000000005,30.993160000000003,30.934530000000002,30.87524,30.81518,30.754350000000002,30.692860000000003,30.6306,30.56768,30.504100000000005,30.43975,30.37474,30.30918,30.242960000000004,30.176080000000002,30.108760000000004,30.04078,29.972360000000002,29.90339,29.834090000000003,29.76424,29.694170000000003,29.623770000000004,29.553150000000002,29.482310000000002,29.411250000000003,29.3403,29.269240000000003,29.198290000000004,29.127560000000003,29.057050000000004,28.986870000000003,28.91713,28.848050000000004,28.77952,28.711870000000005,28.645100000000003,28.579430000000002,28.514860000000002,28.451610000000006,28.389900000000004,28.329840000000004,28.27165,28.215330000000005,28.1611,28.10929,28.060010000000002,28.013370000000002,27.969700000000003,27.929000000000002,27.891710000000003,27.85772,27.82758,27.801290000000005,27.77896,27.761030000000005,27.747500000000002,27.738590000000002,27.734630000000003,27.735620000000004,27.741780000000002,27.753330000000002,27.77027,27.792930000000002,27.821420000000003,27.85574,27.89611,27.94264,27.99522,28.05418,28.119410000000002,28.19102,28.269010000000005,28.35338,28.44424,28.54137,28.644990000000004,28.75477,28.870930000000005,28.993250000000003,29.121730000000003,29.25615,29.396620000000002,29.542920000000002,29.694940000000003,29.852460000000004,30.015590000000003,30.184000000000005,30.357580000000002,30.536330000000003
40.73861,40.58714,40.43743,40.289480000000005,40.14329,39.99886,39.8563,39.7155,39.576460000000004,39.43929000000001,39.30388000000001,39.170230000000004,39.038450000000005,38.90843,38.780280000000005,38.65389,38.52926000000001,38.4065,38.285500000000006,38.16637,38.04900000000001,37.93339000000001,37.81965,37.70767,37.59745,37.48899,37.382180000000005,37.27724,37.174060000000004,37.07264,36.97287,36.874750000000006,36.77850000000001,36.68379,36.59084000000001,36.499539999999996,36.409890000000004,36.32189,36.23543,36.150619999999996,36.067460000000004,35.98584,35.90576,35.82733,35.750330000000005,35.674870000000006,35.600840000000005,35.52835,35.45729,35.387769999999996,35.31957,35.25280000000001,35.18735,35.12333,35.06063,34.99925,34.93919,34.880340000000004,34.822810000000004,34.76649,34.711380000000005,34.65748,34.60468,34.553090000000005,34.5026,34.453210000000006,34.404920000000004,34.357620000000004,34.311310000000006,34.26599,34.22166000000001,34.17832000000001,34.13586,34.094280000000005,34.053580000000004,34.013760000000005,33.9746,33.93632,33.898810000000005,33.86196,33.825880000000005,33.79046,33.755590000000005,33.72138,33.68772,33.65461,33.62205,33.58993,33.55825,33.527120000000004,33.496320000000004,33.46585,33.43571,33.4059,33.37642,33.34705,33.31801,33.28908,33.26037,33.231770000000004,33.20328,33.1749,33.14652,33.118140000000004,33.08965,33.06127000000001,33.03278,33.00418,32.97536,32.94654,32.917390000000005,32.888130000000004,32.858650000000004,32.828950000000006,32.79892,32.76867,32.73798,32.70707,32.675720000000005,32.644040000000004,32.611920000000005,32.57936,32.54636,32.51292,32.479040000000005,32.444610000000004,32.40974,32.374320000000004,32.33835,32.30194,32.26487,32.227140000000006,32.188970000000005,32.15014,32.11065000000001,32.07061,32.02991,31.988660000000003,31.946640000000002,31.90407,31.860730000000004,31.816840000000003,31.772180000000002,31.726970000000005,31.68099,31.634240000000005,31.586940000000002,31.538870000000003,31.490140000000004,31.44075,31.390590000000003,31.33977,31.28818,31.235930000000003,31.183020000000003,31.129450000000002,31.075110000000002,31.020110000000003,30.964450000000003,30.90802,30.85104,30.793290000000002,30.73499,30.67592,30.6163,30.556130000000003,30.49519,30.433810000000005,30.371770000000005,30.30918,30.246150000000004,30.182570000000002,30.118440000000003,30.053870000000003,29.988970000000002,29.92363,29.857960000000002,29.792070000000002,29.72585,29.659410000000005,29.592750000000002,29.52609,29.45932,29.392660000000003,29.326110000000003,29.25967,29.193450000000002,29.127560000000003,29.062220000000003,28.997320000000002,28.933080000000004,28.869500000000002,28.806910000000002,28.745200000000004,28.68459,28.625190000000003,28.56722,28.510680000000004,28.455790000000004,28.40277,28.351730000000003,28.30289,28.25625,28.212140000000005,28.17067,28.132060000000003,28.096420000000002,28.06408,28.035040000000002,28.00963,27.98796,27.970360000000003,27.95672,27.94759,27.942750000000004,27.942750000000004,27.947480000000002,27.957270000000005,27.972230000000003,27.992360000000005,28.01799,28.049230000000005,28.086080000000003,28.128650000000004,28.177160000000004,28.23161,28.29211,28.35855,28.43126,28.51002,28.59494,28.68591,28.783150000000003,28.886550000000003,28.996000000000002,29.111390000000004,29.23283,29.360210000000002,29.493420000000004,29.632350000000002,29.777,29.92715,30.082690000000003,30.24362,30.40972,30.58099,30.7571
40.78536,40.633230000000005,40.48275,40.33403,40.187070000000006,40.04187,39.89843,39.756750000000004,39.61683000000001,39.47867,39.342270000000006,39.20763000000001,39.07475,38.943630000000006,38.81438000000001,38.68689,38.56105000000001,38.43708,38.314980000000006,38.19453,38.07584000000001,37.95891,37.84385,37.73044000000001,37.618790000000004,37.5089,37.40077000000001,37.29440000000001,37.18968,37.08672000000001,36.98541,36.88586000000001,36.787960000000005,36.69171,36.59711,36.50427,36.41297,36.32332,36.23532000000001,36.148860000000006,36.06394000000001,35.98067,35.89905,35.81886000000001,35.740210000000005,35.6631,35.58742000000001,35.51328,35.44057,35.36929000000001,35.299440000000004,35.23102,35.164030000000004,35.09836,35.03412,34.971090000000004,34.909490000000005,34.84910000000001,34.79003,34.73217,34.67552,34.62019,34.565960000000004,34.51294,34.461020000000005,34.4102,34.36048,34.31186,34.264340000000004,34.2177,34.172160000000005,34.127610000000004,34.08394,34.04126,33.99935,33.95843000000001,33.91828,33.87901,33.8404,33.802670000000006,33.765600000000006,33.72919,33.69355,33.658460000000005,33.624030000000005,33.59015,33.55682,33.52404000000001,33.4917,33.45991,33.428450000000005,33.39743,33.36685000000001,33.336490000000005,33.30657,33.27676,33.24728,33.21802,33.18898,33.16005,33.13134,33.102630000000005,33.07403,33.04543,33.016830000000006,32.98823,32.959630000000004,32.93092,32.902210000000004,32.87328,32.84424,32.814980000000006,32.785610000000005,32.75591,32.72599,32.69585000000001,32.66538,32.63469,32.60356,32.572100000000006,32.540310000000005,32.50808000000001,32.47552,32.44241,32.408970000000004,32.37498,32.34055,32.30568,32.27026,32.2344,32.197880000000005,32.160920000000004,32.12341,32.085350000000005,32.04663,32.007360000000006,31.967540000000003,31.92717,31.886140000000005,31.844450000000002,31.802210000000002,31.759310000000003,31.715860000000003,31.671640000000004,31.626980000000003,31.581550000000004,31.535460000000004,31.488820000000004,31.441520000000004,31.393560000000004,31.345050000000004,31.295770000000005,31.245940000000004,31.195450000000005,31.1443,31.0926,31.04024,30.987220000000004,30.933650000000004,30.879530000000003,30.824640000000002,30.769310000000004,30.71332,30.656890000000004,30.599800000000005,30.542160000000003,30.484080000000002,30.425450000000005,30.36638,30.306760000000004,30.2467,30.186310000000002,30.125480000000003,30.064320000000002,30.002830000000003,29.941010000000002,29.878970000000002,29.816710000000004,29.75434,29.691750000000003,29.629160000000002,29.566570000000002,29.503980000000002,29.4415,29.379240000000003,29.317200000000003,29.25549,29.19422,29.133390000000002,29.073220000000003,29.013710000000003,28.954970000000003,28.89722,28.84046,28.7848,28.730460000000004,28.67744,28.626070000000006,28.576240000000002,28.52839,28.48241,28.438520000000004,28.397050000000004,28.357890000000005,28.32148,28.287820000000004,28.257130000000004,28.22952,28.205210000000005,28.184530000000002,28.167370000000002,28.15417,28.144930000000002,28.139870000000005,28.139100000000003,28.14284,28.151310000000002,28.16462,28.18277,28.206090000000003,28.23469,28.26857,28.307840000000002,28.352720000000005,28.403320000000004,28.45953,28.52146,28.589330000000004,28.663030000000003,28.74267,28.82814,28.919550000000005,29.016900000000003,29.12019,29.22931,29.344260000000002,29.464930000000003,29.591430000000003,29.723430000000004,29.861150000000002,30.004260000000002,30.15276,30.306540000000002,30.465490000000003,30.6295,30.798460000000002,30.972260000000002
40.82925,40.67635,40.5251,40.37561,40.22788,40.08180000000001,39.93737,39.794810000000005,39.6539,39.51475,39.37736,39.241620000000005,39.10775,38.97553,38.84507,38.716370000000005,38.58943,38.46425000000001,38.340830000000004,38.21906,38.09916,37.98091000000001,37.86442,37.74969000000001,37.636610000000005,37.525290000000005,37.41573,37.30782000000001,37.20167,37.09717,36.99432,36.89312,36.79368,36.695890000000006,36.59975000000001,36.50515000000001,36.412310000000005,36.32101000000001,36.23136000000001,36.14325,36.05679000000001,35.97187,35.888490000000004,35.80665,35.72635,35.64759,35.57026,35.49447,35.42011,35.34718,35.27579,35.20572000000001,35.13708,35.06987,35.003980000000006,34.93941,34.876160000000006,34.81434,34.753730000000004,34.69433,34.636250000000004,34.57949,34.523830000000004,34.46938,34.41603,34.36389,34.312850000000005,34.262910000000005,34.21407,34.16633,34.11947000000001,34.07371,34.028940000000006,33.98505,33.942150000000005,33.900130000000004,33.85899,33.81862,33.77913,33.740410000000004,33.70246,33.66528,33.62876,33.59290000000001,33.557700000000004,33.523050000000005,33.48906,33.45562,33.42273,33.390280000000004,33.358270000000005,33.3267,33.295570000000005,33.264770000000006,33.234410000000004,33.20427,33.174350000000004,33.14476,33.115390000000005,33.086240000000004,33.0572,33.028270000000006,32.99945,32.970740000000006,32.94203,32.91332,32.88461,32.855900000000005,32.82708,32.798260000000006,32.769220000000004,32.74007,32.7107,32.681110000000004,32.651410000000006,32.62138,32.59113,32.560660000000006,32.52975000000001,32.49862,32.46716,32.43526,32.40303,32.370360000000005,32.337360000000004,32.303810000000006,32.26993,32.2355,32.200630000000004,32.16532,32.12946,32.093160000000005,32.05631,32.018910000000005,31.981070000000003,31.94257,31.903630000000003,31.864030000000003,31.823880000000003,31.78329,31.742040000000003,31.700240000000004,31.657780000000006,31.614770000000004,31.571320000000004,31.527100000000004,31.482440000000004,31.437120000000004,31.391250000000003,31.344720000000002,31.297750000000004,31.250120000000003,31.201830000000005,31.153100000000006,31.103820000000002,31.05388,31.003390000000003,30.952460000000002,30.90087,30.848840000000003,30.796260000000004,30.74313,30.68956,30.635550000000002,30.58099,30.525990000000004,30.470550000000003,30.41467,30.358350000000005,30.301700000000004,30.244720000000004,30.187410000000003,30.12977,30.071910000000003,30.013720000000003,29.95542,29.896900000000002,29.83827,29.77964,29.7209,29.66216,29.60342,29.545010000000005,29.486600000000003,29.428520000000002,29.370880000000003,29.31346,29.256700000000002,29.200380000000003,29.144720000000003,29.089940000000002,29.035930000000004,28.98291,28.930880000000002,28.880060000000004,28.830560000000002,28.782490000000003,28.735960000000002,28.691190000000002,28.648180000000004,28.60715,28.568320000000003,28.53169,28.497480000000003,28.4658,28.436980000000002,28.41102,28.388140000000003,28.368450000000003,28.35217,28.339520000000004,28.3305,28.32544,28.324450000000002,28.327640000000002,28.335120000000003,28.34722,28.363940000000003,28.38539,28.411680000000004,28.44314,28.479660000000003,28.52146,28.568540000000002,28.621120000000005,28.679090000000002,28.74267,28.81186,28.886660000000003,28.967180000000003,29.05342,29.14527,29.24284,29.346130000000002,29.455030000000004,29.56954,29.689660000000003,29.815390000000004,29.946400000000004,30.082910000000002,30.224700000000002,30.371770000000005,30.5239,30.68109,30.843120000000003,31.0101,31.181700000000003
40.87028000000001,40.71661,40.56459,40.41422000000001,40.26561,40.11854,39.97334,39.829679999999996,39.68789,39.54764,39.40926,39.272420000000004,39.13745000000001,39.00413,38.872460000000004,38.74266,38.6144,38.48801,38.36327000000001,38.24029,38.11896,37.99939,37.88147,37.76531,37.65091,37.538050000000005,37.427060000000004,37.31761,37.209920000000004,37.103880000000004,36.99949,36.896860000000004,36.79577,36.69633,36.598650000000006,36.50251,36.40802,36.315070000000006,36.22377,36.13401,36.0459,35.95933,35.874300000000005,35.79081000000001,35.70886000000001,35.62834000000001,35.54947000000001,35.472030000000004,35.39602,35.32144,35.2484,35.176790000000004,35.106500000000004,35.03775,34.97021,34.904210000000006,34.839420000000004,34.77606,34.713910000000006,34.65308,34.59357,34.535270000000004,34.47818,34.42241,34.367740000000005,34.314280000000004,34.26192,34.210770000000004,34.160610000000005,34.11155,34.063590000000005,34.01673,33.97075,33.92587,33.881870000000006,33.838750000000005,33.796620000000004,33.75537,33.714890000000004,33.675290000000004,33.636570000000006,33.598510000000005,33.561110000000006,33.52459,33.488620000000004,33.45331,33.41866,33.38456,33.35112,33.31812,33.285560000000004,33.253550000000004,33.22198,33.190740000000005,33.15994,33.129360000000005,33.09922,33.0693,33.03960000000001,33.01023,32.980970000000006,32.951820000000005,32.92289,32.894070000000006,32.86525,32.83643,32.80772,32.77901,32.75019,32.72126,32.692330000000005,32.66329,32.63403,32.60466,32.575070000000004,32.545260000000006,32.51523,32.48498,32.45440000000001,32.42349,32.392360000000004,32.36079,32.32889,32.29666,32.2641,32.2311,32.197660000000006,32.16378,32.12946,32.0947,32.0595,32.023860000000006,31.98767,31.951040000000003,31.913860000000003,31.876240000000003,31.838070000000002,31.799350000000004,31.760190000000005,31.720480000000002,31.680220000000002,31.639410000000005,31.598160000000004,31.556250000000002,31.513900000000003,31.471000000000004,31.42755,31.383550000000003,31.339110000000005,31.294010000000004,31.24847,31.20249,31.15585,31.108770000000003,31.061250000000005,31.013180000000002,30.964560000000002,30.9155,30.866,30.816060000000004,30.76557,30.714750000000002,30.663490000000003,30.611790000000003,30.559760000000004,30.50729,30.454490000000003,30.40125,30.34779,30.294,30.239990000000002,30.185760000000002,30.131200000000003,30.076530000000005,30.021750000000004,29.96675,29.91175,29.856640000000002,29.801530000000003,29.746530000000003,29.691640000000003,29.636860000000002,29.582300000000004,29.52807,29.47406,29.42049,29.367470000000004,29.315,29.263080000000002,29.211930000000002,29.161550000000002,29.11216,29.063760000000006,29.016460000000002,28.970370000000003,28.925600000000003,28.882260000000002,28.84057,28.800530000000006,28.762360000000005,28.72617,28.69207,28.660170000000004,28.63069,28.60385,28.579650000000004,28.558200000000003,28.53994,28.52476,28.512880000000003,28.504410000000004,28.49968,28.498580000000004,28.50155,28.508480000000002,28.5197,28.53521,28.55534,28.579870000000003,28.609240000000003,28.64345,28.68261,28.726830000000003,28.776220000000002,28.830780000000004,28.890510000000003,28.955740000000002,29.02625,29.102260000000005,29.183770000000003,29.270670000000003,29.36307,29.46097,29.56437,29.673270000000002,29.787560000000003,29.907130000000006,30.032200000000003,30.162440000000004,30.297960000000003,30.43854,30.58429,30.73488,30.890530000000002,31.050910000000005,31.21591,31.385530000000003
40.90845000000001,40.7539,40.601110000000006,40.44986,40.30026,40.152420000000006,40.00612,39.861580000000004,39.71869,39.577450000000006,39.43797,39.30003,39.16385,39.02943,38.896550000000005,38.76543000000001,38.636070000000004,38.508359999999996,38.3823,38.258,38.13535,38.01435000000001,37.89511,37.77752000000001,37.66158,37.54729,37.43476,37.32388,37.21465,37.10707,37.00114,36.896860000000004,36.794230000000006,36.693250000000006,36.593810000000005,36.49613,36.39999,36.30539,36.21244,36.121140000000004,36.03127,35.94305,35.85637,35.77123,35.687630000000006,35.60557,35.52494,35.44585000000001,35.368300000000005,35.29207,35.21738,35.14423,35.0724,35.002,34.93292,34.86538,34.79905,34.73415,34.670570000000005,34.60831,34.54737,34.48764,34.429230000000004,34.37203,34.31604,34.26126,34.20769,34.15522,34.10385,34.05369,34.00452,33.95656,33.90948,33.8635,33.81851,33.7744,33.731280000000005,33.689150000000005,33.64779,33.607310000000005,33.567710000000005,33.52888,33.49082000000001,33.45342,33.416900000000005,33.38093,33.345620000000004,33.31097,33.27687,33.243320000000004,33.21043,33.177870000000006,33.145860000000006,33.114290000000004,33.08305000000001,33.05225,33.02178,32.991640000000004,32.96172,32.93202,32.90265,32.87339,32.84424,32.815310000000004,32.78638,32.75767,32.72885,32.700140000000005,32.67132,32.642500000000005,32.61368,32.58464,32.555600000000005,32.526340000000005,32.496970000000005,32.46738,32.43757,32.407540000000004,32.37729,32.34671,32.31591,32.28467,32.25321,32.22142,32.18919,32.15663,32.12374,32.090410000000006,32.05664,32.02254,31.98789,31.952910000000003,31.91738,31.881410000000002,31.845110000000002,31.80815,31.770860000000003,31.73302,31.694740000000003,31.65602,31.616750000000003,31.57693,31.53667,31.495970000000003,31.454720000000002,31.413030000000003,31.370900000000002,31.32822,31.2851,31.24154,31.197430000000004,31.15288,31.107890000000005,31.062460000000005,31.01659,30.970280000000006,30.923640000000002,30.876450000000006,30.828930000000003,30.780970000000003,30.732680000000002,30.684060000000002,30.635000000000005,30.585720000000002,30.536000000000005,30.486060000000002,30.435790000000004,30.385300000000004,30.334590000000002,30.28366,30.232510000000005,30.181140000000003,30.12977,30.078180000000003,30.026590000000002,29.974890000000002,29.9233,29.87171,29.820120000000003,29.76875,29.7176,29.66656,29.61596,29.565580000000004,29.51564,29.466250000000002,29.4173,29.369010000000003,29.32149,29.274630000000002,29.22876,29.183770000000003,29.13988,29.09709,29.055510000000005,29.015360000000005,28.976750000000003,28.939680000000003,28.90426,28.870820000000005,28.839250000000003,28.80977,28.782600000000002,28.757740000000002,28.73541,28.71572,28.698890000000002,28.684920000000005,28.674030000000002,28.666440000000005,28.662260000000003,28.661490000000004,28.664460000000002,28.67117,28.681840000000005,28.696690000000004,28.71561,28.738930000000003,28.766650000000002,28.798990000000003,28.835950000000004,28.877640000000003,28.92428,28.97587,29.032410000000002,29.094010000000004,29.16078,29.23283,29.31005,29.392440000000004,29.480220000000003,29.57328,29.67162,29.775240000000004,29.884140000000002,29.998210000000004,30.11756,30.241970000000002,30.37155,30.506190000000004,30.64589,30.79043,30.93981,31.09392,31.252650000000003,31.416,31.58386
40.943760000000005,40.78844,40.63477,40.48264,40.33216,40.183220000000006,40.03604,39.89040000000001,39.746520000000004,39.60418,39.46349000000001,39.32445,39.18717,39.05143,38.91745,38.785120000000006,38.65444,38.52541,38.398030000000006,38.2723,38.14822,38.02590000000001,37.90523,37.786210000000004,37.668730000000004,37.55301,37.43894000000001,37.32652,37.21575000000001,37.10663,36.999159999999996,36.89334,36.789060000000006,36.68643000000001,36.58545000000001,36.48612,36.38833,36.292080000000006,36.19748,36.104530000000004,36.01301,35.923140000000004,35.834810000000004,35.74802,35.66277,35.579060000000005,35.49678,35.41615,35.33684,35.25907,35.182840000000006,35.10804,35.03467,34.96262,34.89211,34.82292,34.755160000000004,34.68883,34.62382,34.56002,34.49765,34.436600000000006,34.376760000000004,34.31824,34.26104,34.20494000000001,34.15005,34.09637,34.04390000000001,33.99253,33.942260000000005,33.89309,33.845020000000005,33.79805,33.75207,33.706970000000005,33.66297,33.61985000000001,33.57772000000001,33.53647,33.495990000000006,33.45639,33.41767,33.37961,33.34232,33.3058,33.269940000000005,33.23474,33.20009,33.1661,33.13266,33.09977,33.06732,33.03542,33.00385,32.97272,32.94203,32.91156,32.88153,32.85172000000001,32.82213,32.79276,32.7635,32.734460000000006,32.70553,32.67671,32.648,32.61929,32.59058,32.561870000000006,32.53305,32.50423,32.475300000000004,32.44626,32.41711,32.38774,32.35815,32.328450000000004,32.29842000000001,32.268170000000005,32.237700000000004,32.206900000000005,32.17588000000001,32.144420000000004,32.11274,32.08062,32.04828,32.015390000000004,31.982280000000003,31.948620000000002,31.914740000000002,31.88031,31.845550000000003,31.81024,31.774600000000003,31.738520000000005,31.702,31.665040000000005,31.627640000000003,31.589800000000004,31.551520000000004,31.512690000000003,31.473530000000004,31.433930000000004,31.393890000000003,31.353300000000004,31.312380000000005,31.271020000000004,31.22922,31.186980000000002,31.14441,31.101400000000005,31.05795,31.014170000000004,30.96995,30.925400000000003,30.88041,30.835200000000004,30.789550000000002,30.74368,30.697480000000002,30.65095,30.604090000000003,30.55712,30.50982,30.462190000000003,30.41456,30.366600000000005,30.318530000000003,30.27035,30.222060000000003,30.17366,30.125150000000005,30.076750000000004,30.028240000000004,29.979840000000003,29.93155,29.88337,29.835300000000004,29.787450000000003,29.739930000000005,29.692630000000005,29.645770000000002,29.59924,29.55326,29.507830000000002,29.462950000000003,29.41884,29.37539,29.33282,29.291240000000002,29.25054,29.21105,29.172660000000004,29.1357,29.100060000000003,29.065850000000005,29.03329,29.00249,28.973560000000003,28.946500000000004,28.921640000000004,28.898870000000002,28.87852,28.8607,28.84541,28.832870000000003,28.82319,28.81659,28.813180000000003,28.812960000000004,28.816150000000004,28.82297,28.83353,28.847830000000002,28.866090000000003,28.888420000000004,28.914930000000002,28.94573,28.98093,29.020640000000004,29.064860000000003,29.11392,29.1676,29.22623,29.2897,29.358120000000003,29.431600000000003,29.510030000000004,29.593630000000005,29.682180000000002,29.7759,29.87479,29.978740000000002,30.08775,30.20182,30.32084,30.44492,30.57395,30.70793,30.846640000000004,30.990190000000002,31.13847,31.29126,31.448670000000003,31.610480000000003,31.776690000000002
40.97643,40.82023,40.66557,40.51256,40.36109,40.21116,40.062990000000006,39.916250000000005,39.77127000000001,39.62783,39.48604,39.34579000000001,39.207300000000004,39.070350000000005,38.935050000000004,38.8014,38.66940000000001,38.53905,38.41035000000001,38.2833,38.157900000000005,38.034040000000005,37.91194000000001,37.791380000000004,37.67258,37.55532,37.43971,37.32575,37.21344,37.10278,36.993660000000006,36.88619,36.780370000000005,36.67609000000001,36.573460000000004,36.47248,36.37304,36.27525,36.179,36.08429,35.99112,35.89960000000001,35.80962,35.72118,35.63428,35.54892,35.4651,35.38271,35.30186,35.22255,35.144670000000005,35.068220000000004,34.99331,34.919720000000005,34.84767,34.77705,34.707750000000004,34.639880000000005,34.57344,34.508320000000005,34.444520000000004,34.38215,34.32099,34.26115,34.20252,34.145210000000006,34.089110000000005,34.034220000000005,33.980650000000004,33.92807,33.876810000000006,33.82654,33.777480000000004,33.72941,33.68244,33.63646000000001,33.59158,33.54758,33.50468,33.46255,33.42141,33.38104,33.341550000000005,33.30294000000001,33.265100000000004,33.227920000000005,33.19151,33.15576,33.120670000000004,33.086240000000004,33.05247,33.01914,32.986360000000005,32.954130000000006,32.922340000000005,32.89088,32.859970000000004,32.829280000000004,32.79903,32.769110000000005,32.73941000000001,32.70993,32.680670000000006,32.651630000000004,32.6227,32.593880000000006,32.56517,32.536570000000005,32.50786000000001,32.479260000000004,32.45066,32.42195,32.39324,32.36442,32.33538,32.30634,32.277080000000005,32.2476,32.21790000000001,32.18798,32.15784,32.127480000000006,32.09679,32.06588,32.03464,32.00296,31.97106,31.938830000000003,31.906160000000003,31.873160000000002,31.839830000000003,31.806060000000002,31.771960000000004,31.737420000000004,31.702550000000002,31.667240000000003,31.631490000000003,31.5953,31.558780000000006,31.52182,31.484530000000003,31.446800000000003,31.408630000000002,31.370020000000004,31.331080000000004,31.291700000000002,31.251990000000003,31.211840000000006,31.17136,31.130550000000003,31.089300000000005,31.047720000000005,31.005810000000004,30.963680000000004,30.921110000000002,30.878210000000003,30.835090000000005,30.79164,30.747970000000002,30.70397,30.659750000000003,30.615310000000004,30.57076,30.525880000000004,30.480890000000002,30.435790000000004,30.390470000000004,30.345150000000004,30.299720000000004,30.25418,30.208640000000003,30.1631,30.11756,30.07213,30.0267,29.981490000000004,29.936390000000003,29.89151,29.846850000000003,29.80252,29.758520000000004,29.714850000000002,29.67162,29.628940000000004,29.58681,29.545230000000004,29.50431,29.46427,29.42489,29.3865,29.348990000000004,29.312690000000003,29.27738,29.243390000000005,29.210610000000003,29.179370000000006,29.149670000000004,29.12151,29.095110000000002,29.070580000000003,29.04792,29.02746,29.009200000000003,28.99314,28.97961,28.96861,28.96036,28.954860000000004,28.952330000000003,28.952990000000003,28.956730000000004,28.963770000000004,28.97444,28.988520000000005,29.00645,29.02812,29.053640000000005,29.08334,29.11711,29.155170000000002,29.19763,29.244490000000003,29.29586,29.35174,29.41235,29.47769,29.54776,29.622670000000003,29.702530000000003,29.78712,29.87677,29.971260000000004,30.070590000000003,30.17498,30.28421,30.39839,30.517300000000002,30.641160000000003,30.769750000000002,30.90307,31.041120000000003,31.183790000000002,31.330970000000004,31.482770000000002,31.63886,31.799350000000004,31.96402
41.00646,40.849270000000004,40.69373000000001,40.53962,40.38716000000001,40.23624,40.08697000000001,39.939240000000005,39.79305,39.6484,39.50551,39.36405,39.22435,39.08619,38.94957000000001,38.814600000000006,38.68128,38.54961,38.41948,38.291000000000004,38.16417,38.038880000000006,37.915240000000004,37.79325000000001,37.67291,37.55411,37.436960000000006,37.32146000000001,37.20761,37.0953,36.98464,36.87552000000001,36.76805,36.66223000000001,36.55795,36.45532,36.35423000000001,36.25468,36.15678,36.06042000000001,35.96571,35.87243,35.7808,35.69071,35.602160000000005,35.51515,35.42968,35.34564,35.26325,35.18229,35.10287,35.02488,34.94832,34.8733,34.799710000000005,34.72755,34.65682,34.587520000000005,34.51965,34.453100000000006,34.387980000000006,34.324070000000006,34.2617,34.200540000000004,34.1407,34.08218,34.02487,33.968770000000006,33.913990000000005,33.860420000000005,33.807950000000005,33.7568,33.70664,33.65769,33.609730000000006,33.562870000000004,33.51711,33.47234,33.428560000000004,33.38577,33.34386,33.30283000000001,33.26268,33.22341,33.18502,33.147290000000005,33.110440000000004,33.07425,33.038720000000005,33.00385,32.969640000000005,32.93598,32.90287,32.87031,32.838300000000004,32.80673,32.775490000000005,32.744800000000005,32.714330000000004,32.6843,32.65449,32.62501,32.59575,32.5666,32.53778,32.50896,32.480360000000005,32.45176,32.42327,32.394780000000004,32.36629,32.3378,32.30931,32.28071,32.25189,32.22307000000001,32.194140000000004,32.16499,32.13562,32.10614,32.07633,32.0463,32.01605,31.985580000000002,31.954780000000003,31.923650000000002,31.892190000000003,31.86051,31.828390000000002,31.79605,31.763270000000002,31.730160000000005,31.696720000000003,31.662840000000003,31.62874,31.594090000000005,31.559220000000003,31.523910000000004,31.48816,31.45219,31.41578,31.37893,31.34175,31.304240000000004,31.2664,31.22823,31.18962,31.15079,31.111520000000002,31.07203,31.03221,30.992060000000006,30.95169,30.91099,30.869960000000003,30.82882,30.78735,30.745770000000004,30.703860000000002,30.661840000000005,30.619600000000002,30.577250000000003,30.53468,30.49211,30.449320000000004,30.40653,30.363630000000004,30.32084,30.277940000000005,30.23504,30.192140000000002,30.14946,30.106780000000004,30.064210000000003,30.021860000000004,29.979730000000004,29.937820000000002,29.896130000000003,29.854770000000002,29.813850000000002,29.773260000000004,29.733220000000003,29.693620000000003,29.654570000000003,29.616180000000004,29.578450000000004,29.54138,29.505190000000002,29.469880000000003,29.435450000000003,29.40212,29.36989,29.338760000000004,29.308950000000003,29.28046,29.253510000000002,29.227990000000005,29.204230000000003,29.18212,29.161880000000004,29.143620000000002,29.12734,29.113370000000003,29.1016,29.092250000000003,29.08543,29.081360000000004,29.07993,29.081470000000003,29.085980000000003,29.09357,29.104460000000003,29.11876,29.136470000000003,29.157810000000005,29.182780000000005,29.211600000000004,29.24438,29.28112,29.322040000000005,29.36714,29.416420000000002,29.47021,29.528290000000005,29.59099,29.6582,29.729920000000003,29.80637,29.887550000000005,29.973350000000003,30.06399,30.159250000000004,30.259350000000005,30.36418,30.47374,30.588030000000003,30.707050000000002,30.83069,30.958950000000005,31.09183,31.22933,31.371230000000004,31.517640000000004,31.668340000000004,31.823330000000002,31.98261,32.14607
41.03374000000001,40.87567000000001,40.719030000000004,40.56404,40.41048000000001,40.25846,40.108090000000004,39.95915000000001,39.81186,39.66611,39.5219,39.37934,39.23832,39.09884000000001,38.9609,38.824720000000006,38.68997,38.556869999999996,38.42531,38.2954,38.16714,38.040420000000005,37.915350000000004,37.79182,37.66994,37.549600000000005,37.430910000000004,37.31376,37.198260000000005,37.08441,36.9721,36.86144,36.752320000000005,36.644740000000006,36.538810000000005,36.43453000000001,36.331790000000005,36.23059000000001,36.131040000000006,36.033030000000004,35.93656000000001,35.84174,35.74846000000001,35.65661000000001,35.566410000000005,35.47775,35.39063,35.30505,35.22101000000001,35.138510000000004,35.05744,34.97791,34.89981,34.82325,34.74812000000001,34.674530000000004,34.60237000000001,34.531530000000004,34.462230000000005,34.394360000000006,34.32781000000001,34.26269,34.198890000000006,34.136520000000004,34.07536,34.01563,33.95722000000001,33.900020000000005,33.84414,33.78936,33.73601,33.68365000000001,33.63261,33.58267,33.53383,33.486200000000004,33.43956,33.394020000000005,33.349470000000004,33.305910000000004,33.26334,33.221650000000004,33.18095,33.141130000000004,33.10208,33.06391,33.02651,32.98988,32.95402000000001,32.918820000000004,32.884170000000005,32.85029,32.81696,32.78407,32.75184,32.72005,32.688700000000004,32.657900000000005,32.627320000000005,32.59718,32.567370000000004,32.537890000000004,32.508520000000004,32.47948,32.45066,32.42195,32.393460000000005,32.36497,32.3367,32.30832,32.28005,32.251780000000004,32.223510000000005,32.195130000000006,32.16664,32.138040000000004,32.109440000000006,32.08062,32.05158,32.02243,31.99306,31.963470000000004,31.933660000000003,31.903520000000004,31.873160000000002,31.842580000000005,31.811670000000003,31.780540000000002,31.748970000000003,31.717180000000003,31.685060000000004,31.6525,31.619720000000004,31.586610000000004,31.55317,31.51929,31.485190000000003,31.450650000000003,31.41578,31.380580000000002,31.345160000000003,31.309300000000004,31.273110000000003,31.23659,31.19985,31.16278,31.125380000000003,31.087650000000004,31.0497,31.01142,30.972920000000002,30.934200000000004,30.895260000000004,30.8561,30.816720000000004,30.77712,30.737300000000005,30.697370000000003,30.65733,30.61718,30.57692,30.536550000000002,30.496070000000003,30.455590000000004,30.415,30.37452,30.33404,30.293560000000003,30.253080000000004,30.212820000000004,30.172560000000004,30.132520000000003,30.0927,30.052990000000005,30.013610000000003,29.974450000000004,29.935620000000004,29.897120000000005,29.859060000000003,29.82144,29.78426,29.74763,29.711550000000003,29.676130000000004,29.641370000000002,29.607270000000003,29.574050000000003,29.541710000000005,29.510250000000003,29.479890000000005,29.45052,29.422250000000002,29.395190000000003,29.369560000000003,29.34514,29.322370000000003,29.30103,29.28134,29.263520000000003,29.24746,29.233380000000004,29.221390000000003,29.211490000000005,29.2039,29.19873,29.195980000000002,29.19587,29.198510000000002,29.2039,29.21226,29.2237,29.238220000000005,29.256040000000002,29.27738,29.302020000000002,29.330400000000004,29.362410000000004,29.39816,29.437870000000004,29.481540000000003,29.52928,29.581090000000003,29.637190000000004,29.69747,29.762150000000002,29.83123,29.90471,29.982810000000004,30.065310000000004,30.152320000000003,30.24395,30.340200000000003,30.440960000000004,30.546450000000004,30.65634,30.770960000000002,30.889980000000005,31.01362,31.141770000000005,31.274320000000003,31.411270000000005,31.552620000000005,31.698260000000005,31.848190000000002,32.002300000000005,32.16048,32.32262
41.05838000000001,40.89932,40.741690000000006,40.58560000000001,40.43105,40.277930000000005,40.12635,39.976310000000005,39.82781,39.68085000000001,39.53543,39.39155,39.249210000000005,39.10852,38.969260000000006,38.83165,38.69547000000001,38.56105000000001,38.42806000000001,38.29672,38.166920000000005,38.03866,37.91205,37.78698,37.663560000000004,37.54168,37.42145000000001,37.30265,37.185610000000004,37.07011,36.95615,36.84384,36.733070000000005,36.62384000000001,36.51626,36.41022,36.30583,36.202980000000004,36.101780000000005,36.002010000000006,35.90389,35.80742,35.71238,35.61899,35.52714000000001,35.43683,35.348060000000004,35.260830000000006,35.17514,35.090990000000005,35.00838,34.92731,34.84778,34.76968,34.69301,34.61788000000001,34.544290000000004,34.47213,34.4014,34.332100000000004,34.264230000000005,34.197790000000005,34.13267,34.06898,34.00672,33.94578,33.886160000000004,33.82786,33.770880000000005,33.71511,33.66066,33.607420000000005,33.55539,33.50457,33.45485,33.40634,33.35893,33.31262,33.2673,33.22308,33.17985,33.13761,33.09625,33.05588,33.01639,32.97778,32.93994,32.90287,32.86657,32.83104,32.796170000000004,32.76196,32.728410000000004,32.69541,32.662960000000005,32.631060000000005,32.5996,32.568580000000004,32.538000000000004,32.50786000000001,32.47805,32.448460000000004,32.41931,32.39027,32.361560000000004,32.33296,32.30458,32.2762,32.24804,32.21999,32.19183,32.16378,32.13573,32.10768,32.07952,32.05125,32.022870000000005,31.994380000000003,31.965780000000002,31.936960000000003,31.908030000000004,31.878770000000003,31.849400000000003,31.81981,31.78989,31.75986,31.729390000000002,31.69881,31.667790000000004,31.636550000000003,31.60498,31.573190000000004,31.54107,31.508620000000004,31.47584,31.44273,31.409290000000002,31.37563,31.34164,31.30721,31.27267,31.237690000000004,31.20249,31.167070000000002,31.131320000000006,31.095240000000004,31.05894,31.022420000000004,30.985680000000002,30.948720000000005,30.911540000000006,30.87414,30.836630000000003,30.7989,30.760950000000005,30.723000000000003,30.68483,30.646660000000004,30.608380000000004,30.569990000000004,30.5316,30.493100000000002,30.454710000000002,30.416320000000002,30.377930000000003,30.33954,30.301370000000002,30.2632,30.225250000000003,30.187410000000003,30.149900000000002,30.1125,30.07532,30.038470000000004,30.00195,29.96576,29.929900000000004,29.89448,29.85961,29.825180000000003,29.7913,29.758080000000003,29.72541,29.693510000000003,29.66227,29.63191,29.602320000000002,29.573720000000005,29.546110000000002,29.51949,29.49397,29.469660000000005,29.44667,29.425,29.404650000000004,29.385840000000005,29.36868,29.353060000000003,29.33931,29.327430000000003,29.317420000000002,29.309500000000003,29.303670000000004,29.300150000000006,29.29894,29.300150000000006,29.304000000000002,29.310490000000005,29.31973,29.33183,29.34701,29.36516,29.38661,29.411250000000003,29.439300000000003,29.47087,29.50596,29.54479,29.587360000000004,29.633780000000005,29.684160000000006,29.738500000000002,29.796910000000004,29.85939,29.926160000000003,29.997110000000003,30.072350000000004,30.151880000000002,30.235920000000004,30.324250000000003,30.416980000000002,30.514110000000006,30.615750000000002,30.721790000000002,30.832340000000002,30.947180000000003,31.066530000000004,31.190170000000006,31.318210000000004,31.450650000000003,31.58727,31.728070000000002,31.873160000000002,32.02232,32.17555,32.33285,32.494
41.0806,40.920440000000006,40.76182,40.60463,40.44887000000001,40.294650000000004,40.14197,39.99072000000001,39.84101,39.692730000000005,39.5461,39.40090000000001,39.25724,39.11512,38.97454,38.8355,38.698,38.562039999999996,38.42762,38.294740000000004,38.16351,38.03371,37.90556000000001,37.77895,37.65388000000001,37.530460000000005,37.40858000000001,37.28824000000001,37.16955000000001,37.0524,36.93679,36.822720000000004,36.710300000000004,36.59942,36.49019,36.38250000000001,36.27635,36.17185,36.06889,35.967580000000005,35.8677,35.76947,35.67289000000001,35.577740000000006,35.48424000000001,35.39228,35.30186,35.21309,35.125750000000004,35.040060000000004,34.9558,34.87319,34.792010000000005,34.71248,34.63438000000001,34.55771,34.482690000000005,34.4091,34.33694,34.26632,34.19713,34.12937,34.06304,33.99814,33.934560000000005,33.87241,33.811690000000006,33.75229,33.694210000000005,33.63745,33.582010000000004,33.52778000000001,33.47487,33.42317,33.37257,33.32329,33.275110000000005,33.228030000000004,33.182050000000004,33.137170000000005,33.09339000000001,33.05049,33.00869,32.96777,32.92784,32.88879000000001,32.85051,32.81311,32.77648000000001,32.74073,32.70553,32.6711,32.637330000000006,32.604110000000006,32.57155,32.53954,32.50797000000001,32.47695,32.44637,32.416230000000006,32.38642,32.35694,32.32779,32.298860000000005,32.27026,32.24177,32.2135,32.18545,32.1574,32.12957,32.10174,32.073910000000005,32.04608,32.01825,31.990420000000004,31.962480000000003,31.934540000000005,31.906380000000002,31.878110000000003,31.84973,31.821130000000004,31.792420000000003,31.763490000000004,31.734340000000003,31.704970000000003,31.67527,31.645460000000003,31.61532,31.584850000000003,31.554270000000002,31.52325,31.492120000000003,31.46055,31.428760000000004,31.396640000000005,31.364300000000004,31.331630000000004,31.298740000000002,31.265520000000006,31.231970000000004,31.1982,31.16421,31.130000000000003,31.095460000000003,31.0607,31.025720000000003,30.990520000000004,30.9551,30.91957,30.883820000000004,30.847850000000005,30.811880000000002,30.775690000000004,30.739390000000004,30.70298,30.66646,30.629940000000005,30.593310000000002,30.556790000000003,30.52016,30.483530000000002,30.44701,30.410600000000002,30.374190000000002,30.33789,30.301700000000004,30.26573,30.229870000000002,30.194340000000004,30.158920000000002,30.12383,30.089070000000003,30.05453,30.02043,29.986660000000004,29.95333,29.92044,29.8881,29.85631,29.825070000000004,29.79438,29.76446,29.735200000000003,29.7066,29.67888,29.65204,29.62619,29.60122,29.577240000000003,29.554360000000003,29.532690000000002,29.512230000000002,29.493090000000002,29.475270000000002,29.45888,29.44403,29.43083,29.419280000000004,29.40949,29.401570000000003,29.39563,29.39167,29.3898,29.390240000000002,29.39299,29.39816,29.405860000000004,29.416090000000004,29.42907,29.444910000000004,29.463610000000003,29.485390000000002,29.510250000000003,29.538300000000003,29.569650000000003,29.60441,29.642580000000002,29.684380000000004,29.729810000000004,29.77898,29.831890000000005,29.888650000000005,29.949370000000002,30.01416,30.082910000000002,30.15584,30.232840000000003,30.314020000000003,30.39949,30.489140000000003,30.583080000000002,30.68131,30.783720000000002,30.890530000000002,31.001630000000002,31.116910000000004,31.23659,31.36045,31.488490000000006,31.620710000000003,31.757110000000004,31.897690000000004,32.04223,32.19084,32.34341,32.49983,32.66021
41.10018,40.93903,40.7792,40.62091,40.46405,40.308730000000004,40.15473,40.00227,39.85135,39.70186,39.5538,39.40728000000001,39.2623,39.118860000000005,38.976850000000006,38.83638,38.69745,38.55995,38.4241,38.289680000000004,38.15691,38.02557,37.895880000000005,37.76773,37.64101,37.51594000000001,37.39241,37.27053,37.15008,37.03128,36.91402,36.798300000000005,36.68423,36.57159,36.46071,36.35126,36.24346,36.1372,36.032590000000006,35.929520000000004,35.82799000000001,35.72811,35.62977000000001,35.532970000000006,35.43782,35.344210000000004,35.252140000000004,35.16172,35.07273,34.98539,34.8997,34.81544,34.73283,34.651650000000004,34.572120000000005,34.494020000000006,34.41746,34.34244,34.26896000000001,34.19702,34.126400000000004,34.057430000000004,33.98978,33.92367,33.85899,33.79574,33.733810000000005,33.67331000000001,33.61424,33.556490000000004,33.500060000000005,33.44495,33.39105,33.33847,33.28721,33.23705,33.1881,33.14036,33.093720000000005,33.04829,33.00385,32.96051,32.91816,32.8768,32.83632,32.796940000000006,32.75833,32.720600000000005,32.68375,32.647560000000006,32.61225,32.577600000000004,32.54372,32.51039,32.477720000000005,32.4456,32.414030000000004,32.383010000000006,32.352430000000005,32.32218,32.292480000000005,32.263110000000005,32.23407,32.20525,32.17676,32.14849,32.12044,32.09261,32.06478,32.03717,32.00956,31.982060000000004,31.954560000000004,31.92706,31.899560000000005,31.871950000000002,31.844340000000003,31.81651,31.788680000000003,31.760740000000002,31.732580000000002,31.7042,31.675710000000002,31.647000000000002,31.618180000000002,31.589030000000005,31.55966,31.530070000000002,31.500260000000004,31.470120000000005,31.439760000000003,31.409180000000003,31.378270000000004,31.347140000000003,31.315790000000003,31.284110000000005,31.252100000000006,31.21998,31.187530000000002,31.154860000000003,31.12197,31.08875,31.05542,31.02187,30.988100000000003,30.954110000000004,30.920010000000005,30.885690000000004,30.851260000000003,30.816720000000004,30.78196,30.747200000000003,30.712330000000005,30.677460000000004,30.642480000000003,30.6075,30.57252,30.53754,30.502560000000003,30.467690000000005,30.432820000000003,30.39817,30.363520000000005,30.3292,30.294880000000003,30.26089,30.22701,30.19346,30.160130000000002,30.127130000000005,30.09446,30.062230000000003,30.030330000000003,29.99887,29.967850000000002,29.93727,29.907350000000005,29.87787,29.849050000000002,29.820890000000002,29.793390000000002,29.76666,29.7407,29.715510000000002,29.691200000000002,29.667770000000004,29.64544,29.623990000000003,29.603640000000006,29.584500000000002,29.566570000000002,29.54985,29.53445,29.520480000000003,29.50794,29.496940000000002,29.48759,29.480000000000004,29.47406,29.470100000000002,29.468010000000003,29.468010000000003,29.470100000000002,29.47439,29.480880000000003,29.489900000000002,29.501340000000003,29.515310000000003,29.532030000000002,29.5515,29.573720000000005,29.599020000000003,29.627180000000003,29.658640000000002,29.69318,29.73102,29.772270000000002,29.817040000000002,29.865220000000004,29.91703,29.972580000000004,30.03187,30.094900000000003,30.16189,30.232730000000004,30.30753,30.386400000000002,30.469230000000003,30.556130000000003,30.64721,30.742360000000005,30.841690000000003,30.945090000000004,31.052670000000003,31.164430000000003,31.280260000000002,31.400270000000003,31.52446,31.65261,31.784940000000002,31.921230000000005,32.06148,32.205690000000004,32.353860000000005,32.505880000000005,32.66164,32.82114
41.11734,40.954980000000006,40.794160000000005,40.634660000000004,40.4767,40.320060000000005,40.16485,40.01118,39.858940000000004,39.708130000000004,39.55875,39.41091,39.264500000000005,39.11963,38.97619,38.83429,38.69382,38.55489000000001,38.4175,38.28154000000001,38.14723,38.01435000000001,37.883010000000006,37.75321,37.624950000000005,37.49823000000001,37.37305,37.249410000000005,37.12731,37.00686,36.887840000000004,36.77047,36.65464000000001,36.54046,36.427710000000005,36.31661,36.20705,36.099140000000006,35.99277000000001,35.88794,35.78476,35.68312,35.583130000000004,35.484680000000004,35.387769999999996,35.29251,35.19879,35.10672,35.01619,34.92731,34.83986,34.75417,34.66991,34.587300000000006,34.50623,34.426700000000004,34.348710000000004,34.27237,34.19746,34.12409,34.052260000000004,33.981970000000004,33.91311,33.84579,33.779900000000005,33.71555,33.65252,33.59103,33.530860000000004,33.472120000000004,33.4147,33.35871,33.30393,33.25058,33.19844,33.14762,33.09801,33.04961,33.00231,32.95622,32.91123,32.867450000000005,32.82455,32.78275,32.74205,32.70212,32.66329,32.62523,32.58816,32.551750000000006,32.516220000000004,32.481460000000006,32.44747,32.414030000000004,32.38125,32.34913,32.31756,32.28654,32.25596,32.22593,32.19623000000001,32.16697,32.13815,32.109550000000006,32.08117,32.05312,32.025290000000005,31.997680000000003,31.970180000000003,31.942790000000006,31.91551,31.888230000000004,31.861060000000002,31.833890000000004,31.806720000000002,31.77955,31.752270000000003,31.724880000000006,31.697380000000003,31.669880000000003,31.64216,31.614220000000003,31.586280000000002,31.558010000000003,31.52963,31.500920000000004,31.472100000000005,31.44306,31.413800000000002,31.38421,31.354510000000005,31.324480000000005,31.294230000000002,31.263650000000005,31.232960000000002,31.201940000000004,31.170810000000003,31.13935,31.107670000000002,31.075770000000002,31.043650000000003,31.01131,30.978860000000005,30.94619,30.913410000000002,30.88041,30.8473,30.81408,30.780750000000005,30.747310000000002,30.713760000000004,30.680210000000002,30.646660000000004,30.613110000000002,30.57945,30.5459,30.512460000000004,30.479020000000006,30.445690000000003,30.412470000000003,30.379360000000002,30.346470000000004,30.31369,30.281130000000005,30.248900000000003,30.216890000000003,30.18521,30.153750000000002,30.12273,30.092040000000004,30.061790000000002,30.03198,30.00261,29.97368,29.9453,29.917580000000005,29.890410000000003,29.863900000000005,29.83794,29.81286,29.788440000000005,29.764790000000005,29.742020000000004,29.72002,29.69912,29.679100000000005,29.66007,29.64214,29.625420000000005,29.6098,29.595500000000005,29.582410000000003,29.570750000000004,29.560520000000004,29.551720000000003,29.54457,29.538960000000003,29.535220000000002,29.53313,29.53291,29.534670000000002,29.538520000000002,29.54435,29.552380000000003,29.562720000000002,29.575480000000002,29.590550000000004,29.60826,29.628610000000002,29.651490000000003,29.67734,29.705940000000005,29.73751,29.772160000000003,29.810000000000002,29.850920000000002,29.89514,29.942770000000003,29.99381,30.048370000000002,30.106450000000002,30.16816,30.233610000000002,30.302690000000002,30.37562,30.452400000000004,30.533030000000004,30.617620000000002,30.70606,30.79857,30.895040000000005,30.995470000000005,31.099860000000003,31.208320000000004,31.320850000000004,31.437340000000003,31.557900000000004,31.68231,31.810790000000004,31.943120000000004,32.07941,32.219550000000005,32.36354,32.51138,32.662960000000005,32.81817,32.97712
41.13197,40.96862,40.80659,40.645880000000005,40.48671,40.32886,40.17244000000001,40.01734,39.863780000000006,39.711650000000006,39.560950000000005,39.411680000000004,39.26384,39.117540000000005,38.97267,38.82923,38.68733,38.54686,38.40782000000001,38.270430000000005,38.13447000000001,37.99994,37.86706,37.73561000000001,37.6057,37.47733000000001,37.350390000000004,37.225100000000005,37.10135,36.97914000000001,36.858470000000004,36.739340000000006,36.62175,36.505810000000004,36.39141000000001,36.27855,36.16723,36.05756,35.94943000000001,35.84295,35.73801,35.63461,35.53286,35.43276,35.3342,35.23729000000001,35.14192,35.0482,34.95602,34.86549,34.776610000000005,34.68927,34.60347,34.51932,34.436820000000004,34.35586000000001,34.27644,34.19867,34.12233,34.04775,33.9746,33.90299,33.83292,33.764390000000006,33.6974,33.631840000000004,33.567710000000005,33.505120000000005,33.44407,33.38434,33.32604,33.26906,33.21351,33.15939,33.106480000000005,33.05489,33.00462,32.95556,32.90771,32.861070000000005,32.81564,32.77131000000001,32.727970000000006,32.685840000000006,32.6447,32.60455,32.56539,32.52711,32.48971,32.453300000000006,32.417550000000006,32.38268,32.348580000000005,32.31514000000001,32.282360000000004,32.250240000000005,32.21867,32.187650000000005,32.15729,32.12726000000001,32.09778,32.068630000000006,32.03992,32.011540000000004,31.983380000000004,31.955550000000002,31.928050000000002,31.900660000000002,31.87338,31.846320000000002,31.819370000000003,31.792530000000003,31.765690000000003,31.738850000000003,31.712010000000003,31.685170000000003,31.658330000000003,31.631380000000004,31.604320000000005,31.57715,31.549870000000002,31.52248,31.494870000000002,31.467150000000004,31.439210000000003,31.411160000000002,31.382780000000004,31.354290000000006,31.325470000000003,31.296540000000004,31.267390000000002,31.237910000000003,31.208320000000004,31.178400000000003,31.148370000000003,31.118010000000005,31.08743,31.05674,31.025830000000003,30.9947,30.963350000000002,30.931890000000003,30.900210000000005,30.868420000000004,30.836520000000004,30.804510000000004,30.772390000000005,30.74016,30.70793,30.675590000000003,30.643250000000005,30.61091,30.578570000000003,30.546230000000005,30.514,30.48177,30.44976,30.41786,30.38607,30.354390000000002,30.323040000000002,30.291800000000002,30.26089,30.2302,30.199840000000002,30.169810000000002,30.14011,30.110850000000003,30.082030000000003,30.05354,30.0256,29.998100000000004,29.971260000000004,29.944860000000002,29.919120000000003,29.894040000000004,29.86962,29.845860000000002,29.82287,29.80065,29.779200000000003,29.758630000000004,29.738940000000003,29.72024,29.702530000000003,29.685810000000004,29.67019,29.655670000000004,29.642360000000004,29.63026,29.619480000000003,29.610020000000002,29.60188,29.595280000000002,29.590220000000006,29.58681,29.58494,29.58483,29.58659,29.59011,29.595610000000004,29.60309,29.61277,29.624540000000003,29.63851,29.6549,29.67371,29.694940000000003,29.71881,29.745210000000004,29.77447,29.806480000000004,29.841350000000002,29.87919,29.92011,29.964110000000005,30.011410000000005,30.0619,30.115690000000004,30.172890000000002,30.233500000000003,30.29774,30.36539,30.436780000000002,30.5118,30.590560000000004,30.67306,30.759300000000003,30.84939,30.94333,31.041120000000003,31.142760000000003,31.248250000000002,31.357700000000005,31.471000000000004,31.588260000000002,31.70926,31.834220000000002,31.963030000000003,32.095580000000005,32.23198,32.37212,32.516,32.66351,32.81476000000001,32.969530000000006,33.12793
41.144290000000005,40.97973,40.81649,40.65468,40.494080000000004,40.33502,40.17728,40.020970000000005,39.86598,39.71253,39.5604,39.4097,39.26043,39.112590000000004,38.96629000000001,38.821310000000004,38.677870000000006,38.53586000000001,38.39528000000001,38.25624,38.11863,37.98256000000001,37.84792000000001,37.71482,37.58326,37.45324,37.324650000000005,37.19760000000001,37.07209,36.94812,36.82569,36.70491,36.58556,36.46786,36.35159,36.23697000000001,36.12400000000001,36.012570000000004,35.902680000000004,35.79444,35.68774,35.58269000000001,35.47918,35.377320000000005,35.27711,35.17855,35.08153,34.98605,34.89233,34.80015,34.70962,34.620740000000005,34.53351000000001,34.44782,34.36378,34.28139,34.200540000000004,34.121340000000004,34.04368,33.967670000000005,33.89331000000001,33.82049,33.749210000000005,33.67947,33.611270000000005,33.544610000000006,33.479490000000006,33.415910000000004,33.35376,33.293150000000004,33.23386,33.17611,33.11979,33.06479,33.01122,32.95897000000001,32.90804,32.858320000000006,32.809920000000005,32.762840000000004,32.716860000000004,32.672090000000004,32.62842,32.58585,32.544380000000004,32.50401,32.46452000000001,32.42613,32.38862,32.35188,32.31613,32.281150000000004,32.24705,32.2135,32.18083,32.14871,32.117250000000006,32.08645,32.056090000000005,32.02628,31.996910000000003,31.967980000000004,31.939490000000003,31.911330000000003,31.8835,31.855890000000002,31.82861,31.801550000000002,31.774600000000003,31.747870000000002,31.72125,31.694740000000003,31.668230000000005,31.641830000000002,31.61543,31.58892,31.562520000000003,31.536010000000005,31.509390000000003,31.482660000000003,31.455820000000003,31.428870000000003,31.401810000000005,31.374530000000004,31.347140000000003,31.319530000000004,31.291700000000002,31.263650000000005,31.235490000000002,31.207000000000004,31.178400000000003,31.14958,31.120540000000002,31.091280000000005,31.0618,31.0321,31.002290000000006,30.972260000000002,30.942010000000003,30.911650000000005,30.88107,30.85038,30.819580000000006,30.78867,30.757540000000002,30.72652,30.695280000000004,30.664040000000004,30.6328,30.601560000000003,30.570320000000002,30.539080000000002,30.507950000000005,30.47682,30.44591,30.415110000000002,30.384420000000002,30.35395,30.323590000000003,30.293560000000003,30.26375,30.234270000000002,30.20501,30.176190000000002,30.14759,30.11954,30.091820000000002,30.06465,30.03781,30.011630000000004,29.98589,29.960810000000006,29.936280000000004,29.912410000000005,29.889200000000002,29.86665,29.84487,29.823860000000003,29.803620000000002,29.78426,29.765780000000003,29.748180000000005,29.73157,29.715950000000003,29.701430000000002,29.687900000000003,29.67558,29.66447,29.654460000000004,29.645770000000002,29.63851,29.632570000000005,29.627950000000002,29.62498,29.62355,29.62366,29.625420000000005,29.629050000000003,29.63444,29.64159,29.650830000000003,29.66194,29.675250000000002,29.69065,29.708360000000003,29.728270000000002,29.750600000000002,29.775350000000003,29.80274,29.83266,29.865220000000004,29.900530000000003,29.9387,29.979730000000004,30.02373,30.07081,30.120970000000003,30.17432,30.230860000000003,30.2907,30.35395,30.420610000000003,30.490680000000005,30.56427,30.64138,30.722120000000004,30.806490000000004,30.89449,30.986230000000003,31.08171,31.18082,31.283780000000004,31.39037,31.50081,31.6151,31.73302,31.854680000000002,31.980190000000004,32.109440000000006,32.24232,32.37883000000001,32.51908,32.662960000000005,32.81036,32.96139,33.11594,33.273900000000005
41.1543,40.988530000000004,40.82397,40.66095000000001,40.499140000000004,40.33865000000001,40.17959,40.02196000000001,39.86565,39.710660000000004,39.5571,39.40497,39.25427,39.104890000000005,38.95705,38.81053,38.66555,38.521890000000006,38.37977000000001,38.23908,38.09982000000001,37.96210000000001,37.82581,37.69106000000001,37.55774,37.42596,37.29561,37.16691,37.039640000000006,36.91391000000001,36.78972,36.66707,36.54607000000001,36.426500000000004,36.308580000000006,36.19220000000001,36.077360000000006,35.96417,35.852520000000005,35.742520000000006,35.63406,35.52725,35.421980000000005,35.318470000000005,35.2165,35.11618,35.01751,34.92049,34.82501,34.73129,34.63911,34.54869000000001,34.459920000000004,34.372690000000006,34.287110000000006,34.20329,34.121010000000005,34.040490000000005,33.961510000000004,33.88418,33.80839,33.73436,33.66187,33.590920000000004,33.521620000000006,33.453860000000006,33.387750000000004,33.32307,33.260040000000004,33.19844,33.138380000000005,33.079750000000004,33.02266,32.96689,32.91266,32.85975,32.80816,32.75789,32.70905,32.66131,32.615,32.56979,32.52579,32.482890000000005,32.4412,32.4005,32.3609,32.32218,32.28456,32.247820000000004,32.211960000000005,32.17698,32.142770000000006,32.10933,32.076660000000004,32.044650000000004,32.01341000000001,31.98261,31.95247,31.922880000000003,31.89373,31.86502,31.836750000000002,31.808810000000005,31.78131,31.754030000000004,31.727080000000004,31.700240000000004,31.673730000000003,31.64733,31.621150000000004,31.594970000000004,31.568900000000003,31.542830000000002,31.516870000000004,31.490800000000004,31.464840000000002,31.43877,31.41259,31.386300000000006,31.360010000000003,31.3335,31.306880000000003,31.280040000000003,31.25309,31.22603,31.198750000000004,31.17125,31.143530000000002,31.1157,31.087650000000004,31.059380000000004,31.030890000000003,31.002180000000003,30.97336,30.94432,30.915170000000003,30.885800000000003,30.856210000000004,30.826510000000003,30.7967,30.76678,30.73675,30.70661,30.676470000000002,30.64622,30.61597,30.585610000000003,30.55536,30.52511,30.494970000000002,30.464830000000003,30.434800000000003,30.404880000000002,30.375180000000004,30.3457,30.316330000000004,30.287180000000003,30.258360000000003,30.229760000000002,30.201490000000003,30.17366,30.146050000000002,30.118990000000004,30.092260000000003,30.06597,30.04023,30.014930000000003,29.99029,29.966200000000004,29.942660000000004,29.919780000000003,29.897560000000002,29.87611,29.855320000000003,29.835300000000004,29.81616,29.797790000000003,29.780300000000004,29.763800000000003,29.748070000000002,29.73344,29.719800000000003,29.70726,29.695820000000005,29.685480000000002,29.676350000000003,29.66843,29.661830000000002,29.656440000000003,29.652480000000004,29.64995,29.648960000000002,29.649400000000004,29.651490000000003,29.65512,29.660510000000002,29.667660000000005,29.67668,29.687460000000005,29.70033,29.71507,29.731900000000003,29.75093,29.772160000000003,29.79559,29.82144,29.84971,29.880400000000005,29.91373,29.949590000000004,29.988200000000003,30.029560000000004,30.073780000000003,30.120860000000004,30.170910000000003,30.224040000000006,30.280250000000002,30.33954,30.402020000000004,30.467800000000004,30.536880000000004,30.609260000000003,30.685160000000003,30.764360000000003,30.84719,30.933430000000005,31.023190000000003,31.116580000000003,31.213600000000003,31.314250000000005,31.418420000000005,31.52633,31.637870000000003,31.753040000000002,31.871840000000002,31.99427,32.12033,32.250130000000006,32.383340000000004,32.52029,32.660650000000004,32.80464,32.952040000000004,33.10296,33.25729,33.41503
41.16189,40.99491,40.82914000000001,40.66480000000001,40.50167,40.33986000000001,40.179480000000005,40.02042,39.86268,39.70626000000001,39.55127,39.397600000000004,39.24536,39.094550000000005,38.945060000000005,38.797000000000004,38.65037,38.50517,38.3614,38.21906,38.07815000000001,37.93867,37.80073,37.66422000000001,37.529140000000005,37.39560000000001,37.263600000000004,37.133030000000005,37.004000000000005,36.87651,36.75056,36.62615,36.503170000000004,36.38195,36.26216000000001,36.143910000000005,36.02731,35.91236,35.798950000000005,35.68708,35.57686,35.468289999999996,35.36137000000001,35.255990000000004,35.152370000000005,35.050290000000004,34.94997,34.85119,34.75417,34.6588,34.56508,34.47301,34.38270000000001,34.29393,34.206920000000004,34.12156,34.037960000000005,33.9559,33.8756,33.79695,33.719950000000004,33.644600000000004,33.5709,33.49885,33.428450000000005,33.359700000000004,33.29249,33.226820000000004,33.162800000000004,33.10032,33.03938,32.979980000000005,32.92212000000001,32.86558,32.81069,32.75712,32.70498,32.654160000000005,32.60477,32.556700000000006,32.509840000000004,32.4643,32.41997,32.376850000000005,32.334830000000004,32.29402,32.254200000000004,32.21548,32.177640000000004,32.1409,32.10504,32.07006,32.03585,32.002520000000004,31.969960000000004,31.938060000000004,31.906930000000003,31.876350000000002,31.84643,31.816950000000002,31.788130000000002,31.75964,31.731700000000004,31.70409,31.676920000000003,31.649970000000003,31.623350000000002,31.596950000000003,31.570770000000003,31.544810000000002,31.518960000000003,31.49322,31.467480000000002,31.44196,31.416330000000006,31.390810000000002,31.365180000000002,31.339550000000003,31.31392,31.28807,31.262220000000003,31.23626,31.210080000000005,31.183790000000002,31.157390000000003,31.130770000000002,31.103930000000002,31.076980000000002,31.049810000000004,31.022530000000003,30.99503,30.967310000000005,30.939370000000004,30.91132,30.883050000000004,30.854560000000003,30.826070000000005,30.797250000000002,30.768430000000002,30.739390000000004,30.710350000000005,30.68109,30.651830000000004,30.62246,30.593090000000004,30.563720000000004,30.534240000000004,30.504870000000004,30.4755,30.446240000000003,30.417090000000005,30.38805,30.35912,30.330410000000004,30.301810000000003,30.27354,30.24549,30.217660000000002,30.190160000000002,30.1631,30.136370000000003,30.10997,30.084010000000003,30.058600000000002,30.033630000000002,30.0091,29.98523,29.961910000000003,29.939250000000005,29.91714,29.895800000000005,29.87512,29.8551,29.835960000000004,29.817590000000003,29.800100000000004,29.783380000000005,29.76765,29.7528,29.738940000000003,29.726180000000003,29.714300000000005,29.70363,29.69406,29.68559,29.678330000000003,29.672390000000004,29.667660000000005,29.664250000000003,29.66216,29.661500000000004,29.662380000000002,29.664690000000004,29.66865,29.674150000000004,29.681300000000004,29.69021,29.700880000000005,29.713420000000003,29.727720000000005,29.744110000000003,29.76237,29.78283,29.805270000000004,29.830020000000005,29.856970000000004,29.88623,29.917910000000003,29.95201,29.98864,30.0278,30.06971,30.11426,30.16156,30.211720000000003,30.264740000000003,30.32073,30.37969,30.44173,30.50685,30.575160000000004,30.646660000000004,30.72146,30.799560000000003,30.88096,30.965770000000003,31.053990000000002,31.14562,31.240770000000005,31.339330000000004,31.441410000000005,31.54701,31.656240000000004,31.768880000000003,31.885040000000004,32.004830000000005,32.12803,32.25486,32.38521,32.51897,32.65625,32.796940000000006,32.94104,33.088660000000004,33.239470000000004,33.39369000000001,33.551210000000005
41.167390000000005,40.99909,40.832,40.66623,40.50189,40.33865000000001,40.176840000000006,40.01635,39.85718000000001,39.69933,39.54280000000001,39.3877,39.23381,39.08146,38.93032,38.78072,38.63244,38.48559,38.34006,38.196070000000006,38.05351,37.91227,37.77257000000001,37.6343,37.49757,37.36216,37.22840000000001,37.096070000000005,36.96517000000001,36.83592,36.70810000000001,36.58182,36.45719,36.33399000000001,36.21244,36.09243000000001,35.973960000000005,35.85714,35.74186000000001,35.62834000000001,35.51625000000001,35.40592,35.29724,35.1901,35.084720000000004,34.98099,34.878910000000005,34.77848,34.67981,34.58268,34.48742,34.39381,34.30185,34.211650000000006,34.1231,34.03631,33.951170000000005,33.86779000000001,33.786170000000006,33.7062,33.62788,33.551320000000004,33.47641,33.40326,33.33176,33.2618,33.1936,33.127050000000004,33.06204,32.99868,32.93697,32.87669,32.81806,32.76097,32.705310000000004,32.65119,32.5985,32.54724,32.4973,32.44879,32.4016,32.35573,32.31107,32.26773,32.22549,32.18446,32.14453,32.105700000000006,32.06786,32.03112,31.995260000000002,31.960280000000004,31.926290000000005,31.89307,31.860620000000004,31.828940000000003,31.79792,31.767560000000003,31.73786,31.708710000000004,31.680110000000003,31.652060000000002,31.624340000000004,31.597170000000002,31.570220000000003,31.543710000000004,31.517420000000005,31.49146,31.46572,31.440090000000005,31.414680000000004,31.38938,31.36419,31.339110000000005,31.31392,31.288840000000004,31.263760000000005,31.238570000000003,31.213380000000004,31.18808,31.162670000000002,31.137150000000002,31.111520000000002,31.08567,31.059710000000003,31.033640000000002,31.007350000000002,30.980950000000004,30.954330000000002,30.927490000000002,30.900540000000003,30.873370000000005,30.84598,30.81848,30.79076,30.762930000000004,30.73499,30.70683,30.678560000000004,30.650290000000002,30.621800000000004,30.593310000000002,30.564710000000005,30.536110000000004,30.507510000000003,30.478910000000003,30.45031,30.42171,30.39333,30.364950000000004,30.336790000000004,30.30863,30.2808,30.253190000000004,30.225690000000004,30.19863,30.17179,30.145280000000003,30.119100000000003,30.093360000000004,30.06806,30.043200000000002,30.018780000000003,29.994910000000004,29.971700000000002,29.94893,29.926820000000003,29.90537,29.884580000000003,29.86456,29.845200000000006,29.826610000000006,29.8089,29.791960000000003,29.7759,29.760830000000002,29.746640000000003,29.733330000000002,29.721120000000003,29.7099,29.699780000000004,29.69076,29.68295,29.676240000000004,29.670740000000006,29.66656,29.663590000000003,29.66194,29.661720000000003,29.662930000000003,29.66557,29.66964,29.67536,29.682620000000004,29.691530000000004,29.702090000000002,29.714410000000004,29.728600000000004,29.744550000000004,29.76237,29.78217,29.803950000000004,29.827820000000003,29.853780000000004,29.881940000000004,29.912410000000005,29.94508,29.98006,30.01757,30.05739,30.09985,30.14495,30.192580000000003,30.243070000000003,30.296200000000002,30.352190000000004,30.411040000000003,30.472860000000004,30.53754,30.605410000000003,30.676250000000003,30.75017,30.82739,30.907690000000002,30.991290000000003,31.078190000000003,31.168390000000002,31.26189,31.358690000000003,31.459010000000003,31.562630000000002,31.669660000000004,31.7801,31.89395,32.01132,32.13199,32.25618,32.38378,32.514790000000005,32.649100000000004,32.786820000000006,32.92795,33.07238,33.22011,33.371140000000004,33.52536,33.682770000000005
41.17058,41.000960000000006,40.832550000000005,40.66546,40.49969000000001,40.33513000000001,40.171890000000005,40.00986,39.84915,39.68987,39.531800000000004,39.37505,39.219730000000006,39.06562,38.91294,38.76169000000001,38.611760000000004,38.463150000000006,38.31608,38.17033,38.02590000000001,37.883010000000006,37.741550000000004,37.60152,37.462920000000004,37.32575,37.19012,37.05603000000001,36.92337,36.79214,36.66256,36.53441,36.40791000000001,36.28284000000001,36.159420000000004,36.03754000000001,35.91731,35.79862,35.681580000000004,35.56608,35.45234,35.340140000000005,35.22959,35.1208,35.01355,34.908060000000006,34.80422,34.70214,34.601820000000004,34.50304,34.406130000000005,34.31087,34.21737,34.12563,34.035650000000004,33.947320000000005,33.86086,33.776050000000005,33.693000000000005,33.61171,33.532180000000004,33.45441,33.37829000000001,33.30393,33.23133,33.16038,33.091190000000005,33.02365,32.95776,32.89352,32.83093,32.76999,32.71059,32.652840000000005,32.59652,32.541850000000004,32.48861,32.436800000000005,32.38653,32.33758,32.290060000000004,32.243970000000004,32.19909,32.15542,32.11307,32.07193,32.031890000000004,31.99306,31.955220000000004,31.918480000000002,31.882620000000003,31.847860000000004,31.813870000000005,31.780870000000004,31.748640000000005,31.717070000000003,31.686380000000003,31.656350000000003,31.626870000000004,31.598050000000004,31.56978,31.542060000000003,31.514780000000002,31.487830000000002,31.46143,31.435250000000003,31.4094,31.38388,31.358580000000003,31.33339,31.30842,31.28367,31.258920000000003,31.234170000000002,31.20953,31.185000000000006,31.160360000000004,31.135610000000003,31.110860000000002,31.086110000000005,31.061140000000005,31.036170000000002,31.010980000000004,30.985790000000005,30.960270000000005,30.93475,30.908900000000003,30.88294,30.856870000000004,30.83058,30.80407,30.777450000000005,30.750720000000005,30.72366,30.6966,30.669320000000003,30.641930000000002,30.614320000000003,30.586710000000004,30.55899,30.531160000000003,30.503330000000002,30.47539,30.447560000000003,30.419620000000002,30.391790000000004,30.363960000000002,30.33624,30.30863,30.281130000000005,30.25385,30.22679,30.199840000000002,30.17322,30.146930000000005,30.120860000000004,30.095230000000004,30.069930000000003,30.045070000000003,30.02065,29.99667,29.973240000000004,29.95036,29.928030000000003,29.906360000000003,29.885350000000003,29.864890000000003,29.845310000000005,29.82639,29.808240000000005,29.790860000000002,29.77436,29.758740000000003,29.744,29.73025,29.71749,29.70561,29.694830000000003,29.68515,29.67657,29.669090000000004,29.662820000000004,29.657650000000004,29.6538,29.651270000000004,29.64995,29.65006,29.651490000000003,29.654350000000004,29.658640000000002,29.66447,29.671840000000003,29.680750000000003,29.69131,29.70363,29.71749,29.733220000000003,29.75071,29.770070000000004,29.791410000000003,29.81462,29.83981,29.867090000000005,29.89657,29.928030000000003,29.9618,29.997880000000002,30.036270000000005,30.076970000000003,30.120200000000004,30.165850000000002,30.214030000000005,30.264850000000003,30.318310000000004,30.37452,30.43337,30.49508,30.559650000000005,30.627190000000002,30.69759,30.77107,30.847520000000003,30.927050000000005,31.009660000000004,31.095460000000003,31.184450000000002,31.27663,31.372000000000003,31.470670000000002,31.572530000000004,31.6778,31.786260000000002,31.898130000000002,32.0133,32.13177,32.25354,32.37872,32.507200000000005,32.638870000000004,32.77395,32.912220000000005,33.05379,33.198660000000004,33.346610000000005,33.49786,33.652190000000004,33.8096
41.17157,41.00063,40.8309,40.662380000000006,40.495180000000005,40.329190000000004,40.164410000000004,40.00095,39.83881,39.67788,39.51827,39.35998,39.20301,39.047360000000005,38.89303,38.74002000000001,38.588330000000006,38.43807,38.28924,38.14173,37.995540000000005,37.85089000000001,37.70756000000001,37.56577,37.42530000000001,37.286370000000005,37.14887000000001,37.012910000000005,36.87838,36.74528000000001,36.61383,36.48381,36.35544000000001,36.228500000000004,36.103210000000004,35.97946,35.85725,35.73669000000001,35.61778,35.50052000000001,35.384910000000005,35.27084,35.15853,35.04787,34.938970000000005,34.831720000000004,34.72612,34.62228,34.5202,34.419880000000006,34.32132,34.22441,34.12937,34.03609,33.94457,33.85481,33.76681,33.68068,33.59631,33.5137,33.43285,33.35376,33.276540000000004,33.201080000000005,33.12738,33.055330000000005,32.985150000000004,32.91662,32.84985,32.78484,32.72137,32.65966,32.5996,32.54119,32.484320000000004,32.429100000000005,32.37531,32.323170000000005,32.27246,32.223180000000006,32.17533,32.128910000000005,32.08381000000001,32.04003,31.997570000000003,31.956320000000005,31.916280000000004,31.87734,31.839610000000004,31.802870000000002,31.767230000000005,31.732580000000002,31.69881,31.66592,31.63391,31.602670000000003,31.572200000000006,31.542500000000004,31.513350000000003,31.48486,31.457030000000003,31.42964,31.4028,31.376290000000004,31.350220000000004,31.324590000000004,31.299180000000003,31.274100000000004,31.249240000000004,31.224600000000002,31.200180000000003,31.175760000000004,31.151560000000003,31.127360000000003,31.103270000000002,31.07918,31.054980000000004,31.030780000000004,31.006580000000003,30.982270000000003,30.95785,30.933430000000005,30.908790000000003,30.883930000000003,30.859070000000003,30.83388,30.808690000000002,30.783170000000002,30.75765,30.7318,30.705840000000002,30.67977,30.653480000000005,30.626970000000004,30.60046,30.57373,30.546780000000002,30.519830000000002,30.492770000000004,30.465600000000006,30.43843,30.411260000000002,30.38398,30.356700000000004,30.329530000000002,30.30236,30.2753,30.248350000000002,30.221510000000002,30.19489,30.168380000000003,30.142200000000003,30.11624,30.09061,30.065310000000004,30.040340000000004,30.015700000000002,29.99161,29.96796,29.944750000000003,29.922200000000004,29.900090000000002,29.878640000000004,29.857850000000003,29.83761,29.818250000000003,29.79955,29.781510000000004,29.76446,29.748180000000005,29.732780000000005,29.718260000000004,29.704620000000002,29.69208,29.68053,29.669970000000003,29.660510000000002,29.65204,29.64489,29.63873,29.633890000000005,29.63026,29.627840000000003,29.62674,29.62696,29.628610000000002,29.631580000000003,29.636090000000003,29.641920000000002,29.649400000000004,29.65831,29.668870000000002,29.680970000000002,29.694830000000003,29.710340000000002,29.727610000000002,29.746640000000003,29.76743,29.790200000000002,29.81484,29.84146,29.870060000000002,29.900640000000003,29.93342,29.968400000000003,30.005470000000003,30.044850000000004,30.08643,30.130430000000004,30.17685,30.225690000000004,30.277060000000002,30.33096,30.387500000000003,30.44668,30.5085,30.573070000000005,30.640390000000004,30.710680000000004,30.783720000000002,30.859730000000003,30.938600000000005,31.020550000000004,31.10547,31.193470000000005,31.284550000000003,31.37882,31.47606,31.576600000000003,31.680220000000002,31.787140000000004,31.89714,32.01044,32.12693,32.24672,32.36959,32.495760000000004,32.62512,32.757780000000004,32.89352,33.032450000000004,33.17457,33.319880000000005,33.468270000000004,33.61974000000001,33.77429,33.931920000000005
41.17047,40.9981,40.82705,40.6571,40.48847,40.32094,40.15473,39.98973000000001,39.82594,39.66347,39.502320000000005,39.34238,39.18376000000001,39.02635,38.87037,38.71571,38.56237,38.41035000000001,38.25965000000001,38.110380000000006,37.962430000000005,37.81591000000001,37.670820000000006,37.52705,37.38482,37.24402,37.10465,36.96671,36.830310000000004,36.69534,36.562020000000004,36.43013,36.299780000000005,36.170970000000004,36.04370000000001,35.91808,35.794000000000004,35.67157,35.55079,35.43155000000001,35.31407000000001,35.198240000000006,35.08406,34.97153,34.860760000000006,34.75175,34.64439,34.538900000000005,34.43506,34.333090000000006,34.23277,34.13432,34.03763,33.94281,33.84975,33.75856,33.66913,33.581570000000006,33.49577000000001,33.411950000000004,33.32978000000001,33.249590000000005,33.17105,33.09449,33.019690000000004,32.946650000000005,32.87548,32.80607,32.738310000000006,32.67242,32.608290000000004,32.54581,32.48509,32.42602,32.3686,32.312830000000005,32.2586,32.20602,32.15498,32.10537,32.057300000000005,32.01066,31.96534,31.921450000000004,31.878880000000002,31.837630000000004,31.797590000000003,31.758650000000003,31.721030000000003,31.6844,31.648870000000002,31.614330000000002,31.580890000000004,31.54822,31.516540000000003,31.485630000000004,31.455490000000005,31.42601,31.3973,31.36925,31.34175,31.3148,31.288400000000003,31.262440000000005,31.236920000000005,31.21162,31.186760000000003,31.16223,31.13781,31.11372,31.089740000000003,31.065980000000003,31.04222,31.01857,30.99503,30.971380000000003,30.947730000000004,30.924080000000004,30.900430000000004,30.876670000000004,30.852800000000002,30.82871,30.804620000000003,30.78031,30.755890000000004,30.731250000000003,30.706500000000002,30.68164,30.65645,30.63115,30.60574,30.58011,30.554370000000006,30.52841,30.50234,30.476050000000004,30.44976,30.423360000000002,30.396850000000004,30.370230000000003,30.34361,30.31688,30.290260000000004,30.263640000000002,30.23702,30.210620000000006,30.184220000000003,30.15793,30.131860000000003,30.10601,30.08038,30.054970000000004,30.02989,30.00514,29.98083,29.956850000000003,29.933310000000002,29.910320000000002,29.887770000000003,29.86577,29.844430000000003,29.823640000000005,29.803510000000003,29.78415,29.76545,29.74752,29.73047,29.714190000000002,29.698790000000002,29.684270000000005,29.670740000000006,29.6582,29.64665,29.636090000000003,29.626630000000002,29.618270000000003,29.611010000000004,29.604960000000002,29.60012,29.596490000000003,29.59418,29.59308,29.593410000000002,29.59495,29.59803,29.602430000000002,29.60837,29.615740000000002,29.624540000000003,29.634990000000002,29.647090000000002,29.660730000000004,29.676020000000005,29.693070000000002,29.71177,29.73223,29.754560000000005,29.778650000000003,29.80472,29.83266,29.86258,29.89459,29.92858,29.964660000000002,30.002830000000003,30.043200000000002,30.085880000000003,30.130760000000002,30.178060000000002,30.227670000000003,30.279700000000002,30.33415,30.39113,30.450640000000003,30.512790000000003,30.57747,30.644900000000003,30.71508,30.788010000000003,30.863690000000002,30.94234,31.02374,31.108000000000004,31.195340000000005,31.285540000000005,31.37882,31.475070000000006,31.574400000000004,31.676700000000004,31.782190000000003,31.89076,32.002410000000005,32.11714,32.235060000000004,32.35606,32.480140000000006,32.60741,32.73787,32.871410000000004,33.007920000000006,33.14762,33.290400000000005,33.436260000000004,33.58509,33.737,33.89188,34.049730000000004
41.16728,40.993590000000005,40.821000000000005,40.649620000000006,40.47945000000001,40.31049,40.14274,39.9762,39.81087,39.64675,39.48395000000001,39.32236,39.16198,39.00303,38.845180000000006,38.68876,38.533660000000005,38.37988,38.22742,38.076280000000004,37.926570000000005,37.778180000000006,37.631220000000006,37.485580000000006,37.341480000000004,37.1987,37.057460000000006,36.91765000000001,36.77927,36.642430000000004,36.507020000000004,36.37326,36.240930000000006,36.11014,35.981,35.85340000000001,35.727450000000005,35.60304,35.48039,35.35928,35.23982,35.12212,35.00607,34.891780000000004,34.779140000000005,34.66837,34.559250000000006,34.451890000000006,34.3464,34.242670000000004,34.1407,34.040600000000005,33.942370000000004,33.8459,33.7513,33.658680000000004,33.567820000000005,33.47883,33.39171,33.30646,33.22308,33.14157,33.061930000000004,32.98416,32.90826,32.834230000000005,32.76207,32.69178,32.62325,32.55648000000001,32.491580000000006,32.42844,32.36695,32.30733,32.24936,32.19304,32.13848,32.085460000000005,32.034090000000006,31.984150000000003,31.93586,31.889,31.84357,31.799680000000002,31.757000000000005,31.715750000000003,31.675710000000002,31.63699,31.599370000000004,31.562960000000004,31.52765,31.49333,31.460110000000004,31.427770000000002,31.396420000000003,31.365840000000002,31.336030000000004,31.307100000000002,31.278830000000003,31.251110000000004,31.22416,31.197650000000003,31.171690000000005,31.146280000000004,31.121200000000005,31.096560000000004,31.07214,31.048160000000003,31.024290000000004,31.000750000000004,30.977320000000002,30.954110000000004,30.9309,30.9078,30.884700000000006,30.861710000000002,30.838610000000003,30.815510000000003,30.79241,30.769090000000006,30.745770000000004,30.722230000000003,30.698690000000003,30.67493,30.65095,30.626860000000004,30.60255,30.578130000000005,30.553490000000004,30.528740000000003,30.50377,30.47858,30.453280000000003,30.427870000000002,30.402240000000003,30.3765,30.35065,30.324690000000004,30.298730000000003,30.272660000000005,30.24659,30.22041,30.194340000000004,30.16827,30.142310000000002,30.11646,30.09072,30.065090000000005,30.039680000000004,30.014600000000005,29.989630000000002,29.965100000000003,29.940790000000003,29.91692,29.89349,29.870500000000003,29.84795,29.825950000000002,29.8045,29.783600000000003,29.76347,29.74389,29.725080000000002,29.707040000000003,29.689770000000003,29.67338,29.657760000000003,29.643130000000003,29.62938,29.61662,29.604850000000003,29.59418,29.584500000000002,29.575920000000004,29.568550000000005,29.562390000000004,29.557330000000004,29.553590000000003,29.551060000000003,29.54985,29.549960000000006,29.55139,29.554250000000003,29.558540000000004,29.56426,29.57141,29.5801,29.590440000000005,29.602210000000003,29.615630000000003,29.630700000000004,29.647420000000004,29.665790000000005,29.685920000000003,29.707810000000002,29.73157,29.75709,29.784480000000002,29.813740000000003,29.84498,29.8782,29.913400000000003,29.950690000000005,29.990070000000003,30.031540000000003,30.075210000000002,30.121080000000003,30.16926,30.21975,30.27255,30.32766,30.385190000000005,30.44525,30.50784,30.572850000000003,30.640610000000002,30.710790000000003,30.783830000000002,30.8594,30.93783,31.018900000000006,31.102830000000004,31.18962,31.279270000000004,31.37178,31.467150000000004,31.565490000000004,31.666800000000002,31.77108,31.87844,31.988660000000003,32.10196,32.218230000000005,32.33758,32.460010000000004,32.58541,32.71389,32.84534,32.979870000000005,33.11737,33.25784,33.40139,33.54791,33.69729,33.84964,34.004850000000005,34.163030000000006
41.16211,40.986880000000006,40.81286000000001,40.64005000000001,40.468340000000005,40.29784,40.128440000000005,39.96036,39.793380000000006,39.627610000000004,39.46316,39.29992000000001,39.137890000000006,38.977070000000005,38.81757,38.65939,38.50242000000001,38.34677000000001,38.192550000000004,38.03954,37.88796000000001,37.737700000000004,37.58876,37.441250000000004,37.29517,37.15052000000001,37.0073,36.86551,36.725260000000006,36.58644,36.44905000000001,36.31331,36.179,36.04623,35.915110000000006,35.78553,35.6576,35.53132000000001,35.406580000000005,35.28360000000001,35.16227,35.042590000000004,34.924670000000006,34.808510000000005,34.69411,34.581360000000004,34.47048,34.361360000000005,34.254110000000004,34.14862,34.045,33.943250000000006,33.84337,33.745360000000005,33.64922,33.555060000000005,33.46266,33.372350000000004,33.2838,33.197230000000005,33.11264,33.029920000000004,32.949070000000006,32.870200000000004,32.793200000000006,32.718180000000004,32.64503,32.573750000000004,32.50434,32.436800000000005,32.37113,32.30733,32.245290000000004,32.185010000000005,32.1266,32.06984,32.01473,31.961380000000005,31.909680000000005,31.859630000000003,31.811120000000003,31.76404,31.71861,31.674610000000005,31.63193,31.590680000000006,31.550750000000004,31.512140000000002,31.47474,31.438550000000003,31.403460000000003,31.369470000000003,31.336470000000002,31.304570000000002,31.27355,31.2433,31.214040000000004,31.185440000000003,31.157610000000002,31.130550000000003,31.10404,31.078080000000003,31.052670000000003,31.027700000000003,31.00328,30.979080000000003,30.955320000000004,30.931890000000003,30.908680000000004,30.885690000000004,30.86281,30.84015,30.817600000000002,30.795050000000003,30.772610000000004,30.75006,30.72762,30.70507,30.682410000000004,30.659750000000003,30.636870000000002,30.61399,30.59089,30.56757,30.544140000000002,30.5206,30.496840000000002,30.472860000000004,30.44866,30.424350000000004,30.399820000000002,30.375180000000004,30.350320000000004,30.325350000000004,30.30016,30.274970000000003,30.249560000000002,30.224040000000006,30.198520000000002,30.173000000000002,30.147370000000002,30.121740000000003,30.096110000000003,30.070590000000003,30.045180000000002,30.019880000000004,29.994690000000002,29.969720000000002,29.94497,29.920550000000006,29.89635,29.872480000000003,29.848940000000002,29.825840000000003,29.803290000000004,29.78107,29.75951,29.738500000000002,29.718040000000002,29.698240000000002,29.679210000000005,29.660840000000004,29.643240000000002,29.626520000000003,29.610570000000003,29.595500000000005,29.58142,29.56833,29.55612,29.545010000000005,29.535000000000004,29.52609,29.518280000000004,29.511680000000002,29.50629,29.502110000000002,29.49925,29.49771,29.497380000000003,29.498590000000004,29.50101,29.504970000000004,29.510360000000002,29.517290000000003,29.525650000000002,29.535550000000004,29.546990000000005,29.560080000000003,29.574820000000003,29.5911,29.609140000000004,29.628830000000004,29.650280000000002,29.67349,29.69857,29.72541,29.75412,29.784700000000004,29.81726,29.85169,29.88821,29.9266,29.967190000000002,30.009870000000003,30.05453,30.1015,30.150560000000002,30.20193,30.25561,30.311490000000003,30.369790000000002,30.430510000000005,30.493540000000003,30.5591,30.627190000000002,30.6977,30.770850000000003,30.846530000000005,30.924960000000006,31.006030000000003,31.089740000000003,31.1762,31.265410000000003,31.35737,31.45219,31.549760000000003,31.6503,31.753590000000003,31.85985,31.968970000000002,32.08106,32.19612000000001,32.314040000000006,32.43482,32.55868,32.6854,32.815090000000005,32.947750000000006,33.083270000000006,33.22176,33.363220000000005,33.507540000000006,33.65472,33.80476,33.957660000000004,34.113420000000005,34.271930000000005
41.15485,40.978300000000004,40.80274000000001,40.62839,40.45514,40.282990000000005,40.11205,39.94232,39.77369,39.60627,39.44006,39.27506,39.111270000000005,38.948800000000006,38.78743,38.62749000000001,38.468650000000004,38.311240000000005,38.15504,38.00016,37.8466,37.69447,37.54366,37.39417,37.24611000000001,37.09948,36.954280000000004,36.81051000000001,36.66828,36.52737,36.388110000000005,36.250280000000004,36.11399,35.97924,35.846140000000005,35.71458,35.58456,35.4563,35.32958000000001,35.20462,35.08131,34.95976,34.83986,34.721830000000004,34.60545,34.49094,34.378190000000004,34.26731,34.158300000000004,34.051050000000004,33.94567,33.84227,33.74074,33.64108,33.543400000000005,33.447700000000005,33.35387,33.26202,33.17215,33.08426,32.99835,32.91442,32.83247,32.75239,32.674400000000006,32.59828,32.52425,32.45198,32.3818,32.31349,32.24705,32.182590000000005,32.119890000000005,32.05917,32.00021,31.943010000000005,31.887570000000004,31.833890000000004,31.781860000000005,31.731590000000004,31.682860000000005,31.63578,31.59024,31.54624,31.503670000000003,31.46253,31.422710000000002,31.38421,31.34703,31.311060000000005,31.276300000000003,31.24264,31.210080000000005,31.178510000000003,31.14782,31.118120000000005,31.089300000000005,31.061250000000005,31.033970000000004,31.007350000000002,30.98139,30.956090000000003,30.931230000000003,30.906920000000003,30.88294,30.85951,30.836300000000005,30.813530000000004,30.790870000000005,30.76854,30.74632,30.724210000000003,30.702210000000004,30.680320000000005,30.658430000000003,30.636540000000004,30.61465,30.592650000000003,30.57065,30.548430000000003,30.526210000000003,30.50377,30.481220000000004,30.458450000000003,30.435570000000002,30.412470000000003,30.38915,30.365720000000003,30.341960000000004,30.318090000000005,30.29411,30.269910000000003,30.24549,30.220850000000002,30.196210000000004,30.17135,30.14638,30.12141,30.096330000000002,30.07114,30.04595,30.020870000000002,29.99568,29.97071,29.945740000000004,29.920990000000003,29.89635,29.871930000000003,29.847730000000002,29.823860000000003,29.800320000000003,29.777110000000004,29.75423,29.731900000000003,29.710120000000003,29.68878,29.667990000000003,29.64786,29.62839,29.60958,29.591540000000002,29.574270000000002,29.55788,29.542370000000002,29.52774,29.513990000000003,29.501340000000003,29.489570000000004,29.479010000000002,29.469440000000006,29.461080000000003,29.45393,29.447880000000005,29.443150000000003,29.439740000000004,29.437540000000002,29.436770000000003,29.43732,29.439300000000003,29.442710000000005,29.44755,29.45393,29.461740000000002,29.471200000000003,29.482090000000003,29.494740000000004,29.508930000000003,29.52477,29.542260000000002,29.561510000000002,29.582410000000003,29.60507,29.629600000000003,29.655890000000003,29.68394,29.71397,29.74576,29.77953,29.815280000000005,29.8529,29.89261,29.934300000000004,29.978080000000002,30.023950000000003,30.071910000000003,30.122070000000004,30.17432,30.22888,30.28564,30.34471,30.406090000000003,30.469890000000003,30.536000000000005,30.60453,30.675590000000003,30.749070000000003,30.825080000000003,30.903510000000004,30.98469,31.068400000000004,31.154750000000003,31.243740000000003,31.33537,31.429750000000006,31.526880000000002,31.62676,31.729390000000002,31.834880000000002,31.943120000000004,32.05422,32.16807,32.28478,32.40435,32.52678,32.65207,32.78022,32.91123,33.045100000000005,33.18183,33.32142,33.46376000000001,33.60896,33.757020000000004,33.907720000000005,34.061280000000004,34.21759,34.376650000000005
41.14583,40.96763,40.79064,40.61464000000001,40.43985000000001,40.266160000000006,40.09357000000001,39.92208,39.7518,39.58273,39.41476000000001,39.248000000000005,39.08245,38.91811,38.75498,38.59306000000001,38.432460000000006,38.273070000000004,38.115,37.95825000000001,37.802710000000005,37.6486,37.495810000000006,37.34434,37.194300000000005,37.04569000000001,36.89851,36.75265,36.60833,36.46544,36.324090000000005,36.18417,36.0459,35.90906,35.77387000000001,35.640330000000006,35.50833,35.37798,35.249280000000006,35.12234,34.99705,34.87352,34.75175,34.63163,34.513380000000005,34.397000000000006,34.28238,34.169630000000005,34.05875,33.94985,33.842710000000004,33.737660000000005,33.63448,33.533170000000005,33.43395,33.336600000000004,33.24134,33.14806,33.056760000000004,32.96755,32.880320000000005,32.79518,32.71202,32.630840000000006,32.551750000000006,32.47464,32.399620000000006,32.32658,32.255520000000004,32.186440000000005,32.11923,32.05411,31.99086,31.929590000000005,31.87008,31.81255,31.756780000000003,31.70277,31.65052,31.600030000000004,31.5513,31.504110000000004,31.458570000000005,31.414570000000005,31.372000000000003,31.330970000000004,31.291370000000004,31.253200000000003,31.216240000000003,31.180600000000002,31.14617,31.112840000000006,31.08072,31.049590000000002,31.019450000000003,30.990190000000002,30.961920000000003,30.934420000000003,30.907690000000002,30.881730000000005,30.856320000000004,30.831570000000003,30.807370000000002,30.783720000000002,30.7604,30.737630000000003,30.71508,30.692860000000003,30.67097,30.64919,30.627740000000003,30.60629,30.584950000000003,30.56361,30.54238,30.521150000000002,30.499810000000004,30.47847,30.45702,30.435350000000003,30.413680000000003,30.391790000000004,30.369790000000002,30.34757,30.32513,30.302580000000003,30.279700000000002,30.25671,30.233500000000003,30.21007,30.186420000000002,30.162660000000002,30.138680000000004,30.11448,30.090170000000004,30.06575,30.04122,30.016580000000005,29.991940000000003,29.967190000000002,29.942440000000005,29.917690000000004,29.893050000000002,29.86841,29.843880000000002,29.819570000000002,29.795370000000002,29.771500000000003,29.747850000000003,29.724530000000005,29.70154,29.67888,29.65677,29.6351,29.613980000000005,29.5933,29.57339,29.55403,29.53544,29.51762,29.500570000000003,29.4844,29.469,29.454590000000003,29.441170000000003,29.42874,29.41741,29.40707,29.397940000000002,29.38991,29.383200000000002,29.377590000000005,29.37341,29.370440000000002,29.36879,29.368570000000002,29.369780000000002,29.372420000000005,29.376600000000003,29.38221,29.389360000000003,29.39805,29.40828,29.420160000000003,29.433690000000002,29.448870000000003,29.46581,29.48429,29.504640000000002,29.526640000000004,29.550510000000003,29.576140000000002,29.60353,29.632790000000004,29.66392,29.69703,29.732010000000002,29.768860000000004,29.80769,29.848610000000004,29.8914,29.936390000000003,29.98336,30.032420000000002,30.08357,30.136920000000003,30.192360000000004,30.250110000000003,30.310060000000004,30.372210000000003,30.436780000000002,30.50355,30.57274,30.644240000000003,30.71827,30.794610000000002,30.873480000000004,30.95477,31.038700000000002,31.12505,31.214040000000004,31.30556,31.399830000000005,31.49663,31.596070000000005,31.698260000000005,31.80309,31.91067,32.02089,32.133970000000005,32.24969,32.36827,32.48949,32.61357,32.7404,32.870090000000005,33.00242,33.13761,33.27555,33.41624,33.55968,33.705760000000005,33.8547,34.006280000000004,34.160610000000005,34.31747000000001,34.47708
41.13483,40.955090000000006,40.776450000000004,40.59902,40.422470000000004,40.24713,40.07289000000001,39.899750000000004,39.72782,39.55688,39.387150000000005,39.218630000000005,39.051210000000005,38.885000000000005,38.720110000000005,38.55632000000001,38.39374,38.23248,38.072430000000004,37.9137,37.75629000000001,37.60009,37.44532000000001,37.29187,37.13974,36.98904,36.83977,36.69193,36.54552,36.40054000000001,36.2571,36.1152,35.97473000000001,35.835910000000005,35.69863,35.563,35.42891,35.29647,35.16579,35.03676,34.909490000000005,34.78387,34.66012,34.53813,34.4179,34.29954,34.18305,34.06843,33.95579,33.845020000000005,33.73612,33.629310000000004,33.524370000000005,33.42152,33.32065,33.22187,33.12507,33.03025,32.937630000000006,32.846990000000005,32.75855,32.672090000000004,32.587720000000004,32.50544,32.42525,32.347150000000006,32.27114,32.19722,32.12539,32.05554,31.98767,31.92189,31.858090000000004,31.796270000000003,31.736320000000003,31.678350000000002,31.62225,31.568020000000004,31.515660000000004,31.464950000000005,31.41611,31.368920000000003,31.323380000000004,31.279490000000003,31.237140000000004,31.19622,31.156840000000003,31.11889,31.08237,31.047060000000002,31.012960000000003,30.98018,30.94839,30.917810000000003,30.888220000000004,30.85951,30.83179,30.80495,30.77877,30.75347,30.72872,30.70463,30.6812,30.65821,30.635550000000002,30.613440000000004,30.591660000000005,30.570210000000003,30.54887,30.527860000000004,30.507070000000002,30.486280000000004,30.465600000000006,30.445030000000003,30.424350000000004,30.403780000000005,30.383100000000002,30.36231,30.341520000000003,30.320510000000002,30.29928,30.278050000000004,30.256490000000003,30.234820000000003,30.212930000000004,30.190820000000002,30.168490000000002,30.145940000000003,30.123170000000002,30.100180000000005,30.076970000000003,30.05354,30.030000000000005,30.006240000000005,29.98226,29.958280000000002,29.934080000000005,29.90977,29.885460000000005,29.861040000000003,29.836730000000003,29.812310000000004,29.788,29.763800000000003,29.739710000000002,29.71573,29.69197,29.66854,29.64533,29.622450000000004,29.60001,29.577900000000003,29.556340000000002,29.535330000000002,29.514760000000003,29.494850000000003,29.4756,29.457120000000003,29.439300000000003,29.422250000000002,29.406190000000002,29.390900000000002,29.376600000000003,29.363180000000003,29.350970000000004,29.339640000000003,29.329520000000002,29.320610000000002,29.312800000000003,29.30631,29.30103,29.297070000000005,29.29454,29.29333,29.293550000000003,29.295200000000005,29.29839,29.30301,29.30917,29.316980000000004,29.326330000000002,29.337330000000005,29.349980000000002,29.364390000000004,29.38034,29.39805,29.417630000000003,29.438860000000002,29.461850000000002,29.486710000000002,29.513330000000003,29.541820000000005,29.572180000000003,29.60452,29.63862,29.6747,29.712760000000003,29.75269,29.794710000000002,29.838710000000003,29.884800000000002,29.93287,29.983030000000003,30.035280000000004,30.08962,30.146160000000002,30.204790000000003,30.265620000000002,30.328760000000003,30.3941,30.461640000000003,30.5316,30.60376,30.678340000000002,30.75523,30.834540000000004,30.91627,31.000420000000005,31.086990000000004,31.176090000000002,31.267720000000004,31.361880000000003,31.458570000000005,31.557900000000004,31.659760000000002,31.764150000000004,31.871290000000002,31.980960000000003,32.09338,32.20844,32.32614,32.44648,32.56957,32.6953,32.823780000000006,32.9549,33.088770000000004,33.22528,33.36443,33.506330000000005,33.650870000000005,33.79805,33.94798,34.10044,34.25554,34.41317,34.57344
41.12196,40.94068000000001,40.7605,40.58131,40.403220000000005,40.22623,40.050230000000006,39.875330000000005,39.70164,39.528940000000006,39.35745,39.18706,39.017770000000006,38.8498,38.68282000000001,38.517160000000004,38.35271000000001,38.18947000000001,38.027440000000006,37.866730000000004,37.70723,37.54905,37.39219,37.236650000000004,37.08254,36.92975,36.77839,36.62835,36.47985,36.33278000000001,36.187250000000006,36.043150000000004,35.90059,35.75968,35.620200000000004,35.48248,35.34630000000001,35.21177,35.079,34.947880000000005,34.81852,34.69092,34.56508,34.44111,34.318900000000006,34.19856,34.080200000000005,33.963710000000006,33.849090000000004,33.736560000000004,33.6259,33.51733,33.410740000000004,33.30613,33.20361,33.10329,33.00495,32.9087,32.81465,32.72269000000001,32.63282,32.54515000000001,32.45957000000001,32.37619,32.294900000000005,32.215810000000005,32.13892,32.06412,31.991410000000005,31.92079,31.852260000000005,31.785820000000005,31.721470000000004,31.65921,31.59882,31.540520000000004,31.4842,31.42964,31.377060000000004,31.32635,31.277400000000004,31.230210000000003,31.18478,31.141000000000002,31.098760000000002,31.058170000000004,31.019120000000004,30.9815,30.945200000000003,30.910330000000002,30.876780000000004,30.844440000000006,30.813200000000002,30.783170000000002,30.754130000000004,30.726080000000003,30.699020000000004,30.67273,30.647320000000004,30.622680000000003,30.5987,30.575270000000003,30.552500000000002,30.53028,30.5085,30.48705,30.466040000000003,30.44525,30.424680000000002,30.40444,30.384310000000003,30.36429,30.34427,30.324360000000002,30.30445,30.284540000000003,30.264520000000005,30.244390000000003,30.224150000000005,30.20369,30.183120000000002,30.162440000000004,30.14143,30.120310000000003,30.098860000000002,30.0773,30.055410000000002,30.033300000000004,30.01097,29.98842,29.96554,29.942550000000004,29.919340000000002,29.895910000000004,29.872370000000004,29.848720000000004,29.82485,29.800870000000003,29.77689,29.7528,29.728710000000003,29.70473,29.680750000000003,29.65677,29.633010000000002,29.60947,29.586150000000004,29.56305,29.540170000000003,29.51784,29.495730000000002,29.47417,29.453050000000005,29.43248,29.412570000000002,29.393320000000003,29.374730000000003,29.3568,29.339750000000002,29.323580000000003,29.30829,29.29388,29.28046,29.26814,29.256920000000004,29.246800000000004,29.23789,29.230190000000004,29.2237,29.21853,29.214790000000004,29.21237,29.211380000000005,29.211820000000003,29.213800000000003,29.21732,29.22227,29.228980000000004,29.237230000000004,29.247020000000003,29.258570000000002,29.271880000000003,29.286840000000005,29.303560000000004,29.322040000000005,29.342280000000002,29.364280000000004,29.388150000000003,29.413890000000002,29.4415,29.47098,29.50233,29.535550000000004,29.570750000000004,29.607930000000003,29.64698,29.68812,29.731130000000004,29.77623,29.823420000000002,29.872480000000003,29.923740000000002,29.97709,30.03253,30.090060000000005,30.14968,30.21161,30.27563,30.341850000000004,30.410270000000004,30.481,30.55393,30.629170000000002,30.70672,30.78658,30.86886,30.953450000000004,31.04046,31.129890000000003,31.22163,31.316010000000002,31.4127,31.512030000000003,31.613780000000002,31.71806,31.82487,31.93421,32.04608,32.16059,32.27774,32.397420000000004,32.51963000000001,32.64459,32.77208,32.902210000000004,33.034870000000005,33.170280000000005,33.308220000000006,33.448690000000006,33.591910000000006,33.737660000000005,33.88594,34.036860000000004,34.190200000000004,34.346180000000004,34.504690000000004,34.66573
41.107330000000005,40.92451,40.74268000000001,40.561840000000004,40.38199000000001,40.20324,40.02559,39.84893,39.67337,39.49891,39.32555000000001,39.15329,38.982240000000004,38.812180000000005,38.643440000000005,38.47569,38.30926,38.144040000000004,37.98003,37.81723,37.655750000000005,37.49548,37.33653,37.178900000000006,37.02259,36.86771,36.714150000000004,36.56213,36.41143,36.26216000000001,36.11443,35.96824,35.82348,35.68037,35.5388,35.39888,35.2605,35.12388000000001,34.988910000000004,34.855700000000006,34.724250000000005,34.59456,34.46674,34.340680000000006,34.21649,34.094170000000005,33.97383000000001,33.855360000000005,33.738870000000006,33.62447,33.51194,33.401610000000005,33.293260000000004,33.187000000000005,33.08283,32.98086000000001,32.88098,32.783300000000004,32.68771,32.59443,32.503240000000005,32.41425,32.32757,32.24298,32.1607,32.08062,32.00274,31.92695,31.85347,31.782190000000003,31.713,31.646010000000004,31.581110000000002,31.5183,31.457580000000004,31.398950000000003,31.3423,31.287630000000004,31.23494,31.184120000000004,31.135170000000002,31.088090000000005,31.042660000000005,30.999100000000002,30.957080000000005,30.916820000000005,30.877990000000004,30.840700000000002,30.80495,30.77052,30.737410000000004,30.705620000000003,30.67504,30.645560000000003,30.61718,30.589790000000004,30.563390000000002,30.537870000000005,30.513230000000004,30.489250000000002,30.466040000000003,30.44349,30.421490000000002,30.40004,30.379030000000004,30.358350000000005,30.338110000000004,30.318090000000005,30.298400000000004,30.278930000000003,30.259570000000004,30.24021,30.221070000000005,30.20182,30.18268,30.163320000000002,30.144070000000003,30.1246,30.10491,30.085110000000004,30.065200000000004,30.044960000000003,30.024610000000003,30.00393,29.983030000000003,29.961910000000003,29.94057,29.918900000000004,29.896900000000002,29.87479,29.85235,29.82969,29.806810000000002,29.783820000000002,29.7605,29.737180000000002,29.71364,29.68999,29.666230000000002,29.642470000000003,29.6186,29.59484,29.571080000000002,29.54754,29.524,29.500790000000002,29.47769,29.45492,29.43248,29.41037,29.3887,29.367470000000004,29.3469,29.32677,29.3073,29.288600000000002,29.270560000000003,29.253290000000003,29.236900000000002,29.221390000000003,29.206870000000002,29.193230000000003,29.1808,29.169360000000005,29.15913,29.150000000000002,29.14219,29.1357,29.13053,29.12668,29.124260000000003,29.12327,29.123820000000002,29.125910000000005,29.129540000000002,29.13482,29.141640000000002,29.15022,29.16034,29.172330000000002,29.18597,29.201480000000004,29.218640000000004,29.23767,29.258570000000002,29.28134,29.305870000000002,29.332380000000004,29.360760000000003,29.391010000000005,29.423240000000003,29.45745,29.493530000000003,29.531700000000004,29.571740000000005,29.613870000000002,29.657980000000002,29.70407,29.75225,29.80252,29.854770000000002,29.909220000000005,29.96565,30.02428,30.084890000000005,30.147810000000003,30.212820000000004,30.279920000000004,30.349330000000002,30.42094,30.494750000000003,30.57076,30.648970000000002,30.7296,30.812430000000003,30.89757,30.98513,31.075000000000003,31.167180000000002,31.26178,31.358800000000002,31.45813,31.559990000000003,31.664270000000002,31.770970000000002,31.880200000000002,31.991850000000003,32.106030000000004,32.22274,32.34187000000001,32.463640000000005,32.587830000000004,32.71466,32.84391,32.97580000000001,33.110110000000006,33.247060000000005,33.386430000000004,33.52844,33.67287,33.81994,33.96943,34.12145,34.275890000000004,34.432860000000005,34.59225000000001,34.75406
41.09094,40.906470000000006,40.72299,40.5405,40.359,40.178490000000004,39.99897,39.820550000000004,39.64323,39.4669,39.29167,39.117430000000006,38.94440000000001,38.772470000000006,38.60164,38.43202000000001,38.26361,38.09630000000001,37.9302,37.76531,37.60174,37.43938000000001,37.27834000000001,37.11851000000001,36.96011,36.80303,36.647380000000005,36.493050000000004,36.34015,36.188680000000005,36.03875000000001,35.89036,35.7434,35.59809,35.45432,35.3122,35.171620000000004,35.0328,34.89574,34.76033,34.62668,34.4949,34.36488,34.23684,34.11056,33.98626,33.86383,33.74349,33.625020000000006,33.50875,33.39435,33.28215,33.17204,33.06413,32.958310000000004,32.85469,32.75327,32.654050000000005,32.557030000000005,32.46221,32.36981,32.2795,32.191610000000004,32.105920000000005,32.02254,31.941360000000003,31.862600000000004,31.786040000000003,31.711680000000005,31.639630000000004,31.56978,31.502240000000004,31.436790000000002,31.373540000000002,31.312490000000004,31.25353,31.196660000000005,31.141880000000004,31.08897,31.03815,30.989310000000003,30.942230000000002,30.897020000000005,30.853680000000004,30.81199,30.77195,30.73356,30.69671,30.6614,30.62752,30.594960000000004,30.563830000000003,30.533800000000003,30.505090000000003,30.477370000000004,30.450750000000003,30.42512,30.400370000000002,30.37639,30.353290000000005,30.33096,30.30918,30.288060000000005,30.26738,30.24725,30.227450000000005,30.207980000000003,30.188840000000003,30.17003,30.15133,30.132740000000002,30.11426,30.09578,30.07741,30.058930000000004,30.040340000000004,30.021750000000004,30.002940000000002,29.98391,29.96477,29.945410000000003,29.925830000000005,29.90603,29.885900000000003,29.865550000000002,29.84487,29.823860000000003,29.80263,29.78118,29.7594,29.73729,29.71507,29.692520000000005,29.669750000000004,29.64676,29.62366,29.600340000000003,29.576910000000005,29.553480000000004,29.529830000000004,29.50629,29.48275,29.459210000000002,29.43589,29.412570000000002,29.389580000000002,29.3667,29.344150000000003,29.322040000000005,29.300150000000006,29.278810000000004,29.258020000000002,29.23767,29.217980000000004,29.19895,29.180690000000002,29.163090000000004,29.146370000000005,29.13064,29.115680000000005,29.10182,29.089060000000003,29.077290000000005,29.06673,29.057380000000002,29.049350000000004,29.042530000000003,29.037140000000004,29.033070000000002,29.030540000000002,29.02944,29.029880000000002,29.031860000000005,29.035490000000003,29.040770000000002,29.047700000000003,29.05628,29.06662,29.078830000000004,29.092800000000004,29.108530000000002,29.126130000000003,29.145490000000002,29.16683,29.190150000000003,29.215230000000002,29.24229,29.271330000000003,29.302350000000004,29.335350000000005,29.37033,29.40729,29.446230000000003,29.487260000000003,29.53027,29.575370000000003,29.622450000000004,29.67162,29.722880000000004,29.776120000000002,29.83156,29.889090000000003,29.948710000000002,30.010420000000003,30.07433,30.140330000000002,30.20842,30.278820000000003,30.35131,30.426000000000002,30.502890000000004,30.58198,30.663380000000004,30.74698,30.832780000000003,30.921000000000003,31.01142,31.10404,31.199080000000002,31.296540000000004,31.396200000000004,31.49828,31.602670000000003,31.709590000000002,31.818710000000003,31.930360000000004,32.044430000000006,32.160920000000004,32.279830000000004,32.401160000000004,32.524910000000006,32.65119,32.77989,32.911010000000005,33.04466000000001,33.180730000000004,33.31922,33.46024,33.603680000000004,33.74954,33.89793,34.04863,34.20186,34.357400000000005,34.51536,34.675740000000005,34.83843
41.072900000000004,40.88678000000001,40.70154,40.51729,40.334140000000005,40.15187,39.97059,39.7903,39.611000000000004,39.4328,39.2557,39.07959,38.90458,38.73067,38.55786,38.38615000000001,38.215650000000004,38.04625,37.878060000000005,37.71108,37.54531000000001,37.38086,37.217620000000004,37.05559,36.89499000000001,36.73571,36.57775,36.421220000000005,36.26612,36.11245000000001,35.96032,35.80962,35.66046,35.512840000000004,35.366760000000006,35.222440000000006,35.079660000000004,34.93864,34.79927,34.661660000000005,34.52592,34.391940000000005,34.25983,34.12948,34.00122,33.87483,33.750420000000005,33.627990000000004,33.507540000000006,33.38929,33.27313,33.159060000000004,33.04708,32.93741000000001,32.82994000000001,32.724560000000004,32.6216,32.52084,32.42228,32.32614,32.232310000000005,32.14079,32.05158,31.964790000000004,31.88031,31.79814,31.718390000000003,31.640950000000004,31.565930000000005,31.49311,31.422600000000003,31.354510000000005,31.28862,31.22493,31.163440000000005,31.10426,31.04717,30.992280000000004,30.939370000000004,30.888550000000002,30.839710000000004,30.792850000000005,30.747860000000003,30.70463,30.663380000000004,30.623670000000004,30.585720000000002,30.549420000000005,30.514660000000003,30.481330000000003,30.449430000000003,30.418850000000003,30.389590000000002,30.361540000000005,30.334590000000002,30.308740000000004,30.283990000000003,30.26001,30.23702,30.214800000000004,30.193240000000003,30.172340000000002,30.152100000000004,30.132410000000004,30.11305,30.094240000000003,30.075650000000003,30.0575,30.039460000000002,30.02164,30.00382,29.986220000000003,29.96862,29.950910000000004,29.933310000000002,29.915490000000005,29.897560000000002,29.879410000000004,29.861150000000002,29.842670000000002,29.823970000000003,29.804940000000006,29.785690000000002,29.76611,29.746200000000005,29.72596,29.7055,29.684710000000003,29.663590000000003,29.64214,29.620470000000005,29.59847,29.57625,29.553810000000002,29.53104,29.508160000000004,29.485060000000004,29.461850000000002,29.438530000000004,29.415210000000002,29.39178,29.368460000000002,29.34503,29.32182,29.298720000000003,29.275840000000002,29.253180000000004,29.23085,29.20885,29.18729,29.166170000000005,29.1456,29.12558,29.106110000000005,29.087410000000002,29.069480000000002,29.052430000000005,29.036150000000003,29.020860000000003,29.00656,28.993250000000003,28.98115,28.970150000000004,28.96036,28.951780000000003,28.944630000000004,28.9388,28.9344,28.931430000000002,28.930110000000003,28.930220000000002,28.931980000000003,28.93539,28.940450000000002,28.947270000000003,28.95585,28.96619,28.978400000000004,28.99237,29.008210000000002,29.026030000000002,29.045720000000003,29.067390000000003,29.090930000000004,29.116450000000004,29.14406,29.173540000000003,29.20511,29.238770000000002,29.2743,29.312030000000004,29.35174,29.39354,29.43743,29.483300000000003,29.53137,29.58142,29.633670000000002,29.687900000000003,29.74433,29.80285,29.86346,29.926270000000002,29.991170000000004,30.058160000000004,30.127350000000003,30.19863,30.27211,30.34779,30.425670000000004,30.50564,30.58781,30.672290000000004,30.758970000000005,30.84774,30.938930000000003,31.03221,31.127910000000004,31.225810000000003,31.325910000000004,31.428430000000002,31.533150000000003,31.640290000000004,31.74963,31.861390000000004,31.97546,32.091950000000004,32.210750000000004,32.331970000000005,32.4555,32.581340000000004,32.70971,32.840390000000006,32.97338,33.108900000000006,33.24673,33.38698,33.529540000000004,33.67452,33.82192,33.97163,34.123650000000005,34.27809,34.43484,34.594010000000004,34.75538,34.91906
41.05321000000001,40.86533000000001,40.67844000000001,40.492430000000006,40.30741,40.123380000000004,39.94023000000001,39.758070000000004,39.57701000000001,39.39683,39.21775000000001,39.039660000000005,38.86267000000001,38.68667,38.511880000000005,38.338080000000005,38.165490000000005,37.994,37.82361,37.654540000000004,37.48657,37.31992,37.15448000000001,36.99025,36.82734,36.66586,36.5057,36.34686000000001,36.18945000000001,36.03347,35.87903,35.726020000000005,35.57455,35.424620000000004,35.276340000000005,35.1296,34.98462000000001,34.84129,34.699720000000006,34.5598,34.42186,34.28557000000001,34.15126000000001,34.018820000000005,33.888360000000006,33.75988,33.63338,33.50886,33.386540000000004,33.266200000000005,33.14806,33.03212,32.91838,32.80684,32.697610000000005,32.59069,32.48597,32.38367,32.283680000000004,32.186110000000006,32.09085,31.99801,31.907700000000006,31.8197,31.73412,31.65096,31.570220000000003,31.491900000000005,31.416,31.342520000000004,31.27146,31.202710000000003,31.136380000000003,31.07225,31.010540000000006,30.951030000000003,30.89383,30.838720000000002,30.785920000000004,30.735100000000003,30.68637,30.63973,30.594960000000004,30.55217,30.511140000000005,30.471980000000002,30.43447,30.398720000000004,30.364510000000003,30.331840000000003,30.300600000000003,30.27079,30.2423,30.215020000000003,30.188950000000006,30.163980000000002,30.14,30.117010000000004,30.094900000000003,30.073560000000004,30.052990000000005,30.033080000000005,30.013830000000002,29.995020000000004,29.976650000000003,29.95872,29.941230000000004,29.92385,29.9068,29.889860000000002,29.87303,29.8562,29.839480000000002,29.822650000000003,29.80571,29.788770000000003,29.771610000000003,29.75423,29.73663,29.71881,29.70066,29.682290000000002,29.663590000000003,29.644560000000002,29.6252,29.605400000000003,29.585380000000004,29.565030000000004,29.544240000000002,29.523230000000005,29.501890000000003,29.480110000000003,29.458220000000004,29.43589,29.41345,29.390790000000003,29.367910000000002,29.344810000000003,29.3216,29.29839,29.275070000000003,29.251860000000004,29.228540000000002,29.205440000000003,29.18245,29.15968,29.137130000000003,29.114910000000002,29.093020000000003,29.07157,29.050670000000004,29.030210000000004,29.010410000000004,28.99127,28.97279,28.95519,28.938360000000003,28.922520000000002,28.90767,28.893810000000002,28.881050000000005,28.869500000000002,28.85905,28.85003,28.84222,28.835840000000005,28.830890000000004,28.827480000000005,28.825610000000005,28.82528,28.826600000000003,28.829680000000003,28.834410000000002,28.840900000000005,28.849150000000005,28.859270000000002,28.871370000000002,28.885230000000004,28.901070000000004,28.91878,28.93858,28.960250000000002,28.98401,29.00986,29.03769,29.067610000000002,29.099510000000002,29.13361,29.169800000000002,29.207970000000003,29.248340000000002,29.2908,29.335460000000005,29.3821,29.430940000000003,29.481870000000004,29.535000000000004,29.590220000000006,29.647530000000003,29.707040000000003,29.76864,29.832440000000002,29.89833,29.966420000000003,30.036600000000004,30.108870000000003,30.18334,30.26001,30.338880000000003,30.41984,30.503000000000004,30.58836,30.675810000000002,30.76557,30.85742,30.95158,31.047830000000005,31.146390000000004,31.247150000000005,31.350220000000004,31.45538,31.562960000000004,31.67274,31.78472,31.89901,32.01561,32.13452,32.25574,32.379160000000006,32.505,32.63304,32.7635,32.89616,33.031240000000004,33.16863000000001,33.308220000000006,33.450230000000005,33.594550000000005,33.74107,33.890010000000004,34.04115,34.1946,34.35036,34.508430000000004,34.6687,34.83117,34.99595
41.031980000000004,40.84234,40.653690000000005,40.465920000000004,40.279030000000006,40.09313000000001,39.90811,39.72408,39.54104,39.358990000000006,39.177820000000004,38.99775,38.818780000000004,38.64069,38.46381,38.28792000000001,38.113130000000005,37.93955,37.76696,37.595690000000005,37.425520000000006,37.25656,37.08892,36.922380000000004,36.757270000000005,36.59337,36.4309,36.26975,36.11003,35.95174,35.79488,35.63956,35.48578,35.333540000000006,35.182840000000006,35.03379,34.886500000000005,34.740860000000005,34.59687,34.454750000000004,34.3145,34.17601,34.039390000000004,33.90475000000001,33.77209,33.64141000000001,33.512820000000005,33.38621,33.2618,33.13948,33.019360000000006,32.90155,32.785940000000004,32.67253,32.56154000000001,32.45286,32.34649,32.24254,32.14112,32.042010000000005,31.94543,31.851270000000003,31.75964,31.670430000000003,31.583750000000002,31.4996,31.41787,31.33878,31.262110000000003,31.18786,31.116140000000005,31.046950000000002,30.98007,30.915610000000004,30.85357,30.793950000000002,30.736530000000002,30.681420000000003,30.628510000000002,30.5778,30.529290000000003,30.482870000000002,30.43843,30.395970000000002,30.355380000000004,30.316660000000002,30.279810000000005,30.24461,30.211060000000003,30.179050000000004,30.148580000000003,30.11954,30.091930000000005,30.065530000000003,30.040340000000004,30.016250000000003,29.993260000000003,29.971260000000004,29.95014,29.92979,29.91021,29.89129,29.87303,29.855210000000003,29.83794,29.821,29.8045,29.788110000000003,29.772050000000004,29.75599,29.740150000000003,29.72431,29.708360000000003,29.69241,29.676460000000002,29.66018,29.64379,29.627180000000003,29.610350000000004,29.59319,29.5757,29.55788,29.539730000000002,29.521250000000002,29.50244,29.483190000000004,29.463610000000003,29.44359,29.423240000000003,29.402450000000005,29.38144,29.35999,29.33832,29.31621,29.293990000000004,29.271440000000002,29.248670000000004,29.22568,29.20269,29.179480000000005,29.156270000000003,29.133060000000004,29.10985,29.086750000000002,29.063760000000006,29.04099,29.018440000000005,28.99633,28.97444,28.953100000000003,28.9322,28.91185,28.89216,28.873240000000003,28.85498,28.837600000000002,28.820990000000002,28.805480000000003,28.790850000000002,28.777430000000003,28.76511,28.754,28.744210000000002,28.735740000000003,28.728590000000004,28.72298,28.71891,28.71627,28.715390000000003,28.716050000000003,28.718580000000003,28.72276,28.728700000000003,28.736620000000002,28.7463,28.75796,28.7716,28.787110000000006,28.804710000000004,28.824400000000004,28.846070000000005,28.869830000000004,28.895680000000002,28.923620000000003,28.953650000000003,28.98588,29.020310000000002,29.05683,29.09544,29.136360000000003,29.179370000000006,29.22447,29.271880000000003,29.32138,29.37319,29.42698,29.483080000000005,29.54127,29.601660000000003,29.664250000000003,29.72904,29.795920000000002,29.864890000000003,29.936170000000004,30.009540000000005,30.085000000000004,30.162660000000002,30.242520000000003,30.32447,30.408620000000003,30.494970000000002,30.583410000000004,30.67405,30.76678,30.86182,30.958950000000005,31.058280000000003,31.159700000000004,31.26343,31.36925,31.477380000000004,31.587600000000005,31.700130000000005,31.814860000000003,31.931790000000003,32.050920000000005,32.17225,32.29589,32.421730000000004,32.54977,32.68012,32.812670000000004,32.94753,33.08459,33.22385,33.36542,33.509190000000004,33.65516,33.80344,33.953920000000004,34.10671,34.26159,34.418780000000005,34.57806,34.73954,34.903330000000004,35.069100000000006
41.009100000000004,40.81781000000001,40.62729,40.437760000000004,40.24900000000001,40.06123,39.874340000000004,39.68833000000001,39.503310000000006,39.31928,39.13613,38.953970000000005,38.77291,38.59273,38.413650000000004,38.235670000000006,38.05879,37.88290000000001,37.708220000000004,37.53464,37.36216,37.191,37.02094,36.8522,36.684670000000004,36.518570000000004,36.353680000000004,36.190110000000004,36.02808,35.86737,35.708090000000006,35.55035,35.39415,35.23949,35.08648,34.935010000000005,34.78530000000001,34.63724,34.49105,34.34651,34.20384,34.06304,33.924220000000005,33.78727,33.65241,33.519420000000004,33.388630000000006,33.259930000000004,33.133430000000004,33.00902,32.88692,32.76713,32.64954,32.53437,32.421510000000005,32.31107,32.203050000000005,32.09745,31.994490000000003,31.89384,31.795830000000002,31.700350000000004,31.607400000000005,31.517090000000003,31.42931,31.344060000000002,31.261450000000004,31.181480000000004,31.103930000000002,31.029130000000006,30.95675,30.887010000000004,30.819690000000005,30.754900000000003,30.69253,30.63269,30.575160000000004,30.52005,30.467250000000003,30.41665,30.368360000000003,30.322160000000004,30.278050000000004,30.236030000000003,30.195990000000002,30.15782,30.12152,30.086980000000004,30.0542,30.022960000000005,29.993370000000002,29.965210000000003,29.938370000000003,29.91296,29.888760000000005,29.865660000000002,29.843660000000003,29.822650000000003,29.80263,29.783380000000005,29.764900000000004,29.74708,29.729810000000004,29.713090000000005,29.696920000000002,29.681080000000005,29.66557,29.650280000000002,29.63521,29.62014,29.605290000000004,29.590330000000005,29.575480000000002,29.560410000000005,29.545230000000004,29.529830000000004,29.51432,29.498480000000004,29.482310000000002,29.46581,29.44909,29.43193,29.414330000000003,29.396400000000003,29.378030000000003,29.359220000000004,29.34008,29.320500000000003,29.300480000000004,29.280020000000004,29.259230000000002,29.238110000000002,29.216550000000005,29.194660000000002,29.17255,29.15011,29.127450000000003,29.104570000000002,29.081580000000002,29.05848,29.035160000000005,29.011950000000002,28.988740000000004,28.96564,28.94265,28.919880000000003,28.89733,28.875110000000003,28.853220000000004,28.83188,28.810980000000004,28.790630000000004,28.770940000000003,28.752020000000005,28.733870000000003,28.716600000000003,28.700210000000002,28.684920000000005,28.670620000000003,28.657420000000002,28.64543,28.634760000000004,28.625410000000002,28.61749,28.611000000000004,28.605940000000004,28.602640000000005,28.600880000000004,28.60077,28.602420000000002,28.605940000000004,28.611220000000003,28.61848,28.62761,28.638610000000003,28.65181,28.666880000000003,28.684150000000002,28.703400000000002,28.72485,28.74839,28.774130000000003,28.80196,28.8321,28.864330000000002,28.898870000000002,28.93561,28.97455,29.015800000000002,29.059250000000002,29.1049,29.152750000000005,29.202910000000003,29.255270000000003,29.30983,29.3667,29.42577,29.48693,29.550400000000003,29.616070000000004,29.68394,29.7539,29.82617,29.900530000000003,29.97709,30.05574,30.13659,30.219640000000002,30.304780000000004,30.392120000000002,30.48166,30.573290000000004,30.667010000000005,30.762930000000004,30.860940000000003,30.961150000000004,31.063450000000003,31.16795,31.274540000000002,31.383330000000004,31.494320000000002,31.607400000000005,31.72257,31.84005,31.959620000000005,32.08128,32.20525,32.33131,32.45957000000001,32.590030000000006,32.72258000000001,32.857330000000005,32.99428,33.133430000000004,33.27478,33.41822,33.563970000000005,33.7117,33.861740000000005,34.013870000000004,34.168200000000006,34.32462,34.48324,34.643950000000004,34.80675,34.97175,35.13873
40.98479,40.79174,40.59946,40.408060000000006,40.21743000000001,40.027680000000004,39.83892,39.65093,39.463930000000005,39.27781,39.09257,38.90843,38.725170000000006,38.5429,38.36162,38.18144,38.002250000000004,37.82416,37.64717,37.47139000000001,37.296600000000005,37.12313,36.95076,36.7796,36.60976,36.44113000000001,36.27393000000001,36.107940000000006,35.943490000000004,35.78036,35.618660000000006,35.4585,35.29977,35.14269,34.98715,34.83337,34.68113,34.53065,34.381930000000004,34.23508,34.08999,33.94688000000001,33.805640000000004,33.666380000000004,33.529210000000006,33.394020000000005,33.261030000000005,33.13013,33.001430000000006,32.87493,32.75074,32.62886,32.5094,32.392250000000004,32.27752,32.16532,32.05554,31.948400000000003,31.843680000000003,31.741600000000005,31.64216,31.545360000000006,31.45109,31.359570000000005,31.270580000000002,31.184340000000002,31.10085,31.019890000000004,30.94168,30.866110000000003,30.793180000000003,30.722780000000004,30.655130000000003,30.590010000000003,30.52742,30.467360000000003,30.40983,30.35472,30.301920000000003,30.251540000000002,30.203470000000003,30.157600000000002,30.113930000000003,30.072350000000004,30.032860000000003,29.995350000000002,29.95971,29.925940000000004,29.893930000000005,29.863570000000003,29.83475,29.80758,29.781730000000003,29.75731,29.7341,29.712100000000003,29.691200000000002,29.671290000000003,29.652370000000005,29.634220000000003,29.61695,29.600230000000003,29.584170000000004,29.568660000000005,29.553590000000003,29.538850000000004,29.524440000000002,29.510250000000003,29.496280000000006,29.482310000000002,29.468450000000004,29.454590000000003,29.440620000000003,29.426540000000003,29.41224,29.397720000000003,29.382980000000003,29.367910000000002,29.35262,29.33689,29.32072,29.30422,29.287280000000003,29.269900000000003,29.251970000000004,29.233710000000002,29.214900000000004,29.19576,29.176070000000003,29.155940000000005,29.13537,29.114470000000004,29.093130000000002,29.071350000000002,29.049350000000004,29.027020000000004,29.004360000000002,28.981480000000005,28.958490000000005,28.935280000000002,28.912070000000003,28.88875,28.86543,28.84222,28.819120000000005,28.79613,28.773580000000003,28.751140000000003,28.72925,28.707800000000002,28.686790000000002,28.666440000000005,28.646750000000004,28.627720000000004,28.609570000000005,28.59241,28.576130000000003,28.560840000000002,28.546650000000003,28.533780000000004,28.52201,28.511670000000002,28.502650000000003,28.49517,28.489120000000003,28.484720000000003,28.481970000000004,28.480980000000002,28.48175,28.484280000000002,28.488680000000002,28.495060000000002,28.503420000000002,28.513760000000005,28.526080000000004,28.540600000000005,28.55721,28.576020000000003,28.59692,28.620130000000003,28.64554,28.673150000000003,28.70307,28.735300000000002,28.769730000000003,28.80658,28.84563,28.88699,28.930660000000003,28.976640000000003,29.02493,29.075530000000004,29.12844,29.183660000000003,29.24108,29.30092,29.36285,29.42709,29.493640000000003,29.562390000000004,29.63334,29.706490000000002,29.781840000000003,29.85939,29.939140000000005,30.02109,30.105240000000002,30.191480000000002,30.279810000000005,30.370340000000002,30.463070000000002,30.557890000000004,30.6548,30.753800000000002,30.855000000000004,30.95829,31.063670000000002,31.17114,31.280700000000003,31.39246,31.506310000000003,31.62225,31.740280000000002,31.860400000000002,31.98272,32.10702,32.233520000000006,32.36211,32.492900000000006,32.62567000000001,32.76064,32.8977,33.03685,33.178090000000005,33.32142,33.466950000000004,33.61457000000001,33.76417000000001,33.91597,34.069860000000006,34.225840000000005,34.38391,34.543960000000006,34.7061,34.87033,35.03665,35.204950000000004
40.959160000000004,40.76424,40.57009000000001,40.37671,40.18421000000001,39.99259000000001,39.80174,39.61177,39.422790000000006,39.23458,39.047250000000005,38.86102,38.67556,38.49109000000001,38.30772,38.12523,37.94384,37.76344,37.584140000000005,37.40605,37.22895,37.05306000000001,36.87827,36.70469,36.532430000000005,36.361380000000004,36.19165,36.02335,35.856260000000006,35.69071,35.52648,35.36379,35.20264,35.04303,34.88507,34.72865,34.57399,34.42098,34.26984,34.12046,33.972950000000004,33.827420000000004,33.68376000000001,33.54219,33.4026,33.265100000000004,33.1298,32.996590000000005,32.86569,32.737100000000005,32.610820000000004,32.486850000000004,32.3653,32.246280000000006,32.12968,32.01561,31.90407,31.795170000000002,31.688910000000003,31.58529,31.48431,31.386080000000003,31.290490000000005,31.197760000000002,31.107670000000002,31.02033,30.935850000000002,30.85412,30.77503,30.698800000000002,30.625210000000003,30.554480000000005,30.486280000000004,30.42094,30.35813,30.297960000000003,30.24032,30.18521,30.132630000000002,30.08247,30.034730000000003,29.98919,29.945960000000003,29.90493,29.866100000000003,29.829250000000002,29.79427,29.761270000000003,29.730140000000002,29.70066,29.672940000000004,29.64665,29.6219,29.598580000000005,29.57647,29.555570000000003,29.535880000000002,29.517180000000003,29.49936,29.48253,29.466360000000005,29.450960000000002,29.436110000000003,29.42181,29.407950000000003,29.394420000000004,29.381110000000003,29.36813,29.35526,29.342500000000005,29.32963,29.316870000000005,29.303890000000003,29.2908,29.277490000000004,29.26385,29.249990000000004,29.2358,29.22117,29.206210000000006,29.190810000000003,29.174970000000002,29.15858,29.141750000000002,29.124370000000003,29.106550000000002,29.08818,29.069370000000003,29.05001,29.0301,29.00986,28.98907,28.967840000000002,28.946280000000005,28.92428,28.901950000000003,28.879290000000005,28.856410000000004,28.83331,28.810100000000002,28.78667,28.76324,28.739810000000002,28.71638,28.693170000000006,28.670070000000003,28.647190000000002,28.624640000000003,28.602530000000005,28.580860000000005,28.55974,28.539170000000002,28.519370000000002,28.500230000000006,28.482080000000003,28.4647,28.448420000000002,28.433240000000005,28.41916,28.406290000000002,28.394740000000002,28.384620000000005,28.37593,28.36878,28.363170000000004,28.35932,28.357120000000002,28.356680000000004,28.358110000000003,28.361520000000002,28.3668,28.37417,28.383520000000004,28.395070000000004,28.408710000000003,28.42444,28.442480000000003,28.46283,28.485380000000003,28.51024,28.537410000000005,28.567,28.5989,28.633110000000002,28.669740000000004,28.708790000000004,28.750150000000005,28.793930000000003,28.840130000000002,28.888640000000002,28.939570000000003,28.99292,29.048580000000005,29.106550000000002,29.16694,29.22953,29.29454,29.36186,29.431380000000004,29.503210000000003,29.577350000000003,29.65369,29.73223,29.81297,29.896020000000004,29.981160000000003,30.068500000000004,30.15793,30.249560000000002,30.343390000000003,30.439310000000003,30.53732,30.637420000000002,30.739610000000003,30.843890000000002,30.950370000000003,31.05883,31.16938,31.28202,31.396750000000004,31.513460000000002,31.632260000000002,31.75315,31.876130000000003,32.001090000000005,32.12814,32.25728,32.388400000000004,32.52161,32.65691,32.7943,32.93356,33.07502,33.21846,33.36399,33.511500000000005,33.661100000000005,33.81268000000001,33.96635,34.122,34.279630000000004,34.439350000000005,34.60105,34.76473,34.93039,35.09803,35.26765
40.9321,40.735310000000005,40.53929000000001,40.34404000000001,40.14956,39.955960000000005,39.763130000000004,39.57118,39.38,39.18970000000001,39.000280000000004,38.81185,38.624190000000006,38.437630000000006,38.25184,38.06715,37.88345,37.70074,37.519130000000004,37.338620000000006,37.1591,36.98079,36.803580000000004,36.62758000000001,36.45279,36.279320000000006,36.10706,35.93612,35.76661,35.598420000000004,35.43177000000001,35.26644,35.10276,34.94062,34.78002000000001,34.62107,34.46388,34.30834,34.15467,34.00276,33.852720000000005,33.704660000000004,33.55858,33.414480000000005,33.272580000000005,33.13266,32.99505,32.85953,32.72632,32.595530000000004,32.46705,32.340990000000005,32.21735,32.09635,31.97777,31.86183,31.748530000000002,31.637870000000003,31.529960000000003,31.424690000000005,31.32228,31.222510000000003,31.12571,31.031660000000002,30.940470000000005,30.852030000000003,30.766560000000002,30.683950000000003,30.604090000000003,30.5272,30.45306,30.381780000000003,30.313250000000004,30.24747,30.184440000000002,30.124160000000003,30.066630000000004,30.011630000000004,29.959160000000004,29.909220000000005,29.861810000000002,29.816820000000003,29.774140000000003,29.73366,29.69538,29.6593,29.6252,29.59308,29.56283,29.53434,29.50761,29.48242,29.45888,29.436660000000003,29.41576,29.39607,29.377590000000005,29.360210000000002,29.343710000000005,29.328090000000003,29.31324,29.299160000000004,29.28563,29.272540000000003,29.259890000000006,29.247680000000003,29.23569,29.223920000000003,29.21226,29.2006,29.188940000000002,29.17717,29.165290000000002,29.1533,29.140980000000003,29.128330000000002,29.11535,29.102040000000002,29.08818,29.073990000000002,29.059250000000002,29.04407,29.02834,29.01206,28.995230000000003,28.97785,28.959810000000004,28.941330000000004,28.9223,28.902720000000006,28.882590000000004,28.86202,28.840900000000005,28.819340000000004,28.797450000000005,28.77512,28.752460000000003,28.729470000000003,28.70626,28.68283,28.659290000000002,28.635640000000002,28.611880000000003,28.588340000000002,28.5648,28.54137,28.51827,28.495500000000003,28.47306,28.45117,28.42972,28.40893,28.388910000000003,28.369660000000003,28.351180000000003,28.3338,28.3173,28.302010000000003,28.287930000000003,28.275170000000003,28.26362,28.253610000000002,28.24514,28.238210000000002,28.232930000000003,28.22941,28.227760000000004,28.227870000000003,28.229960000000002,28.234030000000004,28.240190000000002,28.248440000000002,28.258780000000005,28.271320000000003,28.286170000000002,28.303330000000003,28.322690000000005,28.344470000000005,28.368560000000002,28.395070000000004,28.424110000000002,28.455460000000002,28.489230000000003,28.525530000000003,28.564360000000004,28.605500000000003,28.64928,28.695480000000003,28.744100000000003,28.79514,28.84871,28.904700000000002,28.963110000000004,29.023940000000003,29.087190000000003,29.152750000000005,29.220730000000003,29.291020000000003,29.36373,29.438640000000003,29.515970000000003,29.595390000000005,29.67723,29.761270000000003,29.847400000000004,29.935840000000002,30.026480000000003,30.119210000000002,30.214140000000004,30.31116,30.410380000000004,30.511580000000002,30.614980000000003,30.720360000000003,30.827830000000006,30.937390000000004,31.049040000000005,31.162670000000002,31.27839,31.39609,31.515880000000003,31.637650000000004,31.761400000000002,31.887130000000003,32.014950000000006,32.14475,32.27653,32.41029,32.54614,32.68386,32.82367,32.96535,33.109120000000004,33.254760000000005,33.40249,33.55209,33.70378,33.85734,34.01288,34.1704,34.32979,34.49116,34.65451,34.81984,34.98693,35.156110000000005,35.32705
40.90372000000001,40.70506000000001,40.50706,40.309940000000005,40.11348,39.917790000000004,39.72298000000001,39.528940000000006,39.33567000000001,39.143280000000004,38.951660000000004,38.760920000000006,38.57117,38.3823,38.19431,38.007310000000004,37.82119,37.63617000000001,37.45214000000001,37.2691,37.087270000000004,36.90643,36.726800000000004,36.54827000000001,36.37095000000001,36.19495,36.020160000000004,35.84658,35.67443,35.503710000000005,35.33442,35.166560000000004,35.000240000000005,34.835350000000005,34.67222,34.510630000000006,34.35080000000001,34.192730000000005,34.03642,33.881870000000006,33.7293,33.57871,33.4301,33.28347,33.13904,32.99681,32.85667,32.71884,32.58332000000001,32.45022,32.31954,32.191280000000006,32.06555,31.94235,31.8219,31.70398,31.588810000000002,31.476390000000002,31.366720000000004,31.25991,31.15585,31.05476,30.95653,30.86116,30.76887,30.679330000000004,30.59287,30.509380000000004,30.428750000000004,30.351090000000003,30.276400000000002,30.204570000000004,30.135710000000003,30.06971,30.006570000000004,29.946180000000002,29.88854,29.83376,29.781510000000004,29.731900000000003,29.684820000000002,29.64038,29.59825,29.558430000000005,29.52092,29.48561,29.45239,29.421260000000004,29.392,29.364610000000003,29.338980000000003,29.315,29.29256,29.27155,29.251970000000004,29.233600000000003,29.216440000000002,29.200380000000003,29.18531,29.171010000000003,29.157590000000003,29.144830000000002,29.132620000000003,29.120960000000004,29.109740000000002,29.09874,29.088070000000002,29.077620000000003,29.067170000000004,29.056720000000002,29.046270000000003,29.03571,29.02504,29.01404,29.00271,28.99105,28.97906,28.966520000000003,28.953650000000003,28.940120000000004,28.926150000000003,28.911630000000002,28.896560000000004,28.88083,28.864440000000002,28.847500000000004,28.83001,28.81186,28.79305,28.773690000000006,28.753780000000003,28.733320000000003,28.712310000000002,28.69075,28.668860000000002,28.646420000000003,28.62365,28.600550000000002,28.57712,28.55347,28.52971,28.505840000000003,28.481860000000005,28.457880000000003,28.43401,28.41025,28.386820000000004,28.36361,28.34084,28.318510000000003,28.296840000000003,28.275720000000003,28.25526,28.235680000000002,28.216980000000003,28.19938,28.182660000000002,28.167260000000002,28.15296,28.140090000000004,28.128650000000004,28.118640000000003,28.110280000000003,28.103460000000002,28.0984,28.09521,28.093890000000002,28.094550000000005,28.09719,28.101920000000003,28.10874,28.11776,28.12909,28.14273,28.158680000000004,28.176940000000002,28.19762,28.220830000000003,28.246460000000003,28.274620000000002,28.305310000000002,28.338530000000002,28.374280000000002,28.412560000000003,28.453370000000003,28.49682,28.542800000000003,28.591310000000004,28.64246,28.69614,28.752240000000004,28.810980000000004,28.87214,28.93572,29.001940000000005,29.070470000000004,29.141420000000004,29.214790000000004,29.290580000000002,29.36868,29.44909,29.531810000000004,29.61684,29.70407,29.793610000000005,29.885350000000003,29.97918,30.07532,30.173550000000002,30.273870000000002,30.37628,30.480890000000002,30.587480000000003,30.696160000000003,30.80693,30.91968,31.034410000000005,31.15123,31.270030000000002,31.390810000000002,31.513570000000005,31.638310000000004,31.765030000000003,31.89373,32.024300000000004,32.15685,32.291380000000004,32.427890000000005,32.56627,32.706520000000005,32.84886,32.992960000000004,33.13904,33.2871,33.43703000000001,33.58883,33.74250000000001,33.89815,34.055670000000006,34.21506,34.37632000000001,34.53956,34.70456000000001,34.871430000000004,35.04017,35.21078,35.38326000000001
40.87402,40.67349000000001,40.47362,40.27441,40.07597,39.8783,39.681400000000004,39.48516000000001,39.28980000000001,39.09521,38.901500000000006,38.70856,38.51639,38.32521,38.134910000000005,37.945600000000006,37.75717,37.56962000000001,37.38317,37.19771,37.01335,36.829980000000006,36.64782,36.46676000000001,36.286910000000006,36.10827,35.93084,35.75473,35.57994,35.406580000000005,35.23454,35.064040000000006,34.89497,34.72744,34.56156,34.397330000000004,34.23486,34.074040000000004,33.915090000000006,33.758010000000006,33.6028,33.44957,33.298320000000004,33.14916,33.0022,32.857330000000005,32.71477,32.57452,32.43658,32.30117,32.16818,32.03772,31.909790000000005,31.7845,31.661960000000004,31.542060000000003,31.425020000000004,31.310730000000003,31.1993,31.09084,30.98524,30.882610000000003,30.782950000000003,30.68637,30.592760000000002,30.50223,30.41467,30.3303,30.248900000000003,30.170580000000005,30.095230000000004,30.023070000000004,29.953770000000002,29.887550000000005,29.82419,29.763800000000003,29.706270000000004,29.651490000000003,29.599570000000003,29.550290000000004,29.503760000000003,29.459760000000003,29.418290000000002,29.379240000000003,29.342500000000005,29.30807,29.275840000000002,29.245700000000003,29.21754,29.191250000000004,29.16683,29.14406,29.122940000000003,29.103250000000003,29.08499,29.068050000000003,29.05232,29.03769,29.024050000000003,29.011290000000002,28.9993,28.98797,28.977190000000004,28.966960000000004,28.95717,28.9476,28.938360000000003,28.92923,28.9201,28.91097,28.901840000000004,28.892490000000002,28.882810000000003,28.873020000000004,28.862790000000004,28.85212,28.841120000000004,28.829570000000004,28.817470000000004,28.804820000000003,28.79162,28.77776,28.76324,28.748060000000002,28.73222,28.71572,28.698560000000004,28.68074,28.662260000000003,28.643120000000003,28.623320000000003,28.602970000000003,28.581960000000002,28.56051,28.538510000000002,28.515960000000003,28.493080000000003,28.46976,28.44611,28.422240000000002,28.398040000000005,28.37384,28.349420000000006,28.325110000000002,28.300800000000002,28.27671,28.252730000000003,28.229190000000003,28.20587,28.1831,28.16099,28.13943,28.118530000000003,28.098620000000004,28.079480000000004,28.061440000000005,28.044500000000003,28.02877,28.014360000000003,28.00127,27.989610000000003,27.9796,27.971130000000002,27.964420000000004,27.959580000000003,27.95661,27.955510000000004,27.95661,27.959690000000002,27.96497,27.972450000000002,27.982240000000004,27.994450000000004,28.008970000000005,28.025910000000003,28.04538,28.06738,28.091910000000002,28.11897,28.148780000000002,28.18112,28.2161,28.25372,28.293980000000005,28.33688,28.382530000000003,28.43082,28.48175,28.53521,28.591420000000003,28.650270000000003,28.711540000000003,28.775560000000002,28.842000000000002,28.911080000000005,28.982580000000002,29.056610000000003,29.133060000000004,29.211930000000002,29.29322,29.376820000000002,29.462840000000003,29.551060000000003,29.6417,29.734430000000003,29.82947,29.92671,30.026150000000005,30.12779,30.231410000000004,30.33723,30.445140000000002,30.555030000000002,30.667010000000005,30.781080000000003,30.897020000000005,31.015050000000002,31.135060000000003,31.257050000000003,31.38091,31.50675,31.634460000000004,31.764150000000004,31.895820000000004,32.029360000000004,32.164660000000005,32.30194,32.4412,32.58222000000001,32.72511,32.86987,33.01661,33.16511,33.31537,33.46761,33.62172,33.777590000000004,33.93522,34.09483,34.2562,34.41933,34.58433,34.751200000000004,34.919720000000005,35.09011,35.262260000000005,35.436170000000004
40.84322,40.640710000000006,40.438860000000005,40.23767000000001,40.03725000000001,39.83749,39.63839,39.44006,39.2425,39.04571,38.84969,38.65455000000001,38.46018,38.26658,38.07397,37.882130000000004,37.691280000000006,37.501310000000004,37.31244,37.12445,36.937560000000005,36.75166000000001,36.566860000000005,36.383160000000004,36.20067,36.01939,35.83932000000001,35.66046,35.48303000000001,35.306920000000005,35.13224,34.95888,34.78717,34.616890000000005,34.448260000000005,34.28128,34.116060000000004,33.952490000000004,33.79079,33.63096,33.473110000000005,33.31713,33.16324,33.01144,32.86184,32.71444,32.56935,32.426570000000005,32.286210000000004,32.14838,32.01297,31.880200000000002,31.750070000000004,31.622580000000003,31.497950000000003,31.376070000000006,31.256940000000004,31.140780000000003,31.027590000000004,30.917370000000002,30.81023,30.70606,30.604970000000005,30.507070000000002,30.412250000000004,30.320510000000002,30.23196,30.1466,30.06443,29.98545,29.909550000000003,29.836840000000002,29.76732,29.700770000000002,29.637300000000003,29.576910000000005,29.51949,29.464930000000003,29.413230000000002,29.364500000000003,29.31841,29.274960000000004,29.234150000000003,29.19587,29.160120000000003,29.12657,29.09533,29.066290000000002,29.039340000000003,29.014260000000004,28.99116,28.96971,28.950020000000002,28.931760000000004,28.914930000000002,28.899530000000002,28.885230000000004,28.87214,28.86004,28.84882,28.83837,28.828580000000002,28.819340000000004,28.810650000000003,28.802400000000002,28.79426,28.786450000000002,28.778750000000002,28.771050000000002,28.76335,28.755430000000004,28.747290000000003,28.738930000000003,28.730240000000002,28.721220000000002,28.711650000000002,28.701640000000005,28.69097,28.679860000000005,28.667980000000004,28.65555,28.64235,28.628490000000003,28.613970000000002,28.598570000000002,28.582620000000002,28.565790000000003,28.5483,28.53004,28.511120000000002,28.49143,28.47108,28.450180000000003,28.428620000000002,28.406400000000005,28.383740000000003,28.36064,28.337100000000003,28.31312,28.28892,28.264390000000002,28.23975,28.21489,28.190140000000003,28.165280000000003,28.14064,28.116220000000002,28.09202,28.068260000000002,28.044940000000004,28.02217,28.00006,27.97872,27.95815,27.938680000000005,27.920090000000005,27.902820000000002,27.886650000000003,27.871800000000004,27.858490000000003,27.846610000000002,27.836380000000005,27.827910000000003,27.821200000000005,27.816360000000003,27.813390000000002,27.81262,27.813940000000002,27.81735,27.823070000000005,27.831210000000006,27.841660000000005,27.85464,27.870040000000003,27.88797,27.908540000000002,27.93175,27.957600000000003,27.986090000000004,28.017330000000005,28.051320000000004,28.088060000000002,28.127550000000003,28.16979,28.21478,28.26263,28.31312,28.366360000000004,28.42246,28.481090000000002,28.542580000000005,28.606600000000004,28.673370000000002,28.742780000000003,28.81472,28.88919,28.9663,29.045830000000002,29.127890000000004,29.21237,29.299160000000004,29.38848,29.480000000000004,29.573940000000004,29.670080000000002,29.768530000000002,29.869180000000004,29.97192,30.076860000000003,30.184000000000005,30.293120000000002,30.40444,30.517740000000003,30.633020000000002,30.75039,30.869740000000004,30.990960000000005,31.114160000000002,31.239340000000002,31.366390000000003,31.495420000000003,31.626210000000004,31.758980000000005,31.893510000000003,32.03002000000001,32.168290000000006,32.30843,32.45033,32.594100000000005,32.739630000000005,32.88703,33.036190000000005,33.18722,33.34001000000001,33.49456,33.650870000000005,33.80894,33.968770000000006,34.13047,34.293820000000004,34.45893,34.625800000000005,34.794430000000006,34.96482,35.13686,35.310660000000006,35.486110000000004
40.81132,40.60683,40.402890000000006,40.199720000000006,39.99721,39.79525,39.59406,39.39364,39.19388000000001,38.994780000000006,38.79656,38.599000000000004,38.40232,38.206410000000005,38.01127,37.81712,37.623740000000005,37.43135,37.23984,37.04932,36.85979,36.67136000000001,36.483920000000005,36.29758,36.11234,35.92842,35.7456,35.563990000000004,35.383810000000004,35.204950000000004,35.02741,34.8513,34.676730000000006,34.5037,34.33232,34.16248,33.994400000000006,33.82808,33.663520000000005,33.50094000000001,33.340230000000005,33.1815,33.02497,32.87042,32.718070000000004,32.56803,32.420300000000005,32.27499,32.1321,31.991740000000004,31.853910000000006,31.718830000000004,31.58639,31.456700000000005,31.329760000000004,31.205790000000004,31.084680000000002,30.96665,30.851590000000005,30.739610000000003,30.63071,30.525000000000002,30.422480000000004,30.323150000000005,30.22701,30.134280000000004,30.044630000000005,29.95839,29.875450000000004,29.795700000000004,29.71925,29.646100000000004,29.576140000000002,29.50937,29.4459,29.3854,29.328090000000003,29.273860000000003,29.2226,29.1742,29.12866,29.085980000000003,29.04594,29.008540000000004,28.973560000000003,28.941110000000002,28.911080000000005,28.883140000000004,28.857400000000005,28.833750000000002,28.811970000000002,28.79195,28.773690000000006,28.756970000000003,28.741790000000005,28.72782,28.715280000000003,28.703730000000004,28.693170000000006,28.683600000000002,28.674800000000005,28.666660000000004,28.65907,28.652030000000003,28.64532,28.638830000000002,28.63256,28.626290000000004,28.620020000000004,28.613750000000003,28.60726,28.600440000000003,28.593400000000003,28.585920000000005,28.578000000000003,28.569530000000004,28.560620000000004,28.550940000000004,28.540710000000004,28.52971,28.518050000000002,28.505620000000004,28.492420000000003,28.478450000000006,28.463600000000003,28.44798,28.431590000000003,28.41432,28.396390000000004,28.377580000000002,28.358000000000004,28.337650000000004,28.316750000000003,28.295080000000002,28.272750000000002,28.24987,28.22655,28.20257,28.17826,28.153620000000004,28.128650000000004,28.103460000000002,28.078160000000004,28.052750000000003,28.027450000000005,28.00215,27.977070000000005,27.952210000000004,27.92779,27.903810000000004,27.880380000000002,27.85761,27.835610000000003,27.814490000000003,27.794360000000005,27.77533,27.757400000000004,27.740790000000004,27.7255,27.711750000000002,27.699540000000002,27.689090000000004,27.680290000000003,27.673470000000002,27.66852,27.665660000000003,27.665,27.666430000000002,27.67017,27.67633,27.684910000000002,27.696020000000004,27.709660000000003,27.725830000000002,27.744750000000003,27.766310000000004,27.79062,27.817790000000006,27.84771,27.88049,27.916020000000003,27.954520000000002,27.995770000000004,28.039990000000003,28.08707,28.137010000000004,28.18981,28.245360000000005,28.30388,28.365150000000003,28.429170000000003,28.496050000000004,28.56557,28.637840000000004,28.71275,28.79019,28.87038,28.953100000000003,29.03835,29.126020000000004,29.21622,29.308730000000004,29.403660000000002,29.5009,29.600560000000005,29.70231,29.80637,29.912630000000004,30.02109,30.13153,30.244170000000004,30.358900000000002,30.475610000000003,30.5943,30.71497,30.83762,30.962250000000004,31.08875,31.217120000000005,31.34747,31.479580000000002,31.613560000000003,31.74941,31.887020000000003,32.02639,32.16763,32.31063,32.45539,32.601910000000004,32.75019,32.90023000000001,33.05203,33.20559,33.360800000000005,33.517770000000006,33.67639,33.83677,33.9988,34.16259,34.328030000000005,34.49523000000001,34.66408,34.83458,35.006730000000005,35.180530000000005,35.35598000000001,35.53308
40.77821,40.571740000000005,40.36582,40.160560000000004,39.955960000000005,39.75191,39.54852,39.3459,39.14383,38.94253,38.741890000000005,38.54202000000001,38.34292,38.14459000000001,37.947140000000005,37.750460000000004,37.554550000000006,37.35963,37.16559000000001,36.97243,36.78026,36.58908,36.39900000000001,36.21002,36.02203000000001,35.83525,35.649680000000004,35.465320000000006,35.28228000000001,35.10056,34.92027,34.7413,34.56387,34.387980000000006,34.21363,34.04093,33.86999,33.700700000000005,33.533390000000004,33.36784,33.20427,33.042790000000004,32.8834,32.7261,32.571000000000005,32.41821,32.26784,32.119780000000006,31.97436,31.831360000000004,31.691110000000002,31.5535,31.418640000000003,31.286640000000002,31.157500000000002,31.031330000000004,30.908240000000003,30.788120000000003,30.671190000000003,30.55734,30.44679,30.33943,30.23537,30.134610000000002,30.037260000000003,29.94321,29.852680000000003,29.76545,29.681630000000002,29.60122,29.524220000000003,29.45063,29.38034,29.31335,29.24977,29.18938,29.13218,29.078280000000003,29.027350000000002,28.9795,28.934620000000002,28.8926,28.853330000000003,28.81692,28.783040000000003,28.75169,28.72276,28.69614,28.671720000000004,28.649500000000003,28.62915,28.610670000000002,28.59395,28.57888,28.565350000000002,28.553140000000003,28.54214,28.532350000000005,28.52366,28.515740000000005,28.508700000000005,28.502210000000005,28.496380000000002,28.490990000000004,28.485930000000003,28.481090000000002,28.476470000000003,28.471850000000003,28.467120000000005,28.462280000000003,28.457220000000003,28.451940000000004,28.44611,28.439950000000003,28.433240000000005,28.425980000000003,28.41806,28.409480000000002,28.400130000000004,28.390120000000003,28.37923,28.36746,28.354920000000003,28.341500000000003,28.3272,28.31202,28.295960000000004,28.279020000000003,28.26131,28.242610000000003,28.22314,28.20279,28.181780000000003,28.160000000000004,28.13745,28.11435,28.090590000000002,28.066390000000002,28.04164,28.016450000000003,27.990930000000002,27.96519,27.939230000000002,27.91327,27.887200000000004,27.86113,27.835390000000004,27.809760000000004,27.784570000000002,27.75982,27.735620000000004,27.712190000000003,27.689420000000002,27.667530000000003,27.646740000000005,27.626940000000005,27.608350000000005,27.59119,27.575350000000004,27.56105,27.548400000000004,27.53751,27.52849,27.521340000000002,27.516280000000002,27.513310000000004,27.51254,27.51419,27.518150000000002,27.524530000000002,27.53355,27.5451,27.5594,27.576340000000005,27.596030000000003,27.618690000000004,27.6441,27.672370000000004,27.70361,27.737820000000003,27.775000000000002,27.815150000000003,27.858270000000005,27.90447,27.95353,28.005670000000006,28.060670000000002,28.118640000000003,28.17958,28.243380000000002,28.31015,28.379670000000004,28.452050000000003,28.527180000000005,28.60506,28.68569,28.768960000000003,28.854870000000002,28.943310000000004,29.034280000000003,29.127780000000005,29.2237,29.322040000000005,29.422690000000003,29.525760000000002,29.631030000000003,29.73861,29.84828,29.960150000000002,30.07422,30.19027,30.30852,30.428640000000005,30.55085,30.67493,30.800990000000006,30.929030000000004,31.05883,31.190500000000004,31.324150000000003,31.45945,31.59662,31.735550000000003,31.876350000000002,32.018800000000006,32.16301,32.308870000000006,32.4566,32.60598,32.75701,32.909690000000005,33.06413,33.220220000000005,33.37796,33.53735,33.69839,33.86108,34.025420000000004,34.191410000000005,34.35905,34.52823,34.69906,34.87154,35.04556,35.22112,35.39833000000001,35.57719
40.74422,40.53566,40.327760000000005,40.1203,39.913610000000006,39.70736,39.50177,39.29684,39.09257,38.888960000000004,38.68601,38.483720000000005,38.2822,38.081450000000004,37.88147,37.68226,37.48382,37.286260000000006,37.08958,36.89378,36.69897,36.50515000000001,36.31232000000001,36.12048,35.92974000000001,35.740210000000005,35.55178,35.364560000000004,35.17866,34.993970000000004,34.81071,34.62888,34.44848,34.26962,34.0923,33.916630000000005,33.742720000000006,33.570570000000004,33.400290000000005,33.231770000000004,33.065340000000006,32.900890000000004,32.738530000000004,32.57837000000001,32.42052,32.26487,32.11175,31.96094,31.812770000000004,31.667240000000003,31.524350000000002,31.38421,31.246930000000006,31.11251,30.981060000000003,30.852690000000003,30.727400000000003,30.605190000000004,30.486280000000004,30.37056,30.258250000000004,30.149240000000002,30.043640000000003,29.941450000000003,29.84278,29.74752,29.655890000000003,29.567670000000003,29.482970000000005,29.4019,29.324350000000003,29.250210000000003,29.179700000000004,29.112600000000004,29.048910000000003,28.988520000000005,28.931650000000005,28.877970000000005,28.827480000000005,28.78018,28.735960000000002,28.694820000000004,28.656430000000004,28.621010000000005,28.588230000000003,28.558090000000004,28.530480000000004,28.50518,28.482190000000003,28.4614,28.442700000000002,28.425870000000003,28.410800000000002,28.39749,28.385610000000003,28.375270000000004,28.366140000000005,28.358110000000003,28.351180000000003,28.34513,28.33996,28.335340000000002,28.331270000000004,28.327750000000005,28.324450000000002,28.32137,28.3184,28.315430000000003,28.312350000000002,28.30905,28.30553,28.30157,28.29728,28.292440000000003,28.28694,28.280890000000003,28.274070000000005,28.26659,28.25823,28.249100000000002,28.238980000000005,28.22809,28.21621,28.20334,28.189590000000003,28.17485,28.15912,28.14251,28.124910000000003,28.106320000000004,28.086850000000002,28.0665,28.04538,28.023380000000003,28.000610000000005,27.977180000000004,27.953090000000003,27.928340000000002,27.90315,27.87741,27.851340000000004,27.82494,27.798210000000005,27.771480000000004,27.744640000000004,27.717800000000004,27.691180000000003,27.66478,27.638710000000003,27.61308,27.588,27.56358,27.54004,27.51727,27.4956,27.47503,27.455670000000005,27.43774,27.42124,27.406280000000002,27.39308,27.38164,27.372180000000004,27.364700000000003,27.35931,27.35623,27.355350000000005,27.357000000000003,27.36107,27.36767,27.376910000000002,27.389010000000003,27.403750000000002,27.421460000000003,27.44192,27.46546,27.491860000000003,27.52145,27.553900000000002,27.58954,27.62826,27.67006,27.71505,27.76301,27.81416,27.868390000000005,27.925700000000003,27.986090000000004,28.049450000000004,28.11589,28.185300000000005,28.257680000000004,28.332810000000002,28.41091,28.491870000000006,28.575580000000002,28.66193,28.751030000000004,28.84277,28.937150000000003,29.033950000000004,29.133280000000003,29.235140000000005,29.33931,29.445790000000002,29.55458,29.665680000000005,29.77898,29.894370000000002,30.011960000000002,30.13164,30.253300000000003,30.377050000000004,30.502670000000002,30.630270000000003,30.759850000000004,30.89119,31.024510000000003,31.15959,31.29643,31.435140000000004,31.5755,31.71762,31.861500000000003,32.00714,32.154320000000006,32.30326,32.45385,32.60609,32.759980000000006,32.91552,33.0726,33.23133,33.391600000000004,33.55352,33.717090000000006,33.882090000000005,34.04874,34.217040000000004,34.386770000000006,34.558150000000005,34.73096,34.90542,35.08142,35.25885,35.43793,35.61844000000001
40.70913,40.49859,40.2886,40.07905,39.870160000000006,39.66171000000001,39.45392,39.246680000000005,39.0401,38.83418,38.62881,38.4241,38.22016000000001,38.01688,37.814370000000004,37.61252,37.411550000000005,37.21135,37.01203,36.813590000000005,36.61603,36.41935,36.22377,36.029070000000004,35.83558000000001,35.643080000000005,35.45179000000001,35.2616,35.07273,34.88518,34.69895,34.51404,34.330670000000005,34.14884,33.96844,33.7898,33.61281,33.437580000000004,33.26422,33.09284,32.92333,32.75591,32.59058,32.42745000000001,32.266630000000006,32.10812,31.952030000000004,31.798580000000005,31.647550000000003,31.499270000000003,31.353740000000002,31.210960000000004,31.071150000000003,30.934310000000004,30.800440000000002,30.66976,30.542160000000003,30.41786,30.29697,30.179270000000002,30.065090000000005,29.954430000000002,29.84718,29.743560000000002,29.64346,29.546990000000005,29.454150000000002,29.36505,29.27947,29.19763,29.119530000000005,29.04495,28.974110000000003,28.90679,28.843100000000003,28.78293,28.72617,28.67293,28.622990000000005,28.576240000000002,28.532790000000002,28.492420000000003,28.455130000000004,28.420700000000004,28.38913,28.360310000000002,28.334020000000002,28.310260000000003,28.28881,28.26967,28.252510000000004,28.237440000000003,28.22424,28.212690000000002,28.20268,28.19421,28.186950000000003,28.1809,28.17595,28.171880000000005,28.168580000000002,28.165940000000003,28.163740000000004,28.162090000000003,28.160660000000004,28.15945,28.158240000000003,28.157030000000002,28.155600000000003,28.153950000000002,28.15208,28.14966,28.146800000000002,28.143280000000004,28.139210000000002,28.13437,28.128760000000003,28.122380000000003,28.11501,28.10676,28.097630000000002,28.087400000000002,28.076180000000004,28.06397,28.05077,28.03647,28.02107,28.004680000000004,27.987190000000005,27.968710000000005,27.949350000000003,27.928890000000003,27.90755,27.885330000000003,27.862340000000003,27.838470000000004,27.813940000000002,27.78864,27.762900000000002,27.736500000000003,27.709660000000003,27.682600000000004,27.6551,27.62749,27.59977,27.57205,27.544440000000005,27.51705,27.489990000000002,27.46337,27.437300000000004,27.412000000000003,27.387360000000005,27.363710000000005,27.341050000000003,27.319490000000002,27.29925,27.280440000000002,27.263170000000002,27.24744,27.233580000000003,27.221480000000003,27.211470000000002,27.20355,27.197720000000004,27.194310000000005,27.193320000000003,27.194750000000003,27.19882,27.20553,27.215100000000003,27.227420000000002,27.242710000000002,27.26097,27.282200000000003,27.306620000000002,27.334010000000003,27.364700000000003,27.39847,27.43543,27.475690000000004,27.51914,27.56589,27.615830000000003,27.668960000000002,27.72528,27.784900000000004,27.84771,27.913600000000002,27.982570000000003,28.054620000000003,28.129750000000005,28.20785,28.28892,28.372960000000003,28.45975,28.549400000000002,28.641800000000003,28.736840000000004,28.83452,28.934840000000005,29.037580000000002,29.142960000000002,29.250650000000004,29.360760000000003,29.473180000000003,29.5878,29.70473,29.823750000000004,29.944860000000002,30.068170000000006,30.19346,30.32073,30.44998,30.5811,30.7142,30.84906,30.985790000000005,31.124280000000002,31.264530000000004,31.406540000000003,31.55031,31.69573,31.842800000000004,31.991520000000005,32.141890000000004,32.293800000000005,32.44736,32.60257,32.75932,32.91761,33.07755,33.23892,33.401830000000004,33.566390000000006,33.732380000000006,33.899910000000006,34.068870000000004,34.23948,34.411410000000004,34.584990000000005,34.760000000000005,34.936440000000005,35.11442,35.29383,35.47467,35.65694
40.67327000000001,40.460640000000005,40.248450000000005,40.03681,39.825720000000004,39.61507,39.40497,39.195530000000005,38.98653000000001,38.77819,38.57040000000001,38.36327000000001,38.156800000000004,37.950990000000004,37.74595000000001,37.54157000000001,37.33785,37.13501,36.93294,36.73175,36.53144,36.332010000000004,36.13346,35.93601,35.73955,35.54408000000001,35.34982000000001,35.15677,34.96482,34.774190000000004,34.584880000000005,34.397000000000006,34.210550000000005,34.02553,33.84216,33.66033,33.48026,33.301950000000005,33.125400000000006,32.95083,32.778240000000004,32.60774,32.439440000000005,32.273230000000005,32.10933,31.947850000000006,31.788900000000005,31.63248,31.478590000000004,31.327560000000005,31.179170000000003,31.03375,30.8913,30.75193,30.615530000000003,30.482430000000004,30.35263,30.226130000000005,30.10304,29.98336,29.867310000000003,29.754780000000004,29.645880000000002,29.540720000000004,29.43919,29.341510000000003,29.247570000000003,29.15737,29.071020000000004,28.988410000000005,28.909650000000003,28.834740000000004,28.763570000000005,28.69614,28.632340000000003,28.572390000000006,28.515850000000004,28.463050000000003,28.413550000000004,28.36757,28.325000000000003,28.285510000000002,28.24921,28.21599,28.185740000000003,28.158240000000003,28.133380000000002,28.11116,28.091470000000005,28.073980000000002,28.058690000000002,28.04538,28.03405,28.024480000000004,28.016450000000003,28.009960000000003,28.004790000000003,28.000830000000004,27.997860000000003,27.995880000000003,27.994560000000003,27.994010000000003,27.993900000000004,27.994120000000002,27.994670000000003,27.99533,27.996100000000002,27.996650000000002,27.99709,27.997200000000003,27.99687,27.996100000000002,27.994780000000002,27.992800000000003,27.99005,27.986530000000002,27.982130000000005,27.976850000000002,27.970580000000005,27.96332,27.95496,27.945610000000002,27.93505,27.923500000000004,27.910740000000004,27.896880000000003,27.881810000000005,27.865640000000003,27.848370000000003,27.829890000000002,27.81042,27.789960000000004,27.768400000000003,27.745960000000004,27.722530000000003,27.698220000000003,27.67314,27.6474,27.620890000000003,27.593830000000004,27.56622,27.538280000000004,27.509900000000002,27.481300000000005,27.452590000000004,27.423880000000004,27.395280000000003,27.366790000000005,27.338630000000002,27.31091,27.28374,27.25723,27.231490000000004,27.206740000000003,27.182980000000004,27.16043,27.139200000000002,27.119400000000002,27.10114,27.08453,27.06979,27.057030000000005,27.04625,27.037670000000002,27.031400000000005,27.02755,27.02623,27.027440000000002,27.031400000000005,27.038220000000003,27.047900000000002,27.060550000000003,27.07617,27.09487,27.116870000000006,27.14195,27.17033,27.20201,27.2371,27.275380000000002,27.317180000000004,27.362280000000002,27.410680000000003,27.462490000000003,27.517710000000005,27.57623,27.63816,27.703280000000003,27.771700000000003,27.843310000000002,27.918110000000002,27.996100000000002,28.077170000000002,28.16121,28.248330000000003,28.338310000000003,28.43126,28.52696,28.625410000000002,28.7265,28.83034,28.936600000000002,29.045500000000004,29.156820000000003,29.270560000000003,29.38661,29.504970000000004,29.625530000000005,29.748180000000005,29.873140000000003,29.99997,30.129,30.259900000000002,30.392780000000002,30.527530000000006,30.664150000000003,30.802640000000004,30.942890000000002,31.084900000000005,31.228560000000005,31.373980000000003,31.521050000000002,31.669770000000003,31.820140000000002,31.972050000000003,32.12561,32.28071,32.43735,32.595420000000004,32.755140000000004,32.916290000000004,33.07898,33.243210000000005,33.40876,33.57596,33.74448,33.91443,34.08592,34.258840000000006,34.433080000000004,34.60886,34.78607,34.964600000000004,35.144560000000006,35.325950000000006,35.508770000000005,35.69291
40.63664,40.42181000000001,40.207530000000006,39.99369,39.78040000000001,39.56744,39.355140000000006,39.143280000000004,38.93197,38.72110000000001,38.51089,38.30134,38.09234,37.88389000000001,37.676210000000005,37.469190000000005,37.26283000000001,37.05724000000001,36.85242,36.64837,36.4452,36.24291,36.041500000000006,35.841080000000005,35.64165,35.44332000000001,35.24598,35.04985,34.854820000000004,34.66111,34.468720000000005,34.27765,34.088010000000004,33.899910000000006,33.71324,33.528330000000004,33.34507000000001,33.16346,32.983830000000005,32.80607,32.63029,32.4566,32.28511,32.11582000000001,31.94884,31.784280000000003,31.62214,31.462750000000003,31.306000000000004,31.15189,31.000750000000004,30.85258,30.707380000000004,30.565260000000002,30.426440000000003,30.29081,30.15859,30.029780000000002,29.904490000000003,29.78283,29.664800000000003,29.550400000000003,29.439740000000004,29.33304,29.230080000000005,29.130970000000005,29.03582,28.944630000000004,28.857400000000005,28.774130000000003,28.69471,28.619360000000004,28.547860000000004,28.480320000000003,28.416630000000005,28.356680000000004,28.30058,28.24811,28.19938,28.15406,28.112370000000002,28.073870000000003,28.038780000000003,28.006770000000003,27.977840000000004,27.95177,27.928560000000004,27.90799,27.890060000000005,27.87433,27.86102,27.849690000000002,27.84034,27.83275,27.82692,27.82252,27.819550000000003,27.81768,27.816910000000004,27.817130000000002,27.818010000000005,27.819550000000003,27.821530000000003,27.82395,27.826590000000003,27.829230000000003,27.83198,27.83451,27.836710000000004,27.838690000000003,27.840120000000002,27.841,27.84122,27.840780000000002,27.83946,27.83737,27.83418,27.83011,27.82494,27.81867,27.811190000000003,27.80261,27.792820000000003,27.781820000000003,27.769610000000004,27.756190000000004,27.741450000000004,27.7255,27.70834,27.689970000000002,27.670390000000005,27.649820000000002,27.628040000000002,27.605160000000005,27.581400000000006,27.556540000000002,27.530910000000002,27.504400000000004,27.477230000000002,27.449400000000004,27.420910000000003,27.391980000000004,27.362610000000004,27.33302,27.303210000000004,27.273400000000002,27.24359,27.21389,27.184520000000003,27.155590000000004,27.127210000000005,27.099380000000004,27.07243,27.046470000000003,27.021500000000003,26.99774,26.9753,26.954290000000004,26.93493,26.917440000000003,26.90171,26.887960000000003,26.876410000000003,26.867170000000005,26.86024,26.855840000000004,26.854080000000003,26.854960000000002,26.858810000000005,26.865520000000004,26.8752,26.887960000000003,26.903910000000003,26.923160000000003,26.945710000000002,26.971560000000004,27.00082,27.033490000000004,27.06968,27.10939,27.152620000000002,27.199260000000002,27.249530000000004,27.303210000000004,27.36041,27.42113,27.48526,27.552910000000004,27.623860000000004,27.698110000000003,27.77577,27.856620000000003,27.940660000000005,28.027780000000003,28.117980000000003,28.211260000000003,28.307510000000004,28.406510000000004,28.508480000000002,28.613090000000003,28.720450000000003,28.83034,28.94287,29.057930000000002,29.175300000000004,29.295090000000005,29.41719,29.54149,29.667990000000003,29.796580000000002,29.927260000000004,30.059920000000005,30.194560000000003,30.33118,30.46956,30.609920000000002,30.75193,30.89581,31.04134,31.188520000000004,31.337460000000004,31.487940000000002,31.639960000000002,31.793630000000004,31.948950000000004,32.10559000000001,32.26388,32.4236,32.58486,32.747550000000004,32.91167,33.077220000000004,33.24409000000001,33.4125,33.58234,33.7535,33.92598,34.09989,34.27523000000001,34.451890000000006,34.629870000000004,34.80928,34.990010000000005,35.17206,35.355430000000005,35.54023,35.726240000000004
40.59913,40.38221000000001,40.16584,39.949690000000004,39.73409,39.51893,39.304320000000004,39.09004,38.876310000000004,38.66313,38.450390000000006,38.238200000000006,38.02667,37.81569,37.60526,37.39560000000001,37.186490000000006,36.97815000000001,36.77047,36.56367,36.35764,36.15238,35.948,35.74461,35.542210000000004,35.34069,35.14038,34.94106000000001,34.74295,34.54605,34.35047,34.15621,33.96327,33.77187,33.582010000000004,33.393800000000006,33.207240000000006,33.02244,32.839510000000004,32.65845,32.47937,32.30238,32.127590000000005,31.955110000000005,31.784940000000002,31.61719,31.451970000000003,31.289390000000004,31.129560000000005,30.972590000000004,30.81837,30.667340000000003,30.519280000000006,30.37452,30.232950000000002,30.09479,29.960040000000003,29.828920000000004,29.701320000000003,29.577460000000002,29.457340000000002,29.341070000000002,29.22876,29.1203,29.015800000000002,28.915370000000003,28.819010000000002,28.726720000000004,28.638610000000003,28.554570000000002,28.474600000000002,28.3987,28.326980000000002,28.259330000000002,28.195640000000004,28.135910000000003,28.080140000000004,28.02822,27.980040000000002,27.935600000000004,27.89479,27.8575,27.823510000000002,27.792930000000002,27.765430000000002,27.741010000000003,27.719450000000002,27.700640000000003,27.68447,27.670830000000002,27.659390000000002,27.650260000000003,27.643,27.637610000000002,27.63398,27.631890000000002,27.631120000000003,27.631670000000003,27.633100000000002,27.635630000000003,27.638820000000003,27.642560000000003,27.646850000000004,27.65147,27.65631,27.661150000000003,27.66588,27.670390000000005,27.674680000000002,27.678530000000002,27.681720000000002,27.68436,27.68634,27.687440000000002,27.68766,27.686890000000002,27.68513,27.682160000000003,27.6782,27.67292,27.666430000000002,27.658620000000003,27.649600000000003,27.639260000000004,27.62749,27.6144,27.599990000000005,27.58426,27.567210000000003,27.548840000000002,27.52926,27.508360000000003,27.48636,27.463150000000002,27.438840000000003,27.41354,27.387140000000002,27.35997,27.331920000000004,27.303210000000004,27.27373,27.24381,27.21345,27.182650000000002,27.15163,27.120610000000003,27.089480000000002,27.058460000000004,27.02777,26.997410000000002,26.9676,26.938450000000003,26.91018,26.882680000000004,26.85639,26.831310000000002,26.807550000000003,26.785330000000002,26.764760000000003,26.74606,26.72923,26.714490000000005,26.702060000000003,26.691830000000003,26.684240000000003,26.67918,26.67676,26.677310000000002,26.68072,26.68732,26.696890000000003,26.709760000000003,26.72604,26.745620000000002,26.768610000000002,26.795230000000004,26.825260000000004,26.858920000000005,26.896320000000003,26.93724,26.981900000000003,27.030190000000005,27.082110000000004,27.137770000000003,27.19706,27.259870000000003,27.32642,27.39638,27.469970000000004,27.54697,27.627380000000002,27.711090000000002,27.798210000000005,27.888520000000003,27.98191,28.078490000000002,28.17804,28.28056,28.38605,28.494290000000003,28.60528,28.71891,28.83507,28.953870000000002,29.07498,29.198620000000002,29.324460000000002,29.45261,29.58296,29.715400000000002,29.84982,29.986330000000002,30.12482,30.26518,30.407300000000003,30.551400000000005,30.697150000000004,30.844550000000005,30.993710000000004,31.14452,31.29698,31.45098,31.606520000000003,31.763600000000004,31.922110000000004,32.08216,32.243640000000006,32.40655,32.57078,32.73655,32.90364,33.072160000000004,33.241890000000005,33.41305,33.585640000000005,33.759440000000005,33.934560000000005,34.111000000000004,34.28876,34.46784,34.64824,34.82985,35.01278,35.197030000000005,35.382490000000004,35.569160000000004,35.75715
40.56096000000001,40.341950000000004,40.123270000000005,39.90503,39.68712,39.46965000000001,39.25262,39.035920000000004,38.819770000000005,38.604060000000004,38.38890000000001,38.17418000000001,37.959900000000005,37.74628,37.533210000000004,37.3208,37.108940000000004,36.89774,36.687310000000004,36.477540000000005,36.26854000000001,36.06031,35.85296,35.6466,35.44101,35.23641,35.03291,34.830510000000004,34.6291,34.429010000000005,34.23013,34.03257000000001,33.83644,33.641630000000006,33.44847,33.25685,33.066990000000004,32.878780000000006,32.692440000000005,32.50797000000001,32.325590000000005,32.14519,31.967100000000002,31.791210000000003,31.617740000000005,31.446690000000004,31.278280000000002,31.11251,30.94949,30.789330000000003,30.632140000000003,30.478030000000004,30.32711,30.17949,30.035170000000004,29.894370000000002,29.756980000000002,29.623440000000002,29.493420000000004,29.367360000000005,29.245150000000002,29.126900000000003,29.012610000000002,28.9025,28.796460000000003,28.6946,28.59692,28.50353,28.41443,28.329620000000002,28.249100000000002,28.17276,28.100710000000003,28.032950000000003,27.96937,27.909860000000002,27.85453,27.803160000000002,27.755750000000003,27.71208,27.672260000000005,27.636180000000003,27.603510000000004,27.574360000000002,27.548400000000004,27.52563,27.50583,27.489,27.47481,27.463150000000002,27.453910000000004,27.44698,27.44203,27.439060000000005,27.43774,27.437960000000004,27.439610000000002,27.442580000000003,27.446540000000002,27.451380000000004,27.45699,27.463260000000002,27.46986,27.47679,27.48383,27.490980000000004,27.497910000000005,27.504510000000003,27.51089,27.516720000000003,27.521890000000003,27.526290000000003,27.530030000000004,27.532780000000002,27.534540000000003,27.535310000000003,27.53487,27.533220000000004,27.53036,27.526180000000004,27.520570000000003,27.51375,27.505390000000002,27.4956,27.484380000000005,27.47173,27.457650000000005,27.442140000000002,27.4252,27.40683,27.387030000000003,27.365910000000003,27.343580000000003,27.319930000000003,27.295070000000003,27.26911,27.242050000000003,27.214000000000002,27.185070000000003,27.15537,27.1249,27.093770000000003,27.062200000000004,27.030190000000005,26.997960000000003,26.965400000000002,26.93295,26.9005,26.868270000000003,26.83648,26.805130000000005,26.774440000000002,26.744630000000004,26.715590000000002,26.687760000000004,26.661250000000003,26.636060000000004,26.612410000000004,26.590410000000006,26.570390000000003,26.552350000000004,26.53651,26.52287,26.511760000000002,26.503180000000004,26.49735,26.49427,26.49427,26.49724,26.503510000000002,26.51297,26.525840000000002,26.542230000000004,26.562140000000003,26.585570000000004,26.612740000000002,26.64365,26.678300000000004,26.716690000000003,26.758930000000003,26.80491,26.854850000000003,26.908530000000003,26.966060000000002,27.027330000000003,27.092450000000003,27.161310000000004,27.233800000000002,27.309920000000005,27.389670000000002,27.47294,27.559730000000005,27.649820000000002,27.74332,27.840120000000002,27.94,28.043070000000004,28.14911,28.25812,28.36999,28.484720000000003,28.60209,28.722100000000005,28.84475,28.96971,29.097200000000004,29.227000000000004,29.359000000000005,29.493200000000005,29.629600000000003,29.767980000000005,29.908340000000003,30.050680000000003,30.19489,30.340860000000003,30.4887,30.638190000000005,30.789440000000003,30.94234,31.096780000000003,31.252760000000002,31.410280000000004,31.569340000000004,31.729830000000003,31.891750000000002,32.05521,32.21988,32.38609,32.55351,32.72236,32.89253,33.06391,33.236720000000005,33.410740000000004,33.58597,33.76252,33.94028,34.11936000000001,34.29965,34.48115,34.66386,34.84789,35.03302,35.21936,35.40702,35.595780000000005,35.78575
40.522240000000004,40.301030000000004,40.08015,39.8596,39.63938,39.4196,39.20015,38.981030000000004,38.762460000000004,38.54422,38.32642,38.10906,37.892250000000004,37.675990000000006,37.46017,37.24490000000001,37.03029,36.81623,36.602830000000004,36.39020000000001,36.17823,35.96692000000001,35.756600000000006,35.54694,35.33827000000001,35.130590000000005,34.923790000000004,34.718090000000004,34.513490000000004,34.3101,34.10792000000001,33.90695,33.70741,33.5093,33.31262,33.11759,32.92421,32.73248,32.54273,32.35474,32.16884,31.985030000000005,31.803530000000002,31.624230000000004,31.447240000000004,31.272890000000004,31.101070000000004,30.932000000000002,30.765680000000003,30.602330000000002,30.441950000000002,30.284760000000002,30.130760000000002,29.98017,29.832990000000002,29.689330000000005,29.54941,29.413230000000002,29.280790000000003,29.15242,29.027900000000002,28.90756,28.791400000000003,28.67942,28.57184,28.468440000000005,28.369550000000004,28.27506,28.18497,28.09928,28.018100000000004,27.94132,27.86905,27.801180000000002,27.737600000000004,27.67842,27.623420000000003,27.57271,27.526070000000004,27.483390000000004,27.444670000000002,27.4098,27.378560000000004,27.35095,27.326640000000005,27.30563,27.28781,27.272960000000005,27.26086,27.251510000000003,27.244470000000003,27.239850000000004,27.23732,27.236770000000003,27.237980000000004,27.240840000000002,27.245020000000004,27.25052,27.25701,27.264490000000006,27.27263,27.281320000000004,27.290450000000003,27.299910000000004,27.30937,27.318830000000002,27.32807,27.336980000000004,27.345450000000003,27.35326,27.360520000000005,27.366900000000005,27.372400000000003,27.376910000000002,27.380320000000005,27.382520000000003,27.383510000000005,27.38318,27.38153,27.378450000000004,27.373940000000005,27.367890000000003,27.360300000000002,27.35117,27.340500000000002,27.328290000000003,27.31443,27.299030000000002,27.282200000000003,27.263720000000003,27.24381,27.22247,27.199700000000004,27.1755,27.150090000000002,27.12347,27.095640000000003,27.066710000000004,27.036790000000003,27.00599,26.97431,26.94197,26.909080000000003,26.875750000000004,26.841980000000003,26.8081,26.774,26.74001,26.706130000000005,26.672690000000003,26.63969,26.607350000000004,26.57578,26.545200000000005,26.515610000000002,26.487450000000003,26.460610000000003,26.43542,26.411990000000003,26.390430000000002,26.370960000000004,26.3538,26.338950000000004,26.32663,26.317060000000005,26.31024,26.3065,26.305730000000004,26.30826,26.314090000000004,26.323330000000002,26.336090000000002,26.352480000000003,26.37261,26.396480000000004,26.4242,26.45577,26.4913,26.530790000000003,26.574240000000003,26.621650000000002,26.673130000000004,26.72857,26.78797,26.85144,26.91865,26.989930000000005,27.064950000000003,27.143710000000006,27.226210000000002,27.312450000000002,27.402210000000004,27.4956,27.592290000000002,27.692390000000003,27.79579,27.90238,28.012050000000002,28.124800000000004,28.240410000000004,28.358880000000003,28.4801,28.60407,28.730570000000004,28.859490000000005,28.990940000000002,29.124700000000004,29.26077,29.39893,29.53929,29.681630000000002,29.826060000000002,29.972250000000003,30.120420000000003,30.27035,30.422040000000003,30.575380000000003,30.73037,30.887010000000004,31.04519,31.20491,31.366060000000004,31.528640000000003,31.69265,31.858090000000004,32.02485,32.192930000000004,32.36233000000001,32.53305,32.705090000000006,32.87823,33.0528,33.22847,33.405350000000006,33.58355,33.76285,33.943360000000006,34.124970000000005,34.307790000000004,34.491820000000004,34.677060000000004,34.86329,35.05084,35.239380000000004,35.42924,35.620090000000005,35.81215
40.48286,40.25945,40.036370000000005,39.81351,39.59098,39.36889000000001,39.147020000000005,38.92548000000001,38.70427,38.4835,38.26317,38.04317,37.82372,37.604600000000005,37.38603,37.16801,36.950540000000004,36.73362,36.517250000000004,36.30154,36.0866,35.87232,35.6587,35.44596,35.234100000000005,35.023120000000006,34.81313,34.604130000000005,34.39612,34.18932,33.98373,33.77935,33.57629000000001,33.37466,33.17457,32.975910000000006,32.77901,32.583760000000005,32.39038,32.19887,32.00945,31.822010000000002,31.63688,31.454060000000002,31.27355,31.09568,30.920340000000003,30.747860000000003,30.578130000000005,30.41148,30.247800000000005,30.08742,29.93023,29.776560000000003,29.626410000000003,29.479890000000005,29.337110000000003,29.198290000000004,29.06332,28.93242,28.805700000000005,28.683160000000004,28.56502,28.45117,28.34183,28.237000000000005,28.136680000000002,28.040980000000005,27.94979,27.863330000000005,27.78149,27.704380000000004,27.631780000000003,27.5638,27.50033,27.441480000000002,27.386920000000003,27.336870000000005,27.291,27.249420000000004,27.211910000000003,27.17836,27.14855,27.122590000000002,27.10004,27.081010000000003,27.065170000000002,27.05252,27.042620000000003,27.035580000000003,27.03107,27.02887,27.02898,27.03096,27.034810000000004,27.04031,27.047240000000002,27.055380000000003,27.06462,27.07485,27.085630000000002,27.097070000000002,27.108840000000004,27.120720000000002,27.132820000000002,27.1447,27.156360000000003,27.167580000000005,27.17836,27.188370000000003,27.197720000000004,27.206080000000004,27.21345,27.21983,27.224890000000002,27.228740000000002,27.231160000000003,27.23226,27.231820000000003,27.229840000000003,27.226320000000005,27.221260000000004,27.214440000000003,27.205970000000004,27.195740000000004,27.183970000000006,27.17044,27.155260000000002,27.13832,27.11984,27.09971,27.07804,27.054830000000003,27.03008,27.00401,26.976510000000005,26.947910000000004,26.917990000000003,26.88697,26.854960000000002,26.822180000000003,26.788520000000002,26.7542,26.71933,26.68402,26.648380000000003,26.612740000000002,26.576990000000006,26.54146,26.50615,26.471280000000004,26.43718,26.403740000000003,26.371290000000002,26.339940000000002,26.309910000000002,26.28131,26.254360000000002,26.229280000000003,26.20607,26.185060000000004,26.166360000000005,26.150190000000002,26.136550000000003,26.12577,26.117960000000004,26.11323,26.111690000000003,26.11345,26.118840000000002,26.127640000000003,26.14029,26.15668,26.176810000000003,26.20101,26.229280000000003,26.26151,26.29792,26.3384,26.383060000000004,26.431900000000002,26.484920000000002,26.542120000000004,26.6035,26.668950000000002,26.738580000000002,26.812170000000002,26.88972,26.971230000000002,27.056590000000003,27.145800000000005,27.238750000000003,27.335220000000003,27.43532,27.53894,27.645860000000003,27.756080000000004,27.86938,27.985870000000002,28.10544,28.227760000000004,28.352940000000004,28.480870000000003,28.611330000000002,28.74443,28.87984,29.017670000000003,29.157810000000005,29.300150000000006,29.444580000000002,29.59099,29.73938,29.889750000000003,30.041880000000003,30.195770000000003,30.35142,30.50872,30.66756,30.828050000000005,30.989970000000003,31.153430000000004,31.318210000000004,31.484530000000003,31.652060000000002,31.821020000000004,31.991300000000003,32.16279,32.33560000000001,32.50951,32.684740000000005,32.861070000000005,33.038720000000005,33.217360000000006,33.39732,33.57827,33.76043,33.943690000000004,34.12805,34.31351,34.50007,34.68773,34.876490000000004,35.06624,35.257200000000005,35.44915,35.6422,35.836240000000004
40.44315,40.21743000000001,39.99204,39.766980000000004,39.54214,39.31752,39.09323,38.86916,38.64553,38.42212000000001,38.19915,37.97651,37.754310000000004,37.53255,37.31112,37.09024000000001,36.869800000000005,36.649910000000006,36.43057,36.211890000000004,35.99376000000001,35.7764,35.5597,35.34366000000001,35.12861,34.91433000000001,34.70093,34.48852,34.277210000000004,34.06689,33.857780000000005,33.64988,33.4433,33.238040000000005,33.03432,32.83214,32.6315,32.43262000000001,32.2355,32.04036000000001,31.847200000000004,31.656130000000005,31.467260000000003,31.280810000000002,31.096670000000003,30.915170000000003,30.736310000000003,30.560200000000002,30.386950000000002,30.21678,30.049800000000005,29.886010000000002,29.725630000000002,29.568660000000005,29.41543,29.26594,29.1203,28.978510000000004,28.840900000000005,28.70758,28.57844,28.453590000000002,28.333360000000003,28.217530000000004,28.106430000000003,27.999950000000002,27.8982,27.801180000000002,27.709110000000003,27.621770000000005,27.539270000000002,27.46161,27.388680000000004,27.320700000000002,27.257340000000003,27.19882,27.144810000000003,27.095420000000004,27.05054,27.009950000000003,26.973760000000002,26.941530000000004,26.91348,26.889170000000004,26.8686,26.85155,26.83791,26.827460000000002,26.81998,26.815470000000005,26.813490000000005,26.813930000000003,26.81668,26.82152,26.82823,26.83648,26.84627,26.857270000000003,26.869370000000004,26.882460000000002,26.896100000000004,26.91029,26.92481,26.939550000000004,26.95418,26.968700000000002,26.982890000000005,26.996640000000003,27.009730000000005,27.022050000000004,27.033490000000004,27.044050000000002,27.053400000000003,27.061540000000004,27.068470000000005,27.073970000000003,27.077930000000002,27.080460000000002,27.08134,27.08057,27.07804,27.073860000000003,27.06781,27.060000000000002,27.050430000000002,27.038990000000002,27.02568,27.010610000000003,26.99378,26.975080000000002,26.95473,26.932730000000003,26.908970000000004,26.883670000000002,26.856830000000002,26.828560000000003,26.798970000000004,26.76795,26.73583,26.70261,26.668400000000002,26.63331,26.597450000000002,26.560930000000003,26.523970000000002,26.486570000000004,26.449060000000003,26.411440000000002,26.374040000000004,26.336750000000002,26.30001,26.263820000000003,26.228400000000004,26.19397,26.16064,26.12863,26.09805,26.069230000000005,26.04228,26.017310000000002,25.99454,25.97419,25.956480000000003,25.941410000000005,25.92931,25.92029,25.914460000000002,25.91193,25.913030000000003,25.917650000000002,25.92612,25.938330000000004,25.95461,25.97485,25.999270000000003,26.02787,26.060760000000002,26.09794,26.139520000000005,26.18539,26.235550000000003,26.290220000000005,26.349180000000004,26.41243,26.480080000000005,26.551910000000003,26.627920000000003,26.708110000000005,26.79248,26.880700000000004,26.972990000000003,27.06913,27.168900000000004,27.27241,27.379550000000002,27.4901,27.60406,27.721210000000003,27.841550000000005,27.96497,28.091360000000005,28.220610000000004,28.352610000000002,28.487250000000003,28.624420000000004,28.764010000000003,28.90602,29.050340000000006,29.19686,29.345360000000003,29.49606,29.64863,29.80307,29.959270000000004,30.117230000000003,30.276950000000003,30.43821,30.601010000000002,30.76535,30.931230000000003,31.098430000000004,31.267060000000004,31.437010000000004,31.608280000000004,31.780760000000004,31.954560000000004,32.12957,32.30568,32.48311,32.66153,32.84116,33.02178,33.20361,33.386540000000004,33.570460000000004,33.755480000000006,33.94149,34.128600000000006,34.316700000000004,34.505900000000004,34.69609,34.88727,35.079440000000005,35.272710000000004,35.46697,35.66211,35.85835
40.402890000000006,40.17508,39.94738000000001,39.7199,39.49264,39.2656,39.03889,38.812400000000004,38.586130000000004,38.36019,38.13458,37.90919,37.68424,37.45962000000001,37.235440000000004,37.011590000000005,36.788180000000004,36.56532,36.34301,36.121140000000004,35.899930000000005,35.67938,35.45938,35.24015,35.02169000000001,34.80411,34.587300000000006,34.371480000000005,34.15654000000001,33.94281,33.73007,33.51865,33.308330000000005,33.09944,32.891980000000004,32.686060000000005,32.481790000000004,32.27906,32.0782,31.879320000000003,31.68231,31.487500000000004,31.294780000000003,31.104480000000006,30.916710000000005,30.731360000000002,30.54876,30.368910000000003,30.192140000000002,30.018340000000002,29.847730000000002,29.68053,29.516740000000002,29.35647,29.19994,29.047370000000004,28.898650000000004,28.754,28.61364,28.477570000000004,28.3459,28.218740000000004,28.096200000000003,27.9785,27.865420000000004,27.75729,27.654110000000003,27.555770000000003,27.462490000000003,27.374270000000003,27.29111,27.212900000000005,27.139860000000002,27.071660000000005,27.008520000000004,26.95033,26.89698,26.84836,26.804360000000003,26.764980000000005,26.730110000000003,26.699420000000003,26.673020000000005,26.65058,26.631990000000002,26.61714,26.60581,26.597780000000004,26.592940000000002,26.590960000000003,26.591730000000002,26.59503,26.600640000000002,26.608340000000002,26.61802,26.629350000000002,26.642110000000002,26.656190000000002,26.671370000000003,26.68732,26.704040000000003,26.72109,26.738580000000002,26.75607,26.773560000000003,26.790830000000003,26.807660000000002,26.823940000000004,26.839560000000002,26.854300000000002,26.86805,26.880700000000004,26.892250000000004,26.902370000000005,26.911060000000003,26.91832,26.923930000000002,26.92789,26.930090000000003,26.93053,26.929100000000005,26.925800000000002,26.92063,26.91348,26.904350000000004,26.89335,26.88037,26.865410000000004,26.84847,26.82977,26.80909,26.786650000000005,26.762340000000002,26.736380000000004,26.70877,26.679620000000003,26.64893,26.61681,26.583370000000002,26.548830000000002,26.513080000000002,26.476450000000003,26.438940000000002,26.400660000000002,26.36183,26.322670000000002,26.28318,26.24358,26.20398,26.164710000000003,26.12577,26.087380000000003,26.049870000000002,26.01324,25.977710000000002,25.943500000000004,25.91094,25.879920000000002,25.850990000000003,25.824040000000004,25.799400000000002,25.777290000000004,25.757710000000003,25.741100000000003,25.727570000000004,25.71712,25.710080000000005,25.70645,25.70656,25.710520000000002,25.71833,25.730210000000003,25.746160000000003,25.7664,25.791040000000002,25.82008,25.853520000000003,25.89147,25.93393,25.980900000000002,26.032600000000002,26.0887,26.149420000000003,26.214760000000005,26.2845,26.35864,26.43718,26.520120000000002,26.607240000000004,26.69854,26.793910000000004,26.893240000000002,26.996530000000003,27.103560000000005,27.214330000000004,27.328620000000004,27.446320000000004,27.56743,27.69173,27.81922,27.94968,28.083110000000005,28.21929,28.358110000000003,28.499570000000002,28.64345,28.78975,28.938360000000003,29.089170000000003,29.241960000000002,29.39684,29.553700000000003,29.712320000000002,29.872700000000002,30.034840000000003,30.19863,30.36407,30.530940000000005,30.699240000000003,30.86908,31.04013,31.21261,31.386300000000006,31.561310000000002,31.737530000000003,31.914850000000005,32.09338,32.27301,32.45374,32.63557,32.81839,33.00231,33.18722,33.37323000000001,33.560120000000005,33.748000000000005,33.936980000000005,34.12684,34.317690000000006,34.50942,34.70225,34.89596,35.09055,35.28613,35.4827,35.680150000000005,35.87859
40.362410000000004,40.132180000000005,39.902280000000005,39.67249,39.44281000000001,39.21335,38.98411,38.75509000000001,38.526180000000004,38.2976,38.06935,37.841210000000004,37.613510000000005,37.38603,37.15888,36.932170000000006,36.7059,36.479960000000005,36.25446,36.02951,35.805110000000006,35.58126000000001,35.358070000000005,35.135540000000006,34.91367,34.69257,34.472350000000006,34.25301,34.03455,33.817080000000004,33.60082,33.38555,33.1716,32.95897000000001,32.74777,32.538000000000004,32.32977,32.1233,31.918590000000002,31.715640000000004,31.514780000000002,31.316010000000002,31.119440000000004,30.925290000000004,30.73345,30.544360000000005,30.35791,30.174210000000002,29.99359,29.81605,29.64181,29.47098,29.303560000000004,29.13988,28.980050000000002,28.824070000000003,28.67227,28.52465,28.381320000000002,28.242390000000004,28.108080000000005,27.9785,27.85376,27.73375,27.618800000000004,27.50891,27.404080000000004,27.30442,27.210040000000003,27.12083,27.036900000000003,26.958250000000003,26.884880000000003,26.81668,26.753760000000003,26.6959,26.643100000000004,26.595360000000003,26.552460000000004,26.514290000000003,26.48074,26.451810000000002,26.42717,26.406710000000004,26.390320000000003,26.37778,26.36887,26.363480000000003,26.36128,26.36205,26.365790000000004,26.37206,26.380750000000003,26.391530000000003,26.404290000000003,26.41881,26.434760000000004,26.45203,26.4704,26.48954,26.50934,26.529580000000003,26.55004,26.570610000000002,26.591070000000002,26.611200000000004,26.630780000000005,26.649810000000002,26.667960000000004,26.68523,26.701400000000003,26.716360000000005,26.730000000000004,26.742210000000004,26.75277,26.761790000000005,26.769050000000004,26.77455,26.778180000000003,26.779830000000004,26.77961,26.77719,26.7729,26.766410000000004,26.757830000000002,26.74716,26.7344,26.719550000000005,26.702720000000003,26.683690000000002,26.662790000000005,26.6398,26.61494,26.58832,26.55983,26.529580000000003,26.497790000000002,26.46446,26.429700000000004,26.393620000000002,26.356330000000003,26.318050000000003,26.27867,26.238630000000004,26.19782,26.156570000000002,26.114990000000002,26.07319,26.0315,25.989810000000002,25.948670000000003,25.907970000000002,25.868040000000004,25.82899,25.791150000000002,25.754630000000002,25.71976,25.686540000000004,25.655300000000004,25.626150000000003,25.599530000000005,25.57533,25.55399,25.53551,25.52033,25.50834,25.49987,25.49514,25.49415,25.497120000000002,25.50427,25.515600000000003,25.53133,25.551460000000002,25.576100000000004,25.60547,25.63935,25.67807,25.72152,25.7697,25.822720000000004,25.880470000000003,25.94295,26.010160000000003,26.0821,26.15866,26.23984,26.325420000000005,26.41551,26.509890000000006,26.60845,26.711190000000006,26.818,26.92866,27.04306,27.1612,27.282970000000002,27.408040000000003,27.536520000000003,27.66808,27.802830000000004,27.940440000000002,28.08102,28.224130000000002,28.36999,28.51827,28.66897,28.82198,28.977080000000004,29.134380000000004,29.293550000000003,29.454700000000003,29.617720000000002,29.782390000000003,29.94882,30.116790000000005,30.286300000000004,30.457350000000005,30.62972,30.803520000000002,30.978640000000006,31.154970000000002,31.332620000000006,31.511370000000003,31.69122,31.87228,32.05433,32.237480000000005,32.421730000000004,32.606860000000005,32.79309000000001,32.9802,33.16841,33.35739,33.54736,33.73832,33.93005,34.12277,34.31637,34.510850000000005,34.706210000000006,34.90245,35.09957,35.29757000000001,35.49645,35.69621,35.89685
40.321600000000004,40.08917,39.85685,39.62464,39.39265,39.16066,38.92889,38.697340000000004,38.465900000000005,38.234680000000004,38.003569999999996,37.77279000000001,37.54212,37.31189,37.081880000000005,36.852090000000004,36.62274,36.39383,36.16525,35.937110000000004,35.70941,35.482260000000004,35.255770000000005,35.029830000000004,34.80444,34.579930000000004,34.356080000000006,34.13322,33.91113,33.69003000000001,33.46992,33.251020000000004,33.03322,32.81674,32.60158,32.38785,32.17577,31.965230000000002,31.75656,31.549650000000003,31.344720000000002,31.141880000000004,30.94135,30.74302,30.547330000000002,30.35406,30.163650000000004,29.976100000000002,29.791520000000006,29.61013,29.43193,29.257360000000002,29.08631,28.919,28.755650000000003,28.596260000000004,28.44105,28.29024,28.14383,28.00204,27.865090000000002,27.732870000000002,27.605600000000003,27.483390000000004,27.36646,27.254590000000004,27.148220000000002,27.047130000000003,26.95154,26.861340000000002,26.776640000000004,26.69744,26.62385,26.555540000000004,26.49284,26.43542,26.383280000000003,26.33631,26.294510000000002,26.25766,26.22576,26.198480000000004,26.17582,26.15756,26.14337,26.133250000000004,26.12698,26.124230000000004,26.12489,26.12874,26.135450000000002,26.144910000000003,26.15679,26.17087,26.187040000000003,26.204860000000004,26.224220000000003,26.244790000000002,26.266460000000002,26.28901,26.312110000000004,26.335650000000005,26.359410000000004,26.383060000000004,26.4066,26.429700000000004,26.452250000000003,26.474140000000002,26.495040000000003,26.51484,26.533540000000002,26.55092,26.566760000000002,26.581170000000004,26.593710000000005,26.6046,26.61362,26.620660000000004,26.625720000000005,26.628690000000002,26.62957,26.62825,26.624730000000003,26.618900000000004,26.610870000000002,26.600640000000002,26.5881,26.57336,26.556420000000003,26.537280000000003,26.51594,26.492510000000003,26.466990000000003,26.439490000000003,26.410010000000003,26.37877,26.34577,26.311120000000003,26.27493,26.2372,26.198260000000005,26.158110000000004,26.116860000000003,26.074840000000002,26.031940000000002,25.988490000000002,25.9446,25.90049,25.85638,25.812380000000005,25.7686,25.72537,25.68291,25.641440000000003,25.601070000000004,25.56202,25.524510000000003,25.488870000000002,25.455210000000005,25.423750000000002,25.394820000000003,25.368420000000004,25.344990000000003,25.324640000000002,25.30748,25.29384,25.283830000000002,25.277670000000004,25.27558,25.277560000000005,25.283830000000002,25.294500000000003,25.309790000000003,25.329810000000002,25.35445,25.383930000000003,25.418360000000003,25.45774,25.502070000000003,25.551460000000002,25.605800000000002,25.665200000000002,25.72955,25.79874,25.87299,25.951970000000003,26.035680000000003,26.12412,26.217180000000003,26.31475,26.41672,26.52287,26.633200000000002,26.74771,26.86596,26.988060000000004,27.113790000000005,27.243150000000004,27.37581,27.511660000000003,27.650700000000004,27.792820000000003,27.937690000000003,28.085420000000003,28.235680000000002,28.38847,28.543680000000002,28.7012,28.860810000000004,29.022510000000004,29.186300000000003,29.351850000000002,29.519270000000002,29.688340000000004,29.859060000000003,30.031430000000004,30.20512,30.380350000000004,30.557010000000002,30.73488,30.913960000000003,31.094360000000005,31.275860000000005,31.458460000000002,31.64216,31.82685,32.012640000000005,32.19942,32.38708,32.57573,32.765260000000005,32.955780000000004,33.14707000000001,33.33935,33.5324,33.726330000000004,33.92103,34.11661,34.312960000000004,34.51019,34.7083,34.907070000000004,35.10672,35.307140000000004,35.50844,35.710510000000006,35.91335
40.28057,40.04594,39.811310000000006,39.57668,39.34216,39.10775,38.873450000000005,38.63926000000001,38.40518000000001,38.17121,37.93746,37.70382000000001,37.470400000000005,37.2372,37.004220000000004,36.771460000000005,36.539030000000004,36.30693000000001,36.075269999999996,35.84383,35.61294,35.382490000000004,35.152480000000004,34.92313,34.69433,34.466190000000005,34.238820000000004,34.01211000000001,33.786390000000004,33.561550000000004,33.33759,33.11484,32.893190000000004,32.67275,32.453630000000004,32.23594,32.01968,31.80507,31.59222,31.381240000000005,31.172240000000002,30.965220000000006,30.76051,30.558000000000003,30.35802,30.160680000000003,29.966090000000005,29.77436,29.585820000000002,29.400360000000003,29.218200000000003,29.03967,28.864770000000004,28.693720000000003,28.52663,28.36372,28.2051,28.050880000000003,27.90128,27.756520000000002,27.616600000000005,27.481630000000003,27.351830000000003,27.22731,27.10807,26.994440000000004,26.886200000000002,26.783680000000004,26.686770000000003,26.595580000000005,26.510110000000005,26.43036,26.356330000000003,26.288130000000002,26.225540000000002,26.168560000000003,26.11708,26.0711,26.030510000000003,25.995090000000005,25.96484,25.93943,25.918750000000003,25.90269,25.89103,25.883550000000003,25.88003,25.88025,25.88388,25.89092,25.90082,25.913580000000003,25.928980000000003,25.946470000000005,25.966050000000003,25.9875,26.010380000000005,26.034580000000002,26.05977,26.085840000000005,26.112460000000002,26.139410000000005,26.166580000000003,26.193530000000003,26.220370000000003,26.24655,26.272180000000002,26.296930000000003,26.320800000000002,26.34335,26.364690000000003,26.384490000000003,26.402750000000005,26.41925,26.43399,26.44686,26.45764,26.466330000000003,26.472820000000002,26.477110000000003,26.479200000000002,26.47887,26.47623,26.47117,26.463690000000003,26.45379,26.441470000000002,26.426840000000002,26.409790000000005,26.390320000000003,26.368650000000002,26.34456,26.31838,26.29,26.25964,26.227190000000004,26.19287,26.15679,26.11906,26.079680000000003,26.038870000000003,25.996850000000002,25.95351,25.909290000000002,25.86419,25.818430000000003,25.772120000000005,25.725480000000005,25.67884,25.63209,25.58578,25.539800000000003,25.494590000000002,25.450370000000003,25.40725,25.365450000000003,25.325300000000002,25.286910000000002,25.250720000000005,25.216730000000002,25.185270000000003,25.15656,25.13082,25.108270000000005,25.08913,25.073620000000002,25.061850000000003,25.05415,25.05063,25.051510000000004,25.056790000000003,25.0668,25.081540000000004,25.10123,25.125760000000003,25.15546,25.190330000000003,25.23037,25.27558,25.326070000000005,25.381840000000004,25.442780000000003,25.509000000000004,25.580280000000002,25.656730000000003,25.73824,25.824700000000004,25.91611,26.01225,26.113010000000003,26.218390000000003,26.32817,26.44235,26.560600000000004,26.682920000000003,26.80909,26.939,27.072540000000004,27.209600000000002,27.349960000000003,27.49351,27.640140000000002,27.789630000000002,27.941870000000005,28.096750000000004,28.254160000000002,28.413990000000002,28.576130000000003,28.740360000000003,28.90679,29.07498,29.245150000000002,29.417080000000002,29.590660000000003,29.765890000000002,29.942550000000004,30.12064,30.30016,30.481,30.663050000000002,30.846310000000003,31.030780000000004,31.216240000000003,31.4028,31.59035,31.778890000000004,31.968310000000002,32.15872,32.350010000000005,32.54218,32.73512,32.928940000000004,33.12364,33.319,33.51524,33.712140000000005,33.90992000000001,34.108470000000004,34.307680000000005,34.50766,34.70841,34.90982,35.112,35.31495,35.51867000000001,35.72305,35.928200000000004
40.239540000000005,40.00249000000001,39.765550000000005,39.52850000000001,39.291560000000004,39.05462,38.81779,38.580960000000005,38.344240000000006,38.10763000000001,37.87102,37.63463,37.39824,37.16218,36.926120000000004,36.69039,36.45488,36.219590000000004,35.98463,35.75,35.5157,35.28184,35.04853000000001,34.81555,34.58323,34.35146,34.12035,33.890010000000004,33.66044,33.43175,33.20405,32.97723,32.75162,32.52711,32.303920000000005,32.08205,31.861720000000002,31.642930000000003,31.425900000000002,31.210630000000002,30.997230000000005,30.786030000000004,30.57692,30.370120000000004,30.165850000000002,29.964220000000005,29.765340000000002,29.56943,29.37649,29.186850000000003,29.00062,28.81802,28.63905,28.464040000000004,28.293100000000003,28.126450000000006,27.9642,27.806570000000004,27.653560000000002,27.50561,27.362610000000004,27.224780000000003,27.092340000000004,26.965290000000003,26.843850000000003,26.728020000000004,26.61802,26.51385,26.41562,26.323330000000002,26.236980000000003,26.15668,26.082430000000002,26.014120000000002,25.951750000000004,25.895210000000002,25.844610000000003,25.79962,25.76024,25.72636,25.697760000000002,25.67433,25.65596,25.642210000000002,25.633190000000003,25.628460000000004,25.6278,25.6311,25.638030000000004,25.648370000000003,25.661790000000003,25.67807,25.696990000000003,25.71822,25.74154,25.76673,25.79335,25.82129,25.85022,25.88003,25.910280000000004,25.94086,25.97155,26.00202,26.032270000000004,26.06186,26.090680000000003,26.11851,26.14524,26.17076,26.194740000000003,26.217180000000003,26.23786,26.256780000000003,26.273610000000005,26.28846,26.30111,26.31156,26.31959,26.32531,26.328500000000002,26.32927,26.327510000000004,26.32311,26.316180000000003,26.306720000000002,26.294620000000002,26.27999,26.26283,26.24314,26.22092,26.196390000000005,26.16933,26.14007,26.108610000000002,26.07495,26.039310000000004,26.00169,25.962200000000003,25.92106,25.878270000000004,25.834160000000004,25.78873,25.742200000000004,25.69468,25.646390000000004,25.597550000000002,25.548270000000002,25.498770000000004,25.449270000000002,25.399990000000003,25.351260000000003,25.30308,25.255890000000004,25.2098,25.165030000000005,25.122020000000003,25.08077,25.041610000000002,25.00487,24.97077,24.939420000000002,24.911260000000002,24.886290000000002,24.864950000000004,24.84746,24.833820000000003,24.824360000000002,24.81941,24.81886,24.823150000000002,24.83217,24.84636,24.865610000000004,24.890030000000003,24.91984,24.95504,24.99563,25.04183,25.093420000000002,25.150510000000004,25.2131,25.281190000000002,25.354670000000002,25.433430000000005,25.517580000000002,25.606790000000004,25.70117,25.8005,25.904670000000003,26.013570000000005,26.127090000000003,26.245120000000004,26.367330000000003,26.493830000000003,26.624180000000003,26.758490000000002,26.89654,27.038,27.182980000000004,27.33115,27.482400000000005,27.63662,27.793590000000002,27.953200000000002,28.115450000000003,28.28001,28.446880000000004,28.615950000000005,28.787000000000003,28.959920000000004,29.13482,29.31137,29.48946,29.669200000000004,29.850370000000005,30.032970000000002,30.216890000000003,30.402020000000004,30.58836,30.775800000000004,30.964340000000004,31.15387,31.344390000000004,31.5359,31.728290000000005,31.921560000000003,32.11571000000001,32.31063,32.50632,32.702780000000004,32.90001,33.09801,33.296670000000006,33.495990000000006,33.69608,33.89683,34.09835,34.30042,34.50326,34.70676,34.910810000000005,35.11563,35.321110000000004,35.52725,35.73405,35.94151000000001
40.1984,39.95904,39.719680000000004,39.48032,39.24085,39.001490000000004,38.76202,38.52255,38.28308,38.04372,37.80436000000001,37.565110000000004,37.325860000000006,37.08672000000001,36.8478,36.608990000000006,36.37029,36.13181,35.89355,35.655620000000006,35.418020000000006,35.180640000000004,34.94381,34.70731,34.471360000000004,34.235960000000006,34.001110000000004,33.76692,33.533500000000004,33.300850000000004,33.06919,32.83841,32.60862,32.38004,32.15267,31.926620000000003,31.701890000000002,31.478810000000003,31.257380000000005,31.037820000000004,30.820020000000003,30.60431,30.390800000000002,30.1796,29.970820000000003,29.764790000000005,29.561400000000003,29.36098,29.16375,28.96971,28.779190000000003,28.5923,28.40915,28.23007,28.05506,27.88456,27.71846,27.557090000000002,27.40067,27.249200000000002,27.10301,26.962210000000002,26.826910000000005,26.69722,26.57336,26.455440000000003,26.34346,26.237640000000003,26.137980000000002,26.044480000000004,25.95736,25.876400000000004,25.80182,25.7334,25.67125,25.615370000000002,25.56543,25.52154,25.48348,25.45125,25.42452,25.403180000000003,25.387120000000003,25.37601,25.369630000000004,25.36787,25.370400000000004,25.376890000000003,25.387230000000002,25.40109,25.418250000000004,25.43827,25.46104,25.486120000000003,25.5134,25.542440000000003,25.573020000000003,25.604920000000003,25.637920000000005,25.671580000000002,25.70568,25.74011,25.774540000000002,25.80864,25.84241,25.875410000000002,25.90764,25.93877,25.968580000000003,25.997070000000004,26.023910000000004,26.049100000000003,26.072420000000005,26.09365,26.112790000000004,26.129730000000002,26.14425,26.156460000000003,26.166140000000002,26.17329,26.177690000000002,26.179560000000002,26.178680000000004,26.175050000000002,26.168670000000002,26.159540000000003,26.147770000000005,26.13314,26.11576,26.095740000000003,26.07308,26.047780000000003,26.02006,25.9897,25.957140000000003,25.92216,25.884980000000002,25.84571,25.804460000000002,25.76145,25.71668,25.670260000000003,25.62252,25.57357,25.523410000000002,25.47248,25.42089,25.368750000000002,25.316280000000003,25.26381,25.211560000000002,25.15964,25.108380000000004,25.058000000000003,25.00872,24.960760000000004,24.91456,24.870230000000003,24.828100000000003,24.788280000000004,24.751320000000003,24.71711,24.686200000000003,24.658810000000003,24.63505,24.615140000000004,24.599520000000002,24.588190000000004,24.581480000000003,24.5795,24.58247,24.59061,24.60403,24.62273,24.646930000000005,24.67685,24.71227,24.75352,24.80049,24.853290000000005,24.91181,24.976050000000004,25.046010000000003,25.121690000000005,25.20298,25.28966,25.381840000000004,25.479300000000002,25.58193,25.68962,25.802260000000004,25.919630000000005,26.04162,26.168010000000002,26.298690000000004,26.433550000000004,26.572260000000004,26.714820000000003,26.861010000000004,27.010720000000003,27.16362,27.31971,27.47877,27.640690000000003,27.80525,27.972340000000003,28.14185,28.313560000000003,28.487470000000002,28.663360000000004,28.841230000000003,29.020750000000003,29.20203,29.384960000000003,29.56932,29.755110000000002,29.94222,30.130540000000003,30.320180000000004,30.510810000000003,30.702540000000003,30.895260000000004,31.08897,31.28356,31.47903,31.675380000000004,31.872500000000006,32.07039,32.26894,32.46826,32.668350000000004,32.868990000000004,33.07029,33.27236,33.47498,33.67815,33.881980000000006,34.086470000000006,34.29151,34.49721,34.70346,34.91026,35.117720000000006,35.32573,35.53429,35.74351000000001,35.95339
40.15737000000001,39.9157,39.67392,39.432140000000004,39.19014000000001,38.94814000000001,38.70614,38.46403000000001,38.221920000000004,37.97981,37.737590000000004,37.49548,37.253260000000004,37.01115000000001,36.76915,36.52715,36.28537,36.04370000000001,35.80214000000001,35.56080000000001,35.319790000000005,35.079,34.83854,34.59841,34.358830000000005,34.119580000000006,33.880990000000004,33.64295,33.405570000000004,33.168960000000006,32.93323,32.69827,32.46441,32.23154,31.999880000000005,31.769430000000003,31.540410000000005,31.31293,31.086990000000004,30.862920000000006,30.640610000000002,30.420280000000005,30.202260000000003,29.98644,29.773040000000005,29.56228,29.354380000000003,29.149340000000002,28.947490000000002,28.748940000000005,28.553910000000005,28.36251,28.175070000000005,27.9917,27.81251,27.63783,27.46777,27.30255,27.142390000000002,26.9874,26.8378,26.693810000000003,26.555540000000004,26.4231,26.29671,26.17648,26.062410000000003,25.954830000000005,25.853630000000003,25.758920000000003,25.670810000000003,25.589300000000005,25.514280000000003,25.445860000000003,25.383930000000003,25.3286,25.279540000000004,25.23675,25.200230000000005,25.16954,25.14479,25.125760000000003,25.11212,25.10376,25.100350000000002,25.101670000000002,25.1075,25.117510000000003,25.131480000000003,25.14908,25.170090000000005,25.194070000000004,25.220910000000003,25.25006,25.28152,25.314740000000004,25.349500000000003,25.38558,25.42265,25.460490000000004,25.49866,25.53705,25.57544,25.613390000000003,25.6509,25.687530000000002,25.72328,25.757820000000002,25.790930000000003,25.822500000000005,25.85231,25.880360000000003,25.906320000000004,25.930080000000004,25.951530000000005,25.970670000000002,25.987170000000003,26.001250000000002,26.012580000000003,26.021160000000002,26.02688,26.02985,26.02985,26.026990000000005,26.021160000000002,26.012470000000004,26.00081,25.98618,25.968690000000002,25.94834,25.925130000000003,25.89917,25.87046,25.839110000000005,25.80523,25.768820000000005,25.7301,25.68918,25.646060000000002,25.60085,25.55388,25.50526,25.45499,25.403400000000005,25.3506,25.29681,25.242250000000002,25.187030000000004,25.131480000000003,25.07582,25.02027,24.96505,24.910380000000004,24.856590000000004,24.803900000000002,24.752640000000003,24.703030000000002,24.655400000000004,24.60986,24.56696,24.5267,24.489520000000002,24.455750000000005,24.4255,24.399100000000004,24.37677,24.358840000000004,24.345420000000004,24.336840000000002,24.333320000000004,24.33486,24.341900000000003,24.35433,24.372480000000003,24.39646,24.426270000000002,24.462020000000003,24.50382,24.551560000000002,24.605460000000004,24.665410000000005,24.731410000000004,24.803350000000002,24.881230000000002,24.96505,25.054480000000005,25.14974,25.25039,25.356430000000003,25.467750000000002,25.584240000000005,25.70557,25.83174,25.96242,26.097610000000003,26.236980000000003,26.38042,26.527710000000003,26.67874,26.83329,26.991140000000005,27.152180000000005,27.316300000000002,27.48317,27.652790000000003,27.82494,27.999510000000004,28.176280000000002,28.355140000000002,28.53609,28.7188,28.903380000000002,29.0895,29.277160000000002,29.466250000000002,29.65677,29.848500000000005,30.041440000000005,30.235480000000003,30.430620000000005,30.626750000000005,30.823760000000004,31.02165,31.220420000000004,31.419960000000003,31.62027,31.821240000000003,32.022870000000005,32.22527,32.42822,32.63183,32.8361,33.04081,33.24618,33.4521,33.658460000000005,33.865480000000005,34.07294,34.280950000000004,34.48951,34.698510000000006,34.908170000000005,35.11827,35.328810000000004,35.54001,35.751650000000005,35.963840000000005
40.11645,39.87247000000001,39.62827,39.38396000000001,39.139540000000004,38.89501,38.65037,38.405620000000006,38.16076,37.91579,37.670820000000006,37.425740000000005,37.18066,36.93547,36.69039,36.445310000000006,36.200230000000005,35.95526,35.7104,35.46576,35.22112,34.97681,34.73283,34.489070000000005,34.24564,34.00265,33.76021,33.51821,33.27687,33.036190000000005,32.796170000000004,32.557140000000004,32.31899000000001,32.081720000000004,31.845770000000005,31.610920000000004,31.377390000000002,31.145290000000003,30.91484,30.686040000000002,30.459110000000003,30.23405,30.011190000000003,29.790640000000003,29.57251,29.357020000000002,29.144280000000006,28.93451,28.72793,28.52465,28.324890000000003,28.128870000000003,27.93681,27.74893,27.565340000000003,27.386370000000003,27.212130000000002,27.04284,26.878830000000004,26.720100000000002,26.566980000000004,26.419580000000003,26.27812,26.142710000000005,26.013680000000004,25.89092,25.77476,25.665200000000002,25.562460000000005,25.466430000000003,25.37733,25.295050000000003,25.219700000000003,25.15117,25.089570000000005,25.03479,24.986610000000002,24.94503,24.90994,24.881230000000002,24.858570000000004,24.841850000000004,24.83085,24.825350000000004,24.825020000000002,24.82964,24.838990000000003,24.85274,24.87056,24.892120000000002,24.917200000000005,24.945470000000004,24.976490000000002,25.010150000000003,25.0459,25.083520000000004,25.122790000000002,25.16327,25.20463,25.246760000000002,25.289330000000003,25.3319,25.37436,25.41638,25.45774,25.49822,25.537600000000005,25.57566,25.61229,25.647050000000004,25.680050000000005,25.71096,25.73967,25.766070000000003,25.79005,25.811390000000003,25.829980000000003,25.845930000000003,25.85891,25.869030000000002,25.876180000000005,25.88025,25.881240000000002,25.87915,25.87387,25.86551,25.85396,25.839440000000003,25.821730000000002,25.800940000000004,25.777180000000005,25.750450000000004,25.720750000000002,25.688300000000005,25.653100000000002,25.615260000000003,25.574890000000003,25.53199,25.48689,25.439590000000003,25.390310000000003,25.33916,25.286250000000003,25.23191,25.17625,25.11949,25.061740000000004,25.003330000000002,24.944480000000002,24.885410000000004,24.826340000000005,24.76749,24.709300000000002,24.65188,24.595560000000003,24.540670000000002,24.48743,24.43606,24.387110000000003,24.340690000000002,24.297020000000003,24.256650000000004,24.219580000000004,24.186360000000004,24.1571,24.13202,24.11167,24.095940000000002,24.085380000000004,24.07999,24.07999,24.085710000000002,24.097260000000002,24.11464,24.138180000000002,24.167990000000003,24.203960000000002,24.246200000000005,24.294820000000005,24.34993,24.41131,24.47896,24.552990000000005,24.63318,24.719530000000002,24.811930000000004,24.910270000000004,25.014220000000005,25.123890000000003,25.239060000000002,25.35951,25.485020000000002,25.61548,25.750670000000003,25.89037,26.034470000000002,26.18275,26.33499,26.49108,26.650690000000004,26.813710000000004,26.979920000000003,27.149100000000004,27.32125,27.496040000000004,27.673470000000002,27.853210000000004,28.03515,28.21918,28.405190000000005,28.59296,28.782490000000003,28.973670000000002,29.166280000000004,29.360210000000002,29.555460000000004,29.751920000000002,29.949590000000004,30.14825,30.34779,30.548430000000003,30.749730000000003,30.952020000000005,31.154970000000002,31.358580000000003,31.562960000000004,31.76789,31.973480000000002,32.17962000000001,32.38631,32.59355000000001,32.80134,33.009570000000004,33.21835,33.42757,33.63723,33.84733,34.05787,34.26885,34.480380000000004,34.692240000000005,34.904650000000004,35.11739,35.33068,35.54441,35.75858000000001,35.97319
40.07575,39.829350000000005,39.582840000000004,39.336,39.08905,38.84199,38.594710000000006,38.347319999999996,38.09971,37.85199,37.60405,37.35611,37.10806,36.8599,36.61163,36.36336000000001,36.11509,35.866820000000004,35.61855,35.37039,35.12234,34.8744,34.62679,34.379290000000005,34.13212,33.88528,33.63877,33.392810000000004,33.147400000000005,32.90254,32.65845,32.415020000000005,32.172470000000004,31.93091,31.690340000000003,31.45098,31.21283,30.976110000000002,30.740930000000002,30.50729,30.27552,30.045730000000002,29.81792,29.592530000000004,29.369450000000004,29.1489,28.931210000000004,28.71649,28.50496,28.29673,28.09213,27.891270000000002,27.694480000000002,27.50187,27.313660000000002,27.13018,26.95154,26.77796,26.60977,26.447190000000003,26.290220000000005,26.139300000000002,25.99454,25.856050000000003,25.724050000000002,25.598760000000002,25.480290000000004,25.368750000000002,25.264250000000004,25.166790000000002,25.076590000000003,24.99354,24.91786,24.849220000000003,24.787950000000002,24.73372,24.68653,24.64627,24.612720000000003,24.585880000000003,24.565530000000003,24.551340000000003,24.543090000000003,24.540670000000002,24.543640000000003,24.551780000000004,24.564870000000003,24.58258,24.604470000000003,24.630320000000005,24.65969,24.692360000000004,24.728,24.766170000000002,24.806540000000002,24.84889,24.892780000000002,24.937880000000003,24.98386,25.03061,25.07758,25.12455,25.17141,25.217610000000004,25.263150000000003,25.307590000000005,25.350820000000002,25.39262,25.43277,25.470940000000002,25.507130000000004,25.541120000000003,25.572800000000004,25.601840000000003,25.62824,25.652,25.67279,25.690610000000003,25.705460000000002,25.71712,25.725590000000004,25.730870000000003,25.732850000000003,25.73142,25.726800000000004,25.718770000000003,25.707440000000002,25.69281,25.674880000000005,25.653760000000002,25.62934,25.601730000000003,25.571150000000003,25.537380000000002,25.500860000000003,25.461370000000002,25.419240000000002,25.37447,25.327170000000002,25.277670000000004,25.225860000000004,25.17207,25.116520000000005,25.05921,25.00047,24.940410000000004,24.879360000000002,24.81754,24.755170000000003,24.692470000000004,24.62966,24.56707,24.50503,24.44376,24.38348,24.324740000000002,24.26754,24.21243,24.159630000000003,24.10947,24.062170000000002,24.018170000000005,23.9778,23.941170000000003,23.908830000000002,23.880890000000004,23.85779,23.839640000000003,23.82677,23.8194,23.81775,23.822040000000005,23.832490000000004,23.849100000000004,23.87209,23.901680000000002,23.937870000000004,23.98066,24.030050000000003,24.086260000000003,24.149180000000005,24.218700000000002,24.294820000000005,24.377430000000004,24.466530000000002,24.561790000000002,24.663320000000002,24.7709,24.884310000000003,25.003330000000002,25.12796,25.25776,25.39273,25.532650000000004,25.677190000000003,25.826240000000002,25.979470000000003,26.13688,26.29814,26.462920000000004,26.631220000000003,26.80282,26.97739,27.15493,27.335110000000004,27.517820000000004,27.70295,27.890170000000005,28.079480000000004,28.270770000000002,28.463820000000002,28.658520000000003,28.854650000000003,29.05232,29.25131,29.451510000000003,29.652810000000002,29.8551,30.058490000000003,30.262650000000004,30.467800000000004,30.673610000000004,30.880190000000002,31.08743,31.29522,31.503670000000003,31.712670000000003,31.922220000000003,32.13221,32.34275,32.55362,32.765040000000006,32.97679,33.18887,33.4015,33.61446,33.82775,34.04137,34.255430000000004,34.469930000000005,34.684650000000005,34.89981,35.115410000000004,35.331230000000005,35.5476,35.764190000000006,35.98133
40.03538,39.78656000000001,39.53763000000001,39.28837000000001,39.03889,38.789190000000005,38.53927,38.28913000000001,38.03877000000001,37.78830000000001,37.5375,37.286590000000004,37.03557000000001,36.784330000000004,36.53287,36.28141,36.02995000000001,35.778270000000006,35.5267,35.27502,35.023450000000004,34.77188,34.52053,34.269290000000005,34.01816,33.76747,33.517,33.26697,33.01738,32.76834,32.519850000000005,32.272130000000004,32.02507000000001,31.779000000000003,31.533810000000003,31.289830000000002,31.046950000000002,30.805500000000002,30.56537,30.326890000000002,30.090170000000004,29.855320000000003,29.622560000000004,29.392,29.16375,28.938140000000004,28.715390000000003,28.495500000000003,28.2788,28.0654,27.85574,27.649820000000002,27.44797,27.250410000000002,27.057470000000002,26.869150000000005,26.68589,26.507910000000003,26.33543,26.168560000000003,26.007630000000002,25.852970000000003,25.70458,25.562900000000003,25.42782,25.299780000000002,25.178890000000003,25.065150000000003,24.958780000000004,24.859890000000004,24.76848,24.68466,24.608430000000002,24.539790000000004,24.478740000000002,24.42517,24.378970000000002,24.340030000000002,24.308350000000004,24.283490000000004,24.26545,24.2539,24.248730000000002,24.249500000000005,24.25599,24.267980000000005,24.285030000000003,24.306810000000002,24.332990000000002,24.36335,24.397340000000003,24.43474,24.47511,24.518230000000003,24.563440000000003,24.610740000000003,24.659470000000002,24.70952,24.760340000000003,24.81182,24.863630000000004,24.915220000000005,24.96659,25.0173,25.067020000000003,25.115750000000002,25.162940000000003,25.20859,25.252370000000003,25.294170000000005,25.33377,25.37095,25.405600000000003,25.437500000000004,25.466540000000002,25.492610000000003,25.515710000000002,25.535620000000005,25.55223,25.56543,25.57533,25.58182,25.58479,25.584240000000005,25.580170000000003,25.572580000000002,25.561360000000004,25.54662,25.528470000000002,25.506800000000002,25.48172,25.45334,25.42155,25.386680000000002,25.34851,25.30748,25.26348,25.216620000000002,25.167120000000004,25.115090000000002,25.060750000000002,25.004210000000004,24.945690000000003,24.885300000000004,24.823260000000005,24.759900000000002,24.695330000000002,24.62988,24.563660000000002,24.497110000000003,24.43034,24.36379,24.29768,24.23223,24.167880000000004,24.104850000000003,24.043580000000002,23.98429,23.92742,23.87319,23.822040000000005,23.77419,23.730080000000005,23.690040000000003,23.654290000000003,23.62327,23.59709,23.576300000000003,23.561010000000003,23.55144,23.54792,23.550560000000004,23.559800000000003,23.575530000000004,23.597970000000004,23.62723,23.66353,23.706760000000003,23.757030000000004,23.81445,23.878800000000002,23.950190000000003,24.028510000000004,24.113650000000003,24.20561,24.304060000000003,24.408890000000003,24.520100000000003,24.637470000000004,24.76067,24.889590000000002,25.0239,25.163600000000002,25.30836,25.45796,25.612070000000003,25.770580000000002,25.933270000000004,26.09992,26.270200000000003,26.444000000000003,26.621100000000002,26.801280000000002,26.98432,27.17,27.358320000000003,27.548840000000002,27.741670000000003,27.93637,28.133050000000004,28.331380000000003,28.531360000000003,28.73288,28.93561,29.139660000000003,29.344810000000003,29.551060000000003,29.758300000000002,29.966420000000003,30.17531,30.38497,30.5954,30.806380000000004,31.017910000000004,31.2301,31.44262,31.655800000000003,31.869310000000002,32.08315,32.297430000000006,32.512150000000005,32.727090000000004,32.94247000000001,33.15807,33.37411,33.59026,33.806850000000004,34.02366,34.2408,34.458270000000006,34.67596,34.89387,35.11222,35.33079,35.549690000000005,35.76892000000001,35.98837
39.995340000000006,39.74421000000001,39.49275000000001,39.24107,38.98906,38.736830000000005,38.48427,38.23138,37.97827,37.724940000000004,37.47128,37.217400000000005,36.963300000000004,36.708980000000004,36.454440000000005,36.19968,35.94492,35.68994,35.434850000000004,35.17965,34.92445000000001,34.66925,34.41416,34.15907,33.9042,33.64944,33.39490000000001,33.140690000000006,32.88692,32.63359,32.380700000000004,32.12847,31.877010000000002,31.626210000000004,31.376400000000004,31.127580000000002,30.879970000000004,30.633460000000003,30.388490000000004,30.14495,29.903060000000004,29.66315,29.425110000000004,29.18927,28.95585,28.72485,28.49671,28.271430000000002,28.049450000000004,27.83077,27.615720000000003,27.40463,27.197500000000005,26.994770000000003,26.796770000000002,26.6035,26.4154,26.232580000000002,26.055480000000003,25.88432,25.71921,25.560480000000002,25.408350000000002,25.263150000000003,25.124880000000005,24.99387,24.870230000000003,24.754290000000005,24.645940000000003,24.5454,24.452780000000004,24.368080000000003,24.2913,24.222660000000005,24.161830000000002,24.108920000000005,24.063820000000003,24.02631,23.996390000000005,23.973730000000003,23.958220000000004,23.949530000000003,23.94744,23.95173,23.96196,23.977910000000005,23.99914,24.025320000000004,24.05623,24.09132,24.13015,24.172610000000002,24.218040000000002,24.26622,24.316710000000004,24.369070000000004,24.422970000000003,24.47819,24.53418,24.59072,24.647370000000002,24.703910000000004,24.76001,24.815340000000003,24.86957,24.922590000000003,24.974070000000005,25.02379,25.071420000000003,25.116960000000002,25.15997,25.200450000000004,25.238290000000003,25.27305,25.304840000000002,25.333550000000002,25.35885,25.380850000000002,25.399330000000003,25.41429,25.425620000000002,25.433320000000005,25.43728,25.437500000000004,25.43409,25.426830000000002,25.41572,25.40098,25.3825,25.360390000000002,25.334540000000004,25.30528,25.272390000000005,25.23609,25.19638,25.153590000000005,25.1075,25.05855,25.00674,24.952180000000002,24.895090000000003,24.83558,24.77398,24.71029,24.644840000000002,24.57796,24.509650000000004,24.44024,24.37017,24.29944,24.2286,24.157650000000004,24.087250000000004,24.017400000000002,23.94865,23.881220000000003,23.815440000000002,23.751750000000005,23.69048,23.63196,23.576520000000002,23.5246,23.476530000000004,23.43264,23.39326,23.35883,23.32946,23.3057,23.287770000000002,23.27578,23.270280000000003,23.271160000000002,23.278970000000005,23.2936,23.31538,23.344420000000003,23.38072,23.424500000000005,23.47565,23.534170000000003,23.600170000000002,23.673430000000003,23.754060000000003,23.84184,23.936660000000003,24.038410000000002,24.14687,24.261930000000003,24.38326,24.51086,24.64429,24.783440000000002,24.92798,25.0778,25.232680000000002,25.392180000000003,25.55608,25.72438,25.896530000000002,26.072530000000004,26.252050000000004,26.434870000000004,26.620770000000004,26.809530000000002,27.00104,27.19497,27.39121,27.58965,27.789960000000004,27.99214,28.195970000000003,28.401340000000005,28.608140000000002,28.816260000000003,29.02548,29.2358,29.447110000000002,29.659190000000002,29.872150000000005,30.085880000000003,30.30027,30.515210000000003,30.730700000000002,30.946740000000005,31.163110000000003,31.38003,31.597170000000002,31.814750000000004,32.03266,32.25079,32.46925,32.68793,32.90683,33.12606,33.345400000000005,33.564960000000006,33.784850000000006,34.004850000000005,34.22507,34.4454,34.66606,34.88694,35.10804,35.32925,35.55079,35.77255,35.994640000000004
39.955740000000006,39.70230000000001,39.448420000000006,39.194210000000005,38.93967000000001,38.6848,38.4296,38.17407,37.9181,37.661910000000006,37.405390000000004,37.148540000000004,36.89136,36.63396000000001,36.37623,36.118280000000006,35.86011,35.60172000000001,35.34322,35.084500000000006,34.82567,34.56673,34.307900000000004,34.04896,33.790020000000005,33.5313,33.272690000000004,33.014300000000006,32.756130000000006,32.498400000000004,32.24111,31.984370000000002,31.728290000000005,31.47276,31.218220000000002,30.964450000000003,30.71189,30.46043,30.21018,29.96158,29.714410000000004,29.46911,29.22579,28.984560000000002,28.745530000000002,28.509140000000002,28.27539,28.044610000000002,27.817020000000003,27.592840000000002,27.372290000000003,27.155590000000004,26.943070000000002,26.734950000000005,26.53156,26.33301,26.139850000000003,25.952080000000002,25.77014,25.59425,25.42474,25.26183,25.10563,24.956690000000002,24.815010000000004,24.680810000000005,24.55442,24.435950000000002,24.325400000000002,24.22321,24.129160000000002,24.043580000000002,23.966250000000002,23.897390000000005,23.83689,23.78464,23.740640000000003,23.704780000000003,23.676730000000003,23.656380000000002,23.643510000000003,23.637900000000002,23.639110000000002,23.64703,23.661330000000003,23.68146,23.7072,23.738110000000002,23.773860000000003,23.814010000000003,23.85801,23.905750000000005,23.956570000000003,24.010140000000003,24.06613,24.123990000000003,24.183390000000003,24.244,24.305380000000003,24.367200000000004,24.429020000000005,24.49073,24.551780000000004,24.611950000000004,24.670910000000003,24.728550000000002,24.78432,24.838220000000003,24.890030000000003,24.939310000000003,24.986060000000002,25.029950000000003,25.07098,25.10882,25.143470000000004,25.1746,25.202430000000003,25.22652,25.24698,25.26359,25.276460000000004,25.28548,25.29043,25.29153,25.28867,25.281740000000003,25.270850000000003,25.256000000000004,25.237190000000005,25.214530000000003,25.18802,25.15766,25.12356,25.08583,25.044580000000003,24.999810000000004,24.95174,24.90048,24.846140000000002,24.78894,24.72899,24.666400000000003,24.6015,24.5344,24.465320000000002,24.39459,24.32243,24.24895,24.174590000000002,24.09957,24.02422,23.94887,23.87374,23.799270000000003,23.72579,23.65363,23.58312,23.5147,23.448700000000002,23.38556,23.325610000000005,23.26929,23.21693,23.16897,23.12563,23.087460000000004,23.05468,23.027730000000002,23.00683,22.992420000000003,22.9845,22.983620000000002,22.98978,23.00331,23.024320000000003,23.053030000000003,23.089330000000004,23.133440000000004,23.185470000000002,23.245200000000004,23.31285,23.3882,23.471140000000002,23.56167,23.65968,23.76484,23.87704,23.99606,24.12168,24.253790000000002,24.392060000000004,24.53616,24.685980000000004,24.84108,25.001350000000002,25.16646,25.336080000000003,25.5101,25.68808,25.870020000000004,26.05537,26.244130000000002,26.43597,26.630670000000006,26.828120000000002,27.02788,27.23006,27.434220000000003,27.640360000000005,27.848260000000003,28.057700000000004,28.26868,28.480870000000003,28.694380000000002,28.90888,29.124480000000002,29.340850000000003,29.5581,29.77601,29.994580000000003,30.2137,30.43326,30.653370000000002,30.873810000000002,31.094690000000003,31.315790000000003,31.537220000000005,31.75887,31.98074,32.202830000000006,32.42514,32.647560000000006,32.870090000000005,33.09284,33.31559,33.538560000000004,33.76175,33.98494,34.20824,34.431760000000004,34.655280000000005,34.879020000000004,35.10298,35.32694000000001,35.551120000000004,35.77552000000001,36.00003
39.9168,39.660830000000004,39.40464000000001,39.1479,38.89083,38.633320000000005,38.37548,38.117200000000004,37.85848000000001,37.599430000000005,37.339940000000006,37.08012000000001,36.819970000000005,36.55938,36.298460000000006,36.03721,35.775740000000006,35.513940000000005,35.25192,34.98957000000001,34.72711,34.46454,34.201750000000004,33.93896,33.67606,33.41316,33.15037,32.887800000000006,32.62534,32.3631,32.1013,31.839940000000002,31.579020000000003,31.31876,31.059270000000005,30.80066,30.542930000000002,30.286300000000004,30.03088,29.77689,29.524330000000003,29.273640000000004,29.024710000000002,28.777870000000004,28.533230000000003,28.291120000000003,28.051650000000002,27.815150000000003,27.581730000000004,27.351720000000004,27.125450000000004,26.90292,26.684680000000004,26.470950000000002,26.261950000000002,26.057900000000004,25.859350000000003,25.6663,25.479300000000002,25.298460000000002,25.12422,24.9568,24.796420000000005,24.64341,24.49799,24.360490000000002,24.231130000000004,24.10991,23.99716,23.89299,23.797510000000003,23.71083,23.633060000000004,23.563980000000004,23.503700000000002,23.45222,23.409430000000004,23.375110000000003,23.349040000000002,23.331220000000002,23.32121,23.31879,23.32363,23.33551,23.35388,23.37852,23.409100000000002,23.444960000000002,23.48588,23.53131,23.580920000000003,23.634270000000004,23.6907,23.750100000000003,23.81181,23.87539,23.94062,24.006840000000004,24.073940000000004,24.141260000000003,24.20869,24.27568,24.341900000000003,24.407240000000005,24.47115,24.533410000000003,24.59391,24.652210000000004,24.708090000000002,24.761440000000004,24.811930000000004,24.859450000000002,24.903780000000005,24.94481,24.982320000000005,25.016310000000004,25.046450000000004,25.072850000000003,25.095290000000002,25.113770000000002,25.12807,25.138300000000005,25.144460000000002,25.14633,25.14402,25.13753,25.126750000000005,25.111790000000003,25.09265,25.06933,25.04205,25.01059,24.97528,24.936120000000003,24.89311,24.84636,24.796200000000002,24.742520000000003,24.685540000000003,24.625480000000003,24.562450000000002,24.49667,24.42836,24.35763,24.284810000000004,24.210120000000003,24.133780000000005,24.05601,23.97725,23.897610000000004,23.81753,23.737340000000003,23.65737,23.57795,23.49941,23.42219,23.34662,23.27314,23.20219,23.1341,23.06931,23.00826,22.95128,22.89881,22.851290000000002,22.809160000000002,22.772640000000003,22.742280000000004,22.71819,22.700920000000004,22.690580000000004,22.687610000000003,22.692120000000003,22.704330000000002,22.72446,22.752620000000004,22.789030000000004,22.83358,22.886380000000003,22.94743,23.01673,23.094170000000005,23.17964,23.27314,23.374340000000004,23.48302,23.599180000000004,23.72249,23.85273,23.989570000000004,24.132790000000004,24.28217,24.437380000000005,24.59809,24.76397,24.934910000000002,25.110580000000002,25.29054,25.474680000000003,25.662670000000002,25.85418,26.049100000000003,26.247100000000003,26.447960000000005,26.651460000000004,26.857380000000003,27.065500000000004,27.27571,27.487680000000005,27.701410000000003,27.91668,28.133270000000003,28.351180000000003,28.57019,28.79019,29.01107,29.23272,29.455030000000004,29.678000000000004,29.90152,30.125480000000003,30.349880000000002,30.574500000000004,30.799560000000003,31.02484,31.250340000000005,31.47595,31.701780000000003,31.927720000000004,32.15377,32.37982,32.60609,32.83225,33.05863,33.2849,33.511280000000006,33.737660000000005,33.964150000000004,34.19064,34.41713,34.643730000000005,34.87044,35.09704000000001,35.32386,35.55068000000001,35.77761,36.00465
39.87841000000001,39.62013000000001,39.36141,39.102250000000005,38.842650000000006,38.5825,38.32202,38.060990000000004,37.79952,37.5375,37.275150000000004,37.01236,36.74902,36.485350000000004,36.22124000000001,35.95680000000001,35.69192,35.42660000000001,35.161060000000006,34.89519,34.62899,34.362570000000005,34.09604,33.82918,33.56232,33.29535,33.028270000000006,32.761300000000006,32.494440000000004,32.2278,31.961380000000005,31.695290000000004,31.42964,31.164430000000003,30.899880000000003,30.636210000000002,30.3732,30.1114,29.850590000000004,29.5911,29.33304,29.07663,28.82209,28.569420000000004,28.31895,28.071010000000005,27.8256,27.583050000000004,27.343690000000002,27.107630000000004,26.8752,26.64684,26.42255,26.20288,25.987940000000002,25.778170000000003,25.573900000000002,25.37535,25.18296,24.996840000000002,24.81765,24.645390000000003,24.4805,24.3232,24.17393,24.0328,23.90014,23.77606,23.66089,23.554740000000002,23.457610000000003,23.369830000000004,23.29129,23.22199,23.16204,23.111330000000002,23.069750000000003,23.03708,23.01321,22.99792,22.99088,22.991980000000005,23.000670000000003,23.01662,23.039610000000003,23.068980000000003,23.104620000000004,23.14576,23.19218,23.24333,23.298770000000005,23.357950000000002,23.420540000000003,23.48588,23.553640000000005,23.62338,23.694660000000002,23.766930000000002,23.83997,23.913230000000002,23.986270000000005,24.058870000000002,24.130700000000004,24.201210000000003,24.270290000000003,24.33761,24.40284,24.46565,24.52593,24.583460000000002,24.63791,24.689060000000005,24.73691,24.781240000000004,24.821720000000003,24.858460000000004,24.89124,24.91984,24.944370000000003,24.96461,24.98056,24.99222,24.999370000000003,25.00212,25.00036,24.994200000000003,24.98364,24.96857,24.948990000000002,24.92512,24.896960000000004,24.8644,24.82777,24.78696,24.74219,24.69346,24.640880000000003,24.58478,24.525050000000004,24.462020000000003,24.395910000000004,24.326720000000005,24.254780000000004,24.180310000000002,24.10342,24.02455,23.943810000000003,23.861530000000002,23.77804,23.69356,23.608530000000002,23.52328,23.438030000000005,23.353330000000003,23.26951,23.1869,23.105940000000004,23.027070000000005,22.950840000000003,22.87736,22.807400000000005,22.741290000000003,22.679360000000003,22.62216,22.570130000000002,22.52371,22.483120000000003,22.449020000000004,22.42152,22.40117,22.388190000000005,22.38291,22.385550000000002,22.39633,22.415470000000003,22.44319,22.479380000000003,22.524370000000005,22.578050000000005,22.640530000000002,22.71159,22.791230000000002,22.87945,22.975920000000002,23.08053,23.19306,23.3134,23.441110000000002,23.57608,23.717980000000004,23.866480000000003,24.02136,24.18218,24.348830000000003,24.52076,24.697750000000003,24.87958,25.06581,25.256330000000002,25.450590000000002,25.648590000000002,25.849890000000002,26.054270000000002,26.26151,26.471280000000004,26.683470000000003,26.89786,27.114120000000003,27.332250000000002,27.552030000000002,27.773130000000002,27.995660000000004,28.21918,28.443910000000002,28.66941,28.895680000000002,29.122720000000005,29.35031,29.57834,29.80692,30.03583,30.264960000000002,30.49442,30.723990000000004,30.953780000000005,31.183680000000003,31.413580000000003,31.643590000000003,31.873600000000003,32.10372,32.33373,32.56363,32.79364,33.023540000000004,33.253440000000005,33.48323,33.71291,33.9427,34.172270000000005,34.40195,34.63152,34.861090000000004,35.09066000000001,35.32012,35.549690000000005,35.77926000000001,36.00883
39.84079,39.580090000000006,39.31895000000001,39.057370000000006,38.79513000000001,38.532450000000004,38.269220000000004,38.00544000000001,37.741220000000006,37.47634000000001,37.211020000000005,36.94526,36.67884,36.412090000000006,36.14468000000001,35.876940000000005,35.60865,35.339920000000006,35.07086,34.80136,34.531420000000004,34.26126,33.990770000000005,33.719950000000004,33.448910000000005,33.17776,32.9065,32.635130000000004,32.363870000000006,32.09261,31.821460000000002,31.550530000000006,31.280040000000003,31.009880000000003,30.740270000000002,30.471320000000002,30.20314,29.935840000000002,29.66953,29.404430000000005,29.14065,28.87852,28.618040000000004,28.359430000000003,28.103020000000004,27.848810000000004,27.597350000000002,27.348530000000004,27.1029,26.860570000000003,26.62198,26.387240000000002,26.15668,25.93074,25.70975,25.493930000000002,25.28361,25.07923,24.88101,24.689500000000002,24.504810000000003,24.32749,24.157760000000003,23.99606,23.8425,23.69752,23.56134,23.43418,23.316370000000003,23.207910000000002,23.10913,23.020030000000002,22.940830000000002,22.871310000000005,22.811580000000003,22.76164,22.72127,22.69047,22.668910000000004,22.65637,22.652520000000003,22.65725,22.669900000000005,22.690360000000002,22.71808,22.752620000000004,22.79365,22.840510000000002,22.89276,22.94985,23.01145,23.07701,23.145870000000002,23.2177,23.29195,23.368070000000003,23.44573,23.52438,23.60358,23.682890000000004,23.762090000000004,23.840520000000005,23.917960000000004,23.99419,24.068550000000002,24.141040000000004,24.211220000000004,24.27887,24.343660000000003,24.405480000000004,24.464,24.51911,24.570480000000003,24.61811,24.66178,24.70138,24.736800000000002,24.767820000000004,24.794440000000005,24.816550000000003,24.83415,24.847130000000003,24.855380000000004,24.85901,24.85791,24.85208,24.841630000000002,24.826340000000005,24.806430000000002,24.7819,24.752750000000002,24.719200000000004,24.681140000000003,24.638680000000004,24.59193,24.54111,24.486220000000003,24.427370000000003,24.36489,24.29878,24.22926,24.156550000000003,24.08087,24.00233,23.921260000000004,23.83799,23.75263,23.66562,23.577180000000002,23.487640000000003,23.39733,23.30669,23.21594,23.12574,23.0362,22.94787,22.861190000000004,22.776600000000002,22.69454,22.615560000000002,22.539990000000003,22.46838,22.40117,22.338910000000002,22.281930000000003,22.230780000000003,22.186010000000003,22.147730000000003,22.116600000000005,22.092950000000002,22.077,22.069190000000003,22.069850000000002,22.07909,22.097130000000003,22.124190000000002,22.160380000000004,22.205810000000003,22.26037,22.324170000000002,22.397100000000002,22.479160000000004,22.570130000000002,22.66979,22.77803,22.894740000000002,23.019370000000002,23.15192,23.29184,23.439130000000002,23.593130000000002,23.75373,23.9206,24.0933,24.271500000000003,24.454980000000003,24.6433,24.83613,25.033140000000003,25.234110000000005,25.438710000000004,25.646610000000003,25.857590000000005,26.071430000000003,26.28769,26.50637,26.727140000000002,26.949780000000004,27.174180000000003,27.40012,27.627270000000003,27.85574,28.085200000000004,28.31565,28.546760000000003,28.778640000000003,29.01107,29.24405,29.47736,29.711000000000006,29.944860000000002,30.178940000000004,30.413130000000002,30.647430000000004,30.881730000000005,31.116030000000002,31.350330000000003,31.584630000000004,31.818710000000003,32.05279,32.28676,32.52051,32.75426,32.987790000000004,33.221210000000006,33.45441,33.68761,33.920590000000004,34.15335,34.38611,34.61876,34.85119,35.08362,35.315940000000005,35.54815,35.78036,36.012460000000004
39.803940000000004,39.54093,39.27737,39.01326,38.748490000000004,38.48317,38.21730000000001,37.950770000000006,37.683690000000006,37.41606,37.14777,36.878930000000004,36.60954,36.33949,36.069,35.797850000000004,35.52615000000001,35.25401000000001,34.981320000000004,34.70819,34.43451,34.1605,33.886050000000004,33.611270000000005,33.33616,33.06083,32.78517,32.5094,32.233520000000006,31.95764,31.681760000000004,31.406100000000002,31.130550000000003,30.855330000000002,30.580550000000002,30.306210000000004,30.03264,29.759840000000004,29.487920000000003,29.217100000000002,28.947490000000002,28.67931,28.41278,28.148120000000006,27.885330000000003,27.624960000000005,27.367010000000004,27.111810000000002,26.85969,26.610870000000002,26.365680000000005,26.124340000000004,25.88729,25.654860000000003,25.427270000000004,25.20507,24.988480000000003,24.777830000000005,24.573670000000003,24.37622,24.185920000000003,24.003210000000003,23.828310000000002,23.66166,23.503590000000003,23.354430000000004,23.21451,23.08405,22.963380000000004,22.85261,22.75185,22.66143,22.581240000000005,22.5115,22.451990000000002,22.402820000000002,22.36388,22.334950000000003,22.3157,22.306130000000003,22.3058,22.31427,22.331320000000005,22.356510000000004,22.389290000000003,22.42933,22.475970000000004,22.52888,22.58729,22.65087,22.719070000000002,22.791230000000002,22.8668,22.94545,23.026410000000002,23.109350000000003,23.193720000000003,23.279080000000004,23.364770000000004,23.450680000000002,23.536040000000003,23.620740000000005,23.70412,23.786070000000002,23.86615,23.94403,24.01938,24.091870000000004,24.1615,24.227720000000005,24.29053,24.349490000000003,24.40471,24.455860000000005,24.502720000000004,24.54529,24.583350000000003,24.616790000000005,24.64561,24.669700000000002,24.688950000000002,24.70336,24.71271,24.71722,24.71678,24.711280000000002,24.700830000000003,24.68543,24.66508,24.63989,24.60986,24.574990000000003,24.535500000000003,24.491280000000003,24.442660000000004,24.38953,24.332110000000004,24.27062,24.205170000000003,24.135760000000005,24.06283,23.986380000000004,23.906740000000003,23.824020000000004,23.738550000000004,23.650660000000002,23.560570000000002,23.468500000000002,23.37478,23.27985,23.184040000000003,23.087680000000002,22.991210000000002,22.894960000000005,22.799480000000003,22.7051,22.612370000000002,22.521620000000002,22.433510000000005,22.348480000000002,22.26697,22.18953,22.116600000000005,22.048840000000002,21.986690000000003,21.930480000000003,21.88098,21.838410000000003,21.803210000000004,21.77593,21.7569,21.746340000000004,21.7448,21.75228,21.76911,21.79551,21.831590000000002,21.877350000000003,21.9329,21.998130000000003,22.073150000000002,22.15763,22.25157,22.35464,22.46684,22.587730000000004,22.717090000000002,22.85459,22.9999,23.1528,23.31274,23.479390000000002,23.652530000000002,23.83172,24.016520000000003,24.2066,24.40174,24.601390000000002,24.80533,25.013230000000004,25.22465,25.43948,25.65728,25.877940000000002,26.101020000000002,26.326410000000003,26.553780000000003,26.78291,27.013690000000004,27.2459,27.479320000000005,27.713950000000004,27.949350000000003,28.185630000000003,28.42257,28.660170000000004,28.898100000000003,29.136470000000003,29.37506,29.613870000000002,29.852790000000002,30.091820000000002,30.33085,30.569880000000005,30.8088,31.047610000000002,31.286310000000004,31.524790000000003,31.763160000000003,32.001310000000004,32.23913,32.47684,32.714330000000004,32.95149,33.18854,33.42526,33.66176,33.89804,34.134100000000004,34.36994,34.605560000000004,34.84096,35.07625,35.31132,35.54628,35.781130000000005,36.01587000000001
39.767970000000005,39.50265,39.236670000000004,38.97003000000001,38.70273,38.43488000000001,38.16626,37.897090000000006,37.62726000000001,37.356660000000005,37.085510000000006,36.813590000000005,36.54112000000001,36.267990000000005,35.994200000000006,35.71975,35.44464000000001,35.168980000000005,34.892770000000006,34.6159,34.338480000000004,34.06062000000001,33.78221,33.50336,33.224070000000005,32.94445,32.664500000000004,32.384220000000006,32.10383,31.823220000000003,31.542500000000004,31.26189,30.98128,30.701000000000004,30.420830000000002,30.14121,29.862030000000004,29.583620000000003,29.305870000000002,29.029220000000002,28.753670000000003,28.47933,28.20664,27.935600000000004,27.666430000000002,27.39946,27.13491,26.87311,26.614280000000004,26.35864,26.106520000000003,25.85836,25.614490000000004,25.375130000000002,25.14083,24.91181,24.68851,24.471370000000004,24.260830000000002,24.05711,23.860870000000002,23.672330000000002,23.491930000000004,23.32011,23.157200000000003,23.00353,22.859540000000003,22.72556,22.6017,22.488290000000003,22.385440000000003,22.293480000000002,22.212410000000002,22.14223,22.083050000000004,22.034650000000003,21.99714,21.97008,21.95358,21.94698,21.95028,21.962930000000004,21.984600000000004,22.014850000000003,22.053130000000003,22.09889,22.15169,22.210870000000003,22.275990000000004,22.346280000000004,22.42141,22.500610000000005,22.583440000000003,22.669130000000003,22.757350000000002,22.84744,22.938850000000002,23.03114,23.12387,23.21638,23.30845,23.399530000000002,23.48918,23.577180000000002,23.663090000000004,23.746580000000005,23.827320000000004,23.904980000000002,23.97945,24.050290000000004,24.117500000000003,24.18064,24.239710000000002,24.29438,24.34465,24.39019,24.431110000000004,24.46708,24.498100000000004,24.52417,24.545070000000003,24.56091,24.571470000000005,24.576860000000003,24.576970000000003,24.571910000000003,24.561570000000003,24.54595,24.525160000000003,24.499200000000002,24.468180000000004,24.432100000000002,24.391070000000003,24.345090000000003,24.29438,24.23894,24.17899,24.11464,24.046000000000003,23.973290000000002,23.896620000000002,23.81632,23.73261,23.645490000000002,23.55551,23.46267,23.367520000000003,23.27017,23.17106,23.070520000000002,22.968770000000003,22.866470000000003,22.763840000000005,22.66132,22.559460000000005,22.458700000000004,22.359370000000002,22.262240000000002,22.167640000000002,22.07612,21.98823,21.90452,21.82554,21.75195,21.68408,21.622590000000002,21.56792,21.52062,21.481130000000004,21.450000000000003,21.427450000000004,21.414030000000004,21.40996,21.415680000000002,21.43119,21.45682,21.49268,21.538880000000002,21.595420000000004,21.662190000000002,21.739300000000004,21.82642,21.92355,22.03036,22.146630000000002,22.27203,22.40634,22.549230000000005,22.700150000000004,22.858990000000002,23.025090000000002,23.198230000000002,23.378080000000004,23.563980000000004,23.75571,23.952830000000002,24.15501,24.361920000000005,24.57301,24.78806,25.00674,25.22872,25.453670000000002,25.68126,25.911270000000005,26.143590000000003,26.37778,26.61362,26.851000000000003,27.0897,27.3295,27.570290000000004,27.811960000000003,28.05418,28.297060000000002,28.54038,28.783920000000002,29.027790000000003,29.271770000000004,29.51586,29.759950000000003,30.00393,30.247910000000005,30.491670000000003,30.735210000000002,30.978640000000006,31.221740000000004,31.46451,31.707060000000002,31.94928,32.19117000000001,32.43273000000001,32.67396,32.914860000000004,33.15543,33.39567,33.635580000000004,33.87516,34.11441000000001,34.35333,34.59203,34.830510000000004,35.06866,35.30648000000001,35.54419,35.78168,36.018950000000004
39.73310000000001,39.465360000000004,39.196960000000004,38.92790000000001,38.65807000000001,38.38758,38.11632000000001,37.84440000000001,37.57171,37.29836,37.024240000000006,36.74935,36.473800000000004,36.19748,35.92039,35.64264,35.36412000000001,35.08494,34.8051,34.5246,34.24344000000001,33.96173,33.67936,33.39644,33.112970000000004,32.829060000000005,32.54471,32.25992,31.974800000000005,31.68946,31.403900000000004,31.118340000000003,30.83256,30.547,30.261550000000003,29.976320000000005,29.691640000000003,29.407400000000003,29.123820000000002,28.841120000000004,28.559300000000004,28.2788,27.999620000000004,27.72209,27.446320000000004,27.172640000000005,26.901380000000003,26.632540000000002,26.366670000000003,26.10399,25.84483,25.589520000000004,25.338390000000004,25.091880000000003,24.850430000000003,24.61426,24.384030000000003,24.15996,23.9426,23.732280000000003,23.52955,23.334850000000003,23.14862,22.97119,22.803110000000004,22.6446,22.49632,22.358380000000004,22.23111,22.11484,22.009790000000002,21.91607,21.833900000000003,21.76328,21.704320000000003,21.6568,21.620720000000002,21.595750000000002,21.58189,21.5787,21.58585,21.6029,21.629520000000003,21.66505,21.709160000000004,21.761080000000003,21.82037,21.88637,21.95853,22.036080000000005,22.11858,22.20526,22.29557,22.38896,22.48466,22.582340000000002,22.68123,22.780890000000003,22.880770000000002,22.980430000000002,23.079320000000003,23.177220000000002,23.27336,23.367630000000002,23.45959,23.548910000000003,23.635260000000002,23.718310000000002,23.79784,23.87352,23.945130000000002,24.01256,24.075590000000002,24.134000000000004,24.187680000000004,24.236410000000003,24.28019,24.318690000000004,24.352130000000002,24.38018,24.40284,24.42011,24.43188,24.43815,24.43892,24.434190000000005,24.42385,24.40801,24.38678,24.36005,24.32804,24.290640000000003,24.247960000000003,24.200110000000002,24.147200000000005,24.089450000000003,24.026750000000003,23.959430000000005,23.887600000000003,23.81137,23.73096,23.646700000000003,23.55859,23.466960000000004,23.37214,23.274350000000002,23.173810000000003,23.070960000000003,22.96613,22.859540000000003,22.75174,22.64306,22.53394,22.42493,22.316250000000004,22.20867,22.102520000000002,21.99846,21.896930000000005,21.79848,21.70388,21.61346,21.527990000000003,21.448020000000003,21.374100000000002,21.306780000000003,21.246610000000004,21.19425,21.15014,21.114720000000002,21.08854,21.071930000000002,21.065220000000004,21.06885,21.08293,21.10779,21.143430000000002,21.190070000000002,21.247600000000002,21.31602,21.39533,21.48542,21.58585,21.696620000000003,21.81729,21.947530000000004,22.087120000000002,22.235620000000004,22.392590000000002,22.557700000000004,22.730400000000003,22.91036,23.09714,23.2903,23.48929,23.69378,23.90344,24.117720000000002,24.3364,24.55893,24.78498,25.014440000000004,25.246650000000002,25.48161,25.718880000000002,25.958240000000004,26.199360000000002,26.442130000000002,26.68633,26.93174,27.178030000000003,27.4252,27.67314,27.92152,28.170340000000003,28.41949,28.668860000000002,28.918230000000005,29.167710000000003,29.41719,29.66645,29.915490000000005,30.164420000000003,30.413020000000003,30.66129,30.90923,31.156730000000003,31.403900000000004,31.650630000000003,31.89703,32.142880000000005,32.388400000000004,32.63348,32.87801,33.12221,33.365860000000005,33.60918,33.85206,34.09461,34.33672,34.57839,34.81984,35.06085,35.30153000000001,35.54199,35.78201,36.02192
39.699220000000004,39.429170000000006,39.158350000000006,38.88676,38.61451,38.34138000000001,38.06759000000001,37.79292,37.517480000000006,37.24116000000001,36.96407000000001,36.68621,36.40758,36.12807,35.84779,35.56674,35.28481000000001,35.00211,34.71875,34.43451,34.14961,33.86394,33.57761,33.290510000000005,33.002860000000005,32.71466,32.4258,32.136500000000005,31.846760000000003,31.55658,31.266180000000002,30.975450000000006,30.684610000000003,30.393660000000004,30.102710000000002,29.811980000000002,29.521470000000004,29.231400000000004,28.94177,28.652910000000006,28.364930000000005,28.077940000000005,27.792270000000002,27.50803,27.225440000000003,26.944830000000003,26.666420000000002,26.390430000000002,26.1173,25.84725,25.58061,25.317930000000004,25.05932,24.805220000000002,24.55629,24.312640000000002,24.074930000000002,23.8436,23.618980000000004,23.40162,23.19207,22.99077,22.798270000000002,22.614900000000002,22.441100000000002,22.277530000000002,22.12441,21.98229,21.85128,21.731930000000002,21.624350000000003,21.52887,21.44549,21.37432,21.31547,21.26883,21.234180000000002,21.211520000000004,21.20052,21.20085,21.21218,21.23396,21.26575,21.30711,21.357380000000003,21.415900000000004,21.482120000000002,21.555270000000004,21.63491,21.72016,21.810470000000002,21.90507,22.003410000000002,22.104830000000003,22.208560000000002,22.31405,22.42086,22.52822,22.63569,22.74283,22.84898,22.953810000000004,23.05688,23.15764,23.25598,23.351350000000004,23.443420000000003,23.531970000000005,23.616780000000002,23.69741,23.773750000000003,23.84558,23.91268,23.974940000000004,24.032030000000002,24.08406,24.130700000000004,24.171950000000002,24.207700000000003,24.237840000000002,24.26226,24.28096,24.293940000000003,24.3012,24.30263,24.298120000000004,24.28789,24.27194,24.25016,24.222660000000005,24.189550000000004,24.150720000000003,24.10639,24.056670000000004,24.001560000000005,23.941280000000003,23.875830000000004,23.805430000000005,23.730190000000004,23.65033,23.566070000000003,23.477520000000002,23.384900000000002,23.288650000000004,23.18877,23.08559,22.979660000000003,22.87098,22.7601,22.647350000000003,22.533060000000003,22.41778,22.301840000000002,22.185790000000004,22.07007,21.95523,21.841710000000003,21.73028,21.62149,21.51578,21.41381,21.31624,21.223840000000003,21.13705,21.05653,20.98294,20.91694,20.859080000000002,20.809910000000002,20.76998,20.73973,20.71971,20.710140000000003,20.711460000000002,20.724,20.747980000000002,20.7834,20.83037,20.889110000000002,20.9594,21.041130000000003,21.134080000000004,21.238250000000004,21.35309,21.47849,21.614010000000004,21.75921,21.913760000000003,22.07722,22.24893,22.428670000000004,22.61578,22.80993,23.010570000000005,23.217260000000003,23.429560000000002,23.64703,23.869120000000002,24.095610000000004,24.325950000000002,24.559810000000002,24.796860000000002,25.03677,25.279320000000002,25.523960000000002,25.770690000000002,26.019070000000003,26.268880000000003,26.520010000000003,26.772130000000004,27.025130000000004,27.2789,27.533220000000004,27.787870000000005,28.042740000000002,28.297830000000005,28.553030000000003,28.808120000000002,29.063100000000002,29.317970000000003,29.57251,29.826720000000005,30.08049,30.33404,30.587040000000002,30.839600000000004,31.091610000000003,31.343180000000004,31.594200000000004,31.844670000000004,32.094590000000004,32.34396,32.592780000000005,32.84116,33.08888,33.33616,33.582890000000006,33.82907,34.07481,34.32,34.56486,34.80917,35.05304,35.296580000000006,35.539680000000004,35.782450000000004,36.02489
39.66655,39.39419,39.12095000000001,38.84694,38.572160000000004,38.2965,38.019960000000005,37.742650000000005,37.46435,37.185280000000006,36.905330000000006,36.624500000000005,36.34268000000001,36.06009,35.77651,35.492160000000005,35.20682,34.92071,34.633610000000004,34.345740000000006,34.05699,33.76747,33.477070000000005,33.185900000000004,32.894070000000006,32.60147,32.30821,32.01429,31.719820000000006,31.424800000000005,31.129450000000002,30.833550000000002,30.53754,30.241200000000003,29.944750000000003,29.648300000000003,29.351960000000002,29.055840000000003,28.760160000000003,28.465030000000006,28.170560000000002,27.876970000000004,27.584590000000002,27.293420000000005,27.0039,26.71603,26.43036,26.147000000000002,25.866280000000003,25.58864,25.314300000000003,25.04381,24.77728,24.51537,24.25852,24.007060000000003,23.761540000000004,23.5224,23.29019,23.065350000000002,22.848540000000003,22.640200000000004,22.440880000000003,22.251130000000003,22.071390000000005,21.902100000000004,21.74392,21.597070000000002,21.4621,21.33934,21.229010000000002,21.13144,21.04663,20.97491,20.916170000000005,20.8703,20.837410000000002,20.817060000000005,20.809140000000003,20.81321,20.828940000000003,20.855670000000003,20.89318,20.94059,20.99746,21.06302,21.13661,21.21757,21.305130000000002,21.39863,21.49719,21.600260000000002,21.706960000000002,21.816850000000002,21.929050000000004,22.042900000000003,22.157960000000003,22.27346,22.38885,22.50369,22.617430000000002,22.72963,22.839740000000003,22.94743,23.052260000000004,23.1539,23.25202,23.346290000000003,23.436490000000003,23.52229,23.60347,23.679810000000003,23.75109,23.817200000000003,23.878030000000003,23.93336,23.982970000000005,24.026970000000002,24.065030000000004,24.097260000000002,24.12355,24.143900000000002,24.15809,24.166230000000002,24.168210000000002,24.164140000000003,24.154020000000003,24.13774,24.115410000000004,24.08714,24.05282,24.01267,23.966580000000004,23.914880000000004,23.857460000000003,23.79454,23.72623,23.652640000000005,23.573990000000002,23.49039,23.401950000000003,23.309110000000004,23.211870000000005,23.11056,23.005510000000005,22.89694,22.78507,22.670450000000002,22.553300000000004,22.433950000000003,22.312950000000004,22.190630000000002,22.06754,21.94412,21.82081,21.69838,21.577160000000003,21.45792,21.34121,21.2278,21.11802,21.01297,20.91298,20.81893,20.73137,20.651070000000004,20.5788,20.515,20.460330000000003,20.41545,20.3808,20.35704,20.344390000000004,20.343290000000003,20.35407,20.37706,20.41226,20.45978,20.51962,20.59178,20.676150000000003,20.7724,20.88042,20.999880000000005,21.13034,21.27136,21.422610000000002,21.583650000000002,21.75382,21.93268,22.119790000000002,22.314600000000002,22.516560000000002,22.725230000000003,22.939950000000003,23.160390000000003,23.386000000000003,23.61634,23.850860000000004,24.089340000000004,24.33134,24.57642,24.82425,25.074500000000004,25.32684,25.581050000000005,25.83691,26.093980000000006,26.352260000000005,26.611310000000003,26.871240000000004,27.131610000000002,27.39242,27.653450000000003,27.91459,28.17573,28.436760000000003,28.697570000000002,28.958160000000003,29.218420000000002,29.478240000000003,29.737730000000003,29.996560000000002,30.25495,30.512680000000003,30.76986,31.026490000000003,31.282350000000005,31.537660000000002,31.792310000000004,32.0463,32.29963,32.5523,32.80431,33.05566,33.30646,33.5566,33.80619,34.05512,34.3035,34.55133,34.798610000000004,35.04545,35.29174,35.53759,35.783,36.02797
39.6352,39.360420000000005,39.08487,38.808440000000004,38.531130000000005,38.25294,37.973760000000006,37.69370000000001,37.412760000000006,37.13083,36.847910000000006,36.56411,36.279320000000006,35.99354,35.706770000000006,35.41901000000001,35.13026,34.840630000000004,34.55001,34.2584,33.96591,33.672430000000006,33.37807,33.08283,32.78671000000001,32.48971,32.19194,31.893400000000003,31.594200000000004,31.294340000000002,30.993930000000002,30.692970000000003,30.39157,30.08973,29.787670000000002,29.485500000000002,29.183220000000002,28.881160000000005,28.579210000000003,28.277590000000004,27.97663,27.67633,27.377020000000005,27.078810000000004,26.781920000000003,26.486790000000003,26.193530000000003,25.90258,25.614050000000002,25.328490000000002,25.046120000000002,24.76738,24.492820000000002,24.222660000000005,23.95745,23.69763,23.44386,23.196580000000004,22.95623,22.72347,22.498960000000004,22.283030000000004,22.076450000000005,21.87977,21.693540000000002,21.518310000000003,21.35452,21.202720000000003,21.06335,20.936850000000003,20.82344,20.723450000000003,20.63721,20.56472,20.50598,20.460990000000002,20.429750000000002,20.41193,20.4072,20.41534,20.43569,20.46792,20.51137,20.56538,20.629290000000005,20.70244,20.78395,20.873050000000003,20.96908,21.071270000000002,21.178630000000002,21.29061,21.40633,21.52513,21.646240000000002,21.768890000000003,21.89264,22.016610000000004,22.140360000000005,22.263340000000003,22.385000000000005,22.504790000000003,22.62227,22.737110000000005,22.848760000000002,22.956890000000005,23.061280000000004,23.161380000000005,23.25719,23.348270000000003,23.4344,23.515360000000005,23.591040000000003,23.661220000000004,23.72568,23.78442,23.837110000000003,23.88386,23.924450000000004,23.95888,23.98704,24.008820000000004,24.02422,24.033350000000002,24.03599,24.03225,24.02213,24.00563,23.98275,23.9536,23.918180000000003,23.87649,23.828750000000003,23.774960000000004,23.715230000000002,23.649560000000005,23.57828,23.50139,23.41911,23.331660000000003,23.239040000000003,23.141690000000004,23.039610000000003,22.933240000000005,22.822690000000005,22.7084,22.590590000000002,22.46959,22.345840000000003,22.21967,22.091520000000003,21.961940000000002,21.83126,21.70003,21.568910000000002,21.43834,21.308980000000002,21.181490000000004,21.05642,20.93465,20.81673,20.70332,20.59541,20.493440000000003,20.398400000000002,20.310950000000002,20.231749999999998,20.161570000000005,20.10096,20.050800000000002,20.01142,19.98359,19.967530000000004,19.963900000000002,19.972810000000003,19.9947,20.029570000000003,20.077530000000003,20.1388,20.21305,20.30017,20.400050000000004,20.51225,20.636550000000003,20.7724,20.919470000000004,21.077210000000004,21.245070000000002,21.422500000000003,21.609060000000003,21.804090000000002,22.00693,22.21714,22.43417,22.65747,22.886380000000003,23.12057,23.359490000000005,23.602590000000003,23.84954,24.0999,24.35323,24.6092,24.86759,25.127850000000002,25.389870000000002,25.653210000000005,25.91776,26.183300000000003,26.449610000000003,26.716360000000005,26.98355,27.25096,27.518480000000004,27.785890000000002,28.053190000000004,28.32027,28.586910000000003,28.853220000000004,29.118980000000004,29.384190000000004,29.64874,29.912740000000003,30.175970000000003,30.438650000000003,30.700450000000004,30.96159,31.221850000000003,31.481450000000002,31.740280000000002,31.998340000000002,32.255520000000004,32.512040000000006,32.767790000000005,33.02277,33.27709,33.53064,33.78353,34.035650000000004,34.287220000000005,34.53813,34.788380000000004,35.03808,35.28712,35.535720000000005,35.783770000000004,36.03127
39.60506000000001,39.32808000000001,39.05022,38.77137,38.491530000000004,38.21081,37.92899,37.64629,37.36260000000001,37.07781,36.792030000000004,36.50526,36.21739,35.92853,35.63857,35.34751,35.055460000000004,34.7622,34.46806,34.17271,33.87637,33.57904,33.28061,32.981300000000005,32.680890000000005,32.3796,32.07732,31.774160000000002,31.470230000000004,31.165420000000005,30.859950000000005,30.55382,30.247030000000002,29.939690000000002,29.63202,29.324020000000004,29.015690000000003,28.70736,28.399140000000003,28.09103,27.783250000000002,27.476130000000005,27.169780000000003,26.864310000000003,26.56005,26.257330000000003,25.95637,25.657390000000003,25.36083,25.067020000000003,24.776290000000003,24.48919,24.205940000000005,23.92709,23.6533,23.384790000000002,23.122220000000002,22.866250000000004,22.617320000000003,22.3762,22.14333,21.91937,21.705090000000002,21.50093,21.307660000000002,21.125830000000004,20.9561,20.798800000000004,20.654590000000002,20.524020000000004,20.4072,20.30479,20.21668,20.143310000000003,20.084570000000003,20.04046,20.010980000000004,19.995800000000003,19.994480000000003,20.00691,20.032320000000002,20.07027,20.12021,20.18126,20.252760000000002,20.33383,20.423810000000003,20.52171,20.62687,20.738190000000003,20.85501,20.976450000000003,21.10163,21.22989,21.360350000000004,21.492350000000002,21.62512,21.758110000000002,21.89055,22.022000000000002,22.151910000000004,22.27962,22.4048,22.5269,22.6457,22.760540000000002,22.871310000000005,22.977570000000004,23.079100000000004,23.17568,23.266870000000004,23.352670000000003,23.43275,23.507,23.57531,23.637460000000004,23.693450000000002,23.74295,23.786070000000002,23.8227,23.85273,23.876050000000003,23.892770000000002,23.902780000000003,23.906080000000003,23.902780000000003,23.892660000000003,23.875830000000004,23.852400000000003,23.822370000000003,23.78574,23.742620000000002,23.693010000000005,23.63702,23.57487,23.50645,23.432090000000002,23.3519,23.265880000000003,23.17436,23.077450000000002,22.97537,22.868340000000003,22.75658,22.640420000000002,22.52019,22.39611,22.268620000000002,22.13794,22.004620000000003,21.869100000000003,21.731820000000003,21.59322,21.45385,21.31437,21.175330000000002,21.037280000000003,20.900990000000004,20.767120000000002,20.636440000000004,20.50972,20.38762,20.271130000000003,20.160800000000002,20.057620000000004,19.962360000000004,19.875790000000002,19.79868,19.73169,19.675700000000003,19.63126,19.59892,19.57934,19.57274,19.579670000000004,19.600350000000002,19.635,19.683620000000005,19.74621,19.822660000000003,19.91297,20.01659,20.13341,20.262990000000002,20.404670000000003,20.558230000000002,20.7229,20.898130000000002,21.08337,21.27796,21.481350000000003,21.692880000000002,21.91178,22.13772,22.369930000000004,22.607860000000002,22.851070000000004,23.0989,23.350910000000002,23.60666,23.865710000000004,24.127730000000003,24.392170000000004,24.658810000000003,24.927210000000002,25.197150000000004,25.46841,25.740660000000002,26.013680000000004,26.287140000000004,26.56115,26.835270000000005,27.10939,27.3834,27.657300000000003,27.930760000000003,28.203890000000005,28.47636,28.74839,29.019650000000002,29.290360000000003,29.560190000000002,29.829250000000002,30.097430000000003,30.36484,30.63137,30.897020000000005,31.161790000000003,31.425680000000003,31.68869,31.95071,32.211960000000005,32.47233,32.73171,32.990320000000004,33.248160000000006,33.505120000000005,33.76131,34.01673,34.27138,34.52526,34.77848,35.031040000000004,35.28294,35.53429,35.784870000000005,36.03501
39.576460000000004,39.29717,39.017,38.735730000000004,38.45347,38.17022000000001,37.88587,37.60053,37.31409000000001,37.02655,36.73791,36.448170000000005,36.15722,35.865170000000006,35.57202,35.277770000000004,34.982310000000005,34.68564,34.38787000000001,34.08889,33.78881,33.48752,33.18513,32.88153,32.57694,32.27125,31.964460000000003,31.65668,31.347910000000002,31.03826,30.72773,30.416320000000002,30.10414,29.7913,29.477800000000002,29.16386,28.849590000000003,28.53499,28.220280000000002,27.905570000000004,27.590970000000002,27.27681,26.963200000000004,26.650360000000003,26.33851,26.027980000000003,25.71899,25.411870000000004,25.10695,24.804670000000005,24.50525,24.209240000000005,23.91719,23.629320000000003,23.346290000000003,23.06865,22.796950000000002,22.531740000000003,22.27379,22.02365,21.78187,21.54933,21.32669,21.114610000000003,20.91375,20.72477,20.54844,20.3852,20.23582,20.10063,19.98018,19.874800000000004,19.78471,19.710350000000002,19.6515,19.608270000000005,19.580550000000002,19.568120000000004,19.57054,19.58748,19.61839,19.6625,19.719260000000002,19.787900000000004,19.86754,19.957300000000004,20.056300000000004,20.16355,20.278280000000002,20.399500000000003,20.52633,20.657780000000002,20.79297,20.931240000000003,21.07149,21.21328,21.355620000000002,21.497960000000003,21.63953,21.77989,21.91827,22.05434,22.187440000000002,22.31724,22.4433,22.56518,22.682550000000003,22.795080000000002,22.90255,23.004630000000002,23.101100000000002,23.191850000000002,23.27644,23.35498,23.42714,23.492810000000002,23.551990000000004,23.604350000000004,23.650000000000002,23.688830000000003,23.720840000000003,23.745810000000002,23.763740000000002,23.77474,23.778810000000004,23.775730000000003,23.765610000000002,23.74856,23.72447,23.69356,23.65561,23.610950000000003,23.55947,23.50139,23.43671,23.36554,23.28799,23.20428,23.114520000000002,23.018820000000005,22.9174,22.810480000000002,22.69828,22.581130000000005,22.45914,22.33275,22.202180000000002,22.06776,21.93004,21.78924,21.646020000000004,21.500600000000002,21.35375,21.2058,21.05752,20.909460000000003,20.76228,20.61664,20.473420000000004,20.33339,20.197210000000002,20.06576,19.940030000000004,19.82079,19.708810000000003,19.605190000000004,19.5107,19.42611,19.352300000000003,19.289930000000002,19.239990000000002,19.202920000000002,19.179270000000002,19.169590000000003,19.17443,19.19379,19.22811,19.27728,19.341520000000003,19.420500000000004,19.514110000000002,19.621910000000003,19.74368,19.878870000000003,20.02704,20.187420000000003,20.35957,20.542830000000002,20.73632,20.939600000000002,21.1519,21.372560000000004,21.600810000000003,21.836100000000002,22.07766,22.32505,22.577720000000003,22.8349,23.096260000000004,23.361140000000002,23.629320000000003,23.90014,24.17338,24.44849,24.725360000000002,25.00355,25.282840000000004,25.562900000000003,25.843510000000002,26.124450000000003,26.40561,26.686770000000003,26.967820000000003,27.248540000000002,27.528820000000003,27.808550000000004,28.087730000000004,28.366250000000004,28.644000000000002,28.92098,29.196970000000004,29.472080000000002,29.746310000000005,30.019550000000002,30.291800000000002,30.562950000000004,30.833220000000004,31.10239,31.37057,31.637650000000004,31.903850000000002,32.16895,32.433170000000004,32.696290000000005,32.95853,33.21978,33.48015,33.73964,33.99825,34.25609,34.51305,34.76924,35.024660000000004,35.27931,35.5333,35.78652,36.039190000000005
39.549400000000006,39.26791,38.98532000000001,38.70174,38.41706,38.131280000000004,37.84440000000001,37.55642,37.267230000000005,36.976940000000006,36.68544000000001,36.39284000000001,36.09892,35.803790000000006,35.50745,35.209900000000005,34.911030000000004,34.61095,34.30955,34.00694000000001,33.70312,33.397980000000004,33.09152,32.78396,32.475080000000005,32.16499,31.85369,31.541290000000004,31.227680000000003,30.91308,30.59738,30.28069,29.963120000000004,29.64467,29.325450000000004,29.005570000000002,28.685140000000004,28.364160000000002,28.042960000000004,27.72154,27.40001,27.078700000000005,26.757720000000003,26.43729,26.117740000000005,25.799180000000003,25.481940000000005,25.16646,24.85285,24.541770000000003,24.233330000000002,23.92819,23.62679,23.32946,23.03686,22.749540000000003,22.46816,22.19338,21.92564,21.665930000000003,21.414800000000003,21.17313,20.941470000000002,20.7207,20.5117,20.31502,20.13154,19.96181,19.806600000000003,19.66646,19.54183,19.43326,19.340970000000002,19.26529,19.206220000000002,19.163870000000003,19.13813,19.128560000000004,19.13505,19.15683,19.19346,19.244280000000003,19.30852,19.38519,19.47352,19.57252,19.6812,19.79857,19.923530000000003,20.0552,20.192590000000003,20.33471,20.480570000000004,20.629290000000005,20.7801,20.932010000000002,21.084470000000003,21.236600000000003,21.38774,21.53723,21.684630000000002,21.82928,21.97063,22.108350000000005,22.24189,22.37092,22.49511,22.61413,22.72765,22.83556,22.937420000000003,23.03301,23.12233,23.205160000000003,23.281280000000002,23.35058,23.412950000000002,23.468390000000003,23.51668,23.557710000000004,23.59159,23.61821,23.637460000000004,23.64945,23.65407,23.651320000000002,23.641310000000004,23.62393,23.599290000000003,23.567280000000004,23.52823,23.481920000000002,23.42857,23.368180000000002,23.300970000000003,23.226830000000003,23.14609,23.05886,22.965140000000005,22.865150000000003,22.759110000000003,22.647240000000004,22.529760000000003,22.406890000000004,22.27896,22.14619,22.00891,21.86745,21.72225,21.573750000000004,21.422390000000004,21.268610000000002,21.11296,20.9561,20.798580000000005,20.640950000000004,20.484090000000002,20.32877,20.17554,20.0255,19.87931,19.73796,19.602330000000002,19.47341,19.35208,19.239440000000002,19.13626,19.04353,18.96224,18.89327,18.837170000000004,18.794930000000004,18.766990000000003,18.75401,18.75643,18.77447,18.808460000000004,18.8584,18.924290000000003,19.00602,19.10326,19.215680000000003,19.34284,19.48419,19.63918,19.80715,19.987330000000004,20.17906,20.381570000000004,20.594090000000005,20.81585,21.04619,21.28434,21.52953,21.7811,22.038390000000003,22.30085,22.567820000000005,22.83886,23.113310000000002,23.39084,23.6709,23.953160000000004,24.237180000000002,24.52263,24.80929,25.09672,25.384810000000005,25.673230000000004,25.96176,26.250290000000003,26.538600000000002,26.82658,27.114010000000004,27.400890000000004,27.687000000000005,27.972340000000003,28.256800000000002,28.54038,28.82297,29.104460000000003,29.384850000000004,29.664250000000003,29.942440000000005,30.219530000000002,30.49541,30.770190000000003,31.043760000000002,31.316230000000004,31.587600000000005,31.857760000000003,32.12682,32.394780000000004,32.66164,32.927510000000005,33.192280000000004,33.45606,33.71885,33.980650000000004,34.241460000000004,34.5015,34.76055,35.01883,35.27623,35.53286,35.788830000000004,36.04403
39.523990000000005,39.24019,38.955400000000004,38.66940000000001,38.3823,38.094100000000005,37.80469,37.514070000000004,37.222350000000006,36.92931,36.63495,36.339380000000006,36.04249000000001,35.74439,35.444860000000006,35.14401,34.84184,34.53835,34.233430000000006,33.92719,33.61952,33.31053,33.00022,32.68848,32.37531,32.060930000000006,31.745120000000004,31.428100000000004,31.109760000000005,30.790100000000002,30.469340000000003,30.147370000000002,29.82441,29.50024,29.175300000000004,28.849370000000004,28.52267,28.195420000000002,27.867510000000003,27.539270000000002,27.2107,26.882130000000004,26.553670000000004,26.225540000000002,25.897960000000005,25.571150000000003,25.245550000000005,24.921380000000003,24.59897,24.278760000000002,23.96097,23.64637,23.33518,23.02795,22.725340000000003,22.42801,22.136400000000002,21.85128,21.573420000000002,21.303480000000004,21.042340000000003,20.790660000000003,20.54943,20.31942,20.10151,19.896470000000004,19.70518,19.5283,19.366820000000004,19.22107,19.09193,18.979730000000004,18.88491,18.8078,18.748510000000003,18.70693,18.68317,18.67679,18.68735,18.714410000000004,18.75731,18.81528,18.88755,18.972910000000002,19.070700000000002,19.1796,19.298620000000003,19.426660000000002,19.56262,19.705510000000004,19.85412,20.007460000000002,20.16454,20.32448,20.48618,20.64898,20.81189,20.97425,21.13529,21.29446,21.451100000000004,21.60466,21.754590000000004,21.900450000000003,22.041690000000003,22.1782,22.309430000000003,22.43505,22.554840000000002,22.668580000000002,22.775830000000003,22.876700000000003,22.970750000000002,23.05787,23.138060000000003,23.210990000000002,23.27677,23.33507,23.386000000000003,23.42945,23.465200000000003,23.493470000000002,23.51404,23.527020000000004,23.532300000000003,23.529880000000002,23.51987,23.502160000000003,23.476860000000002,23.44397,23.40349,23.35564,23.30031,23.237720000000003,23.16776,23.09076,23.00672,22.915750000000003,22.818070000000002,22.713680000000004,22.603020000000004,22.48609,22.363110000000002,22.234410000000004,22.100210000000004,21.960840000000005,21.816630000000004,21.667910000000003,21.515010000000004,21.35837,21.19865,21.036070000000002,20.8714,20.705080000000002,20.537770000000002,20.370240000000003,20.20326,20.037380000000002,19.873700000000003,19.71299,19.556130000000003,19.404110000000003,19.257920000000002,19.118660000000002,18.98732,18.86478,18.75236,18.650940000000002,18.56162,18.485170000000004,18.422580000000004,18.37462,18.342060000000004,18.325450000000004,18.325230000000005,18.34184,18.3755,18.426320000000004,18.49408,18.578780000000002,18.68009,18.79757,18.930670000000003,19.078730000000004,19.241200000000003,19.417310000000004,19.60618,19.80704,20.019120000000004,20.24154,20.473530000000004,20.714100000000002,20.9627,21.21834,21.48036,21.7481,22.0209,22.29821,22.57926,22.86372,23.15093,23.44056,23.73206,24.02521,24.319570000000002,24.614810000000002,24.91071,25.20683,25.50317,25.79951,26.09552,26.391090000000002,26.686000000000003,26.98036,27.27373,27.566330000000004,27.85794,28.148450000000004,28.43775,28.72595,29.01294,29.298720000000003,29.583180000000002,29.86643,30.14836,30.428970000000003,30.708260000000003,30.986340000000002,31.262990000000002,31.53854,31.812660000000005,32.08568,32.357490000000006,32.62798,32.89737,33.16566,33.43274,33.69883,33.963820000000005,34.22771,34.49072,34.75274,35.01377,35.27403,35.5333,35.7918,36.04942
39.50023,39.21423,38.927130000000005,38.63893,38.349520000000005,38.05879,37.76696,37.47381000000001,37.17934,36.88355000000001,36.58644,36.28801000000001,35.988260000000004,35.68708,35.38447000000001,35.08043000000001,34.77496000000001,34.46806,34.159620000000004,33.84975,33.538450000000005,33.22561,32.91123,32.595420000000004,32.27807,31.959290000000003,31.63908,31.317330000000005,30.994150000000005,30.66965,30.34372,30.016580000000005,29.688010000000002,29.358340000000002,29.02746,28.695480000000003,28.36262,28.02888,27.694260000000003,27.359090000000002,27.023480000000003,26.687540000000002,26.351380000000002,26.01544,25.67972,25.344550000000005,25.01037,24.677290000000003,24.345640000000003,24.01597,23.68872,23.364110000000004,23.042800000000003,22.725340000000003,22.412280000000003,22.104280000000003,21.801890000000004,21.50599,21.21724,20.93652,20.664600000000004,20.40247,20.1509,19.910880000000002,19.68329,19.469120000000004,19.269360000000002,19.08467,18.916150000000002,18.76435,18.63004,18.51388,18.416200000000003,18.33733,18.2776,18.236900000000002,18.215120000000002,18.212040000000002,18.227220000000003,18.259890000000002,18.30961,18.37528,18.45602,18.55095,18.65875,18.778320000000004,18.908450000000002,19.04793,19.195660000000004,19.350430000000003,19.51103,19.67636,19.84532,20.01692,20.190170000000002,20.364300000000004,20.53821,20.71124,20.882730000000002,21.051910000000003,21.218120000000003,21.380920000000003,21.539649999999998,21.69387,21.843250000000005,21.98724,22.12573,22.258060000000004,22.38434,22.503910000000005,22.616880000000002,22.722920000000002,22.821810000000003,22.91344,22.997700000000002,23.074370000000002,23.14345,23.204830000000005,23.2584,23.304160000000003,23.34189,23.37181,23.393700000000003,23.40767,23.413610000000002,23.411520000000003,23.401510000000002,23.383470000000003,23.357510000000005,23.32363,23.28183,23.23233,23.175020000000004,23.110010000000003,23.037520000000004,22.957440000000002,22.86999,22.775280000000002,22.673530000000003,22.564740000000004,22.449130000000004,22.32703,22.19844,22.0638,21.92322,21.777140000000003,21.625670000000003,21.46936,21.308540000000004,21.14365,20.975020000000004,20.80342,20.629179999999998,20.45307,20.275640000000003,20.09755,19.91979,19.74302,19.568120000000004,19.39608,19.227890000000002,19.06454,18.90702,18.756650000000004,18.614420000000003,18.481430000000003,18.359,18.248120000000004,18.149890000000003,18.065410000000004,17.99578,17.941660000000002,17.90393,17.883360000000003,17.8805,17.89557,17.928900000000002,17.980600000000003,18.050560000000004,18.138560000000002,18.24427,18.367250000000002,18.506840000000004,18.66227,18.83288,19.017790000000005,19.216120000000004,19.42688,19.6493,19.88228,20.12505,20.376620000000003,20.63622,20.902970000000003,21.175990000000002,21.45473,21.738310000000002,22.026290000000003,22.317900000000005,22.61259,22.909920000000003,23.20934,23.510520000000003,23.81302,24.116400000000002,24.420550000000002,24.72492,25.029510000000002,25.33388,25.638030000000004,25.941630000000004,26.24446,26.54663,26.847700000000003,27.147890000000004,27.44687,27.744750000000003,28.041200000000003,28.336440000000003,28.630360000000003,28.922850000000004,29.213910000000002,29.503540000000005,29.791740000000004,30.078510000000005,30.363740000000004,30.647650000000002,30.930020000000006,31.211070000000003,31.490690000000004,31.768880000000003,32.045750000000005,32.3213,32.595420000000004,32.86844000000001,33.14014,33.410630000000005,33.67991,33.94798,34.21506,34.48093,34.74581,35.0097,35.272600000000004,35.534620000000004,35.79565,36.055800000000005
39.47823,39.19014000000001,38.90084000000001,38.61033,38.31861,38.02557,37.731100000000005,37.43542000000001,37.13842,36.83999000000001,36.540130000000005,36.23884,35.93612,35.63197,35.326280000000004,35.01905,34.710390000000004,34.40008,34.08823,33.774730000000005,33.45969,33.14311,32.82488000000001,32.505,32.18347,31.860400000000002,31.535680000000003,31.209310000000002,30.881400000000003,30.55195,30.220960000000005,29.88843,29.554470000000002,29.21908,28.88237,28.54445,28.205210000000005,27.864980000000003,27.523650000000004,27.18155,26.838680000000004,26.495260000000002,26.151400000000002,25.807430000000004,25.46346,25.119820000000004,24.77673,24.434520000000003,24.09352,23.754170000000002,23.41691,23.08207,22.75031,22.42207,22.098120000000005,21.7789,21.46529,21.157950000000003,20.857760000000003,20.565490000000004,20.282130000000002,20.00856,19.745880000000003,19.49508,19.25704,19.03308,18.823970000000003,18.630700000000004,18.454480000000004,18.29597,18.155940000000005,18.035270000000004,17.93429,17.853440000000003,17.79305,17.75312,17.73354,17.733980000000003,17.754,17.792830000000002,17.84981,17.923840000000002,18.013930000000002,18.118980000000004,18.237560000000002,18.36868,18.5108,18.6626,18.82287,18.99029,19.163650000000004,19.341630000000002,19.523130000000002,19.707160000000002,19.89251,20.07841,20.263870000000004,20.448120000000003,20.630280000000003,20.809910000000002,20.98602,21.15828,21.326140000000002,21.48905,21.64668,21.79848,21.94423,22.083600000000004,22.21637,22.342100000000002,22.460790000000003,22.572110000000002,22.67584,22.77198,22.86042,22.940830000000002,23.01332,23.077780000000004,23.13399,23.182060000000003,23.221880000000002,23.253450000000004,23.27666,23.291510000000002,23.29811,23.29635,23.286340000000003,23.267970000000002,23.24135,23.206480000000003,23.163360000000004,23.1121,23.05281,22.985490000000002,22.91025,22.827090000000002,22.736230000000003,22.63778,22.531850000000002,22.418440000000004,22.297990000000002,22.170500000000004,22.036300000000004,21.895500000000002,21.748430000000003,21.59531,21.436470000000003,21.272350000000003,21.10328,20.929700000000004,20.752160000000003,20.570990000000002,20.386850000000003,20.200400000000002,20.012410000000003,19.823320000000002,19.634230000000002,19.44591,19.259240000000002,19.075210000000002,18.89481,18.71936,18.54985,18.387490000000003,18.233490000000003,18.089280000000002,17.95585,17.83474,17.726940000000003,17.633770000000002,17.556330000000003,17.4955,17.452270000000002,17.427410000000002,17.421470000000003,17.434890000000003,17.468000000000004,17.520690000000002,17.59307,17.684810000000002,17.79547,17.924500000000002,18.071240000000003,18.234700000000004,18.414220000000004,18.608700000000002,18.81715,19.038690000000003,19.27211,19.516530000000003,19.770850000000003,20.034080000000003,20.30534,20.58375,20.86843,21.15872,21.45363,21.752720000000004,22.055220000000002,22.360580000000002,22.668360000000003,22.9779,23.288980000000002,23.601050000000004,23.91378,24.226950000000002,24.54012,24.85307,25.16569,25.477760000000004,25.788950000000003,26.099260000000005,26.40858,26.716690000000003,27.023480000000003,27.329060000000002,27.633100000000002,27.935710000000004,28.23678,28.536310000000004,28.834300000000002,29.13064,29.425440000000002,29.718590000000003,30.0102,30.30016,30.588470000000004,30.87524,31.160580000000003,31.444270000000003,31.72642,32.00714,32.28643,32.56429,32.840720000000005,33.11583,33.38962,33.662090000000006,33.933350000000004,34.2034,34.472350000000006,34.74009,35.006730000000005,35.272270000000006,35.53682,35.800380000000004,36.06306
39.45821,39.16803000000001,38.87653,38.583709999999996,38.289680000000004,37.994330000000005,37.69744000000001,37.39934,37.0997,36.79863,36.49613,36.19209,35.88651,35.579280000000004,35.27062,34.96031,34.64835,34.334740000000004,34.01937,33.70246,33.383790000000005,33.06336,32.741170000000004,32.41733000000001,32.09173,31.764260000000004,31.435140000000004,31.10426,30.771620000000002,30.437220000000003,30.10117,29.763360000000002,29.4239,29.082900000000002,28.740360000000003,28.396280000000004,28.050880000000003,27.704050000000002,27.35601,27.006870000000003,26.656740000000003,26.305730000000004,25.954060000000002,25.601950000000002,25.249620000000004,24.897180000000002,24.545180000000002,24.193620000000003,23.84305,23.493690000000004,23.14609,22.800800000000002,22.45815,22.118800000000004,21.783300000000004,21.452530000000003,21.12693,20.8076,20.495200000000004,20.190720000000002,19.89515,19.60959,19.334920000000004,19.07235,18.82309,18.58824,18.369010000000003,18.166390000000003,17.981590000000004,17.815600000000003,17.66919,17.543460000000003,17.438740000000003,17.35558,17.294420000000002,17.255260000000003,17.23788,17.24217,17.26736,17.31279,17.377580000000002,17.46074,17.560950000000002,17.676890000000004,17.807350000000003,17.95079,18.105670000000003,18.270670000000003,18.444360000000003,18.62531,18.8122,19.003600000000002,19.19841,19.39542,19.59353,19.79186,19.989310000000003,20.18522,20.378600000000002,20.568900000000003,20.755350000000004,20.9374,21.114610000000003,21.28643,21.452530000000003,21.612250000000003,21.76559,21.912000000000003,22.051370000000002,22.18326,22.30767,22.424380000000003,22.533170000000002,22.633820000000004,22.72644,22.8107,22.8866,22.954030000000003,23.012990000000002,23.063480000000002,23.10528,23.1385,23.163030000000003,23.178980000000003,23.186130000000002,23.184700000000003,23.174690000000005,23.15599,23.128600000000002,23.092740000000003,23.0483,22.995390000000004,22.93401,22.86427,22.78628,22.70004,22.60577,22.50336,22.39314,22.27522,22.149710000000002,22.016830000000002,21.876800000000003,21.729730000000004,21.575950000000002,21.415680000000002,21.24936,21.077210000000004,20.899670000000004,20.717180000000003,20.53018,20.339220000000005,20.14485,19.94773,19.74852,19.547990000000002,19.34702,19.14649,18.94728,18.750490000000003,18.55733,18.368900000000004,18.186410000000002,18.01129,17.84475,17.688220000000005,17.543020000000002,17.410800000000002,17.292550000000002,17.18992,17.1039,17.03581,16.986530000000002,16.956940000000003,16.94781,16.95947,16.992250000000002,17.046260000000004,17.12139,17.217200000000002,17.333360000000003,17.4691,17.623540000000002,17.795910000000003,17.985110000000002,18.190040000000003,18.4096,18.64269,18.887990000000002,19.14462,19.411260000000002,19.686920000000004,19.970610000000004,20.26134,20.55834,20.86051,21.16741,21.478050000000003,21.791880000000003,22.108240000000002,22.426800000000004,22.74679,23.06799,23.389850000000003,23.71215,24.03445,24.35653,24.67817,24.999040000000004,25.31914,25.638140000000003,25.955930000000002,26.2724,26.587440000000004,26.90105,27.213010000000004,27.52343,27.83209,28.138990000000003,28.44424,28.74773,29.049350000000004,29.349210000000003,29.647310000000004,29.94365,30.23823,30.531160000000003,30.82222,31.111740000000005,31.399500000000003,31.68561,31.970180000000003,32.2531,32.53459,32.81454,33.09306,33.37004,33.645810000000004,33.92015000000001,34.19317,34.464870000000005,34.73547,35.00486,35.27315,35.54023,35.80632000000001,36.07142
39.44017,39.1479,38.854200000000006,38.559290000000004,38.262950000000004,37.965180000000004,37.666090000000004,37.365460000000006,37.06329,36.759690000000006,36.454440000000005,36.147650000000006,35.83921,35.529230000000005,35.217490000000005,34.90410000000001,34.588950000000004,34.272040000000004,33.95337000000001,33.63294,33.31064,32.986580000000004,32.660540000000005,32.33274,32.00296,31.671310000000005,31.337790000000005,31.002290000000006,30.665030000000005,30.32579,29.984570000000005,29.64159,29.296740000000003,28.95013,28.601760000000002,28.251630000000002,27.89985,27.546530000000004,27.191670000000002,26.835490000000004,26.477990000000005,26.119500000000002,25.75991,25.39955,25.03875,24.67751,24.31627,23.955140000000004,23.59467,23.235190000000003,22.87714,22.520850000000003,22.166980000000002,21.81597,21.468700000000002,21.12561,20.78769,20.4556,20.13044,19.812980000000003,19.504320000000003,19.205780000000004,18.91824,18.643130000000003,18.38155,18.13493,17.904480000000003,17.691630000000004,17.497370000000004,17.323020000000003,17.169570000000004,17.038010000000003,16.929000000000002,16.84331,16.78105,16.74255,16.72759,16.73584,16.766640000000002,16.81933,16.8927,16.98565,17.09675,17.22468,17.367790000000003,17.52465,17.693390000000004,17.872580000000003,18.060570000000002,18.25593,18.45712,18.662710000000004,18.87149,19.082250000000002,19.29378,19.50498,19.71508,19.92298,20.128020000000003,20.329320000000003,20.52644,20.71872,20.9055,21.08645,21.261020000000002,21.42899,21.58992,21.74348,21.88956,22.027830000000005,22.158070000000002,22.280170000000002,22.39391,22.499290000000002,22.59598,22.68409,22.76351,22.83402,22.89573,22.94853,22.992310000000003,23.027180000000005,23.053140000000003,23.06997,23.077890000000004,23.076790000000003,23.066670000000002,23.04764,23.01959,22.98263,22.936870000000003,22.8822,22.81884,22.74668,22.665830000000003,22.576510000000003,22.47861,22.37246,22.25795,22.135300000000004,22.004730000000002,21.86635,21.720380000000002,21.566930000000003,21.40633,21.2388,21.06478,20.884380000000004,20.698150000000002,20.50653,20.30985,20.10866,19.903620000000004,19.695390000000003,19.484630000000003,19.272000000000002,19.058600000000002,18.845200000000002,18.632790000000004,18.422580000000004,18.215780000000002,18.013490000000004,17.817250000000005,17.62827,17.4482,17.27836,17.12051,16.976080000000003,16.846610000000002,16.733530000000002,16.638270000000002,16.562150000000003,16.50616,16.471510000000002,16.458750000000002,16.46854,16.5011,16.55665,16.63475,16.735290000000003,16.8575,17.00072,17.16385,17.3459,17.54577,17.762030000000003,17.99369,18.23921,18.49738,18.766990000000003,19.046830000000003,19.33569,19.63247,19.93629,20.24605,20.56098,20.880090000000003,21.202830000000002,21.528430000000004,21.85623,22.185790000000004,22.516560000000002,22.84821,23.180080000000004,23.51206,23.843710000000005,24.17481,24.50514,24.83448,25.16261,25.489420000000003,25.814690000000002,26.138530000000003,26.460610000000003,26.780820000000002,27.099380000000004,27.415960000000002,27.730670000000003,28.04351,28.354370000000003,28.663250000000005,28.970150000000004,29.275180000000002,29.578120000000002,29.87919,30.17839,30.475720000000003,30.771180000000005,31.064770000000003,31.356600000000004,31.646560000000004,31.934980000000003,32.22153,32.50654,32.7899,33.071720000000006,33.35211,33.63085,33.90827,34.18426,34.45893,34.73228,35.004310000000004,35.27524,35.544850000000004,35.81347,36.08088000000001
39.424110000000006,39.12975,38.834070000000004,38.53696,38.238420000000005,37.93845,37.63694,37.333890000000004,37.0293,36.72317,36.41528,36.105850000000004,35.79466,35.481820000000006,35.16711,34.850640000000006,34.532410000000006,34.21231,33.89034,33.566390000000006,33.24057,32.91288,32.5831,32.251340000000006,31.91749,31.581660000000003,31.243850000000005,30.903840000000002,30.561850000000003,30.21777,29.87171,29.523450000000004,29.173320000000004,28.820990000000002,28.466790000000003,28.11072,27.752670000000002,27.392750000000003,27.03118,26.667960000000004,26.30309,25.9369,25.569390000000002,25.20078,24.83129,24.461140000000004,24.090550000000004,23.719850000000005,23.349260000000005,22.97933,22.610390000000002,22.242880000000003,21.877350000000003,21.51446,21.154760000000003,20.799020000000002,20.44801,20.102720000000005,19.76392,19.43271,19.110190000000003,18.79768,18.49639,18.20764,17.93275,17.673370000000002,17.43071,17.206310000000002,17.00171,16.81801,16.656640000000003,16.51859,16.40474,16.31586,16.252390000000002,16.21444,16.201900000000002,16.214550000000003,16.251510000000003,16.3119,16.39462,16.498350000000002,16.621440000000003,16.762240000000002,16.91921,17.09037,17.274070000000002,17.46844,17.671830000000003,17.88248,18.09896,18.31962,18.54314,18.768310000000003,18.99381,19.21854,19.44162,19.662060000000004,19.87909,20.09194,20.299950000000003,20.502460000000003,20.69914,20.889330000000005,21.07281,21.248920000000002,21.41766,21.578590000000002,21.73138,21.87603,22.01221,22.1397,22.25861,22.368500000000004,22.46948,22.56144,22.644270000000002,22.71786,22.782320000000002,22.83743,22.883300000000002,22.919820000000005,22.946990000000003,22.96492,22.97339,22.972620000000003,22.962500000000002,22.94303,22.91432,22.876370000000005,22.82918,22.77286,22.707410000000003,22.632830000000002,22.549230000000005,22.45672,22.355300000000003,22.24519,22.12639,21.99901,21.86327,21.719390000000004,21.56737,21.40743,21.239900000000002,21.065,20.88306,20.694300000000002,20.499160000000003,20.298080000000002,20.091500000000003,19.879860000000004,19.66382,19.44404,19.221180000000004,18.996010000000002,18.76952,18.54259,18.31643,18.09203,17.8706,17.65368,17.44259,17.238870000000002,17.04406,16.860030000000002,16.68821,16.53058,16.38868,16.264270000000003,16.15889,16.073860000000003,16.01072,15.970350000000002,15.953850000000003,15.961550000000003,15.994,16.0512,16.13293,16.23864,16.36767,16.51914,16.691840000000003,16.884670000000003,17.0962,17.32489,17.56953,17.82858,18.100610000000003,18.384190000000004,18.67811,18.980940000000004,19.291800000000002,19.60926,19.932550000000003,20.26057,20.592660000000002,20.927830000000004,21.265530000000002,21.605210000000003,21.94621,22.287980000000005,22.630080000000003,22.97229,23.314060000000005,23.65528,23.995510000000003,24.33464,24.67245,25.00872,25.34334,25.6762,26.00719,26.33631,26.66334,26.988280000000003,27.31124,27.631890000000002,27.950560000000003,28.267030000000002,28.581300000000002,28.89337,29.203460000000003,29.51135,29.81715,30.120860000000004,30.422480000000004,30.722230000000003,31.019890000000004,31.315680000000004,31.609600000000004,31.901650000000004,32.19194,32.480360000000005,32.76713,33.05225,33.33583,33.617650000000005,33.89804,34.177,34.45442,34.730520000000006,35.005300000000005,35.27876,35.550900000000006,35.82194,36.09177
39.410250000000005,39.113910000000004,38.816140000000004,38.516940000000005,38.21631000000001,37.914030000000004,37.61021,37.30485,36.997840000000004,36.68918,36.378870000000006,36.06669,35.752860000000005,35.437160000000006,35.11959,34.80026,34.478840000000005,34.155660000000005,33.83039,33.50314,33.17380000000001,32.84248,32.50896,32.17335,31.835540000000005,31.49564,31.153430000000004,30.80913,30.462520000000005,30.113710000000005,29.76259,29.409270000000003,29.053750000000004,28.69592,28.336000000000006,27.973880000000005,27.609560000000002,27.243150000000004,26.87487,26.5045,26.13237,25.75848,25.383050000000004,25.006080000000004,24.6279,24.248730000000002,23.86868,23.488190000000003,23.10737,22.726770000000002,22.34672,21.96777,21.590360000000004,21.215040000000002,20.842470000000002,20.473530000000004,20.10888,19.74951,19.39641,19.05068,18.713530000000002,18.386170000000003,18.07003,17.76654,17.477240000000002,17.203780000000002,16.9477,16.71076,16.494500000000002,16.30046,16.130070000000003,15.98465,15.865300000000001,15.772790000000002,15.707670000000002,15.67027,15.660370000000002,15.67764,15.72131,15.79017,15.883120000000002,15.99862,16.13469,16.28968,16.46161,16.648390000000003,16.84804,17.0588,17.27858,17.50562,17.73827,17.974880000000002,18.213910000000002,18.45415,18.694280000000003,18.93309,19.169700000000002,19.40312,19.63247,19.857090000000003,20.076320000000003,20.2895,20.496190000000002,20.69584,20.88812,21.0727,21.24925,21.417550000000002,21.577270000000002,21.7283,21.870420000000003,22.003410000000002,22.127270000000003,22.24189,22.347160000000002,22.442860000000003,22.529210000000003,22.60588,22.67298,22.730510000000002,22.778360000000003,22.816530000000004,22.84502,22.86383,22.873070000000002,22.87252,22.8624,22.8426,22.81312,22.774180000000005,22.72556,22.66748,22.599940000000004,22.522940000000002,22.43659,22.34089,22.235950000000003,22.121880000000004,21.99879,21.86668,21.72577,21.57617,21.418100000000003,21.251670000000004,21.077210000000004,20.894720000000003,20.704750000000004,20.507520000000003,20.303250000000002,20.09249,19.875680000000003,19.65326,19.425890000000003,19.19412,18.95883,18.720570000000002,18.48055,18.23954,17.99864,17.75917,17.522450000000003,17.2898,17.06287,16.84331,16.63288,16.433230000000002,16.246450000000003,16.07441,15.918980000000001,15.782030000000002,15.665430000000002,15.570720000000001,15.499550000000001,15.45313,15.432340000000002,15.437840000000001,15.470290000000002,15.52936,15.615160000000001,15.726700000000003,15.863430000000001,16.02414,16.207620000000002,16.41222,16.63651,16.87895,17.137780000000003,17.41146,17.69834,17.996880000000004,18.305870000000002,18.62366,18.949040000000004,19.281019999999998,19.61839,19.960270000000005,20.305670000000003,20.65382,21.004170000000002,21.35584,21.7085,22.061490000000003,22.41448,22.767030000000002,23.11881,23.4696,23.819070000000004,24.16711,24.51339,24.85791,25.200340000000004,25.540790000000005,25.87904,26.215090000000004,26.548830000000002,26.88026,27.209380000000003,27.536080000000005,27.860470000000003,28.182440000000003,28.502100000000002,28.819450000000003,29.134380000000004,29.447110000000002,29.757530000000003,30.06575,30.371770000000005,30.675590000000003,30.977430000000002,31.277070000000005,31.574840000000002,31.870520000000003,32.16433000000001,32.45627,32.746340000000004,33.034760000000006,33.321310000000004,33.606320000000004,33.889680000000006,34.17139,34.45167000000001,34.730410000000006,35.00783,35.283820000000006,35.55849,35.83184,36.10398000000001
39.398700000000005,39.10038,38.800630000000005,38.499340000000004,38.19651,37.892140000000005,37.58612,37.27845,36.96902,36.65794,36.3451,36.030390000000004,35.71392,35.39547,35.07515000000001,34.75285,34.42846,34.102090000000004,33.773740000000004,33.44308,33.110440000000004,32.775490000000005,32.438340000000004,32.09899,31.757330000000003,31.413360000000004,31.06697,30.71827,30.367150000000002,30.013610000000003,29.657650000000004,29.299270000000003,28.938470000000002,28.57525,28.209500000000002,27.841440000000002,27.470960000000005,27.09817,26.723070000000003,26.34577,25.96627,25.58479,25.201330000000002,24.816110000000002,24.429240000000004,24.040830000000003,23.651320000000002,23.260820000000002,22.869770000000003,22.47828,22.087010000000003,21.696180000000002,21.30645,20.918370000000003,20.532600000000002,20.149910000000002,19.77118,19.397180000000002,19.02901,18.667880000000004,18.315,17.9718,17.639710000000004,17.32038,17.01535,16.7266,16.45589,16.204980000000003,15.975850000000001,15.770150000000001,15.58975,15.435970000000001,15.310240000000002,15.21344,15.146450000000002,15.10938,15.102230000000002,15.12456,15.17549,15.253810000000001,15.357980000000001,15.486240000000002,15.636610000000001,15.807,15.995100000000003,16.19882,16.415960000000002,16.6441,16.88148,17.1259,17.37571,17.62915,17.884570000000004,18.14054,18.395960000000002,18.649400000000004,18.90009,19.146819999999998,19.388930000000002,19.62554,19.856210000000004,20.080170000000003,20.29709,20.50631,20.707720000000002,20.90077,21.08524,21.26091,21.427560000000003,21.58497,21.732920000000004,21.87152,22.00044,22.11968,22.229130000000005,22.328680000000002,22.418440000000004,22.49819,22.568040000000003,22.62788,22.67771,22.717530000000004,22.747340000000005,22.76714,22.77693,22.77671,22.76648,22.746350000000003,22.71621,22.676170000000003,22.62623,22.566390000000002,22.496760000000002,22.417340000000003,22.328240000000005,22.229350000000004,22.120890000000003,22.002860000000002,21.875370000000004,21.73853,21.592450000000003,21.43724,21.27301,21.10009,20.918480000000002,20.728510000000004,20.530400000000004,20.324370000000002,20.11097,19.890310000000003,19.66316,19.42963,19.190600000000003,18.946620000000003,18.69835,18.44656,18.19224,17.936490000000003,17.680300000000003,17.42499,17.17199,16.92273,16.67897,16.44236,16.21488,15.998510000000001,15.795340000000003,15.60746,15.437180000000001,15.286590000000002,15.157560000000002,15.052290000000001,14.972210000000002,14.91886,14.893450000000001,14.89675,14.9292,14.99069,15.081000000000001,15.199250000000003,15.34467,15.515720000000002,15.710970000000001,15.928770000000002,16.16714,16.42454,16.69877,16.98829,17.291230000000002,17.605940000000004,17.930880000000002,18.264400000000002,18.605400000000003,18.952560000000002,19.30467,19.66085,20.02011,20.381680000000003,20.74479,21.109,21.47354,21.83797,22.20196,22.565070000000002,22.926970000000004,23.287440000000004,23.64626,24.003100000000003,24.357960000000002,24.710620000000002,25.06097,25.408900000000003,25.754410000000004,26.097390000000004,26.437840000000005,26.775650000000002,27.110930000000003,27.44357,27.773570000000003,28.10104,28.425980000000003,28.74839,29.068270000000002,29.385730000000002,29.700770000000002,30.01339,30.323700000000002,30.631700000000002,30.937390000000004,31.240990000000004,31.542390000000005,31.841700000000003,32.139030000000005,32.434380000000004,32.72775000000001,33.01925,33.30899,33.596970000000006,33.883190000000006,34.16776,34.450680000000006,34.732060000000004,35.012010000000004,35.29053,35.567620000000005,35.84328000000001,36.11773
39.38935000000001,39.08916000000001,38.78743,38.48416,38.17935000000001,37.872780000000006,37.56456,37.254690000000004,36.94306,36.62956,36.31419,35.997060000000005,35.67795,35.356860000000005,35.03379,34.70863,34.38138,34.05204,33.72039,33.38665,33.0506,32.71224,32.37157,32.02848,31.682970000000005,31.335040000000003,30.98458,30.631590000000003,30.276070000000004,29.917910000000003,29.557220000000004,29.19378,28.827810000000003,28.459200000000003,28.087840000000003,27.713950000000004,27.337310000000002,26.958140000000004,26.57644,26.192100000000003,25.80534,25.41627,25.024890000000003,24.631310000000003,24.23564,23.83821,23.439130000000002,23.03862,22.637010000000004,22.234630000000003,21.831810000000004,21.429100000000002,21.026830000000004,20.62566,20.22625,19.829370000000004,19.43579,19.0465,18.6626,18.285300000000003,17.91581,17.555670000000003,17.20653,16.87004,16.54807,16.24249,15.955610000000002,15.689300000000001,15.445760000000002,15.22708,15.035240000000002,14.872,14.738900000000001,14.637260000000001,14.56785,14.531000000000002,14.52671,14.554540000000001,14.613500000000002,14.702160000000001,14.818650000000002,14.961100000000002,15.127200000000002,15.314420000000002,15.520340000000003,15.74243,15.978160000000003,16.22522,16.4813,16.744310000000002,17.01227,17.28331,17.55589,17.82847,18.09962,18.36835,18.63334,18.89382,19.149020000000004,19.39806,19.640280000000004,19.87524,20.1025,20.3214,20.531940000000002,20.733460000000004,20.92585,21.109,21.28247,21.44637,21.600260000000002,21.744360000000004,21.87823,22.002090000000003,22.115720000000003,22.219120000000004,22.31229,22.395120000000002,22.467610000000004,22.529760000000003,22.581460000000003,22.62293,22.65406,22.67485,22.685190000000002,22.6853,22.675070000000005,22.654500000000002,22.623700000000003,22.58267,22.5313,22.469810000000003,22.39809,22.316250000000004,22.224400000000003,22.122320000000002,22.010340000000003,21.88846,21.756570000000004,21.615,21.46375,21.30293,21.132540000000002,20.953020000000002,20.76426,20.5667,20.36034,20.14562,19.92276,19.692310000000003,19.45438,19.20974,18.95872,18.702090000000002,18.4404,18.174640000000004,17.90569,17.634540000000005,17.36229,17.09037,16.8201,16.553240000000002,16.291330000000002,16.03657,15.790720000000002,15.5562,15.335210000000002,15.130170000000001,14.943610000000001,14.777730000000002,14.635170000000002,14.51791,14.428040000000001,14.36721,14.33674,14.337510000000002,14.370070000000002,14.43431,14.529900000000001,14.655850000000001,14.81095,14.99366,15.20222,15.43454,15.688530000000002,15.962210000000002,16.25338,16.560060000000004,16.880270000000003,17.21225,17.55413,17.904480000000003,18.261760000000002,18.624760000000002,18.99227,19.363300000000002,19.73686,20.11229,20.4886,20.86546,21.24221,21.6183,21.9934,22.36718,22.739200000000004,23.109460000000002,23.477520000000002,23.84327,24.20671,24.567510000000002,24.925670000000004,25.281080000000003,25.633740000000003,25.983540000000005,26.330590000000004,26.674780000000002,27.01611,27.354580000000002,27.6903,28.02316,28.353270000000002,28.68074,29.005460000000003,29.327540000000003,29.647090000000002,29.964000000000002,30.27849,30.590560000000004,30.900210000000005,31.20755,31.512580000000003,31.815410000000004,32.116150000000005,32.4148,32.711470000000006,33.00605,33.29876,33.589600000000004,33.87868,34.166000000000004,34.45167000000001,34.735690000000005,35.01806,35.29900000000001,35.5784,35.856480000000005,36.13313000000001
39.38253,39.080470000000005,38.77687,38.47162000000001,38.16472,37.856170000000006,37.54586,37.233790000000006,36.919850000000004,36.604040000000005,36.28636,35.9667,35.64517,35.32144,34.99573,34.667820000000006,34.33771,34.0054,33.67078,33.333850000000005,32.99461,32.652840000000005,32.30876000000001,31.962040000000002,31.612790000000004,31.261010000000002,30.906480000000006,30.549310000000002,30.189500000000002,29.826830000000005,29.461410000000004,29.09324,28.722100000000005,28.34821,27.97135,27.591630000000002,27.20905,26.823610000000002,26.43531,26.044150000000002,25.650130000000004,25.25347,24.85417,24.45234,24.04798,23.641420000000004,23.232770000000002,22.82225,22.410190000000004,21.9967,21.582220000000003,21.1673,20.752270000000003,20.337680000000002,19.924300000000002,19.512790000000003,19.103920000000002,18.69879,18.29839,17.904040000000002,17.51706,17.13899,16.77148,16.41651,16.076060000000002,15.75233,15.447520000000003,15.164160000000003,14.904670000000001,14.671360000000002,14.466540000000002,14.292520000000001,14.15095,14.04348,13.971100000000002,13.934360000000002,13.93315,13.96714,14.034900000000002,14.13489,14.265240000000002,14.42331,14.60668,14.812380000000001,15.03766,15.27966,15.535630000000001,15.802930000000002,16.079030000000003,16.36173,16.648940000000003,16.938570000000002,17.229080000000003,17.51882,17.80647,18.09071,18.370660000000004,18.645220000000002,18.91362,19.1752,19.4293,19.675370000000004,19.91297,20.14166,20.361330000000002,20.571430000000003,20.771850000000004,20.96226,21.142660000000003,21.31294,21.472770000000004,21.62215,21.761190000000003,21.88956,22.00737,22.11451,22.210980000000003,22.296780000000002,22.371910000000003,22.43637,22.49005,22.533060000000003,22.5654,22.58718,22.598180000000003,22.59851,22.58828,22.56738,22.535810000000005,22.49379,22.441100000000002,22.377850000000002,22.30415,22.219890000000003,22.125290000000003,22.02013,21.90463,21.77879,21.64272,21.496420000000004,21.34,21.173460000000002,20.997130000000002,20.810900000000004,20.6151,20.409840000000003,20.19534,19.97171,19.739500000000003,19.49893,19.250220000000002,18.99414,18.73091,18.461410000000004,18.186080000000004,17.90591,17.62167,17.33446,17.0456,16.756190000000004,16.46777,16.18221,15.901160000000003,15.626820000000002,15.36128,15.107070000000002,14.866610000000001,14.64276,14.438160000000002,14.25567,14.097820000000002,13.967360000000001,13.86649,13.7973,13.76111,13.759240000000002,13.79213,13.859670000000001,13.961310000000001,14.096060000000001,14.262270000000001,14.458070000000003,14.68148,14.92997,15.20123,15.492840000000001,15.80249,16.127760000000002,16.46656,16.8168,17.176830000000002,17.54478,17.91922,18.298830000000002,18.68229,19.068720000000003,19.457130000000003,19.84664,20.23648,20.626320000000003,21.015280000000004,21.40314,21.78946,22.173910000000003,22.55627,22.93621,23.31362,23.688280000000002,24.060080000000003,24.429020000000005,24.794880000000003,25.157770000000003,25.517470000000003,25.874200000000002,26.22763,26.578090000000003,26.92536,27.269660000000005,27.61088,27.949020000000004,28.2843,28.61661,28.94606,29.27276,29.596600000000002,29.917800000000003,30.236470000000004,30.552390000000003,30.86589,31.176970000000004,31.485520000000005,31.791870000000003,32.09591,32.39786,32.697610000000005,32.995270000000005,33.29095,33.58465,33.87648,34.16644,34.454750000000004,34.74119,35.02609,35.309450000000005,35.59116000000001,35.87144,36.150290000000005
39.37813,39.074310000000004,38.768840000000004,38.46172000000001,38.15284,37.84231,37.52991,37.21575000000001,36.89961,36.5816,36.261610000000005,35.939640000000004,35.61558,35.28943,34.96097,34.63042,34.297560000000004,33.962390000000006,33.62491000000001,33.2849,32.94247000000001,32.59751,32.250020000000006,31.899780000000003,31.5469,31.191380000000002,30.833000000000006,30.47176,30.107660000000003,29.7407,29.370660000000004,28.99765,28.62167,28.242500000000003,27.860360000000004,27.47492,27.08651,26.694800000000004,26.30001,25.902140000000003,25.50108,25.096940000000004,24.68983,24.279860000000003,23.86692,23.451340000000005,23.03312,22.61259,22.18986,21.76526,21.33912,20.91188,20.483870000000003,20.055750000000003,19.62796,19.20149,18.77689,18.35526,17.9377,17.52542,17.11996,16.72286,16.33588,15.961,15.60064,15.25689,14.932610000000002,14.63033,14.352910000000001,14.103100000000001,13.883650000000001,13.6972,13.54584,13.431550000000001,13.355650000000002,13.318690000000002,13.320780000000001,13.36137,13.43903,13.551890000000002,13.697420000000001,13.872870000000002,14.075270000000002,14.301320000000002,14.547830000000001,14.8115,15.08925,15.37833,15.675880000000001,15.979370000000001,16.286820000000002,16.59592,16.90513,17.212690000000002,17.51728,17.817690000000002,18.112710000000003,18.401680000000002,18.68361,18.95784,19.22393,19.48111,19.729160000000004,19.967750000000002,20.19644,20.41512,20.62346,20.821240000000003,21.008460000000003,21.185010000000002,21.35067,21.50555,21.649320000000003,21.7822,21.904080000000004,22.014960000000002,22.11473,22.203500000000002,22.281270000000003,22.34793,22.403480000000002,22.448140000000002,22.48169,22.504350000000002,22.515900000000002,22.516560000000002,22.506220000000003,22.48499,22.45276,22.40975,22.35574,22.29084,22.21516,22.128590000000003,22.031130000000005,21.923000000000002,21.804090000000002,21.674400000000002,21.53404,21.38312,21.22153,21.049490000000002,20.86711,20.67428,20.47144,20.25848,20.035730000000004,19.803410000000003,19.56174,19.31094,19.051450000000003,18.783710000000003,18.508160000000004,18.22546,17.936270000000004,17.641250000000003,17.34139,17.03768,16.73133,16.42366,16.116210000000002,15.810850000000002,15.509450000000003,15.21421,14.92744,14.651890000000002,14.390310000000001,14.14578,13.921380000000001,13.72019,13.54551,13.400310000000001,13.287120000000002,13.20847,13.16601,13.161280000000001,13.194610000000003,13.266000000000002,13.37479,13.51955,13.69841,13.909170000000001,14.14919,14.41572,14.70612,15.017420000000001,15.347090000000001,15.692380000000002,16.0512,16.421020000000002,16.80019,17.18673,17.57921,17.97609,18.376160000000002,18.778430000000004,19.18191,19.58583,19.989530000000002,20.39235,20.793850000000003,21.19359,21.59113,21.98636,22.378840000000004,22.76846,23.155110000000004,23.538570000000004,23.91884,24.295810000000003,24.66926,25.039410000000004,25.40615,25.76948,26.129400000000004,26.48602,26.83912,27.189030000000002,27.53564,27.879060000000003,28.21929,28.556440000000002,28.890510000000003,29.221610000000002,29.54985,29.87512,30.197750000000003,30.517520000000005,30.834760000000003,31.14936,31.461540000000003,31.77119,32.07853,32.38356,32.68639,32.98702,33.285560000000004,33.582010000000004,33.87659,34.16919,34.459920000000004,34.749,35.036210000000004,35.32188,35.60579,35.888270000000006,36.16921000000001
39.37626,39.07068,38.763450000000006,38.45446,38.143820000000005,37.83131,37.51693,37.200680000000006,36.88245,36.56235,36.24016,35.91588,35.589400000000005,35.260830000000006,34.929950000000005,34.59676,34.26126,33.92334,33.582890000000006,33.24002,32.894510000000004,32.54636,32.195570000000004,31.84203,31.485630000000004,31.126370000000005,30.764250000000004,30.399160000000002,30.03088,29.659630000000003,29.285190000000004,28.90756,28.52674,28.14262,27.755090000000003,27.36426,26.97002,26.572370000000003,26.171310000000002,25.76673,25.35874,24.947340000000004,24.53253,24.114420000000003,23.693010000000005,23.26841,22.84084,22.410300000000003,21.97701,21.541410000000003,21.10361,20.66394,20.22284,19.780860000000004,19.33855,18.89668,18.45602,18.01734,17.58207,17.151200000000003,16.726270000000003,16.30893,15.901160000000003,15.50505,15.123020000000002,14.757600000000002,14.411760000000001,14.088470000000001,13.791030000000001,13.522630000000001,13.286460000000002,13.085710000000002,12.923020000000001,12.8007,12.72051,12.68311,12.688830000000001,12.736790000000003,12.82545,12.952610000000002,13.115190000000002,13.31011,13.533740000000002,13.78223,14.05184,14.339050000000002,14.640450000000001,14.952740000000002,15.273060000000003,15.59866,15.927340000000001,16.256790000000002,16.58536,16.9114,17.23337,17.55028,17.860810000000004,18.164300000000004,18.459870000000002,18.74697,19.02494,19.293450000000004,19.55195,19.80022,20.038040000000002,20.26508,20.48123,20.686380000000003,20.88031,21.06302,21.23451,21.394560000000002,21.543280000000003,21.68056,21.806400000000004,21.920910000000003,22.023870000000002,22.1155,22.195800000000002,22.264660000000003,22.322080000000003,22.368170000000003,22.40304,22.426470000000002,22.438680000000005,22.43956,22.42922,22.40766,22.37477,22.33066,22.27544,22.208890000000004,22.131230000000002,22.042350000000003,21.942360000000004,21.83115,21.70883,21.575400000000002,21.430860000000003,21.27532,21.108780000000003,20.931240000000003,20.742810000000002,20.5436,20.33372,20.113280000000003,19.88239,19.64116,19.390030000000003,19.12911,18.858840000000004,18.57944,18.29146,17.99545,17.69196,17.381870000000003,17.06584,16.74508,16.420800000000003,16.0941,15.766850000000002,15.440700000000001,15.11763,14.80006,14.49052,14.191870000000002,13.90719,13.640000000000002,13.393600000000001,13.17184,12.978240000000001,12.816320000000001,12.68927,12.59995,12.55056,12.54264,12.576740000000001,12.652750000000001,12.76979,12.92621,13.11959,13.347180000000002,13.606010000000001,13.89278,14.204190000000002,14.537160000000002,14.888610000000002,15.255680000000002,15.63573,16.02656,16.425860000000004,16.83198,17.24305,17.657860000000003,18.07509,18.493530000000003,18.912520000000004,19.33107,19.74874,20.164760000000005,20.5788,20.99031,21.39918,21.805080000000004,22.207680000000003,22.606980000000004,23.002760000000002,23.395020000000002,23.783540000000002,24.16832,24.54936,24.926660000000002,25.300220000000003,25.670150000000003,26.036340000000003,26.39879,26.757720000000003,27.11313,27.465020000000003,27.8135,28.158570000000005,28.500450000000004,28.839030000000005,29.174420000000005,29.506840000000004,29.836180000000002,30.162660000000002,30.48617,30.80704,31.125160000000005,31.440640000000002,31.753590000000003,32.06412,32.37223,32.67792,32.98152,33.282810000000005,33.582010000000004,33.87912,34.17425,34.467510000000004,34.758900000000004,35.04853000000001,35.336400000000005,35.622620000000005,35.90719,36.190220000000004
39.377030000000005,39.0698,38.76081,38.45006,38.13755,37.823170000000005,37.50692,37.18869,36.868480000000005,36.546290000000006,36.221900000000005,35.89542,35.56674,35.23575,34.90245,34.56684,34.2287,33.88814000000001,33.54505,33.19932,32.850840000000005,32.49972,32.14574,31.788900000000005,31.429090000000002,31.066310000000005,30.700560000000003,30.331620000000004,29.959490000000002,29.584060000000004,29.205330000000004,28.823300000000003,28.43775,28.04868,27.656090000000003,27.259980000000002,26.86013,26.456650000000003,26.04932,25.638360000000002,25.22355,24.805110000000003,24.382710000000003,23.956680000000002,23.526910000000004,23.093510000000002,22.656590000000005,22.216260000000002,21.77263,21.32592,20.87646,20.42447,19.970280000000002,19.514440000000004,19.0575,18.60001,18.142740000000003,17.686790000000002,17.23304,16.78281,16.33764,15.899180000000001,15.469300000000002,15.05042,14.645070000000002,14.256000000000002,13.886510000000001,13.540010000000002,13.220020000000002,12.930610000000001,12.6753,12.45805,12.282160000000001,12.15038,12.064800000000002,12.026740000000002,12.03631,12.09252,12.19372,12.336940000000002,12.518880000000001,12.73558,12.982640000000002,13.255880000000001,13.551010000000002,13.863850000000001,14.190660000000001,14.527810000000002,14.872330000000002,15.221250000000001,15.57215,15.922830000000003,16.27142,16.616380000000003,16.95617,17.2898,17.616060000000004,17.93418,18.2435,18.543360000000003,18.833320000000004,19.112940000000002,19.381780000000003,19.63973,19.886570000000003,20.12186,20.345820000000003,20.558010000000003,20.758650000000003,20.94741,21.12451,21.28973,21.44318,21.58475,21.714440000000003,21.83247,21.93862,22.033110000000004,22.115720000000003,22.18667,22.245960000000004,22.293590000000002,22.329560000000004,22.35387,22.366630000000004,22.36784,22.357390000000002,22.33539,22.30195,22.25696,22.20031,22.132330000000003,22.052690000000002,21.96161,21.858980000000003,21.74491,21.619290000000003,21.482120000000002,21.333620000000003,21.17357,21.002080000000003,20.819150000000004,20.62489,20.41941,20.2026,19.97457,19.735650000000003,19.485840000000003,19.22525,18.954320000000003,18.673160000000003,18.3821,18.081580000000002,17.772150000000003,17.45436,17.128870000000003,16.796560000000003,16.45842,16.11544,15.76927,15.42112,15.07319,14.727240000000002,14.386020000000002,14.051950000000001,13.72844,13.418680000000002,13.126520000000001,12.85581,12.61095,12.39601,12.21528,12.072610000000001,11.97119,11.91388,11.90244,11.93753,12.019150000000002,12.145980000000002,12.31582,12.525810000000002,12.77265,13.052710000000001,13.36203,13.696870000000002,14.053600000000001,14.428700000000003,14.8192,15.222130000000002,15.634960000000001,16.055600000000002,16.482070000000004,16.91261,17.3459,17.780510000000003,18.21567,18.65028,19.08368,19.51532,19.94465,20.371120000000005,20.794510000000002,21.214600000000004,21.63106,22.043670000000002,22.452540000000003,22.85723,23.25796,23.65462,24.047210000000003,24.435620000000004,24.819960000000002,25.200230000000005,25.576430000000002,25.948670000000003,26.317060000000005,26.681600000000003,27.04229,27.399240000000002,27.752670000000002,28.10247,28.448860000000003,28.79173,29.131410000000002,29.467790000000004,29.801090000000002,30.131310000000003,30.458560000000002,30.782840000000004,31.104370000000003,31.423150000000003,31.73929,32.05279,32.363870000000006,32.67253,32.978770000000004,33.282810000000005,33.58465,33.88429,34.18195,34.477630000000005,34.77133,35.06316,35.35323,35.641540000000006,35.928200000000004,36.213210000000004
39.38055,39.071670000000005,38.76103,38.44863,38.13436,37.818220000000004,37.5001,37.18,36.85781000000001,36.533640000000005,36.20716,35.87859,35.54771,35.21441000000001,34.8788,34.54077,34.200210000000006,33.85712,33.511280000000006,33.162800000000004,32.81157,32.457480000000004,32.100530000000006,31.740500000000004,31.3775,31.01142,30.64204,30.269470000000005,29.89349,29.514210000000002,29.131300000000003,28.74498,28.354920000000003,27.96123,27.56369,27.162410000000005,26.757170000000002,26.347970000000004,25.934810000000002,25.517580000000002,25.09617,24.670690000000004,24.241140000000005,23.80741,23.369500000000002,22.92752,22.48147,22.031460000000003,21.5776,21.12,20.65899,20.19468,19.727510000000002,19.257700000000003,18.78602,18.312800000000003,17.838919999999998,17.36515,16.892590000000002,16.42245,15.95616,15.495480000000002,15.042390000000001,14.599310000000001,14.168880000000001,13.754180000000002,13.358730000000001,12.986270000000001,12.641200000000001,12.327810000000001,12.05072,11.81433,11.62282,11.47982,11.387860000000002,11.348590000000002,11.362340000000001,11.42801,11.5434,11.705100000000002,11.90882,12.149940000000003,12.4234,12.72403,13.046990000000003,13.387660000000002,13.741750000000001,14.10552,14.47556,14.848900000000002,15.223010000000002,15.59558,15.964850000000002,16.329060000000002,16.687,17.037460000000003,17.37956,17.71242,18.035490000000003,18.348110000000002,18.64995,18.94057,19.219640000000002,19.48705,19.742580000000004,19.986120000000003,20.217560000000002,20.436790000000002,20.643810000000002,20.83862,21.02111,21.191280000000003,21.34935,21.4951,21.628640000000004,21.74997,21.8592,21.95633,22.041360000000005,22.1144,22.175340000000002,22.224400000000003,22.261470000000003,22.28666,22.299970000000002,22.301400000000005,22.290950000000002,22.268620000000002,22.234520000000003,22.18854,22.13079,22.06116,21.979760000000002,21.88648,21.781430000000004,21.66439,21.535580000000003,21.395,21.242430000000002,21.07809,20.901760000000003,20.71366,20.513680000000004,20.30193,20.07841,19.843230000000002,19.596280000000004,19.33789,19.068170000000002,18.78723,18.49529,18.19268,17.879730000000002,17.556990000000003,17.22479,16.88379,16.53498,16.17902,15.817120000000003,15.450600000000001,15.081000000000001,14.7103,14.34037,13.973960000000002,13.613820000000002,13.263360000000002,12.926320000000002,12.60666,12.30911,12.038400000000001,11.799480000000003,11.5973,11.43659,11.32131,11.254980000000002,11.239690000000001,11.276320000000002,11.364540000000002,11.502810000000002,11.68838,11.917730000000002,12.18668,12.490610000000002,12.825230000000001,13.185920000000001,13.568610000000001,13.969560000000001,14.385140000000002,14.812380000000001,15.24853,15.691500000000001,16.13898,16.589650000000002,17.04175,17.494290000000003,17.94617,18.39673,18.84498,19.29059,19.73312,20.172020000000003,20.60718,21.03827,21.46507,21.887580000000003,22.305690000000002,22.71929,23.128380000000003,23.532960000000003,23.932920000000003,24.328590000000002,24.719640000000002,25.106400000000004,25.488870000000002,25.867050000000003,26.24105,26.610870000000002,26.976840000000003,27.33874,27.6969,28.051210000000005,28.402,28.749160000000003,29.092800000000004,29.43314,29.770180000000003,30.10403,30.434690000000003,30.762490000000003,31.087210000000002,31.409180000000003,31.728400000000004,32.04487,32.358810000000005,32.67022,32.97921,33.28578,33.59015,33.892320000000005,34.19229,34.490280000000006,34.78618,35.08021,35.372370000000004,35.66277,35.95141000000001,36.238400000000006
39.38682,39.07640000000001,38.76422,38.45017000000001,38.13425,37.81635000000001,37.49647,37.1745,36.850550000000005,36.52440000000001,36.19594,35.86528,35.53231000000001,35.19692,34.85911,34.51877,34.1759,33.83028,33.48202,33.130900000000004,32.776920000000004,32.42008,32.06016,31.697270000000003,31.331080000000004,30.9617,30.58902,30.212930000000004,29.833430000000003,29.450190000000003,29.06343,28.67293,28.27858,27.880380000000002,27.478220000000004,27.071880000000004,26.66147,26.246880000000004,25.828000000000003,25.40472,24.97704,24.544960000000003,24.10826,23.66705,23.221330000000002,22.77099,22.31603,21.856559999999998,21.39269,20.924530000000004,20.45219,19.975780000000004,19.49563,19.01218,18.525760000000002,18.03681,17.546100000000003,17.0544,16.562700000000003,16.072100000000002,15.58403,15.100360000000002,14.622850000000001,14.154140000000002,13.696870000000002,13.254450000000002,12.83062,12.42967,12.05633,11.715770000000001,11.413490000000001,11.154880000000002,10.945011000000001,10.788437,10.688634,10.647692000000001,10.666084000000001,10.742567,10.874314000000002,11.05709,11.28589,11.554620000000002,11.857560000000001,12.188550000000001,12.54209,12.912900000000002,13.296360000000002,13.68829,14.085280000000001,14.48403,14.88212,15.277240000000003,15.667410000000002,16.05131,16.42751,16.79502,17.15285,17.50034,17.836940000000002,18.162100000000002,18.4756,18.777,19.06619,19.34284,19.60695,19.858410000000003,20.09711,20.32316,20.536450000000002,20.736870000000003,20.924640000000004,21.09965,21.262120000000003,21.411830000000002,21.549000000000003,21.67363,21.78583,21.885490000000004,21.972830000000002,22.047850000000004,22.110440000000004,22.16093,22.1991,22.225060000000003,22.23881,22.24046,22.23001,22.20735,22.172590000000003,22.12584,22.06688,21.995820000000002,21.912550000000003,21.81729,21.70971,21.590030000000002,21.458250000000003,21.31415,21.157840000000004,20.98921,20.80837,20.61521,20.409730000000003,20.191930000000003,19.96181,19.71948,19.464940000000002,19.19819,18.91945,18.62872,18.326330000000002,18.01228,17.68701,17.35096,17.00446,16.64806,16.282420000000002,15.908640000000002,15.527490000000002,15.14029,14.74858,14.354230000000001,13.959330000000001,13.566410000000001,13.17844,12.799050000000001,12.4322,12.082510000000001,11.755040000000001,11.455290000000002,11.189090000000002,10.962468000000001,10.780990000000001,10.649804000000001,10.572980000000001,10.55329,10.591889,10.688249,10.840236,11.04433,11.29612,11.59026,11.921470000000001,12.284360000000001,12.67376,13.084940000000001,13.513610000000002,13.956030000000002,14.408900000000001,14.869580000000001,15.335650000000001,15.80502,16.27615,16.747500000000002,17.21808,17.6869,18.153190000000002,18.616290000000003,19.075870000000002,19.531380000000002,19.9826,20.4292,20.871070000000003,21.3081,21.740180000000002,22.167420000000003,22.589490000000005,23.00672,23.41889,23.826220000000003,24.228710000000003,24.62647,25.019390000000005,25.4078,25.791700000000002,26.17109,26.546190000000003,26.917,27.28374,27.64641,28.00523,28.360090000000003,28.71132,29.058920000000004,29.403000000000002,29.74367,30.080930000000002,30.415,30.745990000000003,31.073900000000002,31.398950000000003,31.721030000000003,32.04036000000001,32.35705,32.6711,32.982730000000004,33.291830000000004,33.598620000000004,33.9031,34.205380000000005,34.505570000000006,34.803670000000004,35.09979,35.394040000000004,35.686420000000005,35.97693,36.26579
39.395950000000006,39.0841,38.770270000000004,38.454679999999996,38.137220000000006,37.81767,37.496140000000004,37.172410000000006,36.846700000000006,36.51868,36.18835,35.85582000000001,35.52087,35.18339,34.84349,34.50095,34.155770000000004,33.807840000000006,33.45716,33.10362000000001,32.74711,32.38752,32.02496000000001,31.659100000000002,31.29005,30.91759,30.54172,30.162220000000005,29.779200000000003,29.392550000000004,29.001940000000005,28.60748,28.209060000000004,27.806570000000004,27.399900000000002,26.988940000000003,26.573580000000003,26.15382,25.72944,25.300440000000002,24.866710000000005,24.428140000000003,23.984730000000003,23.53637,23.083060000000003,22.624690000000005,22.161260000000002,21.692660000000004,21.21911,20.74061,20.257160000000002,19.768980000000003,19.276290000000003,18.77931,18.27826,17.7738,17.266370000000002,16.75674,16.245680000000004,15.734290000000001,15.224,14.716460000000001,14.213650000000001,13.717880000000001,13.23212,12.75989,12.305150000000001,11.872630000000001,11.467720000000002,11.09636,10.765018,10.480272000000001,10.248579000000001,10.075725000000002,9.966242,9.922957000000002,9.946585000000002,10.035608,10.186429,10.393757,10.651091000000001,10.951336000000001,11.287320000000001,11.651970000000002,12.03884,12.44232,12.857130000000002,13.278870000000001,13.70391,14.12917,14.55179,14.969790000000001,15.381300000000001,15.78489,16.179350000000003,16.56369,16.93714,17.29904,17.64895,17.986540000000005,18.31137,18.62322,18.92209,19.207760000000004,19.48012,19.73928,19.98502,20.217560000000002,20.436790000000002,20.642710000000005,20.83554,21.01517,21.181820000000002,21.335380000000004,21.47596,21.603780000000004,21.71873,21.82092,21.910350000000005,21.98724,22.05148,22.103180000000005,22.14234,22.16907,22.18337,22.18524,22.174680000000002,22.151800000000005,22.11649,22.06886,22.0088,21.936310000000002,21.85139,21.75404,21.644370000000002,21.52205,21.387300000000003,21.239900000000002,21.07996,20.90737,20.72202,20.524020000000004,20.31326,20.089740000000003,19.853350000000002,19.604200000000002,19.342180000000003,19.067400000000003,18.779970000000002,18.47978,18.16705,17.84189,17.504630000000002,17.15538,16.794800000000002,16.423000000000002,16.040860000000002,15.64915,15.24853,14.840430000000001,14.42617,14.007510000000002,13.58665,13.1659,12.748670000000002,12.338370000000001,11.93929,11.556600000000001,11.195910000000001,10.86349,10.566303,10.311422,10.105832000000001,9.955913,9.866879,9.84225,9.883445,9.989705,10.15817,10.384264,10.662201,10.985546000000001,11.347710000000001,11.74217,12.16314,12.605230000000002,13.063820000000002,13.534730000000001,14.014770000000002,14.500860000000001,14.99069,15.48239,15.974310000000001,16.465130000000002,16.95375,17.4394,17.92142,18.39926,18.872480000000003,19.34075,19.80385,20.26167,20.714100000000002,21.161030000000004,21.60235,22.038280000000004,22.468710000000005,22.89364,23.313290000000002,23.72766,24.13675,24.540670000000002,24.93975,25.33377,25.72306,26.107730000000004,26.48778,26.86332,27.234570000000005,27.601640000000003,27.964640000000003,28.32357,28.67865,29.02999,29.377590000000005,29.721670000000003,30.062340000000003,30.399600000000003,30.73367,31.064660000000003,31.392570000000003,31.71751,32.039590000000004,32.358810000000005,32.6755,32.98955,33.30107,33.610170000000004,33.91696,34.22144,34.523720000000004,34.823910000000005,35.12212,35.418240000000004,35.71249,36.00498,36.29560000000001
39.40805,39.09466,38.77951,38.46238,38.14338000000001,37.82229,37.49911,37.173840000000006,36.84637,36.51659,36.18450000000001,35.850100000000005,35.51328,35.17393,34.83194,34.48731,34.140040000000006,33.78991,33.43692000000001,33.081070000000004,32.72214,32.36002,31.994820000000004,31.626320000000003,31.254410000000004,30.87909,30.500140000000002,30.11767,29.731350000000003,29.34118,28.94705,28.548960000000005,28.146690000000003,27.74013,27.32917,26.91381,26.493720000000003,26.069010000000002,25.639570000000003,25.20507,24.765620000000002,24.321,23.87121,23.41603,22.955460000000002,22.489390000000004,22.017820000000004,21.54053,21.057740000000003,20.56923,20.07522,19.57571,19.070700000000002,18.560520000000004,18.045390000000005,17.52553,17.0016,16.47415,15.943840000000002,15.411660000000001,14.878930000000002,14.34708,13.81798,13.29416,12.77837,12.274350000000002,11.786060000000003,11.31889,10.878637000000001,10.472220000000002,10.107240000000001,9.791782,9.533964000000001,9.341255000000002,9.219738,9.173241,9.202875000000002,9.306693000000001,9.480042000000001,9.716058,10.006535000000001,10.342673000000001,10.715771,11.117700000000001,11.54109,11.97955,12.42758,12.880560000000001,13.334750000000001,13.78707,14.234770000000001,14.67587,15.108720000000002,15.53189,15.94439,16.34523,16.733970000000003,17.10995,17.47284,17.82231,18.158030000000004,18.480110000000003,18.788220000000003,19.08247,19.36286,19.62928,19.88173,20.120430000000002,20.34527,20.55647,20.754140000000003,20.938170000000003,21.10867,21.26586,21.409850000000002,21.54053,21.65812,21.76262,21.85414,21.93279,21.99846,22.05148,22.091630000000002,22.119020000000003,22.133760000000002,22.13585,22.125290000000003,22.10208,22.06622,22.017820000000004,21.95666,21.88285,21.796390000000002,21.69728,21.585300000000004,21.46056,21.32306,21.172580000000004,21.009120000000003,20.832790000000003,20.64326,20.440640000000002,20.22493,19.995800000000003,19.75347,19.497830000000004,19.22877,18.94629,18.65039,18.341070000000002,18.018440000000002,17.6825,17.33358,16.971680000000003,16.597240000000003,16.21048,15.81206,15.402420000000001,14.982550000000002,14.55355,14.116410000000002,13.673110000000001,13.22541,12.77595,12.327810000000001,11.88462,11.451,11.03223,10.634701,10.265552,9.932879000000002,9.645240000000001,9.411325,9.239241,9.13572,9.105349,9.149987000000001,9.268479000000001,9.456942000000002,9.709282000000002,10.018030000000001,10.375057,10.7723,11.20218,11.657910000000001,12.133550000000001,12.623930000000001,13.12487,13.63296,14.145340000000003,14.659590000000001,15.17384,15.686660000000002,16.196730000000002,16.703390000000002,17.205650000000002,17.70307,18.195210000000003,18.681630000000002,19.162330000000004,19.63709,20.10569,20.56824,21.024630000000002,21.474970000000003,21.91926,22.3575,22.789910000000003,23.216600000000003,23.637570000000004,24.05293,24.463010000000004,24.867700000000003,25.26711,25.661570000000005,26.051190000000002,26.43597,26.81602,27.191670000000002,27.56281,27.92977,28.292550000000002,28.651260000000004,29.006120000000003,29.357130000000005,29.704510000000003,30.048370000000002,30.388710000000003,30.725750000000005,31.059600000000003,31.390150000000002,31.717840000000002,32.04245,32.36431,32.683420000000005,32.99978,33.313610000000004,33.62491000000001,33.9339,34.24047,34.54484,34.84701,35.14709,35.445080000000004,35.7412,36.035450000000004,36.327830000000006
39.423010000000005,39.108410000000006,38.791830000000004,38.47327000000001,38.15284,37.83021000000001,37.5056,37.17868,36.84967,36.518240000000006,36.18450000000001,35.84834,35.50976,35.16854,34.82468,34.47818,34.128820000000005,33.7766,33.42152,33.06336,32.70223,32.3378,31.970070000000003,31.599040000000006,31.224490000000003,30.846420000000006,30.464720000000003,30.07928,29.689880000000002,29.29652,28.89909,28.497480000000003,28.091580000000004,27.68128,27.266360000000002,26.84671,26.422330000000002,25.993000000000002,25.55872,25.11916,24.67432,24.22398,23.76814,23.30658,22.83919,22.36586,21.88659,21.40105,20.909460000000003,20.411600000000004,19.90736,19.396960000000004,18.880290000000002,18.357460000000003,17.82858,17.29398,16.75399,16.20905,15.659710000000002,15.10696,14.551680000000001,13.995300000000002,13.43969,12.886940000000001,12.339910000000001,11.802120000000002,11.277970000000002,10.772872,10.293327000000001,9.847123000000002,9.443192000000002,9.091390000000002,8.802024000000001,8.584884,8.448209,8.397378000000002,8.434019000000001,8.555635,8.755956000000001,9.025951000000001,9.35506,9.732283000000002,10.147137,10.590129000000001,11.05302,11.528770000000002,12.011780000000002,12.49721,12.98132,13.460920000000002,13.933810000000001,14.397900000000002,14.85176,15.294290000000002,15.724390000000001,16.1414,16.544880000000003,16.93439,17.309710000000003,17.67051,18.016790000000004,18.34844,18.66546,18.967850000000002,19.25561,19.52896,19.78779,20.03221,20.26255,20.478590000000004,20.68066,20.86876,21.04311,21.20371,21.35067,21.48421,21.60422,21.71092,21.80431,21.884610000000002,21.951710000000002,22.00583,22.04697,22.075020000000002,22.090200000000003,22.09251,22.081950000000003,22.058410000000002,22.02211,21.972830000000002,21.910790000000002,21.83577,21.747770000000003,21.6469,21.53294,21.405890000000003,21.26575,21.112410000000004,20.94576,20.765800000000002,20.572420000000005,20.36551,20.14496,19.910770000000003,19.66272,19.400920000000003,19.125150000000005,18.835300000000004,18.531480000000002,18.21358,17.881490000000003,17.535320000000002,17.17518,16.801070000000003,16.413320000000002,16.012040000000002,15.597670000000003,15.170760000000001,14.731860000000001,14.282070000000003,13.822270000000001,13.354110000000002,12.879350000000002,12.400300000000001,11.92015,11.442310000000003,10.971719,10.513844,10.075582,9.665073,9.291689,8.965803,8.69825,8.499513,8.378502000000001,8.341366,8.390558,8.524373,8.737399,9.021386,9.366533,9.762566,10.199629,10.668834,11.16247,11.67397,12.198120000000001,12.730410000000001,13.267430000000001,13.80643,14.345210000000002,14.882010000000001,15.415620000000002,15.944830000000001,16.468980000000002,16.98741,17.49979,18.00568,18.504970000000004,18.99755,19.483420000000002,19.962360000000004,20.43448,20.899890000000003,21.35859,21.8108,22.25663,22.696080000000002,23.129370000000005,23.55661,23.978020000000004,24.393710000000002,24.803680000000004,25.208370000000002,25.60767,26.001910000000002,26.391090000000002,26.775430000000004,27.155150000000003,27.530250000000002,27.900840000000002,28.267250000000004,28.629480000000004,28.987640000000003,29.34195,29.69241,30.03924,30.382440000000003,30.722340000000003,31.05883,31.392020000000002,31.722240000000003,32.04938,32.37355,32.694970000000005,33.01364,33.32956000000001,33.64306,33.95403,34.26269,34.56893,34.87308,35.17492,35.47478,35.77266,36.068560000000005,36.362590000000004
39.441050000000004,39.125130000000006,38.80734,38.48746,38.1656,37.84165,37.5155,37.18726000000001,36.8566,36.523740000000004,36.18835,35.85065000000001,35.510310000000004,35.16733000000001,34.82171,34.47334000000001,34.12222,33.76813,33.41096,33.05082,32.687380000000005,32.32086,31.95082,31.577480000000005,31.200510000000005,30.819910000000004,30.435460000000003,30.04727,29.65501,29.25879,28.85828,28.453370000000003,28.044170000000005,27.630240000000004,27.21169,26.788190000000004,26.359740000000002,25.92612,25.487330000000004,25.04304,24.593140000000002,24.137520000000002,23.676070000000003,23.208460000000002,22.7348,22.25476,21.768230000000003,21.275100000000002,20.775260000000003,20.26849,19.75479,19.234160000000003,18.706380000000003,18.171560000000003,17.629700000000003,17.080910000000003,16.52552,15.963750000000001,15.39615,14.823160000000001,14.24577,13.66519,13.08285,12.50073,11.92158,11.348700000000001,10.786468000000001,10.240395000000001,9.717466,9.226305,8.777241,8.382275000000002,8.054464000000001,7.806843000000001,7.650797,7.59407,7.6391480000000005,7.782610000000001,8.01581,8.326527,8.700934,9.125248000000001,9.586863000000001,10.074878,10.580174000000001,11.09537,11.61457,12.13311,12.64736,13.154350000000003,13.6521,14.138850000000001,14.613170000000002,15.07418,15.521220000000001,15.95374,16.3713,16.77368,17.16066,17.53224,17.88842,18.22909,18.554360000000003,18.864340000000002,19.15914,19.43887,19.703640000000004,19.953560000000003,20.188740000000003,20.4094,20.61565,20.80749,20.985360000000004,21.149040000000003,21.29886,21.43493,21.557250000000003,21.665930000000003,21.761190000000003,21.84292,21.911340000000003,21.96656,22.008470000000003,22.037180000000003,22.0528,22.055220000000002,22.044660000000004,22.0209,21.98405,21.934220000000003,21.871190000000002,21.795070000000003,21.705750000000002,21.60323,21.4874,21.35826,21.215700000000002,21.05961,20.8901,20.706730000000004,20.50972,20.298849999999998,20.073900000000002,19.834870000000002,19.581650000000003,19.31402,19.03198,18.73542,18.42412,18.098080000000003,17.757080000000002,17.40134,17.030640000000002,16.64498,16.24447,15.82933,15.399780000000002,14.956150000000003,14.498990000000001,14.028850000000002,13.546720000000002,13.053920000000002,12.552100000000001,12.04324,11.5302,11.016610000000002,10.506870000000001,10.006920000000001,9.523998,9.067091000000001,8.646979000000002,8.276136000000001,7.968202000000001,7.736894000000001,7.594312000000001,7.548981,7.604256,7.757585000000001,8.001191,8.3237,8.712055000000001,9.153232000000001,9.635274,10.147874,10.682463,11.2321,11.791340000000002,12.35586,12.922250000000002,13.48798,14.051070000000001,14.610090000000001,15.16383,15.711520000000002,16.25261,16.78666,17.31323,17.832320000000003,18.343820000000004,18.847620000000003,19.34383,19.83256,20.3137,20.787580000000002,21.25431,21.71389,22.16665,22.6127,23.052260000000004,23.48533,23.91235,24.33321,24.748350000000002,25.15766,25.561580000000003,25.960110000000004,26.35347,26.741770000000002,27.125340000000005,27.504070000000002,27.878180000000004,28.248,28.61342,28.97477,29.332050000000002,29.685480000000002,30.03506,30.381010000000003,30.72355,31.062570000000004,31.398290000000003,31.73082,32.06027,32.38675,32.710370000000005,33.031130000000005,33.34914,33.66462,33.97757,34.2881,34.596210000000006,34.902120000000004,35.20572000000001,35.507340000000006,35.806760000000004,36.104310000000005,36.39999
39.46228000000001,39.14515,38.82604,38.50495,38.18188,37.85661,37.529140000000005,37.199470000000005,36.867490000000004,36.53309,36.196270000000005,35.85692,35.515040000000006,35.17052,34.82325,34.47323,34.12024,33.764390000000006,33.405460000000005,33.04334,32.67803,32.30931,31.93729,31.56164,31.182470000000002,30.799450000000004,30.41269,30.021970000000003,29.627070000000003,29.228100000000005,28.824730000000002,28.416960000000003,28.00457,27.58745,27.16538,26.738360000000004,26.30628,25.8687,25.42573,24.97704,24.52263,24.062170000000002,23.595550000000003,23.12255,22.64306,22.15675,21.66362,21.16345,20.65591,20.141000000000002,19.618610000000004,19.088410000000003,18.550290000000004,18.004360000000002,17.450400000000002,16.88841,16.318500000000004,15.74078,15.155690000000002,14.563450000000001,13.964720000000002,13.36049,12.75186,12.140700000000002,11.52921,10.92036,10.318396,9.728708000000001,9.158468000000001,8.616927,8.115789,7.669409000000001,7.294331000000001,7.008089000000001,6.8268200000000006,6.761997,6.817525000000001,6.988531,7.262574000000001,7.622648000000001,8.050427,8.528597,9.04222,9.578998000000002,10.129196000000002,10.685257,11.241340000000001,11.7931,12.33727,12.871100000000002,13.392940000000001,13.901360000000002,14.395260000000002,14.874090000000002,15.337080000000002,15.784010000000002,16.21477,16.62914,17.02701,17.408600000000003,17.7738,18.122830000000004,18.4558,18.77282,19.074,19.359560000000002,19.62972,19.88459,20.12439,20.34912,20.559220000000003,20.75458,20.93553,21.102180000000004,21.25453,21.39291,21.51732,21.62787,21.724780000000003,21.80794,21.877570000000002,21.93367,21.976350000000004,22.00561,22.02156,22.02431,22.013640000000002,21.98966,21.95248,21.901990000000005,21.83808,21.76097,21.67033,21.56638,21.448900000000002,21.317780000000003,21.17302,21.01462,20.842250000000003,20.65591,20.4556,20.24099,20.01208,19.76865,19.51059,19.237790000000004,18.949920000000002,18.64709,18.32897,17.995340000000002,17.646310000000003,17.28155,16.90095,16.504620000000003,16.09234,15.66422,15.22037,14.760900000000001,14.286250000000003,13.796750000000001,13.293170000000002,12.7765,12.248060000000002,11.70961,11.16357,10.613317,10.063064,9.518531000000001,8.987165000000001,8.478591000000002,8.004953,7.581079000000001,7.224107000000001,6.952242000000001,6.782369000000001,6.726808000000001,6.790344000000001,6.969017000000001,7.251321000000001,7.621130000000001,8.060932000000001,8.554183,9.086605,9.646516000000002,10.22472,10.814089000000001,11.4092,12.006170000000001,12.60171,13.193730000000002,13.78058,14.360940000000001,14.93415,15.499440000000002,16.05659,16.60527,17.14526,17.67667,18.199500000000004,18.71375,19.219640000000002,19.71739,20.207000000000004,20.68869,21.16268,21.62919,22.088330000000003,22.54043,22.98571,23.42428,23.856360000000002,24.28206,24.70182,25.115640000000003,25.52374,25.92623,26.32344,26.715480000000003,27.102460000000004,27.484600000000004,27.86201,28.234910000000003,28.603410000000004,28.96762,29.32776,29.68383,30.03605,30.38464,30.729490000000002,31.070930000000004,31.409070000000003,31.743800000000004,32.075450000000004,32.40402,32.729620000000004,33.05236,33.372460000000004,33.68981,34.00452,34.316810000000004,34.62668,34.93435,35.2396,35.54276,35.84383,36.142920000000004,36.44003
39.48659000000001,39.16836,38.848150000000004,38.52585,38.201570000000004,37.87509,37.54630000000001,37.21542,36.88212000000001,36.5464,36.20826,35.86748,35.524170000000005,35.178110000000004,34.82941,34.477740000000004,34.12321,33.765600000000006,33.40491,33.041140000000006,32.67396,32.30337,31.929370000000006,31.55185,31.17048,30.78548,30.39641,30.003380000000003,29.606170000000002,29.204670000000004,28.79866,28.388250000000003,27.973000000000003,27.552910000000004,27.12787,26.697660000000003,26.26217,25.821070000000002,25.37436,24.92182,24.463120000000004,23.998260000000002,23.527020000000004,23.049070000000004,22.564300000000003,22.072490000000002,21.573420000000002,21.06676,20.552400000000002,20.03012,19.4997,18.96092,18.41345,17.85729,17.29222,16.718130000000002,16.13491,15.542560000000002,14.941080000000001,14.330800000000002,13.712050000000001,13.08538,12.45167,11.812240000000001,11.168960000000002,10.524228,9.881828,9.246754000000001,8.625903000000001,8.028768,7.468098,6.9605690000000005,6.526927,6.190888,5.975893,5.899718000000001,5.968765,6.175598000000001,6.501462000000001,6.921992,7.412658,7.951955000000001,8.522591,9.111256,9.707995,10.305471,10.898327,11.482680000000002,12.055560000000002,12.61513,13.15985,13.688620000000002,14.200780000000002,14.69589,15.17373,15.633970000000001,16.07672,16.50198,16.909860000000002,17.30047,17.673920000000003,18.030540000000002,18.37033,18.69362,19.00063,19.291580000000003,19.566580000000002,19.82585,20.069720000000004,20.2983,20.5117,20.710250000000002,20.89406,21.06324,21.218010000000003,21.35848,21.48476,21.596960000000003,21.69519,21.779670000000003,21.850400000000004,21.907380000000003,21.950720000000004,21.98053,21.99681,21.999670000000002,21.989,21.96491,21.927290000000003,21.876250000000002,21.811680000000003,21.73358,21.64184,21.536570000000005,21.417550000000002,21.28478,21.13804,20.977330000000002,20.80254,20.61356,20.41028,20.19237,19.95983,19.71244,19.45009,19.17245,18.879520000000003,18.570970000000003,18.246690000000005,17.906350000000003,17.54984,17.176940000000002,16.78754,16.381420000000002,15.95836,15.518250000000002,15.06131,14.587210000000002,14.096280000000002,13.588740000000001,13.06503,12.525700000000002,11.97174,11.404690000000002,10.826376,10.239614000000001,9.648199,9.057411,8.474455,7.909165000000001,7.374708,6.888244,6.471113000000001,6.147702000000001,5.942233000000001,5.873340000000001,5.948371000000001,6.160858000000001,6.493025,6.921420000000001,7.422371,7.975154000000001,8.563148,9.173659,9.797271000000002,10.427087,11.05819,11.68684,12.31076,12.927970000000002,13.537370000000001,14.137970000000001,14.729220000000002,15.311010000000001,15.882900000000001,16.445,16.99742,17.54005,18.07322,18.597150000000003,19.111840000000004,19.61773,20.11493,20.60377,21.08436,21.55714,22.02222,22.47982,22.930270000000004,23.37368,23.81049,24.2407,24.664640000000002,25.082420000000003,25.494370000000004,25.9006,26.30122,26.69667,27.086840000000002,27.472170000000002,27.85255,28.22831,28.599560000000004,28.966520000000003,29.329190000000004,29.687790000000003,30.042430000000003,30.39333,30.740490000000005,31.084130000000002,31.42436,31.761290000000002,32.09492,32.425470000000004,32.75294,33.07766,33.39941,33.718630000000005,34.0351,34.34904,34.660560000000004,34.969770000000004,35.27656,35.58126000000001,35.88387,36.18439,36.482820000000004
39.51409,39.19476,38.87356,38.550160000000005,38.22478,37.8972,37.56731,37.23511,36.900600000000004,36.56367,36.22432,35.88222,35.53759,35.19021,34.84008,34.48698,34.13102,33.77187,33.40964,33.04422,32.67539,32.30315,31.927500000000002,31.548000000000002,31.164870000000004,30.777890000000003,30.386840000000003,29.99172,29.592420000000004,29.18861,28.780400000000004,28.36746,27.94979,27.527060000000002,27.09927,26.666200000000003,26.22763,25.783450000000002,25.333440000000003,24.877380000000002,24.41516,23.946340000000003,23.471030000000003,22.988680000000002,22.499290000000002,22.002530000000004,21.49818,20.98591,20.465500000000002,19.93662,19.399160000000002,18.852680000000003,18.296960000000002,17.731780000000004,17.156920000000003,16.57194,15.976730000000002,15.371180000000003,14.755180000000001,14.12851,13.491500000000002,12.844150000000003,12.187230000000001,11.521290000000002,10.847661000000002,10.168334000000002,9.486125,8.805247000000001,8.131871,7.474951000000001,6.8475,6.267921,5.761415000000001,5.359904,5.098368000000001,5.005726,5.093176000000001,5.348431000000001,5.741549000000001,6.236593,6.800816,7.40828,8.039911,8.682201000000001,9.325679000000001,9.963811,10.592032000000001,11.20724,11.80718,12.3904,12.95602,13.503380000000002,14.03204,14.541890000000002,15.03293,15.50505,15.958580000000001,16.393520000000002,16.810200000000002,17.208840000000002,17.589660000000002,17.95277,18.298720000000003,18.627620000000004,18.939690000000002,19.23526,19.514550000000003,19.777780000000003,20.02517,20.257050000000003,20.473530000000004,20.674720000000004,20.861060000000002,21.03255,21.189300000000003,21.33164,21.459570000000003,21.5732,21.67275,21.75833,21.829940000000004,21.887690000000003,21.93169,21.96205,21.978550000000002,21.981520000000003,21.970850000000002,21.946540000000002,21.908700000000003,21.857110000000002,21.791990000000002,21.71301,21.620390000000004,21.513910000000003,21.39357,21.25926,21.110870000000002,20.948290000000004,20.7713,20.579900000000002,20.37398,20.15321,19.91748,19.66668,19.40048,19.11877,18.82122,18.50772,18.177940000000003,17.83166,17.46866,17.088610000000003,16.691290000000002,16.27637,15.84374,15.393180000000001,14.924360000000002,14.437170000000002,13.931720000000002,13.407790000000002,12.8656,12.305480000000001,11.72798,11.13409,10.525141000000001,9.903212,9.271383000000002,8.634076,7.9977480000000005,7.371716,6.769378000000001,6.209621,5.718251,5.327839000000001,5.0741570000000005,4.987037,5.078645000000001,5.337750000000001,5.735411000000001,6.23667,6.809649000000001,7.429213000000001,8.076970000000001,8.740017000000002,9.409422000000001,10.079080000000001,10.744822000000001,11.403810000000002,12.054350000000001,12.694880000000001,13.32496,13.944040000000001,14.55179,15.148320000000002,15.733630000000002,16.307830000000003,16.871250000000003,17.424,17.966410000000003,18.498700000000003,19.021310000000003,19.534460000000003,20.03848,20.53359,21.020120000000002,21.498400000000004,21.96876,22.4312,22.886380000000003,23.334190000000003,23.775070000000003,24.209350000000004,24.637030000000003,25.05844,25.473800000000004,25.88333,26.287140000000004,26.685560000000002,27.078700000000005,27.46678,27.849910000000005,28.22831,28.60209,28.971470000000004,29.336450000000003,29.69736,30.05431,30.407300000000003,30.75666,31.10228,31.444490000000002,31.78329,32.118790000000004,32.45121,32.780440000000006,33.10681,33.43032,33.75119,34.0692,34.38479,34.69785,35.00849,35.31682000000001,35.62295,35.926880000000004,36.22872,36.528580000000005
39.54478000000001,39.22457000000001,38.90238,38.57799000000001,38.25162,37.922940000000004,37.592060000000004,37.25876,36.92315,36.58512,36.24456,35.901360000000004,35.55552,35.20693000000001,34.85548000000001,34.50106,34.14378,33.78331,33.419650000000004,33.0528,32.68254,32.30876000000001,31.931460000000005,31.550420000000006,31.165640000000003,30.7769,30.384090000000004,29.98721,29.58593,29.18025,28.76995,28.354920000000003,27.93505,27.51001,27.07991,26.644310000000004,26.203100000000003,25.75617,25.303300000000004,24.84427,24.378750000000004,23.906740000000003,23.4278,22.941710000000004,22.44836,21.94731,21.43845,20.921340000000004,20.39576,19.861270000000005,19.31776,18.76479,18.20203,17.62904,17.045710000000003,16.45138,15.845940000000002,15.22906,14.6003,13.95944,13.306370000000001,12.640870000000001,11.963160000000002,11.27346,10.572452,9.861192,9.141583,8.416639,7.691134,6.972581000000001,6.272827,5.610396000000001,5.013877,4.5248170000000005,4.196236000000001,4.078404000000001,4.192716000000001,4.516633,4.998807,5.585283,6.233601,6.914501000000001,7.6087880000000006,8.304076,8.992412000000002,9.668615,10.329352,10.972467000000002,11.59653,12.20087,12.784860000000002,13.348500000000001,13.891460000000002,14.41407,14.91655,15.398900000000001,15.861560000000003,16.30486,16.72913,17.134480000000003,17.52146,17.8904,18.241410000000002,18.57504,18.89151,19.19104,19.47396,19.740490000000005,19.99107,20.225700000000003,20.44471,20.648320000000002,20.836750000000002,21.010110000000005,21.16873,21.312610000000003,21.44197,21.556810000000002,21.657570000000003,21.74403,21.816410000000005,21.87493,21.91937,21.95006,21.967,21.97008,21.959410000000002,21.93488,21.89671,21.84479,21.77912,21.69948,21.605980000000002,21.498620000000003,21.377070000000003,21.241440000000004,21.09162,20.92739,20.74864,20.55526,20.34703,20.12384,19.885360000000002,19.631590000000003,19.3622,19.076860000000003,18.775570000000002,18.457780000000003,18.12338,17.771930000000005,17.40332,17.017220000000002,16.61308,16.19079,15.74991,15.290220000000001,14.811280000000002,14.31287,13.79466,13.256540000000001,12.69818,12.119800000000001,11.521400000000002,10.903508000000002,10.266751000000001,9.612471000000001,8.942714,8.260747,7.571619,6.883151000000001,6.2076080000000005,5.563987,4.981427000000001,4.502179,4.180022,4.066194,4.18308,4.5092740000000004,4.994484000000001,5.585756000000001,6.241554000000001,6.9333990000000005,7.642800000000001,8.357976,9.071469000000002,9.778582000000002,10.476323,11.16291,11.837210000000002,12.49864,13.146870000000002,13.78212,14.40428,15.01368,15.61054,16.195300000000003,16.76818,17.329620000000002,17.87995,18.41972,18.949040000000004,19.46846,19.97831,20.478920000000002,20.97062,21.45363,21.92839,22.39523,22.854370000000003,23.306030000000003,23.75065,24.18834,24.619320000000002,25.04392,25.462250000000004,25.874750000000002,26.28142,26.68248,27.07826,27.46887,27.85442,28.23513,28.611220000000003,28.98269,29.349870000000003,29.712870000000002,30.071800000000003,30.42677,30.778000000000002,31.125490000000003,31.46946,31.81002,32.14728,32.48124000000001,32.81223,33.14025,33.4653,33.787600000000005,34.107150000000004,34.424170000000004,34.738550000000004,35.05062,35.36027,35.66772,35.972970000000004,36.27602,36.577090000000005
39.578880000000005,39.25779,38.93461,38.60945,38.282090000000004,37.952420000000004,37.62055,37.286370000000005,36.94977,36.61075,36.26909,35.92479000000001,35.577850000000005,35.22816,34.87561,34.52009,34.16160000000001,33.79992,33.435050000000004,33.066880000000005,32.6953,32.320310000000006,31.941580000000002,31.559110000000004,31.172900000000002,30.782620000000005,30.388380000000005,29.989850000000004,29.586920000000003,29.179590000000005,28.767530000000004,28.350630000000002,27.928890000000003,27.501980000000003,27.06979,26.6321,26.18869,25.73956,25.284270000000003,24.8226,24.35455,23.87968,23.397770000000005,22.908600000000003,22.411950000000004,21.907380000000003,21.39478,20.87371,20.34384,19.804840000000002,19.256380000000004,18.698020000000003,18.129430000000003,17.55017,16.95991,16.35799,15.744190000000001,15.11785,14.47864,13.826120000000001,13.15985,12.479280000000001,11.7843,11.074580000000001,10.350219000000001,9.611415000000001,8.858982000000001,8.094471,7.3207640000000005,6.542910000000001,5.769786000000001,5.017067000000001,4.312748,3.706065,3.2758000000000003,3.116058,3.273655,3.7005760000000003,4.301605,4.996959,5.7365770000000005,6.491727000000001,7.2460960000000005,7.99029,8.718776000000002,9.428331000000002,10.117063,10.783894,11.42834,12.050170000000001,12.64945,13.2264,13.781130000000001,14.314300000000001,14.82591,15.316730000000002,15.78687,16.23688,16.6672,17.078270000000003,17.47031,17.84376,18.19906,18.536540000000002,18.85653,19.159250000000004,19.44514,19.71453,19.967530000000004,20.20447,20.42557,20.63116,20.821350000000002,20.99625,21.1563,21.3015,21.43196,21.54801,21.649540000000002,21.736880000000003,21.80992,21.868990000000004,21.913870000000003,21.94489,21.96205,21.96524,21.95457,21.93004,21.89165,21.8394,21.773180000000004,21.6931,21.598940000000002,21.4907,21.36827,21.231540000000003,21.080510000000004,20.91496,20.73467,20.539640000000002,20.32965,20.104370000000003,19.8638,19.60761,19.33547,19.04738,18.742790000000003,18.421590000000002,18.08334,17.72782,17.3547,16.963540000000002,16.553900000000002,16.12556,15.678080000000001,15.21091,14.72361,14.21596,13.68741,13.13752,12.565960000000002,11.972290000000001,11.35651,10.718345000000001,10.057949,9.375784000000001,8.672807,7.9508,7.21292,6.464535000000001,5.714907,4.980184,4.288922,3.6910170000000004,3.2660320000000005,3.109029,3.267913,3.6958020000000005,4.298624,4.997663,5.743749,6.508953000000001,7.277666000000001,8.041066,8.794170000000001,9.534173000000001,10.259546,10.969552,11.663960000000001,12.342770000000002,13.006400000000001,13.654960000000003,14.289000000000001,14.90896,15.515390000000002,16.10873,16.689420000000002,17.258010000000002,17.81505,18.360760000000003,18.895690000000002,19.420390000000005,19.935080000000003,20.4402,20.936080000000004,21.423160000000003,21.90177,22.37224,22.834680000000002,23.289640000000002,23.737340000000003,24.178,24.611840000000004,25.039080000000002,25.460160000000005,25.87508,26.284170000000003,26.687650000000005,27.085630000000002,27.478440000000003,27.86608,28.248880000000003,28.62695,29.000400000000003,29.369450000000004,29.73432,30.095010000000006,30.45174,30.804620000000003,31.15387,31.499380000000002,31.841590000000004,32.18039,32.51589,32.848310000000005,33.17776,33.50424,33.82786,34.14884,34.467180000000006,34.78288,35.096270000000004,35.40713,35.71579,36.02225000000001,36.32651,36.62868
39.61628,39.29431,38.970470000000006,38.64443000000001,38.316190000000006,37.98575,37.653,37.31794000000001,36.98046,36.64045,36.29791,35.95273,35.604800000000004,35.25412,34.90058,34.544070000000005,34.18448,33.82181,33.45584,33.08657,32.71389,32.33769,31.957860000000004,31.574180000000005,31.186760000000003,30.795270000000002,30.399600000000003,29.999750000000002,29.595500000000005,29.186740000000004,28.77325,28.354920000000003,27.931530000000002,27.503080000000004,27.06913,26.629790000000003,26.184620000000002,25.733510000000003,25.27635,24.8127,24.342450000000003,23.865380000000002,23.381160000000005,22.889570000000003,22.390390000000004,21.88307,21.367610000000003,20.84335,20.310290000000002,19.767770000000002,19.21546,18.65314,18.08015,17.49605,16.90051,16.29287,15.672690000000001,15.039420000000002,14.392290000000001,13.730970000000001,13.05469,12.362680000000001,11.654610000000002,10.929622,10.187232000000002,9.427000000000001,8.648673,7.852361000000001,7.038878,6.210237,5.370871,4.530075,3.7078360000000004,2.949243,2.3567500000000003,2.116851,2.3556390000000005,2.9457560000000003,3.6995970000000002,4.513674000000001,5.342084000000001,6.1641140000000005,6.96982,7.7542740000000006,8.515001000000002,9.250813,9.96127,10.646361,11.30624,11.94138,12.55221,13.13917,13.70292,14.24379,14.762550000000001,15.25953,15.73539,16.19046,16.625400000000003,17.040540000000004,17.43643,17.8134,18.172,18.512340000000002,18.83497,19.140220000000003,19.42842,19.6999,19.95477,20.19347,20.416330000000002,20.623350000000002,20.81486,20.99108,21.15223,21.298420000000004,21.42987,21.54669,21.64899,21.736880000000003,21.810470000000002,21.869979999999998,21.9153,21.946540000000002,21.96381,21.96711,21.95655,21.93191,21.89341,21.84083,21.77439,21.69376,21.59916,21.490260000000003,21.36717,21.229670000000002,21.077650000000002,20.911110000000004,20.72972,20.53337,20.32195,20.09513,19.852910000000005,19.59474,19.32073,19.030330000000003,18.72332,18.399480000000004,18.05837,17.69977,17.323130000000003,16.928230000000003,16.51441,16.081560000000003,15.628910000000001,15.156130000000001,14.662670000000002,14.148090000000002,13.611620000000002,13.052930000000002,12.471250000000001,11.86625,11.237050000000002,10.583474,9.904873,9.201016000000001,8.471837,7.717677000000001,6.939603,6.13998,5.323582,4.500199000000001,3.6903680000000003,2.9397940000000005,2.3517560000000004,2.113661,2.3527240000000003,2.9428410000000005,3.697562,4.514499000000001,5.348662000000001,6.18013,6.999652,7.802894,8.587887,9.353861000000002,10.100772000000001,10.828906,11.538780000000001,12.2309,12.90608,13.564760000000001,14.207930000000001,14.835920000000002,15.449610000000002,16.04944,16.63618,17.21027,17.772260000000003,18.3227,18.862030000000004,19.390690000000003,19.90923,20.41787,20.91716,21.407540000000004,21.889120000000002,22.362450000000003,22.82775,23.28524,23.735470000000003,24.17855,24.6147,25.04425,25.467420000000004,25.884540000000005,26.295720000000003,26.701070000000005,27.10103,27.49571,27.885110000000005,28.26967,28.649500000000003,29.024710000000002,29.395410000000002,29.761820000000004,30.124050000000004,30.482320000000005,30.836740000000002,31.187420000000003,31.534470000000002,31.878000000000004,32.218230000000005,32.55505,32.88890000000001,33.21956,33.54736,33.8723,34.19438,34.51393,34.83084,35.14533,35.45740000000001,35.767160000000004,36.074720000000006,36.38008000000001,36.683350000000004
39.656980000000004,39.33435,39.00974,38.682930000000006,38.35403,38.02282,37.68941,37.35358,37.01522,36.674440000000004,36.33113,35.98507000000001,35.63637000000001,35.28492,34.9305,34.57311,34.21264,33.848980000000005,33.482130000000005,33.11198,32.738420000000005,32.36123,31.980300000000003,31.595740000000003,31.207220000000003,30.814740000000004,30.41808,30.01713,29.61167,29.201810000000002,28.787110000000006,28.36768,27.943080000000002,27.513310000000004,27.07815,26.637490000000003,26.191,25.73846,25.279760000000003,24.814680000000003,24.34289,23.86417,23.378300000000003,22.884950000000003,22.3839,21.87471,21.357160000000004,20.830810000000003,20.29544,19.7505,19.195660000000004,18.630480000000002,18.05463,17.46734,16.868280000000002,16.25701,15.63265,14.994760000000001,14.342680000000001,13.675640000000001,12.992870000000002,12.29371,11.57717,10.842458,10.088573000000002,9.314558,8.519445000000001,7.7022770000000005,6.862196000000001,5.998652,5.111711000000001,4.203067,3.278605,2.357476,1.5138970000000003,1.0788514,1.5134460000000003,2.3552540000000004,3.2721590000000003,4.188954,5.085641000000001,5.955609,6.796570000000001,7.607908000000001,8.389744,9.142562000000002,9.866978,10.563718,11.233530000000002,11.87714,12.49523,13.08868,13.65804,14.20397,14.727240000000002,15.228290000000001,15.707670000000002,16.166150000000002,16.60417,17.022060000000003,17.42048,17.799760000000003,18.16045,18.50277,18.827270000000002,19.13428,19.424020000000002,19.69682,19.953120000000002,20.19303,20.416990000000002,20.625,20.817500000000003,20.99471,21.15663,21.303590000000003,21.43559,21.553069999999998,21.655810000000002,21.74425,21.81828,21.87801,21.923659999999998,21.95512,21.972500000000004,21.975910000000002,21.96524,21.940710000000003,21.901990000000005,21.8493,21.78264,21.701790000000003,21.606749999999998,21.49752,21.373880000000003,21.23583,21.08326,20.91584,20.733680000000003,20.536450000000002,20.324040000000004,20.096230000000002,19.8528,19.593420000000002,19.317980000000002,19.02604,18.71749,18.39178,18.048800000000004,17.688,17.309160000000002,16.911620000000003,16.495160000000002,16.05923,15.603390000000003,15.12687,14.629450000000002,14.110250000000002,13.568830000000002,13.004420000000001,12.416360000000001,11.803880000000001,11.16632,10.502789000000002,9.812517000000001,9.09469,8.348505000000001,7.5732360000000005,6.768289,5.933433,5.069141000000001,4.177536,3.265042,2.351503,1.511862,1.0780352000000002,1.512269,2.35345,3.270696,4.189878,5.0919110000000005,5.970998000000001,6.8255110000000005,7.655428000000001,8.461398,9.244290000000001,10.005116000000001,10.74491,11.464640000000001,12.165450000000002,12.848,13.513390000000001,14.162390000000002,14.795770000000001,15.414190000000001,16.018420000000003,16.60923,17.18695,17.752460000000003,18.30609,18.848500000000005,19.380020000000002,19.9012,20.412480000000002,20.91419,21.40688,21.890770000000003,22.36619,22.83358,23.29316,23.745260000000002,24.19021,24.628230000000002,25.059540000000002,25.48447,25.903240000000004,26.316070000000003,26.723070000000003,27.124570000000002,27.520680000000002,27.911730000000006,28.29772,28.678980000000003,29.055620000000005,29.427750000000003,29.79548,30.159140000000004,30.51873,30.874470000000002,31.226360000000003,31.574620000000003,31.919470000000004,32.2608,32.598940000000006,32.933890000000005,33.26576,33.594660000000005,33.920700000000004,34.243990000000004,34.564530000000005,34.882540000000006,35.198130000000006,35.51119,35.82194,36.13049,36.436840000000004,36.74110000000001
39.70109000000001,39.37791,39.052640000000004,38.725280000000005,38.39561,38.06385,37.729670000000006,37.39318,37.05427,36.712720000000004,36.368750000000006,36.02203000000001,35.672560000000004,35.32034,34.96526,34.6071,34.24597,33.88165,33.514030000000005,33.14311,32.76867,32.390820000000005,32.00912,31.623790000000003,31.2345,30.841140000000003,30.4436,30.041880000000003,29.635650000000005,29.224910000000005,28.809440000000002,28.389020000000002,27.963650000000005,27.533000000000005,27.096960000000003,26.65531,26.20783,25.754410000000004,25.29483,24.828760000000003,24.355980000000002,23.87627,23.389300000000002,22.89485,22.3927,21.882410000000004,21.363650000000003,20.8362,20.29951,19.75336,19.197200000000002,18.630700000000004,18.05331,17.46459,16.86388,16.250850000000003,15.624730000000001,14.984860000000001,14.33058,13.661230000000002,12.976040000000001,12.27391,11.55418,10.815761,10.057586,9.278522,8.477293,7.6525680000000005,6.802862000000001,5.926580000000001,5.021962,4.0870940000000004,3.119886,2.118039,1.0790076000000002,0.0,1.0787744000000001,2.116246,3.1140560000000006,4.073751000000001,4.996805000000001,5.884582,6.738391000000001,7.559453,8.348934000000002,9.107923000000001,9.837465,10.538517,11.21208,11.858880000000001,12.479940000000001,13.07581,13.647480000000002,14.195500000000001,14.720640000000001,15.22334,15.70448,16.16439,16.603730000000002,17.022940000000002,17.42257,17.803060000000002,18.164740000000002,18.508050000000004,18.833540000000003,19.14132,19.431940000000004,19.705510000000004,19.962580000000003,20.20315,20.42777,20.636440000000004,20.829490000000003,21.007140000000003,21.169500000000003,21.316900000000004,21.449340000000003,21.56715,21.67022,21.75888,21.833240000000004,21.89319,21.938950000000002,21.97063,21.988120000000002,21.99153,21.980970000000003,21.95633,21.917720000000003,21.86492,21.798040000000004,21.71708,21.621930000000003,21.51237,21.38851,21.250130000000002,21.097120000000004,20.92948,20.746880000000004,20.549100000000003,20.336250000000003,20.10778,19.863690000000002,19.603650000000002,19.32744,19.034840000000003,18.72541,18.39882,18.054850000000002,17.69295,17.313010000000002,16.914260000000002,16.49659,16.05923,15.601740000000001,15.12368,14.624500000000001,14.10332,13.55981,12.99309,12.402390000000002,11.78705,11.14619,10.478842000000002,9.784181,9.061173,8.30874,7.525771000000001,6.711045,5.863286,4.98113,4.063125,3.1077200000000005,2.113265,1.0779846000000002,0.0,1.0781903,2.114838,3.1128460000000002,4.0748180000000005,5.003152000000001,5.900015000000001,6.7673760000000005,7.607061000000001,8.420731000000002,9.209893,9.975955,10.720226000000002,11.44385,12.14807,12.83381,13.50195,14.15348,14.78917,15.409900000000002,16.01622,16.60901,17.18871,17.75598,18.31137,18.855320000000003,19.388490000000004,19.91132,20.42414,20.92739,21.42151,21.90683,22.383680000000002,22.85239,23.3134,23.766820000000003,24.21309,24.652430000000003,25.085060000000002,25.51131,25.93129,26.34533,26.753650000000004,27.156360000000003,27.553680000000004,27.945940000000004,28.333140000000004,28.715500000000002,29.09324,29.466580000000004,29.835520000000002,30.20017,30.56086,30.917700000000004,31.270690000000005,31.620050000000003,31.96589,32.30832,32.647450000000006,32.9835,33.31636,33.64625,33.97328,34.297450000000005,34.61909000000001,34.93798,35.254450000000006,35.56850000000001,35.88013,36.18956,36.496790000000004,36.80193
39.74872,39.42499,39.09917,38.77115,38.44104,38.10873,37.77400000000001,37.436960000000006,37.097390000000004,36.7554,36.41077000000001,36.0635,35.713480000000004,35.36071,35.00497000000001,34.646370000000005,34.284580000000005,33.91971,33.55154,33.17996,32.804970000000004,32.426460000000006,32.04432,31.658330000000003,31.26849,30.87458,30.476490000000002,30.07422,29.667440000000003,29.25615,28.840020000000003,28.41916,27.99324,27.562040000000003,27.125450000000004,26.683360000000004,26.235440000000004,25.781470000000002,25.321450000000002,24.854830000000003,24.381610000000002,23.901570000000003,23.41416,22.91949,22.416900000000002,21.906280000000002,21.387300000000003,20.859630000000003,20.322830000000003,19.77646,19.2203,18.6538,18.076410000000003,17.4878,16.88753,16.27483,15.64915,15.009940000000002,14.356650000000002,13.68829,13.004420000000001,12.30405,11.58641,10.850510000000002,10.095558,9.320520000000002,8.524450000000002,7.7063690000000005,6.865452,6.001138000000001,5.113526,4.204299000000001,3.2793530000000004,2.357861,1.514062,1.0789328000000002,1.5136,2.3556500000000002,3.272907,4.190197,5.087478,5.958128,6.799848000000001,7.612033,8.394771,9.148535,9.873963000000002,10.571737000000002,11.24266,11.887260000000001,12.50656,13.10111,13.671570000000001,14.218710000000002,14.74308,15.245230000000001,15.725820000000002,16.1854,16.62441,17.04351,17.44292,17.8233,18.184980000000003,18.528290000000002,18.853780000000004,19.16167,19.45229,19.726080000000003,19.983150000000002,20.223940000000002,20.448670000000003,20.65745,20.850610000000003,21.028370000000002,21.190950000000004,21.33846,21.471120000000003,21.58893,21.69222,21.78099,21.85546,21.915520000000004,21.96139,21.993070000000003,22.01067,22.01419,22.00363,21.97899,21.94038,21.887580000000003,21.82081,21.73974,21.64448,21.535030000000003,21.411060000000003,21.27268,21.119670000000003,20.951810000000002,20.7691,20.571430000000003,20.35836,20.129890000000003,19.88569,19.62565,19.349330000000002,19.056620000000002,18.74708,18.42049,18.076520000000002,17.71473,17.33479,16.93626,16.5187,16.081560000000003,15.624510000000003,15.146780000000001,14.648150000000001,14.127740000000003,13.585,13.01927,12.430000000000001,11.816200000000002,11.177430000000001,10.512623,9.82113,9.102115,8.354775,7.578406,6.772436000000001,5.936634000000001,5.071473,4.179131,3.2660210000000003,2.352009,1.5120710000000002,1.0781419,1.5124780000000002,2.353967,3.2716860000000003,4.191517,5.094342,5.974331,6.8298890000000005,7.660950000000001,8.468152,9.252375000000002,10.014609,10.755888,11.47718,12.179530000000002,12.863840000000001,13.530880000000002,14.181640000000002,14.81678,15.43707,16.04317,16.63585,17.21555,17.78293,18.338650000000005,18.88293,19.41654,19.939700000000002,20.45307,20.956870000000002,21.45154,21.937520000000003,22.415030000000005,22.88451,23.346180000000004,23.800370000000004,24.247410000000002,24.687520000000003,25.12103,25.548050000000003,25.96891,26.38372,26.792920000000002,27.196510000000004,27.59471,27.987740000000002,28.37593,28.75917,29.137790000000003,29.511900000000004,29.88172,30.24736,30.60904,30.96665,31.320520000000002,31.67076,32.01748,32.36079,32.7008,33.037620000000004,33.37136,33.702130000000004,34.03004,34.355090000000004,34.6775,34.99727,35.314620000000005,35.62944,35.94184,36.25204000000001,36.56004000000001,36.86595
39.799760000000006,39.47559,39.14933,38.82087,38.490320000000004,38.15746000000001,37.82229,37.48481,37.144800000000004,36.80237,36.457300000000004,36.109590000000004,35.75913,35.40592,35.04974,34.6907,34.32847,33.96316,33.594550000000005,33.222640000000006,32.84732,32.46837,32.08579,31.69947,31.309300000000004,30.915060000000004,30.516640000000002,30.114040000000003,29.707040000000003,29.295420000000004,28.87918,28.457990000000002,28.031850000000002,27.600540000000002,27.163840000000004,26.721640000000004,26.273610000000005,25.819640000000003,25.359620000000003,24.89311,24.42011,23.94018,23.453100000000003,22.958650000000002,22.45661,21.946540000000002,21.42811,20.901100000000003,20.365180000000002,19.819910000000004,19.264850000000003,18.69967,18.124040000000004,17.537190000000002,16.939010000000003,16.32873,15.705910000000001,15.07,14.420450000000002,13.7566,13.0779,12.38358,11.673200000000001,10.945990000000002,10.201488000000001,9.439232,8.658980000000001,7.860875000000001,7.045731000000001,6.2155830000000005,5.374875000000001,4.532924,3.7097610000000003,2.9504530000000004,2.3575200000000005,2.117478,2.35642,2.946977,3.701522,4.516556,5.346132000000001,6.169504000000001,6.9767280000000005,7.762854000000001,8.525363,9.263067000000001,9.975515000000001,10.662663,11.324720000000001,11.96206,12.575090000000001,13.164250000000001,13.7302,14.273380000000001,14.794340000000002,15.29363,15.771690000000001,16.22907,16.66621,17.083550000000002,17.481530000000003,17.86059,18.22117,18.563600000000005,18.8881,19.19522,19.48529,19.75842,20.015050000000002,20.2554,20.47969,20.688250000000004,20.881080000000004,21.058730000000004,21.22109,21.368380000000002,21.50093,21.618630000000003,21.72181,21.81058,21.88494,21.945,21.990870000000005,22.02255,22.04015,22.04378,22.033220000000004,22.00869,21.97008,21.917500000000004,21.850730000000002,21.769880000000004,21.67473,21.56539,21.441640000000003,21.303370000000005,21.15058,20.983050000000002,20.800670000000004,20.60322,20.39059,20.16245,19.9188,19.659200000000002,19.383540000000004,19.09149,18.78272,18.45701,18.114030000000003,17.75334,17.37461,16.977510000000002,16.561600000000002,16.12633,15.671370000000001,15.196170000000002,14.70029,14.183180000000002,13.644290000000002,13.08296,12.498860000000002,11.89122,11.259600000000002,10.603483,9.922451,9.216229,8.484773,7.728446000000001,6.948337,6.146822000000001,5.328752,4.503895000000001,3.6928650000000003,2.941389,2.352768,2.1144860000000003,2.3537470000000003,2.9444470000000003,3.7001030000000004,4.518305,5.354019,6.187291000000001,7.00887,7.8143780000000005,8.601824,9.370438,10.120143,10.851214,11.564190000000002,12.259500000000001,12.93787,13.60007,14.24665,14.878270000000002,15.495590000000002,16.09927,16.68975,17.26769,17.83353,18.38793,18.931220000000003,19.463950000000004,19.98656,20.499270000000003,21.00274,21.49708,21.982840000000003,22.460350000000005,22.929830000000003,23.391610000000004,23.845910000000003,24.293170000000003,24.733610000000002,25.167340000000003,25.594690000000003,26.015990000000002,26.431350000000002,26.840880000000002,27.245020000000004,27.643770000000004,28.037460000000003,28.426090000000002,28.809990000000003,29.18927,29.564040000000002,29.934410000000003,30.300710000000002,30.663050000000002,31.021320000000003,31.37596,31.726860000000002,32.07435,32.41832,32.758990000000004,33.09658,33.430980000000005,33.76241,34.09109,34.4168,34.73998,35.060410000000005,35.37842,35.6939,36.00707,36.31804,36.6267,36.93327
39.85432,39.52971000000001,39.203120000000006,38.87433,38.54334,38.210150000000006,37.87465,37.536840000000005,37.1965,36.85363000000001,36.508340000000004,36.1603,35.80951,35.45597000000001,35.09957,34.74009,34.37764000000001,34.01211000000001,33.643280000000004,33.271150000000006,32.895610000000005,32.51644,32.13375,31.747210000000003,31.356930000000002,30.962580000000003,30.56416,30.161450000000002,29.754450000000002,29.342830000000003,28.926590000000004,28.505620000000004,28.079590000000003,27.648500000000006,27.212020000000003,26.770040000000005,26.322450000000003,25.869030000000002,25.40945,24.9436,24.471260000000004,23.9921,23.5059,23.01255,22.51161,22.002860000000002,21.48597,20.960720000000002,20.426560000000002,19.883490000000002,19.33085,18.768420000000003,18.19576,17.61243,17.0181,16.41222,15.794570000000002,15.164380000000001,14.52143,13.86517,13.19527,12.511290000000002,11.81279,11.09988,10.372318000000002,9.630500000000001,8.875218,8.108056000000001,7.331896,6.55182,5.776727,5.022325000000001,4.316642000000001,3.7089470000000007,3.278055,3.1180930000000004,3.27591,3.703469,4.305521000000001,5.002261000000001,5.7435730000000005,6.500714,7.257316,8.003952,8.735089,9.447449,10.139118000000002,10.809018000000002,11.456610000000001,12.08163,12.684210000000002,13.264460000000001,13.822710000000002,14.359070000000001,14.874200000000002,15.36832,15.841870000000002,16.295180000000002,16.728800000000003,17.143060000000002,17.53829,17.914820000000002,18.2732,18.613650000000003,18.936500000000002,19.24208,19.53072,19.802640000000004,20.05817,20.297530000000002,20.520940000000003,20.728620000000003,20.9209,21.097890000000003,21.259700000000002,21.406660000000002,21.538660000000004,21.65614,21.7591,21.847540000000002,21.921680000000002,21.981630000000003,22.02739,22.059070000000002,22.076670000000004,22.0803,22.069850000000002,22.045430000000003,22.00693,21.95446,21.88791,21.80739,21.712570000000003,21.60356,21.480140000000002,21.34242,21.19018,21.0232,20.84148,20.644690000000004,20.43283,20.20568,19.96302,19.704520000000002,19.43007,19.13934,18.832220000000003,18.508160000000004,18.16716,17.80856,17.432360000000003,17.0379,16.62507,16.19321,15.742210000000002,15.271410000000001,14.78059,14.269200000000001,13.73691,13.183280000000002,12.607870000000002,12.01057,11.39105,10.749156000000001,10.085163,9.399489,8.693146,7.967949000000001,7.227077000000001,6.475931,5.723839000000001,4.986982,4.293982000000001,3.6947680000000003,3.2689800000000004,3.1117130000000004,3.2708720000000002,3.6995970000000002,4.303794,5.004659,5.753011000000001,6.520888,7.2926150000000005,8.059370000000001,8.816126,9.560023000000001,10.289554,11.003960000000001,11.7029,12.386550000000002,13.05502,13.708640000000003,14.34796,14.973310000000001,15.585130000000001,16.18408,16.770490000000002,17.344800000000003,17.90756,18.45921,19.00019,19.530829999999998,20.05157,20.56274,21.064890000000002,21.55813,22.042900000000003,22.519530000000003,22.98835,23.44958,23.903550000000003,24.35037,24.79059,25.224100000000004,25.651450000000004,26.072640000000003,26.488,26.897750000000002,27.302000000000003,27.70097,28.094770000000004,28.483730000000005,28.867960000000004,29.247570000000003,29.622780000000002,29.99359,30.360330000000005,30.723000000000003,31.081820000000004,31.436900000000005,31.78835,32.136280000000006,32.4808,32.82213,33.160160000000005,33.49522,33.827200000000005,34.15632,34.482690000000005,34.80642,35.12751,35.446070000000006,35.76221,36.07593000000001,36.38745000000001,36.69666,37.003780000000006
39.912290000000006,39.58746,39.260540000000006,38.93153,38.60032,38.266799999999996,37.93108,37.592940000000006,37.25238,36.909400000000005,36.56378000000001,36.21563,35.86462,35.51097,35.15435,34.794760000000004,34.4322,34.06656,33.69773,33.32549,32.94984,32.57078,32.18809,31.801660000000002,31.411380000000005,31.01714,30.618940000000002,30.216450000000002,29.80967,29.398380000000003,28.982580000000002,28.56194,28.136460000000003,27.705810000000003,27.269990000000004,26.828780000000002,26.38196,25.92942,25.470830000000003,25.006080000000004,24.534950000000002,24.05722,23.572670000000002,23.080970000000004,22.5819,22.07524,21.560660000000002,21.038050000000002,20.506860000000003,19.966870000000004,19.41786,18.85939,18.291240000000002,17.71286,17.12414,16.52464,15.91403,15.29198,14.65827,14.01257,13.35466,12.68465,12.002430000000002,11.308440000000001,10.603208,9.887999,9.164661,8.43623,7.707524000000001,6.986078,6.283761,5.619174000000001,5.020884000000001,4.5305480000000005,4.201175,4.083079000000001,4.197655,4.522386,5.005869000000001,5.594105,6.244623,6.928097,7.625277000000001,8.323777000000002,9.015556,9.695444000000002,10.360031000000001,11.007150000000001,11.635470000000002,12.243990000000002,12.832380000000002,13.400310000000001,13.947780000000002,14.474900000000002,14.981670000000001,15.468530000000001,15.9357,16.3834,16.81185,17.221600000000002,17.61276,17.985770000000002,18.340960000000003,18.678440000000002,18.99865,19.301920000000003,19.58847,19.858520000000002,20.1124,20.35022,20.57231,20.77878,20.969960000000004,21.145960000000002,21.307000000000002,21.453190000000003,21.58464,21.70146,21.80387,21.891980000000004,21.9659,22.02552,22.07117,22.10263,22.120230000000003,22.12375,22.113410000000002,22.089100000000002,22.05093,21.99868,21.932460000000003,21.85227,21.757890000000003,21.649430000000002,21.526780000000002,21.38972,21.23814,21.072150000000004,20.891420000000004,20.69573,20.485190000000003,20.25936,20.018130000000003,19.761390000000002,19.48881,19.20028,18.895360000000004,18.573940000000004,18.23569,17.880390000000002,17.5076,17.11721,16.70867,16.28187,15.83637,15.371950000000002,14.888280000000002,14.384920000000001,13.86176,13.318690000000002,12.755490000000002,12.17205,11.568810000000001,10.946067000000001,10.304591000000002,9.645735000000002,8.971589,8.285453,7.592420000000001,6.900399,6.221666000000001,5.575317,4.990524,4.509626000000001,4.1864680000000005,4.072299,4.189570000000001,4.516831000000001,5.003779000000001,5.597416000000001,6.256162000000001,6.951472000000001,7.664811,8.384365,9.102643000000002,9.814882,10.518101,11.21043,11.89078,12.558480000000001,13.213310000000002,13.855270000000003,14.484250000000001,15.100800000000001,15.704920000000001,16.296940000000003,16.87741,17.446440000000003,18.00458,18.55205,19.0894,19.616740000000004,20.134730000000005,20.64337,21.14321,21.63447,22.11759,22.59268,23.06007,23.520090000000003,23.973070000000003,24.419010000000004,24.858460000000004,25.291420000000002,25.71811,26.13897,26.553890000000003,26.963310000000003,27.36745,27.766200000000005,28.160000000000004,28.548960000000005,28.933190000000003,29.312910000000002,29.68812,30.059150000000002,30.42611,30.789,31.148150000000005,31.503450000000004,31.855230000000002,32.20349,32.54845,32.89,33.22847,33.563970000000005,33.896390000000004,34.225950000000005,34.55276,34.87693,35.198460000000004,35.51746000000001,35.83404,36.14831,36.46027,36.770030000000006,37.07770000000001
39.973890000000004,39.64884000000001,39.3217,38.99247,38.66104,38.32741,37.99158,37.653330000000004,37.31266,36.969570000000004,36.62384000000001,36.275580000000005,35.92457000000001,35.57081,35.21419,34.854710000000004,34.49215,34.12651,33.75768,33.38566,33.01023,32.631280000000004,32.248810000000006,31.862600000000004,31.47265,31.078850000000003,30.68098,30.279040000000002,29.872700000000002,29.46207,29.04682,28.62695,28.202240000000003,27.772580000000005,27.33775,26.897640000000003,26.45203,26.00081,25.54376,25.08066,24.61129,24.13543,23.652970000000003,23.163690000000003,22.667260000000002,22.16346,21.652070000000002,21.13287,20.60553,20.069830000000003,19.52544,18.97225,18.409820000000003,17.837930000000004,17.25647,16.665000000000003,16.06341,15.451590000000003,14.829320000000001,14.196600000000002,13.553650000000001,12.90069,12.23816,11.566830000000001,10.888163,10.203985000000001,9.517211000000001,8.832076,8.154795,7.4943550000000005,6.863802000000001,6.281605,5.772998,5.3699580000000005,5.107476,5.014526,5.102295,5.358518000000001,5.753198,6.250365,6.817228,7.4277940000000005,8.062956,8.709129,9.356831,9.999440000000002,10.632391000000002,11.252450000000001,11.857560000000001,12.446060000000001,13.016960000000001,13.56971,14.10387,14.619330000000001,15.115760000000002,15.593490000000001,16.052410000000002,16.49285,16.914920000000002,17.31884,17.70472,18.07311,18.42401,18.75775,19.07455,19.37474,19.658540000000002,19.92606,20.17763,20.413470000000004,20.63369,20.83862,21.02826,21.20294,21.36277,21.507970000000004,21.63843,21.754590000000004,21.85634,21.943900000000003,22.01727,22.076560000000004,22.121880000000004,22.15323,22.170720000000003,22.17424,22.16401,22.13992,22.101860000000002,22.050050000000002,21.984270000000002,21.90452,21.81091,21.703110000000002,21.58123,21.44516,21.29468,21.129900000000003,20.950490000000002,20.75634,20.547340000000002,20.32338,20.084240000000005,19.829810000000002,19.559760000000004,19.273870000000002,18.97203,18.654020000000003,18.31951,17.968280000000004,17.60022,17.21489,16.812070000000002,16.391650000000002,15.953300000000002,15.4968,15.02215,14.529020000000001,14.017410000000002,13.487430000000002,12.93908,12.372910000000003,11.789470000000001,11.18964,10.574916,9.947410000000001,9.310213000000001,8.667846,8.026810000000001,7.396466,6.7903,6.227276,5.733255,5.340896000000001,5.086037,4.998543000000001,5.090613000000001,5.351005000000001,5.750756000000001,6.254864,6.831396,7.455173,8.107737,8.776141,9.451398000000001,10.127359,10.799833000000001,11.46596,12.12387,12.772210000000001,13.410320000000002,14.037650000000001,14.65409,15.259310000000001,15.85364,16.436970000000002,17.00974,17.57195,18.12393,18.666010000000004,19.198520000000002,19.72157,20.2356,20.740830000000003,21.23748,21.725990000000003,22.206580000000002,22.679470000000002,23.144880000000004,23.603140000000003,24.054470000000002,24.49898,24.937110000000004,25.36897,25.794780000000003,26.21465,26.629020000000004,27.03778,27.441260000000003,27.839570000000005,28.233040000000003,28.62167,29.00568,29.385180000000002,29.76028,30.131310000000003,30.498160000000002,30.861050000000002,31.220200000000006,31.575720000000004,31.92761,32.275980000000004,32.621050000000004,32.96293,33.30162,33.63734,33.970090000000006,34.299980000000005,34.62712,34.951510000000006,35.27337,35.59281000000001,35.90972000000001,36.22432,36.53672000000001,36.846920000000004,37.154920000000004
40.038900000000005,39.71374,39.3866,39.05726,38.72572,38.39209,38.05615,37.71790000000001,37.377230000000004,37.03403,36.68841,36.34015,35.989250000000006,35.635600000000004,35.279090000000004,34.919720000000005,34.55738,34.19196,33.823460000000004,33.451660000000004,33.07656,32.69805,32.31591,31.93025,31.540850000000002,31.1476,30.75039,30.349110000000003,29.943540000000002,29.533790000000003,29.119530000000005,28.700650000000003,28.27715,27.8487,27.41519,26.976620000000004,26.532660000000003,26.083090000000002,25.627910000000004,25.166900000000002,24.699840000000002,24.226620000000004,23.746910000000003,23.260490000000004,22.767360000000004,22.26719,21.759760000000004,21.244850000000003,20.722240000000003,20.191710000000004,19.65304,19.10623,18.55073,17.986650000000004,17.413770000000003,16.831870000000002,16.24106,15.641230000000002,15.032490000000001,14.41506,13.789270000000002,13.15589,12.515580000000002,11.869880000000002,11.220440000000002,10.570109,9.922352,9.282284,8.656879,8.055652,7.491407000000001,6.980842,6.54478,6.206981000000001,5.990919000000001,5.914392,5.9838130000000005,6.191735,6.519392000000001,6.942364,7.436066000000001,7.9789710000000005,8.553688000000001,9.146874000000002,9.74853,10.351253000000002,10.949653000000001,11.53977,12.1187,12.68443,13.235420000000001,13.770570000000003,14.28922,14.79082,15.275150000000002,15.741880000000002,16.19123,16.622870000000002,17.03713,17.43401,17.81373,18.17629,18.52213,18.85125,19.163870000000003,19.46021,19.740490000000005,20.00493,20.253750000000004,20.487060000000003,20.704970000000003,20.90781,21.09569,21.268720000000002,21.42712,21.570890000000002,21.70036,21.815420000000003,21.9164,22.003190000000004,22.07601,22.13486,22.179740000000002,22.210870000000003,22.228250000000003,22.23177,22.22154,22.197670000000002,22.15994,22.108570000000004,22.043340000000004,21.964250000000003,21.8713,21.764490000000002,21.643710000000002,21.508740000000003,21.35969,21.196340000000003,21.018580000000004,20.8263,20.619500000000002,20.39774,20.16113,19.90945,19.642480000000003,19.360000000000003,19.06201,18.748070000000002,18.418180000000003,18.07201,17.70945,17.33039,16.9345,16.52167,16.091900000000003,15.64497,15.180990000000001,14.699850000000001,14.201770000000002,13.687080000000002,13.156110000000002,12.609630000000001,12.04874,11.47476,10.889659,10.296374000000002,9.698733000000002,9.10206,8.513648,7.943397,7.4045510000000005,6.914347000000001,6.4942020000000005,6.168591,5.961813,5.892524000000001,5.968094000000001,6.1820770000000005,6.516653,6.948348,7.453424,8.011102000000001,8.604706000000002,9.221476000000001,9.851952,10.489182000000001,11.128150000000002,11.765270000000001,12.39799,13.024440000000002,13.643300000000002,14.253690000000002,14.855170000000001,15.4473,16.029970000000002,16.602960000000003,17.16638,17.720340000000004,18.264950000000002,18.800430000000002,19.326890000000002,19.844660000000005,20.35385,20.854680000000002,21.34748,21.83236,22.309760000000004,22.779680000000003,23.24245,23.698400000000003,24.147530000000003,24.590170000000004,25.026650000000004,25.456860000000002,25.881240000000002,26.2999,26.713060000000002,27.12083,27.52354,27.921080000000003,28.31378,28.701860000000003,29.08532,29.464380000000002,29.839150000000004,30.209740000000004,30.576480000000004,30.93915,31.29819,31.65349,32.00538,32.353750000000005,32.698930000000004,33.04081,33.37961,33.71533,34.048190000000005,34.3783,34.70555,35.03027,35.35235,35.67201,35.98914,36.30407,36.616690000000006,36.92711,37.235440000000004
40.10754,39.78238,39.455130000000004,39.12579,38.794360000000005,38.460730000000005,38.124790000000004,37.78654,37.445980000000006,37.103,36.757490000000004,36.40945,36.05866,35.70523,35.349050000000005,34.990010000000005,34.628,34.262910000000005,33.894740000000006,33.52349,33.148830000000004,32.77087,32.389390000000006,32.00439,31.61576,31.223280000000003,30.826950000000004,30.426660000000002,30.022190000000002,29.61354,29.200490000000002,28.78293,28.360860000000002,27.933950000000003,27.502200000000002,27.065390000000004,26.623520000000003,26.176150000000003,25.72339,25.26491,24.800600000000003,24.330350000000003,23.853940000000005,23.371260000000003,22.881980000000002,22.38599,21.88318,21.37333,20.856330000000003,20.331960000000002,19.8,19.260450000000002,18.71309,18.157920000000004,17.59494,17.024040000000003,16.445330000000002,15.85903,15.265470000000002,14.66498,14.058330000000002,13.446290000000001,12.83018,12.21176,11.593340000000001,10.978044000000002,10.369986,9.774655,9.199256,8.653084,8.147931000000002,7.698152,7.320379000000001,7.032179000000001,6.849722000000001,6.784514000000001,6.840460000000001,7.012676000000001,7.288710000000001,7.6515010000000006,8.082679,8.564886000000001,9.083096000000001,9.624978000000002,10.180742,10.742743,11.305140000000002,11.863500000000002,12.414380000000001,12.95536,13.484350000000001,14.00014,14.50141,14.98761,15.45819,15.912600000000001,16.350730000000002,16.772470000000002,17.17782,17.566560000000003,17.93891,18.29498,18.63477,18.95839,19.266170000000002,19.558000000000003,19.834319999999998,20.09513,20.34054,20.570880000000002,20.78604,20.986460000000005,21.17214,21.34319,21.499830000000003,21.642060000000004,21.770100000000003,21.88406,21.98394,22.069850000000002,22.141900000000003,22.2002,22.244640000000004,22.27544,22.2926,22.296120000000002,22.286110000000004,22.26235,22.225060000000003,22.17413,22.109560000000002,22.031240000000004,21.939280000000004,21.83357,21.714,21.580460000000002,21.43295,21.271470000000004,21.09569,20.90561,20.70123,20.48222,20.248690000000003,20.0002,19.73686,19.45845,19.16475,18.855760000000004,18.53115,18.19092,17.834850000000003,17.462940000000003,17.07508,16.67105,16.251070000000002,15.815140000000001,15.36326,14.89565,14.412860000000002,13.915110000000002,13.403390000000002,12.878580000000001,12.342110000000002,11.79585,11.242220000000001,10.684564000000002,10.127293000000002,9.576149000000001,9.038667,8.524549,8.046027,7.618006000000001,7.257723,6.983460000000001,6.812168000000001,6.756189,6.820363,7.000730000000001,7.285751,7.659267000000001,8.103711,8.602495000000001,9.141275,9.708303,10.294306,10.892145,11.49632,12.10286,12.708520000000002,13.311100000000001,13.90884,14.50064,15.085510000000001,15.662900000000002,16.232260000000004,16.793480000000002,17.34634,17.89073,18.42687,18.95454,19.474070000000005,19.985460000000003,20.488930000000003,20.98459,21.472660000000005,21.95325,22.426800000000004,22.893200000000004,23.352780000000003,23.805760000000003,24.25225,24.692470000000004,25.126640000000002,25.55498,25.977490000000003,26.394610000000004,26.806230000000003,27.212680000000002,27.61407,28.01051,28.402330000000003,28.789420000000003,29.17211,29.550510000000003,29.92462,30.294770000000003,30.660960000000003,31.023300000000003,31.3819,31.736980000000003,32.08865,32.436800000000005,32.781760000000006,33.12353,33.46233,33.79805,34.13091,34.461020000000005,34.788380000000004,35.1131,35.43529000000001,35.75506000000001,36.072410000000005,36.38745000000001,36.70029,37.01082,37.31937
40.179700000000004,39.85454000000001,39.5274,39.198170000000005,38.86674,38.53322000000001,38.197500000000005,37.85947000000001,37.519130000000004,37.176370000000006,36.83108,36.48326000000001,36.13291,35.77981,35.42396000000001,35.065360000000005,34.703790000000005,34.339360000000006,33.971740000000004,33.60104,33.22715,32.84985,32.46925,32.08513,31.697380000000003,31.305890000000005,30.910660000000004,30.511580000000002,30.108430000000006,29.701100000000004,29.28959,28.87368,28.453370000000003,28.02833,27.598670000000002,27.164060000000003,26.724500000000003,26.27977,25.829760000000004,25.37436,24.91335,24.446510000000004,23.973950000000002,23.495340000000002,23.010570000000005,22.519530000000003,22.022000000000002,21.517980000000005,21.007250000000003,20.48981,19.965440000000005,19.434140000000003,18.8958,18.350640000000002,17.79855,17.23975,16.67446,16.10301,15.52584,14.943610000000001,14.3572,13.76782,13.177120000000002,12.58697,12.00012,11.41998,10.850983000000001,10.29864,9.770002,9.273737,8.82024,8.421567000000001,8.090797,7.841042000000001,7.683709000000001,7.626564,7.6720820000000005,7.816864000000001,8.052231,8.365918,8.744043000000001,9.172768,9.639443000000002,10.133068000000002,10.644513000000002,11.16632,11.692450000000001,12.21836,12.74009,13.255000000000003,13.760780000000002,14.25567,14.738350000000002,15.207720000000002,15.663120000000001,16.104000000000003,16.53003,16.94066,17.335890000000003,17.71561,18.07982,18.428410000000003,18.761380000000003,19.078950000000003,19.38112,19.66789,19.93959,20.19622,20.43778,20.664600000000004,20.87679,21.074350000000003,21.2575,21.426240000000004,21.58079,21.72126,21.84776,21.96018,22.058850000000003,22.143770000000004,22.21505,22.272580000000005,22.316580000000002,22.347050000000003,22.36399,22.367510000000003,22.3575,22.33407,22.29711,22.246840000000002,22.182930000000002,22.105600000000003,22.014740000000003,21.910239999999998,21.791990000000002,21.66021,21.514570000000003,21.35507,21.181600000000003,20.99416,20.792530000000003,20.576710000000002,20.346480000000003,20.101840000000003,19.84268,19.56878,19.280140000000003,18.976540000000004,18.657980000000002,18.324460000000002,17.97576,17.611880000000003,17.23293,16.838800000000003,16.42971,16.005770000000002,15.5672,15.114550000000001,14.648150000000001,14.16899,13.677730000000002,13.17602,12.665180000000001,12.147630000000001,11.626230000000001,11.104390000000002,10.587005,10.079806000000001,9.590196,9.127239000000001,8.701825000000001,8.326516000000002,8.015029,7.7811580000000005,7.637069,7.591353000000001,7.647365,7.802564,8.049173,8.375774000000002,8.769266,9.216559000000002,9.705641,10.22615,10.769429,11.328570000000001,11.897820000000001,12.47301,13.050730000000001,13.628340000000001,14.203750000000001,14.775640000000001,15.342580000000002,15.903800000000002,16.458750000000002,17.006990000000002,17.548080000000002,18.08202,18.60848,19.127460000000003,19.63907,20.143310000000003,20.64018,21.129900000000003,21.61258,22.088330000000003,22.55726,23.01959,23.475430000000003,23.92489,24.3683,24.80566,25.237190000000005,25.663,26.08342,26.498450000000002,26.9082,27.313,27.712850000000003,28.107970000000005,28.49847,28.884460000000004,29.26605,29.64346,30.016800000000003,30.386180000000003,30.751710000000003,31.113390000000003,31.47155,31.826080000000005,32.17731,32.525130000000004,32.86976,33.211310000000005,33.549780000000005,33.88539,34.21814,34.548030000000004,34.87539,35.2,35.52219000000001,35.84196,36.159420000000004,36.47446,36.78741,37.09805,37.406710000000004
40.25538,39.930330000000005,39.603300000000004,39.27429,38.94308,38.60978000000001,38.274280000000005,37.936580000000006,37.59646000000001,37.25403,36.909180000000006,36.561800000000005,36.211890000000004,35.859230000000004,35.503930000000004,35.145880000000005,34.78497,34.421200000000006,34.05435000000001,33.68442,33.3113,32.93499,32.55538000000001,32.17225,31.785600000000002,31.39543,31.001520000000003,30.60387,30.20215,29.796580000000002,29.38683,28.97279,28.554460000000002,28.131730000000005,27.704380000000004,27.2723,26.835490000000004,26.39373,25.946910000000003,25.49481,25.03754,24.57477,24.1065,23.632510000000003,23.1528,22.667260000000002,22.175670000000004,21.678030000000003,21.174340000000004,20.664490000000004,20.148370000000003,19.62609,19.09776,18.563380000000002,18.02317,17.47746,16.926470000000002,16.37075,15.810850000000002,15.247870000000002,14.682690000000001,14.11663,13.551780000000003,12.990120000000001,12.43473,11.88902,11.35739,10.845461,10.359712000000002,9.907986000000001,9.499248000000001,9.143453000000001,8.850897,8.631469000000001,8.493408,8.442115000000001,8.47924,8.602264,8.804906,9.078080000000002,9.411182,9.793168,10.213478,10.662553,11.132110000000003,11.615010000000002,12.105610000000002,12.599070000000001,13.091430000000003,13.579720000000002,14.061300000000001,14.534410000000001,14.9974,15.449060000000003,15.888400000000003,16.31476,16.72748,17.12612,17.51057,17.880390000000002,18.235580000000002,18.57592,18.90152,19.21227,19.508280000000003,19.789440000000003,20.055970000000002,20.30787,20.54525,20.76822,20.97689,21.171260000000004,21.35155,21.51776,21.67,21.808380000000003,21.933010000000003,22.044,22.14124,22.22495,22.295240000000003,22.352000000000004,22.395450000000004,22.425480000000004,22.442200000000003,22.445610000000002,22.435710000000004,22.41261,22.3762,22.326480000000004,22.263450000000002,22.187110000000004,22.09746,21.994280000000003,21.87779,21.747770000000003,21.60422,21.44703,21.2762,21.09151,20.89307,20.68077,20.45439,20.21393,19.959390000000003,19.69055,19.40752,19.110080000000004,18.798230000000004,18.471970000000002,18.131300000000003,17.77633,17.40706,17.02371,16.62639,16.21543,15.791270000000003,15.354350000000002,14.90555,14.445750000000002,13.976050000000003,13.49799,13.013550000000002,12.52504,12.03576,11.54912,11.070180000000002,10.604506,10.159061000000001,9.742095,9.363057000000001,9.03243,8.761126,8.559705000000001,8.437143,8.399655000000001,8.449694000000001,8.585588000000001,8.801881,9.090334,9.441058,9.843746000000001,10.288498,10.766338000000001,11.2695,11.791340000000002,12.326600000000001,12.87077,13.420220000000002,13.97231,14.524730000000002,15.075610000000001,15.623850000000001,16.168020000000002,16.707680000000003,17.241840000000003,17.770390000000003,18.29267,18.808680000000003,19.318200000000004,19.821120000000004,20.317440000000005,20.807160000000003,21.290280000000003,21.766800000000003,22.23705,22.70081,23.158520000000003,23.61007,24.055570000000003,24.495350000000002,24.92941,25.357860000000002,25.780920000000002,26.198700000000002,26.611420000000003,27.019080000000002,27.42179,27.819770000000002,28.213240000000003,28.6022,28.986760000000004,29.36714,29.743340000000003,30.11558,30.483970000000003,30.848510000000005,31.20942,31.56681,31.92079,32.27136,32.61863,32.96282,33.30393,33.642070000000004,33.97735,34.30977,34.63955000000001,34.96658,35.29119000000001,35.61316,35.93282000000001,36.250170000000004,36.56521000000001,36.87805,37.1888,37.497460000000004
40.33458,40.009750000000004,39.68294,39.354150000000004,39.023270000000004,38.69030000000001,38.35524,38.01787,37.67819,37.336200000000005,36.99179,36.644960000000005,36.29549,35.943490000000004,35.58896,35.231570000000005,34.871430000000004,34.508430000000004,34.14246,33.77341,33.40139,33.026180000000004,32.647670000000005,32.265750000000004,31.88053,31.491790000000005,31.099420000000006,30.703310000000002,30.30346,29.89965,29.49199,29.08015,28.66413,28.243820000000003,27.81922,27.39,26.956270000000004,26.5177,26.074510000000004,25.626260000000002,25.17306,24.71469,24.251150000000003,23.78244,23.308230000000002,22.82863,22.34353,21.85293,21.35683,20.85512,20.34802,19.835420000000003,19.31765,18.794820000000005,18.26726,17.735190000000003,17.199270000000002,16.659940000000002,16.118190000000002,15.57479,15.031170000000001,14.48887,13.94987,13.41637,12.89156,12.378850000000002,11.882640000000002,11.407990000000002,10.961137,10.548802,10.178696000000002,9.858970000000001,9.597764,9.402624000000001,9.279622,9.232652,9.262781,9.368095000000002,9.543875,9.783257,10.07798,10.419167000000002,10.798084000000001,11.206470000000001,11.637010000000002,12.08317,12.539340000000001,13.000900000000001,13.464110000000002,13.925670000000002,14.382830000000002,14.833720000000001,15.276360000000002,15.70954,16.13205,16.543120000000002,16.94187,17.32786,17.700650000000003,18.059910000000002,18.40542,18.73696,19.05453,19.35791,19.647100000000002,19.922210000000003,20.18313,20.42986,20.66262,20.881410000000002,21.08612,21.27708,21.45418,21.617530000000002,21.76724,21.90331,22.02596,22.135190000000005,22.230890000000002,22.313390000000002,22.38247,22.43846,22.481140000000003,22.510730000000002,22.52723,22.53053,22.520850000000003,22.497970000000002,22.462110000000003,22.413050000000002,22.351010000000002,22.27577,22.187440000000002,22.085910000000002,21.971180000000004,21.84314,21.701900000000002,21.547240000000002,21.37927,21.197770000000002,21.00285,20.79429,20.57209,20.336360000000003,20.08677,19.82354,19.546560000000003,19.25572,18.951130000000003,18.632790000000004,18.30092,17.95541,17.596480000000003,17.22457,16.83979,16.442580000000003,16.03349,15.613180000000002,15.182530000000002,14.742750000000001,14.29494,13.841080000000002,13.383040000000001,12.92346,12.465420000000002,12.012880000000001,11.57046,11.14333,10.738222,10.362275,10.023662000000002,9.731073,9.493264000000002,9.318419,9.213347,9.182679,9.228285000000001,9.349043,9.541048,9.798195000000002,10.112938000000002,10.477148000000001,10.882674000000002,11.321860000000001,11.787930000000001,12.27468,12.777160000000002,13.290970000000002,13.812590000000002,14.339160000000001,14.868260000000001,15.398020000000002,15.92679,16.45336,16.976850000000002,17.496380000000002,18.01151,18.521580000000004,19.026480000000003,19.52577,20.019340000000003,20.507080000000002,20.98888,21.464850000000002,21.93477,22.398860000000003,22.857120000000002,23.30955,23.75637,24.197580000000002,24.63318,25.0635,25.48854,25.908520000000003,26.323330000000002,26.733300000000003,27.13843,27.53883,27.934720000000002,28.326210000000003,28.713410000000003,29.096320000000002,29.475050000000003,29.84993,30.220850000000002,30.588030000000003,30.95147,31.311500000000002,31.667900000000003,32.021,32.3708,32.71741,33.06105,33.4015,33.739200000000004,34.073930000000004,34.40602,34.73536,35.06217,35.386340000000004,35.708200000000005,36.027640000000005,36.344770000000004,36.6597,36.97243,37.28296,37.59162
40.417300000000004,40.092800000000004,39.76632000000001,39.43786000000001,39.107420000000005,38.77478000000001,38.44016,38.10323,37.764100000000006,37.42266000000001,37.0788,36.73263000000001,36.38393000000001,36.032590000000006,35.67883,35.32232,34.963060000000006,34.60094,34.236070000000005,33.868120000000005,33.49720000000001,33.123200000000004,32.746120000000005,32.36563,31.981950000000005,31.59475,31.204140000000002,30.809900000000003,30.412030000000005,30.010420000000003,29.604960000000002,29.19554,28.782160000000005,28.364600000000003,27.942860000000003,27.516830000000002,27.08651,26.651680000000002,26.21223,25.76816,25.319470000000003,24.865940000000002,24.407570000000003,23.944360000000003,23.476200000000002,23.00298,22.52492,22.041800000000002,21.55373,21.060820000000003,20.563180000000003,20.061030000000002,19.554370000000002,19.043640000000003,18.52917,18.011400000000002,17.49099,16.968490000000003,16.445110000000003,15.92173,15.399780000000002,14.880910000000002,14.367320000000001,13.861210000000002,13.365770000000001,12.8843,12.421090000000001,11.980760000000002,11.5687,11.191070000000002,10.854316,10.565049,10.329803,10.154364000000001,10.043330000000001,9.999528,10.023673,10.114247,10.267631000000002,10.478468000000001,10.740257000000001,11.04587,11.387860000000002,11.759440000000001,12.1539,12.56541,12.98891,13.419780000000001,13.854390000000002,14.28944,14.722290000000001,15.150740000000003,15.57281,15.987070000000001,16.392310000000002,16.78743,17.171770000000002,17.54445,17.905030000000004,18.253180000000004,18.58846,18.910650000000004,19.219640000000002,19.5151,19.79714,20.06565,20.32063,20.56186,20.78956,21.00373,21.204370000000004,21.39148,21.565170000000002,21.72544,21.872290000000003,22.005940000000002,22.12639,22.23364,22.3278,22.408760000000004,22.47674,22.531740000000003,22.57376,22.6028,22.61897,22.62227,22.61259,22.59015,22.554730000000003,22.50655,22.445390000000003,22.371470000000002,22.284570000000002,22.18469,22.07194,21.9461,21.80739,21.655480000000004,21.49059,21.312610000000003,21.12132,20.91694,20.69936,20.468580000000003,20.22449,19.967200000000002,19.6966,19.41291,19.116130000000002,18.80626,18.483520000000002,18.148020000000002,17.8002,17.440170000000002,17.06848,16.685570000000002,16.2921,15.888840000000002,15.476780000000002,15.05724,14.631650000000002,14.201770000000002,13.769910000000001,13.33849,12.91092,12.490720000000001,12.082400000000002,11.69102,11.3223,10.982873,10.679537,10.419552000000001,10.209969000000001,10.057267000000001,9.966693000000001,9.941832999999999,9.984139,10.092874000000002,10.265145000000002,10.496365,10.780715,11.11176,11.482680000000002,11.88715,12.31912,12.77331,13.24477,13.72943,14.22399,14.725480000000001,15.231370000000002,15.739790000000001,16.24887,16.75751,17.2645,17.768850000000004,18.270010000000003,18.76743,19.26056,19.749070000000003,20.23274,20.71135,21.184790000000003,21.65295,22.115720000000003,22.573320000000002,23.025420000000004,23.472240000000003,23.913890000000002,24.350260000000002,24.781570000000002,25.207710000000002,25.62901,26.045360000000002,26.45698,26.863870000000002,27.266250000000003,27.664120000000004,28.057590000000005,28.446770000000004,28.83188,29.212920000000004,29.58989,29.963120000000004,30.332610000000003,30.69836,31.06059,31.4193,31.774710000000002,32.12671,32.47563,32.82136,33.164120000000004,33.504020000000004,33.84095000000001,34.17513,34.50667000000001,34.835570000000004,35.16183,35.485670000000006,35.8072,36.126310000000004,36.443110000000004,36.75782000000001,37.07033,37.380750000000006,37.68919
40.50354,40.17937,39.85333,39.525310000000005,39.195310000000006,38.86322,38.52904000000001,38.19277,37.85419,37.51341,37.170320000000004,36.82481000000001,36.47688000000001,36.12653,35.773540000000004,35.418020000000006,35.05975,34.698840000000004,34.33507,33.96844,33.59884,33.22627,32.850620000000006,32.47178,32.08975,31.704420000000002,31.315680000000004,30.923530000000003,30.527860000000004,30.128560000000004,29.725520000000003,29.318850000000005,28.908220000000004,28.493740000000003,28.075190000000003,27.652680000000004,27.225990000000003,26.795010000000005,26.35985,25.92029,25.47644,25.028080000000003,24.57532,24.11794,23.656160000000003,23.189870000000003,22.719070000000002,22.243980000000004,21.764490000000002,21.280820000000002,20.79308,20.3016,19.806490000000004,19.308300000000003,18.807360000000003,18.30422,17.79954,17.2942,16.78919,16.28572,15.78522,15.28956,14.800500000000001,14.320790000000002,13.853290000000001,13.401080000000002,12.968230000000002,12.55903,12.17832,11.83116,11.52316,11.259820000000001,11.0462,10.886953000000002,10.785522000000002,10.744019,10.762939000000001,10.841028000000001,10.975415000000002,11.16192,11.39523,11.669570000000002,11.97878,12.31703,12.67838,13.05777,13.450360000000002,13.851970000000001,14.258970000000001,14.668170000000002,15.076930000000003,15.48305,15.88455,16.279780000000002,16.667420000000003,17.046370000000003,17.41575,17.77468,18.12272,18.45921,18.78393,19.096330000000002,19.39619,19.683510000000002,19.95796,20.219430000000003,20.46803,20.70343,20.92574,21.135070000000002,21.331200000000003,21.51424,21.684300000000004,21.841160000000002,21.98515,22.11616,22.23419,22.33935,22.43164,22.511170000000003,22.577830000000002,22.631840000000004,22.67298,22.70147,22.71731,22.720500000000005,22.71104,22.688930000000003,22.65417,22.60676,22.5467,22.474100000000004,22.388740000000002,22.29073,22.18007,22.05665,21.92047,21.77164,21.61005,21.4357,21.24848,21.048500000000004,20.835760000000004,20.61026,20.372,20.12098,19.857310000000002,19.5811,19.292460000000002,18.991390000000003,18.678330000000003,18.35339,18.017010000000003,17.66941,17.31114,16.94286,16.565340000000003,16.179460000000002,15.786210000000002,15.387020000000001,14.98332,14.577200000000001,14.170750000000002,13.766610000000002,13.36797,12.978350000000002,12.601820000000002,12.243110000000001,11.907390000000001,11.600380000000001,11.327910000000001,11.096030000000003,10.91057,10.776590000000002,10.698281,10.678470000000003,10.718345000000001,10.817378000000001,10.973446000000001,11.18304,11.441540000000002,11.743820000000001,12.084490000000002,12.457830000000001,12.85889,13.282830000000002,13.72525,14.18241,14.650900000000002,15.127970000000001,15.611090000000003,16.098280000000003,16.58789,17.078380000000003,17.56865,18.0576,18.54446,19.02868,19.509710000000002,19.987000000000002,20.460330000000003,20.929370000000002,21.393900000000002,21.853920000000002,22.30921,22.75966,23.20538,23.64626,24.082300000000004,24.5135,24.939970000000002,25.361710000000002,25.778830000000003,26.191330000000004,26.59943,27.003020000000003,27.402210000000004,27.797220000000003,28.18805,28.574810000000003,28.957610000000003,29.336450000000003,29.711550000000003,30.082910000000002,30.450640000000003,30.814850000000003,31.17554,31.532930000000004,31.887020000000003,32.23792,32.58574,32.93048,33.27236,33.611270000000005,33.947430000000004,34.280950000000004,34.611720000000005,34.940070000000006,35.26578000000001,35.589180000000006,35.910160000000005,36.22883,36.545300000000005,36.85957,37.17175,37.481950000000005,37.790060000000004
40.5933,40.26957,39.94397,39.6165,39.28705,38.95562,38.621990000000004,38.28638,37.948570000000004,37.608450000000005,37.26624,36.92161,36.574560000000005,36.22509,35.873200000000004,35.51878,35.16161,34.80191000000001,34.439460000000004,34.07426,33.70609,33.335060000000006,32.96106,32.58409,32.20382,31.820580000000003,31.433930000000004,31.043980000000005,30.650730000000003,30.25396,29.853670000000005,29.449860000000005,29.042310000000004,28.63102,28.21599,27.79711,27.374380000000002,26.947690000000005,26.51704,26.082320000000003,25.643530000000002,25.200670000000002,24.75374,24.30263,23.84756,23.388530000000003,22.92554,22.45859,21.988010000000003,21.513910000000003,21.03651,20.556030000000003,20.072910000000004,19.58748,19.10029,18.61189,18.123160000000002,17.634980000000002,17.14834,16.664450000000002,16.18496,15.711630000000001,15.246440000000002,14.791810000000002,14.35049,13.92556,13.52065,13.139610000000001,12.78673,12.466410000000002,12.18338,11.942150000000002,11.746680000000001,11.600820000000002,11.50721,11.46739,11.481580000000001,11.548900000000001,11.667040000000002,11.83248,12.041040000000002,12.287880000000001,12.56783,12.87594,13.207150000000002,13.55662,13.920280000000002,14.294060000000002,14.674660000000001,15.058890000000002,15.444220000000001,15.82834,16.20938,16.58558,16.95562,17.31829,17.67249,18.01745,18.35262,18.67723,18.99084,19.293120000000002,19.583630000000003,19.862370000000002,20.1289,20.383110000000002,20.62489,20.85413,21.07094,21.274990000000003,21.466390000000004,21.64514,21.81124,21.96469,22.105490000000003,22.23364,22.34925,22.452100000000005,22.542520000000003,22.620400000000004,22.685740000000003,22.73854,22.778910000000003,22.80685,22.82236,22.82533,22.816090000000003,22.794310000000003,22.76021,22.713680000000004,22.65472,22.583440000000003,22.499840000000003,22.403810000000004,22.295350000000003,22.174460000000003,22.041140000000002,21.895500000000002,21.73743,21.566930000000003,21.384000000000004,21.188750000000002,20.98107,20.76107,20.52886,20.284550000000003,20.02803,19.75963,19.479460000000003,19.18774,18.88458,18.57053,18.245810000000002,17.91086,17.56645,17.213130000000003,16.851670000000002,16.483060000000002,16.108620000000002,15.729560000000001,15.34753,14.964510000000002,14.5827,14.20463,13.83338,13.472360000000002,13.12531,12.796520000000001,12.4905,12.212420000000002,11.967120000000001,11.75966,11.594880000000002,11.476960000000002,11.4092,11.393800000000002,11.43197,11.523050000000001,11.66572,11.85712,12.09362,12.37104,12.684870000000002,13.030600000000002,13.403610000000002,13.79983,14.215190000000002,14.64639,15.09013,15.543660000000001,16.00478,16.471290000000003,16.941540000000003,17.413990000000002,17.88743,18.360870000000002,18.833320000000004,19.30412,19.772720000000003,20.23846,20.70112,21.16026,21.615660000000002,22.067100000000003,22.514470000000003,22.95755,23.39645,23.830840000000002,24.26105,24.68675,25.108050000000002,25.52506,25.93778,26.346210000000003,26.75035,27.150420000000004,27.546310000000005,27.93824,28.326100000000004,28.710220000000003,29.09038,29.466910000000002,29.83981,30.209080000000004,30.57494,30.937390000000004,31.29643,31.65228,32.004940000000005,32.35452,32.70102000000001,33.04466000000001,33.38544,33.72336,34.058640000000004,34.39128,34.72128000000001,35.048860000000005,35.37391,35.696650000000005,36.01708000000001,36.3352,36.65123,36.96506,37.2768,37.586560000000006,37.894450000000006
40.686580000000006,40.363400000000006,40.03835,39.71143000000001,39.38264,39.05176000000001,38.7189,38.38406,38.04702,37.70778000000001,37.36645,37.02281,36.676750000000006,36.32838,35.97759,35.62438000000001,35.268530000000005,34.91015,34.549130000000005,34.18547,33.81895,33.44968,33.07744,32.70234,32.324160000000006,31.943010000000005,31.55867,31.17125,30.780530000000002,30.38651,29.98908,29.588350000000002,29.1841,28.77633,28.365040000000004,27.950120000000002,27.531460000000003,27.109280000000002,26.683360000000004,26.253700000000002,25.8203,25.383160000000004,24.942390000000003,24.49799,24.049960000000002,23.598300000000002,23.143340000000002,22.685080000000003,22.22363,21.759430000000002,21.29248,20.823330000000002,20.3522,19.879750000000005,19.40642,18.93287,18.45998,17.988740000000004,17.52014,17.05561,16.59647,16.1447,15.70217,15.27119,14.8544,14.45466,14.075270000000002,13.719750000000001,13.391730000000003,13.095060000000002,12.8337,12.61128,12.431320000000001,12.296680000000002,12.209340000000001,12.170620000000001,12.18063,12.2386,12.342550000000001,12.489620000000002,12.6764,12.898930000000002,13.152920000000002,13.433750000000002,13.737350000000001,14.059320000000001,14.39592,14.743520000000002,15.098930000000001,15.459180000000002,15.821850000000001,16.184520000000003,16.54543,16.90293,17.255370000000003,17.601650000000003,17.94067,18.27155,18.593519999999998,18.90603,19.20842,19.50025,19.781190000000002,20.05102,20.309300000000004,20.556030000000003,20.79088,21.013740000000002,21.224500000000003,21.423270000000002,21.60972,21.78407,21.945990000000002,22.09581,22.2332,22.358380000000004,22.47124,22.571890000000003,22.660220000000002,22.736340000000002,22.800250000000002,22.851840000000003,22.891330000000004,22.91861,22.933680000000003,22.936650000000004,22.92752,22.90618,22.87274,22.827090000000002,22.769450000000003,22.6996,22.61776,22.52371,22.41756,22.299420000000005,22.16907,22.02673,21.872400000000003,21.705970000000004,21.527440000000002,21.33714,21.13485,20.92068,20.694850000000002,20.457250000000002,20.208320000000004,19.947950000000002,19.67658,19.39421,19.10139,18.798340000000003,18.48561,18.16364,17.833090000000002,17.49462,17.14933,16.7981,16.442030000000003,16.08277,15.721860000000001,15.36128,15.003120000000003,14.64991,14.30451,13.970110000000002,13.65023,13.34861,13.06954,12.81709,12.59577,12.40976,12.263020000000001,12.15896,12.100440000000003,12.089110000000002,12.125960000000001,12.21066,12.342000000000002,12.518000000000002,12.73558,12.99144,13.28173,13.60271,13.95053,14.321340000000001,14.711730000000001,15.11862,15.538820000000003,15.970020000000002,16.409910000000004,16.85629,17.30762,17.76236,18.21919,18.67712,19.13505,19.59232,20.048270000000002,20.502350000000003,20.95401,21.40303,21.84897,22.291610000000002,22.73073,23.16622,23.59786,24.025760000000002,24.449700000000004,24.86957,25.28559,25.69754,26.10553,26.50956,26.909630000000003,27.30574,27.698110000000003,28.086630000000003,28.47152,28.852560000000004,29.230080000000005,29.604080000000003,29.974560000000004,30.341630000000002,30.705400000000004,31.065870000000004,31.423040000000004,31.777240000000003,32.12825,32.476400000000005,32.821580000000004,33.163900000000005,33.50347,33.84029,34.17447,34.50612,34.83524,35.16194,35.48622,35.80819,36.12796000000001,36.44542,36.76079000000001,37.074180000000005,37.38548000000001,37.6948,38.002140000000004
40.78327,40.460640000000005,40.13625,39.80999,39.481970000000004,39.15186,38.81988,38.48581,38.14965,37.811400000000006,37.47095000000001,37.12841000000001,36.78345000000001,36.43629,36.08682,35.73482,35.38051,35.02356,34.66408,34.30207000000001,33.937310000000004,33.5698,33.199540000000006,32.826530000000005,32.45055,32.07171,31.689900000000005,31.305010000000003,30.917040000000004,30.525880000000004,30.13164,29.7341,29.333370000000002,28.92923,28.521900000000002,28.11116,27.69701,27.27945,26.85848,26.4341,26.006420000000002,25.57533,25.14094,24.70325,24.26248,23.818630000000002,23.371920000000003,22.92246,22.470470000000002,22.016170000000002,21.560000000000002,21.102180000000004,20.64337,20.183790000000002,19.724320000000002,19.265620000000002,18.808460000000004,18.353830000000002,17.90283,17.45689,17.01755,16.586350000000003,16.165270000000003,15.75651,15.3626,14.986180000000001,14.630000000000003,14.29747,13.991560000000002,13.71568,13.47324,13.26721,13.100340000000001,12.975050000000001,12.892880000000002,12.85482,12.86109,12.9107,13.002110000000002,13.13312,13.30087,13.501730000000002,13.73229,13.988590000000002,14.266890000000002,14.56356,14.874970000000001,15.19804,15.529580000000003,15.866950000000001,16.20773,16.54972,16.89105,17.229960000000002,17.56513,17.89513,18.21908,18.535770000000003,18.84465,19.144840000000002,19.43579,19.717060000000004,19.988210000000002,20.248910000000002,20.49883,20.737750000000002,20.96534,21.181600000000003,21.38642,21.57947,21.76086,21.930480000000003,22.088220000000003,22.234080000000002,22.36806,22.49005,22.600160000000002,22.69839,22.784630000000003,22.858880000000003,22.92125,22.97163,23.01013,23.03675,23.05149,23.054350000000003,23.04533,23.024430000000002,22.99165,22.946990000000003,22.89056,22.82236,22.742280000000004,22.650430000000004,22.54681,22.43131,22.30415,22.165330000000004,22.014740000000003,21.852490000000003,21.67869,21.493450000000003,21.296660000000003,21.08854,20.869200000000003,20.63886,20.39752,20.14551,19.88294,19.610360000000004,19.32788,19.03616,18.73542,18.426430000000003,18.109740000000002,17.786340000000003,17.45689,17.12271,16.7849,16.445,16.10444,15.765420000000002,15.4297,15.10003,14.778830000000001,14.46929,14.174380000000001,13.897620000000002,13.642750000000001,13.413400000000003,13.213420000000001,13.046220000000002,12.91532,12.82347,12.772980000000002,12.765390000000002,12.801360000000003,12.88078,13.002660000000002,13.165460000000001,13.366760000000001,13.603810000000001,13.873420000000001,14.172290000000002,14.497340000000001,14.84505,15.21245,15.59657,15.994880000000002,16.404850000000003,16.82428,17.25141,17.68437,18.12173,18.56228,19.004700000000003,19.448330000000002,19.89207,20.33537,20.77757,21.218230000000002,21.6568,22.09306,22.526680000000002,22.957440000000002,23.38501,23.80928,24.23025,24.6477,25.06163,25.471930000000004,25.878600000000002,26.28164,26.681050000000003,27.076830000000005,27.468980000000006,27.8575,28.242500000000003,28.62398,29.001940000000005,29.376600000000003,29.74774,30.115690000000004,30.48034,30.841800000000003,31.200180000000003,31.555480000000003,31.907700000000006,32.25706,32.60345,32.94709,33.287980000000005,33.62623,33.96184,34.294810000000005,34.62536,34.95349,35.2792,35.6026,35.92380000000001,36.24269,36.559490000000004,36.8742,37.186930000000004,37.49757,37.80634,38.113240000000005
40.88337,40.56151,40.23778,39.912290000000006,39.58493,39.255810000000004,38.924600000000005,38.59152,38.256350000000005,37.919090000000004,37.57985,37.23841,36.89466,36.54882,36.20067,35.850100000000005,35.497220000000006,35.14192,34.784200000000006,34.423840000000006,34.060950000000005,33.695530000000005,33.32736,32.95655,32.58288,32.206570000000006,31.827290000000005,31.445150000000005,31.06004,30.672070000000005,30.28102,29.887000000000004,29.489900000000002,29.089720000000003,28.68635,28.28001,27.870480000000004,27.457760000000004,27.042070000000002,26.62319,26.201340000000005,25.776410000000002,25.34862,24.91808,24.484680000000004,24.048750000000002,23.61051,23.169960000000003,22.72754,22.28347,21.83808,21.3917,20.94499,20.498500000000003,20.052780000000002,19.608600000000003,19.16684,18.72849,18.29465,17.86675,17.44611,17.03449,16.63365,16.245790000000003,15.87311,15.517920000000002,15.182970000000001,14.871120000000001,14.58501,14.327500000000002,14.101560000000001,13.90961,13.754070000000002,13.636590000000002,13.558710000000001,13.521090000000001,13.52373,13.56586,13.64638,13.763090000000002,13.913680000000001,14.095290000000002,14.304840000000002,14.538810000000002,14.794120000000001,15.06736,15.35556,15.655530000000002,15.96463,16.28022,16.6001,16.92207,17.24437,17.565350000000002,17.883470000000003,18.19752,18.506400000000003,18.80912,19.10469,19.392670000000003,19.67218,19.942780000000003,20.204030000000003,20.45549,20.696830000000002,20.927720000000004,21.14805,21.3576,21.55604,21.743370000000002,21.91948,22.08426,22.237600000000004,22.3795,22.50985,22.628650000000004,22.7359,22.831490000000002,22.91553,22.987910000000003,23.04863,23.097800000000003,23.13531,23.161270000000005,23.17557,23.178210000000004,23.1693,23.14884,23.11683,23.07327,23.01816,22.9515,22.873290000000004,22.78375,22.682550000000003,22.570020000000003,22.446160000000003,22.31086,22.164230000000003,22.006380000000004,21.83742,21.657350000000005,21.46628,21.26432,21.05169,20.828500000000002,20.59508,20.35143,20.098100000000002,19.83531,19.563390000000002,19.282890000000002,18.99425,18.698240000000002,18.395410000000002,18.086750000000002,17.77314,17.45557,17.13547,16.81427,16.49351,16.17495,15.860790000000001,15.553230000000001,15.254690000000002,14.968030000000002,14.696220000000002,14.442120000000003,14.209140000000001,14.000580000000001,13.81952,13.669150000000002,13.55222,13.47115,13.427810000000001,13.423630000000001,13.459050000000001,13.534180000000003,13.648140000000001,13.799610000000001,13.98672,14.207270000000001,14.458620000000002,14.737910000000001,15.04228,15.36898,15.71526,16.07837,16.456110000000002,16.84606,17.24613,17.654670000000003,18.06992,18.490450000000003,18.91505,19.3424,19.77173,20.202160000000003,20.632810000000003,21.06313,21.49268,21.920800000000003,22.34727,22.77176,23.193830000000002,23.61326,24.030050000000003,24.443980000000003,24.85472,25.262380000000004,25.666850000000004,26.06813,26.466,26.860570000000003,27.251730000000002,27.639590000000002,28.024150000000002,28.405410000000003,28.78337,29.158030000000004,29.529500000000002,29.897890000000004,30.262980000000002,30.625100000000003,30.984140000000004,31.340210000000003,31.693310000000004,32.04366,32.391040000000004,32.73578,33.07777,33.417010000000005,33.75383000000001,34.088010000000004,34.41977000000001,34.74911,35.07603,35.40064,35.72305,36.04326,36.361380000000004,36.67730000000001,36.991350000000004,37.30331,37.61329,37.9214,38.22775
40.986880000000006,40.66579,40.342830000000006,40.01822000000001,39.69174,39.3635,39.033280000000005,38.70119,38.36701000000001,38.03096,37.69282,37.352700000000006,37.01027,36.66586,36.319140000000004,35.970110000000005,35.618880000000004,35.26523,34.90927000000001,34.55089,34.189980000000006,33.82665,33.46068,33.092180000000006,32.72104,32.347260000000006,31.970730000000003,31.59156,31.20953,30.824750000000005,30.437220000000003,30.046720000000004,29.653470000000002,29.257250000000003,28.85828,28.45634,28.051650000000002,27.6441,27.233690000000003,26.82053,26.404620000000005,25.98618,25.5651,25.141710000000003,24.716010000000004,24.288110000000003,23.858340000000002,23.426920000000003,22.994070000000004,22.56023,22.12562,21.690790000000003,21.25618,20.822560000000003,20.39026,19.960380000000004,19.53369,19.11107,18.69384,18.28321,17.8805,17.487470000000002,17.105770000000003,16.737270000000002,16.38417,16.048560000000002,15.73286,15.4396,15.1712,14.92997,14.71855,14.538810000000002,14.392840000000001,14.282180000000002,14.207820000000002,14.170200000000001,14.16954,14.205070000000001,14.275580000000001,14.379640000000002,14.51505,14.67928,14.86969,15.083530000000001,15.31783,15.56962,15.83604,16.11456,16.402540000000002,16.697560000000003,16.99742,17.300250000000002,17.604290000000002,17.907780000000002,18.20929,18.50761,18.801750000000002,19.090500000000002,19.37309,19.648750000000003,19.916710000000002,20.176640000000003,20.42788,20.669990000000002,20.90264,21.12561,21.33846,21.54097,21.733140000000002,21.914640000000002,22.08536,22.24508,22.39391,22.531740000000003,22.658350000000002,22.77385,22.878020000000003,22.97108,23.0527,23.123210000000004,23.182280000000002,23.230130000000003,23.266650000000002,23.29184,23.3057,23.308230000000002,23.29954,23.27952,23.24828,23.205710000000003,23.15192,23.08691,23.010790000000004,22.923450000000003,22.824890000000003,22.715330000000005,22.594770000000004,22.46321,22.32065,22.167310000000004,22.003300000000003,21.82851,21.64327,21.44769,21.241880000000002,21.02606,20.80045,20.565490000000004,20.32129,20.06829,19.80693,19.537650000000003,19.261110000000002,18.977970000000003,18.68889,18.394750000000002,18.09654,17.795360000000002,17.492530000000002,17.18926,16.887310000000003,16.588440000000002,16.294520000000002,16.00775,15.730440000000002,15.465120000000002,15.214430000000002,14.98112,14.76805,14.578080000000002,14.41407,14.278660000000002,14.17416,14.102770000000001,14.065920000000002,14.064820000000001,14.10002,14.171520000000001,14.278660000000002,14.420450000000002,14.59535,14.801490000000001,15.03645,15.298250000000001,15.584140000000001,15.8917,16.218510000000002,16.562260000000002,16.92075,17.291890000000002,17.6737,18.06453,18.462840000000003,18.867090000000005,19.276180000000004,19.688790000000004,20.10415,20.52127,20.939490000000003,21.358040000000003,21.776480000000003,22.194150000000004,22.61072,23.02586,23.43924,23.850530000000003,24.259620000000005,24.66618,25.070210000000003,25.47149,25.86991,26.265470000000004,26.657950000000003,27.04757,27.434000000000005,27.81746,28.197840000000003,28.57514,28.94947,29.320610000000002,29.68889,30.054090000000002,30.416320000000002,30.775690000000004,31.1322,31.485850000000003,31.836750000000002,32.18479000000001,32.530300000000004,32.87306,33.21329,33.55088000000001,33.886050000000004,34.2188,34.549130000000005,34.87715,35.20286,35.52626,35.847570000000005,36.166790000000006,36.483920000000005,36.79896000000001,37.11202,37.42321,37.732420000000005,38.03987,38.345560000000006
41.09391,40.773480000000006,40.45151,40.12767,39.80218,39.47493,39.145700000000005,38.81471,38.48174000000001,38.1469,37.81008,37.47117000000001,37.130280000000006,36.78719,36.44212,36.09474,35.745160000000006,35.39338000000001,35.03929,34.68289000000001,34.324180000000005,33.96305,33.59939,33.23342,32.86481,32.49378,32.12022,31.744020000000003,31.365180000000002,30.983810000000005,30.599800000000005,30.213150000000002,29.823750000000004,29.431820000000002,29.037250000000004,28.640040000000003,28.240190000000002,27.83781,27.433010000000003,27.02568,26.615930000000002,26.20398,25.789830000000002,25.373700000000003,24.955700000000004,24.53594,24.11486,23.69257,23.2694,22.84568,22.421850000000003,21.99846,21.575840000000003,21.154760000000003,20.73588,20.319860000000002,19.9078,19.50047,19.09908,18.70495,18.319290000000002,17.94375,17.57987,17.22941,16.89435,16.576780000000003,16.278570000000002,16.00214,15.749470000000002,15.52276,15.32399,15.155030000000002,15.017420000000001,14.912370000000001,14.84087,14.80314,14.799290000000003,14.828770000000002,14.89048,14.983100000000002,15.10476,15.25337,15.426620000000002,15.621980000000002,15.836920000000001,16.068910000000002,16.31531,16.57381,16.841880000000003,17.11743,17.398370000000003,17.68294,17.96927,18.25582,18.54127,18.82441,19.103920000000002,19.37903,19.648640000000004,19.912200000000002,20.168830000000003,20.417980000000004,20.65921,20.89197,21.115930000000002,21.33076,21.53613,21.731710000000003,21.91728,22.09284,22.25795,22.41272,22.55693,22.690580000000004,22.81334,22.925430000000002,23.02663,23.11683,23.19625,23.264670000000002,23.32209,23.36851,23.403930000000003,23.42846,23.44188,23.444300000000002,23.43572,23.416140000000002,23.38567,23.344200000000004,23.29184,23.228590000000004,23.15434,23.069420000000004,22.973610000000004,22.867130000000003,22.74987,22.62205,22.483780000000003,22.335060000000002,22.175890000000003,22.006600000000002,21.8273,21.6381,21.439220000000002,21.23088,21.013300000000005,20.78681,20.55185,20.30875,20.057840000000002,19.79989,19.53534,19.264850000000003,18.98919,18.709350000000004,18.42621,18.140870000000003,17.854540000000004,17.56865,17.284850000000002,17.00457,16.72979,16.462600000000002,16.204980000000003,15.95935,15.72813,15.513740000000002,15.31882,15.145790000000002,14.99707,14.87508,14.781800000000002,14.718990000000002,14.688080000000001,14.689840000000002,14.725040000000002,14.793570000000003,14.894990000000002,15.028420000000002,15.192540000000003,15.38592,15.606580000000001,15.852540000000001,16.12171,16.411890000000003,16.72099,17.04681,17.387480000000004,17.740910000000003,18.10556,18.479560000000003,18.86159,19.25033,19.64435,20.04266,20.44438,20.84852,21.25442,21.66131,22.068640000000002,22.475970000000004,22.882640000000002,23.28854,23.693010000000005,24.09605,24.49733,24.89652,25.29362,25.688300000000005,26.08056,26.470290000000002,26.857380000000003,27.241830000000004,27.623420000000003,28.002260000000003,28.378350000000005,28.75158,29.121950000000002,29.489570000000004,29.85433,30.216340000000002,30.5756,30.932110000000005,31.285870000000003,31.63699,31.985360000000004,32.33131,32.674510000000005,33.01529,33.35354,33.68948,34.022890000000004,34.35399,34.68289000000001,35.009370000000004,35.333760000000005,35.656060000000004,35.97616,36.29417000000001,36.6102,36.92425000000001,37.236430000000006,37.54663,37.855070000000005,38.161750000000005,38.46667000000001
41.204130000000006,40.884690000000006,40.5636,40.240750000000006,39.916250000000005,39.58999000000001,39.261970000000005,38.93219,38.60043,38.26691,37.93141000000001,37.59393,37.254470000000005,36.91303,36.5695,36.22388,35.87617,35.52626,35.174260000000004,34.81995,34.463440000000006,34.104620000000004,33.74349,33.380050000000004,33.01419,32.64602,32.27543,31.90231,31.526880000000002,31.149030000000003,30.76865,30.38585,30.00063,29.612990000000003,29.22293,28.830560000000002,28.43577,28.038780000000003,27.639590000000002,27.238200000000003,26.83472,26.429370000000006,26.022260000000003,25.613500000000002,25.203200000000002,24.791800000000002,24.3793,23.966140000000003,23.552650000000003,23.13905,22.725890000000003,22.31372,21.90287,21.49422,21.08821,20.68583,20.287850000000002,19.895260000000004,19.509160000000005,19.130650000000003,18.76116,18.40201,18.054740000000002,17.72111,17.40277,17.101480000000002,16.81933,16.55797,16.319490000000002,16.10565,15.9181,15.758490000000002,15.62803,15.527930000000001,15.458630000000001,15.420680000000003,15.413860000000001,15.437730000000002,15.491410000000002,15.573690000000001,15.682920000000001,15.817340000000002,15.974970000000003,16.15361,16.35084,16.56457,16.79238,17.03207,17.28155,17.53873,17.80174,18.068820000000002,18.33821,18.60859,18.87842,19.14671,19.412140000000004,19.673720000000003,19.930680000000002,20.182250000000003,20.42766,20.666140000000002,20.89747,21.120880000000003,21.33615,21.54284,21.74051,21.929050000000004,22.10813,22.277640000000005,22.437250000000002,22.58696,22.72644,22.85569,22.97471,23.083280000000002,23.18129,23.268850000000004,23.345850000000002,23.412180000000003,23.46784,23.51294,23.54726,23.57091,23.583890000000004,23.5862,23.577840000000002,23.558700000000005,23.529000000000003,23.488630000000004,23.4377,23.376100000000005,23.304050000000004,23.22144,23.128380000000003,23.02498,22.91135,22.787380000000002,22.653290000000002,22.509190000000004,22.355080000000005,22.1914,22.018040000000003,21.835220000000003,21.64327,21.44241,21.232860000000002,21.015060000000002,20.789230000000003,20.555920000000004,20.31557,20.06862,19.81584,19.557890000000004,19.29543,19.029560000000004,18.76094,18.49089,18.22062,17.951340000000002,17.684700000000003,17.422130000000003,17.165390000000002,16.91646,16.67732,16.44995,16.23666,16.03965,15.86123,15.703490000000002,15.56874,15.458850000000002,15.375580000000001,15.320580000000001,15.294950000000002,15.29968,15.33499,15.40099,15.49746,15.623630000000002,15.778400000000001,15.960560000000003,16.168460000000003,16.40034,16.65444,16.92878,17.221600000000002,17.530920000000002,17.85498,18.192020000000003,18.540280000000003,18.89844,19.26507,19.638740000000002,20.01835,20.402910000000002,20.791320000000002,21.182810000000003,21.576610000000002,21.97206,22.368500000000004,22.76538,23.162370000000003,23.558810000000005,23.954590000000003,24.34927,24.742630000000002,25.13445,25.524510000000003,25.91259,26.298580000000005,26.682370000000002,27.063850000000002,27.44291,27.819550000000003,28.193660000000005,28.565240000000003,28.93429,29.300700000000003,29.664580000000004,30.02582,30.384420000000002,30.740490000000005,31.09403,31.444930000000003,31.79341,32.139250000000004,32.482780000000005,32.823780000000006,33.16236000000001,33.49863,33.83259,34.16424,34.49369,34.82094,35.145990000000005,35.46884,35.78971,36.10849,36.4254,36.74022,37.05328000000001,37.36436,37.673680000000004,37.98113000000001,38.286930000000005,38.591080000000005
41.31776,40.9992,40.679100000000005,40.357350000000004,40.033950000000004,39.70879,39.381980000000006,39.05341000000001,38.722970000000004,38.39077,38.056700000000006,37.720760000000006,37.38295,37.04316000000001,36.70139,36.357530000000004,36.0118,35.66387,35.31396,34.961850000000005,34.60765000000001,34.25125,33.89265,33.53185,33.168850000000006,32.803650000000005,32.43614,32.066430000000004,31.69441,31.32008,30.943550000000005,30.564820000000005,30.183780000000006,29.80054,29.415210000000002,29.027680000000004,28.638170000000002,28.246570000000002,27.852990000000005,27.457650000000005,27.060660000000002,26.662020000000002,26.261840000000003,25.86056,25.45807,25.054920000000003,24.651110000000003,24.24697,23.84305,23.439570000000003,23.03697,22.6358,22.236500000000003,21.83995,21.44659,21.0573,20.672850000000004,20.294340000000002,19.92276,19.55921,19.204900000000002,18.861150000000002,18.5295,18.211380000000002,17.908440000000002,17.622220000000002,17.354480000000002,17.10676,16.88104,16.678530000000002,16.50099,16.349520000000002,16.22533,16.1293,16.061980000000002,16.023480000000003,16.01391,16.032610000000002,16.079030000000003,16.151850000000003,16.24986,16.37141,16.514740000000003,16.67798,16.85904,17.05583,17.26648,17.488680000000002,17.720670000000002,17.96058,18.206540000000004,18.45701,18.710340000000002,18.96499,19.21997,19.47374,19.725420000000003,19.974020000000003,20.218550000000004,20.458240000000004,20.69254,20.92057,21.142,21.356170000000002,21.56275,21.761300000000002,21.95138,22.13288,22.30547,22.468820000000004,22.62282,22.767250000000004,22.90211,23.027070000000005,23.14213,23.247070000000004,23.342000000000002,23.426700000000004,23.50128,23.565520000000003,23.61942,23.663090000000004,23.696310000000004,23.71919,23.731730000000002,23.73382,23.72557,23.70709,23.678160000000002,23.63889,23.58939,23.52955,23.45959,23.379400000000004,23.2892,23.18899,23.078770000000002,22.958650000000002,22.82885,22.68948,22.54054,22.382360000000002,22.21505,22.03872,21.853810000000003,21.660429999999998,21.45891,21.249579999999998,21.032880000000002,20.80936,20.579240000000002,20.343290000000003,20.10217,19.856320000000004,19.606840000000002,19.354390000000002,19.099960000000003,18.84465,18.58978,18.33634,18.085980000000003,17.840130000000002,17.60044,17.36867,17.14658,16.93615,16.73947,16.558410000000002,16.39506,16.25129,16.129080000000002,16.03019,15.95616,15.90831,15.887630000000001,15.89489,15.930530000000001,15.99455,16.086840000000002,16.20663,16.353260000000002,16.52541,16.721870000000003,16.941100000000002,17.18156,17.4416,17.71946,18.013600000000004,18.322260000000004,18.643900000000002,18.97698,19.32018,19.67207,20.03144,20.3973,20.768440000000002,21.144090000000002,21.523260000000004,21.905290000000004,22.289410000000004,22.675070000000005,23.06183,23.44903,23.83623,24.22332,24.609640000000002,24.99508,25.37942,25.762330000000002,26.143700000000003,26.523310000000006,26.901160000000004,27.276920000000004,27.650590000000005,28.02217,28.391440000000003,28.758510000000005,29.123160000000002,29.485500000000002,29.845420000000004,30.203030000000002,30.558220000000002,30.91099,31.26134,31.609380000000005,31.955000000000002,32.2982,32.6392,32.97789,33.31427,33.648340000000005,33.980320000000006,34.3101,34.63768,34.963170000000005,35.28657,35.60799,35.92743,36.244890000000005,36.56037,36.87398,37.18583,37.495810000000006,37.804140000000004,38.110600000000005,38.41541,38.71868
41.43469,41.11712,40.798120000000004,40.477360000000004,40.155170000000005,39.83122,39.50562000000001,39.17837000000001,38.849360000000004,38.51859,38.18606,37.85166,37.5155,37.17736000000001,36.83746,36.495580000000004,36.151720000000005,35.80599,35.45817,35.10848,34.75659,34.40272,34.04687,33.68882000000001,33.328790000000005,32.96656,32.60235,32.23594,31.867440000000006,31.496960000000005,31.124280000000002,30.749620000000004,30.372980000000002,29.99425,29.613650000000003,29.231180000000002,28.84684,28.46074,28.073100000000004,27.683810000000005,27.293200000000002,26.901270000000004,26.508240000000004,26.114330000000002,25.71976,25.32475,24.92952,24.53451,24.139940000000003,23.74636,23.354100000000003,22.963710000000003,22.57585,22.190960000000004,21.809810000000002,21.43317,21.06181,20.696830000000002,20.339,19.989530000000002,19.64952,19.320290000000004,19.00316,18.699450000000002,18.41059,18.13812,17.883580000000002,17.648290000000003,17.4339,17.24162,17.07288,16.92867,16.809980000000003,16.71736,16.651580000000003,16.61253,16.60021,16.61418,16.65378,16.718020000000003,16.8058,16.915580000000002,17.045930000000002,17.19498,17.36108,17.542360000000002,17.736840000000004,17.94287,18.15858,18.3821,18.612000000000002,18.84663,19.08456,19.32436,19.56482,19.804730000000003,20.043100000000003,20.278940000000002,20.51137,20.73962,20.962920000000004,21.18061,21.392360000000004,21.59729,21.79529,21.9857,22.168300000000002,22.34265,22.50864,22.665940000000003,22.81433,22.953590000000002,23.08361,23.20428,23.31538,23.416800000000002,23.508540000000004,23.59038,23.66243,23.72458,23.776720000000005,23.818850000000005,23.850970000000004,23.87308,23.885180000000002,23.88716,23.879020000000004,23.86098,23.83282,23.79476,23.746690000000005,23.68872,23.620850000000004,23.54319,23.455740000000002,23.35872,23.25202,23.13586,23.010460000000002,22.87571,22.731940000000005,22.579370000000004,22.418,22.248160000000002,22.070180000000004,21.88428,21.690790000000003,21.48993,21.28236,21.0683,20.84841,20.623240000000003,20.393340000000002,20.15959,19.92254,19.68318,19.442390000000003,19.20138,18.961030000000004,18.722770000000004,18.487920000000003,18.25791,18.034170000000003,17.818350000000002,17.61232,17.41762,17.236230000000003,17.0698,16.92031,16.7893,16.67864,16.589760000000002,16.52409,16.48262,16.46656,16.47635,16.512430000000002,16.5748,16.66346,16.77775,16.91712,17.080470000000002,17.2667,17.4746,17.702740000000002,17.949690000000004,18.213910000000002,18.49408,18.78844,19.09578,19.41456,19.74368,20.08171,20.42755,20.7801,21.13848,21.501700000000003,21.86888,22.239470000000004,22.61259,22.9878,23.364440000000002,23.742070000000002,24.12014,24.498430000000003,24.8765,25.254130000000004,25.63099,26.00675,26.381410000000002,26.754640000000002,27.126330000000003,27.496260000000003,27.86454,28.230840000000004,28.595270000000003,28.957610000000003,29.317860000000003,29.676020000000005,30.03198,30.385740000000002,30.737410000000004,31.08677,31.433930000000004,31.778890000000004,32.12154,32.4621,32.80046,33.13662,33.470690000000005,33.802670000000006,34.13245,34.46014,34.78585,35.10958,35.43133,35.7511,36.069,36.38492,36.69908,37.01148,37.32201,37.63078,37.938010000000006,38.243480000000005,38.5473,38.849470000000004
