0.000596725,0.000595486,0.000600749,0.000615257,0.000633782,0.000650742,0.000657519,0.000661953,0.00066931,0.000681634,0.000698096,0.000714339,0.000727343,0.000731244,0.000735656,0.00074525,0.000759414,0.00077121,0.000774374,0.000773079,0.000774181,0.000779116,0.00078805,0.000797958,0.00080359,0.000800719,0.000797185,0.00079937,0.000806005,0.000809784,0.000806368,0.000798524,0.000793482,0.000792352,0.000794339,0.000796081,0.00079448,0.000785719,0.000775314,0.000770409,0.000770583,0.00077186,0.000772202,0.000774507,0.000785046,0.000802626,0.000826459,0.000849029,0.000865275,0.000867502,0.00087001,0.000879305,0.00089331,0.000905398,0.000905379,0.000902321,0.000902439,0.000907646,0.000917829,0.000928027,0.000934301,0.000933425,0.000930989,0.000935402,0.000943331,0.000948398,0.000945219,0.000937502,0.000932094,0.000930971,0.000933923,0.000937385,0.000937598,0.00092885,0.00092052,0.000918098,0.000920251,0.000919913,0.000910373,0.000893711,0.000874921,0.000867404,0.000876346,0.000900475,0.000929806,0.000945899,0.000960213,0.000980686,0.00100574,0.00102596,0.00103448,0.00103505,0.00103609,0.00104731,0.00107577,0.00110667,0.00110344,0.00105052,0.00108589,0.00128026,0.00154412,0.00176571,0.00176366,0.00168757,0.00163241,0.00163581,0.00169825,0.00176921,0.00181195,0.0017704,0.0017427,0.00177926,0.00185041,0.00189753,0.00183081,0.00173696,0.00167255,0.00166077,0.00170833,0.00176375,0.00178317,0.00169942,0.00162751,0.00162978,0.00168864,0.00175219,0.00174926,0.00171532,0.00171289,0.00175244,0.00182695,0.00190387,0.00195781,0.00194625,0.00193762,0.00196678,0.0020204,0.0020625,0.00203769,0.00199848,0.00197787,0.00199415,0.00205214,0.00212187,0.00215706,0.00213566,0.00209714,0.00210597,0.00215731,0.00220925,0.00221565,0.0021903,0.00214662,0.00211969,0.00214593,0.00219672,0.0022124,0.00211069,0.00197334,0.00190016,0.00188982,0.00188994,0.00186038,0.00182629,0.00184012,0.00190142,0.00199939,0.002093,0.00216031,0.00215324,0.00214961,0.00218586,0.0022482,0.00229913,0.0022767,0.00223956,0.00221712,0.00222675,0.00227193,0.00231977,0.00234238,0.00229753,0.00225465,0.00224676,0.00226691,0.00227754,0.0022339,0.00216491,0.00211425,0.00209302,0.0020989,0.00210579,0.00209158,0.00203183,0.00195792,0.00191643,0.00191325,0.00192976,0.00191822,0.00175794,0.00136831,0.000955048,0.000678412,0.000641759,0.000744965,0.000785385,0.000779522,0.0007801,0.000796674,0.000816656,0.000822583,0.000823193,0.000825201,0.000831,0.000840448,0.000849761,0.000854155,0.000851555,0.000846469,0.000846368,0.000849343,0.000850074,0.000844504,0.000835066,0.000827169,0.000822014,0.000819348,0.000816505,0.00081069,0.000797793,0.000784748,0.000774994,0.000767779,0.000758818,0.000743653,0.000725318,0.000708659,0.000694737,0.000683529,0.000672756,0.000658399,0.000639449,0.000620148,0.000608848,0.000605292
0.000596576,0.000596101,0.000599647,0.000614026,0.000634993,0.000650497,0.000658009,0.000661549,0.000669062,0.000681231,0.000697731,0.000715177,0.000727046,0.000732555,0.000735129,0.000744177,0.000759183,0.000771844,0.000773185,0.000772773,0.000773843,0.000778944,0.000787907,0.000797454,0.00080378,0.000801177,0.000796075,0.000798752,0.000806191,0.000810164,0.000805292,0.000798345,0.000793258,0.000792188,0.000793885,0.000796094,0.000794559,0.000785519,0.000775162,0.000769791,0.0007703,0.000771911,0.000771515,0.000774182,0.000784255,0.000802578,0.000826119,0.000850483,0.000864994,0.000868924,0.000868779,0.000878107,0.000894698,0.000905157,0.000905944,0.000901597,0.000902161,0.000907668,0.000917478,0.000928626,0.00093436,0.000932166,0.000930888,0.00093446,0.000942625,0.000949045,0.000944482,0.000937301,0.00093201,0.000930533,0.000933334,0.000938038,0.000937365,0.000929704,0.000919625,0.0009171,0.000919712,0.000920469,0.000909654,0.000893424,0.00087656,0.000865213,0.000873984,0.000902899,0.000929519,0.000946876,0.000958803,0.000979713,0.00100654,0.00102658,0.00103291,0.00103481,0.00103566,0.00104626,0.00107537,0.00110777,0.00110607,0.00106695,0.00106726,0.00126169,0.0015736,0.00176511,0.00177751,0.00168077,0.00163078,0.00163799,0.00169433,0.00177593,0.00181158,0.00178446,0.00173245,0.0017687,0.00186509,0.00189711,0.00183872,0.00173165,0.00167024,0.0016619,0.00170394,0.00177256,0.00178283,0.00171389,0.0016131,0.00162408,0.00170309,0.00175576,0.00174343,0.00171497,0.00171212,0.00175072,0.00182394,0.00190972,0.00195752,0.00195555,0.00193124,0.00196043,0.00202917,0.0020623,0.0020431,0.00199565,0.00197597,0.00199472,0.00205073,0.00211917,0.00216154,0.00213135,0.00209538,0.00210252,0.00215992,0.00220938,0.00221551,0.00219091,0.00214494,0.00211902,0.00214006,0.00220295,0.00221691,0.00211188,0.00197262,0.00189391,0.0018901,0.00189329,0.00185469,0.00182593,0.00183838,0.00189928,0.00199836,0.00210171,0.00215943,0.00216535,0.00214314,0.00218117,0.00225826,0.00229835,0.00228652,0.00223735,0.00221433,0.00222781,0.0022687,0.00232461,0.0023421,0.0023076,0.00224917,0.0022403,0.0022728,0.00228147,0.00223183,0.0021648,0.00211373,0.00209092,0.00209724,0.00211218,0.00209312,0.00202552,0.00195779,0.00191441,0.00190828,0.00192941,0.00190795,0.00177256,0.00140241,0.000924703,0.000651819,0.000668678,0.000748262,0.000785903,0.000779113,0.000776246,0.000798273,0.00081659,0.000823621,0.000822667,0.00082475,0.000831041,0.000840168,0.000849272,0.000854531,0.000850934,0.000846221,0.000845661,0.000849384,0.00085042,0.000843653,0.000834878,0.000827059,0.000821732,0.000818921,0.000816821,0.000810474,0.000798557,0.00078413,0.000774258,0.000768072,0.000759085,0.000743236,0.000725181,0.00070844,0.000694451,0.000683231,0.000672262,0.00065861,0.00063892,0.000619928,0.000607749,0.000605474
0.000595688,0.000594708,0.000598384,0.000612618,0.000633535,0.000649423,0.000656517,0.000660197,0.000667935,0.000680387,0.000696743,0.000713812,0.00072718,0.000730298,0.000733438,0.000743896,0.0007594,0.000770117,0.000773355,0.000771747,0.00077269,0.000777697,0.000786965,0.000797719,0.000802279,0.000799189,0.000794625,0.000797733,0.000805832,0.000809748,0.000804903,0.000797436,0.00079255,0.000791494,0.000792856,0.000794938,0.00079374,0.000785004,0.000774055,0.000768591,0.000769319,0.000770828,0.000770465,0.000772824,0.000782686,0.0008013,0.000824252,0.000847612,0.000864404,0.000867167,0.000866724,0.000875857,0.000892566,0.000903791,0.000904289,0.000900466,0.000900944,0.000906455,0.000915988,0.000926342,0.00093345,0.000932595,0.000929224,0.000933316,0.000942581,0.000947738,0.000943761,0.00093625,0.000930949,0.000929532,0.000932281,0.000936682,0.000936161,0.000927728,0.000917669,0.000916263,0.000919775,0.000918904,0.000908551,0.000892091,0.000874518,0.000863082,0.000871858,0.000900266,0.000928112,0.000944592,0.000956777,0.000977954,0.00100514,0.00102488,0.00103275,0.00103361,0.00103466,0.00104478,0.00107372,0.00110939,0.00110425,0.0010492,0.00105115,0.00124631,0.00156207,0.00176306,0.00176999,0.00167894,0.00162687,0.00163305,0.00168945,0.00177186,0.00181304,0.00177837,0.00172748,0.001763,0.00186076,0.0018981,0.00183492,0.00173075,0.00166692,0.00165631,0.00169779,0.001767,0.00178274,0.00170633,0.00161196,0.00161535,0.00169342,0.00176393,0.00175082,0.00171584,0.00171157,0.00174917,0.00182155,0.00190637,0.00195687,0.00194914,0.00192522,0.0019541,0.00202402,0.00206104,0.00203934,0.00199318,0.00197374,0.0019936,0.00205033,0.002125,0.00216727,0.00213784,0.00209518,0.00210244,0.00216274,0.00221007,0.00221542,0.00219012,0.00214789,0.00211682,0.00213342,0.00219796,0.00222132,0.00212085,0.00197145,0.00189441,0.00189481,0.00189715,0.00185914,0.00182628,0.00183784,0.00189891,0.00199706,0.00209912,0.00216851,0.00215808,0.00214558,0.00217851,0.00225436,0.0023073,0.00228088,0.00223706,0.00221319,0.00222683,0.00226722,0.00232198,0.00234215,0.00230214,0.00224385,0.00223465,0.00226852,0.00228261,0.00223495,0.00216413,0.00211237,0.00208979,0.00209442,0.00210494,0.00209403,0.00203358,0.00195314,0.00190975,0.00191041,0.00193438,0.00194215,0.00177178,0.00138068,0.00090515,0.000636731,0.00065143,0.000748829,0.000789502,0.000777958,0.000773465,0.000794953,0.000814836,0.000821638,0.000821171,0.000823231,0.000829569,0.000838661,0.000848376,0.000853623,0.000850193,0.000844878,0.000844415,0.000848641,0.000849575,0.000842877,0.000833677,0.000825871,0.000820618,0.000817752,0.000815404,0.000809125,0.000796813,0.000782506,0.000772592,0.000766468,0.000758005,0.000742437,0.000724065,0.000707343,0.000693424,0.000682175,0.000671578,0.00065789,0.000638218,0.000618526,0.000606075,0.000603999
0.000594585,0.000593578,0.000598186,0.000612636,0.000631182,0.000648165,0.000655194,0.000659279,0.000666866,0.000679368,0.00069583,0.00071277,0.000725585,0.000729183,0.00073217,0.000743074,0.000757247,0.000768367,0.000771451,0.000770568,0.000771609,0.000776517,0.000785821,0.000795442,0.000800702,0.000798205,0.000794196,0.00079661,0.000803717,0.000808175,0.000804125,0.000796408,0.000791718,0.000790481,0.000791771,0.000793729,0.00079226,0.000783138,0.000772875,0.000767837,0.000767517,0.000769032,0.000769038,0.000771223,0.000782409,0.000800235,0.000822749,0.000845498,0.000862385,0.000865477,0.000865812,0.000874806,0.000889901,0.000902151,0.000902991,0.000899372,0.000900038,0.000905447,0.000914943,0.000924976,0.000931873,0.000930448,0.000928089,0.000932201,0.000940585,0.000945672,0.000942107,0.000934751,0.00093,0.000928731,0.000931508,0.000934942,0.000934706,0.000925409,0.000916725,0.000915355,0.000917645,0.000916408,0.000906448,0.000890518,0.000872115,0.000863805,0.000872228,0.000897282,0.000926352,0.000942662,0.000955859,0.000976282,0.00100137,0.00102271,0.00103025,0.00103205,0.00103285,0.00104415,0.00107133,0.0011044,0.00110238,0.00103259,0.00105649,0.00126409,0.00154618,0.00176346,0.00176407,0.0016803,0.00162524,0.00163345,0.00169211,0.00176718,0.0018169,0.00177147,0.00173578,0.00177364,0.00184855,0.001903,0.00183435,0.00173283,0.00166413,0.00165512,0.00170055,0.00176266,0.00178424,0.00169867,0.00161913,0.00161969,0.00169427,0.00176186,0.00175291,0.00171491,0.00171248,0.00174998,0.00182209,0.0019002,0.00195766,0.00194374,0.00192695,0.00195718,0.0020175,0.00206122,0.0020364,0.00199412,0.0019742,0.00199228,0.00204937,0.00212372,0.00216575,0.00213731,0.00209585,0.00210331,0.00215503,0.00221038,0.00221492,0.00218979,0.00214137,0.00211502,0.00213751,0.00219739,0.00222121,0.00210807,0.00197132,0.00189992,0.00189154,0.00189594,0.00186135,0.00182535,0.00183959,0.00189922,0.00199616,0.00210028,0.00216749,0.00216342,0.00214674,0.00218418,0.00225505,0.00230621,0.00228544,0.00223555,0.0022151,0.00222603,0.00226932,0.00231798,0.00234368,0.00229616,0.0022452,0.00223828,0.00226546,0.00227904,0.00223221,0.00216237,0.00211259,0.00209015,0.00209439,0.00210436,0.00209252,0.0020276,0.00195361,0.00191028,0.00190861,0.00193502,0.0019216,0.00178124,0.00135351,0.00093245,0.000657647,0.000638682,0.00074667,0.000785906,0.000777685,0.000774177,0.000791733,0.000812702,0.000819374,0.000819883,0.000822077,0.000827911,0.000836763,0.000846355,0.000851488,0.000848271,0.000843488,0.000843441,0.000846312,0.000847563,0.000841521,0.000831915,0.000824716,0.000819462,0.000816617,0.00081366,0.000807401,0.00079495,0.000781236,0.000771492,0.000765004,0.000755995,0.000740858,0.000722452,0.00070633,0.000692402,0.000681182,0.000670107,0.00065626,0.000636636,0.000617104,0.000605435,0.000603338
0.000594846,0.000593639,0.000597477,0.000611233,0.00063138,0.000648302,0.000655793,0.000659639,0.000667053,0.000679479,0.000695862,0.000713073,0.000725307,0.000728993,0.000731974,0.000743372,0.000758228,0.000769049,0.000772097,0.000771076,0.000771551,0.00077687,0.00078599,0.000795798,0.000801265,0.000799318,0.000794959,0.00079585,0.000803824,0.000808337,0.000803875,0.000796375,0.000791765,0.000790499,0.000792216,0.000794523,0.000792429,0.000783429,0.000773142,0.000768166,0.000768585,0.000769459,0.000768377,0.000771425,0.000783319,0.000800968,0.000823106,0.000846028,0.000862694,0.00086683,0.00086642,0.000874659,0.000890612,0.000902419,0.000903508,0.000899745,0.000899469,0.0009057,0.000914948,0.000925219,0.000932054,0.000931267,0.000928443,0.000932476,0.000941659,0.000945933,0.000941896,0.000935067,0.000930281,0.000928768,0.00093121,0.000935213,0.00093474,0.000926078,0.000916572,0.000915205,0.000918349,0.000916728,0.000906618,0.000890695,0.00087248,0.00086165,0.00087016,0.000897213,0.000926059,0.000943573,0.000956129,0.000975237,0.00100188,0.0010235,0.00103175,0.00103272,0.00103492,0.00104569,0.00107161,0.00110384,0.00110313,0.00104634,0.00104839,0.00124895,0.00155392,0.00176303,0.00177073,0.00167955,0.00161846,0.00162997,0.00168994,0.00176972,0.00180939,0.00177154,0.00172496,0.00175673,0.00184744,0.0018984,0.00183978,0.00173138,0.0016587,0.00165228,0.00170011,0.00176756,0.00177967,0.00170107,0.00161216,0.00160767,0.00169251,0.00175861,0.0017486,0.00171356,0.0017103,0.00174896,0.00181886,0.00190059,0.00195446,0.00194801,0.00192508,0.0019526,0.00202,0.00205997,0.00203745,0.00199231,0.00197216,0.0019922,0.00204783,0.00212144,0.00216186,0.00213569,0.00209279,0.00209863,0.00215393,0.00220918,0.00221788,0.00218914,0.00214356,0.00211131,0.00213917,0.00221335,0.00221799,0.00210365,0.00196721,0.0018974,0.0018952,0.0018942,0.00185768,0.00182425,0.00183778,0.00189968,0.00199311,0.00209657,0.00216204,0.00215887,0.00214069,0.00217664,0.00225495,0.00230172,0.00227877,0.00223343,0.00221351,0.0022241,0.00226633,0.00231819,0.00233973,0.00229984,0.00224275,0.00223661,0.00227202,0.0022787,0.00222979,0.00216243,0.00211284,0.00209026,0.00209208,0.00210326,0.00209201,0.00203141,0.00195304,0.00190804,0.00190576,0.00192985,0.0019333,0.00177708,0.00136655,0.000898726,0.000635372,0.000645408,0.00074745,0.000785315,0.000775385,0.000774798,0.000794603,0.000813622,0.000819942,0.000820324,0.000822812,0.000829118,0.000837847,0.000847296,0.000852221,0.000849324,0.000844222,0.00084396,0.000847623,0.000848185,0.000841836,0.000832777,0.000825331,0.000819953,0.000816783,0.000814051,0.000807894,0.000795718,0.000781816,0.000772154,0.000765867,0.000756493,0.000741085,0.000723201,0.000706765,0.0006929,0.000681177,0.000670454,0.000656542,0.000636532,0.000617053,0.000606663,0.000604355
0.000597368,0.000595989,0.000599524,0.000614289,0.000633953,0.000651656,0.000658194,0.000662022,0.000669345,0.000681905,0.000698604,0.000715896,0.000729213,0.000732607,0.000735604,0.000746648,0.000761646,0.000773003,0.000775942,0.000773997,0.000774837,0.000779717,0.000789289,0.000799557,0.000805088,0.000802508,0.000797647,0.000799829,0.000807143,0.000812043,0.000807711,0.000799265,0.000794405,0.000792918,0.000795723,0.000797968,0.00079645,0.000786834,0.000776844,0.000772115,0.000772075,0.000774257,0.000773861,0.000775739,0.000786813,0.000805017,0.000828026,0.000851223,0.000868576,0.000871548,0.000870736,0.00087921,0.000893972,0.000906155,0.000906749,0.000902671,0.000902709,0.000908142,0.000918226,0.000928618,0.000935708,0.000934226,0.000931475,0.000936014,0.00094478,0.000949581,0.000945805,0.000938456,0.000933031,0.000931502,0.000934282,0.000938426,0.000938771,0.000929861,0.000920618,0.000918428,0.000922074,0.00092133,0.000910733,0.000894304,0.000874747,0.000864511,0.000873007,0.000900793,0.000930975,0.00094814,0.000961496,0.000981318,0.0010072,0.00103119,0.00103929,0.00103923,0.00104115,0.0010528,0.00108053,0.00111156,0.00111116,0.00106925,0.00106481,0.00124951,0.00153644,0.00175828,0.00176021,0.00167903,0.00162349,0.00162988,0.00168917,0.00176203,0.00180212,0.00176219,0.00171847,0.00175489,0.00183576,0.0018867,0.00182321,0.00172728,0.00165977,0.00165295,0.00170036,0.00175855,0.00177429,0.00169875,0.00161513,0.00161571,0.00169129,0.00175909,0.00175114,0.00171319,0.00170984,0.00174627,0.00181938,0.0018987,0.0019503,0.00193895,0.00192267,0.00195421,0.00201275,0.00205458,0.00202792,0.00198964,0.00197333,0.00199313,0.00204784,0.0021198,0.00215881,0.00213223,0.0020912,0.00209862,0.0021501,0.00220503,0.00221054,0.00218731,0.0021387,0.0021113,0.00213534,0.00219102,0.00221204,0.00210306,0.0019684,0.00189764,0.00188934,0.00189297,0.00185968,0.00182408,0.00183837,0.00189781,0.00199386,0.00209611,0.00216099,0.00215723,0.00214038,0.00217801,0.00225023,0.00230058,0.00228281,0.00223407,0.00221207,0.00222228,0.00226524,0.00231398,0.00233337,0.00228753,0.00223998,0.00223587,0.00226265,0.00227626,0.00222601,0.00216249,0.00211322,0.00208945,0.00209212,0.00209726,0.00208898,0.00202251,0.00195218,0.00190812,0.0019033,0.00192473,0.00190114,0.0017554,0.0013468,0.000905164,0.000631959,0.000651455,0.000755355,0.000784192,0.000781431,0.000784909,0.000802414,0.000820932,0.000827341,0.000826561,0.00082945,0.00083535,0.000844855,0.000853904,0.000858821,0.000855116,0.00084999,0.000849719,0.000852535,0.000853868,0.000847623,0.000838093,0.000830043,0.000824507,0.000821345,0.000818729,0.000812713,0.000800245,0.000786104,0.00077665,0.000769942,0.000760635,0.00074516,0.000727281,0.000710292,0.000696176,0.000684731,0.00067426,0.000660476,0.000639526,0.000620835,0.000609868,0.000606821
0.000600975,0.000599434,0.000603909,0.00061848,0.000640926,0.000656735,0.000662335,0.000665454,0.000672794,0.000685261,0.000702146,0.000720238,0.000734199,0.000736747,0.000739286,0.0007493,0.000766476,0.000778291,0.00078043,0.000778022,0.000778735,0.000783724,0.000793445,0.000804991,0.000810539,0.000806872,0.000800831,0.000803995,0.000813218,0.000817733,0.00081238,0.000803927,0.0007981,0.000797213,0.000800257,0.00080407,0.000802354,0.000791468,0.000781189,0.000776259,0.00077792,0.00078109,0.000780462,0.000781766,0.000791197,0.000810417,0.000834463,0.000859187,0.000877255,0.000880183,0.000876552,0.000885021,0.00090228,0.0009131,0.000913378,0.000907203,0.000906519,0.000912217,0.000922576,0.000933716,0.000941191,0.000939966,0.000935651,0.000940216,0.000950695,0.000955376,0.000950429,0.000942876,0.000936934,0.000935787,0.000939082,0.000944705,0.000944969,0.000934891,0.000925367,0.000922775,0.000927496,0.000928044,0.000917045,0.000899835,0.000880435,0.000869602,0.000879694,0.000909105,0.00094017,0.000956993,0.000969296,0.000988938,0.00101776,0.00104289,0.00105007,0.00104951,0.00105056,0.00106057,0.00109021,0.0011225,0.00112577,0.00108529,0.00108763,0.00124477,0.00155045,0.0017552,0.00176488,0.00167563,0.00162257,0.0016292,0.00168582,0.00175772,0.00180448,0.00176561,0.00171838,0.00175002,0.0018468,0.00188571,0.00182817,0.00172505,0.00166193,0.00165154,0.00169827,0.0017657,0.00177369,0.0016881,0.00161065,0.00160862,0.00168379,0.00175773,0.00174717,0.00171208,0.0017068,0.00174478,0.00181757,0.00189642,0.00194964,0.00194473,0.00192002,0.00195271,0.00202152,0.00205179,0.00202954,0.00198873,0.00197266,0.00198958,0.00204517,0.00211661,0.00215542,0.00212719,0.00208681,0.00209396,0.00215304,0.0022008,0.00220907,0.00218602,0.00214271,0.00210966,0.00213307,0.00219956,0.00221032,0.00210919,0.00196664,0.00189077,0.00189011,0.00189165,0.00185476,0.00182304,0.0018348,0.00189585,0.0019919,0.00208991,0.00215915,0.00215621,0.00213836,0.00217272,0.00225371,0.00229894,0.00227416,0.00223361,0.00220915,0.00222115,0.00226311,0.00231594,0.00233347,0.00229443,0.00223852,0.00223454,0.00226797,0.00227349,0.00223144,0.00216016,0.00211021,0.00208818,0.00209126,0.00210304,0.00208606,0.00202854,0.00195104,0.00190455,0.00190478,0.00192313,0.00191483,0.00175567,0.00137527,0.000905184,0.000652759,0.000667203,0.000768049,0.000797564,0.000790597,0.000795465,0.000815609,0.00083287,0.000837409,0.000837127,0.000838661,0.00084439,0.000853859,0.000863813,0.000868747,0.000864454,0.000858173,0.000857276,0.000861647,0.000862596,0.000855406,0.000845345,0.00083673,0.000831395,0.000828442,0.000825724,0.000820097,0.000807588,0.000792223,0.000782655,0.000777022,0.000767002,0.000751055,0.000732355,0.000715143,0.00070101,0.000690006,0.00068039,0.000666155,0.000645158,0.000624841,0.000613102,0.000610309
0.000604272,0.000602866,0.000607848,0.000623073,0.000645066,0.00066123,0.000666336,0.000668695,0.000675754,0.000688175,0.000705699,0.00072457,0.000737072,0.000741047,0.000742417,0.000752376,0.000770209,0.00078269,0.000784765,0.000781857,0.000782567,0.000787691,0.000797685,0.000809764,0.000815801,0.000811437,0.00080483,0.000808525,0.000817547,0.000822401,0.000816582,0.000808014,0.000802196,0.000801523,0.000805053,0.000808599,0.000807096,0.00079689,0.000785031,0.000780774,0.000783425,0.000786629,0.000786014,0.000787371,0.000796496,0.000815433,0.000840912,0.000868079,0.000884785,0.000884278,0.000883479,0.000891548,0.000907785,0.000920772,0.000917225,0.000911843,0.000910666,0.000916252,0.000927204,0.00093959,0.000946205,0.000943043,0.000940728,0.000944673,0.000954021,0.000960754,0.000956579,0.000947079,0.000940895,0.000939792,0.000943858,0.000949058,0.000949526,0.000940579,0.000929774,0.000927061,0.000931921,0.000933051,0.000923676,0.000905488,0.000885866,0.000875817,0.000887294,0.000916706,0.0009487,0.00096487,0.000977174,0.000998756,0.00102871,0.00105193,0.00105905,0.00105894,0.00106035,0.00107057,0.001102,0.00113453,0.00113954,0.00109917,0.0011085,0.00126753,0.00156737,0.00175866,0.00176749,0.00167098,0.00162021,0.00162822,0.00168806,0.00176598,0.00180228,0.00176319,0.00172225,0.0017556,0.00184984,0.00189139,0.00181731,0.00172572,0.00166376,0.00165232,0.00169586,0.00174887,0.00176973,0.00169958,0.00160048,0.00160309,0.00168433,0.00174707,0.00173764,0.00170853,0.00170411,0.00174237,0.00181731,0.001902,0.00194809,0.00193325,0.0019241,0.00195351,0.0020149,0.00205624,0.00203316,0.0019878,0.00196992,0.00198798,0.00204489,0.00211244,0.00215104,0.00212168,0.002085,0.00209229,0.00214934,0.00219844,0.00220696,0.00218511,0.00213813,0.00211314,0.00213987,0.00219126,0.0022162,0.00210905,0.001969,0.00189016,0.00188545,0.00188738,0.00184916,0.00181934,0.00183177,0.00189282,0.00199008,0.00209147,0.00215257,0.00214868,0.00213618,0.00216999,0.00224628,0.00229266,0.00227672,0.00222989,0.00220656,0.00221957,0.00226372,0.00231609,0.00233691,0.00228863,0.00224417,0.0022354,0.00226179,0.00227614,0.00222332,0.0021603,0.00211015,0.0020866,0.00208959,0.00209839,0.00208977,0.00202325,0.001952,0.00190627,0.00190576,0.00192255,0.00190325,0.00177241,0.00138762,0.00092832,0.000675078,0.000677359,0.000780943,0.000810859,0.000802053,0.000807192,0.000826631,0.000843986,0.000847817,0.00084707,0.000848138,0.000853557,0.00086332,0.000873179,0.000878231,0.000873375,0.000866959,0.000865873,0.000869816,0.000870795,0.000863157,0.000852602,0.000843585,0.000838027,0.000835422,0.000833506,0.00082718,0.000813133,0.000798895,0.000788531,0.000782063,0.000773447,0.000756793,0.000737256,0.000719837,0.000705721,0.000695051,0.000685261,0.000671348,0.000649943,0.000628802,0.000616518,0.000613417
0.000606943,0.000606156,0.000610112,0.000626937,0.000648308,0.000665276,0.000669579,0.000671314,0.000677678,0.000690551,0.000708682,0.000727165,0.000740921,0.000742654,0.000745028,0.000755725,0.000772997,0.000786882,0.000788071,0.00078523,0.000785212,0.000790929,0.000801325,0.000812849,0.000820656,0.000813929,0.000808457,0.000812279,0.000821509,0.000826203,0.000821654,0.000811389,0.000805306,0.000804877,0.000808468,0.00081275,0.000811666,0.00080033,0.000788713,0.000784447,0.000787809,0.000791619,0.000791646,0.000791629,0.000800759,0.00081916,0.000846058,0.000873452,0.000891183,0.000892386,0.000887083,0.000896209,0.00091438,0.000925264,0.000923023,0.000915356,0.000913757,0.000919294,0.000930701,0.000943068,0.000950379,0.000948077,0.000943704,0.000948107,0.000958594,0.000965374,0.000959777,0.000950607,0.000943994,0.000942773,0.000947498,0.000953704,0.000953919,0.000943575,0.000933331,0.000931111,0.000935855,0.00093797,0.000927278,0.000909745,0.000890198,0.000879845,0.000891484,0.000924853,0.000955228,0.000972328,0.000982266,0.00100624,0.00103693,0.00106031,0.00106834,0.00106673,0.00106781,0.00108004,0.0011092,0.00114875,0.00115052,0.0011175,0.00111385,0.00129536,0.00154895,0.00176074,0.0017534,0.00167156,0.00161752,0.00162512,0.0016879,0.0017584,0.00180153,0.00176488,0.00171724,0.00175626,0.00184589,0.00188714,0.00182768,0.00172137,0.00166137,0.00165182,0.00169345,0.00175191,0.00176402,0.00168372,0.00160135,0.00160152,0.00167484,0.00174175,0.00173956,0.00170615,0.00170234,0.00174082,0.00181555,0.00189539,0.00194519,0.00193752,0.00192012,0.00195174,0.00201592,0.00205517,0.00202862,0.00198852,0.00196915,0.00198594,0.0020402,0.00211244,0.00214657,0.00212334,0.00208101,0.00208991,0.00214478,0.00219647,0.00220392,0.00218229,0.00214081,0.00211281,0.00213278,0.00220419,0.00221196,0.00211082,0.00196252,0.00189357,0.00188453,0.00188311,0.00185185,0.0018161,0.00183022,0.00189126,0.00198907,0.00208655,0.00215047,0.00214707,0.00213388,0.00217006,0.0022414,0.00229284,0.00226889,0.00222853,0.0022059,0.00221789,0.00226121,0.00231493,0.00233339,0.00229629,0.00223791,0.00223672,0.00226237,0.00226996,0.00222715,0.00215799,0.00210852,0.00208614,0.00208689,0.00209996,0.00208606,0.00202595,0.00194748,0.00190723,0.00190189,0.00191853,0.00191881,0.00176702,0.00138614,0.000941229,0.00067957,0.000700101,0.000792011,0.000817732,0.000813234,0.000815994,0.000836454,0.000853199,0.000857966,0.000855253,0.000856061,0.000861411,0.000870861,0.00088179,0.000886166,0.000881817,0.0008736,0.000872715,0.000877003,0.000877589,0.000870404,0.000858479,0.000849338,0.000843645,0.000841072,0.000838702,0.000833114,0.000819655,0.000803626,0.000793395,0.000787222,0.000778588,0.000761306,0.000741577,0.000723786,0.000709702,0.000698948,0.000689315,0.000675747,0.000653751,0.000632519,0.000619526,0.000615741
0.000609495,0.0006084,0.000613368,0.000629804,0.000652067,0.000669806,0.000674505,0.000674514,0.000679616,0.000692527,0.000711267,0.000731412,0.000744996,0.000747233,0.000747745,0.000758551,0.000777249,0.000790923,0.00079247,0.000788657,0.000787827,0.000793355,0.000804161,0.000817148,0.000823247,0.000819016,0.000811616,0.000814039,0.000825011,0.00083138,0.000824603,0.000814589,0.000808669,0.000808399,0.000811834,0.000816174,0.000816017,0.000805779,0.00079247,0.000788538,0.00079326,0.000796812,0.000794924,0.000795512,0.000804516,0.000823573,0.000851329,0.000880925,0.000898314,0.000896043,0.000891716,0.000899317,0.000917975,0.00093016,0.000926571,0.000918516,0.000916376,0.000922001,0.000933608,0.000947381,0.000954189,0.000950683,0.000946369,0.000950585,0.000961653,0.000969264,0.000964423,0.000953868,0.000946969,0.000946073,0.000951007,0.000957463,0.000959055,0.000949238,0.000936995,0.00093502,0.000941231,0.000942845,0.000932111,0.000913542,0.000893616,0.000883128,0.000895594,0.000929027,0.000961202,0.000976576,0.000987873,0.00101377,0.00104708,0.00107002,0.0010758,0.00107491,0.00107575,0.0010873,0.00111592,0.001155,0.00116106,0.00111209,0.00111014,0.0012902,0.00155906,0.00174682,0.001754,0.00166854,0.00161349,0.0016213,0.00168544,0.0017661,0.00179487,0.00175432,0.00171271,0.00175148,0.00184478,0.00188416,0.0018205,0.00172106,0.00166002,0.00164974,0.00168715,0.00174429,0.00176521,0.00169061,0.0015981,0.00159944,0.00168369,0.0017448,0.0017345,0.00170624,0.00170178,0.00174004,0.00181217,0.00189703,0.00194236,0.00193047,0.00191435,0.00194404,0.0020081,0.00204798,0.00203049,0.00198428,0.00196581,0.0019855,0.0020384,0.00210757,0.00214411,0.00211879,0.00207831,0.00208598,0.00214073,0.00219238,0.00220523,0.00218166,0.0021373,0.00210701,0.00212848,0.00219391,0.00220611,0.00210216,0.00196125,0.00189019,0.00188544,0.00188533,0.00184772,0.00181846,0.00182986,0.00188924,0.00198533,0.00209074,0.00214894,0.00214328,0.00213195,0.00216763,0.00224093,0.00229376,0.00227528,0.00222684,0.00220438,0.00221626,0.00225861,0.00231062,0.00232922,0.00228834,0.00223458,0.00223026,0.00226109,0.00227096,0.00222245,0.00215664,0.00210647,0.00208491,0.00208476,0.00209581,0.00208177,0.0020185,0.00194236,0.00190351,0.00189874,0.0019149,0.0019088,0.00176263,0.00138997,0.000941953,0.000687911,0.000700269,0.000799053,0.000838676,0.000824068,0.000820872,0.000842614,0.000862698,0.000865963,0.000863036,0.000863298,0.000868611,0.000877842,0.00088859,0.0008935,0.000888127,0.00087987,0.000878673,0.000883318,0.000884053,0.000875966,0.000864127,0.000854638,0.000848854,0.000846338,0.00084488,0.00083801,0.000823686,0.000807801,0.000797345,0.000791434,0.000783012,0.000766144,0.000745532,0.000727561,0.000713409,0.000702587,0.000692864,0.000679702,0.0006585,0.000635651,0.000622139,0.00061864
0.000611974,0.000611337,0.00061713,0.000634306,0.000655893,0.00067354,0.000677752,0.00067691,0.000682534,0.000695128,0.000714079,0.000734191,0.000748388,0.000749928,0.000750896,0.000762319,0.000780244,0.000794748,0.000796312,0.000791908,0.000791188,0.000795988,0.00080713,0.000819203,0.000826623,0.000820969,0.000814865,0.000817859,0.000828369,0.000835736,0.000829043,0.000817816,0.000812047,0.000811485,0.000815592,0.000819922,0.000820227,0.000808834,0.000796341,0.000792685,0.000797251,0.000801805,0.000800234,0.000799714,0.0008091,0.000828012,0.000856281,0.000885778,0.000904736,0.000902868,0.000897805,0.000905066,0.000921643,0.000935618,0.000930907,0.00092193,0.000919102,0.000924621,0.000936793,0.000949604,0.000958096,0.000954262,0.000950325,0.000954332,0.000964109,0.000972956,0.000967767,0.000956934,0.000950207,0.0009496,0.000954969,0.000961823,0.000963458,0.000952497,0.000940929,0.000939534,0.000944829,0.000947337,0.000936517,0.000917593,0.000895932,0.000887992,0.000901546,0.000933996,0.000967571,0.000983237,0.000995372,0.00102061,0.00105374,0.00107935,0.00108613,0.00108333,0.00108315,0.00109455,0.00112548,0.00116308,0.00117285,0.00113148,0.0011336,0.00129958,0.00153156,0.00173871,0.00174657,0.00166703,0.00161324,0.00161978,0.00168245,0.00175371,0.00179137,0.00174308,0.00171318,0.001759,0.00183982,0.00188195,0.00182054,0.00172196,0.00166109,0.00164955,0.00168731,0.0017424,0.00176268,0.00167941,0.00159883,0.00160214,0.00167272,0.00174298,0.00173581,0.00170428,0.00170259,0.00173986,0.00181022,0.00188893,0.00194074,0.00192525,0.00191395,0.00194584,0.00200136,0.00204302,0.0020234,0.00198143,0.00196527,0.00198461,0.00203928,0.00210408,0.00214354,0.00211156,0.00207782,0.00208821,0.00213561,0.00218795,0.0022015,0.00218003,0.00213445,0.00210724,0.00213147,0.00219045,0.00220276,0.00209595,0.00196157,0.0018928,0.00187932,0.00188249,0.00184824,0.00181592,0.00183249,0.0018891,0.00198296,0.00207809,0.00214482,0.00213795,0.00213116,0.00216885,0.0022372,0.00228843,0.00226473,0.00222473,0.00220391,0.00221505,0.00225736,0.00230518,0.00232729,0.00228758,0.00223763,0.00223192,0.0022572,0.00227004,0.00222293,0.00215516,0.00210708,0.00208388,0.00208482,0.00209239,0.00208023,0.0020185,0.00194409,0.00189972,0.00189574,0.00191354,0.00190663,0.00176746,0.00136727,0.000964854,0.000716213,0.000714927,0.000808236,0.000840007,0.000832789,0.00083114,0.000849758,0.000872126,0.00087506,0.000871316,0.000870855,0.000875619,0.000885702,0.00089609,0.000901102,0.000894515,0.000886772,0.000885639,0.000889302,0.000890841,0.000882179,0.000870161,0.000860511,0.000854216,0.000851815,0.000849435,0.000843578,0.00082802,0.00081263,0.000802358,0.00079579,0.00078735,0.000769655,0.00074949,0.000731326,0.000717102,0.00070652,0.000696577,0.000683534,0.000660952,0.000639108,0.000625063,0.00062097
0.000614191,0.00061358,0.000619117,0.000635579,0.000659467,0.000676427,0.000679701,0.000678812,0.000684466,0.00069741,0.000716185,0.000737171,0.000751182,0.000753057,0.000752801,0.000763972,0.00078406,0.000798213,0.000799073,0.000794499,0.000793628,0.000798744,0.000810262,0.00082409,0.000831128,0.000826041,0.000817739,0.000819435,0.000832114,0.000839043,0.00083208,0.00082066,0.000814678,0.000814386,0.000818814,0.000824282,0.00082409,0.000813346,0.000799502,0.000795226,0.000801616,0.00080634,0.000804154,0.000803406,0.000812625,0.000831859,0.000859944,0.00089107,0.000910267,0.00090881,0.000900979,0.00090711,0.000926176,0.000940543,0.000936513,0.00092524,0.000921773,0.000927776,0.000939738,0.000953062,0.000961745,0.00095948,0.00095326,0.000956282,0.000968579,0.000976713,0.000971527,0.000960146,0.000953178,0.000952527,0.000957717,0.00096565,0.000967055,0.000956548,0.000943835,0.000942205,0.000949465,0.000951499,0.000940859,0.000921687,0.00089987,0.000889721,0.000905012,0.000940014,0.00097363,0.000990693,0.00100166,0.00102449,0.00106069,0.00108763,0.00109429,0.00109078,0.00109011,0.00110111,0.00113358,0.00117422,0.00118318,0.00114619,0.00114717,0.00128658,0.00154441,0.00173965,0.00175056,0.00166488,0.00161172,0.00161985,0.00167754,0.00175647,0.00178954,0.00174068,0.00170363,0.00175108,0.00184429,0.00187672,0.0018101,0.0017176,0.0016551,0.00164745,0.00168269,0.00174221,0.00175581,0.00168047,0.00159231,0.00159404,0.00167493,0.00173736,0.00172918,0.00169953,0.00170211,0.00173887,0.00180607,0.0018852,0.00193672,0.00192622,0.00190905,0.00194128,0.00200539,0.00204186,0.00202046,0.00198023,0.00196266,0.00198022,0.00203379,0.00209947,0.00213656,0.00210576,0.00206909,0.00208164,0.00213519,0.00218436,0.00219763,0.00217713,0.00213189,0.00209781,0.00212812,0.00219147,0.00220004,0.0020993,0.00195919,0.00188334,0.00188135,0.00187886,0.00184681,0.00181252,0.00182701,0.00188825,0.00197997,0.00207826,0.00214145,0.00214296,0.00212725,0.00216585,0.00224475,0.00228316,0.00226111,0.00222195,0.00220274,0.00221383,0.00225318,0.00230355,0.00232407,0.00228824,0.00223506,0.00222207,0.00225497,0.00226508,0.00221832,0.00215176,0.00210483,0.00208118,0.00208107,0.00208809,0.00207685,0.0020197,0.00194308,0.00189313,0.00188944,0.00190864,0.00190895,0.00176472,0.00136705,0.000936222,0.000718727,0.000732042,0.000819188,0.000850442,0.000839447,0.000838744,0.000860921,0.000881476,0.000884827,0.000879403,0.000877946,0.000882906,0.000893189,0.000904238,0.000908621,0.000902158,0.000892983,0.000891612,0.000896752,0.000896957,0.000887648,0.000875694,0.000865741,0.000859611,0.000856818,0.00085482,0.000848965,0.000834239,0.000817108,0.0008069,0.00080181,0.000791576,0.000773645,0.000753343,0.000735164,0.000720705,0.000710143,0.000701419,0.000687428,0.000665515,0.000642268,0.000627364,0.0006237
0.00061612,0.000615986,0.000621009,0.000638023,0.000662059,0.000679128,0.000683139,0.000681266,0.00068639,0.000699044,0.000718297,0.000739937,0.000753741,0.000755791,0.000755053,0.000766602,0.000786506,0.000801049,0.00080233,0.000796825,0.000795944,0.00080165,0.000814034,0.00082726,0.000834806,0.000828702,0.000821204,0.000823433,0.000835789,0.000842589,0.000836167,0.000823498,0.000817181,0.000817074,0.000822362,0.00082849,0.000827293,0.000814621,0.000802933,0.000799089,0.000805333,0.000810558,0.000808697,0.000806827,0.000816374,0.000835832,0.000864659,0.000896818,0.0009165,0.000914997,0.00090599,0.000912218,0.00093057,0.000944409,0.000938829,0.000928368,0.000924379,0.000930229,0.000942599,0.000956302,0.000964692,0.000960591,0.000955468,0.000960281,0.000972799,0.000979805,0.000973,0.000963406,0.000956485,0.000955395,0.000960708,0.000969349,0.00097105,0.000960435,0.000947366,0.00094631,0.000953331,0.000955216,0.000944763,0.000925448,0.000905418,0.00089515,0.000908154,0.000942266,0.00097864,0.000995484,0.00100848,0.0010317,0.00106783,0.00109587,0.00110263,0.00109787,0.0010959,0.00110914,0.00114417,0.00117927,0.0011895,0.00114206,0.00114971,0.00130897,0.00156094,0.00173056,0.0017213,0.00166033,0.00161092,0.00161953,0.00167601,0.00174738,0.00178533,0.00175191,0.00170603,0.00174453,0.00183197,0.0018709,0.00181518,0.00171444,0.0016531,0.00164416,0.0016807,0.00174269,0.00175124,0.00168099,0.00159049,0.00159386,0.00167141,0.00173369,0.00173207,0.00169858,0.00169965,0.00173629,0.00180387,0.00188223,0.00193135,0.00192974,0.00190927,0.00193942,0.00199865,0.00203719,0.00201262,0.00197796,0.00196117,0.00197701,0.00203028,0.00209434,0.00212508,0.00210658,0.00206719,0.00207452,0.00212608,0.00217949,0.0021937,0.00217545,0.00213387,0.00210093,0.00212824,0.00218385,0.00219699,0.00209379,0.00196509,0.00188504,0.00187113,0.00187816,0.0018405,0.00181456,0.00182742,0.00188432,0.0019765,0.00206709,0.00213706,0.00213243,0.00212646,0.00216405,0.00223701,0.00228106,0.00226124,0.0022201,0.00220064,0.00221101,0.00225124,0.00229488,0.00231707,0.00227813,0.00223273,0.00222167,0.00225264,0.00226186,0.00221852,0.00214922,0.00210286,0.00207897,0.00207964,0.00208709,0.00207131,0.00201264,0.00194136,0.0018916,0.0018858,0.0019013,0.00187705,0.00174267,0.0013849,0.000964791,0.000712086,0.000721925,0.000827575,0.000857941,0.000851998,0.000848395,0.00086635,0.000890043,0.000891662,0.000886901,0.000885404,0.000890169,0.000900617,0.00091085,0.000915519,0.000908089,0.000899425,0.000897648,0.000901235,0.000901976,0.000893537,0.000880682,0.000870595,0.000864506,0.000862037,0.000860035,0.000853134,0.000837587,0.000821502,0.000811279,0.000805185,0.00079554,0.000777824,0.000757081,0.000738666,0.000724032,0.000713612,0.000703995,0.000690719,0.000667238,0.000645316,0.000630135,0.000626178
0.000617858,0.00061717,0.000623279,0.000640515,0.000664415,0.000681954,0.000684567,0.000683219,0.000687356,0.00070074,0.000720497,0.000741522,0.000756092,0.000756737,0.000757127,0.000768283,0.000788769,0.000804016,0.000804108,0.000799477,0.000798318,0.00080378,0.000816103,0.000831183,0.000837632,0.000832322,0.000822727,0.000826221,0.000837519,0.000846152,0.000838736,0.000826371,0.000818841,0.000819549,0.000825301,0.000831316,0.000830407,0.000819218,0.000805187,0.000801766,0.000808385,0.000814719,0.000810931,0.000810588,0.000819519,0.00083867,0.000868782,0.000900177,0.000922091,0.000916583,0.000910421,0.000915778,0.000933328,0.000948007,0.000944221,0.00093092,0.000926449,0.000932524,0.000945312,0.000959644,0.000967545,0.000963949,0.000957542,0.000962867,0.000976434,0.000982532,0.000976371,0.000965752,0.000958994,0.000958262,0.00096384,0.000971452,0.000974764,0.000961588,0.000950375,0.000949309,0.000956288,0.000958735,0.000947452,0.000928779,0.000908027,0.000899295,0.000911366,0.00094831,0.000983705,0.00100392,0.00101371,0.00103754,0.0010733,0.00110449,0.00110978,0.00110549,0.0011042,0.00111475,0.00115182,0.00119586,0.00119817,0.00116311,0.00115687,0.00131458,0.00156052,0.00172072,0.00172927,0.00165528,0.00161192,0.00161901,0.00167069,0.00174461,0.00178274,0.00174321,0.00170904,0.00173579,0.00183021,0.00187249,0.00180423,0.00171419,0.0016502,0.00163834,0.0016803,0.00173481,0.00174681,0.00166698,0.00158863,0.00158863,0.00166717,0.00172995,0.00172047,0.00169739,0.00169558,0.00173339,0.00180199,0.00187928,0.0019293,0.00191607,0.00190741,0.00193875,0.00200096,0.00203162,0.00201335,0.0019751,0.00195938,0.00197665,0.00202685,0.00208598,0.00212254,0.00209976,0.00206651,0.00206774,0.00212267,0.00217464,0.00219239,0.00217331,0.00212948,0.00210216,0.00212169,0.00218691,0.00219306,0.00210055,0.00195743,0.00188139,0.00187714,0.00187343,0.00184257,0.00181012,0.00182447,0.00188328,0.00197362,0.00207052,0.00213,0.00213725,0.0021244,0.00215683,0.00223441,0.00227961,0.00225477,0.002218,0.00219781,0.00220765,0.00224899,0.00229792,0.0023122,0.00228097,0.00222935,0.00222007,0.00224465,0.00225999,0.00221313,0.00214753,0.00209885,0.00207755,0.00207782,0.00208102,0.00206861,0.00201288,0.001937,0.00189061,0.00188306,0.00189671,0.00188152,0.0017357,0.00139554,0.000978812,0.000709881,0.000738952,0.000835609,0.000874659,0.000858027,0.000855397,0.000877778,0.000897523,0.000901688,0.000894072,0.000892256,0.00089731,0.00090716,0.000918381,0.000922122,0.00091559,0.000904812,0.000903591,0.000907661,0.000907831,0.000898553,0.000885975,0.000875503,0.000869197,0.000866852,0.000864696,0.000857664,0.00084278,0.000825285,0.000815009,0.000809453,0.000799326,0.000780868,0.000760531,0.000741828,0.000726891,0.000716581,0.000707857,0.000693296,0.000671485,0.000647107,0.000632491,0.000628629
0.000619418,0.000618881,0.000624806,0.000641977,0.000666484,0.000683799,0.000686492,0.000684648,0.00068839,0.000701907,0.000721718,0.000743193,0.000757584,0.000758549,0.00075831,0.000769844,0.000791367,0.00080669,0.000807004,0.000801981,0.000800536,0.000805922,0.000818254,0.000833345,0.00084054,0.000833983,0.000824218,0.000828667,0.000841336,0.000848254,0.000841642,0.000829064,0.000821046,0.000821799,0.000827893,0.000834846,0.000834162,0.000820147,0.000807341,0.000805617,0.000813085,0.000817422,0.000815688,0.000813297,0.000821955,0.000841393,0.000872177,0.000905478,0.000923786,0.000922002,0.000911552,0.000918713,0.000939653,0.000951458,0.000944742,0.00093393,0.000929244,0.00093522,0.000948033,0.000963284,0.00097109,0.000964924,0.000960507,0.00096603,0.000979736,0.000985232,0.000978535,0.000967935,0.000961079,0.000960263,0.000966244,0.000975285,0.000976215,0.00096632,0.000952443,0.000950939,0.000959227,0.000962002,0.000950956,0.000932125,0.000913076,0.000903023,0.000915018,0.000953123,0.000990243,0.00100573,0.00101774,0.00104405,0.00108184,0.00111033,0.00111702,0.00111272,0.00111121,0.00112249,0.00115894,0.00120219,0.00121635,0.00116009,0.00117353,0.00132726,0.00157209,0.00172499,0.00171283,0.00165478,0.00161244,0.00161734,0.00166627,0.00173599,0.00177463,0.00175433,0.00170647,0.00172868,0.00181989,0.00186567,0.00181627,0.00170771,0.00164352,0.00163604,0.00167783,0.00173196,0.00173985,0.00166136,0.00157866,0.00157937,0.00166023,0.00172039,0.0017207,0.00169171,0.00169062,0.00172993,0.00179825,0.00187634,0.00192264,0.00191964,0.00190357,0.00192876,0.00199121,0.00203115,0.00201098,0.00197241,0.00195681,0.00197408,0.00202211,0.00208307,0.00211817,0.00209702,0.00206105,0.00206374,0.00211922,0.0021715,0.00218526,0.00216718,0.00212948,0.00209818,0.0021141,0.00217777,0.00218816,0.00209153,0.00195145,0.00187658,0.00187274,0.0018687,0.0018363,0.00180513,0.00182009,0.0018811,0.00197046,0.00206512,0.00213303,0.00213135,0.00212412,0.00215576,0.00222903,0.00227397,0.0022624,0.00221528,0.0021949,0.002206,0.00224692,0.00229394,0.00231628,0.00227223,0.00222516,0.00222078,0.00224795,0.00225414,0.00221115,0.00214653,0.00209546,0.00207272,0.00207447,0.00208399,0.00206552,0.00200088,0.0019315,0.00189122,0.00188555,0.00189508,0.00187169,0.00174893,0.00141693,0.000990249,0.000725747,0.000747555,0.000847508,0.000883474,0.00086673,0.000864202,0.00088725,0.000907204,0.000908348,0.000902894,0.000900107,0.000904352,0.00091398,0.000925092,0.000929128,0.000922154,0.000911753,0.000909618,0.000913377,0.000914663,0.000905124,0.000891656,0.000880849,0.000874283,0.000871648,0.000869964,0.000862875,0.000846647,0.000830381,0.000819126,0.000812587,0.000803202,0.000785664,0.000763738,0.000744986,0.00073053,0.000720144,0.000710768,0.00069736,0.000672865,0.000649641,0.000635521,0.000631434
0.000620822,0.00062046,0.00062603,0.000644773,0.000667513,0.00068506,0.000688574,0.000685729,0.000690108,0.000703096,0.00072351,0.000744406,0.000758679,0.000760053,0.000760288,0.000771968,0.000793038,0.000809016,0.000810202,0.000804039,0.000802728,0.000808334,0.000820745,0.000834708,0.000843994,0.000835353,0.000827675,0.000831328,0.000841558,0.000850851,0.000844986,0.000831213,0.000823686,0.000823975,0.000830343,0.000837479,0.000837076,0.000824239,0.000810067,0.000808688,0.00081463,0.000821442,0.000817439,0.000816335,0.000824874,0.000845007,0.000875524,0.000905762,0.000928639,0.000922162,0.000914751,0.000922301,0.000941346,0.000954562,0.000948377,0.000936257,0.000932474,0.000937464,0.00095024,0.000965432,0.000973704,0.000969246,0.000963505,0.000968525,0.000980477,0.000988514,0.000980865,0.000970375,0.000963069,0.000962171,0.000968915,0.000976553,0.000979095,0.000967673,0.000955666,0.000953452,0.000961364,0.000965095,0.0009549,0.000935409,0.00091389,0.000907069,0.000921137,0.000956513,0.000995291,0.00101188,0.00102257,0.00104973,0.0010868,0.00111662,0.00112384,0.00111936,0.00111858,0.00113165,0.00116581,0.00121078,0.00122578,0.00118443,0.0011898,0.00134044,0.00155976,0.00172114,0.0017249,0.00165139,0.00160948,0.00161437,0.00166412,0.00172741,0.00177014,0.00173815,0.00170571,0.00173235,0.00180427,0.00186406,0.00179948,0.00170467,0.00164246,0.00163351,0.00167693,0.00172908,0.00173192,0.00165259,0.00157604,0.00157864,0.00164694,0.00171711,0.00170921,0.00168831,0.00168954,0.00172698,0.00179639,0.00187126,0.00191787,0.00190716,0.00190046,0.0019302,0.00198385,0.00202733,0.0020063,0.00196995,0.0019538,0.00197017,0.00202027,0.00207708,0.0021097,0.00208844,0.00205521,0.00206379,0.00211419,0.00216462,0.00217758,0.00216452,0.00212189,0.00209473,0.00211413,0.0021668,0.00218419,0.0020781,0.00195069,0.00187681,0.00186384,0.00186519,0.00182976,0.00180253,0.00181847,0.00187716,0.0019682,0.00206342,0.0021284,0.00213099,0.00211999,0.00215928,0.00222528,0.0022701,0.00225128,0.00221342,0.00219332,0.00220433,0.00224379,0.00229264,0.00231239,0.00227212,0.00222363,0.00222039,0.00223815,0.0022499,0.00220988,0.00214343,0.00209413,0.00207073,0.00207199,0.00207705,0.00206149,0.00199766,0.00192913,0.00189041,0.0018798,0.00188966,0.00188673,0.0017483,0.00139951,0.000991505,0.000757316,0.000768251,0.000857582,0.000885774,0.000877875,0.000875624,0.000893639,0.000915784,0.00091799,0.000910849,0.000908154,0.000911915,0.000921348,0.000931201,0.000936164,0.000928151,0.000918651,0.00091589,0.000919667,0.000920345,0.00091092,0.000896901,0.000886235,0.000879626,0.00087639,0.000873822,0.00086723,0.000852277,0.000834774,0.000823913,0.000816947,0.00080695,0.000788402,0.000767303,0.000748622,0.000733825,0.000723329,0.000714423,0.000700395,0.000676639,0.000652452,0.000638013,0.000633591
0.000622109,0.000621887,0.000628144,0.000646511,0.000671295,0.000688082,0.000689755,0.000687212,0.000691742,0.000704629,0.000724955,0.000746928,0.0007613,0.00076291,0.000762121,0.000772998,0.000795394,0.000811334,0.00081173,0.000806,0.000804536,0.000810161,0.000822387,0.00083777,0.000845385,0.000838372,0.000828756,0.000831964,0.000845752,0.000853673,0.000846175,0.000833022,0.000825865,0.000826635,0.000832641,0.000839734,0.000839327,0.000826107,0.000811658,0.000810344,0.000818732,0.000824695,0.000821904,0.000819461,0.000827516,0.000847516,0.000877716,0.000911189,0.000933108,0.000929983,0.000918267,0.00092524,0.00094713,0.00095728,0.000949218,0.000937734,0.000934349,0.000939749,0.000952135,0.000967335,0.000975765,0.000971705,0.000965324,0.000969335,0.000982228,0.000991404,0.000985457,0.000972848,0.000965064,0.000964395,0.00097147,0.000980568,0.00098258,0.000972258,0.000958677,0.000955187,0.000964088,0.000968183,0.000957907,0.000938502,0.000917316,0.000907188,0.000922766,0.000961896,0.000999236,0.00101547,0.00102689,0.00105681,0.00109746,0.00112491,0.00113041,0.00112627,0.00112599,0.0011389,0.00117061,0.00121588,0.00123161,0.00119672,0.00119665,0.00133323,0.00155941,0.00171416,0.00171522,0.00164681,0.00160368,0.00161055,0.00166063,0.00173021,0.00176682,0.00173735,0.00169674,0.00172157,0.00180973,0.00186023,0.00180263,0.00170232,0.00163947,0.00162998,0.00167054,0.00172685,0.00172993,0.00165242,0.0015728,0.00157316,0.00164653,0.00171666,0.00171571,0.00168603,0.00168707,0.0017247,0.00179208,0.00186807,0.00191507,0.00191071,0.00189632,0.00192399,0.00198357,0.00202317,0.00200599,0.00196697,0.00195034,0.00196709,0.00201671,0.00207662,0.00210681,0.00208228,0.00204786,0.00206147,0.00211321,0.00215877,0.00217429,0.0021617,0.00212412,0.00209109,0.00211044,0.00216927,0.00217939,0.0020809,0.00194538,0.00187102,0.0018642,0.00186143,0.00182841,0.0017999,0.00181458,0.00187399,0.00196386,0.00205898,0.00212004,0.00212034,0.00211068,0.00215614,0.00222849,0.00226451,0.00224596,0.00220892,0.00219006,0.00220209,0.00223823,0.00228619,0.00230457,0.0022666,0.00221785,0.00221405,0.00224049,0.00224662,0.00220364,0.00213991,0.0020911,0.00206861,0.0020688,0.00207788,0.00205712,0.00199277,0.00192389,0.00188413,0.00187417,0.00188364,0.0018749,0.00174081,0.00138475,0.000964375,0.000770384,0.000787473,0.000862325,0.000888645,0.000879836,0.000879557,0.000902084,0.000921527,0.000922672,0.000916014,0.000913564,0.000917589,0.000926627,0.000937014,0.000941116,0.000934012,0.000923161,0.000919281,0.000923644,0.000924193,0.000914516,0.000900959,0.000890301,0.000883583,0.000880084,0.000877334,0.000870544,0.000855347,0.000837397,0.000825966,0.000819635,0.000809522,0.00079121,0.00076976,0.000750809,0.000735964,0.000725138,0.000716018,0.00070172,0.000678175,0.000653699,0.00063888,0.000634971
0.000623255,0.000623436,0.000630509,0.000649514,0.000672236,0.000690071,0.000691287,0.000688838,0.000693748,0.000706383,0.000726385,0.000747854,0.000763154,0.000763565,0.000763551,0.000777156,0.00079796,0.000813268,0.000813857,0.000808099,0.000806477,0.000811724,0.000824807,0.000838775,0.000846943,0.00083852,0.000830855,0.000835202,0.000846966,0.000855642,0.000847666,0.000834929,0.000828642,0.000829107,0.000835101,0.000841239,0.000841674,0.000828171,0.000814524,0.000813133,0.000819839,0.000827362,0.000825577,0.000822705,0.00082975,0.000849755,0.000881064,0.000913704,0.000935945,0.000928469,0.000920986,0.000927587,0.000945595,0.000960817,0.000952306,0.000940022,0.000936068,0.000941205,0.000954877,0.000969687,0.000977978,0.000973028,0.00096775,0.000972298,0.000984184,0.000992749,0.000985287,0.000974802,0.000967967,0.000967277,0.000973748,0.000982548,0.000984997,0.000973883,0.000960627,0.000960159,0.000967741,0.000970534,0.000960486,0.000941363,0.000919349,0.000910722,0.000926331,0.000964531,0.00100344,0.00101711,0.0010327,0.00106384,0.00110213,0.00113231,0.00113823,0.00113342,0.00113278,0.00114618,0.00117947,0.0012217,0.00124102,0.00120429,0.0012135,0.00135172,0.00154845,0.0017082,0.00171112,0.00164484,0.00160288,0.00160835,0.00165791,0.00172293,0.00176043,0.0017241,0.00168658,0.00173288,0.00181049,0.00184974,0.00178693,0.00169846,0.00164139,0.00163054,0.00166393,0.00170734,0.00172639,0.00164825,0.0015737,0.0015755,0.0016409,0.00170791,0.00169991,0.00168146,0.00168825,0.00172387,0.00178697,0.00185579,0.00191055,0.00191042,0.00189806,0.00192192,0.00197571,0.00201731,0.00199877,0.00196322,0.00194996,0.00196613,0.00201351,0.00206853,0.00210238,0.00207355,0.00204671,0.00205882,0.00210424,0.00215371,0.00217018,0.00215871,0.00211512,0.00208864,0.00210923,0.00215865,0.00217266,0.00206939,0.00194439,0.00187075,0.00185556,0.00185639,0.00182413,0.00179716,0.00181311,0.0018709,0.00196139,0.00205225,0.00211444,0.00212266,0.00211433,0.00214707,0.00221265,0.00226042,0.00224118,0.00220578,0.00218822,0.00219824,0.00223766,0.00228279,0.00229942,0.00226107,0.00221663,0.00221364,0.00223369,0.0022406,0.00219678,0.00213711,0.00209014,0.00206712,0.00206391,0.00206462,0.00205233,0.00199006,0.0019224,0.0018802,0.00186806,0.00187932,0.00186935,0.00173269,0.00140007,0.00100865,0.000762284,0.000778845,0.000863563,0.00089025,0.000883389,0.00088683,0.000908227,0.000923436,0.000923515,0.000919598,0.000917676,0.000922133,0.000930251,0.000939441,0.000943797,0.000935679,0.000926466,0.000923384,0.000926461,0.00092669,0.000917932,0.000903822,0.000893256,0.000886049,0.000882721,0.000879874,0.000872376,0.000855439,0.000839246,0.000828764,0.000819827,0.000810605,0.000792711,0.000771257,0.000752021,0.000737264,0.000726466,0.000717175,0.000701905,0.000678422,0.000654746,0.000639947,0.000635677
0.000624124,0.000624356,0.000630824,0.000649448,0.000674455,0.000691113,0.000692498,0.000689502,0.000693991,0.000707354,0.000726631,0.000748965,0.000763758,0.000763387,0.000762503,0.00077838,0.000800437,0.000814789,0.000815069,0.000809533,0.000807683,0.000813155,0.000826517,0.000842273,0.000849473,0.000841812,0.000831978,0.000836103,0.000850767,0.000857535,0.000848962,0.000836391,0.000830391,0.000831098,0.000836511,0.000842918,0.000843914,0.000832013,0.000816468,0.000814147,0.000823281,0.000830543,0.000828812,0.000825113,0.000830555,0.00085136,0.0008839,0.000921289,0.000939198,0.000931746,0.00092283,0.000929027,0.000948475,0.000964727,0.000958132,0.000942321,0.000936875,0.000942406,0.000956733,0.000972165,0.000979901,0.000975412,0.000969027,0.00097439,0.000989216,0.000994237,0.00098672,0.00097643,0.000970125,0.000969649,0.000974955,0.000984562,0.000987292,0.000974777,0.000960921,0.000962942,0.000971826,0.000972533,0.000961711,0.000943878,0.000923243,0.00091285,0.000929523,0.000972163,0.00100794,0.00102216,0.00103627,0.00106709,0.00110895,0.00113892,0.00114454,0.00113939,0.00113891,0.00115152,0.00118546,0.00123236,0.00124956,0.00121736,0.00121756,0.00134586,0.00155689,0.00170294,0.0017043,0.00163928,0.0015993,0.00160676,0.00165205,0.0017214,0.00175629,0.00171456,0.0016757,0.00173366,0.0018215,0.0018445,0.00178159,0.00169373,0.00163836,0.00162974,0.00165636,0.00169929,0.00171785,0.00165492,0.00156622,0.00156866,0.00164939,0.00169937,0.00169146,0.00167631,0.00168778,0.00172371,0.00178104,0.00184961,0.00190516,0.00191341,0.00189546,0.0019115,0.00197377,0.00201239,0.00199341,0.00195902,0.00194879,0.00196439,0.00200678,0.00206376,0.00209416,0.00207254,0.00204017,0.00204935,0.00209924,0.0021483,0.00217006,0.00215695,0.00211361,0.00208316,0.002104,0.0021608,0.00216911,0.00207183,0.00193856,0.00186437,0.00185608,0.00185272,0.00182077,0.00179354,0.00180879,0.00186801,0.00195598,0.00204763,0.0021097,0.00212162,0.00211373,0.00213454,0.00220344,0.00226018,0.00224647,0.00220273,0.00218267,0.00219265,0.00223439,0.00228073,0.0022954,0.00225931,0.00221275,0.00220741,0.0022348,0.00223633,0.00219182,0.00213276,0.00208857,0.00206546,0.00205951,0.00206008,0.00204792,0.00199453,0.0019204,0.00187452,0.00186308,0.00187265,0.00185799,0.00172956,0.0014189,0.0010268,0.000746652,0.000765157,0.000877808,0.000904748,0.000891917,0.000899815,0.000921697,0.00093471,0.000933437,0.000928763,0.000928118,0.000931054,0.000938462,0.00094855,0.000952354,0.000943862,0.000932709,0.000930386,0.000933089,0.000933907,0.000925053,0.000910457,0.000898353,0.000891831,0.000888559,0.000886113,0.000877694,0.000860681,0.000843464,0.000833353,0.000826033,0.000815053,0.000796742,0.000775277,0.000755702,0.00074038,0.00073057,0.000721079,0.000705728,0.000681734,0.000657195,0.000642401,0.00063871
0.000624743,0.00062502,0.000632015,0.000651971,0.000676246,0.000691498,0.000694599,0.000690393,0.000694552,0.000707346,0.00072854,0.000750744,0.000764348,0.000767009,0.000766356,0.000776903,0.00079745,0.000815967,0.000815022,0.000811114,0.000809575,0.000814908,0.000828127,0.000843212,0.000850941,0.000842789,0.000834159,0.000837729,0.000851769,0.000858803,0.000852198,0.000838362,0.000831386,0.000832081,0.000839664,0.000847931,0.000845464,0.000829765,0.000818283,0.000817023,0.000824369,0.000832137,0.000827073,0.000826455,0.000835207,0.000854888,0.000885167,0.000915691,0.000940524,0.000936343,0.000925896,0.000931593,0.000953497,0.00096441,0.000956061,0.000943599,0.000939494,0.000944933,0.000957761,0.000971182,0.000981244,0.000975792,0.000971554,0.000974489,0.000987643,0.000996915,0.000990007,0.000978355,0.000971171,0.000970302,0.000977741,0.000986841,0.000988861,0.000978887,0.000965582,0.000961376,0.000970178,0.000975403,0.00096532,0.000946543,0.000926239,0.000916359,0.000932034,0.000971984,0.00101136,0.0010295,0.0010423,0.00107169,0.00111336,0.00114503,0.00115095,0.00114622,0.00114468,0.00115552,0.00119557,0.00124088,0.00125812,0.00122564,0.00123466,0.0013494,0.0015482,0.00169536,0.00169292,0.00163644,0.00159603,0.00159962,0.00165459,0.00172186,0.00174999,0.00172875,0.00169006,0.00171255,0.00178855,0.0018413,0.00178611,0.00169166,0.00163345,0.00162393,0.00165728,0.00170647,0.00171088,0.00162489,0.00156512,0.00156493,0.00162363,0.0016993,0.00169983,0.00167643,0.00167717,0.00171749,0.00178053,0.00185391,0.00189924,0.00189322,0.00188191,0.00192149,0.00197462,0.00200458,0.00199451,0.00195763,0.00194106,0.00195938,0.0020037,0.00205664,0.00208586,0.00206978,0.00203727,0.00204488,0.00209264,0.00214106,0.00215934,0.00215008,0.00211918,0.00208701,0.00210164,0.00215149,0.00216179,0.00206271,0.0019381,0.00186151,0.00184979,0.00184703,0.00181449,0.00179016,0.00180853,0.00186681,0.00195262,0.00204546,0.00210377,0.00211294,0.00210207,0.00214618,0.00221584,0.00224883,0.00222819,0.00219926,0.00218357,0.00219483,0.00222801,0.00227508,0.00228995,0.00225843,0.00221054,0.002204,0.00222953,0.00223145,0.00219111,0.00212982,0.00208564,0.00206168,0.00206039,0.0020678,0.00204285,0.0019839,0.00191552,0.00187359,0.00185946,0.00186664,0.00185944,0.00172356,0.00141,0.00100369,0.000819508,0.000838572,0.000902262,0.000930114,0.000919933,0.000915931,0.000939244,0.000958715,0.000960414,0.000948741,0.000944161,0.000946702,0.000956217,0.000966444,0.000969871,0.000960481,0.000948179,0.000943883,0.000947816,0.000946988,0.00093519,0.000922241,0.000911021,0.000903598,0.000899455,0.000896035,0.000889552,0.000874055,0.000855144,0.000841878,0.00083583,0.000825103,0.000806207,0.000783814,0.0007644,0.000749286,0.000738806,0.000728685,0.000715319,0.000689276,0.000665314,0.000648917,0.000643519
0.000625236,0.000625821,0.000632313,0.000652701,0.000676618,0.000692685,0.00069245,0.000690932,0.000695311,0.000708425,0.000728983,0.000749684,0.000765646,0.000764668,0.000766507,0.000779645,0.000800902,0.000816554,0.00081781,0.000812215,0.000811038,0.000816556,0.000829012,0.000845211,0.00085213,0.000845555,0.000834475,0.000839818,0.000853319,0.0008604,0.000851683,0.000839934,0.000832643,0.000833656,0.00084117,0.000848064,0.000847025,0.000833573,0.000818774,0.000819543,0.000828333,0.000833649,0.000830942,0.000828412,0.000836878,0.000855696,0.000886822,0.000921219,0.00094104,0.000938418,0.000926891,0.000933608,0.0009537,0.000966912,0.000957463,0.000945272,0.000940338,0.000945794,0.00095944,0.00097425,0.000981949,0.000978878,0.000972178,0.000976641,0.000989913,0.000997576,0.000990843,0.000979533,0.000973063,0.000972737,0.000978847,0.000988132,0.000990681,0.000978818,0.000966673,0.000964388,0.000971844,0.000976498,0.000967211,0.000949066,0.000926081,0.00091874,0.000936457,0.000974705,0.00101467,0.0010333,0.00104627,0.00107625,0.00111964,0.00115089,0.00115876,0.00115194,0.00115094,0.00116454,0.00119953,0.00124922,0.00126597,0.00124489,0.00124266,0.00135803,0.00154273,0.00168487,0.00169953,0.0016305,0.0015925,0.00160012,0.00164993,0.00170754,0.00174786,0.00171132,0.00168604,0.00171212,0.00179428,0.00183914,0.0017751,0.00169019,0.0016306,0.00161838,0.00165035,0.00169942,0.00170274,0.00163838,0.00155679,0.00156057,0.00163157,0.00169058,0.00169419,0.00167075,0.00167781,0.00171461,0.00177558,0.00184548,0.00189362,0.00188887,0.00188165,0.00191198,0.00196397,0.00200024,0.00198155,0.00195331,0.00194001,0.00195566,0.00199898,0.00204997,0.00207815,0.00205941,0.00203326,0.00203801,0.00208622,0.00213424,0.00215446,0.00214627,0.00211229,0.00208416,0.00209343,0.00215097,0.00215499,0.00206601,0.00193156,0.00185832,0.00184713,0.00184107,0.00181224,0.00178529,0.00180623,0.00186359,0.00194943,0.00203432,0.00209925,0.00210642,0.00210397,0.00213853,0.00220764,0.00224478,0.00223294,0.00219499,0.00218091,0.00219047,0.00222615,0.0022651,0.00228582,0.00224925,0.00220819,0.00220145,0.00222193,0.00222719,0.00218209,0.00212648,0.00208227,0.00205939,0.00205722,0.00205606,0.0020396,0.00197778,0.00191394,0.00186877,0.00185576,0.00186116,0.00183999,0.00172048,0.00139701,0.00104436,0.000837547,0.000836519,0.000929595,0.000947817,0.000939865,0.00093948,0.000960861,0.000981151,0.000977625,0.00096716,0.000960659,0.00096285,0.000972575,0.000982663,0.000987123,0.000976639,0.000960709,0.000957837,0.000961112,0.000960287,0.000950041,0.000933901,0.000921575,0.000914078,0.000910589,0.00090766,0.000901083,0.000884277,0.000863994,0.000852192,0.000844887,0.000835343,0.000814495,0.000792032,0.000772003,0.000756968,0.000746686,0.000739071,0.000724231,0.00069975,0.000671078,0.000654969,0.000649974
0.000625632,0.000625455,0.000632377,0.000652725,0.000677757,0.000692772,0.000694327,0.000691297,0.000695293,0.000708331,0.000728723,0.000750923,0.000764728,0.000766909,0.000766324,0.000778496,0.000801703,0.000818252,0.000818519,0.000813166,0.000812072,0.000817754,0.000829893,0.000845664,0.000853319,0.000845743,0.000835677,0.000839636,0.00085368,0.000861955,0.000854811,0.000840885,0.000833377,0.000834753,0.000841998,0.000850252,0.000848628,0.000834042,0.000820306,0.000820276,0.000830038,0.000836152,0.000832192,0.00082936,0.000837478,0.000857335,0.000888468,0.000923201,0.000945462,0.000939691,0.000929196,0.000934497,0.000954841,0.000969864,0.000961865,0.000946645,0.000941308,0.000947067,0.000960665,0.000975797,0.00098437,0.000978688,0.000972851,0.00097925,0.000993263,0.000998637,0.000991517,0.000981023,0.00097469,0.000974216,0.00097974,0.000988565,0.000992132,0.000981881,0.000967404,0.000965896,0.000974999,0.000978547,0.00096884,0.000950821,0.000930022,0.000919144,0.000936845,0.000980049,0.0010189,0.00103565,0.00105024,0.00108073,0.00112511,0.0011573,0.00116355,0.00115775,0.00115726,0.00117077,0.00120427,0.00125257,0.00127418,0.00124998,0.00124945,0.00136039,0.00154933,0.00168645,0.00168443,0.00162676,0.00158851,0.00159353,0.00164109,0.00170605,0.00173597,0.00171263,0.00167532,0.00170045,0.0017846,0.00183078,0.00178132,0.00168222,0.00162356,0.00161564,0.00164624,0.00169236,0.00169756,0.00162881,0.00155054,0.00155296,0.00162642,0.00168475,0.00168418,0.00166592,0.0016748,0.00171126,0.00177074,0.00183897,0.00188821,0.00189043,0.00187702,0.00190443,0.00196146,0.0019955,0.00197992,0.00194835,0.00193646,0.00195239,0.00199361,0.00204265,0.00207361,0.00205842,0.00202687,0.00203044,0.00207942,0.00212887,0.00215042,0.0021427,0.00211023,0.00207901,0.002087,0.00214065,0.00215126,0.00205855,0.0019277,0.00185404,0.00184421,0.00183739,0.00180413,0.00178086,0.00180229,0.00185882,0.00194267,0.00203088,0.00209103,0.00210359,0.00209795,0.00212905,0.00219888,0.00224063,0.00222481,0.00219011,0.00217585,0.00218528,0.00222064,0.00226317,0.00227894,0.0022477,0.00220197,0.00219501,0.00221925,0.002221,0.00218115,0.00212273,0.00207764,0.00205381,0.00205001,0.00205157,0.00203072,0.00197727,0.00190887,0.00186168,0.00184832,0.00185267,0.00183969,0.00171753,0.0014105,0.00104828,0.000849187,0.000868877,0.000954971,0.000977146,0.000959853,0.000960958,0.000984937,0.0010031,0.000998685,0.000985128,0.000977305,0.000978831,0.000988921,0.00100104,0.00100254,0.000989485,0.000974084,0.000970375,0.000974887,0.000974981,0.000961987,0.000945513,0.000932388,0.000924597,0.000921857,0.000920226,0.00091128,0.000892393,0.000872155,0.000860889,0.000854708,0.00084362,0.000823899,0.000799766,0.000779209,0.000764204,0.000754177,0.000746845,0.000732958,0.000706385,0.000677652,0.000660394,0.000654904
0.000625858,0.000626378,0.000633147,0.000652827,0.000675757,0.00069271,0.000694326,0.000691728,0.000695657,0.000708487,0.00072882,0.000749406,0.000764269,0.000765177,0.000766484,0.000779558,0.00080041,0.000819185,0.000819961,0.000814297,0.000812978,0.000818446,0.000831526,0.000846612,0.000854239,0.000847232,0.000837946,0.000841162,0.00085337,0.000863103,0.000855122,0.000841865,0.000834787,0.000835949,0.000843418,0.000850018,0.000849845,0.000836017,0.000823163,0.000822258,0.000830494,0.000838335,0.000834501,0.000830834,0.000838676,0.000858809,0.000890764,0.000924439,0.000947435,0.000941221,0.000931531,0.000939189,0.000955458,0.000970022,0.000961297,0.000947779,0.000942826,0.000948345,0.000962071,0.000976702,0.000985724,0.000979847,0.000974842,0.000981282,0.000992874,0.000999884,0.000993261,0.000982633,0.000975754,0.000975332,0.000981417,0.000989801,0.000992943,0.00098069,0.000968551,0.000967897,0.000974833,0.000979665,0.000970002,0.000952569,0.000930843,0.000921401,0.000937986,0.000978504,0.00102106,0.00103897,0.00105596,0.0010869,0.00112886,0.00116441,0.00116984,0.001164,0.00116298,0.00117618,0.00121295,0.00125965,0.00128279,0.00125548,0.00126241,0.00137632,0.00154924,0.00167931,0.00167196,0.00162299,0.00158793,0.00159018,0.00163545,0.00169168,0.00172718,0.00169488,0.00166889,0.00170074,0.00177301,0.00182101,0.00176893,0.00167625,0.00162097,0.00161173,0.00164445,0.00168566,0.00169476,0.00162275,0.00155401,0.00155833,0.00161679,0.00168088,0.00168342,0.00166377,0.00167017,0.0017069,0.00176792,0.00183415,0.00188207,0.0018766,0.00187172,0.00190397,0.00195195,0.00198715,0.00197112,0.00194425,0.0019336,0.00194874,0.00199085,0.00203727,0.00206564,0.00204463,0.00202106,0.00203175,0.00207434,0.00212278,0.00214624,0.00213856,0.00210368,0.00207463,0.00208881,0.00213814,0.00214816,0.00205121,0.00193074,0.00185877,0.00183773,0.00183314,0.00180483,0.0017786,0.00179769,0.00185396,0.0019383,0.00202241,0.0020836,0.00209001,0.00209126,0.0021322,0.00219467,0.0022345,0.00222132,0.00218613,0.00217193,0.00218252,0.00221738,0.00225503,0.00227377,0.00223868,0.00219916,0.00219259,0.00220999,0.00221604,0.00217548,0.00211953,0.00207465,0.00205018,0.00204536,0.00204209,0.00202379,0.00196646,0.00190399,0.00185863,0.00184275,0.00184578,0.00182693,0.00170907,0.00139839,0.00107394,0.000876473,0.000881093,0.000976149,0.000994837,0.000983001,0.000984091,0.00100567,0.00102435,0.00101843,0.00100342,0.000994294,0.000995136,0.00100496,0.00101534,0.00101882,0.00100413,0.000988582,0.000984202,0.000988158,0.000988917,0.000975696,0.000956971,0.00094352,0.000935604,0.000932728,0.000929797,0.000922324,0.000901718,0.000881551,0.000869484,0.00086175,0.000852493,0.000831488,0.000807554,0.000786644,0.000771316,0.000762423,0.000755029,0.00074249,0.000714009,0.00068536,0.000666631,0.000659949
0.000625857,0.000627329,0.000634115,0.000652184,0.000676673,0.000693737,0.000695827,0.000691936,0.000695061,0.000708728,0.000728732,0.000750384,0.000764921,0.000766989,0.000766951,0.000779497,0.000802374,0.000819558,0.000821009,0.000815105,0.000813299,0.000818821,0.000832156,0.000847354,0.000854676,0.000848496,0.000838674,0.000839734,0.000854014,0.000864217,0.000856913,0.000842804,0.000835851,0.000837423,0.000844516,0.00085167,0.000850651,0.00083751,0.00082381,0.000821486,0.000831177,0.000839437,0.000836433,0.000832177,0.000839118,0.000859045,0.000890576,0.000925423,0.000946038,0.000941324,0.00093029,0.000939386,0.000960453,0.000971214,0.000964357,0.000949087,0.000943237,0.000949609,0.000962598,0.000977656,0.000985743,0.000981405,0.000975251,0.000981412,0.000994556,0.00100077,0.000994315,0.000983594,0.000976324,0.000976199,0.000982733,0.000992476,0.00099418,0.000983304,0.000970047,0.00096923,0.000977958,0.000980683,0.000971699,0.000954539,0.000934652,0.000924393,0.000940424,0.000983789,0.00102404,0.00104531,0.00105867,0.00108889,0.00113429,0.0011686,0.0011742,0.00116921,0.00116706,0.0011795,0.00121841,0.00126783,0.00128914,0.00126567,0.00126655,0.00137554,0.00155616,0.0016643,0.00166106,0.00161539,0.00158457,0.00158845,0.00162987,0.0016919,0.00172407,0.00169536,0.00166159,0.00169435,0.00177624,0.00181414,0.00175943,0.00167184,0.00161466,0.00160415,0.00163506,0.00167697,0.00168288,0.001611,0.00154066,0.00154048,0.00160719,0.00167325,0.00167872,0.00165954,0.00166259,0.00170137,0.00176348,0.00183466,0.00187564,0.00187179,0.00186596,0.0019005,0.00195523,0.00198144,0.00196718,0.00193999,0.00193032,0.00194573,0.00198494,0.00203511,0.00205715,0.00203751,0.00201213,0.00202364,0.00206673,0.00211451,0.00213892,0.00213337,0.00209729,0.00206284,0.00208325,0.00213665,0.00213691,0.00203701,0.00191784,0.00184516,0.00182948,0.00182682,0.00180022,0.00177551,0.00178875,0.001849,0.0019339,0.00202434,0.00207851,0.00208193,0.00208336,0.00212791,0.00219184,0.00222833,0.00221516,0.00218277,0.00216642,0.00217772,0.00221151,0.0022526,0.00226829,0.00223568,0.00219456,0.00218694,0.00220699,0.00221174,0.0021716,0.00211527,0.00207036,0.0020474,0.00204098,0.00204015,0.00201999,0.00196454,0.00189852,0.00185465,0.0018384,0.00183878,0.00182189,0.00170465,0.00142232,0.0010878,0.000903718,0.000923045,0.00100385,0.00102805,0.00100518,0.00100429,0.00103105,0.00104637,0.00103859,0.00102142,0.00101096,0.00101125,0.00102035,0.00103259,0.00103553,0.00102145,0.00100202,0.000994555,0.00100071,0.00100152,0.000987645,0.000968223,0.00095394,0.000945956,0.00094264,0.000940547,0.000933236,0.000913704,0.000890858,0.000877752,0.000872414,0.000862317,0.000840865,0.000815358,0.000793696,0.000778387,0.000769921,0.000763728,0.00075042,0.000721718,0.000690932,0.000670804,0.000664793
0.000625609,0.000627169,0.000634849,0.000652949,0.000675401,0.000694006,0.000694656,0.000691781,0.000695613,0.000709093,0.000728992,0.000749709,0.000764781,0.000766549,0.000768447,0.000780781,0.000801095,0.000819917,0.000820128,0.00081551,0.000814171,0.000819553,0.000832774,0.000847026,0.000854674,0.000847773,0.000839295,0.000841588,0.000855668,0.000864629,0.000855839,0.000843295,0.000837006,0.000838486,0.0008452,0.000850889,0.00085119,0.00083943,0.000824733,0.000822303,0.000831821,0.000839284,0.000835097,0.000832198,0.000839389,0.000859127,0.000890568,0.000925454,0.000944576,0.000943047,0.000931891,0.000940578,0.000959583,0.000973865,0.00096391,0.000950466,0.000945133,0.000950825,0.000963642,0.00097877,0.000986139,0.000982976,0.000976553,0.000981944,0.00099278,0.00100101,0.000996111,0.000984319,0.000977226,0.000977236,0.000983979,0.000992614,0.000995557,0.000983303,0.00097285,0.000971165,0.000977267,0.000982465,0.000973988,0.000956485,0.000936695,0.000928924,0.000944713,0.000983216,0.0010286,0.00104479,0.00106132,0.00109463,0.00113761,0.00116971,0.0011788,0.00117329,0.00117226,0.00118513,0.00122365,0.00126723,0.00129131,0.00126242,0.00127152,0.0013728,0.00153476,0.001652,0.00165591,0.00160916,0.00157876,0.00158386,0.00162675,0.00168223,0.00171709,0.0016841,0.00165833,0.00168861,0.00175918,0.00180112,0.00174406,0.00166512,0.00160926,0.0015968,0.00162727,0.00166638,0.00166437,0.00160356,0.00152815,0.00153293,0.0015998,0.00165998,0.00166401,0.00165272,0.00165889,0.00169747,0.00175804,0.00182293,0.00186852,0.00187167,0.00186482,0.0018947,0.00194308,0.00197879,0.0019662,0.00193631,0.0019268,0.00194199,0.00197904,0.00202135,0.00205104,0.00203509,0.00200578,0.00201782,0.00205902,0.002105,0.00213043,0.002127,0.00209399,0.00205966,0.00207487,0.00211401,0.00211814,0.00203129,0.00190774,0.00183824,0.00182438,0.00181864,0.00179058,0.0017706,0.00178823,0.00184642,0.00192984,0.00201474,0.00207275,0.00208285,0.00208214,0.00212458,0.00218388,0.00222194,0.00220838,0.00217957,0.00216326,0.00217247,0.00220752,0.00224955,0.00226011,0.0022312,0.0021909,0.00218354,0.0022003,0.002204,0.00217003,0.00211086,0.00206708,0.00204425,0.00203818,0.00203338,0.00201381,0.00195616,0.00189487,0.00185087,0.001833,0.00183303,0.00182334,0.00170533,0.00143971,0.00112577,0.000947185,0.000974217,0.00103789,0.00104565,0.00102921,0.00102841,0.00104806,0.00106843,0.00105972,0.00103929,0.00102734,0.0010266,0.00103654,0.00104707,0.00105045,0.00103421,0.00101551,0.00100734,0.00101307,0.00101393,0.00100029,0.000979767,0.000964504,0.000955813,0.000952957,0.000951184,0.000942663,0.000921855,0.000900257,0.000886825,0.000880339,0.000870963,0.000848613,0.000823015,0.000801012,0.000785627,0.000777727,0.000771419,0.000756757,0.00072861,0.000696792,0.000675874,0.000669594
0.000625088,0.000627044,0.000633743,0.000652166,0.000676677,0.000692486,0.000694329,0.000690955,0.000695989,0.000708882,0.000728216,0.000749746,0.000763762,0.000767117,0.000767304,0.000780372,0.000803115,0.00081889,0.00082073,0.000815534,0.000814711,0.000820411,0.000832447,0.000847861,0.00085442,0.000848512,0.000838567,0.00084297,0.000856043,0.000864216,0.000856148,0.000843352,0.00083825,0.000839608,0.000845549,0.000851684,0.00085144,0.00083891,0.000825554,0.00082338,0.000832601,0.000838915,0.000836131,0.000831653,0.000838853,0.00085867,0.00088995,0.000921846,0.000942459,0.000940013,0.000932399,0.000938318,0.000961334,0.000973016,0.00096557,0.000950351,0.000945974,0.000951361,0.000964407,0.000978242,0.000986342,0.000982536,0.000977524,0.00098206,0.000994172,0.00100117,0.000995302,0.00098502,0.0009782,0.000978006,0.000984411,0.000993604,0.000995488,0.000986067,0.000972954,0.000970931,0.000978461,0.000982916,0.000974916,0.000957936,0.000939239,0.000928463,0.000945234,0.00098919,0.00102927,0.0010495,0.00106286,0.00109685,0.00114135,0.00117422,0.00118053,0.00117736,0.00117607,0.00119083,0.00122828,0.00127596,0.00129507,0.00128089,0.00127775,0.00137461,0.00153137,0.00164481,0.00164606,0.0016037,0.0015731,0.00157834,0.0016198,0.00167912,0.00170714,0.00168387,0.0016501,0.0016791,0.00175167,0.00178651,0.00174569,0.00165722,0.00160199,0.00159217,0.00161862,0.00165248,0.00165668,0.00158847,0.00152506,0.00152692,0.0015935,0.00165115,0.00166022,0.00164695,0.00165721,0.00169379,0.00175247,0.00181683,0.00186067,0.0018665,0.00186247,0.00188454,0.00193719,0.00197194,0.00195891,0.00193209,0.00192221,0.00193757,0.00197287,0.00201581,0.00204172,0.00202628,0.0020028,0.00200985,0.0020512,0.00209663,0.00212055,0.00211955,0.00208543,0.00205612,0.00206531,0.00210719,0.0021067,0.00201864,0.001905,0.00183396,0.00181971,0.00181162,0.00178429,0.00176527,0.00178639,0.00184221,0.00192355,0.00200925,0.00206523,0.00207383,0.00208096,0.00211593,0.00217992,0.00221515,0.00220612,0.00217407,0.00215955,0.00216964,0.00220284,0.00223908,0.00225418,0.00222322,0.00218699,0.00217797,0.00219495,0.0021981,0.0021589,0.00210657,0.00206391,0.00204005,0.00203359,0.0020312,0.00200644,0.00195277,0.00188961,0.00184586,0.00182773,0.00182595,0.00180661,0.00170111,0.00142224,0.00114166,0.000980684,0.000980754,0.00106047,0.00107092,0.00104543,0.00104899,0.00107344,0.00108906,0.00107798,0.00105701,0.00104292,0.00104162,0.00105209,0.00106502,0.00106541,0.00105031,0.00102725,0.00101986,0.00102641,0.0010266,0.00101021,0.000990689,0.000974629,0.000965971,0.000963182,0.000961273,0.000952698,0.000932698,0.0009087,0.000894161,0.000889311,0.000879102,0.000858281,0.000830142,0.000807464,0.000792548,0.000784809,0.000778588,0.000765127,0.000734626,0.000702561,0.000681276,0.000674215
0.000624291,0.000625807,0.000632707,0.000651167,0.000675691,0.000691298,0.000693077,0.00069047,0.000695679,0.000708436,0.000727494,0.000748577,0.000762558,0.000765583,0.000766404,0.00077971,0.000802522,0.000818108,0.000820196,0.000815586,0.000814966,0.000820773,0.000832409,0.000847318,0.000854222,0.000847453,0.000837945,0.000844236,0.000858446,0.000863085,0.000855611,0.00084415,0.000838872,0.00084026,0.000845901,0.000851626,0.000851279,0.000839113,0.000825072,0.000823199,0.000833078,0.000838847,0.000834207,0.000831987,0.000838631,0.000857223,0.000886956,0.00091918,0.00093947,0.000937983,0.000930238,0.000936815,0.000960035,0.000972167,0.000964422,0.000950052,0.000946118,0.00095158,0.00096411,0.000977959,0.000985751,0.000982649,0.000977758,0.000981091,0.000992738,0.0010015,0.0009957,0.000985251,0.000978836,0.000978777,0.000985046,0.000993774,0.000995487,0.000985745,0.00097291,0.000970656,0.000977971,0.000982524,0.000975116,0.000958573,0.000939028,0.000928327,0.000945618,0.000989382,0.00103022,0.00105089,0.00106548,0.00109926,0.00114503,0.00117786,0.00118525,0.00118183,0.0011822,0.00119607,0.00123132,0.00127803,0.00130683,0.00128527,0.00129515,0.0013787,0.00152361,0.00164374,0.00164468,0.00159718,0.00156779,0.00157346,0.00161435,0.00167183,0.0016993,0.00167684,0.00164513,0.00167351,0.00174628,0.00177835,0.00172537,0.00164931,0.00159472,0.00158473,0.00160708,0.00164351,0.00164641,0.00158221,0.00151669,0.00151968,0.00159047,0.00164631,0.00164803,0.00164321,0.00165483,0.00169088,0.00174772,0.00180846,0.00185539,0.00186241,0.0018565,0.00187731,0.00192886,0.00196348,0.00195245,0.00192593,0.00191725,0.00193285,0.00196729,0.00200812,0.00203238,0.00201872,0.00199413,0.00200144,0.00204398,0.00208795,0.00211054,0.00210746,0.0020817,0.00205051,0.00205211,0.00208526,0.00209857,0.00201413,0.00189648,0.00182695,0.00181438,0.00180414,0.00177565,0.00175799,0.00178202,0.0018389,0.00191672,0.00199628,0.00205624,0.00207409,0.00207434,0.00210733,0.00217139,0.00220792,0.00219852,0.0021684,0.00215467,0.00216519,0.00219588,0.00223289,0.0022474,0.0022184,0.00218068,0.00217178,0.00218986,0.00219141,0.0021531,0.00210118,0.00205921,0.00203525,0.00202696,0.00202167,0.0020011,0.00194743,0.00188444,0.00183992,0.00181972,0.00181435,0.0017943,0.00168566,0.00143644,0.00113995,0.000979808,0.00101764,0.00107708,0.00108679,0.00106599,0.0010682,0.00109213,0.00111128,0.00109867,0.00107485,0.00105936,0.00105771,0.00106786,0.00108002,0.00108314,0.00106189,0.00104028,0.00103305,0.00103904,0.00103785,0.00102276,0.00100087,0.000984439,0.000975855,0.000973307,0.000972239,0.000963523,0.000940895,0.000917739,0.000903041,0.000898106,0.000887897,0.000864384,0.000837667,0.000814471,0.000798861,0.000791071,0.000786017,0.000772459,0.00074175,0.000707938,0.000686095,0.000679053
0.00062344,0.000624546,0.000632223,0.000651007,0.000673679,0.000690383,0.00069193,0.000690318,0.000695104,0.000707867,0.000727012,0.00074682,0.000761298,0.000763585,0.000766438,0.000780139,0.000800527,0.000817257,0.000819081,0.000815577,0.000815042,0.000820579,0.000832655,0.000846127,0.000854112,0.000845772,0.000838962,0.000844854,0.000856366,0.000863109,0.000855013,0.000844681,0.000839502,0.000840699,0.000846527,0.000851558,0.000850758,0.000837827,0.000825029,0.000824072,0.000831089,0.000837607,0.00083487,0.000830331,0.000838055,0.000856498,0.000884986,0.000916012,0.000935904,0.000934944,0.000928627,0.000938992,0.000957877,0.000972279,0.00096377,0.000950236,0.0009463,0.000952008,0.000964602,0.00097731,0.000984801,0.000982093,0.000977658,0.000982622,0.000992959,0.0010004,0.000994953,0.000985237,0.000979502,0.00097967,0.000985838,0.000992939,0.000995688,0.000984914,0.000973773,0.000971891,0.000977494,0.000981854,0.000974539,0.000959661,0.000938888,0.000930454,0.000947369,0.000987949,0.00103182,0.00105156,0.00106967,0.00110183,0.00114446,0.00117934,0.00118951,0.00118479,0.00118612,0.00120151,0.0012354,0.0012816,0.00131046,0.0012986,0.00130285,0.00139044,0.00152195,0.00163033,0.00163272,0.00158781,0.00156245,0.00156965,0.00161009,0.0016597,0.00169065,0.00166268,0.00164207,0.0016723,0.00172802,0.00176021,0.00171511,0.00163883,0.00158862,0.0015762,0.00159568,0.00162533,0.00162969,0.00157056,0.00150978,0.00151314,0.00157508,0.00163642,0.0016462,0.00163677,0.001651,0.00168687,0.00174301,0.00180462,0.00184754,0.00185322,0.00184923,0.00187781,0.00192382,0.00195398,0.00194217,0.00191969,0.0019136,0.00192844,0.00196272,0.00199919,0.00202318,0.00200794,0.00198663,0.00199624,0.00203274,0.00207711,0.00209819,0.00209766,0.00206992,0.00204348,0.00204216,0.00207172,0.00207952,0.00199722,0.00188862,0.00182226,0.0018026,0.00179698,0.00176895,0.00175351,0.0017767,0.00183273,0.00191193,0.00198946,0.002047,0.00206062,0.0020688,0.00210564,0.00216128,0.00220075,0.00218939,0.00216342,0.00215073,0.00216051,0.00219067,0.00222524,0.00223925,0.00221164,0.00217605,0.00216889,0.0021809,0.00218336,0.00214773,0.00209576,0.00205572,0.00203098,0.00202155,0.00201373,0.00199304,0.00193973,0.00187971,0.00183483,0.00181301,0.0018046,0.00177757,0.00167607,0.00142675,0.0011637,0.00100869,0.00102563,0.00110157,0.00110568,0.0010895,0.00108968,0.0011145,0.00113193,0.00111949,0.0010916,0.00107587,0.00107346,0.00108317,0.00109649,0.00109826,0.00107799,0.00105373,0.00104555,0.00104963,0.00105049,0.00103262,0.00101139,0.000994473,0.000985493,0.000983269,0.000982019,0.000973116,0.000951148,0.000925631,0.000912566,0.000906491,0.000895399,0.000871958,0.000844447,0.000821407,0.000805412,0.000797899,0.000792195,0.000778472,0.0007479,0.000713714,0.000690502,0.000683199
0.000622542,0.000623888,0.00063101,0.000649113,0.000672958,0.000688321,0.000690595,0.000689102,0.000693651,0.000706893,0.00072585,0.000746001,0.000759867,0.000763134,0.000765329,0.000778493,0.000800026,0.000815824,0.000818238,0.000814712,0.000814266,0.000820178,0.000832143,0.00084594,0.00085242,0.000845871,0.000837903,0.000843192,0.000856762,0.000862681,0.000855438,0.000844324,0.000838879,0.000840873,0.000846884,0.000852767,0.000850839,0.000838276,0.000825751,0.000824454,0.000832419,0.000837444,0.000833209,0.000829273,0.000836197,0.000854924,0.000882671,0.000913282,0.000932662,0.000931506,0.000926042,0.000936829,0.000958147,0.000971641,0.000965105,0.000950966,0.000945662,0.000952041,0.000964673,0.000978004,0.000985241,0.000982331,0.000977794,0.000982615,0.000994329,0.00100003,0.000994636,0.000985614,0.000980127,0.000979907,0.000985354,0.000992882,0.000994997,0.000985822,0.000973858,0.000972074,0.000978985,0.000982104,0.000975215,0.000960557,0.000941387,0.000930881,0.000947666,0.00099065,0.0010319,0.00105349,0.0010703,0.00110149,0.00114655,0.00118179,0.00119074,0.00118706,0.00118919,0.00120512,0.00123799,0.00128381,0.00131077,0.00129871,0.00130024,0.0013827,0.00152053,0.0016169,0.00161981,0.00158081,0.00155682,0.00156219,0.00159927,0.00164992,0.00167545,0.0016524,0.00162538,0.00165186,0.00171463,0.00174091,0.00169627,0.00162628,0.0015804,0.00156865,0.00158453,0.00161337,0.00161618,0.00156283,0.00150059,0.00150173,0.00156834,0.0016269,0.00163697,0.00163144,0.00164524,0.0016815,0.00173592,0.00179736,0.00183903,0.00184283,0.00184099,0.00187387,0.00192307,0.00194593,0.00193434,0.00191538,0.00191061,0.00192404,0.00195607,0.0019948,0.00201465,0.00200073,0.001981,0.00199067,0.0020286,0.00206847,0.00208922,0.00208752,0.00206342,0.00203388,0.00203038,0.00206033,0.0020641,0.00198888,0.00188088,0.00181555,0.00179921,0.00179117,0.00176607,0.00174958,0.00177119,0.00182816,0.00190601,0.0019847,0.00204131,0.00205787,0.00206259,0.0020984,0.00215716,0.00219349,0.00218431,0.00215811,0.00214645,0.00215635,0.00218528,0.00221991,0.00223297,0.00220725,0.00217152,0.00216363,0.0021784,0.0021777,0.00214148,0.00209145,0.00205216,0.00202839,0.00201618,0.00200792,0.00198617,0.00193577,0.00187429,0.00183075,0.00181001,0.001797,0.00176624,0.00167038,0.00145281,0.00118026,0.00103633,0.00106043,0.00112761,0.00113605,0.00111006,0.00110528,0.00113341,0.00115143,0.00113612,0.00110869,0.00109177,0.00108858,0.00109704,0.00111041,0.00111197,0.00109132,0.00106528,0.00105543,0.00106086,0.00106317,0.00104666,0.0010221,0.00100434,0.000995215,0.000992696,0.000991505,0.000982106,0.000958165,0.00093237,0.000920615,0.000915719,0.000902689,0.000878282,0.000850996,0.000828165,0.000812479,0.000804534,0.000800203,0.000786763,0.000755863,0.000719538,0.000694928,0.000687602
0.000621473,0.000622394,0.000629757,0.000647467,0.000669291,0.00068579,0.000689169,0.000687809,0.000693051,0.000706064,0.000724833,0.000743807,0.000758155,0.000760804,0.000764442,0.000778053,0.000797214,0.000813572,0.000815572,0.000813777,0.000814133,0.00082012,0.000831997,0.000844395,0.000850852,0.000845654,0.00083853,0.000841946,0.000854029,0.000861834,0.000855367,0.000844184,0.000839422,0.000841171,0.00084691,0.000851228,0.000850618,0.000838078,0.000827414,0.000826416,0.000831838,0.000836868,0.000831481,0.000828819,0.000835897,0.000853439,0.000880853,0.000910809,0.000929775,0.000930348,0.0009256,0.000937467,0.000956519,0.000971027,0.000963947,0.00095108,0.000946893,0.00095224,0.000964639,0.000977069,0.000985416,0.000981611,0.000978796,0.000983981,0.000993176,0.000999914,0.000995596,0.000986218,0.000980765,0.000980231,0.000985484,0.000992368,0.000994087,0.000983757,0.000973975,0.000972532,0.000977967,0.000982231,0.000975292,0.000961321,0.000941035,0.00093257,0.000948403,0.000987809,0.0010319,0.00105358,0.00107172,0.00110431,0.00114845,0.00118284,0.00118989,0.00118959,0.00119243,0.00120863,0.00124212,0.00128767,0.00131371,0.00130841,0.00130873,0.00138771,0.00151148,0.00160969,0.0016166,0.00157617,0.00155321,0.00155661,0.00159167,0.00163753,0.00166203,0.00164183,0.00161644,0.00164576,0.00169904,0.00172375,0.00167709,0.00161496,0.00157334,0.00156088,0.00157582,0.00160349,0.0016029,0.00154058,0.00149283,0.00150249,0.00156204,0.0016194,0.00163478,0.00162842,0.00164207,0.00167674,0.00173083,0.00179121,0.00183195,0.00183958,0.00183774,0.001867,0.00191074,0.00193965,0.00193208,0.00191232,0.00190752,0.00191984,0.00195125,0.00198836,0.00200658,0.00199013,0.00197775,0.0019888,0.00202072,0.00206019,0.00207831,0.00207596,0.00204893,0.00202297,0.00202483,0.00205528,0.00205187,0.00197053,0.00187699,0.00181624,0.00179158,0.00178401,0.0017563,0.00174491,0.0017685,0.00182422,0.00190162,0.00197773,0.00203594,0.00204831,0.00205826,0.00209696,0.00214868,0.00218514,0.00217389,0.00215361,0.00214334,0.00215334,0.00218177,0.00221526,0.00222945,0.00220482,0.00217055,0.00216353,0.00217382,0.00217414,0.00213965,0.00208864,0.00205032,0.00202564,0.00201327,0.00200221,0.00198084,0.00192787,0.00187044,0.00182651,0.00180361,0.00179139,0.00176369,0.00166689,0.0014345,0.00119341,0.00106584,0.00107445,0.00114812,0.00114855,0.00112943,0.00112689,0.0011527,0.0011713,0.00115574,0.00112577,0.00110797,0.00110374,0.0011123,0.00112532,0.00112705,0.00110404,0.00107753,0.00106767,0.00107155,0.00107392,0.00105542,0.00103239,0.00101447,0.00100491,0.00100231,0.00100071,0.000991476,0.000968485,0.000941694,0.000928216,0.000922464,0.000910764,0.000886264,0.000858099,0.000835008,0.000819299,0.000811952,0.000807047,0.000795161,0.000761681,0.000726101,0.000701625,0.000692696
0.000619836,0.000621658,0.00062819,0.000645316,0.000667801,0.000683935,0.000687116,0.000686641,0.000692014,0.000705146,0.00072332,0.000742453,0.00075594,0.000760055,0.000762978,0.000777551,0.00079748,0.000811467,0.000815449,0.000812947,0.000813599,0.000819628,0.000830624,0.000843597,0.000849773,0.000843506,0.000838147,0.000840872,0.000853019,0.000861367,0.000854867,0.000843934,0.000839184,0.000841418,0.000846542,0.000850556,0.00084914,0.000839436,0.000826389,0.000825113,0.000832299,0.000834366,0.000829821,0.000826258,0.000833229,0.000851347,0.000877733,0.000906775,0.000925001,0.000923723,0.000923673,0.000934219,0.000955493,0.00096938,0.000962228,0.000949812,0.000947312,0.000952857,0.000964043,0.000976439,0.000983513,0.000981453,0.000977479,0.000983148,0.000993523,0.000998249,0.000993367,0.000985803,0.000980336,0.000980328,0.000985178,0.000992532,0.000993341,0.000983738,0.000973687,0.000972249,0.000977901,0.000980993,0.000975666,0.00096195,0.000943112,0.000932807,0.000948157,0.000989028,0.00103235,0.0010559,0.00107231,0.00110489,0.0011503,0.00118218,0.00119266,0.00119149,0.00119529,0.00121092,0.00124568,0.00128976,0.00131652,0.00131036,0.00131537,0.00138064,0.00150155,0.00159766,0.00159642,0.00156726,0.00154464,0.00155153,0.00158348,0.00162975,0.00165208,0.00162481,0.00160815,0.00162999,0.00167923,0.00170234,0.0016618,0.00160171,0.00156184,0.00154802,0.00156199,0.00158878,0.00158239,0.0015258,0.00147648,0.00148952,0.00154745,0.00160858,0.0016239,0.00162226,0.00163506,0.00167205,0.00172471,0.00178209,0.00182333,0.0018318,0.001833,0.00185896,0.00190334,0.00193226,0.00192634,0.00190672,0.00189992,0.00191477,0.00194455,0.0019804,0.00199653,0.00198296,0.00196782,0.0019787,0.00201341,0.00204728,0.00206613,0.00206243,0.00203423,0.00200717,0.00201266,0.00203213,0.00203063,0.00196295,0.00186366,0.00180706,0.00179043,0.0017742,0.00175065,0.00173891,0.00176332,0.00182002,0.00189437,0.00197153,0.00202581,0.00204297,0.00205089,0.00209278,0.00214854,0.0021761,0.00216854,0.00214775,0.00213893,0.00214838,0.00217483,0.002205,0.00222075,0.00219344,0.00216402,0.00215459,0.00216514,0.00216585,0.00212859,0.0020832,0.00204437,0.00202016,0.00200685,0.00199678,0.00197206,0.00192241,0.0018642,0.00182036,0.00179573,0.00178225,0.00175938,0.00166374,0.00143978,0.00119646,0.00109527,0.00112572,0.00117085,0.00117642,0.00114829,0.00114677,0.00117546,0.0011914,0.00117287,0.00114247,0.0011223,0.00111846,0.00112669,0.00113788,0.00114144,0.00111848,0.00108892,0.00107814,0.00108496,0.00108443,0.00106756,0.00104221,0.00102343,0.0010143,0.00101116,0.0010094,0.00100025,0.000977055,0.000950191,0.000933351,0.000929049,0.000918299,0.000892655,0.000864546,0.000840761,0.000824915,0.00081729,0.000814134,0.000800136,0.000767523,0.000729186,0.000705235,0.000696431
0.000617231,0.000618605,0.000626068,0.000642254,0.000662378,0.00068039,0.00068345,0.000684648,0.000690431,0.000703168,0.000721151,0.000739877,0.000752785,0.000759011,0.000762067,0.00077552,0.000793665,0.000809227,0.000811423,0.000810808,0.000812018,0.000818355,0.000828509,0.000839379,0.000846332,0.000841927,0.000836363,0.000839677,0.000850795,0.000858133,0.000850534,0.000842148,0.000838105,0.000839905,0.000845048,0.000848884,0.000846809,0.00083435,0.000824704,0.000822664,0.000826656,0.000831197,0.000826776,0.000822709,0.000829396,0.000846986,0.000872476,0.000897949,0.000917223,0.000919506,0.000918867,0.000932293,0.00095307,0.000964915,0.000960767,0.000948586,0.000946194,0.000951609,0.00096284,0.000974705,0.000980888,0.000980324,0.000976604,0.000980781,0.000989039,0.000995793,0.000992323,0.00098426,0.000979214,0.000979445,0.000983914,0.000989304,0.000991313,0.000982692,0.000973048,0.000971528,0.000975995,0.000978839,0.000973941,0.000961201,0.00094195,0.000932954,0.000948128,0.000988314,0.00103032,0.00105189,0.00107265,0.00110545,0.00114735,0.00118104,0.00119007,0.00119237,0.00119624,0.00121437,0.00124999,0.00129068,0.00131766,0.00130753,0.00131544,0.00138934,0.00149774,0.0015746,0.00158478,0.00155341,0.00153469,0.00154282,0.00157212,0.00160907,0.00163437,0.0016166,0.00159386,0.00161671,0.00165923,0.00167432,0.00164177,0.0015851,0.00154553,0.0015329,0.00154408,0.00155989,0.00155845,0.00150831,0.00146082,0.00147709,0.001533,0.00159034,0.00160505,0.00161143,0.00162827,0.00166546,0.00171596,0.00176908,0.00181061,0.00181908,0.00182566,0.00185039,0.00188786,0.00192069,0.00191333,0.00189807,0.00189276,0.00190713,0.00193493,0.00196438,0.00198266,0.00197143,0.00195736,0.00196759,0.00199848,0.00203013,0.00204483,0.00204157,0.00201484,0.00198941,0.00199315,0.00201415,0.00200346,0.00192619,0.00184899,0.00179636,0.00177303,0.00176385,0.00174275,0.00173103,0.00175592,0.00181091,0.00188505,0.00196114,0.00201157,0.0020353,0.00204267,0.00207851,0.00212726,0.00216617,0.00215994,0.00213816,0.00212872,0.00213823,0.00216431,0.00219451,0.0022027,0.00218277,0.00215193,0.00214457,0.00215216,0.00214869,0.00211808,0.00207199,0.00203454,0.00201087,0.00199649,0.00198602,0.00195838,0.00191059,0.00185355,0.00180934,0.00178267,0.00176453,0.00172923,0.00165035,0.00145471,0.00123407,0.00112341,0.0011398,0.00119877,0.00119081,0.00117009,0.00117092,0.00119281,0.00120874,0.00118892,0.00115912,0.00113709,0.00113155,0.0011404,0.0011525,0.00115298,0.00112657,0.00110034,0.00109067,0.00109411,0.00109467,0.00107546,0.00105154,0.001033,0.00102316,0.00101966,0.00101642,0.00100719,0.000982953,0.00095691,0.000940852,0.000934851,0.000923228,0.000900199,0.000869712,0.000845482,0.000829709,0.000822563,0.000819262,0.000803554,0.000771163,0.000732219,0.0007084,0.000699726
0.000615663,0.000617387,0.000623659,0.000639297,0.000660739,0.000677906,0.000683156,0.000683401,0.000688874,0.000702197,0.000719631,0.00073728,0.000750716,0.000757288,0.00076178,0.000772274,0.000792013,0.000807084,0.000810355,0.000809718,0.000812385,0.000818246,0.000827555,0.000838258,0.000845195,0.000841948,0.000835628,0.000840123,0.000852541,0.000856728,0.000850184,0.000841921,0.000838584,0.000840535,0.000845335,0.000849269,0.000845991,0.000834744,0.000824406,0.000822226,0.000826886,0.000830365,0.00082577,0.000821439,0.000828131,0.000845835,0.000869961,0.000894941,0.000913971,0.000918295,0.000917559,0.000930256,0.000951763,0.000964872,0.000960687,0.000948912,0.000943886,0.000951067,0.000962654,0.000974092,0.000979888,0.000978721,0.00097668,0.000979329,0.000988165,0.000995151,0.000991976,0.000984126,0.000979674,0.000979787,0.000983555,0.000988562,0.000990428,0.000983447,0.000973217,0.000970999,0.000975444,0.000978152,0.000973414,0.000961596,0.000944133,0.000933201,0.000948722,0.000990154,0.00103104,0.0010552,0.00107463,0.00110489,0.00114877,0.00118231,0.00119292,0.00119424,0.00120029,0.00121714,0.00125162,0.00129545,0.00132053,0.00131128,0.00131603,0.0013896,0.0014953,0.00156849,0.00157258,0.0015459,0.00153201,0.00153864,0.00156472,0.00160052,0.00162496,0.00161195,0.00158742,0.00160193,0.00164272,0.0016596,0.00162695,0.00157466,0.00153768,0.00152522,0.00153174,0.0015448,0.00154314,0.00150097,0.00145394,0.00146725,0.00153143,0.00158096,0.00159663,0.00160571,0.00162741,0.00166225,0.00170985,0.00176444,0.00180425,0.00181514,0.00181927,0.00184501,0.00188693,0.00191359,0.00190796,0.00189278,0.00189117,0.0019038,0.00192937,0.00195844,0.00197514,0.00196676,0.00195226,0.00196096,0.00199134,0.00202095,0.00203369,0.00202842,0.00200529,0.00197925,0.00197932,0.00200099,0.00198652,0.00191656,0.00183866,0.00178871,0.00176938,0.00175755,0.00173676,0.00172667,0.00175043,0.00180599,0.00188161,0.00195381,0.00200613,0.00203062,0.00204274,0.00206826,0.00212045,0.00216194,0.00215883,0.00213546,0.00212478,0.00213368,0.00216236,0.00219126,0.0021999,0.0021784,0.00214929,0.00214116,0.00215004,0.00214625,0.00211395,0.00206969,0.00203208,0.00200696,0.00199492,0.00198155,0.00195361,0.00190506,0.00185012,0.00180777,0.00178167,0.00175829,0.00171967,0.00163965,0.00147891,0.00126481,0.00112305,0.00115113,0.00121924,0.00121807,0.00118814,0.0011866,0.00121443,0.00122954,0.00120924,0.00117516,0.00115214,0.00114627,0.00115539,0.00117096,0.00116806,0.00113989,0.00111129,0.00110143,0.00110672,0.00110604,0.00108619,0.00106069,0.0010432,0.00103255,0.0010286,0.00102677,0.00101652,0.000990387,0.000962516,0.000950206,0.000943792,0.000930893,0.000905939,0.000876392,0.000850928,0.000834508,0.00082964,0.000826013,0.000810486,0.000776303,0.000737442,0.000712255,0.000704224
0.0006179,0.000619399,0.000626233,0.000643286,0.000666265,0.000680669,0.000683107,0.000685167,0.000692156,0.000704805,0.000721688,0.000739726,0.000753429,0.000757342,0.000762353,0.000777412,0.000797382,0.000810998,0.000815003,0.000813953,0.000815193,0.000821534,0.000832185,0.00084472,0.000849889,0.000844143,0.000839362,0.000843054,0.000855047,0.00086296,0.000858131,0.000846596,0.000843097,0.000845877,0.00085081,0.000853811,0.000852217,0.000841887,0.000830109,0.000828861,0.000835733,0.000837468,0.000830987,0.000827021,0.00083222,0.000849577,0.000874869,0.000902848,0.00091892,0.000919779,0.000921373,0.000936201,0.000959231,0.000971888,0.00096441,0.000951911,0.000949938,0.000955659,0.000965866,0.000976519,0.000983888,0.000983209,0.000979728,0.000984026,0.000994271,0.000998165,0.000993742,0.000987192,0.000982961,0.000982787,0.000987178,0.000994108,0.000994241,0.000985019,0.000975911,0.000974345,0.000979143,0.000982523,0.000979178,0.000966814,0.000947063,0.000936432,0.000953113,0.000995969,0.00103872,0.00106142,0.00107921,0.00111539,0.00115893,0.00119195,0.00120255,0.00120078,0.00120323,0.00122042,0.00125632,0.00130146,0.00132776,0.00132011,0.00132278,0.00138958,0.00150198,0.00158212,0.00158692,0.00155623,0.00153569,0.00154291,0.00157473,0.00161739,0.0016339,0.00161256,0.00159305,0.00160636,0.00164847,0.00166629,0.00163305,0.0015792,0.00154091,0.0015277,0.00153717,0.001558,0.00154911,0.00149523,0.0014572,0.00146982,0.00152866,0.00159274,0.00161215,0.00161327,0.00162972,0.00166582,0.00171893,0.00177553,0.00181498,0.00182513,0.00182816,0.00185559,0.00189944,0.00192418,0.00191975,0.00190035,0.0018962,0.0019095,0.00193614,0.00196702,0.00198277,0.00197269,0.00195831,0.00196801,0.00200062,0.0020324,0.00204729,0.00204038,0.00201215,0.00198828,0.00198629,0.00199859,0.00199812,0.00193732,0.00184924,0.0017975,0.00178212,0.00176876,0.00174543,0.00173694,0.00176056,0.00181901,0.00189379,0.00197024,0.00202541,0.00204433,0.00205568,0.00209936,0.00215505,0.00218252,0.00217287,0.0021541,0.00214462,0.00215403,0.00217893,0.00220881,0.00222312,0.00219825,0.00216915,0.00216018,0.00216981,0.00216894,0.00213413,0.00208983,0.00205223,0.00202839,0.00201316,0.00200021,0.00197621,0.00192623,0.00187174,0.00182854,0.00180221,0.00178615,0.00176631,0.0016773,0.00145776,0.00124164,0.00115963,0.00119599,0.00124294,0.00124272,0.00120863,0.00120894,0.00124143,0.00125602,0.00123494,0.00119397,0.00116836,0.00116198,0.00117191,0.00118541,0.00118961,0.00116379,0.00112695,0.00111485,0.00112273,0.00112247,0.00110413,0.00107475,0.00105335,0.0010441,0.00104205,0.00104215,0.0010317,0.00100625,0.000976807,0.000958489,0.00095436,0.000944675,0.000918026,0.000887271,0.000861808,0.000846524,0.000840782,0.000838738,0.00082717,0.000790297,0.000748912,0.000719749,0.000710606
0.000620055,0.00062164,0.000629239,0.000647073,0.000668426,0.000684489,0.000687745,0.000687518,0.000694074,0.000706684,0.000724051,0.000742068,0.000755894,0.00075961,0.000765249,0.000780458,0.000799622,0.000815035,0.000818246,0.000817629,0.000818948,0.000825317,0.000836551,0.000848381,0.000854537,0.000849149,0.000843157,0.000847951,0.000859545,0.000867718,0.000861302,0.000850643,0.000847334,0.000850483,0.000856893,0.000859881,0.000857882,0.000846113,0.000835407,0.000835506,0.00084138,0.000844895,0.00083895,0.000832479,0.000836737,0.000853256,0.000879091,0.00090493,0.000923516,0.000923705,0.00092622,0.000941827,0.000963975,0.000979248,0.00097027,0.000956102,0.000952355,0.000957992,0.000969681,0.000980616,0.000988036,0.000985863,0.000983364,0.000987662,0.000996385,0.00100244,0.000997417,0.000990494,0.000985792,0.000985816,0.000990464,0.000996127,0.000998043,0.000988163,0.000979225,0.000977607,0.000981979,0.000986832,0.0009829,0.000970916,0.000949573,0.000940584,0.000957645,0.000999603,0.00104649,0.00106727,0.00108638,0.00112172,0.00116423,0.0011999,0.00120912,0.00120651,0.00120773,0.00122471,0.00126233,0.00130824,0.0013352,0.00132364,0.00132471,0.00140026,0.0015041,0.00159089,0.00159585,0.00156514,0.0015431,0.00154874,0.00158179,0.0016214,0.00164188,0.0016206,0.00160018,0.00161364,0.00165173,0.00167252,0.00163914,0.00158458,0.00154479,0.00153016,0.00154172,0.00155786,0.00155368,0.00150308,0.00146581,0.00148303,0.00153864,0.00159994,0.00161696,0.00161921,0.00163649,0.00167268,0.00172687,0.00178486,0.0018258,0.00183397,0.00183786,0.00186659,0.00190525,0.00193617,0.00192581,0.00190697,0.00190161,0.00191437,0.00194313,0.00197372,0.0019903,0.00197672,0.00196456,0.0019756,0.00200787,0.0020436,0.0020568,0.00205052,0.00202266,0.00200046,0.00199893,0.00201377,0.00200947,0.0019412,0.00185933,0.00180895,0.00179149,0.00178157,0.00176015,0.00174627,0.00177307,0.00182978,0.00190744,0.00198575,0.0020447,0.00206128,0.00207556,0.00211851,0.00217096,0.00220545,0.00219775,0.00217312,0.00216325,0.00217227,0.00219959,0.00223122,0.00224672,0.00222229,0.00219176,0.00218471,0.0021921,0.00219215,0.00215797,0.00210986,0.00207241,0.00204798,0.00203444,0.00202067,0.0019979,0.00194828,0.00189514,0.0018505,0.00182421,0.00181359,0.00178658,0.00169749,0.00147498,0.00127223,0.00116447,0.00119135,0.00126746,0.00125316,0.00122659,0.00122852,0.00125774,0.00128302,0.00125412,0.00121232,0.00118393,0.00117691,0.0011909,0.00120941,0.00121151,0.00117986,0.00114057,0.00112961,0.00113548,0.00113881,0.0011164,0.00108795,0.00106699,0.00105649,0.00105542,0.00105509,0.00104663,0.00101613,0.000987264,0.000970558,0.00096578,0.000957408,0.000930917,0.000897782,0.00087199,0.000857434,0.000854274,0.000855071,0.000844036,0.000805979,0.00076107,0.000730281,0.000717493
0.000621677,0.000623727,0.000631151,0.000648935,0.000672034,0.00068764,0.000690341,0.000689185,0.000694677,0.000707869,0.000725621,0.000744691,0.000757902,0.000762879,0.000767337,0.000782058,0.000803414,0.000819084,0.000822704,0.000820812,0.000822069,0.000828498,0.0008399,0.000852578,0.000858178,0.000851851,0.000844881,0.000851811,0.000865967,0.000872638,0.0008653,0.000854478,0.000851045,0.000855347,0.000862175,0.000866438,0.000863382,0.00085228,0.000840437,0.000840904,0.000849594,0.000852329,0.000845298,0.000836612,0.000840103,0.000856966,0.000882582,0.000909714,0.000927823,0.0009304,0.000929907,0.000945538,0.000972109,0.00098616,0.00097645,0.000959956,0.000954446,0.000960975,0.000972988,0.000984804,0.000991122,0.000988944,0.000985938,0.000990041,0.000999737,0.00100615,0.00100193,0.000993247,0.00098836,0.000988503,0.000993056,0.000999186,0.00100118,0.000993089,0.000981765,0.000979717,0.000985823,0.000990396,0.000987092,0.000975163,0.000955517,0.000943061,0.000960564,0.00100772,0.00105386,0.00107636,0.00109259,0.00112765,0.00117618,0.00120926,0.00121686,0.00121158,0.00121186,0.00122739,0.00126544,0.00131517,0.00134147,0.00132655,0.00132431,0.00140511,0.0015259,0.00160445,0.00161057,0.0015724,0.00154794,0.00155425,0.00158688,0.00163139,0.00165048,0.00162937,0.00160226,0.0016178,0.001661,0.00167807,0.00164301,0.00158707,0.00154564,0.00153203,0.00154445,0.00156604,0.00155788,0.00150952,0.00146532,0.00148145,0.00154831,0.00160542,0.00162162,0.00162375,0.00164171,0.00167766,0.0017318,0.00179299,0.00183477,0.00184292,0.00184383,0.00187087,0.00191609,0.00194726,0.00193711,0.00191308,0.00190566,0.00191886,0.00194886,0.00198171,0.00199716,0.00198453,0.00196857,0.00198052,0.0020181,0.00205342,0.00206685,0.00205807,0.00203134,0.0020042,0.00200387,0.00202457,0.00201744,0.00195126,0.00186451,0.00181388,0.0018024,0.00179219,0.00176531,0.00175225,0.00178035,0.00183891,0.00192005,0.00200409,0.002063,0.00208178,0.00209196,0.00213333,0.00219539,0.00222897,0.00221915,0.00218995,0.00217685,0.00218776,0.00221517,0.00225078,0.00226571,0.00224208,0.00220704,0.00219906,0.00221327,0.00221153,0.00217532,0.00212671,0.00208959,0.00206517,0.00205282,0.0020427,0.00201766,0.00197135,0.00191439,0.0018689,0.00184505,0.00183726,0.00182228,0.00172659,0.00152104,0.00128132,0.00117419,0.00122538,0.00129513,0.00128557,0.00124384,0.00124634,0.00128927,0.00131166,0.0012809,0.00123081,0.00119837,0.00119112,0.00120618,0.00122929,0.00123131,0.00119507,0.00115145,0.00114245,0.00115516,0.00115497,0.00112963,0.00109953,0.00107786,0.00106828,0.00106778,0.00106947,0.00106181,0.00103327,0.000997933,0.000981647,0.000980585,0.000970792,0.000943254,0.000907923,0.000880731,0.000867084,0.000864872,0.000869235,0.000858277,0.000818325,0.000768613,0.000736548,0.00072393
0.00062311,0.000625623,0.000633164,0.000651552,0.000674571,0.000690459,0.000693456,0.000691215,0.000696585,0.000709112,0.000727096,0.000745389,0.000759611,0.000763606,0.000770395,0.000785499,0.000805418,0.000822715,0.000825376,0.000823933,0.000825202,0.000831719,0.000843379,0.000856375,0.000861615,0.000856553,0.000848656,0.000856043,0.000869658,0.00087726,0.000869116,0.0008584,0.000855272,0.000859881,0.000867294,0.000871325,0.000869398,0.000856522,0.000846989,0.000848329,0.000855524,0.000859898,0.00084949,0.000841177,0.000845314,0.000861208,0.00088647,0.00091185,0.00093166,0.00093255,0.000934403,0.000950476,0.000975637,0.000991551,0.000980348,0.000963842,0.000957529,0.000963668,0.000976225,0.000988094,0.00099373,0.000991621,0.00098874,0.000993381,0.00100292,0.00100867,0.00100346,0.000995795,0.000990694,0.000990869,0.000995699,0.00100211,0.00100372,0.000994331,0.000984443,0.000982205,0.000987834,0.000993561,0.000991026,0.000979643,0.000958484,0.000947408,0.000966092,0.0010114,0.00105972,0.00108043,0.00109976,0.00113618,0.00118359,0.00121879,0.00122242,0.00121679,0.00121542,0.00123069,0.00126942,0.00132089,0.00134724,0.00133423,0.00133193,0.00141691,0.00153037,0.00162094,0.00161333,0.00158101,0.0015566,0.00156121,0.00159428,0.00163672,0.00165995,0.00163094,0.00161057,0.00162766,0.00166505,0.00168284,0.00164424,0.0015889,0.00154965,0.00153736,0.00154817,0.00156431,0.00156488,0.00152106,0.00147251,0.00148769,0.00155267,0.00161316,0.00162999,0.00162906,0.00164705,0.0016837,0.00173897,0.00180201,0.00184428,0.00185167,0.00185004,0.00187996,0.00192419,0.00195432,0.00194074,0.00191891,0.00191182,0.00192484,0.00195547,0.00198707,0.00200375,0.00198915,0.00197551,0.00198863,0.00202533,0.00206277,0.00207585,0.00206646,0.00203921,0.00201292,0.00201258,0.00203555,0.00202728,0.00196374,0.00187449,0.00182332,0.00181075,0.00180273,0.00177864,0.0017614,0.00178943,0.00184984,0.0019347,0.00201868,0.00208075,0.00209754,0.00211059,0.00215505,0.00221479,0.00225124,0.0022345,0.00220845,0.00219474,0.0022034,0.00223204,0.00227024,0.00228504,0.00226147,0.00222463,0.00221734,0.00223124,0.0022315,0.00219652,0.00214518,0.00210717,0.00208328,0.00207181,0.00205984,0.00203866,0.00198825,0.00193442,0.00188969,0.0018673,0.00186191,0.00184387,0.00176535,0.00153039,0.00130544,0.00120069,0.00123887,0.00131547,0.00130015,0.00126537,0.00126918,0.00130833,0.00133493,0.00129931,0.00124919,0.00121352,0.00120556,0.00122211,0.00124768,0.00125037,0.00121508,0.00116635,0.00115536,0.00116669,0.00117009,0.00114536,0.00111079,0.00108849,0.00107908,0.00108075,0.00108428,0.00107732,0.00104547,0.0010109,0.000995097,0.000992903,0.000984618,0.000954304,0.000918831,0.000891321,0.000877107,0.0008765,0.000883181,0.000872905,0.000831257,0.000777163,0.00074324,0.000729415
0.00062437,0.000626571,0.000634992,0.000653327,0.000677417,0.000692991,0.000693423,0.000692869,0.000697573,0.000710105,0.000728462,0.000747406,0.000760765,0.000767247,0.000771645,0.000786129,0.000809431,0.000825096,0.00082896,0.000826619,0.000828078,0.000834785,0.000846766,0.000858976,0.000865054,0.000859093,0.00085247,0.000857194,0.000874256,0.000881336,0.000874391,0.000861648,0.000858803,0.000864381,0.000872178,0.000876821,0.000873844,0.000862667,0.00085058,0.000852255,0.000863232,0.000865527,0.000856215,0.000845389,0.000848589,0.000863907,0.000889408,0.000917195,0.000934471,0.0009383,0.000937839,0.000953086,0.000981615,0.000996625,0.000989002,0.000966847,0.000959259,0.000966326,0.000978811,0.000990636,0.000996825,0.000993016,0.000991333,0.000996254,0.00100618,0.00101111,0.00100696,0.0009982,0.000992859,0.000993138,0.000998341,0.00100492,0.00100629,0.000997925,0.00098671,0.000983794,0.000990658,0.000996902,0.000995337,0.000983373,0.000963275,0.000947612,0.00096927,0.00102207,0.00106552,0.00108862,0.0011044,0.00114117,0.00119233,0.00122588,0.00123153,0.00122115,0.00121793,0.00123308,0.00127337,0.00132479,0.00135341,0.00132738,0.0013334,0.00141938,0.00155004,0.00162694,0.00162749,0.00158766,0.00156371,0.00156666,0.00159852,0.00164653,0.00166678,0.00164611,0.00161353,0.00162805,0.00167454,0.00168767,0.00165163,0.00159188,0.00155411,0.00153993,0.00154889,0.00156891,0.00156835,0.00152352,0.00147997,0.00148894,0.00155304,0.00162174,0.00163285,0.00163468,0.00165046,0.001689,0.00174583,0.00180599,0.00185419,0.00185905,0.00185872,0.00188586,0.00193716,0.00196374,0.00194979,0.00192407,0.00191766,0.0019308,0.00195997,0.001995,0.00201015,0.00199865,0.00197935,0.0019932,0.00203584,0.00207192,0.00208539,0.00207387,0.00204225,0.00201879,0.00202029,0.00203498,0.00203663,0.00196968,0.00188418,0.00182919,0.00181712,0.00181459,0.00178541,0.00177116,0.00179505,0.00186016,0.00194595,0.00203754,0.00209864,0.00211975,0.00212469,0.00217465,0.00224115,0.00227176,0.0022583,0.00222539,0.00221055,0.00221828,0.00225064,0.00228882,0.00230627,0.00227814,0.00224364,0.0022348,0.00225249,0.00225306,0.00221268,0.00216437,0.0021244,0.00210143,0.00209064,0.00208238,0.00205778,0.00201152,0.00195377,0.00191061,0.00188907,0.00188573,0.00187968,0.0017871,0.00156983,0.00130199,0.00120425,0.0012764,0.00133721,0.00133385,0.00128024,0.00128557,0.00133821,0.00135953,0.00133098,0.0012667,0.00122565,0.00121982,0.00123853,0.00126435,0.00127069,0.0012315,0.0011824,0.00116172,0.00118047,0.00118755,0.00116015,0.00112353,0.00109848,0.00108988,0.00109374,0.00109855,0.00109197,0.00105934,0.00102048,0.00100479,0.00100665,0.000996931,0.000967223,0.000928131,0.000900757,0.000886355,0.000888581,0.000894107,0.000888455,0.000843811,0.000788273,0.000749615,0.000734917
0.000625426,0.000627854,0.000636145,0.000654466,0.000678744,0.000693699,0.000695833,0.000692963,0.000698237,0.000711549,0.000729899,0.000748585,0.000763108,0.000767619,0.0007732,0.000787922,0.000811151,0.000827336,0.00083132,0.000829565,0.000831176,0.000837723,0.000849512,0.000862233,0.000868255,0.000862396,0.000855016,0.000859574,0.000876823,0.00088482,0.000877288,0.000864846,0.000862142,0.000868336,0.000876557,0.000881269,0.000878179,0.000866187,0.000854446,0.000856359,0.000867648,0.00087032,0.000859852,0.000848422,0.000851633,0.000867478,0.000892433,0.000919266,0.000938988,0.000939734,0.000941209,0.000957228,0.000986549,0.00100217,0.000988837,0.00096992,0.000961708,0.000968763,0.000980965,0.00099308,0.000999073,0.000997177,0.00099363,0.000998482,0.00100947,0.00101449,0.00100902,0.00100108,0.000995499,0.000995613,0.0010009,0.00100824,0.00100958,0.000999599,0.000989466,0.000986583,0.000993268,0.000999903,0.000998716,0.000986879,0.000966386,0.000951687,0.00097302,0.00102256,0.00107313,0.00109443,0.00110954,0.00114616,0.0011979,0.00123239,0.00123657,0.00122561,0.00122156,0.0012358,0.00127596,0.00132996,0.00135699,0.00134318,0.00133551,0.00140761,0.00154253,0.00163996,0.00163565,0.00159286,0.00156827,0.00157232,0.00160543,0.00165286,0.00167497,0.00165097,0.00161818,0.00163173,0.00167851,0.00169323,0.00165501,0.0015955,0.00155626,0.00154141,0.00154995,0.00156937,0.00157002,0.00152464,0.00147531,0.00149116,0.00156326,0.00162234,0.00164358,0.00164023,0.00165363,0.0016913,0.00174986,0.00181567,0.00186053,0.00186768,0.00186614,0.0018956,0.00194992,0.00197427,0.00195719,0.00193084,0.00192295,0.00193543,0.0019646,0.00199982,0.00201634,0.00200361,0.00198499,0.00199903,0.00204261,0.00208048,0.00209195,0.00207834,0.00204823,0.00202053,0.00202119,0.00204527,0.00204046,0.00197478,0.00188528,0.00183737,0.00183198,0.00182253,0.00179979,0.00177872,0.00180208,0.00186921,0.00195722,0.00205165,0.00211778,0.00213746,0.00214558,0.00219178,0.00225903,0.00229737,0.0022782,0.00224142,0.0022256,0.00223525,0.0022696,0.00231011,0.00232732,0.00229937,0.0022617,0.00225252,0.0022716,0.00227107,0.00223523,0.00218204,0.00214174,0.00211938,0.00210917,0.00210076,0.00208053,0.00202929,0.00197396,0.00193181,0.00191117,0.00190938,0.00190232,0.00181077,0.00158682,0.00132189,0.00122206,0.00127819,0.001373,0.00135066,0.00130771,0.00130783,0.00135945,0.00139376,0.00135056,0.00128822,0.00124313,0.00123511,0.00125523,0.0012845,0.0012912,0.00125086,0.00119712,0.00117374,0.00119242,0.00120327,0.00117639,0.00113639,0.0011099,0.00110134,0.00110692,0.00111489,0.00110374,0.00106887,0.00103042,0.00101465,0.00101692,0.00100831,0.000976566,0.000937038,0.000909626,0.000896119,0.000900243,0.000910675,0.000901911,0.000857333,0.000798245,0.000757119,0.000741544
0.000626291,0.000628941,0.000637069,0.000656845,0.000679043,0.000695354,0.000695688,0.000694016,0.000699128,0.000712321,0.000731093,0.00075015,0.00076424,0.000769492,0.000774384,0.000790886,0.000812473,0.000829596,0.000833077,0.00083212,0.000833935,0.000840797,0.000852557,0.000865555,0.000871127,0.000865078,0.000856833,0.000864382,0.000879322,0.000888231,0.000879075,0.000867973,0.000865739,0.000871778,0.000880655,0.000884966,0.000882699,0.000868652,0.00085911,0.000862106,0.000871005,0.000874985,0.000863232,0.000852269,0.00085468,0.000869873,0.000895672,0.000922125,0.000940695,0.000942608,0.000943645,0.000961679,0.000989215,0.00100384,0.000991881,0.000971583,0.0009652,0.000971029,0.000983228,0.000994631,0.00100126,0.000999097,0.000996551,0.00100084,0.0010111,0.00101712,0.00101275,0.00100335,0.000997937,0.000997786,0.00100309,0.00101043,0.0010119,0.00100284,0.000991262,0.000989701,0.00099573,0.00100223,0.00100053,0.000990089,0.000969416,0.000957754,0.000974282,0.00102674,0.00107831,0.00109826,0.00111496,0.00115174,0.00120128,0.00123949,0.00123938,0.00122972,0.00122502,0.00123888,0.00127765,0.00133253,0.00136257,0.00133878,0.00134038,0.00141172,0.00154322,0.00165392,0.00164501,0.00160084,0.00157155,0.00157594,0.00161333,0.00165781,0.0016853,0.00165012,0.00162471,0.00164172,0.00168069,0.00169934,0.00165766,0.00159975,0.00155701,0.00154228,0.00155323,0.00157149,0.00157221,0.00152155,0.00147497,0.00149583,0.00156349,0.00162851,0.00164234,0.00164519,0.00165816,0.00169565,0.00175573,0.00182,0.00186891,0.00187351,0.00187388,0.00190558,0.00195583,0.00198655,0.00196398,0.00193693,0.00192747,0.00194009,0.00197108,0.00200433,0.00202238,0.00200662,0.00199225,0.00200602,0.00204574,0.00209039,0.00209747,0.00208298,0.00204903,0.00202442,0.00202657,0.0020466,0.00204801,0.00197604,0.00188906,0.00184941,0.00184042,0.00183268,0.00180291,0.00178831,0.00181446,0.00187682,0.00197025,0.00206435,0.00213825,0.00215289,0.00216673,0.00221232,0.0022803,0.00232236,0.00229772,0.00226014,0.00224163,0.00225062,0.0022864,0.00232998,0.0023472,0.00232011,0.00228006,0.00227157,0.00228673,0.00229203,0.00225064,0.00220002,0.00215924,0.00213661,0.00212805,0.00212111,0.00210032,0.00205123,0.00199461,0.0019517,0.0019317,0.00193342,0.00192319,0.00184345,0.0015919,0.00135252,0.00123388,0.0013091,0.00139648,0.00138562,0.00132728,0.00133295,0.00138685,0.00141944,0.00138037,0.00130582,0.00126064,0.00124875,0.00127044,0.00130609,0.00131094,0.00126871,0.0012074,0.001192,0.00120787,0.00121701,0.00118807,0.00114784,0.0011216,0.00111264,0.0011188,0.00112442,0.00111786,0.00107816,0.00104146,0.00102579,0.00102556,0.00102099,0.000986756,0.000946688,0.000917394,0.000906449,0.000912213,0.00092079,0.00091744,0.000870035,0.000806615,0.000765492,0.000747468
0.000627024,0.000629706,0.000638329,0.000657987,0.000681975,0.000698296,0.000699198,0.000695474,0.000699863,0.000713112,0.00073166,0.000750863,0.000764667,0.000769417,0.000774673,0.000791887,0.000814751,0.000831258,0.000835472,0.000834307,0.000835985,0.000843148,0.000855025,0.000868226,0.000873788,0.000865887,0.000858016,0.000866528,0.000882987,0.000890662,0.000882205,0.000870279,0.000868372,0.00087548,0.000883979,0.000888514,0.000885197,0.000872587,0.000861464,0.000864369,0.000875271,0.000878495,0.000867391,0.0008554,0.00085659,0.00087196,0.00089741,0.000924857,0.000942532,0.000943523,0.00094392,0.000963688,0.000993026,0.00100465,0.000991108,0.000972913,0.000967615,0.000973566,0.000985057,0.000996671,0.00100373,0.00100262,0.000998981,0.00100226,0.00101308,0.00101911,0.00101394,0.00100488,0.000999684,0.000999787,0.00100492,0.00101221,0.00101354,0.0010034,0.000991861,0.000991562,0.000998744,0.00100416,0.00100276,0.000992755,0.000973826,0.000959973,0.000972878,0.00102476,0.00108105,0.00110588,0.00111756,0.00115329,0.00120733,0.0012418,0.00124291,0.00123113,0.00122697,0.00124078,0.00127826,0.00133139,0.00136389,0.00134885,0.00133705,0.00140454,0.00154649,0.00166373,0.00166588,0.00160897,0.00157465,0.00157887,0.00161732,0.00166676,0.00168808,0.00165846,0.00162398,0.00164089,0.00168734,0.00170121,0.00166119,0.00160146,0.0015575,0.00154324,0.00155683,0.00158267,0.00157789,0.00152377,0.00147873,0.00150444,0.00157838,0.00163572,0.0016499,0.0016488,0.00166204,0.0017005,0.00176226,0.00183402,0.00187778,0.00188002,0.00187923,0.00190984,0.00196272,0.00199496,0.00197737,0.00194244,0.00192963,0.00194336,0.00197563,0.00201122,0.00202799,0.00201342,0.0019944,0.00200746,0.00205471,0.00209602,0.00210538,0.00208889,0.00205624,0.00202781,0.00203302,0.00206501,0.00205648,0.00197857,0.00189415,0.00185879,0.0018548,0.00184289,0.00181168,0.00179327,0.00181871,0.00188673,0.00198185,0.00208125,0.00215142,0.00217233,0.00217971,0.00222155,0.00229482,0.00234112,0.00232127,0.0022761,0.00225519,0.002266,0.00230137,0.00234649,0.00236641,0.00233852,0.00229723,0.00228747,0.00230646,0.00231422,0.00227608,0.00221808,0.002176,0.00215388,0.0021454,0.00213932,0.00211793,0.00207015,0.00201327,0.00197083,0.00195252,0.00195724,0.00195866,0.00186706,0.00162223,0.00135098,0.00122527,0.00130738,0.00141458,0.00140021,0.00133818,0.00134202,0.00140766,0.00144085,0.00139362,0.00131919,0.00127335,0.00126335,0.00128511,0.00132188,0.00132918,0.00127682,0.0012148,0.0012058,0.00122818,0.00123025,0.00119857,0.00115867,0.00113224,0.00112378,0.0011299,0.00113968,0.00113204,0.00109447,0.00105157,0.00103466,0.0010389,0.00103292,0.000999956,0.000957081,0.000925473,0.000913883,0.000922144,0.000939052,0.000930673,0.000878885,0.000814765,0.000772496,0.000754423
0.000627388,0.000630933,0.000639891,0.000660027,0.000682525,0.000699709,0.000699126,0.0006963,0.000700882,0.000713635,0.00073226,0.000751318,0.000765285,0.000771388,0.000776687,0.000792863,0.000814301,0.000832089,0.000836505,0.000836177,0.000838152,0.000845333,0.000857627,0.000870865,0.000876321,0.000869751,0.000861531,0.00086833,0.000882482,0.000891671,0.000882914,0.00087175,0.000870718,0.000877379,0.000886209,0.000889882,0.000886462,0.000875198,0.000864354,0.000866491,0.000875861,0.00088009,0.000868063,0.000856669,0.000858872,0.000873591,0.000898696,0.000924183,0.000943495,0.000942122,0.000945317,0.000965058,0.000989841,0.00100339,0.000989158,0.000974611,0.000969943,0.000975166,0.000986853,0.000997834,0.00100544,0.00100343,0.0010008,0.0010048,0.00101486,0.00102073,0.00101611,0.00100644,0.00100131,0.00100152,0.00100695,0.00101411,0.00101507,0.00100614,0.00099413,0.000992408,0.000998773,0.00100591,0.00100522,0.000994966,0.000973965,0.000961556,0.000977499,0.00103016,0.00108261,0.00110209,0.00111718,0.00115407,0.00120232,0.00124018,0.00124366,0.00123117,0.00122661,0.0012417,0.00127993,0.00133098,0.00136245,0.00134478,0.00133571,0.00140815,0.00154594,0.00167018,0.00166344,0.00161343,0.00158034,0.00158338,0.00162224,0.00166797,0.00169015,0.00166125,0.00162743,0.00164264,0.00168387,0.00170213,0.00166377,0.00160325,0.00156016,0.00154566,0.00155954,0.00158161,0.00158277,0.00152511,0.0014886,0.00151381,0.00158051,0.00164153,0.00165657,0.00165365,0.00166716,0.00170528,0.00176672,0.00183414,0.00188504,0.00188659,0.00188574,0.00191663,0.00196519,0.00200037,0.00198432,0.00194708,0.00193461,0.00194749,0.00198074,0.00201493,0.00203302,0.00201437,0.00199624,0.00201492,0.00205888,0.00210005,0.00210978,0.00209371,0.00205784,0.00203205,0.00203696,0.0020595,0.00206184,0.00198836,0.0019026,0.00186712,0.00186075,0.00185208,0.00182334,0.00180039,0.00182858,0.00189554,0.00199391,0.00209134,0.00216544,0.00218256,0.00219376,0.00223874,0.00230872,0.0023586,0.0023414,0.00229266,0.00227212,0.00228098,0.00231779,0.00236442,0.00238627,0.00235697,0.00231705,0.00230927,0.00232514,0.00233286,0.00228985,0.00223453,0.00219269,0.00216997,0.00216235,0.00215636,0.00213569,0.00208842,0.0020325,0.00199063,0.00197379,0.00198153,0.00197912,0.00188818,0.00162773,0.00137702,0.00124828,0.00133631,0.00144458,0.00142375,0.00136293,0.00136842,0.00142569,0.00146742,0.0014168,0.00133506,0.00128839,0.00127784,0.00130258,0.00133935,0.00134827,0.00129437,0.00122847,0.00121634,0.00123468,0.00124442,0.00121247,0.00116985,0.00114198,0.0011332,0.00114199,0.00114928,0.0011435,0.00110238,0.00106161,0.00104557,0.00104637,0.00104263,0.00100859,0.000966884,0.000933943,0.000921946,0.000932916,0.000950065,0.000943984,0.000890213,0.000825619,0.000780776,0.000759394
0.000627361,0.000630548,0.000639817,0.000658869,0.000683877,0.0006992,0.000700214,0.000696432,0.000700918,0.000714309,0.0007325,0.000751533,0.000765539,0.000770969,0.000777857,0.000792747,0.000815591,0.000833051,0.000839236,0.000837801,0.000840006,0.000847427,0.000859788,0.000872902,0.000878102,0.000870179,0.000863811,0.000868535,0.000884449,0.000892856,0.000886701,0.000873309,0.000872514,0.00087979,0.000887714,0.000891085,0.00088807,0.000877182,0.000866668,0.000867168,0.000878324,0.000881005,0.000869831,0.000857421,0.000860092,0.000875212,0.000898824,0.000924908,0.000941948,0.000943959,0.000944411,0.000964175,0.000991128,0.00100112,0.000991243,0.000975343,0.000970607,0.000977087,0.000988138,0.00099978,0.00100656,0.00100577,0.00100195,0.00100652,0.00101707,0.00102232,0.00101695,0.00100822,0.00100272,0.00100268,0.00100844,0.00101524,0.00101641,0.00100747,0.000996099,0.000992347,0.000999404,0.00100703,0.00100754,0.000996535,0.000975164,0.000958403,0.000979242,0.0010301,0.00108184,0.00110165,0.00111489,0.00115377,0.00120506,0.00124029,0.00124275,0.00123076,0.00122562,0.00123787,0.00127735,0.00132781,0.00136096,0.00133953,0.00132824,0.00139985,0.00155499,0.00167258,0.0016682,0.00161592,0.0015848,0.00158812,0.00162499,0.00167427,0.00169877,0.0016701,0.00163254,0.00164411,0.0016926,0.00170803,0.00166321,0.00160541,0.00156201,0.00154623,0.00155951,0.00158582,0.00158355,0.00153573,0.00148757,0.00150812,0.00158614,0.00164808,0.00165892,0.00165786,0.00167047,0.00170927,0.00176987,0.00183996,0.00189157,0.00189783,0.00189131,0.00192022,0.00197806,0.00201041,0.00198906,0.00195217,0.00193746,0.00195239,0.00198498,0.00202235,0.00203798,0.0020198,0.0019981,0.00201942,0.00206861,0.00210792,0.00211511,0.00209666,0.00206206,0.0020325,0.00204018,0.0020702,0.0020678,0.00200081,0.00191062,0.00186862,0.00187085,0.00186224,0.00182755,0.00180996,0.00183361,0.00190412,0.00200359,0.00210535,0.00218486,0.00220331,0.00220796,0.00225438,0.00233819,0.00238017,0.00235093,0.0023095,0.00228492,0.00229323,0.00233335,0.0023842,0.0024039,0.00236791,0.0023313,0.00232292,0.00234377,0.00234817,0.00230634,0.00224924,0.00220759,0.00218573,0.0021779,0.00217291,0.00215332,0.00210628,0.00205091,0.00200994,0.00199308,0.00200374,0.00201751,0.00191687,0.00164618,0.00136816,0.00126257,0.00133715,0.00146778,0.0014378,0.00137748,0.00137702,0.00144567,0.0014914,0.00143046,0.001352,0.00130024,0.00128939,0.0013156,0.00135143,0.00136592,0.0013135,0.00124237,0.00122247,0.00124836,0.00125956,0.00122784,0.00118114,0.00115084,0.0011433,0.0011537,0.00116611,0.00115623,0.0011191,0.00107107,0.00105437,0.00106117,0.00105381,0.00102241,0.000975465,0.000941505,0.000930855,0.000943018,0.000964606,0.000958473,0.000900528,0.000833442,0.000784659,0.000765533
0.000627317,0.000631021,0.000639158,0.0006582,0.000683631,0.000699042,0.000700567,0.00069669,0.000701327,0.000714539,0.000732596,0.000751148,0.000765239,0.000772244,0.000778182,0.000793451,0.000817137,0.000834515,0.000838902,0.00083983,0.000842431,0.000849548,0.000861508,0.00087383,0.000878909,0.000873035,0.000865025,0.000870008,0.000886903,0.000895026,0.000885661,0.000876209,0.000874621,0.000881437,0.000889777,0.000892815,0.000889147,0.000878199,0.000868384,0.000869582,0.000880677,0.00088256,0.000871879,0.00085956,0.000861664,0.000875962,0.000899329,0.000925297,0.000941339,0.000945243,0.000945493,0.000962419,0.000987522,0.00100189,0.000993122,0.000976834,0.000972363,0.000978579,0.000989777,0.0010017,0.00100827,0.0010054,0.00100377,0.00100915,0.0010188,0.00102364,0.00101797,0.00100968,0.00100435,0.00100426,0.00101013,0.00101652,0.00101752,0.00100828,0.000997451,0.000993998,0.00100092,0.00100801,0.00100856,0.000997641,0.00097611,0.000957772,0.000978861,0.00103369,0.00107857,0.0011003,0.00111541,0.00115344,0.0012019,0.00123996,0.00124015,0.00122908,0.00122394,0.00123482,0.00127489,0.00132902,0.00135558,0.00132911,0.00131718,0.00141121,0.00157423,0.00166978,0.00166985,0.00161947,0.00158887,0.00159139,0.00162906,0.0016774,0.00170419,0.00167564,0.0016425,0.0016445,0.00168511,0.00171333,0.00167663,0.00160731,0.00156252,0.00154703,0.00156068,0.00158783,0.00158478,0.00153756,0.00148866,0.00151111,0.00158906,0.00165017,0.00167006,0.00166023,0.00167354,0.00171323,0.00177463,0.00184608,0.00189792,0.00190211,0.00189861,0.00193006,0.00198659,0.00201964,0.00199659,0.00195898,0.00194194,0.00195526,0.00198913,0.0020278,0.00204344,0.00202786,0.00200458,0.00202693,0.00207541,0.00211546,0.00212107,0.00210046,0.00206523,0.00203736,0.00204639,0.00206875,0.00207555,0.00200724,0.00192194,0.00187441,0.00187026,0.00187066,0.00184316,0.00181439,0.00184216,0.00191439,0.00201632,0.00212369,0.00219856,0.00221704,0.00222647,0.00227242,0.00235291,0.00239709,0.00237396,0.0023216,0.00229699,0.00230788,0.00235174,0.00239884,0.00241695,0.00238733,0.00234324,0.00234126,0.00236537,0.00236162,0.0023214,0.00226418,0.00222213,0.0022,0.00219384,0.00218897,0.0021706,0.00212379,0.00207019,0.00202951,0.00201406,0.00202574,0.00202162,0.00194087,0.00168801,0.00138251,0.00125353,0.00136303,0.00146788,0.0014617,0.00138588,0.00139213,0.00146564,0.00150121,0.00145701,0.00136517,0.00131044,0.00129973,0.00132851,0.00136996,0.00137837,0.00132554,0.00125894,0.00123222,0.00125159,0.00127319,0.00123901,0.0011926,0.00116125,0.00115402,0.00116537,0.00117607,0.00117203,0.0011269,0.00108449,0.00106552,0.001069,0.00106746,0.00102903,0.00098454,0.000950368,0.00094031,0.000955858,0.00097544,0.00096877,0.000915684,0.000842528,0.000790891,0.000771383
0.000627106,0.00062979,0.000638915,0.0006585,0.000682088,0.000698933,0.00069894,0.000696923,0.000701654,0.000714854,0.000732674,0.000750749,0.000765315,0.000771464,0.000778908,0.000795141,0.000817218,0.000834587,0.00084051,0.000841176,0.000844275,0.00085168,0.000863346,0.000875354,0.000880431,0.000872812,0.00086683,0.000872883,0.000887818,0.000895176,0.000887337,0.000877166,0.000876933,0.000883203,0.000890989,0.000893808,0.000889894,0.000878479,0.000868664,0.000871969,0.000879834,0.000883454,0.000869699,0.000859993,0.00086296,0.000877123,0.000900016,0.000922672,0.000940229,0.000943956,0.000946293,0.000960483,0.000985666,0.00100014,0.000991251,0.000978331,0.000973829,0.000979262,0.000991305,0.00100263,0.00100928,0.00100764,0.00100528,0.00101127,0.0010208,0.00102458,0.00101947,0.00101101,0.00100594,0.00100595,0.00101138,0.00101866,0.00101838,0.00100926,0.000998085,0.000996242,0.00100111,0.00100838,0.00100791,0.000998455,0.000975567,0.000960924,0.000978441,0.00102629,0.00107653,0.00109244,0.00111322,0.00115323,0.00120128,0.00123356,0.00123581,0.00122637,0.00122137,0.00123382,0.00127163,0.00131883,0.0013518,0.00132328,0.00130123,0.00141375,0.00156725,0.00167592,0.00166717,0.00162205,0.00158959,0.00159442,0.00163401,0.00168401,0.00170706,0.00168515,0.00164592,0.00164493,0.00168931,0.00171751,0.00167544,0.00161011,0.00156151,0.00154788,0.00156265,0.00158647,0.00158737,0.00152454,0.00149145,0.00151989,0.00159025,0.00165504,0.00166832,0.00166509,0.00167606,0.00171461,0.0017797,0.00185272,0.00190425,0.00190601,0.00190242,0.00193819,0.00199598,0.00202682,0.00200677,0.00196153,0.00194846,0.00196067,0.00199406,0.00202721,0.00204845,0.00203184,0.00201222,0.0020276,0.00208173,0.00212135,0.0021276,0.0021038,0.00206288,0.00203956,0.00205088,0.00208171,0.00207823,0.00201541,0.00192455,0.0018833,0.00188476,0.00187894,0.00184346,0.00182406,0.00184994,0.00192007,0.00202732,0.00213502,0.00221434,0.00223646,0.00224318,0.00228607,0.00236683,0.00242014,0.00238702,0.00233786,0.00231122,0.00232137,0.00236672,0.00241918,0.00243398,0.00239295,0.00235993,0.00235967,0.00237713,0.00237877,0.00233424,0.0022792,0.00223512,0.00221384,0.00220845,0.0022066,0.00218752,0.00214345,0.00208806,0.00204895,0.00203545,0.00204705,0.00205912,0.00196316,0.00169291,0.00139679,0.00126789,0.00135011,0.00149314,0.00146338,0.00140402,0.00140782,0.00147673,0.00152613,0.00146716,0.00138093,0.00131925,0.00131202,0.00134261,0.00138243,0.00139539,0.0013429,0.00126595,0.00124622,0.0012691,0.00128354,0.00125542,0.00120313,0.00117035,0.00116405,0.00117616,0.00119041,0.00118247,0.00114313,0.00109179,0.00107554,0.0010815,0.00107626,0.00104232,0.000992409,0.000959103,0.000948386,0.000966443,0.000992707,0.000981971,0.00091888,0.000851608,0.000799608,0.00077419
0.000626054,0.000628814,0.000637402,0.000655939,0.000680634,0.000696963,0.000698186,0.000696286,0.000701187,0.000714655,0.000732214,0.000750055,0.000764687,0.000771846,0.000778429,0.000794245,0.000817228,0.000833956,0.00083939,0.000841575,0.000845075,0.000852343,0.000863765,0.000875254,0.000881238,0.000874612,0.000867025,0.000871994,0.000888051,0.000893788,0.000885841,0.000876643,0.000876387,0.000883299,0.000890312,0.000893578,0.000888803,0.000876549,0.000867079,0.000870267,0.000879078,0.000880287,0.000870223,0.000857914,0.000860198,0.000875425,0.00089789,0.00092047,0.000936753,0.000941641,0.000943458,0.000956692,0.000981435,0.000995228,0.000991121,0.00097731,0.000973602,0.000980254,0.000991596,0.00100323,0.00100939,0.00100728,0.00100593,0.00101054,0.00102056,0.00102525,0.00101986,0.00101156,0.00100663,0.00100668,0.00101122,0.00101767,0.00101886,0.00100904,0.00099796,0.000996262,0.00100173,0.0010071,0.00100662,0.000996835,0.000975249,0.000957832,0.000973859,0.00102324,0.00107019,0.00109112,0.00110613,0.0011415,0.00119186,0.00122563,0.00122903,0.00122049,0.00121616,0.0012274,0.00126666,0.00132456,0.00134111,0.00130573,0.0012916,0.00140468,0.00157264,0.00168234,0.00167878,0.00162755,0.00159155,0.00159592,0.00163658,0.0016872,0.0017153,0.00168604,0.00164758,0.0016459,0.00169291,0.00171989,0.00167993,0.00161048,0.0015613,0.00154803,0.00156077,0.00158946,0.0015878,0.00153779,0.00148968,0.00151681,0.00159613,0.00165995,0.00167349,0.00166793,0.00167772,0.00171832,0.00178411,0.00186217,0.00190896,0.00190855,0.00190611,0.00194263,0.00200424,0.00203345,0.00200853,0.00196563,0.00195141,0.00196418,0.00199619,0.00203203,0.00205128,0.00203699,0.00201402,0.00202788,0.0020851,0.00212588,0.00213061,0.00210628,0.00207006,0.00204118,0.00205014,0.00208153,0.00208681,0.00201427,0.00193008,0.00188514,0.00188876,0.00188775,0.00185579,0.00182816,0.00185381,0.00192934,0.00203904,0.00215376,0.00223171,0.00224892,0.00225778,0.00229991,0.00238487,0.00244168,0.00241244,0.00235365,0.00232513,0.00233488,0.00237753,0.00242828,0.00245155,0.00242097,0.00237474,0.00237046,0.00239359,0.00239512,0.00235164,0.0022927,0.00224981,0.00223044,0.00222369,0.00222203,0.00220419,0.00216021,0.00210595,0.00206807,0.00205608,0.00206869,0.00206844,0.0019898,0.00172509,0.0014,0.00127966,0.00138602,0.00152108,0.00149928,0.00142242,0.00142289,0.0015056,0.00155165,0.00149471,0.00139775,0.00133147,0.00132523,0.00135647,0.0014044,0.00141345,0.00134687,0.00127727,0.00125452,0.00128118,0.00129932,0.00126435,0.00121436,0.00118019,0.00117525,0.001186,0.00119985,0.00119549,0.00114909,0.00110093,0.00108156,0.0010898,0.00108779,0.0010478,0.0010014,0.000968572,0.000957383,0.000973356,0.000998334,0.000995903,0.000937221,0.00085753,0.000803364,0.000780743
0.000625322,0.000628226,0.000636239,0.000655005,0.000679296,0.00069557,0.000697693,0.000695902,0.000701183,0.00071448,0.000732319,0.000750948,0.000764068,0.000770531,0.000778577,0.000794956,0.000816808,0.000833893,0.000840397,0.000842172,0.000846111,0.000853587,0.000863833,0.000875975,0.000881423,0.000874483,0.000867381,0.000874066,0.000887093,0.000894912,0.000888152,0.00087749,0.000876434,0.000883111,0.00088991,0.000892037,0.000888372,0.000877777,0.000867707,0.00086886,0.000877174,0.000879744,0.000870304,0.000857587,0.000856433,0.000873555,0.000897525,0.000921044,0.000934764,0.000935856,0.000939491,0.000958446,0.000980598,0.000992119,0.000987497,0.000977632,0.000974771,0.000981079,0.000992607,0.00100376,0.00100996,0.00100909,0.00100723,0.00101172,0.00102081,0.00102635,0.0010216,0.0010126,0.00100752,0.00100777,0.00101198,0.00101734,0.00101914,0.00101117,0.000999388,0.000996142,0.00100118,0.00100649,0.00100719,0.000996715,0.000973321,0.000957995,0.000971597,0.00101517,0.00106432,0.00109043,0.00110333,0.00113307,0.00118024,0.00121844,0.00122537,0.00121542,0.00120821,0.00121821,0.00126327,0.0013169,0.00133249,0.00130301,0.0012948,0.00138068,0.00155982,0.00168546,0.00168376,0.00162737,0.00159464,0.00160106,0.00163585,0.00169036,0.00171745,0.00168092,0.00163853,0.00166256,0.00171189,0.00171477,0.0016663,0.00160826,0.00156772,0.00155025,0.00155972,0.00158202,0.00158857,0.00155113,0.00150093,0.00150621,0.00159091,0.00166314,0.00167459,0.00166833,0.00168343,0.00172126,0.00178672,0.00186013,0.00191339,0.00191986,0.00191182,0.00194683,0.00201163,0.00203829,0.00201197,0.00197037,0.00195041,0.00196541,0.0020014,0.00204322,0.00205527,0.00202678,0.00200823,0.00204095,0.00209356,0.00212998,0.00213076,0.00210724,0.0020744,0.00204782,0.00204737,0.00208225,0.00208899,0.00202244,0.00193375,0.00188893,0.0018918,0.00189769,0.00186536,0.00183507,0.00185845,0.00193496,0.00204969,0.00216726,0.002246,0.00226078,0.00226455,0.00232715,0.00242135,0.00245251,0.00241403,0.00236543,0.00234418,0.00235185,0.00238868,0.0024367,0.00246545,0.00244377,0.00239533,0.00237635,0.00240293,0.00240946,0.00236364,0.00230424,0.00226513,0.00224328,0.00223907,0.00223773,0.00222045,0.00217675,0.002124,0.00208493,0.00207102,0.00209074,0.00210589,0.00201735,0.00175317,0.00143466,0.00127213,0.00138992,0.00153901,0.00151892,0.00143605,0.00144017,0.00152625,0.00157027,0.00150409,0.0014059,0.00135035,0.00133637,0.00137084,0.00141917,0.00142906,0.00137082,0.0012914,0.0012598,0.00129249,0.00131044,0.00127295,0.00122164,0.00119382,0.00118562,0.00119601,0.00121241,0.00120665,0.00116151,0.00110908,0.00109091,0.00110116,0.00109757,0.00105837,0.00100896,0.000977815,0.000969538,0.000979089,0.00100156,0.00100787,0.00095486,0.00086715,0.000807679,0.000784268
0.000628117,0.000631464,0.000640356,0.000658839,0.000684019,0.000701209,0.000701106,0.000699039,0.000703486,0.000716702,0.000734819,0.000753047,0.000767373,0.000774646,0.000781919,0.000798324,0.000822162,0.000839804,0.000845922,0.000848337,0.000851684,0.000858588,0.000870393,0.000883463,0.00088853,0.000880886,0.000873945,0.000878106,0.000894191,0.000901375,0.000894081,0.000882632,0.000881314,0.000888594,0.000896273,0.000899858,0.000895818,0.00088392,0.000874096,0.000876589,0.000887104,0.000889898,0.000878319,0.000862357,0.00086328,0.000879124,0.000902566,0.000925509,0.000940827,0.000943957,0.000946619,0.000960708,0.000985245,0.000998112,0.000993785,0.000982729,0.000979983,0.000986436,0.000997435,0.0010093,0.00101602,0.00101524,0.0010127,0.00101774,0.0010281,0.00103247,0.0010269,0.00101726,0.00101197,0.00101224,0.00101706,0.00102365,0.00102523,0.00101605,0.00100392,0.001001,0.00100676,0.00101232,0.00101148,0.00100115,0.000979035,0.000960807,0.000975579,0.00102336,0.00106961,0.00109095,0.00110569,0.00114133,0.00119074,0.00122437,0.0012312,0.00122101,0.0012174,0.00123005,0.00126323,0.00131392,0.00134278,0.00131343,0.0012972,0.00139108,0.00156919,0.00168526,0.00167758,0.0016299,0.00159474,0.00159853,0.00164048,0.0016942,0.00171988,0.00168997,0.00164815,0.00165302,0.00170157,0.00171931,0.00167309,0.00161008,0.00156454,0.00154778,0.0015615,0.00158899,0.00158712,0.00154231,0.00149176,0.00151833,0.00159942,0.0016648,0.00167861,0.0016724,0.00168269,0.00172508,0.00178815,0.00186579,0.00191685,0.0019213,0.0019141,0.00195016,0.00201032,0.00204593,0.00201995,0.00197396,0.00195336,0.00196787,0.00200323,0.00204125,0.00205847,0.00203898,0.00201864,0.00203578,0.00209403,0.00213442,0.00213694,0.00210951,0.00207115,0.00204231,0.00205506,0.00208556,0.00209222,0.00202505,0.0019364,0.00189368,0.00190287,0.00189929,0.00186726,0.00183993,0.00186511,0.00194573,0.00205656,0.00217839,0.00225968,0.0022771,0.00227853,0.00233701,0.00242443,0.00247595,0.00244578,0.00238271,0.0023503,0.00236457,0.00240186,0.00245455,0.00247844,0.00244917,0.00240145,0.00239755,0.00241973,0.00242313,0.00237778,0.00231918,0.00227553,0.00225815,0.00225262,0.00225253,0.00223643,0.00219426,0.00214168,0.00210497,0.00209455,0.00211072,0.00213446,0.00204392,0.00176233,0.0014059,0.00131882,0.0014454,0.00155817,0.00151694,0.00145131,0.00145477,0.0015396,0.00159193,0.0015249,0.00142412,0.0013569,0.00135167,0.00138196,0.0014353,0.00144515,0.00137916,0.00129378,0.00128157,0.00131284,0.00132155,0.00128281,0.00123344,0.00120062,0.0011949,0.001207,0.00122287,0.0012189,0.0011698,0.00111891,0.00109853,0.00110728,0.00110833,0.00106875,0.00101774,0.000983018,0.000973005,0.00099247,0.00102238,0.00102054,0.000956022,0.000872615,0.00081481,0.000790554
0.000631124,0.000634265,0.000643695,0.000664977,0.000689697,0.000705531,0.000706534,0.000701301,0.000706009,0.000719066,0.000737795,0.000755764,0.000771099,0.000777729,0.000785623,0.000802749,0.000825895,0.000845135,0.000852461,0.000854043,0.000857049,0.00086453,0.000876824,0.000889095,0.000895006,0.000887982,0.000879228,0.000883194,0.000899107,0.000908329,0.000900378,0.000887993,0.000887177,0.000894181,0.000902721,0.00090674,0.00090267,0.000890283,0.000880782,0.000884589,0.000896173,0.000899343,0.000881916,0.000868412,0.00086941,0.000884064,0.000908125,0.000930005,0.000946833,0.000951757,0.000952863,0.000966381,0.000990381,0.00100526,0.0010006,0.00098861,0.00098596,0.000991825,0.00100308,0.00101537,0.00102253,0.00102172,0.00101874,0.00102385,0.0010341,0.00103949,0.00103326,0.00102249,0.00101658,0.00101683,0.00102302,0.00103109,0.00103178,0.00102014,0.00100955,0.00100681,0.00101121,0.00101858,0.0010178,0.00100736,0.000983379,0.00096731,0.000981984,0.00102755,0.00107659,0.00109378,0.00111274,0.00114929,0.00119648,0.00123575,0.00123684,0.00122844,0.00122412,0.00123676,0.00127128,0.00132495,0.001354,0.00131732,0.00130724,0.00139905,0.00155674,0.00167741,0.00168296,0.0016255,0.00159124,0.00159775,0.00164167,0.00169038,0.00171766,0.0016858,0.00165004,0.00165314,0.00168821,0.00171728,0.00168234,0.00160953,0.00156331,0.00154734,0.00156076,0.0015817,0.00158768,0.00152547,0.0014911,0.00152277,0.00159514,0.00166141,0.00167356,0.00167162,0.00168317,0.00172417,0.00178839,0.00186743,0.00191754,0.00192412,0.00191704,0.00195461,0.0020071,0.0020485,0.00201647,0.00197447,0.00195755,0.00197109,0.00200503,0.00203863,0.00205944,0.00204447,0.00202087,0.00203689,0.00209302,0.00213553,0.00213724,0.00210862,0.00206962,0.00204189,0.00205485,0.00208762,0.00208841,0.00201848,0.00193935,0.00190038,0.0019049,0.0019046,0.00186791,0.00184713,0.00187428,0.0019514,0.00206389,0.00218871,0.0022721,0.00229356,0.00229556,0.00235493,0.00243445,0.00249469,0.00245911,0.00239759,0.00236479,0.00237478,0.00241332,0.00246719,0.00249113,0.00246392,0.00241382,0.00241237,0.00242948,0.002431,0.00239056,0.00232925,0.00228728,0.00226963,0.00226687,0.00226837,0.00225291,0.00221203,0.00215967,0.00212307,0.00211311,0.00213153,0.00216222,0.0020699,0.00178239,0.00143568,0.00132544,0.00143915,0.00156894,0.00153769,0.00145555,0.00146763,0.00154794,0.00159765,0.00154364,0.001434,0.00136708,0.00135907,0.00139453,0.0014504,0.0014575,0.00139274,0.00130273,0.00129132,0.00131769,0.00133115,0.00129727,0.00124282,0.00120844,0.00120162,0.00121716,0.00123518,0.00122824,0.00118368,0.00112793,0.00111071,0.00111912,0.00111796,0.00107639,0.00102574,0.000991588,0.000982355,0.00100533,0.00103763,0.00103024,0.000964126,0.000879576,0.00082024,0.00079422
0.000633347,0.000636957,0.000646158,0.000668553,0.000694913,0.000710835,0.00070864,0.00070402,0.000707408,0.000721133,0.000739927,0.000759008,0.000773501,0.000781549,0.000787689,0.000805371,0.000830118,0.000849475,0.00085649,0.000858421,0.000861653,0.000869255,0.000881276,0.000894501,0.000900346,0.000892381,0.000883127,0.000886649,0.000902434,0.00091386,0.000902515,0.000891858,0.000890583,0.000898152,0.000906821,0.000911447,0.00090836,0.000895124,0.000885719,0.000890084,0.000904031,0.000905988,0.000891455,0.000872751,0.000871638,0.000887516,0.000912268,0.00093611,0.000951481,0.000954815,0.000956987,0.000970284,0.000993915,0.00101108,0.0010035,0.00099349,0.000990347,0.000996252,0.00100792,0.00101978,0.00102814,0.00102672,0.00102415,0.00102851,0.00103899,0.00104546,0.00103728,0.00102671,0.00101999,0.00102067,0.00102763,0.00103622,0.00103726,0.00102628,0.00101262,0.00101078,0.00101707,0.00102322,0.00102306,0.00101106,0.000987999,0.000968998,0.000983718,0.00103384,0.0010794,0.00110173,0.00111314,0.00114967,0.00120398,0.00123922,0.00124432,0.00123225,0.00122761,0.00123729,0.00127784,0.00132965,0.00136063,0.00133447,0.00130948,0.00140027,0.00156229,0.00167722,0.00167434,0.00162477,0.00159016,0.00159582,0.00163958,0.00169425,0.00171435,0.00169005,0.00164435,0.00165146,0.0016969,0.00171364,0.00166926,0.00160832,0.00156099,0.00154337,0.00155542,0.0015832,0.00158123,0.00153357,0.00148471,0.0015184,0.00159756,0.00165729,0.00167697,0.00167024,0.00168251,0.00172163,0.00178908,0.00186403,0.00191699,0.00192056,0.00191816,0.00195454,0.00201654,0.00204546,0.00202342,0.00197538,0.00195875,0.00197198,0.00200435,0.00204167,0.00206016,0.00204102,0.00202031,0.00203786,0.00209179,0.00213554,0.00213409,0.00210661,0.00206754,0.00204196,0.00205258,0.00208336,0.00208702,0.00202497,0.00193979,0.00189916,0.00190866,0.00190585,0.00187545,0.00184906,0.00187696,0.00195328,0.00207108,0.00219581,0.00228291,0.00229424,0.00230766,0.00236246,0.00245932,0.00250626,0.00247562,0.00240811,0.0023766,0.00238385,0.00242453,0.00247242,0.0025013,0.00246612,0.002428,0.00241765,0.00243438,0.00244307,0.00239683,0.00233951,0.00229855,0.00228208,0.0022813,0.0022802,0.00226852,0.00222735,0.00217756,0.00214051,0.00212752,0.00215364,0.00217984,0.00210073,0.00178178,0.00146149,0.00131372,0.00144434,0.00158618,0.00155983,0.00147066,0.00147161,0.00156286,0.00161773,0.00154662,0.00144523,0.00137719,0.00136725,0.00141004,0.00146077,0.00147231,0.00140156,0.00131786,0.00129477,0.0013288,0.00134426,0.00130736,0.00125239,0.00121558,0.00121152,0.00122743,0.00124634,0.00124114,0.0011863,0.00113815,0.00111865,0.00112686,0.00112744,0.0010869,0.00103313,0.000999051,0.000991879,0.00101275,0.00103802,0.00104342,0.00097586,0.000887349,0.000824472,0.000798255
0.000635535,0.0006394,0.000649644,0.000672921,0.000700222,0.000715938,0.00071329,0.000706956,0.000709645,0.000723135,0.000741974,0.000761331,0.000776096,0.000782483,0.000790836,0.000808135,0.000832596,0.000853863,0.000860975,0.000862309,0.00086572,0.000873517,0.000885632,0.000898791,0.000905083,0.000896656,0.000885126,0.00089023,0.000907746,0.000915729,0.000908564,0.000894584,0.000893239,0.000901427,0.000910555,0.000915734,0.00091294,0.000900257,0.000890319,0.000895432,0.00091102,0.00091316,0.000893588,0.000876682,0.000876532,0.000892603,0.000916555,0.000939852,0.00095662,0.000958924,0.000959101,0.0009744,0.000999684,0.00101331,0.00100997,0.000997197,0.000993832,0.00100011,0.00101219,0.00102507,0.00103267,0.00103134,0.001028,0.00103377,0.0010453,0.00104944,0.00104296,0.00103039,0.00102336,0.00102428,0.00103171,0.00104127,0.00104228,0.00103032,0.00101709,0.00101462,0.00102059,0.00102776,0.00102688,0.00101418,0.000990152,0.000970917,0.000985763,0.00103524,0.00108187,0.00110256,0.00111444,0.00115086,0.00120559,0.001242,0.00124654,0.00123456,0.00122826,0.0012384,0.0012829,0.00134376,0.00136552,0.00132867,0.00132312,0.00140305,0.001556,0.00168332,0.00167918,0.00162308,0.00158883,0.00159499,0.00163705,0.00168885,0.00171773,0.00168105,0.00164392,0.00164553,0.00168514,0.00170807,0.00167085,0.00160151,0.00155557,0.00154069,0.0015526,0.00157826,0.00157609,0.00152987,0.001485,0.00151142,0.00158982,0.00165956,0.00166958,0.00166757,0.00167996,0.00172062,0.00178798,0.00186341,0.00191518,0.00192121,0.00191869,0.00194906,0.00201192,0.00204999,0.00201648,0.00197688,0.00196036,0.00197254,0.00200411,0.00204084,0.00206025,0.00204188,0.00201811,0.00203549,0.00209093,0.00213353,0.0021321,0.00210345,0.00206475,0.00203813,0.00204769,0.00208373,0.0020875,0.00201656,0.00193975,0.00190051,0.00190835,0.00190525,0.0018724,0.00184636,0.00187684,0.0019571,0.00207539,0.00220123,0.00228565,0.00230804,0.00231147,0.00236686,0.00246774,0.00251781,0.00248426,0.00241733,0.00238648,0.00239435,0.00243384,0.00248435,0.00250304,0.00247819,0.00243196,0.00242484,0.00244815,0.00245042,0.00240766,0.00234966,0.00230959,0.00229404,0.00229394,0.00229527,0.00228132,0.00224242,0.00219322,0.00215789,0.00214553,0.00217331,0.00220133,0.00211089,0.00181457,0.00146542,0.00129781,0.00142854,0.00159602,0.00158253,0.00148424,0.00148666,0.00158505,0.00163834,0.0015677,0.00145859,0.00138857,0.00137904,0.00142239,0.00147633,0.0014872,0.00141934,0.00133401,0.00130074,0.00133044,0.00135946,0.00132298,0.00126379,0.00122528,0.00122111,0.00123646,0.00125651,0.00124896,0.00120026,0.00114193,0.00112621,0.0011404,0.00113322,0.00109264,0.0010404,0.00100569,0.000997576,0.00101901,0.00105293,0.0010519,0.000986759,0.000894066,0.000829787,0.0008035
0.00063757,0.000641845,0.000653452,0.00067693,0.000703862,0.000720131,0.000718273,0.000708958,0.000711807,0.000724827,0.000744143,0.000763291,0.000778219,0.000785406,0.00079322,0.000811348,0.000836311,0.000856965,0.000864557,0.000865347,0.00086912,0.000877587,0.000890276,0.000902728,0.000909278,0.000899324,0.000887638,0.000893598,0.000909349,0.000919707,0.00090966,0.00089824,0.000896468,0.000904407,0.000914692,0.000919558,0.000916881,0.000904662,0.00089518,0.000900982,0.000915043,0.000918654,0.000901419,0.000879932,0.000880677,0.000895944,0.00092065,0.000945282,0.000960859,0.000962292,0.000962013,0.00097906,0.00100195,0.00101817,0.00101262,0.00100186,0.000997617,0.0010039,0.00101663,0.00102932,0.00103776,0.00103544,0.00103247,0.00103935,0.00104938,0.0010555,0.00104552,0.00103428,0.0010273,0.00102763,0.00103592,0.00104566,0.00104744,0.00103444,0.00102203,0.00101892,0.00102532,0.00103204,0.00103038,0.00101714,0.00099,0.000974373,0.000988769,0.00103446,0.00108495,0.0011008,0.00111757,0.0011549,0.00120368,0.00124646,0.00124886,0.00123779,0.00122854,0.00124277,0.00128748,0.00134165,0.00136948,0.00134242,0.00132938,0.00141163,0.00155787,0.00167525,0.00167379,0.0016165,0.0015871,0.00159347,0.00163389,0.00168575,0.00171207,0.00168086,0.00163886,0.00164653,0.00167825,0.00169998,0.00165922,0.00159682,0.00155237,0.00153682,0.00154991,0.0015691,0.00157083,0.0015248,0.00148597,0.00150885,0.00158423,0.00165373,0.00166934,0.00166351,0.00167857,0.0017194,0.00178578,0.00186141,0.0019122,0.00191966,0.00191584,0.00195505,0.00200957,0.00204492,0.00201778,0.00197524,0.00196096,0.00197229,0.00200474,0.00203881,0.00205971,0.00204008,0.00201841,0.00203572,0.00208605,0.0021294,0.00212895,0.00209875,0.00205891,0.00203526,0.00204416,0.00207366,0.00207898,0.00201567,0.00193869,0.00190227,0.0019034,0.00190314,0.00187011,0.00184826,0.00187893,0.00195878,0.00207999,0.00220406,0.00229141,0.00230519,0.0023192,0.00238172,0.00247407,0.00253138,0.002493,0.00243147,0.00239901,0.00240252,0.00244233,0.00248621,0.00251099,0.00247598,0.00244129,0.00243583,0.00244965,0.00245689,0.00241732,0.0023589,0.00232102,0.00230583,0.00230704,0.0023072,0.0022956,0.00225595,0.00220956,0.00217666,0.00217005,0.00219148,0.00221823,0.00213013,0.00180414,0.00146831,0.00131306,0.00142428,0.00160737,0.00157616,0.00149461,0.0015085,0.00159495,0.00165259,0.00158823,0.00146895,0.00140178,0.00139231,0.00143342,0.00149088,0.00150071,0.00143452,0.00134423,0.00131841,0.00134562,0.00136981,0.00133467,0.00127282,0.00123744,0.00122929,0.00124588,0.00126381,0.00125776,0.00120332,0.00115005,0.00113349,0.00114156,0.0011425,0.00109858,0.00104796,0.00101166,0.00100265,0.00102903,0.00106026,0.00106274,0.000991478,0.000900937,0.000836752,0.000807682
0.000639189,0.000644066,0.000655095,0.000677856,0.000706787,0.000723469,0.000719779,0.000710886,0.00071289,0.000726581,0.00074598,0.000765849,0.000780324,0.000787194,0.000794727,0.000812454,0.000838903,0.000859474,0.000866551,0.00086775,0.000871629,0.000880451,0.000893705,0.000907793,0.000912293,0.000901265,0.000890039,0.000897022,0.000915215,0.000923079,0.000913713,0.000900913,0.000898618,0.000907216,0.000917972,0.000923979,0.000921335,0.000909383,0.00089916,0.000904153,0.000920105,0.000923168,0.000902955,0.000882804,0.000883517,0.00089944,0.00092397,0.000949119,0.00096481,0.000965225,0.000965373,0.000983007,0.00100885,0.00102399,0.00101935,0.00100689,0.00100161,0.00100797,0.00102118,0.00103584,0.00104295,0.00103968,0.00103681,0.0010439,0.00105599,0.00106021,0.00105075,0.00103728,0.00103008,0.00103121,0.00103968,0.00105005,0.00105242,0.00104086,0.00102576,0.00102117,0.00102851,0.00103553,0.00103346,0.00101935,0.00099308,0.000973827,0.000988849,0.00103844,0.00108394,0.00110114,0.00111381,0.00115005,0.00120469,0.00124676,0.00125306,0.00124008,0.00123115,0.00124233,0.00128746,0.00134847,0.00137426,0.00134443,0.00132703,0.00140164,0.00155599,0.00166539,0.0016623,0.00161127,0.00158269,0.00158912,0.00162629,0.00167785,0.00170221,0.00167158,0.00163083,0.0016373,0.0016755,0.00169335,0.00165452,0.0015915,0.00154636,0.00153011,0.00154123,0.00156104,0.00156137,0.00152212,0.00147962,0.00149424,0.00157584,0.00164547,0.00166126,0.00165949,0.00167625,0.00171615,0.001781,0.00185672,0.00190832,0.00191327,0.00191065,0.00195016,0.00201276,0.00204046,0.00201384,0.00197402,0.00195894,0.00197072,0.00200286,0.00204112,0.00205867,0.0020402,0.00201747,0.00203241,0.00208456,0.00212467,0.00212294,0.00209326,0.00205553,0.00203109,0.00203961,0.00207156,0.00207415,0.00201119,0.00193152,0.00189865,0.0019027,0.00189921,0.00186913,0.00184927,0.00187893,0.00196094,0.00208138,0.00220941,0.00230127,0.00232295,0.00232573,0.0023874,0.00248918,0.00253797,0.0025022,0.00243918,0.00240446,0.00241073,0.00245018,0.00249948,0.00251735,0.00248517,0.00244405,0.00243807,0.00246034,0.00246344,0.00242308,0.00236781,0.00233076,0.0023181,0.00232028,0.00232516,0.0023114,0.00227115,0.00222558,0.00219484,0.00218825,0.00220781,0.00222839,0.0021525,0.00186155,0.00147304,0.00132295,0.00147207,0.00161791,0.00157942,0.00149624,0.00151201,0.00161303,0.0016648,0.00159363,0.00147841,0.00140995,0.00140338,0.00144115,0.00149901,0.00151268,0.00143997,0.00134758,0.00132247,0.00135856,0.00137829,0.00133841,0.00127921,0.00124469,0.00123885,0.00125496,0.00127512,0.00127098,0.00122077,0.00115959,0.00113965,0.00115385,0.00115304,0.00111114,0.00105556,0.00101721,0.00100927,0.00103945,0.00108081,0.00107401,0.000998576,0.000905944,0.000841306,0.000813313
0.000640428,0.00064497,0.000656242,0.00068024,0.000708385,0.000725734,0.000723117,0.000713204,0.000715545,0.000728014,0.000747562,0.000766893,0.000782101,0.000788355,0.000797116,0.000815782,0.000841021,0.000862089,0.000869286,0.000869858,0.000873539,0.000882256,0.000896134,0.000909991,0.000913918,0.000901401,0.000893617,0.000899515,0.000914681,0.000924672,0.000916364,0.000903098,0.00090141,0.000909051,0.000920106,0.00092555,0.000924077,0.000910625,0.000902608,0.000908203,0.00092257,0.000927765,0.000908348,0.000885817,0.000886362,0.000902158,0.000927612,0.000953044,0.000969328,0.000970579,0.000970502,0.000986793,0.00101063,0.00102788,0.00102305,0.00101144,0.00100645,0.00101199,0.00102493,0.00103897,0.00104758,0.0010445,0.00104155,0.0010489,0.00105883,0.00106361,0.00105454,0.0010402,0.00103297,0.0010343,0.00104377,0.00105361,0.00105685,0.00104531,0.00103029,0.00102573,0.00103168,0.00103845,0.00103484,0.00102025,0.000991778,0.000974668,0.000988559,0.00103167,0.00107998,0.00109808,0.00111119,0.00114867,0.00120034,0.0012427,0.00124825,0.00123986,0.00123244,0.00124441,0.00128767,0.00134123,0.00137442,0.00133869,0.00133361,0.0014091,0.00154945,0.00166137,0.00166254,0.00160835,0.00157873,0.00158317,0.0016207,0.00167124,0.00169453,0.00166855,0.00163006,0.00163502,0.0016639,0.00168437,0.00164156,0.00158451,0.00154106,0.00152407,0.0015349,0.00155223,0.00155132,0.00150597,0.00147013,0.00149638,0.00157342,0.00163848,0.00165976,0.0016567,0.00167314,0.00171306,0.00177786,0.00185255,0.00190386,0.00191182,0.00190927,0.00194679,0.00199978,0.00203796,0.00201746,0.00197434,0.00195844,0.00196871,0.0020023,0.00204036,0.00205663,0.00203405,0.00201747,0.00203324,0.00208039,0.00211848,0.0021171,0.00208687,0.00204896,0.00202874,0.00203687,0.00205788,0.00206737,0.00199673,0.00193008,0.00189645,0.00189467,0.00189345,0.00186268,0.00184684,0.00187998,0.00196203,0.00208531,0.00220677,0.00230466,0.00231801,0.00233295,0.00239238,0.00248349,0.00254287,0.00251103,0.00244511,0.00241082,0.00241748,0.00245726,0.00249812,0.00251922,0.0024888,0.0024488,0.00244494,0.00246342,0.002467,0.00242551,0.00237609,0.00234203,0.00233019,0.00233251,0.00233576,0.00232666,0.00228937,0.00224377,0.00220793,0.00220081,0.00222615,0.00225632,0.0021729,0.00183818,0.0014869,0.0013172,0.00143603,0.00162372,0.00159007,0.00150716,0.00152144,0.0016121,0.00167719,0.00161057,0.00148958,0.00142042,0.00141085,0.00145469,0.00151358,0.00152542,0.00144995,0.00135798,0.00133422,0.00136409,0.00138757,0.00135043,0.00128716,0.00125297,0.00124758,0.00126642,0.0012848,0.00128293,0.00122624,0.00116934,0.00115069,0.00115945,0.0011613,0.00111727,0.00106261,0.00102607,0.00101827,0.00104697,0.00108045,0.00108276,0.00100748,0.0009136,0.00084644,0.000815555
0.000641389,0.000645634,0.000657094,0.000680888,0.000711248,0.000727006,0.000721435,0.000714446,0.000715813,0.000729119,0.000748675,0.000768575,0.000783208,0.000790388,0.000797806,0.000816662,0.000842568,0.000864397,0.000871003,0.00087156,0.00087467,0.000883053,0.000897193,0.000911344,0.000915534,0.000906823,0.000895816,0.000899147,0.000916402,0.000926814,0.00091819,0.000905137,0.000902662,0.000911044,0.000921599,0.000927737,0.000924933,0.000913985,0.000903275,0.000908445,0.000925275,0.000930731,0.000908148,0.000888104,0.000887277,0.000904634,0.000930224,0.000955467,0.000972501,0.000972549,0.000973517,0.000987634,0.00101437,0.00103123,0.00102903,0.00101485,0.00100982,0.00101553,0.00102789,0.00104226,0.0010511,0.001048,0.00104535,0.00105147,0.00106385,0.0010681,0.00105743,0.0010431,0.00103493,0.00103648,0.00104641,0.00105863,0.00106067,0.0010474,0.00103315,0.00102805,0.00103375,0.00104066,0.00103667,0.00102047,0.000993812,0.000972598,0.0009883,0.00103526,0.00107812,0.00109662,0.00110924,0.00114489,0.00120119,0.00124002,0.00124795,0.00123843,0.00123268,0.00124551,0.00128939,0.00134925,0.00137366,0.00135328,0.00133185,0.00140111,0.00154339,0.00165306,0.00164458,0.00160111,0.00156986,0.00157719,0.0016138,0.00166251,0.00168472,0.00165415,0.00162232,0.00162313,0.00165931,0.00167102,0.0016348,0.00157697,0.00153534,0.00151964,0.00152852,0.00154951,0.00154417,0.00149647,0.00145901,0.00149285,0.0015702,0.00163011,0.00164649,0.0016521,0.00166791,0.00170889,0.00177272,0.00184562,0.00189809,0.0019069,0.00190602,0.00193953,0.00199813,0.00203203,0.00201312,0.0019728,0.00195322,0.00196759,0.00200072,0.00203916,0.00205436,0.0020361,0.0020126,0.00202908,0.00207685,0.0021113,0.00210726,0.00207938,0.00204412,0.002019,0.00202932,0.00205895,0.00205586,0.00200266,0.00192667,0.00188735,0.00189202,0.00188786,0.00186126,0.0018452,0.00188141,0.00196412,0.00208664,0.00221861,0.0023065,0.00233604,0.00234036,0.00239268,0.00249299,0.00255555,0.00252247,0.00245449,0.00241753,0.00242464,0.00246296,0.00250734,0.00252422,0.00249522,0.00245399,0.00244711,0.00247032,0.0024713,0.00243483,0.0023834,0.00235272,0.00234207,0.00234368,0.00234796,0.00233974,0.00230491,0.00226071,0.00222382,0.00221414,0.00224724,0.00228617,0.00219984,0.00188487,0.001497,0.00130452,0.00144667,0.00163079,0.00161969,0.00151425,0.00151744,0.00162865,0.0016906,0.00161635,0.00149975,0.0014254,0.00141794,0.00146589,0.00152603,0.00153748,0.00145892,0.00136563,0.00133848,0.00137679,0.00139813,0.00135684,0.00129706,0.00125981,0.00125492,0.00127362,0.00129723,0.00129054,0.00123807,0.00117479,0.00115496,0.00117119,0.00116859,0.00112643,0.00106876,0.00103254,0.00102686,0.00105251,0.00109204,0.00109198,0.00102123,0.000919196,0.000848646,0.000819997
0.00064202,0.000646123,0.000657857,0.000681813,0.000711158,0.000727006,0.000724433,0.000714168,0.000717026,0.000730698,0.000749925,0.000769895,0.000784481,0.000792081,0.000798861,0.00081897,0.00084533,0.000865653,0.000872094,0.000872737,0.000875908,0.000884142,0.00089829,0.00091252,0.000917799,0.000907137,0.000898839,0.000902286,0.000918741,0.000928157,0.000918739,0.00090631,0.000903567,0.000911645,0.000922322,0.000928449,0.000926862,0.000912586,0.000904037,0.000912062,0.000927991,0.000930012,0.000912579,0.00088906,0.000886983,0.000904679,0.000932247,0.000958195,0.000973468,0.000975843,0.00097503,0.000989489,0.00101779,0.00103489,0.00102825,0.00101765,0.00101399,0.00101955,0.0010311,0.001045,0.00105338,0.0010529,0.00104854,0.00105426,0.00106626,0.00107082,0.00105927,0.00104488,0.00103718,0.00103926,0.00104893,0.00105935,0.0010638,0.00105259,0.00103512,0.00103031,0.00103654,0.00104151,0.00103699,0.00102038,0.000995365,0.000974682,0.000989302,0.0010301,0.00107717,0.00109379,0.00110716,0.00114241,0.00119758,0.00123747,0.00124199,0.00123729,0.00123531,0.00124858,0.00129067,0.00134505,0.00138035,0.00134048,0.00133093,0.00141092,0.00154551,0.00163338,0.00163997,0.00158982,0.00156074,0.00156922,0.00160489,0.00164912,0.00167094,0.00164865,0.00161173,0.00161264,0.00165002,0.00166034,0.0016273,0.00157043,0.00153002,0.00151467,0.001523,0.00154101,0.00153655,0.0014938,0.00145492,0.00148586,0.00155909,0.00161944,0.00164186,0.00164464,0.00166181,0.00170346,0.00176661,0.00183679,0.00188993,0.00190009,0.00190393,0.00193321,0.00198658,0.00202743,0.00200709,0.00196954,0.00195173,0.00196588,0.00199854,0.00203517,0.00205203,0.00202577,0.00201067,0.00202752,0.00207088,0.00210377,0.00209892,0.00207146,0.00203825,0.00201434,0.00202335,0.00204667,0.00205344,0.00199214,0.00192531,0.0018872,0.00189015,0.00188435,0.00186278,0.00184882,0.00188449,0.0019658,0.00208823,0.00221697,0.00231807,0.00233621,0.00235067,0.00240536,0.00250526,0.00256619,0.00252939,0.00246283,0.00242563,0.00243166,0.00246896,0.00250876,0.00253118,0.00249971,0.0024601,0.00245282,0.00247464,0.00247721,0.00243535,0.00239219,0.00236313,0.00235293,0.00235509,0.00235947,0.00235103,0.00232206,0.00227723,0.00224063,0.00223348,0.00227014,0.00231431,0.00223958,0.00188658,0.0015203,0.00134069,0.00147858,0.00164488,0.00162617,0.00152862,0.0015273,0.00163194,0.00169785,0.00162139,0.00150613,0.0014322,0.00142578,0.00147589,0.0015313,0.00154387,0.0014631,0.00137508,0.00134827,0.00138434,0.00140745,0.00136455,0.00130501,0.00126745,0.00126262,0.00128192,0.00130631,0.00129842,0.00124654,0.00118171,0.00116208,0.00117873,0.00117654,0.00113531,0.00107653,0.00104052,0.00103498,0.00105995,0.00109129,0.00110139,0.00102638,0.000926092,0.00085312,0.000823507
0.00064242,0.000647314,0.000658005,0.000681597,0.000711379,0.000728518,0.000723113,0.000715997,0.000718228,0.000731164,0.000751014,0.00077025,0.000785676,0.000791773,0.000801269,0.000820664,0.000845612,0.000867296,0.000873856,0.000873521,0.000877166,0.000885584,0.000898868,0.000913261,0.000918346,0.00091058,0.000900024,0.000905477,0.000919059,0.00092826,0.000919779,0.000907058,0.000905464,0.000911581,0.000922202,0.000929565,0.000927458,0.000915399,0.00090446,0.000912538,0.000926256,0.000933122,0.000910472,0.000889659,0.000888738,0.000906408,0.000934229,0.000959001,0.000976664,0.000975822,0.00097694,0.000992926,0.00101997,0.00103671,0.00103187,0.00102051,0.00101737,0.00102216,0.00103402,0.00104712,0.00105619,0.00105408,0.00105156,0.00105763,0.0010686,0.00107255,0.00106283,0.00104676,0.00103943,0.00104149,0.00105072,0.00106223,0.00106629,0.0010538,0.00103833,0.0010329,0.00103766,0.00104191,0.00103553,0.00101889,0.000993381,0.000976012,0.000985218,0.00103098,0.00107208,0.00109053,0.00110169,0.00114062,0.00119159,0.00123156,0.00124195,0.00123523,0.00123338,0.00124966,0.00129041,0.00134972,0.00137763,0.00135093,0.00133166,0.00141003,0.00152673,0.00162928,0.00161999,0.00158224,0.00155592,0.00156328,0.00159655,0.00163858,0.00166075,0.00163478,0.00160493,0.00160861,0.00163724,0.00164944,0.00161276,0.00156372,0.00152494,0.00150864,0.00151524,0.00153149,0.00152699,0.00148382,0.00145501,0.0014764,0.00154811,0.00161299,0.00163189,0.00163965,0.00165812,0.00169908,0.00176096,0.00183055,0.00188154,0.00189767,0.00189749,0.00192857,0.00198563,0.00201946,0.00200377,0.00196658,0.00195303,0.00196375,0.00199586,0.00203218,0.00204741,0.00203058,0.00200889,0.00202204,0.00206581,0.00209637,0.00209281,0.00206346,0.00202967,0.00201043,0.00201557,0.00204258,0.00204317,0.0019913,0.00191949,0.00188656,0.00188061,0.00187913,0.00185616,0.00184867,0.00188487,0.00196798,0.00208807,0.00222431,0.00231891,0.00234722,0.00235185,0.00241676,0.0025097,0.00257114,0.00253701,0.00246793,0.00243446,0.00243824,0.00247235,0.00251647,0.00253277,0.00250458,0.00246205,0.00246037,0.00247822,0.00247995,0.00244569,0.00239954,0.0023722,0.0023632,0.00236683,0.00237055,0.00236432,0.00233313,0.00229339,0.00225808,0.00225168,0.00228524,0.00235037,0.00225806,0.00192894,0.00152223,0.00136214,0.00146574,0.00165589,0.00163306,0.00152985,0.00153939,0.00163919,0.00170415,0.00164547,0.00151023,0.00143851,0.00143411,0.00148468,0.00154455,0.00155092,0.00148064,0.0013833,0.00135403,0.00139504,0.00141612,0.0013787,0.0013116,0.00127566,0.0012706,0.00129143,0.0013118,0.00130751,0.00124866,0.00118993,0.00117004,0.00118342,0.00118469,0.00113762,0.00108419,0.00104765,0.00103877,0.00106683,0.00110727,0.00110591,0.00103536,0.000929763,0.000856402,0.000827879
0.000642805,0.000647338,0.000658482,0.000681249,0.000710633,0.000728961,0.000726945,0.000716414,0.000718523,0.00073244,0.000751864,0.000771432,0.000785642,0.000793423,0.000801283,0.000821316,0.000848961,0.000867947,0.000873982,0.000874772,0.000878482,0.000886699,0.000899453,0.000913358,0.000918717,0.000909989,0.000900058,0.000906743,0.00092219,0.000927721,0.00091938,0.000908527,0.00090626,0.000912226,0.000921915,0.000929131,0.000927481,0.000914456,0.000903617,0.000912069,0.000929501,0.000934224,0.000914884,0.000891277,0.000887841,0.000907101,0.000935785,0.000962363,0.000978747,0.000979787,0.000978434,0.000994511,0.00102357,0.00103857,0.0010331,0.0010226,0.00101949,0.00102471,0.00103655,0.00105036,0.00105874,0.00105745,0.00105426,0.0010593,0.00107157,0.00107637,0.00106398,0.00104918,0.00104184,0.00104345,0.00105221,0.00106334,0.00106805,0.0010572,0.00104011,0.00103448,0.00103942,0.00104137,0.00103366,0.00101676,0.000992235,0.00097343,0.00098071,0.00102376,0.00106676,0.00108472,0.00109823,0.00113551,0.00118899,0.00122968,0.00123776,0.00123383,0.00123393,0.00124859,0.00128861,0.00134653,0.00137435,0.00134607,0.00132708,0.00140307,0.00153143,0.00162123,0.00161997,0.00157504,0.00155069,0.00155789,0.00158919,0.00162918,0.00165213,0.00163175,0.00159641,0.00159836,0.00162802,0.00163565,0.00160388,0.0015539,0.00151788,0.00150393,0.0015077,0.00151991,0.00151719,0.00148268,0.00144715,0.00146398,0.00153679,0.00160656,0.00163064,0.00163472,0.00165423,0.00169536,0.00175651,0.00182575,0.00187728,0.00188846,0.00189117,0.00192333,0.00198097,0.00201323,0.00199612,0.00196297,0.00195143,0.00196386,0.00199396,0.0020297,0.00204814,0.00202876,0.00200745,0.00201779,0.00205954,0.00208982,0.0020844,0.00205616,0.00202433,0.00200261,0.00200611,0.00203134,0.00203263,0.00198004,0.0019104,0.00187845,0.00187626,0.00187129,0.00185396,0.0018439,0.00187997,0.00196772,0.00208794,0.00222222,0.00231777,0.00234089,0.00234872,0.00242246,0.00252639,0.00257031,0.00253524,0.00247321,0.00244055,0.00244585,0.00247651,0.00251791,0.00253448,0.00250566,0.00246663,0.00246232,0.00248301,0.00248637,0.0024512,0.00240665,0.00237991,0.00237316,0.00237777,0.00238442,0.0023779,0.00234796,0.002307,0.00227316,0.00226639,0.00230335,0.00235573,0.00227052,0.00191706,0.00148566,0.00134797,0.00150796,0.00164865,0.00162117,0.00153189,0.00154575,0.00165625,0.00172069,0.00164268,0.00152248,0.00144738,0.00144227,0.00149036,0.00155367,0.00157249,0.00149104,0.0013945,0.00136399,0.00140463,0.00142693,0.00138502,0.00132147,0.00128417,0.00127833,0.00129784,0.00132223,0.00131627,0.00125976,0.00119474,0.00117435,0.00119183,0.00118944,0.00114602,0.0010875,0.00105023,0.00104552,0.00107453,0.00111579,0.00112113,0.00104182,0.000937039,0.000862182,0.000830941
0.000643042,0.000647428,0.000658277,0.000682791,0.00071014,0.000728703,0.000726194,0.000717092,0.000719997,0.000732988,0.000752715,0.000771274,0.000786129,0.000793098,0.000802408,0.000822871,0.000848129,0.000868887,0.000875185,0.00087607,0.000879751,0.000888013,0.000900534,0.000913271,0.000919627,0.000911293,0.000902564,0.000908467,0.000920614,0.000927901,0.00092044,0.000909952,0.000907119,0.000911758,0.000921247,0.00092793,0.000927686,0.000913608,0.000903801,0.000911988,0.000926646,0.000933169,0.000913357,0.000890532,0.000890095,0.000907456,0.000936586,0.000962199,0.000980059,0.000980754,0.00098134,0.0009953,0.00102127,0.00104137,0.0010357,0.00102484,0.00102123,0.00102656,0.00103899,0.00105178,0.00106031,0.0010586,0.00105641,0.0010625,0.00107272,0.0010783,0.00106626,0.00105107,0.00104377,0.00104497,0.00105401,0.00106448,0.00106886,0.00105544,0.00104203,0.00103616,0.00103795,0.00104076,0.00103222,0.0010145,0.000988208,0.000970492,0.000982066,0.00102306,0.00106145,0.00107933,0.00109581,0.00113312,0.00118239,0.00122493,0.00123435,0.00123195,0.00123327,0.00125027,0.00129056,0.00134356,0.00137339,0.00134534,0.00133084,0.00140272,0.00151519,0.00160883,0.0016051,0.00156867,0.00154533,0.0015519,0.00158285,0.00161939,0.00164224,0.00161641,0.00158903,0.00159473,0.00161449,0.00162251,0.0015922,0.00154639,0.00151373,0.00149954,0.00150168,0.0015095,0.00150776,0.00146889,0.00144053,0.00146285,0.00152878,0.00159635,0.00161872,0.00162943,0.00165018,0.00169165,0.00175321,0.00182032,0.00187168,0.00188079,0.0018877,0.00192337,0.00197279,0.00200848,0.00199307,0.00196113,0.00195086,0.00196248,0.00199428,0.00202639,0.00204588,0.00202592,0.00200893,0.00201771,0.00205126,0.00208357,0.00207694,0.00204922,0.00201639,0.00199708,0.00200123,0.00202238,0.00202465,0.00197552,0.00190983,0.0018741,0.00186468,0.001865,0.00184881,0.0018432,0.00188442,0.00196781,0.00209122,0.00222215,0.0023208,0.00234147,0.0023555,0.00242783,0.00251804,0.00257602,0.00253967,0.00248044,0.0024485,0.00245089,0.00248417,0.00252209,0.00253762,0.00250816,0.00247267,0.00246929,0.00248339,0.00249178,0.00245846,0.0024146,0.00238937,0.00238271,0.00238937,0.00239508,0.00239036,0.00236037,0.00232214,0.0022894,0.00228492,0.00232355,0.00237771,0.00228878,0.00191323,0.00151557,0.00134539,0.00146665,0.00165325,0.00161319,0.00154311,0.00156202,0.00166065,0.00172781,0.00165116,0.0015329,0.00146081,0.00145237,0.00150073,0.00156302,0.00158557,0.00150121,0.00140847,0.0013827,0.00141114,0.00143784,0.00139553,0.00133133,0.00129444,0.0012872,0.0013061,0.00132821,0.00132408,0.00126455,0.00120378,0.00118111,0.00119106,0.00119671,0.00115062,0.00109326,0.00105678,0.00105337,0.00108498,0.00112359,0.00113072,0.00104893,0.000944989,0.00087288,0.000836448
0.000642697,0.000645654,0.000655947,0.000681622,0.000711264,0.000728105,0.000725317,0.000717636,0.000719999,0.000733727,0.000752934,0.000772173,0.00078669,0.000794345,0.000803138,0.000822632,0.000849282,0.000869533,0.000876088,0.000876327,0.000879375,0.000888168,0.000900084,0.00091223,0.000919483,0.000913249,0.000903773,0.00090793,0.000922234,0.0009277,0.000919501,0.000909976,0.000906238,0.000910604,0.000919242,0.000927152,0.00092642,0.000913332,0.000901981,0.000909234,0.000928229,0.000930849,0.000911356,0.000887931,0.000888117,0.000907822,0.000935391,0.00096197,0.000980436,0.000984432,0.000982352,0.000993781,0.00102165,0.00104376,0.00104033,0.00102637,0.00102214,0.00102805,0.0010401,0.0010532,0.00106087,0.00105943,0.00105649,0.00106253,0.0010743,0.00107797,0.00106675,0.00105195,0.0010449,0.00104561,0.00105446,0.00106659,0.00106835,0.00105621,0.00104266,0.00103664,0.00103795,0.00103929,0.00103076,0.00101151,0.000983939,0.000963762,0.000979636,0.00101958,0.00105405,0.00106972,0.00108826,0.00112446,0.00117676,0.00121671,0.00122913,0.00122846,0.0012313,0.00124851,0.00128759,0.00133634,0.00136995,0.0013503,0.00133099,0.00139511,0.00151781,0.00159763,0.00159957,0.00155969,0.00153591,0.00154433,0.00157288,0.00160999,0.00162959,0.00160633,0.00157829,0.00158697,0.00161088,0.00161129,0.00157875,0.00153834,0.00150681,0.00149272,0.00149252,0.00150007,0.00149731,0.00146316,0.00143028,0.00145431,0.00152517,0.00158558,0.00161248,0.0016233,0.0016452,0.00168569,0.0017455,0.00181195,0.00186114,0.00187203,0.00187774,0.00191115,0.00196233,0.00200086,0.00198872,0.001958,0.00194687,0.00195868,0.00199115,0.00202658,0.00204056,0.00202745,0.00200457,0.00200838,0.0020451,0.00207425,0.00206592,0.0020403,0.00200925,0.00198884,0.00199303,0.00201414,0.00201487,0.0019691,0.00190514,0.00186391,0.00185951,0.00185887,0.00184068,0.0018413,0.00188067,0.00196649,0.00209096,0.00222642,0.00232166,0.0023461,0.00235609,0.00242231,0.002526,0.00258208,0.00254859,0.00248496,0.00245113,0.00245446,0.00248729,0.0025251,0.00253881,0.00251201,0.00247477,0.00246942,0.0024893,0.00249483,0.00246442,0.00242154,0.00239688,0.00239276,0.00240006,0.00240781,0.0024025,0.00237529,0.00233748,0.00230468,0.0022916,0.00234098,0.00240343,0.00231538,0.00195189,0.00151265,0.00133619,0.00148519,0.00166494,0.00164305,0.00154261,0.00155991,0.00167813,0.00173198,0.00166446,0.00153627,0.00145789,0.00145971,0.00150558,0.00157368,0.00158998,0.00150877,0.00140706,0.00138212,0.00141932,0.00144464,0.00139903,0.00133756,0.00129821,0.00129507,0.00131285,0.00133784,0.00133247,0.00127644,0.00120988,0.00118485,0.00119893,0.00120681,0.00116355,0.00110027,0.00106194,0.00105719,0.00108863,0.00113319,0.00113421,0.00105414,0.000943444,0.000875468,0.000844352
0.000642052,0.00064728,0.000656911,0.000676935,0.000707103,0.000726994,0.000725431,0.000717618,0.000720307,0.000734112,0.000753113,0.000771964,0.00078647,0.000795081,0.00080425,0.000822319,0.000848919,0.000869331,0.000875276,0.000875965,0.000879978,0.000887589,0.000900962,0.000914919,0.000918785,0.000911077,0.00090416,0.000907437,0.000918999,0.000928011,0.000922229,0.000910223,0.00090542,0.000909152,0.000917303,0.000924975,0.000923721,0.000910385,0.000899183,0.000905723,0.000923024,0.000926793,0.000906728,0.000884915,0.000884591,0.000904939,0.000934642,0.000963804,0.00097887,0.000976849,0.000977813,0.000998604,0.00102749,0.00104235,0.00103752,0.00102701,0.00102351,0.00102906,0.00104084,0.00105393,0.00106093,0.001059,0.00105655,0.00106207,0.00107279,0.0010779,0.00106903,0.00105371,0.00104473,0.00104661,0.00105321,0.0010622,0.00106697,0.00105825,0.00104303,0.00103649,0.00103767,0.00103565,0.00102511,0.00100709,0.000983595,0.000965913,0.000970582,0.00100563,0.00104593,0.00106673,0.00108217,0.00111825,0.00116903,0.00120916,0.00122433,0.00122538,0.00122809,0.00124628,0.0012883,0.00134565,0.00136514,0.0013329,0.00132367,0.00139795,0.00151048,0.00158683,0.00158469,0.00154852,0.00152851,0.0015344,0.0015667,0.00160202,0.00161708,0.00160022,0.00157367,0.00156868,0.00158948,0.00160134,0.00157444,0.00153004,0.00149735,0.00148307,0.00148749,0.00149671,0.00148641,0.00144851,0.00142125,0.00144676,0.00151547,0.00157593,0.00160293,0.00161681,0.00163978,0.00168006,0.00173909,0.00180471,0.00185157,0.0018645,0.00187075,0.0019066,0.00196355,0.00198844,0.00197465,0.00195324,0.00194684,0.00195893,0.00198523,0.00201998,0.00203659,0.00201615,0.00199422,0.00201237,0.00204592,0.00206412,0.00205565,0.00203102,0.00200253,0.00198328,0.00198397,0.00200413,0.00200441,0.00195481,0.00189338,0.00186746,0.00186004,0.00185139,0.00183659,0.00183796,0.00187985,0.00196677,0.00209086,0.00222546,0.00231972,0.00234082,0.00235157,0.00242867,0.00253189,0.00258076,0.00254799,0.00248873,0.0024578,0.00246188,0.00248739,0.00252387,0.00253939,0.00251316,0.00247717,0.00247156,0.00249144,0.00249721,0.00246688,0.00242746,0.00240672,0.00240293,0.00240977,0.00241721,0.00241435,0.00239043,0.00235339,0.00232249,0.00231868,0.00235272,0.00241386,0.00233654,0.00195923,0.00150128,0.00135734,0.00150629,0.00166964,0.00164775,0.00155052,0.00156321,0.00167996,0.00174169,0.00166148,0.00153711,0.00146763,0.00146088,0.00151875,0.00158758,0.00159911,0.00151736,0.00141576,0.00138862,0.00142951,0.00145236,0.00140953,0.00134397,0.00130417,0.00129916,0.00132286,0.00134819,0.00134052,0.00128188,0.00121498,0.00119485,0.00121438,0.00120932,0.00116331,0.0011061,0.00106628,0.00106215,0.00109532,0.00114328,0.00114096,0.00106076,0.00095307,0.00087014,0.000840874
0.000644684,0.000648767,0.000658096,0.000684767,0.000715136,0.0007325,0.000729293,0.000720699,0.000723379,0.000736317,0.000755663,0.000774928,0.000789365,0.000798296,0.000807071,0.000827452,0.000853881,0.000876731,0.000881466,0.000882215,0.000885379,0.000894154,0.000906121,0.000919185,0.000925312,0.000916336,0.00090935,0.000912727,0.000924613,0.000932759,0.00092537,0.000914518,0.000911022,0.000913545,0.000921452,0.000928767,0.000928458,0.000914254,0.000904202,0.000910777,0.000926831,0.000935345,0.000908838,0.000888808,0.000889168,0.000908719,0.000938829,0.000967095,0.000985305,0.000982823,0.000984196,0.0010039,0.00103172,0.00105169,0.00104376,0.00103323,0.00102863,0.00103373,0.00104606,0.00105901,0.0010666,0.00106335,0.0010613,0.00106702,0.00107744,0.00108261,0.0010732,0.00105774,0.00105004,0.00104996,0.00105792,0.00106731,0.00107183,0.00106145,0.00104708,0.00104085,0.00104101,0.00103848,0.00102705,0.00100737,0.0009826,0.00096534,0.000970602,0.00100677,0.00104344,0.00106335,0.00107838,0.00111794,0.00116763,0.00120813,0.00122501,0.00122548,0.00122947,0.00124851,0.00128683,0.00133727,0.00136757,0.00134225,0.00132997,0.00139386,0.00151779,0.00159886,0.00160162,0.00155562,0.0015333,0.00154048,0.00157067,0.00160778,0.00162218,0.00160727,0.00157875,0.00157573,0.00159704,0.00160585,0.00157927,0.00153366,0.00150028,0.00148665,0.00149164,0.00149867,0.00149131,0.00145419,0.00142672,0.00145165,0.00151647,0.00158264,0.00160694,0.00162152,0.00164373,0.00168456,0.00174614,0.00181552,0.00186208,0.00187658,0.00188035,0.00191401,0.00196779,0.00200461,0.00198649,0.00196332,0.00195335,0.00196439,0.00199684,0.00203038,0.00205062,0.00202824,0.0020081,0.00201556,0.00205145,0.00207635,0.00206512,0.00203897,0.00200819,0.00198641,0.00199432,0.00201392,0.00201607,0.00196326,0.0019061,0.00187176,0.0018678,0.00186025,0.00184766,0.00184415,0.00188842,0.00197776,0.00210898,0.00224446,0.00235048,0.00236901,0.00238297,0.0024534,0.0025601,0.00262313,0.00258048,0.00251727,0.00247816,0.00247722,0.00251003,0.00254482,0.00256064,0.00252831,0.00249394,0.00248591,0.00250066,0.00251426,0.00248079,0.00243977,0.0024151,0.002413,0.00242275,0.00243156,0.00242947,0.00240344,0.00236531,0.00233347,0.00232978,0.00236997,0.00242097,0.00234582,0.00198717,0.00156848,0.001342,0.00151302,0.00167771,0.00166982,0.0015637,0.00157727,0.00168445,0.00174746,0.00167478,0.00154308,0.00147811,0.00147408,0.00152475,0.00159712,0.00160833,0.00153129,0.00142647,0.00139991,0.00143538,0.00146002,0.00142069,0.00135138,0.0013132,0.00130765,0.00132935,0.00135354,0.0013451,0.00128944,0.001223,0.00119972,0.00121514,0.00121603,0.00117424,0.00111182,0.00107435,0.00106908,0.00110075,0.00114612,0.00114699,0.00106031,0.000959237,0.000880303,0.000844347
0.000648143,0.000650876,0.000662179,0.000691312,0.000725445,0.000740169,0.000734045,0.000724478,0.000726522,0.000739919,0.000758984,0.000778449,0.000794236,0.000800461,0.000810547,0.000833542,0.000863246,0.000884417,0.000891621,0.000889834,0.000892328,0.000901075,0.000913696,0.000927104,0.000934236,0.000926679,0.000916059,0.000919056,0.000934144,0.000939901,0.000931348,0.000920484,0.000916794,0.000919554,0.000927478,0.000934713,0.00093613,0.000922299,0.000908607,0.000917445,0.000939535,0.00094341,0.000922647,0.000893426,0.000892605,0.000914571,0.000945406,0.000974785,0.000994428,0.000994188,0.000991175,0.00100938,0.00104323,0.00106386,0.00105628,0.00104142,0.00103542,0.00104056,0.00105276,0.00106593,0.00107531,0.0010727,0.00106805,0.00107339,0.00108713,0.0010908,0.00107782,0.00106356,0.00105489,0.00105526,0.00106446,0.00107675,0.00108023,0.00106728,0.00105328,0.00104542,0.00104548,0.00104369,0.00103067,0.00100934,0.000981438,0.000963645,0.00097117,0.00100734,0.00104335,0.00106158,0.00107662,0.00111569,0.00116973,0.00121392,0.00122539,0.00122744,0.00123145,0.0012498,0.0012879,0.00133969,0.00137351,0.00135469,0.00133017,0.00138596,0.00152556,0.00161646,0.00161296,0.00156568,0.00154071,0.00154859,0.00157958,0.00161688,0.00163993,0.00161568,0.00158806,0.00158544,0.00161081,0.00161758,0.00158729,0.00154058,0.00150663,0.00149255,0.00149742,0.00151009,0.00150103,0.00146035,0.00143086,0.00145534,0.00152548,0.00159328,0.00161996,0.00162986,0.0016517,0.00169345,0.00175625,0.00182854,0.00187941,0.00189078,0.00189308,0.00192716,0.00198618,0.00202638,0.00201129,0.00197763,0.00196352,0.00197581,0.00201041,0.00204966,0.00206435,0.00204719,0.00201923,0.00202266,0.00206231,0.00209304,0.00208419,0.00205238,0.00201847,0.00199543,0.00200525,0.00203174,0.00203124,0.00198225,0.00191587,0.00187742,0.00187623,0.00187245,0.00185539,0.00185408,0.00190176,0.00199519,0.00213273,0.00228456,0.00239441,0.00241926,0.00242503,0.0024855,0.00259974,0.0026844,0.00264047,0.00255562,0.00250574,0.0025039,0.00253731,0.00257654,0.00259022,0.00255555,0.00251053,0.00250276,0.00252587,0.00253382,0.00250072,0.00245286,0.00242515,0.00242518,0.00243714,0.00245094,0.00244807,0.00241518,0.00237551,0.0023406,0.002335,0.00238327,0.00243153,0.00235115,0.00200548,0.00155669,0.00132054,0.00148285,0.00168216,0.00167398,0.0015658,0.00157831,0.00170331,0.00175762,0.00168007,0.00155158,0.00148059,0.00147741,0.00152733,0.00160096,0.0016175,0.00153832,0.0014316,0.00140402,0.00144781,0.00146817,0.00142659,0.00135894,0.00132056,0.00131716,0.00133578,0.00135856,0.00135826,0.00129459,0.00123034,0.00120566,0.00122508,0.00122292,0.00117681,0.00111549,0.0010798,0.0010761,0.00110516,0.00114278,0.00115218,0.00107979,0.000960238,0.000879831,0.00084958
0.00065083,0.000653991,0.00066624,0.000696752,0.000729681,0.000747241,0.000738382,0.000728471,0.000729374,0.000741401,0.000761765,0.000782164,0.000797488,0.000804594,0.000813947,0.000837825,0.000866938,0.000892808,0.000896594,0.000896069,0.000898218,0.0009066,0.000920569,0.000934665,0.000941392,0.000931645,0.000921737,0.000924986,0.000937302,0.000946501,0.000937098,0.000925709,0.000920743,0.000923673,0.000932388,0.000940458,0.000940629,0.0009259,0.000911708,0.000921724,0.000941955,0.000950452,0.000924926,0.000897584,0.000895087,0.000917371,0.000950972,0.000981576,0.00100072,0.000998375,0.000995327,0.00101702,0.00104952,0.00107081,0.00106429,0.00104756,0.00104144,0.0010459,0.00105826,0.00107256,0.00108154,0.0010789,0.00107338,0.00107866,0.00109134,0.00109672,0.00108569,0.00106839,0.0010594,0.00105938,0.00106872,0.00108199,0.00108606,0.00107451,0.00105701,0.00104968,0.00104856,0.00104653,0.00103241,0.0010096,0.000981246,0.000963537,0.000972141,0.00100459,0.00104181,0.00105874,0.00107539,0.00111382,0.00116883,0.00121407,0.00122859,0.00122755,0.00123082,0.00124754,0.00128978,0.00134231,0.00137782,0.00134876,0.00132216,0.00139884,0.00152534,0.00163582,0.00161982,0.00157375,0.00154597,0.00155236,0.00158706,0.00162865,0.00164945,0.0016273,0.0015948,0.00159547,0.00161495,0.0016268,0.00159189,0.0015454,0.00151014,0.0014962,0.00150275,0.00151312,0.00150695,0.00146237,0.00143575,0.00146165,0.00152993,0.00159868,0.00162439,0.00163525,0.00165774,0.00170045,0.00176487,0.00183611,0.00189458,0.00189576,0.0019034,0.00194209,0.00200058,0.00203985,0.00202462,0.00198779,0.00197194,0.00198462,0.0020206,0.00205787,0.00207805,0.00204631,0.00202559,0.00203589,0.00207279,0.0021026,0.00209342,0.00206109,0.00202688,0.00200659,0.00201185,0.00203887,0.00204393,0.00198694,0.00192312,0.00188676,0.00188197,0.00188302,0.0018629,0.00186119,0.00190997,0.00200963,0.00215385,0.00231603,0.00242848,0.00245586,0.00245214,0.0025285,0.00265001,0.00272826,0.00268518,0.00258422,0.0025324,0.00252686,0.00255971,0.00260317,0.0026146,0.0025769,0.00252405,0.00252006,0.00254193,0.0025502,0.00251347,0.00246322,0.00243926,0.00243605,0.00244974,0.00246626,0.00246402,0.00243201,0.00238657,0.00235174,0.00235098,0.00239446,0.00244787,0.00235294,0.00199877,0.00157537,0.00134719,0.00147082,0.00169938,0.00166127,0.00158559,0.00160276,0.00169716,0.00177444,0.00168442,0.00156122,0.00148583,0.00148226,0.00153752,0.00160434,0.00162634,0.00153691,0.00144153,0.00141545,0.00144941,0.00147724,0.00143065,0.00136817,0.00133034,0.00132244,0.00134295,0.00136886,0.00136486,0.00130477,0.001235,0.00121776,0.00123036,0.00122953,0.00117969,0.00112178,0.00108654,0.00108033,0.00111168,0.00115123,0.00115493,0.00107344,0.000964141,0.00088292,0.000849043
0.000653069,0.00065752,0.000669833,0.00069767,0.000733702,0.000752916,0.000744832,0.000730175,0.000729753,0.000743369,0.000763832,0.000784576,0.000799645,0.000806353,0.000815681,0.000840323,0.000873875,0.000899638,0.000905265,0.000901766,0.000903114,0.000911779,0.000927108,0.000943115,0.00094741,0.00093678,0.00092613,0.000928813,0.00094235,0.000951912,0.000944299,0.000930188,0.000924062,0.00092696,0.000935644,0.000944345,0.000944002,0.000927927,0.000913917,0.000925661,0.000950387,0.000957355,0.000933043,0.000902065,0.000895766,0.00092016,0.000955941,0.000989377,0.00100664,0.00100295,0.00100002,0.00102105,0.00105813,0.00107845,0.00107038,0.00105335,0.00104601,0.00105065,0.00106253,0.00107752,0.00108711,0.0010841,0.00107748,0.00108177,0.00109586,0.00110137,0.00108923,0.001072,0.00106261,0.00106279,0.00107198,0.00108558,0.00109035,0.00107752,0.00105922,0.00105101,0.00105091,0.00104805,0.00103353,0.00100913,0.000979456,0.000959134,0.000968715,0.00100278,0.00103807,0.00105675,0.00107152,0.00110672,0.00116487,0.00121099,0.00122602,0.00122525,0.00122581,0.00124188,0.00128934,0.00135108,0.00137144,0.00132841,0.00130472,0.00138659,0.00153325,0.00164178,0.00163656,0.00157867,0.00154778,0.00155582,0.00159172,0.00163539,0.00165502,0.00163015,0.00159596,0.00159741,0.00162263,0.00163229,0.00159956,0.0015493,0.00151341,0.0014998,0.00150633,0.00151881,0.0015134,0.00147384,0.00143959,0.0014662,0.00154265,0.00160418,0.00162796,0.00163978,0.00166258,0.00170516,0.00177017,0.00184841,0.00190307,0.00190976,0.00190903,0.00195218,0.00202097,0.00205582,0.00203662,0.00199849,0.00197921,0.00199239,0.00203012,0.00207484,0.00209002,0.00205982,0.00202874,0.00204278,0.00208675,0.0021131,0.00210111,0.00206802,0.0020332,0.00201163,0.00201451,0.00204251,0.00205473,0.0020063,0.00193046,0.00189225,0.00189219,0.00189224,0.00187497,0.00186981,0.00191333,0.00201638,0.00216666,0.00233676,0.00245526,0.0024732,0.00246921,0.00254907,0.0026887,0.00276429,0.0027111,0.00261102,0.00255261,0.00254561,0.00257596,0.00262132,0.00263578,0.00258999,0.00253586,0.00253628,0.00256569,0.00256486,0.00252071,0.00247217,0.00244852,0.00244634,0.00246083,0.00247932,0.00247864,0.00244393,0.0023965,0.00236479,0.002364,0.00240652,0.00245715,0.0023738,0.00201242,0.00154149,0.00134669,0.00150094,0.001688,0.00166915,0.00157006,0.00158401,0.0017044,0.00176968,0.00169311,0.00156228,0.00148353,0.00148522,0.00154328,0.00161663,0.0016339,0.00155112,0.0014455,0.00141803,0.00146162,0.0014812,0.00143604,0.00137131,0.0013326,0.0013281,0.00134864,0.00137494,0.00136836,0.00130454,0.00123486,0.00122146,0.00123868,0.00123214,0.00118339,0.0011254,0.00108883,0.00108349,0.00111549,0.0011589,0.00116283,0.00108446,0.00096717,0.000885186,0.000853713
0.000655037,0.000659394,0.000672896,0.000701639,0.00073463,0.000757375,0.000749654,0.000732014,0.000731606,0.000744452,0.000766005,0.000786834,0.000802023,0.000808445,0.000818093,0.000844339,0.000877196,0.000904726,0.000909483,0.000907288,0.000909045,0.000917757,0.000932659,0.000947065,0.000953379,0.000941934,0.000931043,0.000933717,0.000946131,0.000956204,0.000946508,0.000933963,0.000927167,0.000929366,0.000938272,0.000947153,0.000946561,0.000927561,0.000917227,0.000930675,0.000953106,0.000961772,0.000935657,0.000905526,0.000902271,0.000924116,0.000959964,0.000992268,0.00101173,0.00100694,0.00100675,0.0010281,0.00106134,0.00108638,0.00107948,0.00106005,0.00105203,0.00105482,0.00106734,0.00108316,0.00109257,0.00108723,0.00108237,0.00108695,0.00109946,0.00110652,0.00109476,0.00107594,0.00106614,0.0010662,0.00107633,0.00108994,0.00109536,0.00108096,0.00106236,0.00105398,0.00105154,0.00104887,0.00103304,0.00100848,0.000978693,0.000959652,0.000967664,0.00100018,0.00103431,0.00105111,0.00106776,0.00110514,0.00116079,0.00120826,0.001224,0.00122192,0.0012214,0.00123917,0.0012874,0.00134378,0.00136247,0.00131544,0.0012925,0.00138082,0.00152087,0.00163993,0.00163117,0.00158162,0.00155106,0.00155954,0.00159818,0.00164258,0.00166411,0.00163861,0.00160363,0.00160605,0.00162628,0.00163896,0.00160349,0.00155353,0.00151821,0.00150439,0.00151095,0.00152088,0.00151904,0.00147484,0.00144545,0.00147106,0.00154333,0.0016121,0.00163583,0.00164545,0.00166702,0.00170929,0.00177867,0.00185619,0.00191414,0.0019197,0.00192077,0.00196148,0.00202744,0.00207174,0.00205109,0.00201,0.00198829,0.00200055,0.00203964,0.00208186,0.00210092,0.00207088,0.00203865,0.00204869,0.00209057,0.002123,0.00210983,0.00207519,0.00203725,0.00201467,0.00202069,0.00205245,0.00206423,0.00200467,0.00193547,0.00190229,0.00189838,0.00189959,0.00188063,0.0018782,0.00192136,0.00202384,0.00218196,0.00235809,0.00248183,0.00250206,0.00249854,0.00257924,0.00271057,0.00280455,0.00275129,0.0026388,0.00257345,0.00256226,0.00259574,0.00264274,0.00265944,0.00260932,0.00255254,0.00255019,0.00257307,0.00258064,0.00253762,0.00248249,0.00245722,0.00245636,0.00247345,0.00249334,0.00249544,0.00245696,0.00240711,0.0023698,0.00237348,0.00242396,0.00249198,0.00239955,0.00196546,0.0015381,0.0013648,0.00150853,0.00167314,0.00165419,0.0015659,0.00158565,0.00168749,0.00176022,0.00169199,0.00156361,0.00148944,0.00149005,0.00155029,0.00161695,0.00164001,0.00155005,0.0014537,0.00142417,0.00145657,0.00148511,0.00144334,0.00137545,0.00133769,0.00133353,0.00135668,0.00138202,0.0013764,0.00131295,0.00124201,0.00122511,0.00123525,0.00123422,0.00118865,0.00112849,0.00109278,0.00109018,0.00112365,0.00116238,0.0011702,0.00108245,0.000971904,0.000890078,0.00085519
0.000656616,0.000661436,0.000674116,0.000702754,0.000739263,0.000761606,0.000752701,0.000735064,0.000732313,0.000746317,0.000767825,0.000789086,0.000804335,0.000810503,0.000820541,0.000846513,0.000885121,0.000911192,0.000917263,0.000912555,0.000913723,0.000923328,0.000937645,0.00095269,0.000959387,0.00094914,0.000935308,0.000937141,0.000953401,0.00096022,0.000950996,0.000937376,0.000930239,0.000931669,0.000940132,0.000949549,0.000948172,0.000932755,0.000917699,0.000928173,0.000958203,0.000964989,0.000938717,0.000906859,0.000904171,0.000927398,0.00096306,0.000996829,0.00101523,0.00101315,0.00100769,0.00102746,0.00106641,0.00109074,0.00108269,0.0010656,0.00105538,0.00105845,0.00107221,0.00108912,0.00109769,0.00109354,0.00108582,0.00108959,0.00110338,0.00111143,0.00109882,0.00108029,0.00106907,0.00106877,0.00107931,0.00109296,0.00109893,0.00108294,0.00106388,0.00105504,0.00105463,0.00104947,0.00103365,0.0010073,0.000975907,0.000957081,0.000964885,0.000995488,0.00103157,0.00104965,0.0010631,0.00109998,0.00115609,0.00120495,0.00122004,0.00121848,0.00121636,0.00123301,0.00128042,0.00133854,0.0013592,0.00131092,0.00128426,0.00136753,0.00154045,0.00165192,0.0016511,0.00158736,0.0015538,0.00156336,0.00160309,0.00165241,0.00167288,0.00164073,0.00160958,0.00160762,0.0016348,0.00164577,0.00160931,0.00155707,0.00152179,0.0015087,0.00151347,0.00152764,0.00152381,0.00148952,0.00144988,0.00146864,0.00154933,0.00161962,0.0016415,0.00165086,0.00167096,0.00171415,0.0017854,0.00186681,0.00192867,0.00193061,0.0019302,0.00196791,0.002043,0.0020869,0.00207137,0.0020187,0.00199657,0.00200965,0.00204742,0.00209226,0.00211125,0.00207876,0.00204463,0.00204977,0.00209801,0.00212939,0.00211884,0.00208016,0.00204017,0.00201514,0.00202877,0.00207013,0.00207469,0.00201352,0.00193885,0.00190962,0.00191259,0.00190755,0.00188863,0.00188315,0.00192862,0.00203524,0.00219861,0.00238258,0.0025103,0.00252771,0.00252194,0.00259151,0.0027386,0.00284608,0.00278859,0.00266649,0.00258623,0.00258075,0.00261607,0.00266844,0.00268294,0.00262421,0.00256721,0.00256054,0.00259105,0.00259881,0.00255554,0.0024945,0.00246073,0.00246518,0.00248455,0.00250644,0.00251056,0.00246996,0.00241806,0.00237731,0.00237549,0.00243881,0.00251468,0.00241097,0.00198396,0.00150584,0.00137078,0.00152339,0.00168855,0.00166055,0.00157133,0.00158415,0.00170851,0.00177473,0.00169278,0.00156958,0.00149508,0.00149591,0.00155461,0.00163077,0.00164754,0.00156828,0.00145867,0.00142596,0.00146739,0.0014957,0.00145252,0.00138397,0.00134272,0.00133895,0.0013619,0.00138557,0.00138254,0.00131568,0.0012486,0.00122768,0.0012434,0.00124155,0.00119532,0.00113415,0.00109539,0.0010935,0.00112542,0.00117196,0.00117155,0.00109041,0.000972529,0.00089128,0.000860505
0.000657782,0.000662454,0.000675175,0.000704479,0.000741344,0.000763045,0.000752826,0.000736559,0.000733691,0.000747668,0.000769503,0.000790402,0.00080583,0.00081188,0.000822944,0.000850385,0.000889797,0.000917592,0.000920424,0.000917898,0.000918603,0.000927797,0.00094255,0.000958115,0.000964885,0.000953766,0.000940307,0.000941434,0.000956636,0.000964143,0.000954912,0.00094062,0.000932864,0.000933727,0.000942314,0.000951273,0.000950397,0.000931422,0.00092037,0.00093189,0.000961798,0.000968871,0.000942805,0.000908517,0.000908421,0.00093133,0.000966462,0.00100083,0.00101951,0.00101772,0.0010111,0.00103048,0.00106852,0.00109278,0.00108988,0.00106876,0.00105919,0.00106317,0.00107773,0.00109437,0.00110338,0.00109579,0.00108951,0.00109503,0.0011088,0.00111398,0.00110111,0.00108338,0.00107169,0.00107097,0.0010818,0.0010961,0.00109913,0.00108609,0.00106533,0.00105475,0.00105358,0.00105065,0.00103229,0.00100549,0.000975182,0.000953814,0.000960495,0.000996337,0.00102821,0.00104046,0.00105823,0.00109892,0.00115467,0.00119869,0.00121421,0.00121399,0.00121428,0.00122874,0.00127397,0.00133043,0.00135287,0.00130312,0.00128213,0.00137329,0.00155093,0.00167223,0.00165438,0.00159992,0.0015625,0.00156734,0.0016071,0.00165498,0.00167729,0.00165132,0.00161164,0.00161408,0.00164396,0.00164896,0.00161339,0.0015608,0.00152499,0.00151147,0.0015179,0.00153504,0.00153162,0.00148785,0.00145765,0.00147576,0.00155316,0.00162362,0.00165383,0.00165581,0.00167481,0.00171896,0.00179347,0.00187949,0.00193589,0.00194756,0.00194188,0.00198103,0.00206127,0.0021053,0.00207489,0.00202969,0.00200619,0.0020181,0.00205572,0.00209985,0.00211736,0.00209216,0.00204997,0.00205355,0.00210329,0.00213506,0.002124,0.00208375,0.00204028,0.00202076,0.00204095,0.00208027,0.00208671,0.00202641,0.00194995,0.0019164,0.00191614,0.00191754,0.00189704,0.00188898,0.00193639,0.00204635,0.00221939,0.00240514,0.00253759,0.00254876,0.00254242,0.0026293,0.00278595,0.00287919,0.00281869,0.00269542,0.00261216,0.00260142,0.00263778,0.00268712,0.00270114,0.00265199,0.00258586,0.00257233,0.00259933,0.00261798,0.00257114,0.00250795,0.002472,0.00247359,0.00249541,0.00252039,0.00252071,0.00248465,0.002431,0.00239356,0.00239076,0.00244555,0.002516,0.00242417,0.00201272,0.00153084,0.0013868,0.00152999,0.00170258,0.00167296,0.00159093,0.00160177,0.00171857,0.00178627,0.0016997,0.00157535,0.00150217,0.00150313,0.0015628,0.00164224,0.00165995,0.00158364,0.00147132,0.00143849,0.00147904,0.0015039,0.00145837,0.00139122,0.00134898,0.00134381,0.00136697,0.00139234,0.00138265,0.00132858,0.00125766,0.00123066,0.00124243,0.00124988,0.00120206,0.00114146,0.00110068,0.00109577,0.00112757,0.00117631,0.00117439,0.00109489,0.00097565,0.000894537,0.000863797
0.00065895,0.00066221,0.000676257,0.000706625,0.000742835,0.000763154,0.000755552,0.000737431,0.000735276,0.000748843,0.000770851,0.00079233,0.000807143,0.000814755,0.000823759,0.0008539,0.000893178,0.000921569,0.0009283,0.000922188,0.000922568,0.00093148,0.000947194,0.000962136,0.000969838,0.000959385,0.000943257,0.000945324,0.000959377,0.000968151,0.000957905,0.000943759,0.000934968,0.000935463,0.000943483,0.000952853,0.000950944,0.00093514,0.000920011,0.00093504,0.000960714,0.000972774,0.000941464,0.000912624,0.000909911,0.000931995,0.000969475,0.00100279,0.00102376,0.00101717,0.00101585,0.0010351,0.0010682,0.00109783,0.00109021,0.00107324,0.00106356,0.0010667,0.00108108,0.00109964,0.0011079,0.00110228,0.00109224,0.00109876,0.00111188,0.00111708,0.00110533,0.00108598,0.00107396,0.00107344,0.00108394,0.00109648,0.00110214,0.00108612,0.00106636,0.00105586,0.00105446,0.00104998,0.00103228,0.00100411,0.000971647,0.000952173,0.000959055,0.00099052,0.00102426,0.00103833,0.00105349,0.00109495,0.00114686,0.00119289,0.00120972,0.00120789,0.00120755,0.00122428,0.00126598,0.00132506,0.00134259,0.00130192,0.00126676,0.00136794,0.00155336,0.00167902,0.00167781,0.00160287,0.00156702,0.0015737,0.00161048,0.00166011,0.00168511,0.00165461,0.0016182,0.00161783,0.00164407,0.0016565,0.00161547,0.00156475,0.00152704,0.00151326,0.00152347,0.00153788,0.00153652,0.00149898,0.00145963,0.00148108,0.00155189,0.00163112,0.00165435,0.00166128,0.00167776,0.00172385,0.0018,0.00188567,0.00194963,0.00194567,0.00195229,0.00199731,0.00206795,0.00211926,0.0020975,0.00203855,0.00201292,0.00202542,0.00206483,0.00210692,0.00212725,0.00208974,0.00205457,0.00206131,0.00210527,0.00214186,0.00212632,0.00208819,0.00204701,0.00202585,0.0020431,0.00208858,0.00209808,0.00203266,0.00195981,0.00191963,0.00192387,0.00192658,0.0019011,0.00189569,0.00194275,0.00205334,0.00223112,0.00243675,0.00256263,0.00257989,0.00255886,0.0026592,0.00281105,0.00291595,0.00285315,0.00271816,0.00263878,0.00261712,0.00265371,0.00271248,0.00272374,0.0026604,0.00260077,0.00258514,0.00262044,0.00263231,0.00258836,0.00251702,0.0024823,0.002481,0.00250627,0.00253197,0.00253703,0.0024899,0.0024399,0.00240395,0.00240933,0.00245451,0.0025229,0.00243102,0.0020103,0.00157657,0.0013685,0.00154163,0.00170402,0.001699,0.00158998,0.0016075,0.00172623,0.00178852,0.00171485,0.00157629,0.00150795,0.0015094,0.00157128,0.00164022,0.0016713,0.00157691,0.0014837,0.00145085,0.00147647,0.00150796,0.00146909,0.00139612,0.00135498,0.00135011,0.00137216,0.00139384,0.00139046,0.0013242,0.00126379,0.0012371,0.00125143,0.00125277,0.00120927,0.00114445,0.001105,0.00110082,0.00113396,0.00117431,0.00117874,0.00109017,0.000979977,0.000898201,0.000863947
0.000659857,0.000663613,0.000676868,0.000708051,0.000747187,0.000765648,0.000755063,0.000739568,0.000736747,0.000750785,0.000771988,0.000793751,0.000809844,0.000815614,0.000826951,0.000856593,0.000898174,0.00092845,0.000931396,0.000926178,0.000926172,0.000934828,0.000951069,0.000968412,0.000973989,0.000961439,0.000947728,0.000948798,0.000963089,0.000973092,0.000963422,0.000946724,0.000937142,0.000936972,0.000944227,0.000952718,0.000950609,0.00093186,0.000916947,0.000933128,0.000962503,0.00096922,0.000944173,0.000910811,0.000908715,0.000934206,0.000971388,0.00100601,0.00102352,0.00102088,0.00101476,0.00103476,0.00107407,0.00110067,0.00109571,0.00107666,0.00106668,0.00106986,0.00108407,0.00110243,0.00111178,0.00110442,0.001095,0.00110199,0.00111731,0.00112116,0.00110704,0.00108866,0.00107627,0.00107554,0.00108573,0.00110078,0.0011058,0.00109086,0.00106853,0.00105588,0.00105492,0.00105086,0.00103141,0.00100253,0.000970328,0.000949015,0.000955591,0.000989095,0.00101984,0.00103209,0.00104743,0.00108951,0.00114524,0.00118643,0.00120021,0.00120085,0.00120245,0.00121682,0.00125714,0.00131432,0.00133349,0.0012861,0.00125666,0.00135875,0.00155334,0.00168404,0.0016744,0.00160376,0.00156624,0.00157608,0.0016141,0.00166447,0.00169453,0.0016697,0.00162439,0.00162112,0.00165262,0.00166365,0.00162473,0.00156828,0.00152883,0.00151541,0.0015272,0.00154622,0.00153976,0.00149209,0.00145581,0.00148465,0.00156455,0.00163528,0.00166157,0.00166512,0.00168189,0.00172844,0.00180599,0.00190039,0.00195942,0.00196137,0.00195346,0.00200182,0.00208667,0.00213019,0.00210037,0.00204836,0.00201998,0.00203257,0.00207266,0.00212006,0.00213687,0.00210043,0.00205677,0.00206409,0.00211327,0.00214747,0.00213324,0.00209229,0.00205099,0.00202851,0.00204457,0.00208706,0.00210256,0.00205124,0.00196477,0.00191815,0.00192435,0.00193229,0.00191112,0.00190066,0.00194759,0.0020618,0.00224353,0.00245099,0.00258612,0.00258988,0.00257316,0.00268664,0.00286381,0.00293654,0.00286167,0.00273444,0.00265505,0.0026367,0.00267014,0.00272469,0.00274639,0.00269205,0.0026126,0.00259177,0.00263132,0.0026458,0.00259332,0.00252303,0.0024895,0.00249172,0.0025181,0.0025493,0.00255028,0.00250715,0.00244771,0.00241181,0.00241934,0.0024645,0.00251044,0.00241679,0.0020628,0.0015768,0.0013339,0.00149394,0.00169773,0.00168653,0.00158604,0.00160193,0.00172692,0.00179055,0.00170999,0.00158167,0.00151157,0.00151104,0.00157173,0.00165059,0.001666,0.00158816,0.00147668,0.0014472,0.00149125,0.00151207,0.00146694,0.0014021,0.00136063,0.00135648,0.00137651,0.00140309,0.0013944,0.00133527,0.00126446,0.00123711,0.00125448,0.00125546,0.00120918,0.00114713,0.00110794,0.00110396,0.00113469,0.00117973,0.00117956,0.00109498,0.000977463,0.000897685,0.000866849
0.000660315,0.000663783,0.000677764,0.000709507,0.000745091,0.000766545,0.000757637,0.000741099,0.000739609,0.00075184,0.000773255,0.000794779,0.000811496,0.000817934,0.000830441,0.000862005,0.000901532,0.000932942,0.000936021,0.00092963,0.000929172,0.000937397,0.00095354,0.000969586,0.000977223,0.000965544,0.000952749,0.000954511,0.000966926,0.000976356,0.000965762,0.000949226,0.000939089,0.00093796,0.000944771,0.000951697,0.000950259,0.000931159,0.000917378,0.000932033,0.000955201,0.000966936,0.000939783,0.000909646,0.000909714,0.000933977,0.000972354,0.00100453,0.00102462,0.00101816,0.00101562,0.0010373,0.00107375,0.00110248,0.00109585,0.00107881,0.00106964,0.00107285,0.00108755,0.001105,0.0011156,0.00110788,0.00109894,0.00110497,0.00111741,0.00112334,0.00111,0.00109047,0.00107768,0.0010767,0.00108748,0.00110209,0.00110792,0.00109203,0.00107033,0.00105838,0.00105501,0.00105075,0.00103039,0.0010006,0.000966809,0.000946794,0.000952936,0.000981472,0.00101489,0.00102789,0.00104401,0.00108445,0.00113573,0.00117836,0.00119164,0.00119333,0.00119414,0.00121002,0.00125034,0.00130267,0.0013264,0.00127305,0.00125772,0.00136765,0.00154342,0.00169653,0.00168001,0.00160849,0.00157007,0.00157644,0.00162071,0.00167202,0.00170382,0.00167102,0.00163051,0.00162844,0.0016524,0.00166808,0.00163006,0.00157095,0.00153088,0.00151826,0.00153155,0.00154805,0.00154399,0.00149243,0.00145761,0.00149206,0.00156604,0.00163731,0.00166156,0.00166846,0.00168709,0.0017346,0.00181247,0.00190229,0.00196921,0.00196289,0.00195972,0.00201034,0.00208878,0.00214047,0.00211271,0.00205824,0.00202918,0.00203872,0.00208203,0.00212728,0.00214383,0.00210133,0.00206067,0.0020732,0.00211511,0.00215085,0.00213549,0.00209624,0.00205447,0.00203489,0.0020504,0.00208746,0.0021122,0.00204659,0.00196853,0.00192575,0.00192749,0.00193605,0.00191347,0.00190314,0.00195403,0.00207379,0.00226006,0.00246251,0.00261303,0.00260492,0.00259602,0.00270663,0.00286253,0.00296502,0.00288562,0.00275598,0.00267175,0.00265306,0.00269003,0.00274141,0.00276677,0.00270202,0.00262705,0.00260722,0.00263714,0.00266395,0.00260514,0.00253295,0.00249946,0.00250005,0.00252961,0.0025575,0.0025622,0.00251538,0.00245825,0.00242057,0.00242703,0.00247667,0.00251622,0.00242268,0.00201023,0.00157437,0.00134033,0.00147992,0.00169625,0.00167271,0.00159134,0.0016116,0.00171748,0.00179342,0.00171385,0.00158531,0.00151896,0.00151768,0.00157758,0.00164348,0.00167054,0.00157813,0.00147978,0.00145374,0.00148827,0.0015159,0.00147097,0.00140809,0.00137008,0.00136254,0.00138186,0.00140171,0.00139683,0.0013324,0.00126763,0.00124395,0.00125491,0.00125891,0.00121383,0.00115197,0.00111205,0.00110678,0.00113903,0.00117439,0.00117688,0.00108837,0.000979258,0.000899027,0.000866983
0.000660492,0.00066454,0.000677655,0.00070826,0.000745884,0.000765426,0.000756372,0.000740251,0.000739122,0.000752664,0.000773785,0.000795703,0.000811871,0.000819219,0.000830157,0.000861082,0.000904405,0.000933977,0.000938171,0.00093134,0.000930289,0.00093858,0.000953908,0.000971023,0.000978865,0.000968971,0.000953772,0.000954165,0.000969929,0.000977771,0.000967557,0.000950592,0.000939964,0.000938375,0.000943955,0.000951432,0.000949269,0.000931459,0.000916988,0.000928832,0.000958169,0.000967484,0.000940296,0.000909861,0.00090855,0.000934377,0.000971586,0.00100732,0.00102681,0.00102234,0.00101691,0.00103903,0.00108144,0.00110407,0.00109653,0.00108006,0.00107164,0.00107472,0.00108896,0.00110775,0.00111811,0.00111189,0.00110169,0.00110583,0.00112069,0.00112515,0.0011119,0.00109042,0.00107762,0.00107709,0.00108756,0.0011033,0.00110842,0.00109273,0.00106931,0.0010571,0.00105551,0.00104896,0.00102865,0.000998448,0.00096524,0.000943119,0.000950021,0.000980368,0.00101049,0.00102566,0.00103955,0.00107673,0.00113064,0.00116901,0.0011826,0.00118448,0.00118605,0.00119984,0.0012382,0.00129103,0.0013099,0.00125381,0.00123401,0.00133924,0.00154283,0.00170332,0.00169383,0.00161196,0.0015689,0.00157806,0.00162522,0.00168252,0.00170863,0.00167585,0.00163257,0.00163023,0.00166158,0.00167462,0.00163763,0.00157467,0.00153282,0.00152006,0.00153413,0.0015581,0.00154896,0.0014944,0.00145681,0.001496,0.00157853,0.00164296,0.00166654,0.00167248,0.00169317,0.00173948,0.0018168,0.00191078,0.00198046,0.00198443,0.00196896,0.0020172,0.00210977,0.00215579,0.0021262,0.00206563,0.002035,0.00204597,0.00208982,0.00214169,0.00215281,0.00210945,0.00206315,0.00207772,0.0021291,0.00215672,0.00214059,0.00209961,0.00205843,0.00203697,0.00205147,0.00209714,0.00212156,0.00206169,0.00197043,0.0019301,0.00193918,0.00194215,0.00192074,0.00190927,0.00195791,0.00207787,0.0022634,0.00247538,0.00263145,0.0026399,0.00261311,0.00271372,0.00290215,0.00300191,0.00292404,0.00277978,0.00268785,0.00266773,0.00270221,0.00275865,0.00278434,0.00272614,0.00263441,0.0026085,0.00265255,0.00267543,0.00261419,0.0025415,0.00250478,0.00250774,0.00253854,0.00257217,0.00257666,0.00253281,0.00246655,0.00242659,0.00243401,0.00248736,0.0025456,0.00244501,0.00204132,0.00155009,0.00134223,0.00149698,0.00169553,0.00168291,0.00158447,0.00160271,0.00172787,0.00179586,0.00171797,0.00158785,0.00151523,0.00152137,0.00157858,0.00165123,0.00167992,0.00159897,0.00148575,0.00145711,0.00150249,0.00151875,0.00147194,0.00141052,0.00137418,0.00136752,0.00138592,0.00140975,0.00140295,0.00134353,0.00127043,0.00124597,0.00126211,0.00126247,0.00121646,0.00115514,0.00111483,0.00111091,0.00114288,0.00118723,0.0011823,0.00110212,0.000983103,0.000901072,0.00087154
0.000660443,0.000665183,0.000677849,0.000708489,0.000744686,0.000763745,0.000757281,0.000739572,0.00074005,0.000753332,0.000774629,0.000796668,0.000812333,0.000821429,0.000831806,0.000862861,0.000904957,0.000933998,0.000939198,0.000931548,0.000930449,0.000938281,0.000954545,0.000972425,0.000978084,0.000965401,0.000953914,0.000956334,0.000971587,0.000977626,0.000968395,0.000950664,0.000939877,0.000937685,0.000943055,0.000948491,0.000946885,0.000928052,0.000916702,0.000927177,0.000952141,0.000962606,0.000933598,0.000907513,0.000907589,0.000932597,0.000969711,0.00100357,0.0010252,0.00102033,0.00101913,0.00103962,0.00107779,0.0011038,0.00109839,0.00108078,0.00107245,0.00107503,0.0010892,0.0011065,0.00111786,0.00111123,0.00110372,0.00110661,0.00111817,0.00112541,0.00110817,0.00108906,0.00107705,0.00107683,0.00108745,0.00110363,0.00110744,0.0010928,0.00106867,0.00105643,0.0010539,0.00104653,0.00102623,0.000995916,0.000963628,0.000942077,0.00094783,0.00097326,0.00100589,0.00101869,0.00103513,0.00106866,0.00111832,0.00115896,0.00117326,0.00117462,0.00117488,0.00118846,0.0012288,0.00127916,0.00128555,0.00124204,0.00121266,0.00133434,0.00154117,0.00169515,0.00167668,0.00161361,0.0015713,0.00158059,0.00163079,0.00168902,0.00170997,0.00167988,0.00163671,0.00163608,0.00166781,0.00167965,0.00163325,0.00157871,0.00153876,0.00152367,0.00153651,0.00155682,0.00155329,0.00150608,0.00146437,0.00150127,0.00158033,0.00164961,0.0016691,0.00167761,0.00169782,0.00174451,0.00182359,0.00192061,0.0019894,0.00198663,0.00198092,0.00203149,0.00211837,0.00217073,0.00212983,0.00207292,0.00204528,0.00205626,0.00209793,0.00214232,0.00216316,0.0021239,0.00207288,0.00208313,0.00212663,0.00216455,0.00214847,0.00210345,0.00205957,0.0020381,0.00205818,0.00210823,0.00212348,0.00205488,0.00197432,0.00193574,0.00194081,0.00194734,0.00192214,0.0019183,0.00196544,0.00208025,0.00227228,0.00249284,0.00263969,0.00263488,0.00263079,0.00274101,0.00291725,0.00302701,0.00293963,0.00280267,0.00270446,0.00268098,0.00271654,0.00277555,0.00279835,0.00272276,0.00263826,0.00262544,0.00266319,0.00267833,0.00262805,0.00254764,0.00250897,0.00251402,0.00254876,0.00257917,0.00258934,0.00253856,0.00247511,0.00243448,0.00244402,0.00249737,0.0025277,0.00244547,0.00203845,0.00158426,0.00135213,0.00147305,0.00168647,0.00166185,0.00158752,0.00160638,0.00171654,0.00179149,0.00171009,0.0015915,0.00151826,0.00152001,0.00158311,0.00165907,0.00167935,0.00159263,0.00149475,0.0014605,0.00149533,0.00152101,0.00147769,0.00141275,0.00137731,0.00137131,0.00139121,0.001409,0.00140798,0.00134271,0.00127699,0.00125137,0.00126187,0.00126392,0.00121516,0.00115646,0.0011203,0.00111856,0.00114655,0.00118095,0.00119151,0.00110115,0.000994242,0.000909322,0.000872128
0.000659861,0.000663701,0.000677301,0.000706545,0.000741521,0.000761492,0.0007534,0.000740257,0.000739688,0.000753552,0.000775162,0.000796924,0.000812597,0.000818857,0.000833702,0.000863178,0.000900139,0.000933023,0.000936291,0.000929991,0.00092872,0.000936966,0.00095334,0.000968163,0.00097517,0.000964791,0.000950992,0.000956598,0.000970057,0.00097581,0.000965028,0.000949367,0.000938465,0.000936056,0.00094139,0.000947074,0.000943649,0.000929377,0.000915322,0.000921345,0.000947099,0.000953513,0.00092974,0.000902217,0.000907478,0.000930723,0.00096605,0.000999509,0.00102056,0.00102284,0.00101826,0.00103941,0.00107516,0.00110091,0.00109616,0.00107941,0.00106978,0.00107414,0.001088,0.00110633,0.0011156,0.00111207,0.00110251,0.00110631,0.0011176,0.00112073,0.00110797,0.00108687,0.00107521,0.00107383,0.00108577,0.00110032,0.0011049,0.00108873,0.00106727,0.00105421,0.00105169,0.00104322,0.00102115,0.000992534,0.000960636,0.000939047,0.000943123,0.000971436,0.000999127,0.00101635,0.00103055,0.00105932,0.00110677,0.001148,0.00116227,0.00116357,0.00116434,0.00117516,0.00121697,0.00126127,0.00127077,0.00121431,0.00120529,0.00132449,0.00155667,0.0016968,0.00168226,0.00161545,0.00157675,0.0015842,0.00163332,0.00168855,0.00171623,0.00168151,0.00164057,0.00163789,0.00167474,0.00168089,0.00163672,0.00157928,0.00154248,0.00152821,0.00153763,0.00156015,0.00155668,0.00150306,0.00147159,0.0014967,0.00158451,0.00165308,0.00167863,0.00168025,0.00169909,0.0017474,0.00182963,0.00192206,0.00199722,0.00199911,0.00198475,0.00203681,0.00213325,0.00218007,0.00214662,0.00207841,0.00205271,0.00206148,0.00210117,0.00215229,0.00216836,0.00212104,0.00207914,0.00207982,0.00213391,0.00216815,0.0021492,0.00210704,0.00206227,0.0020404,0.00206323,0.00211558,0.00212821,0.00205849,0.00197417,0.0019377,0.00194558,0.00194845,0.00192995,0.00191713,0.00196413,0.00208544,0.00228186,0.00251135,0.00265731,0.00265322,0.00263963,0.00275562,0.00295206,0.00304685,0.00297638,0.00281886,0.00271698,0.00269284,0.00273041,0.00279519,0.00281051,0.00273034,0.00264273,0.00263118,0.00266071,0.00269165,0.00263157,0.00255474,0.00251477,0.00251874,0.00255663,0.00259579,0.00259734,0.00255278,0.00248303,0.00244309,0.00245523,0.00250388,0.00254117,0.00244106,0.00209802,0.00161934,0.0013214,0.00149574,0.00167665,0.00167659,0.00157952,0.00160035,0.00172575,0.00178585,0.00171633,0.00158753,0.00152465,0.00152497,0.00158591,0.00165038,0.0016821,0.00160445,0.00149563,0.00145975,0.00149406,0.00152325,0.00147979,0.00141628,0.00137788,0.00137108,0.00139384,0.00141813,0.00140781,0.0013533,0.00128122,0.0012482,0.00126798,0.001265,0.00121987,0.00115888,0.00112667,0.00112114,0.00114575,0.00118322,0.00118661,0.00111816,0.00099505,0.000904371,0.000877815
0.00065882,0.000662189,0.000674465,0.00070475,0.000739694,0.000757494,0.000751203,0.000739285,0.00074013,0.0007543,0.000774477,0.000795257,0.000812485,0.000821679,0.000833094,0.000863172,0.000904039,0.000928357,0.00093158,0.000926749,0.000925693,0.000934694,0.000950221,0.000965866,0.000971391,0.000962661,0.000951207,0.000951359,0.000966049,0.000973364,0.000962721,0.000946718,0.000937315,0.00093471,0.000937787,0.000943221,0.000940222,0.000921487,0.00090737,0.000920597,0.000940602,0.000945077,0.000925448,0.000899811,0.000896232,0.000924878,0.000963363,0.000998452,0.00101566,0.00101322,0.00101352,0.00103548,0.00107236,0.00109516,0.00108994,0.0010753,0.00106928,0.00107251,0.00108436,0.00110193,0.00111263,0.00110797,0.00109954,0.00110236,0.00111345,0.00111607,0.00110226,0.00108367,0.00107309,0.00107273,0.00108076,0.00109567,0.0011013,0.00108646,0.00106401,0.00105034,0.00104621,0.00104019,0.00101959,0.000988778,0.000956724,0.000934728,0.000937435,0.000963896,0.000992836,0.00100677,0.00102054,0.00105587,0.00110106,0.00113355,0.00114669,0.00115073,0.00115529,0.00116806,0.0011974,0.00124299,0.00125373,0.00120617,0.00119019,0.0013084,0.00153058,0.00172117,0.00171889,0.001621,0.00157474,0.00158556,0.00163526,0.00169519,0.00172225,0.00169066,0.00164349,0.00163614,0.00166726,0.00169088,0.00165329,0.00158426,0.00153752,0.00152695,0.00154091,0.00156331,0.00156,0.00151185,0.00146978,0.00149714,0.00158254,0.00165819,0.00168405,0.00168507,0.0016985,0.0017476,0.00183369,0.0019373,0.00200482,0.00200269,0.00198976,0.00204126,0.0021383,0.0021934,0.00216037,0.00208871,0.00204691,0.00206149,0.00210747,0.00216106,0.00217432,0.00212818,0.00207833,0.00208116,0.00213162,0.00217281,0.00215808,0.00210978,0.00206303,0.00204103,0.00206381,0.00211021,0.00213234,0.00207442,0.00197852,0.00193571,0.00194421,0.00195035,0.00192868,0.00191703,0.00196277,0.00208654,0.00228237,0.00250506,0.00267331,0.00269068,0.00265691,0.00276318,0.00296425,0.00307212,0.00299096,0.00283389,0.00272961,0.00270495,0.0027374,0.00279276,0.00282205,0.0027573,0.00265367,0.00263612,0.00268902,0.00269368,0.00262985,0.00255824,0.00252278,0.00252737,0.00255867,0.00259925,0.00260809,0.00255899,0.0024892,0.00244761,0.00245613,0.00251741,0.00260799,0.0024861,0.0019881,0.00148559,0.00137891,0.00153746,0.00167285,0.0016433,0.00156991,0.00159354,0.00171045,0.00178889,0.00172476,0.00159221,0.0015111,0.00152199,0.001586,0.00166348,0.00168409,0.00160267,0.0014955,0.00146418,0.00150464,0.00151756,0.00147464,0.00141679,0.00137994,0.00137496,0.00139093,0.00141587,0.00141002,0.00134386,0.00127162,0.00125919,0.00127239,0.00126754,0.00122393,0.00116404,0.00112192,0.00111882,0.00114992,0.00119615,0.00118545,0.00109053,0.000980202,0.000911726,0.000881631
0.000660514,0.000666238,0.000679075,0.000707228,0.000740511,0.000761436,0.000753391,0.000741333,0.000741461,0.00075446,0.000776194,0.000797126,0.000814647,0.000822699,0.000836508,0.000868305,0.000907762,0.000934635,0.000939009,0.000929835,0.000929554,0.000937834,0.000954036,0.000968583,0.000974496,0.000962891,0.000954125,0.000956676,0.000969206,0.000977755,0.000966177,0.000949754,0.000938773,0.000936256,0.000939834,0.000944037,0.000942739,0.00092277,0.000910193,0.000922175,0.0009401,0.000944295,0.000925729,0.000898393,0.000900194,0.000926461,0.000965286,0.000999677,0.00101843,0.00101755,0.00101749,0.00104031,0.00107337,0.00109867,0.0010937,0.00107852,0.00107105,0.00107324,0.00108756,0.00110415,0.00111622,0.00110974,0.00110331,0.00110649,0.00111428,0.00111829,0.00110314,0.00108502,0.00107468,0.00107337,0.00108425,0.0010983,0.00110684,0.00108883,0.0010678,0.00105417,0.00104847,0.00104302,0.00102038,0.000989533,0.000956288,0.000935908,0.000937089,0.000960415,0.000992302,0.00100529,0.00102052,0.00105461,0.00109399,0.00113118,0.00114411,0.00114769,0.00115089,0.00116268,0.00119729,0.00123734,0.00125098,0.00119115,0.00118778,0.00131613,0.00152931,0.00171057,0.00169517,0.00162227,0.00157784,0.00158715,0.00163879,0.0016954,0.0017255,0.0016883,0.00164656,0.00164173,0.00166963,0.00169052,0.00164762,0.00158576,0.00154282,0.00152966,0.00154429,0.00156402,0.0015615,0.00150921,0.0014733,0.00150408,0.00158218,0.00166067,0.00168631,0.00168754,0.00170431,0.00175241,0.0018395,0.00193678,0.00200765,0.00200128,0.0019954,0.00205161,0.00213731,0.00219735,0.00216412,0.00209441,0.00205722,0.00206718,0.00211218,0.00215867,0.0021786,0.00212899,0.00208407,0.00208879,0.00213238,0.00217428,0.00215555,0.0021121,0.00206735,0.00204809,0.00206789,0.00211074,0.00213287,0.00206736,0.00198286,0.00193859,0.00194203,0.00195044,0.00192924,0.00191859,0.00196992,0.00209086,0.00229453,0.00252073,0.00268097,0.0026748,0.00267073,0.00278315,0.00296064,0.00308628,0.00301136,0.0028496,0.00274335,0.00271614,0.00275174,0.00280327,0.00283185,0.00275072,0.00265863,0.00264024,0.00267601,0.0027003,0.00263896,0.00256512,0.00252648,0.00252922,0.00256646,0.00260555,0.00261885,0.00256413,0.00249892,0.00245685,0.00246494,0.0025219,0.00256104,0.00246465,0.00201138,0.00152877,0.00134532,0.00148813,0.00165763,0.00162675,0.00156888,0.00159623,0.00169588,0.00177388,0.00170199,0.00158734,0.00152459,0.00152906,0.0015859,0.00165302,0.0016809,0.00159888,0.00150254,0.00146625,0.00149356,0.00151661,0.00147847,0.0014184,0.00138401,0.00137681,0.00139408,0.00141467,0.00141046,0.00134957,0.00127964,0.00125897,0.00127006,0.00126834,0.00122627,0.00116572,0.00112824,0.00112359,0.00115142,0.00118542,0.00118303,0.00109078,0.000985379,0.000912884,0.000881768
0.000663546,0.000670945,0.00068444,0.000710722,0.000746451,0.000770455,0.000762651,0.000744205,0.00074222,0.00075643,0.000778935,0.000802097,0.000818663,0.000827008,0.000839904,0.000871395,0.000915844,0.000945002,0.000945205,0.00093536,0.000934818,0.000944554,0.000960457,0.000976172,0.000982835,0.000972712,0.000959167,0.000963073,0.000979766,0.000985759,0.000973136,0.000954613,0.000942545,0.000939858,0.000944001,0.000950186,0.000947055,0.000928969,0.000913766,0.000922681,0.000946912,0.000953071,0.000926795,0.000900328,0.000904136,0.000931681,0.000969882,0.00100573,0.00102605,0.00102425,0.00102186,0.00104443,0.00108267,0.00110928,0.0011038,0.00108444,0.00107413,0.00107676,0.00109191,0.00111199,0.00112222,0.00111614,0.00110745,0.00111021,0.00112111,0.00112313,0.00110787,0.00108794,0.00107641,0.00107618,0.00108871,0.00110709,0.00111582,0.00110057,0.00107436,0.00106088,0.00105923,0.00104913,0.00102474,0.000992809,0.000959306,0.0009357,0.000936178,0.000963608,0.000993617,0.00100772,0.00102025,0.0010512,0.00109655,0.00113484,0.00114937,0.00114979,0.00114995,0.00116149,0.00119779,0.00124297,0.00125421,0.00120464,0.00118603,0.00132297,0.00156499,0.00171464,0.0017022,0.00162443,0.00157746,0.00158941,0.00164064,0.00170268,0.00173044,0.00169599,0.00164694,0.00164587,0.00168436,0.00169339,0.001648,0.00158646,0.00154474,0.00153153,0.00154594,0.00157067,0.00156614,0.00151513,0.001473,0.00150231,0.00158993,0.00166466,0.00168671,0.00168926,0.00170751,0.00175397,0.00184285,0.00194978,0.00201829,0.00201484,0.00200065,0.0020545,0.00215662,0.00221192,0.00217129,0.00209817,0.0020626,0.00207353,0.00211603,0.0021664,0.00218641,0.00214332,0.00208557,0.00208976,0.00214587,0.00217651,0.0021566,0.0021136,0.00207122,0.00204943,0.00206627,0.00211594,0.00213711,0.00207695,0.00198238,0.00193382,0.00194359,0.0019507,0.00192566,0.00191591,0.00196705,0.00208897,0.00229576,0.00254193,0.0026963,0.00269593,0.00267651,0.00278614,0.00299019,0.00311266,0.00303223,0.0028633,0.00275097,0.00272318,0.00276068,0.00282566,0.00284076,0.00276008,0.00266105,0.00263939,0.00268506,0.00271113,0.00265505,0.00256999,0.00252617,0.0025335,0.00257285,0.00261726,0.00262679,0.00257558,0.00250286,0.00246288,0.0024747,0.00252908,0.00257309,0.00247183,0.00208708,0.00156989,0.00130012,0.00143404,0.00165078,0.00165681,0.00156279,0.00158715,0.00171537,0.00176456,0.00168632,0.0015809,0.00152759,0.00153173,0.00158388,0.00165706,0.00168456,0.00161219,0.00150314,0.00146045,0.00149541,0.00151715,0.0014764,0.00141738,0.00138369,0.00137616,0.00139288,0.0014144,0.00141013,0.00135564,0.00128333,0.00125051,0.00126793,0.00127026,0.00122429,0.00116663,0.00113213,0.00112517,0.00115091,0.00118853,0.00118308,0.00109895,0.000985352,0.000908608,0.000880844
0.000665476,0.000672486,0.00068712,0.000716167,0.000751257,0.000773413,0.00076162,0.000745031,0.000744101,0.000757751,0.000780905,0.000803704,0.000821207,0.000828345,0.00084258,0.000876736,0.000920938,0.000951304,0.000951497,0.000939256,0.00093851,0.000948012,0.000965003,0.000979058,0.000987038,0.000973945,0.000963611,0.000967988,0.000982796,0.000990791,0.000978043,0.000958335,0.000945871,0.000942509,0.00094719,0.000952126,0.000947936,0.000929058,0.000915444,0.000926668,0.000946611,0.000956373,0.000925669,0.000902951,0.000907444,0.000933743,0.000972914,0.00100929,0.00103035,0.0010285,0.00102532,0.00104889,0.00108249,0.00111169,0.00110278,0.00108726,0.00107684,0.00107839,0.0010931,0.00111067,0.00112301,0.00111766,0.00110919,0.00111227,0.00112096,0.00112412,0.00111008,0.00108946,0.00107709,0.00107756,0.00109135,0.00111009,0.00112004,0.00110203,0.00107771,0.00106385,0.00106002,0.0010534,0.0010286,0.000994983,0.000958626,0.000934384,0.000936649,0.000964187,0.000992394,0.0010065,0.0010196,0.00105188,0.00109547,0.00113361,0.00114656,0.00114836,0.00114758,0.00115958,0.00119663,0.00123921,0.00124884,0.00118878,0.00118577,0.0013274,0.00155272,0.00172247,0.00170471,0.00162857,0.00158314,0.00159235,0.00164394,0.00170248,0.00173373,0.00169421,0.00164905,0.00165154,0.00168196,0.00169575,0.00164655,0.00158884,0.00154813,0.00153497,0.00154997,0.00157068,0.00157147,0.00152382,0.00148164,0.00151224,0.00159248,0.00167074,0.00169319,0.00169238,0.00171159,0.00176068,0.00184955,0.00195169,0.00202941,0.0020181,0.00201315,0.00207097,0.00216008,0.00222412,0.00217295,0.00210415,0.00207084,0.00207894,0.00212188,0.00216732,0.00219168,0.00213998,0.00208803,0.00209296,0.00214126,0.00217986,0.00216116,0.00211566,0.00206947,0.00204953,0.00206939,0.0021228,0.00214017,0.00206663,0.00198476,0.00193805,0.00194238,0.00195085,0.00192992,0.00191459,0.00196564,0.0020945,0.00230213,0.00253094,0.00271195,0.00271202,0.00269059,0.00280644,0.00300428,0.00312652,0.00302848,0.00287557,0.00276376,0.00272954,0.00277156,0.00283584,0.00284627,0.00275692,0.00267256,0.00265395,0.00268707,0.00271717,0.00265268,0.00257317,0.00253456,0.00253922,0.00257967,0.00262112,0.00263552,0.00258201,0.00251126,0.00247113,0.00248443,0.00253993,0.00258306,0.00248795,0.00206875,0.00159199,0.00131743,0.00139174,0.00163289,0.00162004,0.00156007,0.00157966,0.00169081,0.00176189,0.00169486,0.00158243,0.00152803,0.00153019,0.00158769,0.00166447,0.00169066,0.00160304,0.00150585,0.00147127,0.00149904,0.00151564,0.0014818,0.00141856,0.00138318,0.00137539,0.00139307,0.00141279,0.00140761,0.00134682,0.00128213,0.00125865,0.00127183,0.00127294,0.00123095,0.00117037,0.00113498,0.00112815,0.00115342,0.00118994,0.0011864,0.00110239,0.000989937,0.000913532,0.000882019
0.000666311,0.000672922,0.000687396,0.00071784,0.000753774,0.000773583,0.000765191,0.000745574,0.000744509,0.000759088,0.000781426,0.000805108,0.000821715,0.000829024,0.000840903,0.000877446,0.000925137,0.000954792,0.000953164,0.000941819,0.00093968,0.000950049,0.000967495,0.000983691,0.000988413,0.000979514,0.000966491,0.000968949,0.000986564,0.000994265,0.000979428,0.000959987,0.000946707,0.000944063,0.000948557,0.000953506,0.000948427,0.000926743,0.0009136,0.000926294,0.000951701,0.000953842,0.000928835,0.000902069,0.000905082,0.000934638,0.000973265,0.00100846,0.00103121,0.00103042,0.00102656,0.00104803,0.00108691,0.00110994,0.0011075,0.00108829,0.00107709,0.0010791,0.00109206,0.00111104,0.00112218,0.00111784,0.0011087,0.00111063,0.0011226,0.00112456,0.00110858,0.00108989,0.0010767,0.00107626,0.00109033,0.00111086,0.00112121,0.00110362,0.00107661,0.00106235,0.00106068,0.0010547,0.00103128,0.000995863,0.000958425,0.000931172,0.000936214,0.000964129,0.000991234,0.00100204,0.00101721,0.00104823,0.00109302,0.00112981,0.00114332,0.00114438,0.00114404,0.00115528,0.00119162,0.0012387,0.00124687,0.00120419,0.00118409,0.00131261,0.00156269,0.00172049,0.001712,0.0016265,0.0015847,0.00159401,0.00164421,0.00170916,0.00173651,0.00170111,0.00164765,0.00165408,0.00169305,0.0016969,0.00165232,0.00159017,0.00154907,0.00153489,0.00154995,0.00157686,0.00157185,0.00151759,0.00148151,0.0015069,0.00159182,0.00167336,0.00169191,0.00169523,0.00171218,0.00176232,0.00184949,0.00195935,0.00202988,0.00202877,0.00200965,0.00206494,0.00217301,0.00222334,0.0021823,0.0021072,0.00207201,0.00208071,0.00212302,0.00217589,0.00219447,0.0021547,0.00208997,0.00209312,0.00214951,0.00218327,0.00216302,0.00211784,0.00207022,0.00204805,0.00207263,0.00212603,0.00213903,0.00207552,0.00198222,0.00193476,0.00194013,0.00195051,0.00192651,0.00191691,0.00196675,0.00209303,0.00229748,0.00253878,0.00271386,0.00272601,0.00269584,0.00280493,0.00302649,0.00313092,0.00305254,0.00288095,0.00276861,0.0027381,0.00277868,0.00284329,0.00285397,0.0027775,0.00267107,0.0026429,0.00269911,0.00271732,0.00265954,0.0025769,0.00253728,0.00254322,0.00258292,0.00262895,0.00264674,0.00258817,0.00251729,0.00247678,0.00248584,0.00254373,0.00260452,0.00248738,0.00208368,0.00154747,0.00129684,0.00142663,0.00161693,0.00164634,0.00155539,0.0015584,0.00168368,0.00175577,0.00168526,0.00158312,0.00152035,0.00152607,0.00158825,0.00166208,0.0016862,0.00160256,0.00149741,0.00147146,0.00149892,0.00151205,0.0014755,0.00141982,0.00138093,0.0013753,0.00139232,0.0014173,0.00140749,0.00134541,0.00127882,0.00125907,0.00127155,0.00127289,0.00122706,0.00117268,0.00113472,0.0011289,0.00115232,0.00118352,0.00118261,0.00109384,0.000988077,0.000910668,0.000880639
0.00066678,0.000673599,0.000687744,0.000720954,0.000757404,0.000773788,0.000761737,0.00074808,0.000745805,0.000759186,0.000781928,0.000805704,0.000822007,0.00082959,0.000840657,0.000877823,0.000924767,0.000955338,0.000953245,0.00094293,0.000940872,0.000951624,0.00096946,0.000985051,0.000991973,0.000980102,0.000969678,0.000972187,0.000988644,0.000995272,0.000983582,0.000960127,0.000947491,0.000945119,0.000949269,0.000952783,0.000947498,0.000930256,0.000913704,0.000921702,0.000945662,0.000955464,0.000930333,0.000901569,0.000904249,0.000932958,0.000973094,0.00100933,0.00103018,0.00102978,0.00102867,0.0010474,0.00108385,0.00111266,0.00110526,0.00108902,0.00107783,0.00107946,0.00109162,0.00110822,0.0011216,0.00111651,0.00110804,0.00110979,0.00112052,0.00112281,0.00110949,0.00108912,0.00107651,0.001075,0.00108974,0.00111358,0.00111994,0.0011023,0.0010753,0.00106129,0.00105979,0.00105394,0.00103046,0.000995968,0.000959198,0.000931427,0.000935567,0.000961898,0.000988906,0.00100225,0.00101355,0.00104652,0.00109195,0.00112468,0.0011387,0.00114004,0.00113979,0.0011521,0.00119086,0.00123793,0.00124948,0.00119123,0.00119256,0.00132583,0.00157285,0.00172391,0.00171828,0.00162825,0.00158534,0.00159508,0.0016465,0.00171366,0.00174087,0.0017086,0.00165449,0.00165394,0.00168769,0.00170386,0.00165731,0.00159036,0.00154867,0.00153609,0.00155126,0.00156976,0.00157089,0.0015256,0.00147447,0.001505,0.00159464,0.00166887,0.00169831,0.00169772,0.00171375,0.00176231,0.00185001,0.00196343,0.00203389,0.00203602,0.00201489,0.00207082,0.00217883,0.00222866,0.00218802,0.00210845,0.00207436,0.00208376,0.00212801,0.00218469,0.00220299,0.0021487,0.00209995,0.00209978,0.00214519,0.00218706,0.00217175,0.00212004,0.0020713,0.00204989,0.00207639,0.00212709,0.00214327,0.0020656,0.00198213,0.00194085,0.00194605,0.00194815,0.00192357,0.00191606,0.00196401,0.0020906,0.0022974,0.00254236,0.00271556,0.00271918,0.00269915,0.00280947,0.00302648,0.0031406,0.00303815,0.00289395,0.00278065,0.00274413,0.00278505,0.00285007,0.00286669,0.00277106,0.00267722,0.00264927,0.00270368,0.00271983,0.0026651,0.00257917,0.00254055,0.00254666,0.0025893,0.00263889,0.00264779,0.0026,0.00252134,0.0024782,0.00249158,0.00255253,0.00261849,0.00250181,0.00209608,0.00155888,0.00130914,0.00145319,0.00162578,0.00161712,0.00155402,0.00156134,0.00167751,0.00174224,0.00169606,0.00157469,0.00151629,0.00152639,0.00159232,0.0016715,0.00168025,0.00160308,0.00149845,0.00147118,0.00149512,0.00150849,0.00147215,0.00141879,0.00138165,0.00137593,0.00139295,0.00141585,0.00140753,0.00134781,0.0012785,0.00126164,0.001273,0.00126789,0.00122981,0.00117214,0.0011342,0.00112749,0.00115124,0.00118354,0.0011686,0.00109308,0.000981645,0.000907989,0.000883952
0.000667473,0.000673547,0.000689459,0.000721569,0.000756845,0.000773835,0.000764587,0.000747987,0.000747244,0.000760443,0.000782926,0.000805445,0.000822799,0.000829034,0.000842199,0.00087864,0.000925251,0.000955607,0.000957791,0.00094368,0.000942099,0.000952566,0.000970452,0.000987728,0.000993324,0.000983803,0.00096981,0.00097534,0.000990178,0.00099731,0.000981739,0.000961275,0.000948201,0.000945781,0.000949544,0.000952221,0.000946972,0.000928708,0.000914337,0.000920017,0.000944515,0.000956128,0.000928229,0.000901912,0.00090311,0.000932015,0.000973583,0.00100961,0.00103108,0.00103073,0.00102769,0.00104895,0.00108578,0.00111128,0.00110722,0.00108824,0.001078,0.00107836,0.00109021,0.00110869,0.00111956,0.00111553,0.00110602,0.00110961,0.00111907,0.00112205,0.0011069,0.00108773,0.00107452,0.00107494,0.00108968,0.00110867,0.00112033,0.00109999,0.00107452,0.00106067,0.00105867,0.0010529,0.00102989,0.000995361,0.000957524,0.00093303,0.000932377,0.000960392,0.000987316,0.000997583,0.00101241,0.00104458,0.00108616,0.00112137,0.00113369,0.0011361,0.00113629,0.00114843,0.00118623,0.00123736,0.00124456,0.0012019,0.00118001,0.0013379,0.00156885,0.00172702,0.00170553,0.0016319,0.00158449,0.0015953,0.00164981,0.0017125,0.0017449,0.00170343,0.00165985,0.0016539,0.00168948,0.00170755,0.00165835,0.00159285,0.00154843,0.00153553,0.00155231,0.00157562,0.00157158,0.00151834,0.00147838,0.00150694,0.00159246,0.00167331,0.00169299,0.00170017,0.00171483,0.00176454,0.00185596,0.00196424,0.00204106,0.00202729,0.00202471,0.00208069,0.00217035,0.00223854,0.00218779,0.0021143,0.00207552,0.0020835,0.00213382,0.00218926,0.00220694,0.00215803,0.00209917,0.00210256,0.00215382,0.00219092,0.00216828,0.00212135,0.00207293,0.00205157,0.00207647,0.00213181,0.00214336,0.00207753,0.00198131,0.00194157,0.00194014,0.00194693,0.00192647,0.0019149,0.00196157,0.00208847,0.00230291,0.00254694,0.00272151,0.0027211,0.00269404,0.00283066,0.0030257,0.0031402,0.00307232,0.00289882,0.00278504,0.00275436,0.00278822,0.00286032,0.00287174,0.00278955,0.00267076,0.00265736,0.0027006,0.0027233,0.00266314,0.00258488,0.00254143,0.0025479,0.00259383,0.00264003,0.00265726,0.00259997,0.00252893,0.00248437,0.00249468,0.00256088,0.00260905,0.00252506,0.0020554,0.00158084,0.0013309,0.00140661,0.00161303,0.0016179,0.00153843,0.00156482,0.00165828,0.00173687,0.00167183,0.00157374,0.00151779,0.00152683,0.00159252,0.00165695,0.00168309,0.00159654,0.00150671,0.0014684,0.001493,0.00150536,0.00147357,0.00141782,0.00138432,0.00137607,0.00139028,0.00141261,0.00140613,0.00134376,0.00128406,0.00126125,0.00126518,0.00127002,0.0012255,0.00117376,0.0011365,0.00112739,0.00115132,0.00117435,0.00116619,0.00108083,0.000981887,0.000910469,0.00088321
0.000667966,0.00067449,0.000689665,0.000721001,0.000758733,0.000773707,0.000762434,0.000747129,0.00074644,0.000760899,0.000782979,0.000806126,0.000823086,0.000830873,0.000843041,0.000875956,0.000925526,0.000959653,0.0009573,0.000945467,0.000942576,0.000952807,0.000970505,0.000987747,0.000993808,0.00098232,0.000969583,0.000976494,0.000993402,0.000999116,0.000983787,0.000961879,0.000948588,0.000945982,0.000948863,0.000951231,0.000946885,0.000929887,0.000913269,0.00091752,0.000942291,0.000955246,0.000931079,0.000900845,0.000902008,0.000932212,0.000973723,0.00101251,0.00103211,0.00102899,0.00102662,0.00104792,0.00108578,0.00110984,0.0011043,0.00108659,0.00107628,0.00107644,0.00108806,0.00110607,0.00111713,0.00111303,0.00110491,0.00110773,0.00111825,0.00112232,0.00110792,0.00108666,0.00107267,0.00107207,0.00108676,0.00110876,0.0011178,0.00110064,0.00107219,0.0010591,0.00105956,0.00105244,0.00102772,0.000993728,0.000958022,0.000931195,0.000928602,0.00095504,0.000984848,0.000999531,0.00100984,0.0010395,0.00108301,0.00111756,0.00113092,0.00113208,0.00113221,0.00114376,0.00118107,0.00122953,0.00123659,0.00117682,0.00116181,0.00132447,0.00156792,0.00171504,0.00170982,0.0016286,0.00158042,0.00159365,0.00164852,0.00171584,0.0017434,0.00171009,0.0016578,0.00164837,0.00168679,0.00170863,0.00166492,0.00159438,0.00154858,0.00153669,0.00155291,0.00157606,0.00157673,0.00152688,0.00147974,0.00150794,0.00160014,0.00167575,0.0017007,0.00170121,0.00171651,0.00176579,0.00185681,0.00197109,0.00204001,0.00203502,0.00201647,0.00207189,0.00217758,0.00223713,0.00219661,0.00211691,0.002075,0.0020841,0.00213539,0.0021961,0.00220751,0.00215252,0.00209522,0.00209748,0.00215033,0.00219021,0.00217493,0.0021223,0.00207397,0.00205213,0.00207668,0.00212969,0.0021429,0.00207263,0.00197694,0.0019385,0.00194514,0.00194446,0.00192267,0.0019147,0.00196201,0.00208778,0.00230448,0.00257125,0.00272884,0.00271921,0.00270572,0.00283566,0.00304974,0.00316938,0.00307303,0.00290699,0.0027886,0.00275987,0.002793,0.0028613,0.00287682,0.0027804,0.00266573,0.00265546,0.00270705,0.00272672,0.00266879,0.00258662,0.00254375,0.00255398,0.00259916,0.00265282,0.00266749,0.00261328,0.00253377,0.00248773,0.00249672,0.00256458,0.00263167,0.00249613,0.00206881,0.0015261,0.00127511,0.00141685,0.00158043,0.00157921,0.00151379,0.00155194,0.00166237,0.00172301,0.00166899,0.00156958,0.00151566,0.0015249,0.00158729,0.00165861,0.00167231,0.00160555,0.00150434,0.00146081,0.00148683,0.00150243,0.00146783,0.00141577,0.0013843,0.00137694,0.00138881,0.00140727,0.00140147,0.00135051,0.00128162,0.00125711,0.0012704,0.0012704,0.00123042,0.00117524,0.0011377,0.00112819,0.00114946,0.00117802,0.00116606,0.00108492,0.000979556,0.000910139,0.00088515
0.000668013,0.000674494,0.000690364,0.000720022,0.000753517,0.000773881,0.00076278,0.000747379,0.00074675,0.000760512,0.000783621,0.000805424,0.000822587,0.00082963,0.000842891,0.00087839,0.00092265,0.000958866,0.000957423,0.00094611,0.000943562,0.00095237,0.000970006,0.000986482,0.000994634,0.000983616,0.000971579,0.000976868,0.000992209,0.000999423,0.000984256,0.000961331,0.000948254,0.000944723,0.000948382,0.000950018,0.000945197,0.000926286,0.000911792,0.000918632,0.000940079,0.000952664,0.000927081,0.000898138,0.000902381,0.000930955,0.000972952,0.00100903,0.00103202,0.00102923,0.00102778,0.00104816,0.00108164,0.00110968,0.00110306,0.00108482,0.00107383,0.00107425,0.00108592,0.00110273,0.00111429,0.00111015,0.00110381,0.00110706,0.00111571,0.00112032,0.00110585,0.00108448,0.0010708,0.00107028,0.00108488,0.00110444,0.00111429,0.00109465,0.00106992,0.00105804,0.00105576,0.00105023,0.00102552,0.00099158,0.000954401,0.000930857,0.000929191,0.000953231,0.000982997,0.000996087,0.00100854,0.00103598,0.00107575,0.0011121,0.00112607,0.0011277,0.0011275,0.00114063,0.00117733,0.00122015,0.00123051,0.0011755,0.00116236,0.00131699,0.00153866,0.00170787,0.00170166,0.00162839,0.00158111,0.0015912,0.00165025,0.00171433,0.00174445,0.00170376,0.0016606,0.00165672,0.00168654,0.00170875,0.00166314,0.00159408,0.0015505,0.00153885,0.00155587,0.00157827,0.00157895,0.00152391,0.00148316,0.00151102,0.00159325,0.00167817,0.00170005,0.00170261,0.00171726,0.00176722,0.00186039,0.00196498,0.00204,0.00202738,0.00201655,0.00207407,0.00216824,0.00223379,0.00219205,0.00211765,0.00207895,0.00208728,0.00213779,0.0021893,0.00220869,0.00215202,0.00209838,0.00210027,0.00214531,0.00219093,0.00217303,0.00212353,0.00207362,0.00205456,0.00207943,0.00212664,0.00214413,0.0020703,0.00197897,0.00193744,0.00193608,0.00194234,0.00192314,0.00191574,0.00196096,0.00208618,0.00230584,0.002555,0.0027327,0.00272756,0.00272461,0.00285614,0.00305143,0.00318085,0.00308618,0.00291493,0.00280084,0.00276495,0.00280162,0.00286373,0.00288773,0.00278615,0.00267672,0.0026575,0.00270309,0.0027296,0.00267286,0.00258936,0.00255148,0.00255874,0.00260451,0.00265325,0.00267281,0.00261717,0.00254023,0.00249144,0.00250236,0.00256838,0.00261022,0.00248515,0.0020119,0.00152158,0.00125742,0.00136538,0.00156783,0.00155396,0.00151021,0.00155057,0.00164195,0.00170617,0.00165209,0.00156528,0.0015164,0.00152485,0.00158502,0.0016443,0.00166574,0.00158889,0.00150234,0.00146518,0.00148165,0.00149857,0.00146645,0.00141514,0.00138411,0.00137591,0.00138927,0.00140439,0.00139934,0.00134355,0.0012833,0.00126123,0.00126608,0.00126844,0.00122872,0.00117539,0.00114022,0.00113039,0.00114871,0.00117014,0.00116053,0.00107679,0.000977756,0.00091171,0.000884711
0.000667939,0.000676264,0.00069094,0.000718252,0.000752621,0.000774007,0.000765383,0.000747555,0.000746116,0.000761057,0.000784055,0.000806965,0.000822842,0.000830784,0.000842101,0.000877454,0.000926309,0.000957035,0.000958597,0.000944777,0.000941194,0.00095137,0.000968133,0.000985046,0.000993688,0.000984887,0.000971329,0.000973388,0.000991178,0.000998422,0.000982995,0.000960295,0.000947136,0.000943673,0.000946785,0.000950137,0.000943758,0.000925672,0.000909247,0.000916659,0.00094162,0.000950664,0.000926986,0.000897819,0.000901303,0.000931533,0.000971379,0.0010077,0.00103091,0.00103153,0.00102596,0.00104265,0.00107988,0.00110603,0.00109925,0.00108155,0.00106975,0.00107079,0.00108226,0.00109943,0.00110967,0.0011055,0.00109944,0.00110245,0.00111373,0.00111728,0.00110361,0.00108129,0.00106758,0.00106801,0.00108245,0.00110471,0.00111204,0.00109398,0.00106708,0.00105522,0.00105568,0.00104738,0.00102336,0.000988957,0.000951469,0.000925877,0.000925984,0.000950414,0.00097988,0.00099312,0.00100508,0.0010316,0.00107265,0.00110753,0.00112217,0.00112258,0.00112317,0.00113542,0.00117019,0.0012147,0.00122552,0.00118143,0.00116811,0.00130389,0.00154721,0.00171832,0.00171596,0.00162837,0.00157785,0.00159247,0.00165148,0.00172086,0.00174826,0.00170713,0.00165685,0.00165348,0.00169197,0.00170996,0.00166591,0.00159527,0.001551,0.00153956,0.00155442,0.00157998,0.00157815,0.00152825,0.00148175,0.00150737,0.00159694,0.00168243,0.00170773,0.00170441,0.00171925,0.00176862,0.00186327,0.00197611,0.00204784,0.00204312,0.00202118,0.00207657,0.00218814,0.00224214,0.00220135,0.00212216,0.0020822,0.00209191,0.00213923,0.00219592,0.00221396,0.00216523,0.0021001,0.00209903,0.00215421,0.00219377,0.0021746,0.00212382,0.00207516,0.00205367,0.00207741,0.00212988,0.00214388,0.00207417,0.00197793,0.0019319,0.00193646,0.00194136,0.00192197,0.00191352,0.00195904,0.00208599,0.00230599,0.00256768,0.00273557,0.00273896,0.00272086,0.00283366,0.00305712,0.00317458,0.00308483,0.00291362,0.00280026,0.00276692,0.00280281,0.00286852,0.00288857,0.0027895,0.00267447,0.00264486,0.00270395,0.00273243,0.00267384,0.00259124,0.00255262,0.00256199,0.00260631,0.00266065,0.00267997,0.00263154,0.00254545,0.00249541,0.00250738,0.0025725,0.00263313,0.00251288,0.00206136,0.00150991,0.00125476,0.00137859,0.00155797,0.00154792,0.00149491,0.00153584,0.00164607,0.00169864,0.00165128,0.00156265,0.00151512,0.00152677,0.00158153,0.00164924,0.00166681,0.00159479,0.0014982,0.00146182,0.00148174,0.00149426,0.00146224,0.00141417,0.00138174,0.00137337,0.00138741,0.00140711,0.0013966,0.00133837,0.00127945,0.00125642,0.00126693,0.00126767,0.00122971,0.00117616,0.00114111,0.00113085,0.00114489,0.00116747,0.00115383,0.00107497,0.000974117,0.000911545,0.000888642
0.000667804,0.000675386,0.000690971,0.000718507,0.000751814,0.000772518,0.000761683,0.000746909,0.000746336,0.000761081,0.000784103,0.000806253,0.000823484,0.000828859,0.000843631,0.000878228,0.0009217,0.00095609,0.000952498,0.000942943,0.00094014,0.000949633,0.00096685,0.000983608,0.00099018,0.000980287,0.000969546,0.000972765,0.000989872,0.000995689,0.000982608,0.000959348,0.000945983,0.000941909,0.000945093,0.00094757,0.000943202,0.000921106,0.000908218,0.000920159,0.000943026,0.000948522,0.000921881,0.00089982,0.00090209,0.000929177,0.000969868,0.00100622,0.0010289,0.00102578,0.00102259,0.00104279,0.00107632,0.00109808,0.00109549,0.00107718,0.00106634,0.00106731,0.0010782,0.00109295,0.00110349,0.00110136,0.0010951,0.00109875,0.00111061,0.00111313,0.0010968,0.00107796,0.00106514,0.00106561,0.00107974,0.00109882,0.00110849,0.00108742,0.00106503,0.00105217,0.00104973,0.00104476,0.00102106,0.000986056,0.000949567,0.000923205,0.000922439,0.000948671,0.000974943,0.000990389,0.00100209,0.00102895,0.00106992,0.00110289,0.00111412,0.00111687,0.00111772,0.00113094,0.00116635,0.00120695,0.00121973,0.00117514,0.00117782,0.00131406,0.00153195,0.0017247,0.00170574,0.00162649,0.00158322,0.00159782,0.0016537,0.00171356,0.00174918,0.00171548,0.00165728,0.0016578,0.00169654,0.00171031,0.00165965,0.00159822,0.00155323,0.00153893,0.00155426,0.00158176,0.00157831,0.00153397,0.00148523,0.00151047,0.00159717,0.00168259,0.00170427,0.00170598,0.0017232,0.00177398,0.00186752,0.00197209,0.00205508,0.00204331,0.00203088,0.00208581,0.00219016,0.00225222,0.0022011,0.00212909,0.00208928,0.00209515,0.00214249,0.00219378,0.0022197,0.00216296,0.00210347,0.00210232,0.00214907,0.00219094,0.0021692,0.00212359,0.00207404,0.00205367,0.00207875,0.00212323,0.00213961,0.00206423,0.00197763,0.00193219,0.00193196,0.00193807,0.0019148,0.00190926,0.00196158,0.00209575,0.00231233,0.00255537,0.00274107,0.00276493,0.0027319,0.00284284,0.00306239,0.00317968,0.00309832,0.00291499,0.00280286,0.0027685,0.00280761,0.00287145,0.00288182,0.00279553,0.00267784,0.00264917,0.00270748,0.00273423,0.00268034,0.00259124,0.00255382,0.00256312,0.00261135,0.00267084,0.00268981,0.0026288,0.00255304,0.00250551,0.00251468,0.00258076,0.00263066,0.00252552,0.00205408,0.00153008,0.00125776,0.00133493,0.00153005,0.00155019,0.00148954,0.00152073,0.00162444,0.00169001,0.00163447,0.00156205,0.00151611,0.00152577,0.0015821,0.0016418,0.00166198,0.00158413,0.00149894,0.00146111,0.00147354,0.00148842,0.00145571,0.00141192,0.00138103,0.00137228,0.00138521,0.00139875,0.00139005,0.00133899,0.00127705,0.00125792,0.00126891,0.00126624,0.0012246,0.00117793,0.00114326,0.00113054,0.00114305,0.0011661,0.00114979,0.00107734,0.000977535,0.000913791,0.000887256
0.000666921,0.000674888,0.000688774,0.000716538,0.000749751,0.000769133,0.000760442,0.000745487,0.000747181,0.000761324,0.0007834,0.000806009,0.000821966,0.000830031,0.000840689,0.000876741,0.000921996,0.000950559,0.00095268,0.000940125,0.000938055,0.000947545,0.00096442,0.000980385,0.000986676,0.000978005,0.000966301,0.00097094,0.000985304,0.000991095,0.000976851,0.000956517,0.000943019,0.000939897,0.000942499,0.000946156,0.000940074,0.00092147,0.000905498,0.000916408,0.000937074,0.000943826,0.000921425,0.000896172,0.000899958,0.000927899,0.000967296,0.00100466,0.0010258,0.00102308,0.00101929,0.00103856,0.00106846,0.00109187,0.00108625,0.00107215,0.00106258,0.00106301,0.00107353,0.00108858,0.00109793,0.00109508,0.00109039,0.00109441,0.00110525,0.00110672,0.00109328,0.001074,0.0010624,0.00106194,0.00107541,0.00109581,0.00110215,0.0010867,0.00105918,0.00104436,0.00104487,0.00103905,0.0010158,0.000982506,0.000946075,0.000921067,0.000921005,0.000943637,0.000971707,0.000984796,0.000998394,0.00102552,0.00106485,0.00109543,0.00110774,0.00111098,0.00111336,0.00112515,0.0011591,0.00120434,0.00121153,0.00117625,0.00116182,0.00130541,0.00155289,0.00171333,0.00170937,0.00162288,0.00158435,0.00159561,0.00165117,0.00171991,0.00174881,0.00171042,0.00165975,0.00165639,0.00169837,0.00170988,0.00166326,0.00159689,0.00155312,0.00153986,0.00155578,0.00157884,0.00157864,0.00152856,0.00148799,0.00150805,0.00159287,0.00168199,0.00171017,0.00170597,0.00172323,0.00177618,0.0018667,0.00198006,0.00205448,0.00205913,0.00203167,0.00207997,0.00219608,0.00225226,0.00221249,0.00212689,0.00208942,0.00209787,0.00214221,0.00220188,0.00221847,0.00216893,0.00209845,0.00210366,0.00215468,0.00218803,0.00217376,0.00212301,0.00207526,0.00205192,0.00207698,0.00213279,0.00213648,0.00206887,0.00197384,0.00192884,0.00193377,0.001934,0.00191428,0.00190768,0.00196597,0.00209163,0.00230017,0.00256523,0.00274075,0.0027377,0.00273727,0.00284593,0.00304782,0.00318456,0.00307862,0.00292015,0.00280149,0.00276697,0.00280689,0.00286456,0.00288785,0.0027788,0.00267852,0.00265116,0.00269516,0.00273604,0.00267567,0.00259374,0.00255115,0.00256135,0.0026138,0.00266933,0.00269106,0.00263552,0.00254971,0.00250667,0.00251967,0.00258264,0.00265397,0.00252295,0.00208273,0.00149774,0.00124032,0.00135475,0.0015138,0.00153276,0.00148421,0.00150895,0.0016142,0.00167364,0.0016421,0.00155637,0.00151162,0.00152086,0.00157637,0.00164515,0.00165387,0.00158682,0.0014961,0.00145881,0.00147313,0.0014829,0.00145746,0.00140946,0.00138024,0.00137192,0.00138242,0.00139671,0.00138615,0.00133374,0.00127788,0.00125658,0.00126759,0.0012634,0.00122506,0.00117609,0.00114198,0.00112945,0.00114085,0.00115679,0.00114271,0.00106363,0.000976197,0.000910501,0.000889354
0.000665047,0.00067086,0.000685648,0.000715747,0.000749618,0.000763649,0.000757142,0.000745396,0.000746665,0.000760895,0.000782496,0.000804484,0.000819974,0.000827483,0.000838822,0.000871367,0.000916451,0.000948012,0.00094531,0.000936633,0.00093491,0.000943947,0.000959989,0.00097665,0.000982634,0.000970933,0.000962161,0.00096626,0.000979868,0.000984519,0.000971029,0.000951611,0.000938711,0.000936426,0.000938907,0.00094218,0.000935934,0.000916799,0.000900498,0.00091218,0.000934048,0.000935021,0.000913577,0.000891127,0.000895209,0.000924118,0.000962943,0.00100101,0.00102105,0.00101817,0.00101442,0.0010333,0.00106312,0.00108122,0.00107765,0.00106483,0.00105657,0.0010575,0.00106761,0.0010814,0.00109218,0.00108939,0.0010836,0.00108709,0.00109857,0.00109993,0.00108517,0.00106893,0.0010577,0.0010579,0.00107051,0.00108851,0.00109793,0.00107794,0.00105204,0.00103705,0.00103607,0.00103042,0.00101064,0.00097772,0.000942161,0.000916979,0.000916632,0.000939835,0.000966951,0.000980005,0.000992191,0.00101823,0.00105711,0.00108661,0.00109963,0.00110371,0.00110626,0.0011178,0.00115084,0.00119338,0.0011998,0.00115711,0.00114675,0.001293,0.00154289,0.00170402,0.00170022,0.00161945,0.00158176,0.00159439,0.00164851,0.00171182,0.00174981,0.00171122,0.00165553,0.00165247,0.00169807,0.0017085,0.00166051,0.00159525,0.00155175,0.00153929,0.00155516,0.00157981,0.00157875,0.0015277,0.00148136,0.00151208,0.00160754,0.00168286,0.00170403,0.00170876,0.00172514,0.00177503,0.0018649,0.00198077,0.0020585,0.0020479,0.00203256,0.00208209,0.0021955,0.00225355,0.00221136,0.00212937,0.00208892,0.00209596,0.00214081,0.00220032,0.00221825,0.00216788,0.00210164,0.0021012,0.00215215,0.00219348,0.00217007,0.00212193,0.00207279,0.00205307,0.00207783,0.00212419,0.00214063,0.00207087,0.00197499,0.00192877,0.00193261,0.00193147,0.00190967,0.00190309,0.00195954,0.00208789,0.00229529,0.00254889,0.00272523,0.00275589,0.00271609,0.00283367,0.00305159,0.00315462,0.00308719,0.00291028,0.00279595,0.00276768,0.0028097,0.00287778,0.00288094,0.00279287,0.00266805,0.00264531,0.00270388,0.00273179,0.0026763,0.00259375,0.00254934,0.00255879,0.0026127,0.00267533,0.00268588,0.00263049,0.00255124,0.00250883,0.00251897,0.00258131,0.00264981,0.00252372,0.00208151,0.00150347,0.00123969,0.00130944,0.00150788,0.00153311,0.00147818,0.00148935,0.00159144,0.00166885,0.0016184,0.00154582,0.00150572,0.00151745,0.00156691,0.00162732,0.00164957,0.00158324,0.00149323,0.00145573,0.00147044,0.0014789,0.00144726,0.00140721,0.00137843,0.00136957,0.00137792,0.00138901,0.00138352,0.00133237,0.00127387,0.00125176,0.00126391,0.00125868,0.00122027,0.00117254,0.00113768,0.00112365,0.00113063,0.00114436,0.00112644,0.00105816,0.000966758,0.000903604,0.000885914
0.000663098,0.000669269,0.000682615,0.000712699,0.0007428,0.000758907,0.000753621,0.000744614,0.000746639,0.000760133,0.00078166,0.00080241,0.000817852,0.000825984,0.000838276,0.000869192,0.000909714,0.00094102,0.000942078,0.00093187,0.000931688,0.000939881,0.000955403,0.000969918,0.000976444,0.000967232,0.000958696,0.000962474,0.000972525,0.000977297,0.00096537,0.000947029,0.000936074,0.000932679,0.000935111,0.000937531,0.000931649,0.000912523,0.000898337,0.000907458,0.000923071,0.000927799,0.000906834,0.000887789,0.000892578,0.000919607,0.000958077,0.000993011,0.00101453,0.00101183,0.00101064,0.00102737,0.00105141,0.00106877,0.00106712,0.00105707,0.00105089,0.0010517,0.00106117,0.00107474,0.00108435,0.00108141,0.00107668,0.00108154,0.00108883,0.00109174,0.00108,0.00106396,0.0010533,0.00105341,0.00106462,0.00108212,0.00108934,0.00107039,0.00104508,0.00103152,0.00102704,0.00102186,0.00100246,0.00097225,0.000937351,0.000913653,0.000912291,0.000934482,0.00096083,0.000974042,0.000986989,0.00101281,0.00104628,0.00107778,0.00109146,0.00109574,0.00109798,0.00111042,0.00114306,0.00117936,0.00118794,0.00113629,0.00114107,0.00129272,0.00152043,0.00169985,0.00169034,0.00161703,0.00157794,0.00159233,0.00165001,0.00171284,0.00174491,0.00170524,0.0016537,0.00165344,0.00168793,0.00170843,0.0016588,0.00159547,0.00155074,0.00153833,0.00155588,0.00158152,0.00157848,0.00152638,0.00148045,0.00151899,0.00160034,0.00168294,0.00171015,0.00170905,0.00172417,0.00177503,0.0018684,0.00198019,0.00205788,0.00204988,0.00203439,0.00208873,0.00218726,0.00225871,0.00220836,0.00213172,0.0020902,0.00209712,0.00214225,0.00219364,0.00221847,0.00216515,0.00210504,0.00210059,0.0021487,0.00218959,0.00217051,0.00211922,0.00207254,0.00205315,0.00207581,0.00212469,0.00213748,0.00206462,0.00197851,0.00193161,0.00192351,0.00192917,0.00190696,0.00190192,0.00195593,0.00208125,0.00229729,0.00253812,0.00272012,0.00272241,0.00271503,0.00283236,0.0030199,0.0031509,0.00305681,0.00290746,0.00279739,0.00276617,0.00280973,0.00286308,0.00288431,0.0027732,0.00267194,0.00265143,0.00269039,0.00273014,0.00267606,0.00259156,0.00255005,0.00255794,0.00261001,0.00266366,0.00268644,0.00262576,0.00255544,0.00250922,0.00252018,0.00258379,0.00263741,0.00252514,0.00206608,0.00153401,0.00121527,0.00131148,0.00148268,0.00151069,0.00146476,0.00148723,0.00157278,0.00164722,0.00160945,0.00153541,0.00150174,0.00151169,0.0015576,0.00161302,0.00163656,0.00157335,0.00149114,0.00145388,0.00146159,0.00146949,0.00144189,0.00140251,0.00137698,0.00136692,0.00137448,0.00138472,0.00137604,0.0013248,0.00127019,0.00125177,0.00125347,0.0012535,0.00121626,0.00116983,0.00113372,0.0011178,0.0011238,0.0011299,0.00111219,0.00104253,0.000961604,0.000903438,0.000884226
0.000662459,0.000667406,0.000680393,0.000709565,0.000741036,0.000756416,0.000751798,0.000742484,0.00074419,0.000759422,0.000780608,0.000801124,0.000816596,0.000825568,0.000837314,0.000864908,0.000907208,0.000936375,0.000938029,0.000929261,0.000928791,0.000938363,0.000952436,0.000966864,0.000972813,0.000965308,0.000955881,0.000958346,0.00096949,0.000973044,0.000960785,0.000943769,0.000933352,0.000930314,0.000933159,0.000935565,0.000929488,0.000911746,0.000897155,0.000903009,0.000921028,0.000925652,0.000906271,0.000886317,0.000890609,0.000917974,0.000954751,0.000988608,0.00100906,0.00100905,0.00100515,0.00101933,0.00104453,0.00106073,0.00106008,0.00105202,0.00104668,0.00104796,0.00105558,0.00106891,0.00107818,0.00107625,0.00107214,0.00107701,0.00108601,0.0010875,0.00107617,0.00106061,0.00105058,0.00104998,0.00105996,0.0010764,0.00108159,0.00106329,0.00103746,0.00102456,0.00102173,0.00101533,0.000996549,0.000967933,0.000935236,0.000911511,0.000910945,0.000932885,0.000958164,0.000972472,0.000984961,0.00100934,0.00104323,0.00107261,0.00108699,0.00109087,0.00109293,0.00110461,0.00113596,0.00117502,0.00118056,0.00113619,0.00113298,0.00127903,0.00152496,0.00169493,0.00169401,0.00161572,0.00157113,0.00158793,0.00164679,0.00171649,0.00174753,0.00170983,0.00165572,0.00165251,0.00169261,0.00171213,0.00166667,0.00159597,0.00154999,0.00153805,0.0015552,0.00158159,0.00157801,0.0015229,0.00147714,0.00151316,0.00160484,0.0016826,0.00170728,0.00170831,0.0017237,0.00177438,0.00186972,0.00198816,0.00205886,0.00204689,0.00202741,0.00208359,0.00219331,0.00225251,0.00220947,0.00212799,0.00208343,0.00209356,0.00213724,0.00218986,0.00221082,0.00216627,0.0020997,0.00208639,0.00214056,0.00218146,0.00216333,0.00211474,0.00206936,0.00204826,0.00206881,0.00211683,0.00212917,0.00206204,0.00196773,0.00191848,0.00191909,0.00192386,0.00190596,0.0019003,0.00194722,0.00207087,0.00229332,0.00254972,0.00271853,0.00272943,0.00270919,0.00282261,0.00303719,0.00315404,0.00306968,0.00290513,0.00279307,0.00276152,0.00280266,0.00286821,0.00287615,0.00277772,0.00266058,0.00263887,0.00269819,0.00272289,0.00266617,0.00258776,0.00254709,0.00255587,0.00260423,0.00266522,0.00268289,0.0026294,0.00255205,0.00250519,0.00251748,0.00258299,0.0026422,0.00252375,0.00208634,0.00151796,0.00116799,0.00125919,0.00146301,0.00149586,0.00144998,0.00147509,0.00157369,0.00163515,0.00159854,0.00153098,0.00150066,0.00150865,0.00155105,0.00160615,0.00162849,0.0015741,0.00148748,0.00144899,0.00146066,0.00146467,0.00143696,0.00140056,0.00137605,0.00136649,0.00137162,0.00138267,0.00137232,0.0013236,0.00126981,0.00125135,0.00125707,0.00125357,0.00121844,0.00117027,0.00113363,0.00111714,0.00112163,0.0011289,0.00111018,0.00104404,0.000959907,0.000904015,0.000886539
0.000663522,0.000671005,0.000683505,0.000711009,0.000741571,0.000758516,0.00075315,0.000742453,0.000744351,0.000758882,0.000781142,0.000801751,0.000817072,0.000824937,0.000836998,0.000867662,0.000908074,0.000939443,0.000941643,0.000931833,0.000931743,0.000939856,0.000955181,0.000969294,0.000975473,0.000966662,0.00095714,0.000959482,0.000968778,0.000973784,0.000962046,0.000944006,0.000933752,0.000930984,0.000934868,0.000937081,0.000931162,0.000912338,0.000898907,0.000906888,0.000923601,0.000929432,0.000908818,0.00088731,0.000892572,0.00091881,0.000955993,0.000988698,0.00100879,0.00100806,0.0010036,0.00101568,0.00103906,0.00105756,0.00105775,0.00105145,0.00104629,0.00104648,0.00105456,0.00106761,0.00107642,0.00107544,0.00107207,0.00107719,0.00108547,0.00108799,0.00107618,0.00106046,0.00105074,0.00104995,0.00106082,0.00107615,0.00108017,0.00106156,0.00103548,0.00102258,0.00101811,0.00101357,0.000994655,0.000966652,0.000934187,0.000914089,0.000913555,0.000933015,0.000959157,0.0009725,0.000986592,0.00101201,0.00104371,0.00107322,0.00108697,0.00109082,0.00109292,0.00110513,0.0011362,0.00117148,0.0011807,0.00113021,0.00113783,0.00128492,0.00150697,0.00168465,0.00167932,0.001613,0.00157247,0.00158523,0.00164446,0.00171069,0.00175067,0.00170694,0.00166222,0.00166204,0.00169108,0.00171302,0.00166191,0.00159493,0.00154999,0.00153792,0.00155612,0.00158171,0.00157727,0.00152435,0.0014772,0.00151438,0.00159942,0.00168096,0.00170263,0.00170829,0.00172501,0.00177644,0.0018699,0.00198134,0.00205987,0.00204014,0.00202965,0.00209087,0.00218243,0.0022461,0.00220679,0.00212549,0.00208386,0.00208916,0.00213289,0.00218183,0.00219863,0.00214688,0.00209171,0.00208608,0.00213411,0.00217465,0.00215839,0.0021093,0.0020644,0.00204731,0.00206501,0.00210209,0.00212142,0.00205641,0.00196222,0.0019139,0.00191117,0.00191684,0.00189664,0.00189629,0.00194852,0.00207069,0.00228629,0.00252998,0.00270828,0.00270811,0.00270319,0.00282187,0.00300386,0.00313267,0.00304043,0.00289876,0.00278931,0.00275643,0.00279805,0.0028549,0.00286188,0.00276564,0.00265398,0.0026368,0.00268411,0.00271374,0.00266146,0.00258279,0.00254266,0.00255017,0.00259681,0.00264906,0.0026741,0.00262325,0.00254984,0.00250347,0.00251627,0.00258252,0.00263366,0.00252007,0.00205735,0.00151761,0.00119889,0.0013078,0.00147312,0.00150741,0.00146531,0.00149073,0.00157869,0.00165505,0.00161954,0.00154223,0.00150478,0.00151469,0.00156182,0.00161762,0.00163974,0.00157517,0.00149363,0.00145229,0.00146078,0.00146998,0.00144348,0.00140536,0.00137904,0.00136979,0.00137681,0.00138857,0.00137953,0.00133041,0.0012766,0.00125822,0.00126142,0.00126061,0.001224,0.0011751,0.00113881,0.0011236,0.00112963,0.00113734,0.00112003,0.00104929,0.000966051,0.000907534,0.000886686
0.000665168,0.000673785,0.000687921,0.000713109,0.00074573,0.000765122,0.000757852,0.000744375,0.000744533,0.000759984,0.000782047,0.000803569,0.000818439,0.000825404,0.00083621,0.000868166,0.000912595,0.000944368,0.000943434,0.000935906,0.000934298,0.000943702,0.000959262,0.000973426,0.000980541,0.000971552,0.000959788,0.000960734,0.000972937,0.000977377,0.00096414,0.00094652,0.000935467,0.000933747,0.000937478,0.000940878,0.000934752,0.000916644,0.000900814,0.00090866,0.00093138,0.000936101,0.000914056,0.000889446,0.000895235,0.000922678,0.00095885,0.000992532,0.00101228,0.00101043,0.00100425,0.00101493,0.0010402,0.00105782,0.00106054,0.00105243,0.00104629,0.00104572,0.00105441,0.00106756,0.00107673,0.00107564,0.00107215,0.00107616,0.00108748,0.00108965,0.00107808,0.00106151,0.00105148,0.00105042,0.00106207,0.00107792,0.00108193,0.0010624,0.00103621,0.00102165,0.00102073,0.0010157,0.000995721,0.000967062,0.000936192,0.000912658,0.000912631,0.000935891,0.000960506,0.000974825,0.000986446,0.00101179,0.00104778,0.00107611,0.00108984,0.00109386,0.00109736,0.00110927,0.00113895,0.00117891,0.00118646,0.00114897,0.00114402,0.00128392,0.00151956,0.0016759,0.00167941,0.00160623,0.00156913,0.00158637,0.00163992,0.00171082,0.00174392,0.00170975,0.00165423,0.0016531,0.0016966,0.00170857,0.0016625,0.00159314,0.00154924,0.00153704,0.00155461,0.00157941,0.00157595,0.00152184,0.00147785,0.00150727,0.00160411,0.00167921,0.00170214,0.00170697,0.00172739,0.00177657,0.00186668,0.00198423,0.00205637,0.00204818,0.00202487,0.00207844,0.00218267,0.00224573,0.00219326,0.00212152,0.00207743,0.00208312,0.00212676,0.00217862,0.00219096,0.00214428,0.00208311,0.0020779,0.00212546,0.00216506,0.00214479,0.00210258,0.00206124,0.00204108,0.00205552,0.00209865,0.00211491,0.00205353,0.00195941,0.00190887,0.00191109,0.0019115,0.00189341,0.00189179,0.0019463,0.00207025,0.0022716,0.00252598,0.00269612,0.00271203,0.00268758,0.00281577,0.00301858,0.00311593,0.00305455,0.00289056,0.00277875,0.00275303,0.00279001,0.00285085,0.0028601,0.00276187,0.00264976,0.00262487,0.00268058,0.00270911,0.00265258,0.00257635,0.00253592,0.00254437,0.0025873,0.00264104,0.00266605,0.00262148,0.00254494,0.00250141,0.00251179,0.00257906,0.00264875,0.00251939,0.00206845,0.00147732,0.00123963,0.00133855,0.00150015,0.00152171,0.00148322,0.00150033,0.00160356,0.00168947,0.0016483,0.00156172,0.00151116,0.00152523,0.00157797,0.00164574,0.0016638,0.00160061,0.00150284,0.00145305,0.00146782,0.00147952,0.00145105,0.00141178,0.00138298,0.00137563,0.00138478,0.00139923,0.00139119,0.0013405,0.00128089,0.00125557,0.00126996,0.00126854,0.00123262,0.00118155,0.00114538,0.00113014,0.00113618,0.00115101,0.0011327,0.0010626,0.000970631,0.000910126,0.000890161
0.000666495,0.000675602,0.000690632,0.000716798,0.000749978,0.000769098,0.000759939,0.000745602,0.00074538,0.000760659,0.000782909,0.000804729,0.000819651,0.000827038,0.00083681,0.0008717,0.000915946,0.000944555,0.00094835,0.00093771,0.000937261,0.000947093,0.000962958,0.000977961,0.000983691,0.000974259,0.000962933,0.000963158,0.000974633,0.00097968,0.000966083,0.000948308,0.000937306,0.000935682,0.000939702,0.000943634,0.000937855,0.000919594,0.000903159,0.000911794,0.000935703,0.00094168,0.000919813,0.000893434,0.000896399,0.000923506,0.000961868,0.000994993,0.00101468,0.00101215,0.00100668,0.00101464,0.001038,0.0010595,0.00105908,0.00105236,0.00104624,0.0010455,0.0010542,0.00106705,0.00107644,0.00107515,0.00107201,0.00107635,0.00108832,0.00109058,0.00107908,0.00106185,0.00105212,0.00105121,0.00106341,0.00107857,0.00108284,0.00106266,0.00103715,0.00102243,0.00102097,0.00101656,0.0009964,0.000967615,0.0009372,0.000913746,0.000913878,0.00093801,0.0009622,0.000976731,0.000987789,0.00101342,0.00104993,0.00107864,0.00109261,0.00109673,0.00109963,0.00111317,0.00114424,0.00118626,0.00119348,0.00116518,0.00115751,0.0012938,0.00152436,0.00167505,0.00168016,0.00160389,0.0015684,0.00158516,0.00163782,0.0017087,0.00173949,0.00170666,0.00164949,0.00164906,0.00169319,0.00170563,0.00166214,0.00159321,0.00154995,0.00153601,0.00155276,0.00157618,0.00157388,0.00151835,0.0014774,0.00150563,0.00159899,0.00167729,0.00170187,0.00170572,0.00172528,0.00177706,0.00186833,0.00198541,0.00205498,0.00204823,0.00201836,0.00207862,0.00217929,0.00222778,0.00219366,0.00211038,0.00207022,0.00207867,0.00212289,0.00217146,0.00218486,0.00212507,0.00207449,0.00207632,0.00212117,0.00214863,0.00213736,0.0020935,0.00205269,0.00203605,0.00205221,0.00209564,0.00210946,0.00204599,0.00195665,0.00190587,0.00190541,0.00190703,0.00189085,0.00188845,0.0019425,0.00206612,0.0022679,0.00252524,0.0026921,0.00271756,0.00269261,0.00280273,0.0029947,0.00312321,0.00302941,0.00288376,0.00277237,0.00274661,0.00278663,0.00284421,0.00285548,0.00275507,0.00264816,0.00262201,0.00267125,0.00269946,0.00264103,0.00256864,0.00252843,0.00253638,0.00257859,0.00263201,0.00265483,0.00260946,0.00253918,0.00249707,0.00250962,0.00257866,0.00265647,0.00252803,0.00209391,0.0015112,0.00127359,0.00136123,0.00152665,0.00154152,0.00150158,0.00153194,0.0016419,0.00171252,0.00166945,0.00158166,0.00152656,0.0015371,0.00159568,0.00166338,0.00168611,0.00160445,0.00151404,0.00145957,0.00147109,0.00148366,0.00146293,0.00141789,0.00138853,0.00138119,0.001393,0.00140638,0.00139917,0.00134533,0.00128566,0.00125831,0.00127427,0.00127496,0.00123982,0.00118818,0.00115165,0.00113602,0.00114353,0.0011617,0.00114423,0.00107214,0.000976412,0.000913608,0.000891961
0.000667239,0.000676665,0.000691401,0.000720304,0.000751488,0.000770256,0.000762975,0.000744909,0.000745711,0.000760645,0.000783387,0.000804973,0.000820406,0.000824932,0.000838743,0.000871743,0.000913045,0.000947936,0.000947161,0.000939496,0.000938557,0.000948424,0.000964773,0.000979144,0.00098634,0.000977753,0.000963728,0.000963429,0.000975133,0.000980417,0.000969464,0.00094846,0.000937749,0.000936216,0.000940768,0.000943792,0.00094015,0.000919296,0.000905028,0.00091424,0.000936724,0.000946428,0.000920959,0.000894789,0.000895515,0.000923332,0.000962186,0.000996636,0.00101468,0.00101331,0.00100392,0.00101306,0.00103699,0.00105649,0.00105843,0.00105056,0.00104451,0.00104447,0.00105221,0.00106624,0.00107492,0.00107442,0.00106991,0.00107684,0.00108764,0.00109079,0.00107779,0.00106094,0.00105058,0.00105129,0.00106227,0.00107915,0.00108192,0.00106346,0.00103521,0.0010213,0.00101979,0.00101552,0.000997118,0.00096695,0.000934687,0.000915348,0.00091593,0.000935958,0.000963464,0.000975334,0.000989354,0.00101494,0.00104839,0.00108017,0.00109301,0.00109774,0.00110162,0.00111398,0.00114757,0.00118466,0.00119603,0.0011618,0.00117113,0.00130072,0.00150246,0.00167221,0.00166104,0.0016022,0.00156656,0.00157968,0.00163601,0.00169831,0.00173751,0.00169708,0.0016494,0.00164895,0.00168482,0.00170412,0.00165587,0.00159145,0.00154829,0.00153642,0.00155097,0.00157689,0.0015717,0.00152241,0.0014718,0.00150755,0.00159395,0.0016758,0.00169968,0.00170589,0.00172433,0.001776,0.00186854,0.00197344,0.00205366,0.00203867,0.00202034,0.00207075,0.00216276,0.00222227,0.0021736,0.00210468,0.002065,0.00207236,0.00211385,0.0021618,0.00217169,0.00212363,0.00206386,0.00206896,0.00210752,0.00213867,0.0021224,0.00208561,0.00204752,0.00202833,0.00204895,0.00208597,0.00210228,0.00203879,0.00195016,0.00190309,0.00189825,0.00190194,0.00188413,0.00188529,0.00193731,0.0020569,0.00226775,0.00250282,0.00268622,0.00269152,0.00269322,0.00279147,0.00297923,0.00309813,0.00303685,0.00286958,0.00276505,0.00273958,0.00277781,0.00284064,0.00284467,0.00275436,0.00263644,0.00262261,0.00266619,0.00268684,0.00263644,0.00256105,0.00252231,0.00252768,0.00257029,0.00261926,0.00264134,0.00259776,0.00253101,0.00249037,0.00250501,0.00257678,0.00263475,0.0025365,0.00205812,0.00156219,0.00127251,0.00139413,0.0015454,0.00157334,0.00151117,0.00155206,0.00165299,0.00173568,0.00169806,0.00159298,0.00153755,0.00154353,0.00160612,0.00168122,0.00169688,0.00162699,0.00151586,0.00146331,0.00147315,0.00148919,0.00146235,0.00142289,0.00139311,0.00138433,0.00139864,0.00141729,0.00140518,0.00135349,0.0012859,0.00126386,0.00127688,0.00128195,0.00124347,0.00119337,0.00115485,0.00114122,0.00115261,0.00116787,0.00115546,0.00107533,0.000982474,0.000916336,0.000891186
0.000667633,0.000676078,0.000691653,0.0007226,0.000756439,0.00077156,0.000760937,0.000746641,0.00074541,0.000760407,0.00078305,0.000805253,0.000819723,0.000825684,0.000835976,0.000869165,0.000915993,0.00094874,0.000951045,0.000940451,0.000939139,0.000949046,0.000965898,0.000982516,0.000988075,0.000977017,0.000963749,0.000963382,0.000975848,0.000981781,0.000968128,0.000949243,0.000937413,0.000935816,0.000940648,0.00094545,0.000940893,0.000921889,0.00090513,0.00091413,0.000940076,0.000948813,0.000924484,0.000894321,0.000891469,0.000921119,0.00096076,0.000995425,0.00101375,0.00100962,0.00100037,0.00100917,0.00103388,0.00105295,0.00105506,0.00104814,0.00104237,0.00104185,0.00104924,0.00106325,0.00107305,0.0010715,0.00106821,0.00107591,0.0010879,0.00109056,0.00107777,0.00105957,0.00104842,0.00104957,0.00106052,0.00107674,0.00108059,0.0010607,0.00103289,0.00101903,0.00101885,0.00101501,0.000995084,0.0009655,0.000934338,0.000911986,0.000912971,0.000937073,0.000961912,0.000976243,0.000987351,0.00101267,0.00104885,0.00107924,0.00109365,0.00109778,0.00110094,0.00111292,0.00114628,0.00118564,0.00119615,0.00116399,0.00116224,0.00129052,0.00150647,0.00164743,0.00165662,0.00159001,0.00155654,0.00157511,0.00163164,0.00169889,0.00173004,0.00169651,0.00164274,0.00164166,0.00168378,0.00170108,0.00165708,0.00159024,0.00154434,0.00153325,0.00154873,0.00157395,0.00157051,0.00151837,0.00147328,0.00150475,0.00159347,0.0016776,0.00170349,0.00170416,0.00172086,0.00177183,0.00186397,0.00197443,0.00204469,0.00203864,0.00201348,0.0020617,0.00216393,0.00221903,0.00217548,0.00209922,0.00205925,0.00206551,0.00210426,0.0021496,0.00215923,0.00211008,0.00205449,0.00205955,0.00210214,0.00213021,0.0021155,0.00207694,0.0020376,0.00201762,0.00204147,0.00208714,0.00208893,0.00202586,0.00194311,0.00189758,0.00189403,0.00189645,0.00188149,0.00187941,0.00192667,0.00204383,0.0022534,0.00249656,0.00265572,0.00268897,0.00267199,0.00276291,0.00296186,0.00308058,0.00300069,0.00285661,0.00275866,0.00273245,0.00276854,0.00282818,0.00283346,0.00273987,0.00262977,0.00260969,0.00265845,0.00268161,0.00262756,0.00255383,0.00251467,0.00251985,0.00255919,0.00261293,0.00263014,0.00258434,0.00252346,0.00248674,0.00249505,0.00256033,0.00263018,0.00250952,0.00207627,0.00154008,0.00124681,0.00136454,0.00155756,0.00157293,0.00151646,0.00156742,0.00169254,0.00175627,0.00169632,0.00160087,0.00154737,0.0015573,0.00161828,0.00169413,0.0017196,0.00162864,0.00151693,0.00147103,0.00148413,0.00149543,0.00146863,0.001426,0.00139646,0.00139036,0.00140502,0.00142462,0.00141791,0.00135353,0.00128764,0.00126955,0.00128588,0.00128888,0.0012523,0.0011997,0.00115946,0.00114474,0.00115679,0.00117838,0.0011645,0.00108617,0.000985284,0.000917534,0.000893247
0.000667918,0.000676827,0.00069354,0.000724961,0.000755794,0.000773528,0.000763706,0.000747424,0.000747459,0.000760546,0.000783013,0.000804014,0.00081914,0.000823308,0.000835051,0.000869094,0.00091311,0.000947533,0.000948441,0.00094095,0.000939672,0.000948848,0.0009661,0.000981904,0.00098866,0.000976806,0.000964081,0.000964091,0.000974762,0.000981804,0.000968709,0.000949256,0.000937903,0.000935532,0.000940823,0.000944976,0.000942338,0.000921499,0.000905266,0.000917982,0.0009391,0.000949057,0.000923965,0.000892978,0.000892748,0.000919527,0.000959141,0.000992781,0.00101344,0.00100667,0.000998706,0.00100769,0.0010298,0.00105038,0.00105196,0.00104532,0.00103922,0.00103919,0.00104713,0.00106073,0.00107141,0.00107006,0.00106811,0.00107549,0.00108658,0.00108987,0.00107691,0.00105755,0.00104731,0.00104789,0.00105976,0.00107465,0.00107981,0.00105749,0.00103148,0.00101855,0.0010172,0.00101373,0.000993056,0.000964311,0.000932279,0.000911637,0.000912318,0.000934321,0.000961352,0.000973736,0.000986779,0.00101251,0.00104657,0.00107778,0.00109201,0.00109789,0.00110243,0.00111583,0.00114729,0.00118441,0.00119647,0.0011579,0.00116129,0.00130054,0.00148596,0.00163096,0.00163601,0.00158163,0.00155336,0.00157025,0.00162834,0.00168972,0.0017233,0.00168203,0.00163908,0.00164032,0.00167246,0.0016955,0.00165415,0.00158751,0.00154361,0.00153152,0.0015484,0.00157085,0.00156812,0.00151889,0.00147739,0.00150814,0.0015907,0.00167469,0.00169879,0.001702,0.00171964,0.00176967,0.00186072,0.00196342,0.00203731,0.0020216,0.00200907,0.00206044,0.00214781,0.00220798,0.00216487,0.00209208,0.00205446,0.00205852,0.00209662,0.00213701,0.00214862,0.00210275,0.0020527,0.00205177,0.00208752,0.00211849,0.00210441,0.00206744,0.00202968,0.00201265,0.00203311,0.00206879,0.0020777,0.00201342,0.00193866,0.00189492,0.00188729,0.00188885,0.00187201,0.00187255,0.00192144,0.00204022,0.00224422,0.00246587,0.00263584,0.00265534,0.00266187,0.00276386,0.00293926,0.00306107,0.00298613,0.00284623,0.00275143,0.0027248,0.0027614,0.00281344,0.00282182,0.00272935,0.00262575,0.00260611,0.00263935,0.00267214,0.002621,0.0025468,0.00250763,0.00251074,0.00254979,0.00259142,0.00261383,0.00257083,0.00251792,0.00248117,0.00248909,0.00254777,0.00259639,0.00248228,0.00202563,0.00154434,0.00126645,0.00137017,0.00157547,0.00157528,0.00153224,0.00158361,0.00169754,0.00177539,0.00171161,0.00161249,0.00156245,0.00156965,0.00163354,0.00171005,0.00173701,0.00164092,0.00152896,0.00147905,0.00148631,0.00150055,0.00147348,0.00142975,0.0014026,0.00139682,0.00141309,0.00143228,0.00142672,0.00136027,0.00129453,0.0012761,0.00128926,0.00129506,0.00125923,0.00120466,0.00116577,0.00115116,0.00116288,0.00118021,0.00117162,0.00109192,0.000992571,0.000919109,0.000892325
0.000667986,0.000676672,0.000693464,0.00072333,0.000757559,0.000773293,0.000761827,0.000745736,0.000745465,0.0007608,0.000782796,0.000804569,0.000819462,0.000824843,0.000834688,0.000868166,0.000916872,0.000945761,0.000947218,0.000940069,0.000939331,0.000948291,0.000964874,0.000982927,0.000988449,0.000976712,0.000961402,0.000961059,0.000974013,0.00098032,0.000968081,0.000948327,0.000936848,0.000935109,0.000940304,0.000947158,0.000943537,0.000921746,0.000904929,0.000919601,0.000947539,0.000952798,0.000925809,0.00089248,0.000892323,0.000919103,0.000956517,0.000990636,0.00101086,0.00100624,0.000995171,0.00100348,0.00102835,0.00104668,0.00104774,0.00104156,0.00103577,0.00103586,0.00104427,0.00105879,0.00106864,0.0010674,0.00106555,0.00107229,0.00108526,0.00108824,0.00107377,0.00105482,0.0010448,0.00104512,0.00105671,0.00107188,0.00107692,0.00105688,0.00102838,0.001016,0.0010174,0.0010116,0.000991407,0.000963085,0.000932514,0.000911136,0.000912458,0.000936157,0.000962121,0.000975395,0.000986767,0.0010121,0.00104841,0.00107751,0.0010919,0.00109774,0.00110378,0.00111758,0.0011471,0.00118735,0.00119932,0.0011643,0.00116543,0.00129988,0.00149736,0.00162867,0.0016298,0.00157629,0.00154729,0.00156369,0.00162142,0.00169225,0.00171711,0.00167766,0.00163241,0.00163415,0.00167313,0.0016915,0.00165228,0.00158372,0.0015403,0.00152872,0.00154405,0.00156628,0.00156327,0.00151789,0.00147338,0.00149326,0.00158691,0.00166818,0.00169475,0.0016984,0.00171682,0.00176553,0.00185609,0.00196953,0.00203179,0.00201738,0.00200024,0.00204976,0.00214477,0.00219439,0.00215445,0.00208227,0.00204481,0.00205116,0.00208536,0.00212585,0.00213388,0.00208892,0.00204158,0.00203651,0.00207633,0.00210507,0.00209238,0.00205626,0.00202068,0.00200389,0.00202088,0.00205961,0.00206789,0.00201002,0.00193013,0.00188771,0.00188442,0.0018809,0.00186513,0.00186843,0.00191855,0.00203348,0.002231,0.00246636,0.00262995,0.00265417,0.00264364,0.0027364,0.00292299,0.00303628,0.00297451,0.00283019,0.00273508,0.00271412,0.00274739,0.0028008,0.00280711,0.002723,0.00261709,0.00258835,0.0026328,0.00265838,0.00261134,0.0025377,0.00249842,0.0025025,0.0025395,0.00258447,0.00259851,0.0025648,0.00250634,0.00247061,0.00248238,0.00254011,0.00260188,0.0024895,0.00207497,0.001535,0.00128152,0.00140202,0.00159022,0.00159964,0.00153916,0.00159028,0.00173466,0.00179351,0.00172267,0.00162134,0.00156931,0.00157685,0.00163971,0.00172466,0.00174656,0.00165605,0.00152992,0.00147408,0.00149118,0.00150496,0.00147665,0.00143352,0.00140648,0.00139985,0.00141606,0.00143957,0.00143093,0.00136783,0.00129468,0.00127278,0.00129479,0.0013009,0.00126257,0.00120811,0.00117017,0.00115639,0.0011678,0.00119127,0.00118286,0.00110989,0.000998428,0.000918506,0.000893304
0.000667525,0.000677554,0.000692987,0.000724399,0.000756862,0.000771285,0.000761313,0.000744573,0.00074493,0.000759752,0.000782319,0.000803301,0.000819388,0.000823072,0.000834533,0.00086643,0.000910701,0.000942233,0.000945052,0.000937382,0.000936742,0.000945792,0.000962899,0.000979268,0.000986226,0.000971049,0.000958403,0.000960733,0.000972948,0.000977672,0.0009642,0.000947118,0.00093614,0.000933984,0.000940371,0.000948209,0.000943615,0.000924649,0.000907914,0.00092145,0.000945711,0.000956322,0.000921434,0.000893243,0.000892676,0.000917183,0.000954358,0.000987558,0.00100462,0.000998316,0.00099112,0.000999394,0.00102155,0.00104105,0.00104398,0.00103729,0.00103165,0.00103232,0.00104101,0.00105387,0.00106431,0.00106458,0.00106244,0.00106934,0.00108215,0.00108492,0.00107234,0.00105222,0.00104203,0.00104202,0.00105384,0.00106887,0.00107119,0.00104963,0.00102502,0.00101384,0.00101366,0.00100937,0.000989636,0.000961405,0.000930715,0.000911152,0.000912645,0.000934472,0.000961714,0.000974139,0.000987285,0.00101217,0.00104672,0.00107678,0.00108987,0.00109705,0.00110336,0.0011186,0.00114996,0.0011931,0.00120446,0.00118443,0.00117888,0.00130142,0.00148122,0.00161681,0.0016136,0.00156814,0.00154147,0.00155652,0.00161248,0.0016738,0.00170511,0.00167125,0.00162552,0.00162879,0.00166758,0.00168287,0.00163541,0.00157923,0.00153786,0.00152379,0.00153875,0.00155803,0.00155627,0.00150746,0.00146835,0.00149425,0.00158652,0.00166113,0.00169066,0.00169248,0.00171028,0.00176196,0.00185134,0.00195184,0.00202048,0.00201302,0.00199346,0.00204202,0.00213166,0.00217954,0.0021465,0.00207234,0.00203646,0.00204119,0.00207402,0.00210613,0.00211513,0.00207874,0.00203064,0.00202613,0.00206481,0.00209053,0.00207988,0.00204362,0.00200841,0.00199363,0.00201019,0.00204153,0.00205294,0.00199328,0.00192272,0.00187998,0.0018733,0.00187291,0.00186212,0.00186624,0.00191987,0.00203077,0.00222282,0.00244587,0.00261533,0.00262616,0.00262547,0.00273825,0.00291768,0.00300513,0.00292711,0.00281038,0.00272164,0.00270188,0.00273452,0.00277905,0.00278845,0.00270339,0.0026124,0.00258119,0.00260916,0.00264382,0.00259136,0.00252661,0.00248989,0.00249345,0.00252842,0.00256517,0.00258601,0.00254443,0.00249556,0.00246254,0.00247633,0.00253289,0.00257848,0.00249975,0.00206127,0.00155193,0.00129874,0.0013822,0.00158788,0.00158546,0.00155173,0.00159881,0.00173338,0.00181212,0.00174287,0.00162952,0.00157465,0.00158335,0.00165385,0.001743,0.00176418,0.00166919,0.00153699,0.00148203,0.0014965,0.00150871,0.00148307,0.00143671,0.00140872,0.0014027,0.00142067,0.00144663,0.00143838,0.00137736,0.00130131,0.00127994,0.0012999,0.00130666,0.00126926,0.00121192,0.00117353,0.00116052,0.00117555,0.00120604,0.00119803,0.00111065,0.00100543,0.000926284,0.000897772
0.000666496,0.000675335,0.000692621,0.000721689,0.000752439,0.000770799,0.000758741,0.000743926,0.000743531,0.00075905,0.000781469,0.000803263,0.000817862,0.000823752,0.000832595,0.000864657,0.000906856,0.000937432,0.000939847,0.000933273,0.000932617,0.000942524,0.000959141,0.000975873,0.000980894,0.000969243,0.000953903,0.000956356,0.000968038,0.000974667,0.000964038,0.000944458,0.000933881,0.000932808,0.00093919,0.000945221,0.000943721,0.000922327,0.000908477,0.000918258,0.000946918,0.000952584,0.000925279,0.000890886,0.000889581,0.000915273,0.000951149,0.000982742,0.000999402,0.000995829,0.00098691,0.000995644,0.00101831,0.00103664,0.00103859,0.00103302,0.00102794,0.00102857,0.00103749,0.00105112,0.0010605,0.00106023,0.00105894,0.00106574,0.00107731,0.00108069,0.00106758,0.00104946,0.00103819,0.00103914,0.00105039,0.00106445,0.00106643,0.00104603,0.0010208,0.00101195,0.00101246,0.00100718,0.000986926,0.000959438,0.000930356,0.000910276,0.000910395,0.00093507,0.000960227,0.000974869,0.00098596,0.00101046,0.00104534,0.00107403,0.00108917,0.00109581,0.00110318,0.00111799,0.00115169,0.00118726,0.00120519,0.00117885,0.00119112,0.00129301,0.00147379,0.00160042,0.00161672,0.00155663,0.00153271,0.00155022,0.00160173,0.00166253,0.00169026,0.00165838,0.0016169,0.001618,0.00165562,0.00166817,0.00163152,0.00157102,0.00153174,0.00152034,0.00153135,0.00155473,0.00154864,0.00150346,0.00145788,0.00149493,0.00157914,0.00165303,0.00167809,0.00168665,0.00170706,0.0017556,0.00184157,0.00194252,0.00200587,0.00199985,0.00198547,0.00202736,0.00211246,0.00216254,0.00212409,0.00206209,0.00202695,0.00203281,0.00206353,0.00209573,0.00210121,0.00206292,0.00202154,0.00201783,0.00205018,0.00207562,0.00206213,0.00203014,0.00199786,0.00198226,0.00199668,0.00203036,0.00203495,0.00198515,0.00191196,0.00187072,0.00186502,0.00186389,0.00185111,0.00185993,0.00191182,0.00202578,0.0022097,0.00244053,0.00259389,0.00261808,0.00260242,0.00272034,0.00289271,0.0029739,0.00291564,0.00278957,0.00271054,0.00268973,0.00271808,0.00276706,0.00276824,0.00269513,0.00259607,0.00256995,0.0026074,0.00262428,0.00258121,0.00251558,0.00248361,0.00248527,0.00251684,0.0025551,0.00256671,0.00253587,0.00248438,0.00245414,0.00246015,0.00251793,0.0025939,0.0024818,0.00207198,0.00152476,0.00130201,0.00143615,0.0015911,0.00161931,0.00156055,0.00159474,0.00174302,0.00183252,0.00175917,0.00164224,0.00157751,0.0015895,0.00166671,0.00174927,0.00178133,0.00166356,0.00154253,0.00148544,0.00149727,0.00151297,0.00148423,0.00143964,0.00140814,0.0014048,0.00142543,0.00145225,0.00144588,0.00137163,0.00130601,0.00128131,0.0012968,0.00131272,0.00127212,0.00121475,0.00117291,0.00116264,0.00118311,0.00121017,0.00120553,0.00112047,0.00100425,0.000929327,0.000897247
0.000665385,0.000674604,0.000689581,0.000718677,0.000750925,0.000766822,0.000757142,0.000742508,0.000742575,0.000758273,0.000780623,0.000802255,0.000816762,0.000822612,0.000831966,0.00086075,0.000901187,0.000933161,0.000935899,0.000928698,0.00092856,0.000938543,0.000954878,0.000971051,0.000975724,0.000964179,0.000949191,0.00095326,0.000967438,0.000971861,0.000959305,0.00094306,0.000931941,0.000930339,0.000936911,0.000944852,0.000941564,0.000925025,0.000907003,0.000915249,0.000944353,0.000950394,0.000922931,0.000889215,0.000886537,0.000912243,0.000947103,0.000979561,0.00099609,0.000990391,0.000985189,0.000992483,0.0010135,0.00103334,0.00103527,0.00102901,0.00102428,0.00102524,0.00103399,0.00104662,0.00105721,0.00105705,0.0010549,0.00106126,0.0010731,0.00107623,0.00106371,0.00104594,0.0010347,0.00103573,0.00104599,0.00106095,0.00106218,0.00104212,0.00101856,0.00100908,0.00100911,0.00100528,0.000986662,0.000957773,0.000928025,0.000909,0.00090993,0.00093336,0.000958829,0.000973359,0.000984761,0.00100886,0.00104326,0.00107151,0.0010871,0.00109443,0.00110178,0.00111608,0.00114859,0.00118625,0.00119875,0.00118614,0.00118707,0.00128529,0.0014672,0.00159281,0.00159025,0.00154878,0.00152506,0.001542,0.00159076,0.00164636,0.00168007,0.00165011,0.00160561,0.00160585,0.00164591,0.00165875,0.00161719,0.00156442,0.00152632,0.00151604,0.00152628,0.0015479,0.00154247,0.00149354,0.00145062,0.00148633,0.00157143,0.00164337,0.00166998,0.00168005,0.00170186,0.00175015,0.00183152,0.00192496,0.00199522,0.00199107,0.00197218,0.00200917,0.00209527,0.0021435,0.00210943,0.00205046,0.00201815,0.00202471,0.0020534,0.00208226,0.00209177,0.00205472,0.00201052,0.00200587,0.00203788,0.00206094,0.00204813,0.00201675,0.00198644,0.00197104,0.0019844,0.00201568,0.00201914,0.00197271,0.00190312,0.00186256,0.00185641,0.00185492,0.0018497,0.00185397,0.00190504,0.00201512,0.00219643,0.00242394,0.00257798,0.00259847,0.00258674,0.0026958,0.00287323,0.00295214,0.00287751,0.00277451,0.00269978,0.00267783,0.00270398,0.00274961,0.00274991,0.00267645,0.00258206,0.00255773,0.0025949,0.00260857,0.00256814,0.00250761,0.00247622,0.00247689,0.00250389,0.00253821,0.00255439,0.00251859,0.00247207,0.00244286,0.0024469,0.00250542,0.00258123,0.00247721,0.00207455,0.0015483,0.00133122,0.00142964,0.00162814,0.00162347,0.00157357,0.00160694,0.00175193,0.00184491,0.00177685,0.00165208,0.00158341,0.0015948,0.00167406,0.00176595,0.00177803,0.00168479,0.00154168,0.00147997,0.00149897,0.00151655,0.00148848,0.00144238,0.00140957,0.00140626,0.00142729,0.00145555,0.0014462,0.00137934,0.00129915,0.0012774,0.0013022,0.00131329,0.00127597,0.00121816,0.00117422,0.00116149,0.00118547,0.0012231,0.00120679,0.00111764,0.00100265,0.000930512,0.000901162
0.000664099,0.000672179,0.00068764,0.000715859,0.000745306,0.000761886,0.000753051,0.000740596,0.00074269,0.00075727,0.000779684,0.000800196,0.00081576,0.000821124,0.000831247,0.000859908,0.000896198,0.000925996,0.000929965,0.00092396,0.00092433,0.000933925,0.000949956,0.000964393,0.000970393,0.00095788,0.000946752,0.000950417,0.000961073,0.000968857,0.000958772,0.000940477,0.000930056,0.000928456,0.000935075,0.000941631,0.000941247,0.000920002,0.000907375,0.000918192,0.000939065,0.000950336,0.000919841,0.000888633,0.000885212,0.000907098,0.000943003,0.000973107,0.000990481,0.000987761,0.000981866,0.000990191,0.00100924,0.00102791,0.00103052,0.00102456,0.00102031,0.00102173,0.00103032,0.00104287,0.00105256,0.00105231,0.00105151,0.00105783,0.00106824,0.00107157,0.00105991,0.00104197,0.00103254,0.00103289,0.00104176,0.00105312,0.00105699,0.0010378,0.00101609,0.00100729,0.00100703,0.001003,0.000983556,0.000955865,0.000926617,0.000908006,0.00090917,0.000931003,0.000957306,0.000970715,0.000984072,0.00100827,0.00104008,0.00106902,0.00108415,0.00109289,0.00110083,0.0011169,0.00114771,0.00118016,0.00119844,0.00117522,0.00118915,0.0012954,0.00145577,0.00157487,0.00157929,0.00153732,0.00151939,0.00153509,0.00158165,0.0016373,0.0016664,0.00163599,0.00159697,0.00159921,0.00163005,0.00164721,0.00161242,0.00155678,0.00152257,0.00151083,0.00152245,0.00153787,0.00153695,0.00148727,0.00144973,0.00148166,0.001559,0.00163346,0.0016645,0.00167326,0.00169639,0.00174596,0.00182365,0.00191342,0.00197966,0.00197684,0.00196478,0.00199959,0.00207165,0.00212417,0.00209893,0.00203913,0.00201172,0.00201593,0.00204351,0.00207105,0.00207765,0.00204063,0.00200168,0.0019987,0.00202346,0.00204603,0.00203404,0.00200342,0.00197419,0.00196123,0.00197298,0.00199642,0.00200217,0.00195612,0.00189591,0.00185623,0.00184396,0.00184558,0.00184117,0.00184938,0.00189754,0.00200897,0.00219011,0.0024018,0.00256445,0.00257331,0.00258123,0.0026834,0.00282813,0.0029198,0.00286813,0.00275693,0.00268458,0.00266512,0.0026913,0.00272687,0.00273065,0.00265357,0.00257292,0.00255128,0.0025745,0.00259242,0.00255215,0.00249744,0.00246909,0.00246831,0.00249275,0.00252357,0.00253769,0.00250579,0.00246136,0.0024299,0.00243861,0.00249601,0.00255641,0.00248471,0.00204967,0.0015914,0.00134055,0.00146266,0.00163645,0.00164192,0.00157271,0.00162902,0.00176391,0.0018484,0.0017811,0.00165847,0.00159132,0.00160289,0.00168145,0.00175966,0.00179019,0.00168037,0.00154914,0.00147873,0.00149757,0.00151946,0.00149437,0.00144307,0.00141304,0.00140796,0.00143121,0.00145718,0.00144995,0.00137376,0.00130058,0.00127872,0.00129957,0.00131574,0.00127774,0.00121986,0.00117646,0.00116413,0.00118933,0.00122013,0.00121666,0.0011167,0.00101007,0.000934107,0.000897532
0.000661914,0.000669857,0.000684233,0.000711296,0.000743309,0.000756197,0.000748229,0.000738278,0.000741169,0.000756674,0.000777783,0.000798079,0.000813218,0.000820544,0.000829662,0.000854723,0.00089274,0.000920036,0.000923895,0.000918007,0.000918275,0.000927736,0.000942606,0.000957693,0.000962025,0.000951313,0.000939937,0.000943065,0.0009574,0.000964178,0.000953384,0.000936692,0.000926558,0.000924942,0.000931663,0.000941163,0.000938635,0.000918833,0.000902668,0.000911461,0.000936,0.000945134,0.000918019,0.000883707,0.000878989,0.000904094,0.000937756,0.000966577,0.000982426,0.000980827,0.000975377,0.000983626,0.00100432,0.00102169,0.00102402,0.00101855,0.00101521,0.00101708,0.00102521,0.00103811,0.00104763,0.00104827,0.0010468,0.00105242,0.00106335,0.00106595,0.00105355,0.00103751,0.00102912,0.00102897,0.00103631,0.00104656,0.00105002,0.00103523,0.00101202,0.00100115,0.00100273,0.000999271,0.000980809,0.00095303,0.000923675,0.000904319,0.000908004,0.000930569,0.000954952,0.000969274,0.000981924,0.00100552,0.00103811,0.00106545,0.00108135,0.00109099,0.00110043,0.00111711,0.00114768,0.00118502,0.00120111,0.00118375,0.00119065,0.00129131,0.00145313,0.00155717,0.00155993,0.00152393,0.00150811,0.00152483,0.00156854,0.00162233,0.00164825,0.00162252,0.0015847,0.00158598,0.00161916,0.00163219,0.00159732,0.00154699,0.00151433,0.00150259,0.00151211,0.00152793,0.00152513,0.0014853,0.00144684,0.00146928,0.00155225,0.00162732,0.00165579,0.00166564,0.00168924,0.001737,0.00181147,0.0019002,0.00196335,0.00196739,0.0019525,0.00198432,0.00206024,0.00210866,0.0020813,0.00202699,0.00200182,0.00200675,0.00203054,0.0020562,0.00205977,0.00202761,0.00199019,0.0019865,0.00201221,0.00202978,0.00201725,0.00198841,0.00196097,0.00194711,0.0019561,0.00197873,0.00198099,0.00193949,0.00188034,0.00184165,0.00183396,0.00183475,0.00183276,0.00184292,0.00188966,0.00199772,0.00217433,0.00238892,0.00253437,0.00255545,0.00255537,0.00264781,0.00280603,0.00289282,0.00284014,0.00273072,0.0026585,0.00264423,0.00266936,0.00270619,0.00270548,0.0026369,0.00255555,0.0025323,0.00255976,0.00257347,0.00253802,0.00248613,0.00245693,0.00245829,0.00248026,0.00250897,0.00251901,0.0024929,0.00245059,0.00241993,0.00242125,0.0024764,0.00254401,0.00245235,0.00205916,0.00155917,0.00130232,0.0014316,0.00162664,0.00162324,0.00156101,0.00164174,0.00179621,0.00186312,0.00179031,0.00166955,0.00159906,0.00161328,0.00169057,0.00178509,0.00180999,0.00170831,0.00155793,0.00147544,0.00149795,0.00152271,0.00149213,0.0014438,0.00141491,0.0014103,0.00143392,0.00146378,0.00145937,0.00138982,0.00130532,0.00128246,0.00131312,0.0013193,0.00127734,0.00122105,0.00117952,0.00116764,0.0011935,0.00123523,0.00122366,0.00112807,0.00101005,0.000930828,0.000899068
0.000658745,0.000666182,0.000680076,0.000703587,0.000730432,0.000749475,0.000744419,0.000735875,0.000739563,0.000754531,0.000775687,0.000795299,0.000809719,0.000816374,0.000827826,0.000851463,0.000883351,0.000911614,0.000914495,0.000910623,0.000911889,0.000920555,0.000933295,0.000945247,0.000951637,0.000942614,0.000933442,0.000938102,0.000950862,0.000956525,0.000945774,0.000931996,0.000923221,0.000920615,0.000926187,0.000932305,0.000932863,0.000913709,0.000898861,0.000908174,0.000928163,0.000933931,0.000904194,0.000876324,0.000879148,0.000900613,0.0009305,0.000957648,0.000972996,0.00097293,0.00096975,0.000978759,0.000997924,0.00101316,0.00101437,0.00101148,0.00100907,0.00101183,0.00101975,0.00103098,0.00104128,0.00104096,0.00104082,0.0010475,0.00105694,0.00105849,0.00104907,0.00103274,0.00102384,0.00102321,0.00103061,0.00103963,0.00104135,0.00102362,0.00100605,0.000996659,0.000994672,0.000994212,0.000976552,0.000949496,0.000919724,0.000903387,0.000906402,0.000926907,0.000951751,0.000965557,0.000980375,0.00100294,0.00103252,0.00106174,0.00107867,0.00108938,0.00109934,0.00111766,0.00114861,0.00118246,0.00120071,0.00118023,0.00119626,0.00129079,0.0014242,0.00153614,0.00154186,0.00151031,0.00149617,0.00151081,0.00155487,0.00160432,0.00162664,0.00160407,0.00157226,0.00157494,0.00160119,0.0016122,0.0015854,0.00153622,0.0015049,0.00149287,0.00150234,0.00151444,0.00150969,0.00146839,0.00144253,0.00146408,0.00153493,0.00161491,0.00164251,0.00165596,0.00167951,0.00172562,0.00180006,0.00188562,0.0019424,0.00193516,0.00193377,0.00197808,0.00204857,0.0020797,0.00204853,0.00201073,0.00199122,0.00199292,0.00201634,0.00203853,0.00203981,0.00201155,0.00197929,0.00197626,0.00199532,0.00201041,0.00199966,0.00197184,0.00194433,0.00193251,0.00193962,0.0019537,0.00195679,0.0019142,0.001864,0.00183356,0.00182474,0.001821,0.00181967,0.00183465,0.00188466,0.00198939,0.00215685,0.00233975,0.00249457,0.00253056,0.00253448,0.0026138,0.00274535,0.00284652,0.00279304,0.00269799,0.00263538,0.00262352,0.0026452,0.00267291,0.00267502,0.00260507,0.00254052,0.00251898,0.00253501,0.00255203,0.00251937,0.0024756,0.0024489,0.00244819,0.00246953,0.00249386,0.00250112,0.00247891,0.00244204,0.0024097,0.00241104,0.0024609,0.00251351,0.00242497,0.00200628,0.00156925,0.00131921,0.00143375,0.0016294,0.00162603,0.00158079,0.00164939,0.00179121,0.00187744,0.00180902,0.00168127,0.00161434,0.00162442,0.0017019,0.00179291,0.00182123,0.00170987,0.00155955,0.00149548,0.00150811,0.0015244,0.00149751,0.00144669,0.00141741,0.00141436,0.00143803,0.00146713,0.00146486,0.00138783,0.00131006,0.0012836,0.00130391,0.00132464,0.00128068,0.00122347,0.00118062,0.0011705,0.00119748,0.00123194,0.00122795,0.00112532,0.0010129,0.000935003,0.000899698
0.00065721,0.00066579,0.000678156,0.000698833,0.000726295,0.000745953,0.000743267,0.000733864,0.000737702,0.000753675,0.000774864,0.00079471,0.000808915,0.00081681,0.000826345,0.000847773,0.000881549,0.000905761,0.000909014,0.00090546,0.000908209,0.00091589,0.000927444,0.000939641,0.000946245,0.000939696,0.000929741,0.000934545,0.00094999,0.00095416,0.000943395,0.000929455,0.000921085,0.000919628,0.000923471,0.00093094,0.00093229,0.000915899,0.000897865,0.000906925,0.000933388,0.000932464,0.000899497,0.000873263,0.000877382,0.000897583,0.000926296,0.000952869,0.000968336,0.000968547,0.000965602,0.000975044,0.000995452,0.00100862,0.0010098,0.00100708,0.00100594,0.00100809,0.00101613,0.00102832,0.00103719,0.00103703,0.00103588,0.00104371,0.00105282,0.00105432,0.0010445,0.0010296,0.00101925,0.0010193,0.00102698,0.0010377,0.00103699,0.00102057,0.00100265,0.000994256,0.000994358,0.00099244,0.000975247,0.000947471,0.000919492,0.000901403,0.000903837,0.000925586,0.000950046,0.000965354,0.000978763,0.00100059,0.00103039,0.00105927,0.00107677,0.00108696,0.00109789,0.00111569,0.00114654,0.00118285,0.00119912,0.00118651,0.00119628,0.00128617,0.00142814,0.00152831,0.00153582,0.00150227,0.00148731,0.00150466,0.001547,0.00159509,0.00161734,0.00159497,0.0015625,0.00156532,0.00159686,0.00160341,0.00157367,0.00153144,0.00149889,0.00148922,0.00149829,0.00151304,0.00150761,0.00147129,0.00143806,0.00145418,0.00153477,0.00160862,0.00163858,0.0016509,0.00167415,0.00172026,0.00179392,0.00188171,0.00193058,0.0019213,0.00191746,0.00197234,0.00204243,0.00206525,0.0020372,0.0020015,0.001986,0.00198846,0.00200767,0.00202778,0.00202884,0.00200091,0.0019691,0.00196495,0.00198485,0.00199793,0.00198584,0.00195989,0.00193526,0.00192252,0.00192831,0.00194433,0.00194293,0.00190366,0.00185333,0.0018271,0.00181705,0.00181238,0.00181025,0.00182802,0.00188238,0.0019836,0.00214714,0.00234093,0.0024904,0.00253482,0.00252967,0.00258554,0.00273558,0.00282435,0.00277353,0.00267905,0.00262793,0.00261343,0.00263198,0.00266259,0.00266031,0.00259993,0.00252916,0.00250661,0.00252728,0.00253736,0.00250712,0.00246385,0.00243912,0.00243867,0.00245659,0.00248032,0.00248464,0.00246106,0.00242738,0.00239815,0.00239701,0.00244726,0.00251841,0.00243265,0.00203722,0.00154435,0.00132526,0.00146954,0.00163705,0.00162703,0.00158013,0.00163555,0.00179921,0.00188944,0.00181199,0.00168282,0.0016209,0.00163338,0.00170576,0.00180657,0.00183283,0.00170766,0.00154759,0.00149973,0.00151514,0.00152593,0.00149658,0.00144796,0.00141468,0.00141487,0.0014371,0.00147172,0.00146843,0.00139537,0.00130898,0.00127948,0.0013057,0.00133053,0.00129225,0.00122511,0.00118184,0.00117203,0.00119867,0.00123898,0.00123629,0.00114257,0.00101377,0.000934761,0.000900811
0.000658249,0.000666056,0.00067865,0.000704671,0.00073354,0.000746612,0.00074033,0.000734969,0.000738918,0.000754393,0.000775992,0.000796387,0.000810496,0.000817139,0.000825219,0.000851636,0.000883848,0.000906602,0.000910107,0.000906681,0.000906534,0.000915082,0.000928372,0.000942074,0.00094687,0.000937895,0.000930077,0.0009351,0.000949712,0.000959773,0.000948867,0.000932114,0.000921357,0.000920068,0.000929218,0.000940649,0.000937709,0.000915604,0.000902954,0.000910576,0.000929908,0.000943798,0.000914215,0.000879359,0.000870863,0.000894114,0.000928588,0.000955536,0.00097096,0.000969061,0.000968308,0.000976525,0.000993679,0.00101188,0.00101344,0.00100828,0.00100503,0.00100768,0.00101678,0.00102952,0.00103812,0.0010397,0.0010384,0.00104299,0.0010536,0.00105544,0.0010445,0.00102888,0.0010208,0.00102018,0.00102743,0.00103494,0.0010388,0.00102403,0.00100484,0.000997698,0.000999345,0.000993768,0.000974248,0.000948063,0.000920567,0.000902162,0.000904189,0.000925131,0.000949636,0.000964826,0.000977172,0.000999297,0.00102994,0.001056,0.00107192,0.00108341,0.00109492,0.00111242,0.00114356,0.0011797,0.00119526,0.00118634,0.00119339,0.00128823,0.00143475,0.00154056,0.00154518,0.00151139,0.00149514,0.00151182,0.00155535,0.00159912,0.00162757,0.00159775,0.00157206,0.00157066,0.00159408,0.00161531,0.00159058,0.00153807,0.00150559,0.00149516,0.00150531,0.00152363,0.00151759,0.00147716,0.00143655,0.00147527,0.00155136,0.00161776,0.00164493,0.00165743,0.00168056,0.00172802,0.0018013,0.00187754,0.00194174,0.00194797,0.00193887,0.00196769,0.00202845,0.0020815,0.00206761,0.00201313,0.00198838,0.0019938,0.00201137,0.00203154,0.00203071,0.00200253,0.00196821,0.00196373,0.001984,0.00199594,0.00198377,0.00195666,0.00193191,0.00191915,0.00192609,0.00194298,0.0019392,0.00190575,0.00185511,0.00181909,0.00181232,0.00181156,0.00181048,0.0018273,0.00187788,0.00198229,0.0021565,0.00236961,0.00251872,0.00254506,0.00253219,0.0026397,0.00277811,0.00284822,0.00280808,0.00269745,0.0026261,0.00261552,0.00264143,0.00267085,0.00266529,0.00260301,0.00252647,0.00250018,0.00251826,0.00252791,0.00249545,0.00245251,0.00242885,0.00242753,0.00244175,0.00246176,0.00247139,0.00245026,0.00241299,0.00238363,0.00238352,0.00243264,0.00250396,0.00240765,0.00198558,0.00155398,0.00134356,0.00140924,0.00163999,0.00164582,0.00158913,0.00164961,0.00180621,0.0018997,0.0018212,0.00169561,0.00162252,0.00163242,0.00172169,0.00181499,0.00183992,0.00172949,0.00157508,0.00147877,0.00150793,0.00152751,0.00149921,0.00144744,0.00141872,0.00141395,0.00144359,0.0014778,0.00146985,0.00139332,0.00131114,0.00128505,0.00131815,0.00132724,0.00128411,0.00122588,0.00118431,0.00117393,0.00120231,0.00124131,0.00123868,0.00115212,0.00102461,0.000927255,0.000889073
0.000658877,0.000666829,0.000681144,0.00070611,0.00073439,0.000748685,0.00074547,0.000734955,0.000739454,0.000755437,0.000777071,0.000797141,0.000812023,0.000817808,0.000827048,0.000852056,0.000884074,0.000906339,0.000911726,0.000906003,0.000906425,0.000914721,0.000927892,0.000941248,0.000947092,0.000937385,0.000930098,0.000936314,0.000953596,0.000962756,0.0009517,0.000933495,0.000922354,0.000921656,0.000931657,0.00094268,0.00094274,0.00092457,0.000903265,0.000915456,0.00094157,0.000948101,0.000921306,0.000878578,0.000874098,0.000896144,0.000930164,0.000957052,0.000972971,0.000973616,0.00096885,0.000977276,0.000997808,0.00101302,0.00101484,0.00100811,0.00100465,0.00100736,0.00101666,0.00102894,0.00103887,0.00103839,0.001038,0.00104391,0.00105398,0.0010565,0.00104321,0.00102861,0.00101968,0.00101872,0.00102742,0.00103876,0.00103953,0.0010254,0.00100508,0.000998078,0.000999911,0.000995534,0.000976793,0.000948132,0.000919507,0.000901589,0.000902918,0.000925151,0.000949077,0.000963064,0.000975483,0.000996319,0.0010271,0.00105362,0.00107027,0.00107967,0.00109009,0.00110864,0.00113855,0.00117676,0.00119255,0.00117103,0.00118907,0.00128535,0.00144525,0.00155264,0.00156455,0.00151798,0.00150036,0.00151478,0.00156107,0.00161308,0.00163478,0.00161471,0.00157659,0.00157342,0.00160687,0.0016251,0.00159177,0.00154369,0.00150888,0.00149811,0.00151222,0.00152972,0.00152779,0.00148404,0.00144898,0.00147439,0.00155993,0.00162722,0.0016571,0.00166251,0.00168587,0.00173163,0.00180538,0.00189564,0.00195054,0.00195686,0.00193809,0.00198018,0.00205086,0.00209199,0.00206395,0.00202029,0.00199466,0.0019958,0.00201568,0.00203293,0.00203244,0.00199837,0.00196656,0.00196138,0.00197939,0.00199419,0.00197927,0.00195291,0.00192747,0.00191418,0.0019224,0.00193652,0.00193642,0.00189642,0.00184972,0.00181743,0.00180898,0.00180946,0.00181117,0.00182424,0.00187171,0.00198044,0.00216467,0.00238269,0.00254981,0.00254679,0.00255594,0.00265061,0.00279126,0.00287665,0.00280851,0.00270638,0.00263308,0.00262057,0.0026458,0.00267788,0.00267117,0.00259509,0.00252229,0.00249081,0.00251035,0.00251851,0.00248891,0.00244024,0.00241579,0.00241335,0.00242883,0.00244766,0.00245784,0.00243612,0.00239642,0.0023649,0.00236867,0.00241951,0.00246476,0.00238875,0.00201527,0.00155075,0.00132841,0.001487,0.00163909,0.00164504,0.00158878,0.00165999,0.00182228,0.00191029,0.00184537,0.00170118,0.00163178,0.00164483,0.00172496,0.00182716,0.00184672,0.00174685,0.001569,0.00148932,0.00150592,0.00152965,0.00149575,0.00144918,0.00141721,0.00141564,0.0014442,0.00147519,0.00147227,0.00140004,0.00131105,0.0012831,0.00131713,0.00133282,0.00128472,0.00122811,0.00118476,0.00117348,0.00120307,0.00124562,0.00124147,0.00114863,0.00102496,0.000926676,0.000892388
0.000659229,0.000668022,0.000681664,0.000705827,0.000734881,0.000750163,0.000744784,0.000735083,0.000738986,0.000756019,0.000777775,0.000798598,0.000813433,0.000820255,0.000828776,0.000850688,0.000883925,0.000908284,0.000909845,0.000905226,0.000905915,0.000914027,0.000926993,0.000940306,0.000946828,0.000939438,0.000929944,0.000938086,0.000958569,0.000965709,0.000952988,0.000934765,0.000923353,0.000922797,0.000933403,0.000948081,0.000948318,0.000924687,0.000906991,0.000918233,0.000948309,0.000957653,0.000921079,0.000883045,0.000874374,0.000897817,0.000931886,0.000959694,0.000974169,0.000972455,0.000968807,0.000977462,0.000998442,0.00101398,0.00101441,0.00100776,0.00100406,0.00100663,0.00101588,0.00102939,0.00103884,0.00103872,0.00103676,0.00104299,0.0010542,0.00105564,0.00104345,0.0010267,0.00101736,0.00101775,0.00102716,0.00103932,0.00104243,0.0010249,0.00100524,0.000999503,0.00100292,0.000997911,0.00097677,0.000948238,0.000919747,0.000901219,0.000901325,0.000921964,0.000948617,0.000963186,0.000973201,0.000992888,0.00102372,0.00105091,0.00106643,0.0010757,0.00108617,0.00110337,0.00113257,0.00116869,0.00118601,0.00117457,0.00117805,0.00127411,0.00144522,0.00156251,0.00156538,0.00152067,0.00150236,0.00152019,0.00156729,0.00162088,0.0016488,0.00162027,0.00158126,0.00157701,0.00161138,0.00163328,0.00160195,0.00154774,0.00151159,0.00150203,0.00151842,0.00154028,0.00153803,0.00149632,0.00145537,0.00147358,0.00156012,0.00163513,0.0016597,0.00166551,0.00168791,0.00173523,0.00181046,0.00190033,0.00195913,0.00195683,0.00194311,0.001983,0.0020584,0.00210281,0.0020769,0.00202162,0.0019954,0.00199917,0.00201849,0.00203671,0.00203405,0.00200034,0.00196338,0.00195781,0.00197896,0.00199235,0.00197778,0.00194906,0.00192268,0.00190926,0.00191782,0.00193548,0.0019337,0.0018951,0.0018441,0.00181363,0.00180735,0.00180777,0.00180774,0.00182321,0.00187141,0.00198006,0.00216972,0.00241109,0.00257079,0.0025865,0.00256661,0.00265756,0.00282018,0.00290424,0.00283765,0.00271644,0.00264021,0.00262585,0.00264842,0.00267666,0.00267059,0.00260444,0.00251428,0.00247692,0.0024983,0.00250921,0.00247465,0.00242685,0.00240198,0.00240033,0.00241656,0.00243917,0.00244458,0.00241904,0.00238055,0.00235082,0.00234936,0.00239938,0.00247285,0.00237626,0.00198523,0.00153168,0.00134087,0.00146569,0.00165346,0.00164579,0.00158822,0.00165828,0.00182959,0.00192096,0.00184371,0.00170607,0.00163554,0.00165169,0.00172943,0.00183229,0.00186277,0.00172936,0.00156051,0.00149364,0.00151326,0.00152934,0.00149988,0.00144889,0.00141602,0.00141527,0.00144473,0.00148573,0.00148065,0.0013988,0.00131178,0.00128194,0.00131418,0.00133384,0.00129582,0.00122762,0.00118371,0.00117634,0.00120581,0.00124687,0.00125111,0.00116136,0.00102476,0.000924617,0.000891325
0.00065944,0.000667786,0.000682302,0.000707818,0.00073512,0.000751029,0.000745602,0.000736112,0.000740706,0.000756059,0.00077877,0.000799504,0.000814515,0.000820829,0.000829899,0.000853246,0.000883579,0.000908494,0.000909959,0.00090442,0.000904801,0.000912644,0.000926324,0.000939565,0.000946333,0.000936713,0.000930005,0.000939057,0.000957577,0.000969389,0.000955822,0.000936498,0.000923838,0.000923175,0.000936,0.000950461,0.000952164,0.000928851,0.000912276,0.000926385,0.000953072,0.000963979,0.000928649,0.000885396,0.000879104,0.000898592,0.000933107,0.000960209,0.000974954,0.000972691,0.000970076,0.00097907,0.000998299,0.00101555,0.00101468,0.00100766,0.00100358,0.00100562,0.00101524,0.00102799,0.00103793,0.00103712,0.00103586,0.00104214,0.00105136,0.00105455,0.00104207,0.00102544,0.00101607,0.00101675,0.00102713,0.00103963,0.0010437,0.00102593,0.00100687,0.00100089,0.00100271,0.000999247,0.000978287,0.000948111,0.000918659,0.000900193,0.000900994,0.000921047,0.000946861,0.000959494,0.000970615,0.000991014,0.00102056,0.00104793,0.00106288,0.00107169,0.00108035,0.00109806,0.00112846,0.00116246,0.0011814,0.00115167,0.00116849,0.00128249,0.00144632,0.00157228,0.00157347,0.001526,0.00150536,0.00152404,0.00157613,0.00163187,0.00166028,0.00162857,0.00158737,0.00158838,0.00161939,0.00163879,0.00160356,0.0015519,0.00151637,0.00150761,0.00152516,0.00154938,0.00154757,0.0015015,0.00145914,0.00148846,0.00156818,0.00164321,0.00166609,0.0016702,0.00169142,0.00173906,0.00181788,0.00190602,0.00197086,0.00196421,0.00195507,0.00199333,0.00206312,0.00211471,0.00208244,0.00202603,0.00199882,0.00200099,0.00202229,0.00203843,0.00203538,0.00199852,0.00196251,0.00195736,0.00197504,0.00199018,0.00197528,0.00194522,0.00191944,0.00190681,0.00191377,0.00192989,0.00192987,0.00188988,0.00184085,0.0018109,0.00180382,0.00180562,0.00180696,0.00182101,0.001871,0.0019835,0.00217629,0.00241088,0.00259495,0.0026023,0.00258816,0.00267188,0.00283046,0.00292774,0.00286123,0.00272559,0.00264618,0.00262801,0.00265252,0.00267649,0.00267193,0.00259049,0.00250623,0.00247143,0.00248569,0.00250016,0.00246517,0.00241601,0.00239026,0.0023862,0.00240345,0.00242394,0.0024318,0.00240482,0.00236533,0.00233357,0.00233688,0.00238469,0.00245076,0.00236444,0.00197391,0.00157275,0.00136978,0.00146631,0.00166153,0.00164697,0.0015971,0.00166978,0.00182278,0.00193052,0.0018526,0.00171404,0.00164193,0.00165191,0.00174234,0.0018467,0.00187242,0.00172299,0.00156809,0.0014993,0.00150922,0.0015309,0.00149838,0.00144977,0.00141776,0.00141576,0.00144689,0.00148407,0.00148447,0.00140241,0.00131393,0.00128909,0.00131369,0.001333,0.00129291,0.00122774,0.001185,0.00117877,0.00121205,0.00125392,0.0012556,0.00115617,0.00102408,0.000930901,0.00089433
0.000659299,0.00066791,0.000682321,0.000707674,0.000737018,0.000750482,0.000743214,0.000735142,0.000738847,0.00075617,0.000779228,0.00080052,0.000815095,0.000821133,0.000828921,0.000851958,0.000884703,0.000906875,0.000908943,0.000902906,0.000902833,0.000911224,0.000925365,0.00094091,0.000945804,0.000936753,0.00092925,0.000938297,0.000959365,0.000972465,0.000960414,0.000937365,0.000923476,0.000923885,0.000937641,0.000955331,0.000955038,0.000931661,0.000910661,0.000923237,0.000956774,0.000964636,0.000927256,0.000882916,0.000874669,0.000899279,0.000933119,0.000961971,0.000976116,0.000974411,0.00096954,0.000978301,0.000999623,0.00101554,0.00101401,0.00100675,0.00100225,0.00100436,0.00101434,0.00102859,0.00103765,0.0010378,0.00103482,0.00104058,0.00105165,0.00105454,0.00104215,0.00102437,0.00101419,0.00101516,0.00102541,0.00103933,0.00104271,0.00102686,0.0010058,0.000998763,0.00100306,0.000999242,0.000977871,0.000946995,0.000917361,0.00089771,0.000899972,0.000922691,0.000945638,0.000958436,0.000967416,0.000988355,0.00101885,0.00104426,0.00105841,0.00106737,0.00107605,0.00109234,0.00112382,0.00116491,0.00117691,0.00114229,0.00115266,0.00127602,0.00146047,0.00158422,0.00158506,0.00153368,0.00150887,0.00152793,0.00158019,0.00164091,0.00166645,0.00163148,0.0015858,0.00159434,0.00163429,0.00164614,0.00161161,0.00155691,0.00152003,0.00151192,0.00152797,0.00155648,0.00155578,0.00150287,0.00145728,0.00149415,0.00158029,0.00165063,0.00167191,0.00167481,0.00169331,0.00174022,0.00182036,0.00191297,0.00197544,0.00196969,0.00195555,0.0019894,0.00206978,0.00212536,0.00209612,0.00203243,0.00200123,0.00200483,0.00202457,0.00204151,0.00203612,0.00199931,0.00195922,0.00195266,0.00197456,0.00198762,0.00197145,0.00194087,0.00191528,0.00190291,0.00190774,0.00192595,0.00192618,0.00188793,0.00183595,0.00180597,0.00180182,0.00180309,0.00180076,0.00181584,0.00187037,0.0019815,0.00217602,0.00242384,0.00261974,0.00265338,0.00260705,0.00267006,0.00285013,0.00295029,0.00287575,0.00273244,0.00264564,0.00263103,0.00265535,0.00268743,0.00267656,0.00259354,0.00249648,0.00246091,0.00248176,0.00248868,0.00244986,0.00240306,0.00237426,0.00237167,0.00238878,0.00241146,0.00241696,0.00238844,0.00234727,0.00231607,0.00231525,0.00236728,0.00242403,0.002342,0.00197173,0.00153322,0.00134454,0.00147133,0.00165842,0.00166892,0.00159679,0.00166386,0.00184235,0.00194136,0.00186185,0.00171979,0.00163934,0.00165163,0.00175099,0.00186939,0.00187639,0.00173273,0.00156472,0.00149066,0.00151062,0.001533,0.00149957,0.00144884,0.00141644,0.00141576,0.00144665,0.00148881,0.00148514,0.001401,0.00130567,0.00128974,0.00132317,0.00133578,0.00129239,0.0012285,0.00118413,0.00117602,0.0012098,0.00125915,0.00125527,0.00115447,0.0010184,0.000933101,0.000896872
0.000658605,0.000666985,0.000681912,0.000706593,0.000733828,0.000748703,0.000743927,0.000733053,0.000738436,0.00075581,0.000779336,0.000800779,0.000815163,0.000821619,0.000828727,0.000851899,0.000883712,0.000905646,0.000908304,0.000901442,0.00090172,0.000909943,0.000924329,0.000938918,0.000945171,0.000937447,0.000929758,0.000939481,0.00096013,0.000972685,0.000958476,0.000937158,0.000924301,0.000925666,0.000938597,0.000952769,0.000957275,0.000934542,0.00091082,0.000923475,0.00095542,0.000963576,0.000930479,0.000882739,0.0008748,0.000896971,0.000932973,0.000961499,0.000977025,0.00097237,0.000969709,0.000980242,0.000999445,0.00101393,0.00101386,0.00100533,0.00100076,0.00100347,0.00101354,0.00102666,0.00103746,0.00103554,0.00103407,0.00103994,0.00104908,0.00105345,0.00103928,0.00102249,0.00101307,0.00101398,0.00102414,0.00103868,0.00104192,0.00102705,0.00100544,0.000998718,0.00100236,0.000998677,0.000977239,0.000945292,0.000914883,0.000898263,0.000900939,0.000920117,0.000945321,0.000954753,0.000965502,0.000985917,0.0010143,0.00103998,0.00105466,0.00106281,0.00107073,0.00108738,0.00111878,0.00115366,0.00116872,0.00114853,0.00114926,0.00127382,0.00145881,0.00159528,0.00159254,0.00154243,0.00151584,0.00153363,0.00158644,0.00164886,0.0016746,0.00164046,0.00158983,0.00159904,0.00163576,0.00165304,0.00161333,0.00156291,0.00152417,0.00151462,0.00153292,0.00156433,0.00156465,0.00151335,0.00146299,0.00149988,0.00158018,0.00165381,0.00167241,0.00167741,0.00169688,0.00174352,0.00182495,0.00191681,0.00197378,0.00197177,0.00195621,0.00199215,0.00207433,0.00212918,0.00209167,0.002036,0.00200458,0.00200681,0.00202659,0.00204325,0.00203628,0.00199926,0.00195692,0.00195025,0.00197079,0.00198426,0.00196892,0.00193664,0.00191039,0.00189816,0.00190461,0.00192482,0.00192415,0.00188715,0.00183398,0.00180418,0.00179922,0.00180033,0.00180083,0.00181184,0.00186151,0.00197704,0.00217995,0.00243843,0.00263344,0.00264841,0.00262332,0.00269024,0.00286877,0.00297261,0.00289923,0.00274331,0.00265478,0.00263353,0.00266076,0.00268824,0.00267882,0.00258737,0.00249245,0.00245355,0.00246528,0.00247442,0.00244028,0.00238773,0.00235957,0.00235718,0.00237625,0.00239899,0.00240057,0.00237282,0.00233138,0.00230078,0.00230003,0.00234659,0.0024209,0.00230636,0.00194057,0.00152644,0.00134376,0.00148457,0.00165843,0.00164613,0.00160067,0.00167735,0.00184112,0.00194805,0.00185923,0.00172304,0.00164742,0.00165908,0.00175771,0.00186602,0.00188562,0.001748,0.0015733,0.00149595,0.00150875,0.00153193,0.00150416,0.00144662,0.00141483,0.00141645,0.00145032,0.00149488,0.00149129,0.00141281,0.00131189,0.00129338,0.00132206,0.00133811,0.00129187,0.00122787,0.00118373,0.00117639,0.00121204,0.0012645,0.00125864,0.00116315,0.00102285,0.000933239,0.000894517
0.000657514,0.000666967,0.000680852,0.000704335,0.000732385,0.000748501,0.000742007,0.000733095,0.000737263,0.000755656,0.000779051,0.000800071,0.000814719,0.000819794,0.000828334,0.000850526,0.00088266,0.000904131,0.000903713,0.000899584,0.000899941,0.000908136,0.000922106,0.000937197,0.000943524,0.000934067,0.000928981,0.000938203,0.00095839,0.000971471,0.000959922,0.000936687,0.000924974,0.000925986,0.000937721,0.000953245,0.000956396,0.000933029,0.000911396,0.000921492,0.000953027,0.000962777,0.00092473,0.000882771,0.000870698,0.000895005,0.000932323,0.000961473,0.000976014,0.000974278,0.000968696,0.000978558,0.000997636,0.00101419,0.00101197,0.00100411,0.000999269,0.00100105,0.00101089,0.00102564,0.0010348,0.00103447,0.00103038,0.00103619,0.00104803,0.00104994,0.00103768,0.00102023,0.00101105,0.00101132,0.00102238,0.00103672,0.00104062,0.00102203,0.00100391,0.000996391,0.000999015,0.000997213,0.000973909,0.000943374,0.000914201,0.000894963,0.000897503,0.000920514,0.000942532,0.000954241,0.000962048,0.000981454,0.00101071,0.00103645,0.00105017,0.00105794,0.00106598,0.00108128,0.00111257,0.00114894,0.00116221,0.00113935,0.00114653,0.00125784,0.00147056,0.00160501,0.00161288,0.00154679,0.00151851,0.00153919,0.00159241,0.00164922,0.00168455,0.00164706,0.00159709,0.00159984,0.00164319,0.00165815,0.00162765,0.00156612,0.00152554,0.00151676,0.00153822,0.00156604,0.00157315,0.00151106,0.00146996,0.00150187,0.0015897,0.00165841,0.00168423,0.00167951,0.00169686,0.00174709,0.00182732,0.00191369,0.00198081,0.00197127,0.00195709,0.00199618,0.00208583,0.00213094,0.00209624,0.00203676,0.00200732,0.00200904,0.002028,0.00204259,0.00203627,0.00199468,0.00195451,0.00194573,0.00196675,0.00198127,0.00196317,0.00193228,0.00190524,0.001892,0.00190139,0.00191759,0.00192059,0.00187765,0.00183044,0.00179946,0.00179271,0.00179739,0.00179792,0.00180951,0.00185277,0.00196896,0.00218494,0.00245431,0.00264785,0.00267069,0.00262498,0.00270066,0.00287692,0.00299248,0.00288912,0.00274972,0.0026532,0.00263181,0.00265998,0.0026955,0.00267832,0.00259124,0.00248064,0.00244483,0.00245947,0.00246505,0.00242556,0.00237575,0.00234528,0.0023428,0.00236184,0.00238221,0.00238649,0.00235672,0.00231497,0.00228238,0.00228357,0.00233052,0.0023736,0.00229198,0.00192818,0.00151611,0.00135712,0.00148596,0.00166265,0.00165236,0.00159693,0.00168055,0.00186439,0.00195367,0.00187736,0.00172372,0.0016523,0.00166648,0.00175339,0.00186899,0.0018922,0.00174226,0.0015785,0.00149087,0.00149836,0.0015339,0.00149898,0.00144603,0.00141319,0.00141423,0.00145147,0.0014907,0.00149572,0.00140536,0.00131743,0.00128656,0.00132568,0.00133852,0.00129656,0.00122575,0.00118091,0.00117567,0.00121445,0.00126297,0.00126142,0.001153,0.00102655,0.00092842,0.000893053
0.000656308,0.000665308,0.000679822,0.000703029,0.000730749,0.000747493,0.00074214,0.0007325,0.000736606,0.000754923,0.000777909,0.000798958,0.000813338,0.000818477,0.000826196,0.000847744,0.000879844,0.000900418,0.000902946,0.000896673,0.000897106,0.000905543,0.000919411,0.000933836,0.000940223,0.000934302,0.000925134,0.00093656,0.000960461,0.000969952,0.000955214,0.000936381,0.000924677,0.000925089,0.000936265,0.000951162,0.000954497,0.000932068,0.000908842,0.000918498,0.000951573,0.000960325,0.00092204,0.000878011,0.000870753,0.000896731,0.000931368,0.000960252,0.000974774,0.000972236,0.000966418,0.000977312,0.000998177,0.00101269,0.00101093,0.00100214,0.000996887,0.000998494,0.0010082,0.00102263,0.00103191,0.00103089,0.00102691,0.00103254,0.00104436,0.00104649,0.00103425,0.00101716,0.00100783,0.00100874,0.00101985,0.00103443,0.00103737,0.00102166,0.000999415,0.000992753,0.000997191,0.000992627,0.000972294,0.000940462,0.000910511,0.000891122,0.000893665,0.00091628,0.000939101,0.000950456,0.000958293,0.000977135,0.00100605,0.00103209,0.00104582,0.00105269,0.00106024,0.00107582,0.00110656,0.00113965,0.00115689,0.00113515,0.00113772,0.00125058,0.00146769,0.00161318,0.00161617,0.00155079,0.00152025,0.00154048,0.00159587,0.00166104,0.00168984,0.00165634,0.00160526,0.00160046,0.00164347,0.00167115,0.00162737,0.00156898,0.00152827,0.00152007,0.00154246,0.00157535,0.00157313,0.00152771,0.00147651,0.00149839,0.00158814,0.00167125,0.00168613,0.0016863,0.00170077,0.001747,0.00182765,0.00192318,0.00198218,0.00197606,0.00195747,0.00199798,0.00209156,0.0021328,0.0020963,0.00203777,0.00200815,0.0020105,0.00202849,0.00204343,0.00203596,0.00199401,0.00195091,0.00194173,0.00196415,0.00197795,0.00195977,0.00192757,0.00189957,0.00188599,0.00189575,0.00191478,0.00191063,0.00187427,0.00182128,0.00179199,0.00178972,0.00179327,0.00179461,0.00180611,0.00184973,0.00196637,0.00219071,0.00247873,0.00267391,0.00265723,0.00262905,0.00272505,0.00290522,0.00298325,0.00290747,0.00274155,0.00264962,0.00263351,0.00266048,0.00269416,0.00267716,0.00258389,0.00247399,0.00243164,0.00244397,0.00245699,0.00241668,0.00236338,0.00233154,0.00232827,0.00234598,0.00236726,0.002371,0.0023415,0.00229784,0.00226456,0.00226497,0.00231184,0.00235785,0.00227316,0.00192025,0.00150029,0.00135065,0.00149693,0.00166309,0.00164856,0.00159869,0.00168464,0.00187133,0.00196243,0.00188249,0.00173452,0.00165797,0.00166747,0.00174962,0.00185833,0.00188592,0.0017664,0.00156786,0.00148103,0.00150463,0.00152847,0.0014973,0.00144394,0.00140996,0.00141052,0.0014485,0.00149319,0.00148526,0.00141098,0.00131115,0.00127874,0.00132006,0.00133742,0.00129478,0.00122652,0.00118265,0.0011735,0.00120772,0.00125919,0.00125478,0.00115856,0.00102101,0.000922037,0.000887786
0.000654814,0.000663811,0.000677639,0.000702177,0.000727901,0.000744768,0.000740579,0.000730451,0.00073641,0.000753533,0.000776934,0.000797232,0.000811484,0.000816885,0.000824803,0.000846843,0.000875261,0.000897729,0.00089925,0.000894372,0.000894012,0.000902343,0.000916608,0.000930233,0.000937876,0.000928799,0.000923141,0.000935456,0.000956907,0.000968174,0.000955266,0.000935186,0.000923181,0.000923111,0.000934859,0.000948768,0.000952526,0.000927632,0.000907054,0.000919537,0.000947077,0.000956201,0.000920122,0.000874107,0.000871748,0.000895093,0.000929475,0.00095708,0.000973853,0.000969314,0.000965221,0.000975515,0.000995307,0.00101088,0.00100851,0.000999014,0.000994002,0.000996106,0.00100585,0.00101888,0.00102939,0.00102662,0.00102426,0.00103007,0.00103901,0.00104358,0.00103066,0.00101461,0.00100532,0.00100663,0.00101728,0.0010303,0.00103476,0.00101771,0.000997819,0.000990167,0.000991194,0.000990493,0.000967261,0.000937266,0.000906408,0.000888663,0.000891096,0.000911434,0.000935936,0.000945599,0.000954902,0.000973917,0.00100117,0.00102673,0.00104021,0.00104725,0.00105326,0.00106948,0.00110182,0.00113583,0.00114723,0.00112306,0.00112717,0.00125569,0.00145505,0.00162744,0.00161695,0.0015562,0.00152246,0.00154033,0.00160242,0.00166582,0.00169833,0.00165924,0.00160893,0.0016122,0.00165171,0.00167754,0.00163789,0.00157157,0.00153208,0.001522,0.00154612,0.00157471,0.00158031,0.0015209,0.00148263,0.00150718,0.00159365,0.00167677,0.00169748,0.00168884,0.00170371,0.00175045,0.00183047,0.00191821,0.00198457,0.00197781,0.00195747,0.00200263,0.0020831,0.00213734,0.00209639,0.00203988,0.0020086,0.00201,0.00202997,0.00204424,0.00203536,0.00199293,0.0019485,0.00194059,0.00195944,0.00197418,0.00195715,0.00192227,0.00189381,0.00188222,0.00189107,0.00190463,0.00190585,0.00186296,0.00181614,0.0017881,0.001784,0.00178893,0.00179068,0.00180085,0.00184629,0.0019657,0.00218942,0.00248691,0.00268758,0.00268879,0.00264206,0.00273667,0.00288595,0.00300344,0.00289182,0.00274368,0.00264954,0.00262933,0.00266214,0.00269086,0.00267692,0.00257302,0.00246581,0.00242414,0.00243182,0.00244228,0.00240525,0.00234906,0.00231758,0.00231393,0.00233143,0.00235114,0.00235396,0.00232447,0.00228135,0.00224707,0.00224765,0.00229186,0.00235071,0.00224541,0.00187668,0.00150172,0.00135654,0.00148397,0.00166037,0.00163984,0.00160662,0.00169461,0.00186293,0.00197185,0.00188003,0.00174166,0.00166257,0.00167103,0.00175426,0.00184756,0.00189198,0.00174178,0.00156704,0.00148149,0.00149179,0.00152377,0.00149512,0.00144132,0.0014081,0.00140967,0.00144678,0.00148243,0.00148556,0.00139444,0.00130849,0.00128337,0.00131299,0.00133725,0.00129133,0.0012256,0.00118245,0.00117601,0.00120558,0.00125032,0.00125324,0.00114775,0.00101916,0.000922421,0.000882961
0.000652876,0.000660544,0.000674143,0.000699193,0.000727235,0.000742106,0.000737558,0.000729754,0.000735188,0.000752974,0.000775578,0.000796507,0.000810782,0.000816735,0.000824381,0.000845273,0.000874973,0.00089694,0.000899218,0.000892277,0.000890939,0.000899224,0.00091356,0.00092903,0.000935656,0.000927923,0.000920843,0.000933109,0.000957712,0.000966182,0.00095259,0.00093304,0.00092081,0.000920412,0.000932521,0.000950224,0.00095017,0.000924902,0.000904166,0.000915915,0.000947021,0.000952792,0.000913105,0.000872325,0.000870517,0.000894334,0.000926869,0.000955255,0.000971306,0.000969249,0.00096321,0.000973591,0.000996454,0.00100896,0.00100498,0.000995876,0.000990768,0.000992387,0.00100193,0.00101596,0.00102508,0.00102329,0.00101927,0.00102423,0.00103537,0.00103971,0.0010285,0.001012,0.00100296,0.00100413,0.00101395,0.00102684,0.00103208,0.0010179,0.00099517,0.000985842,0.000989904,0.000986871,0.000965268,0.000933772,0.000903506,0.00088487,0.000887507,0.000909424,0.000932489,0.000943168,0.000950915,0.000969874,0.000998361,0.0010223,0.00103525,0.00104212,0.00104867,0.00106314,0.00109453,0.00113194,0.00114196,0.00110909,0.00111125,0.00124485,0.00146866,0.00163455,0.0016364,0.00156182,0.00152401,0.00154428,0.00160996,0.00168443,0.00170711,0.00165941,0.00160747,0.00161204,0.00165986,0.00168092,0.00163805,0.00157443,0.0015339,0.00152385,0.00155062,0.00158826,0.00158818,0.00153246,0.00148146,0.00150403,0.00159896,0.00167939,0.00169634,0.0016889,0.00170278,0.00175075,0.00183119,0.00192796,0.00198851,0.00197949,0.00195919,0.00200161,0.00209045,0.00214494,0.0021096,0.00204121,0.00200812,0.00201158,0.00203063,0.0020449,0.00203476,0.00199068,0.00194439,0.00193517,0.0019573,0.00197047,0.00195148,0.00191753,0.00188912,0.00187603,0.0018847,0.00190361,0.00190275,0.00186295,0.0018112,0.00178347,0.00178189,0.00178464,0.00178274,0.00179465,0.00184356,0.00196182,0.00218612,0.00248644,0.00269263,0.00269066,0.00263625,0.00272548,0.00291222,0.00302018,0.00292429,0.0027489,0.00264663,0.0026284,0.00266109,0.00269427,0.00267542,0.0025764,0.00245888,0.00240533,0.00242248,0.00243282,0.00239323,0.00233633,0.00230221,0.00229974,0.00231587,0.00233714,0.00234029,0.00230897,0.00226273,0.00222984,0.00222947,0.00227437,0.00232992,0.00223721,0.00188387,0.00149339,0.00136519,0.00150157,0.00166816,0.00166766,0.00160591,0.00168626,0.00187639,0.00196679,0.00188083,0.00173548,0.00165269,0.00166676,0.00175052,0.00185892,0.00188973,0.00175582,0.00156246,0.00147635,0.00150102,0.00152497,0.00149247,0.00143945,0.00140669,0.00140957,0.0014465,0.00149379,0.00149266,0.00140752,0.00130744,0.0012807,0.00131784,0.00133729,0.00129321,0.00122312,0.00117747,0.00117494,0.00120407,0.00124876,0.00125604,0.00116384,0.00101927,0.000920459,0.000883857
0.000650774,0.000658407,0.000671559,0.000697152,0.000723518,0.00073926,0.000734337,0.000729367,0.00073548,0.000751566,0.000774051,0.000794463,0.000809615,0.000814737,0.000824091,0.000845626,0.000872355,0.000894634,0.000895105,0.000889421,0.000889079,0.00089655,0.00091006,0.000924074,0.000932164,0.0009239,0.000918961,0.00093126,0.000952637,0.000963345,0.000950681,0.000930333,0.000917913,0.000917098,0.000927908,0.000941978,0.00094637,0.00092338,0.000902963,0.000914801,0.000941449,0.000948862,0.000916171,0.000872135,0.000868942,0.000891215,0.000924731,0.000952423,0.000967857,0.000964155,0.000960908,0.000972032,0.000992414,0.00100655,0.00100292,0.0009929,0.000987612,0.000989002,0.00099839,0.00101158,0.00102026,0.00101832,0.00101483,0.00102062,0.0010304,0.0010355,0.0010239,0.00100897,0.000999977,0.00100096,0.00101091,0.00102348,0.00102807,0.00101079,0.000991277,0.000983554,0.000984187,0.000981699,0.000960736,0.000929851,0.000899564,0.000881942,0.000884073,0.000903958,0.00092819,0.000937923,0.000947321,0.000966404,0.000993225,0.00101793,0.00103028,0.00103711,0.00104366,0.00105868,0.00108989,0.00112581,0.00113818,0.00109271,0.00110431,0.00125491,0.00146517,0.00164177,0.00163603,0.00156686,0.00153242,0.00155052,0.00161321,0.00168076,0.00171446,0.00166458,0.00161171,0.00161668,0.00165954,0.00168603,0.00164475,0.00157797,0.00153848,0.00152925,0.00155508,0.00159011,0.00159468,0.00153741,0.00148755,0.00151283,0.00160058,0.00168531,0.00170232,0.00169077,0.00170282,0.00174956,0.001836,0.00193359,0.00199098,0.00197304,0.00196308,0.00201448,0.00208732,0.00214511,0.00210087,0.00204017,0.00200971,0.00201173,0.00203151,0.00204487,0.0020346,0.00198849,0.00194172,0.00193253,0.00195123,0.00196644,0.0019481,0.00191296,0.00188416,0.00187059,0.00187867,0.00189347,0.00189571,0.00185311,0.00180595,0.00177952,0.00177588,0.00177939,0.00177574,0.00178863,0.00183695,0.00196182,0.00219408,0.00249744,0.00269952,0.00269406,0.00263689,0.00273158,0.00290204,0.00301745,0.00290357,0.00274604,0.00264912,0.00262684,0.00266241,0.00269083,0.00267135,0.00256283,0.00245249,0.00240211,0.00240731,0.00242369,0.00237964,0.00232428,0.0022911,0.00228551,0.00230141,0.00231878,0.00232498,0.00228844,0.0022455,0.00221179,0.00221504,0.00225767,0.0022923,0.00221916,0.0018722,0.00151324,0.00138891,0.00148627,0.00166838,0.00164274,0.00161018,0.00168165,0.00184839,0.00196129,0.00188118,0.00173167,0.0016507,0.00165994,0.00175191,0.0018562,0.00187747,0.00172634,0.00155554,0.00147743,0.00149128,0.00152238,0.00148562,0.00143708,0.0014066,0.00141006,0.001448,0.00149121,0.00149533,0.00140297,0.00130995,0.00128474,0.0013127,0.00133589,0.00128884,0.00122037,0.00117833,0.00117412,0.00120586,0.00125209,0.00125815,0.0011527,0.00101837,0.00092172,0.000880701
0.000648307,0.000655303,0.000668498,0.000692179,0.000721746,0.000735548,0.00073201,0.000726579,0.000733096,0.000750405,0.000771721,0.000791956,0.000806106,0.000812651,0.000820009,0.000840826,0.000870196,0.000889284,0.000890881,0.000885278,0.000885649,0.000892652,0.000905462,0.000920027,0.000927674,0.000923562,0.000915634,0.000927122,0.000950119,0.000958674,0.000944258,0.00092577,0.000913228,0.000912725,0.000921977,0.000935666,0.000940078,0.000920414,0.000898845,0.000906867,0.000936707,0.000940407,0.000903201,0.000869,0.000862358,0.000887951,0.000920862,0.000949794,0.000964432,0.00096285,0.000957634,0.000968685,0.000990553,0.00100275,0.00099782,0.000988617,0.000982799,0.000985127,0.000994283,0.00100756,0.00101543,0.0010117,0.00100957,0.00101466,0.00102569,0.00103031,0.0010198,0.00100504,0.000996551,0.000997059,0.00100663,0.00102007,0.0010229,0.00100794,0.000987128,0.000977219,0.000978591,0.000976692,0.000954947,0.00092475,0.000895957,0.000877066,0.000879084,0.000900517,0.000922773,0.000934243,0.000942504,0.000961241,0.000988815,0.00101199,0.00102461,0.00103092,0.0010377,0.00105173,0.00108128,0.0011216,0.00112768,0.00108762,0.00108774,0.00123807,0.00147615,0.00164926,0.00164409,0.00156924,0.00153601,0.00155766,0.00161372,0.00168427,0.00172179,0.00167959,0.00161477,0.00161539,0.00167169,0.00169141,0.00164062,0.00158087,0.00154006,0.00153224,0.00155513,0.00159445,0.0016006,0.0015368,0.0014889,0.00151048,0.00159954,0.00169155,0.00170626,0.00169363,0.00170209,0.00174843,0.00183796,0.00193983,0.00199218,0.00197406,0.00195418,0.00201505,0.00210519,0.00214382,0.00211292,0.00204069,0.00200947,0.00201377,0.00203133,0.0020418,0.00203313,0.00198699,0.00193731,0.00192566,0.00195022,0.00196152,0.00193913,0.0019073,0.00187852,0.00186537,0.00187315,0.00189265,0.00188942,0.00185343,0.00179982,0.00177315,0.00177366,0.00177403,0.00177105,0.00178245,0.00183149,0.00194077,0.00219218,0.00250165,0.0027059,0.0026956,0.00263963,0.00272137,0.00293859,0.00301904,0.00290446,0.00274116,0.00265093,0.00262752,0.00265875,0.00269992,0.00266886,0.00256044,0.00243655,0.0023859,0.00240324,0.00240843,0.00236693,0.00230833,0.00227509,0.00226935,0.00228577,0.00230729,0.00230672,0.00227588,0.00222749,0.00219559,0.00219889,0.00223506,0.00228732,0.00218761,0.00184203,0.00148339,0.00137846,0.00152788,0.00166318,0.00167837,0.00161801,0.00166686,0.00185271,0.00197323,0.00188912,0.00173309,0.00164555,0.00165239,0.00174891,0.0018627,0.00187589,0.00174023,0.0015496,0.00147217,0.00150146,0.00151659,0.00148333,0.00143219,0.00140504,0.00140675,0.0014442,0.00149507,0.00149371,0.00140997,0.00130552,0.00127807,0.00131786,0.00133343,0.00128703,0.00121649,0.00117549,0.00116795,0.001204,0.00125098,0.00125423,0.00115151,0.00101271,0.000918482,0.000882372
0.000644836,0.000651067,0.000664062,0.000686952,0.000713611,0.000730864,0.000728883,0.000723662,0.000730363,0.000746956,0.000768461,0.000788157,0.00080152,0.000808396,0.000815813,0.000836397,0.000863517,0.000882595,0.000886218,0.00088015,0.000880373,0.000887168,0.000900141,0.000914875,0.000921956,0.00091409,0.000911206,0.000920593,0.000937798,0.000951114,0.000940197,0.000918795,0.000907006,0.000906592,0.000915877,0.000929016,0.000931033,0.000908123,0.000892098,0.000898286,0.000919041,0.000926763,0.000897621,0.000861268,0.000857562,0.00088117,0.000915434,0.000942669,0.000958565,0.000954819,0.000953732,0.000963558,0.000980971,0.00099646,0.000993893,0.000982809,0.000977093,0.000979691,0.000988838,0.000999655,0.00100802,0.00100596,0.00100275,0.0010091,0.00101943,0.00102273,0.00101401,0.000999973,0.0009915,0.000992035,0.00100138,0.00101233,0.00101611,0.000998602,0.000980553,0.000972786,0.000973083,0.00096694,0.000944778,0.000917811,0.000889748,0.000872135,0.000874026,0.000894764,0.000916026,0.000928351,0.000937035,0.000955696,0.000981695,0.00100432,0.0010173,0.00102324,0.00102926,0.00104362,0.00107359,0.00111319,0.00111463,0.0010763,0.00107476,0.00124454,0.00147896,0.00164898,0.00164935,0.00157379,0.00153987,0.00155811,0.0016196,0.00169266,0.00172763,0.0016729,0.00161902,0.00162331,0.00166889,0.00169446,0.00165213,0.00158336,0.00154018,0.00153237,0.00155725,0.00159619,0.00160223,0.00154992,0.00149054,0.00151693,0.00160532,0.00169209,0.00170551,0.00169556,0.00170475,0.00175091,0.0018387,0.00193241,0.00199328,0.00198281,0.0019606,0.00201442,0.00209878,0.00215248,0.00210853,0.00204592,0.00201225,0.00201232,0.00203124,0.00204145,0.00202944,0.00197964,0.00193505,0.00192183,0.00194036,0.00195575,0.00193569,0.00190107,0.00187265,0.00186059,0.00186803,0.00188276,0.00188639,0.00184334,0.00179677,0.00176939,0.00176521,0.00176953,0.00176792,0.00177771,0.00183147,0.0019442,0.00218984,0.00249225,0.00270647,0.0026877,0.00264587,0.00273677,0.00292021,0.00302555,0.00292007,0.00274542,0.00265248,0.00262559,0.00265,0.0026775,0.00266927,0.00255663,0.00242785,0.00237503,0.00238417,0.00239388,0.00235392,0.00229233,0.00225983,0.00225437,0.00227107,0.00228833,0.00229175,0.00225363,0.00220843,0.00218003,0.00218314,0.00221044,0.00221955,0.0021585,0.0018715,0.00152026,0.00136024,0.00148316,0.00167493,0.0016627,0.00162187,0.0016889,0.00186295,0.00196899,0.00186185,0.00172813,0.00164803,0.00165272,0.00174746,0.00185266,0.00187752,0.00172298,0.00155931,0.0014735,0.00148161,0.00151763,0.00148627,0.00142953,0.00140072,0.0014038,0.00144259,0.00149314,0.00149115,0.00140843,0.00130516,0.00127839,0.00131048,0.00133096,0.0012891,0.00121423,0.00117104,0.00116419,0.00120302,0.00125353,0.00124421,0.00114429,0.00101014,0.000916899,0.000878403
0.000642328,0.000649112,0.000660947,0.000682441,0.000709016,0.000728727,0.000728308,0.000721835,0.000727874,0.000744992,0.000766081,0.000785123,0.000798366,0.000804709,0.000812686,0.000832226,0.000858999,0.000878194,0.000881714,0.000876971,0.000875263,0.000882754,0.000896295,0.000911316,0.000916938,0.000910948,0.000906831,0.000915404,0.000933196,0.0009454,0.000934694,0.000913717,0.000901045,0.000900296,0.000912205,0.000926566,0.000924808,0.000904633,0.000888377,0.00089292,0.000912089,0.000921358,0.000893142,0.000857601,0.000854314,0.000878393,0.00091152,0.00093963,0.000954757,0.000953599,0.000949476,0.000958516,0.000978255,0.00099245,0.000989242,0.000978458,0.000973249,0.00097615,0.000984645,0.000995171,0.00100285,0.00100166,0.000997746,0.001003,0.00101397,0.00101816,0.00100944,0.000996117,0.000987763,0.00098787,0.000996608,0.00100849,0.00101073,0.000994173,0.000973899,0.00096882,0.000969115,0.000959919,0.000939166,0.000912889,0.000885947,0.000867703,0.000869164,0.000888966,0.000910948,0.000922988,0.000932489,0.000951117,0.000977621,0.000999015,0.00101114,0.00101788,0.00102179,0.00103348,0.00106906,0.00110657,0.00110807,0.00106373,0.00106682,0.00122596,0.00148607,0.00166254,0.00165798,0.00157766,0.00153638,0.00155576,0.00162933,0.00171454,0.00173482,0.00167638,0.00161967,0.00162362,0.00167479,0.00170372,0.00166098,0.00158696,0.00153819,0.00153216,0.00156192,0.00160845,0.00160821,0.00154284,0.00148923,0.00151668,0.00161377,0.00169725,0.00171041,0.001696,0.00170686,0.0017538,0.00183629,0.00192961,0.00199454,0.00199463,0.0019681,0.00199563,0.00209568,0.00215302,0.00211384,0.00204342,0.00200879,0.0020131,0.00203139,0.00204379,0.00202848,0.00198143,0.0019323,0.00191224,0.0019329,0.00195374,0.00193462,0.00189551,0.00186626,0.00185327,0.001861,0.00187924,0.00187859,0.00183943,0.00178804,0.0017604,0.00175977,0.00176422,0.00176168,0.00177133,0.00182349,0.00194798,0.00216591,0.0024853,0.00270932,0.00269405,0.00262828,0.00273638,0.00292514,0.00303848,0.00294378,0.00274847,0.00262686,0.00261769,0.00264352,0.00267101,0.00266394,0.00256081,0.0024182,0.00235831,0.00237333,0.00238188,0.00233845,0.00227854,0.00224339,0.00223844,0.00225415,0.00227427,0.00227394,0.00223525,0.00218643,0.00216563,0.00217016,0.00218831,0.00219418,0.00212782,0.00189174,0.00153241,0.0013277,0.00147515,0.00166884,0.00165135,0.00159195,0.00171113,0.00190243,0.00195268,0.00184777,0.00171993,0.00165419,0.00165598,0.00172995,0.00184091,0.00186712,0.00173066,0.00154446,0.00145495,0.00147543,0.00151579,0.00148954,0.00142746,0.0013904,0.00139765,0.00143921,0.00148967,0.00148977,0.00140325,0.0013006,0.00127193,0.00130836,0.00132818,0.00128454,0.00121216,0.0011615,0.00115876,0.00119626,0.00124622,0.0012432,0.0011437,0.00100688,0.000912819,0.000876638
0.000643079,0.000649866,0.000662615,0.000686894,0.000716898,0.000731399,0.000727263,0.000723126,0.000728224,0.000745276,0.000766741,0.000785797,0.000799537,0.000805223,0.000813472,0.000832741,0.000860844,0.000880976,0.000882121,0.000878004,0.000877933,0.000884514,0.000897013,0.000910717,0.000918969,0.000915335,0.000908712,0.000919354,0.000940063,0.000945576,0.000931295,0.00091346,0.000902437,0.00090256,0.000910896,0.000923001,0.000927779,0.00091139,0.000891029,0.0008984,0.000924515,0.000922446,0.000889072,0.000858551,0.000856717,0.000880569,0.00091448,0.000944067,0.000959811,0.000957322,0.000951529,0.000960952,0.000982295,0.000995619,0.000990807,0.000978946,0.00097312,0.000975775,0.000984842,0.000997193,0.00100289,0.000999305,0.000996582,0.00100275,0.00101454,0.00101975,0.00101031,0.000996917,0.000988028,0.000988403,0.000997742,0.00101072,0.00101432,0.000999772,0.000978312,0.000965311,0.000965015,0.000962113,0.000943019,0.000913814,0.000885259,0.000867573,0.000869603,0.00088884,0.000912514,0.000923919,0.000933657,0.000951137,0.000977613,0.00100255,0.0010148,0.00101953,0.00102577,0.00103959,0.00106827,0.00110817,0.00111424,0.0010674,0.00106879,0.00123165,0.00148666,0.0016707,0.00165781,0.00158383,0.00154089,0.00156533,0.00162531,0.00170002,0.00174003,0.00170404,0.00162925,0.00162894,0.00168416,0.00170538,0.00166444,0.00158832,0.00154293,0.00153704,0.00156093,0.00159829,0.00161249,0.0015583,0.00149242,0.00152103,0.00162606,0.0016957,0.00170237,0.00169564,0.0017116,0.00175754,0.00183564,0.00193057,0.0019966,0.0019733,0.00195432,0.00201534,0.00211066,0.00215233,0.00211739,0.00204362,0.00200966,0.00201336,0.00203047,0.0020402,0.00202674,0.00197052,0.00192171,0.00191706,0.0019393,0.00194486,0.00192122,0.00188933,0.00186118,0.0018476,0.00185506,0.0018729,0.00187141,0.0018336,0.00178128,0.00175407,0.00175387,0.00175829,0.00175637,0.00176544,0.00180325,0.0019161,0.00217832,0.00249732,0.0027063,0.00271047,0.00264534,0.0026984,0.00290582,0.00302991,0.00291164,0.00273475,0.00264147,0.00261554,0.00264608,0.0026893,0.00266073,0.00253244,0.00240604,0.00234532,0.00236063,0.00236852,0.00232485,0.00226397,0.00222844,0.00222339,0.00223868,0.00225851,0.00225616,0.00222359,0.0021738,0.00213887,0.00214102,0.00217215,0.00222064,0.00212955,0.00178863,0.00144069,0.00138226,0.00152763,0.00166619,0.0016713,0.00161996,0.00165742,0.00183453,0.00196929,0.00189638,0.0017255,0.00162777,0.00164008,0.00172361,0.00183442,0.00185763,0.00172002,0.00153504,0.0014554,0.00148553,0.00150424,0.00146682,0.00141902,0.00139449,0.00139724,0.00143554,0.00148673,0.00148669,0.00139882,0.00129587,0.00126939,0.0013035,0.00132298,0.00127286,0.00120504,0.00116518,0.00115788,0.00119149,0.00124133,0.0012384,0.00114061,0.00100428,0.000910125,0.00087444
0.000643748,0.000650874,0.000664816,0.000690187,0.000717622,0.000735678,0.00073325,0.000723782,0.000729637,0.000745555,0.000767499,0.000786675,0.000800366,0.000805901,0.000813703,0.000835101,0.000863046,0.000882883,0.00088415,0.000879719,0.00087898,0.000885383,0.00089876,0.000913268,0.000920837,0.000913833,0.000909769,0.000921778,0.000939169,0.000946498,0.000933261,0.000913014,0.000901935,0.000902344,0.000912536,0.000925125,0.000931204,0.000911426,0.000894144,0.000901268,0.000921866,0.000928478,0.000892524,0.000860547,0.000857915,0.000880706,0.000916941,0.000946714,0.000964757,0.000958429,0.000953167,0.000963127,0.000983454,0.000999159,0.000992348,0.00097974,0.00097338,0.000975074,0.000984586,0.000995306,0.00100236,0.000997914,0.000995633,0.00100237,0.00101411,0.00102045,0.00101093,0.000997334,0.000988893,0.000988908,0.000998647,0.00101264,0.00101713,0.00100152,0.000979304,0.000968283,0.000965115,0.000962343,0.000942849,0.000914261,0.000885669,0.000869304,0.000871421,0.000890843,0.000914033,0.000925244,0.000934395,0.000953236,0.000979978,0.00100428,0.00101561,0.00102135,0.00102669,0.00104115,0.00107246,0.0011111,0.00112351,0.00107729,0.00108837,0.0012546,0.00149387,0.00168214,0.00167562,0.00159029,0.00155119,0.00156762,0.00163092,0.00170206,0.00174794,0.00169396,0.00163145,0.00163135,0.00167417,0.00170761,0.00166067,0.0015893,0.00154435,0.00153727,0.00156561,0.00160202,0.00161636,0.00155175,0.00149421,0.00152365,0.00161371,0.00169921,0.00170616,0.00169648,0.00171064,0.00175915,0.00184091,0.00193408,0.00199851,0.0019754,0.00196119,0.00201887,0.0020985,0.00215749,0.00211072,0.00204324,0.00201056,0.00201206,0.00203109,0.00203929,0.00202465,0.00196834,0.00192123,0.00191342,0.00193033,0.00194035,0.00191942,0.00188382,0.00185447,0.00184124,0.00184849,0.00186259,0.001863,0.00182158,0.00177436,0.00174854,0.00174577,0.00175146,0.00174946,0.00175787,0.00179875,0.0019172,0.00217138,0.00247241,0.00269058,0.00268784,0.00263811,0.00271391,0.00288366,0.00302609,0.00291864,0.00273196,0.00263557,0.00261295,0.00264496,0.00267744,0.00265714,0.00253386,0.00240139,0.00234211,0.00234519,0.00235659,0.00231014,0.00225005,0.00221559,0.00220777,0.00222299,0.00223827,0.00223983,0.00219874,0.00215454,0.00212319,0.00212474,0.00215176,0.00216578,0.00209656,0.00178304,0.00146202,0.00137114,0.00150656,0.00165562,0.00165711,0.00161506,0.00167257,0.00183789,0.00195551,0.00186361,0.0017195,0.00163568,0.00163576,0.00171702,0.00180844,0.00183879,0.00169563,0.00153489,0.00144923,0.00146514,0.00150126,0.00146666,0.00141593,0.00138881,0.0013944,0.00143393,0.00147971,0.00148424,0.00139377,0.00129569,0.00127072,0.00129339,0.00131848,0.00127361,0.00120257,0.00115965,0.00115469,0.00118937,0.00123305,0.00123465,0.00113157,0.00100326,0.000909937,0.000870451
0.000643832,0.000651593,0.000665666,0.000691423,0.000721725,0.000739678,0.000736122,0.000724109,0.000727921,0.000745443,0.000767119,0.000786883,0.000799981,0.000804546,0.000811878,0.000835708,0.000866236,0.000884728,0.000886506,0.000880607,0.000879247,0.000885405,0.000898838,0.00091487,0.000921797,0.000913857,0.00090822,0.000920208,0.000941178,0.000947967,0.000934175,0.000912196,0.000899785,0.000900625,0.000912107,0.000928222,0.000932189,0.000912961,0.000894027,0.000900254,0.000924165,0.000932836,0.000900234,0.000860978,0.000856431,0.000882129,0.000917802,0.00094897,0.000966823,0.000962341,0.000952869,0.000962904,0.000987777,0.00100085,0.000992165,0.000978656,0.000971441,0.000973786,0.000983584,0.000995345,0.00100166,0.000998285,0.000993536,0.00100041,0.00101511,0.00101945,0.00100954,0.00099609,0.000987913,0.000987671,0.000997302,0.00101267,0.00101721,0.00100057,0.00097712,0.000967408,0.00096723,0.000962029,0.000942282,0.000913554,0.000885359,0.000867095,0.000869677,0.000891375,0.00091397,0.000924536,0.000933004,0.000954446,0.000983319,0.00100592,0.00101744,0.00102203,0.00102692,0.00104038,0.00107296,0.0011143,0.00112586,0.00107981,0.00108356,0.00123623,0.00150364,0.00168286,0.00167499,0.00158923,0.00154833,0.00156851,0.00163356,0.00171255,0.00175464,0.001705,0.00163069,0.00162847,0.00168646,0.00171521,0.00166694,0.00159165,0.00154366,0.0015366,0.00156738,0.00161091,0.00162046,0.00156244,0.00149638,0.00152271,0.00162412,0.00170672,0.00171871,0.00169935,0.00170724,0.00175621,0.00183991,0.00193908,0.00199705,0.00198101,0.00195715,0.00200678,0.00210414,0.00215956,0.00211266,0.00204294,0.00200936,0.00201332,0.00203043,0.00203959,0.0020214,0.00196903,0.00191587,0.00190357,0.00192488,0.00193529,0.00191356,0.00187714,0.00184758,0.00183446,0.00184153,0.00186015,0.00185747,0.00181857,0.00176807,0.00174228,0.00174256,0.00174566,0.0017445,0.00175188,0.00179548,0.0019157,0.00215905,0.00248526,0.00269564,0.00270574,0.00262957,0.00270964,0.00291437,0.00302927,0.00292807,0.00273264,0.00261774,0.00260364,0.0026378,0.0026763,0.00265177,0.00252703,0.00238196,0.00232244,0.00233413,0.00234144,0.00229213,0.00223386,0.00219882,0.00219178,0.00220534,0.00222341,0.00222277,0.00218152,0.00213248,0.00210579,0.00210773,0.00212972,0.00214177,0.00206711,0.00181142,0.00147509,0.00135212,0.00150671,0.00165907,0.00166303,0.00160306,0.0016841,0.00186995,0.00194117,0.00184606,0.00170899,0.00162988,0.0016286,0.00170975,0.00181889,0.00183583,0.0017153,0.00153186,0.00143623,0.00146184,0.00149947,0.00147103,0.00141208,0.00137901,0.00138692,0.0014269,0.00147736,0.00147967,0.00139629,0.00129208,0.00125915,0.00129353,0.00131355,0.00127108,0.00119891,0.00115056,0.00114731,0.00118206,0.00123158,0.00122954,0.00113142,0.000996554,0.000904916,0.000869486
0.00064356,0.000651693,0.000666259,0.000693623,0.00072494,0.000742765,0.00073461,0.000725459,0.000728261,0.000743953,0.000766231,0.00078622,0.000799604,0.000805608,0.000812367,0.000836469,0.000866498,0.000886807,0.000886661,0.000881412,0.000879881,0.000885748,0.000898681,0.000912564,0.000921651,0.000916555,0.000908333,0.000919342,0.000940025,0.000949246,0.000933126,0.000912405,0.000899291,0.000898955,0.000911896,0.000929295,0.000931406,0.000912577,0.000893761,0.000901225,0.000924519,0.000932009,0.000895077,0.00086047,0.000855621,0.000880932,0.000917859,0.00094885,0.000965119,0.000958631,0.000952291,0.00096276,0.000985572,0.00100082,0.00099343,0.000976872,0.000969464,0.000972065,0.000982609,0.000993552,0.00100087,0.000995948,0.000991781,0.000998215,0.00101127,0.00101749,0.00100841,0.000994089,0.000985475,0.000985767,0.000995854,0.00101153,0.00101467,0.000999024,0.000975106,0.000966019,0.000964064,0.000960646,0.00093961,0.000912244,0.000884014,0.000866145,0.000868874,0.000891563,0.000914159,0.000925943,0.000933949,0.000955579,0.000984055,0.00100792,0.0010182,0.00102252,0.00102562,0.00104082,0.00107636,0.00111696,0.001124,0.00108499,0.00108053,0.001237,0.00150398,0.00168326,0.00168427,0.00158796,0.00154825,0.00156864,0.00164019,0.00172118,0.00175306,0.00169631,0.00163448,0.00163478,0.00168672,0.00171978,0.00166712,0.00159452,0.00154608,0.00153836,0.0015723,0.00161989,0.0016257,0.00155763,0.00150921,0.0015371,0.00162199,0.00171279,0.00171864,0.00170357,0.00170866,0.00175401,0.0018389,0.00194123,0.00199668,0.00198415,0.00195341,0.00200799,0.00209748,0.00215054,0.00211931,0.00204387,0.00200795,0.00201034,0.00202997,0.002039,0.00201924,0.00196732,0.00191233,0.00190098,0.00192037,0.00192891,0.00190829,0.00187044,0.00184068,0.00182815,0.00183612,0.00185177,0.00185265,0.00180975,0.00176539,0.0017394,0.00173526,0.0017402,0.00173657,0.00174752,0.00179241,0.00191845,0.00215881,0.00246323,0.00271446,0.00268652,0.00264713,0.00273011,0.00289991,0.00303384,0.00291482,0.00273327,0.00261306,0.00259047,0.00263067,0.00267368,0.00264969,0.00252868,0.00237295,0.00231595,0.00232134,0.00232461,0.00228191,0.00221786,0.00218199,0.00217507,0.00218952,0.00220671,0.00220302,0.00216632,0.00211522,0.00208344,0.00208486,0.00210935,0.00212675,0.00204817,0.00178002,0.00148355,0.00136682,0.00147279,0.00167047,0.0016359,0.00160696,0.00168864,0.00184579,0.0019301,0.00184721,0.00170097,0.00162058,0.00162354,0.00170797,0.0018042,0.0018448,0.00169724,0.00153169,0.00144312,0.00146558,0.00149328,0.00145752,0.00140671,0.0013757,0.00138172,0.00142073,0.00146228,0.00146832,0.00138253,0.00129233,0.00125712,0.00127877,0.00130789,0.00126042,0.00119368,0.00114708,0.00114217,0.00117646,0.00121577,0.00121794,0.00111601,0.000993666,0.000901578,0.00086453
0.000643084,0.000650614,0.000666319,0.000694436,0.000728353,0.000743887,0.000736648,0.000724341,0.000727412,0.000743613,0.000765119,0.000784641,0.000798872,0.000803366,0.000812495,0.000834472,0.000867133,0.000887235,0.000889215,0.000881651,0.000879741,0.000884896,0.000897766,0.000913355,0.000921069,0.000915424,0.000908456,0.000916347,0.000939957,0.000948577,0.000934955,0.000910468,0.000897045,0.000897867,0.000911067,0.000927317,0.000932153,0.000910973,0.000893288,0.00090061,0.000926876,0.000931091,0.000900298,0.000859292,0.00085335,0.000879629,0.000916206,0.000947913,0.000963433,0.000957977,0.000949983,0.000961061,0.000986464,0.00100268,0.000993171,0.000976284,0.000967255,0.000970015,0.000980467,0.000993058,0.000998862,0.000994899,0.000988631,0.000995823,0.00100914,0.00101539,0.00100612,0.000992101,0.000982871,0.000982222,0.000993037,0.00100644,0.00101036,0.000993431,0.000971674,0.000962095,0.000963446,0.000957398,0.000938363,0.000910968,0.000882745,0.000864966,0.000868491,0.000890146,0.000914454,0.000924081,0.000934518,0.000954458,0.000985184,0.00100893,0.00102026,0.001023,0.00102707,0.00104098,0.00107715,0.00111507,0.00113116,0.00107998,0.00108463,0.00124225,0.00150434,0.0016902,0.00167562,0.00159375,0.00154709,0.0015678,0.00164387,0.0017255,0.00175813,0.00170963,0.00163513,0.0016303,0.0016959,0.0017217,0.00167588,0.00159493,0.0015459,0.00154027,0.00157352,0.00161557,0.00162942,0.00157077,0.00150231,0.00153153,0.00163694,0.00171206,0.00172385,0.00170231,0.00170848,0.00175502,0.00184098,0.00193654,0.00199665,0.00197738,0.00195708,0.00200075,0.00209752,0.00215567,0.00211291,0.00204343,0.00200465,0.00201113,0.00202925,0.00203672,0.00201626,0.00195539,0.00190788,0.00189598,0.00191302,0.0019227,0.00189928,0.00186387,0.00183433,0.00182128,0.00182841,0.00184627,0.00184393,0.00180766,0.00175608,0.0017303,0.00173106,0.00173263,0.00173078,0.0017393,0.00178995,0.00190591,0.00214054,0.00247795,0.00269651,0.0027049,0.00262287,0.00270828,0.00292073,0.00301664,0.00291724,0.00272088,0.00260806,0.00258871,0.00262706,0.00266806,0.00264637,0.00250417,0.00236968,0.00229932,0.00230109,0.00231413,0.00226235,0.00220353,0.00216525,0.00215947,0.00217248,0.00218644,0.00218683,0.00214521,0.00209754,0.00206295,0.00206175,0.00208953,0.002109,0.00203183,0.00176261,0.00145696,0.00135936,0.00151229,0.0016583,0.00165661,0.00159433,0.00168069,0.00184106,0.00192284,0.00183711,0.00169779,0.00160911,0.00161145,0.0016922,0.00180649,0.00182665,0.0016994,0.00151162,0.00144246,0.00146588,0.00148381,0.00144966,0.0014,0.00137271,0.00137487,0.00141363,0.00146277,0.00145898,0.00138727,0.00128364,0.00124617,0.00128304,0.00129766,0.00125581,0.00118722,0.00114409,0.00113599,0.00117033,0.00121825,0.00120959,0.00112237,0.000990292,0.000895322,0.00086378
0.000642399,0.000650192,0.000665718,0.000694288,0.000729355,0.000744308,0.000735849,0.000723509,0.000725966,0.000742299,0.000763744,0.000783579,0.000796676,0.000803517,0.000810844,0.000832777,0.000866196,0.000887267,0.000888819,0.000881204,0.000879018,0.000884493,0.000897241,0.000911832,0.000921327,0.000915738,0.000907755,0.000915532,0.00093884,0.000947871,0.000933007,0.000908489,0.000894791,0.000895772,0.000908878,0.000926527,0.000931467,0.000911333,0.000892175,0.0009007,0.000930177,0.000934093,0.000896797,0.000861542,0.000853749,0.000879149,0.000914297,0.000946699,0.000961542,0.000955956,0.000948772,0.000960314,0.000986619,0.00100451,0.00099527,0.000975947,0.00096586,0.000968108,0.000978357,0.000990815,0.000996771,0.000992562,0.000986868,0.000992839,0.00100587,0.00101382,0.00100459,0.000989669,0.000979713,0.000978395,0.000988017,0.00100145,0.00100488,0.000989011,0.000967512,0.000956151,0.000957717,0.000955409,0.000936725,0.000909598,0.0008817,0.000863513,0.000866861,0.000889401,0.000913104,0.000925291,0.000933456,0.000953252,0.000984784,0.00100977,0.00102069,0.0010233,0.00102697,0.00104068,0.00107802,0.00112346,0.00113154,0.00108512,0.00108419,0.00124089,0.00151187,0.00169576,0.00168422,0.00159852,0.00154934,0.00157042,0.00164811,0.00173705,0.00177026,0.00170658,0.00164107,0.00163576,0.00169827,0.00172381,0.00167564,0.00159514,0.00154508,0.00153868,0.00157397,0.0016266,0.00162744,0.00156431,0.00150004,0.00152984,0.0016362,0.00171311,0.0017223,0.00170157,0.00170819,0.0017554,0.00183972,0.00193733,0.00199614,0.0019792,0.00195601,0.00200132,0.00210394,0.00216141,0.00211952,0.00204417,0.00200351,0.00201091,0.00202669,0.00203317,0.0020104,0.00195666,0.00190002,0.00188602,0.00190618,0.00191624,0.0018933,0.00185728,0.00182759,0.00181433,0.00182105,0.00183783,0.00183529,0.00179838,0.00174774,0.00172166,0.00172233,0.00172472,0.00172065,0.0017284,0.00177314,0.00189529,0.00213508,0.0024617,0.00267714,0.00267718,0.00260023,0.00268609,0.00290133,0.00300234,0.00290198,0.00271295,0.00260193,0.00258521,0.0026183,0.00265886,0.00263049,0.00250226,0.00234552,0.00227906,0.00229185,0.00229446,0.00225463,0.00218834,0.00214932,0.00214349,0.00215546,0.00217184,0.00216626,0.00213064,0.00207858,0.00204332,0.0020418,0.0020697,0.00209481,0.00200999,0.00173834,0.00144275,0.00135833,0.00150954,0.00165305,0.00165227,0.00159756,0.00166725,0.00182205,0.00192431,0.00183788,0.00168904,0.00160225,0.00160707,0.00168258,0.00178968,0.00180848,0.00167954,0.00149924,0.00143393,0.00146119,0.00147608,0.00144101,0.0013925,0.00136589,0.00137079,0.00140914,0.00145393,0.00146209,0.00137326,0.00127819,0.00124278,0.00127699,0.00128958,0.00124709,0.00117999,0.00113821,0.00113347,0.0011671,0.00121075,0.00121599,0.00111488,0.000988471,0.000895137,0.000862236
0.000641483,0.000649613,0.000665008,0.000695007,0.000726562,0.000745333,0.000735753,0.000723688,0.00072488,0.000739702,0.000762425,0.000781557,0.000795407,0.000799446,0.000809936,0.000834271,0.000864556,0.000887118,0.000887671,0.000880874,0.000878176,0.000882626,0.000895425,0.000912142,0.000920207,0.000914064,0.000906111,0.00091721,0.000935876,0.000947981,0.00093035,0.000907034,0.000893097,0.000892947,0.000907618,0.000924479,0.000929441,0.000910338,0.00089198,0.000900907,0.000926679,0.000933784,0.000902098,0.000860289,0.000854975,0.000876343,0.00091216,0.000942253,0.000958892,0.000953004,0.000948414,0.000960543,0.000984802,0.00100525,0.0009952,0.000974036,0.000964608,0.00096606,0.000976453,0.00098784,0.000994668,0.000989781,0.000984942,0.000990489,0.00100338,0.00101049,0.00100179,0.000986165,0.00097686,0.000975829,0.000983725,0.000995326,0.000999024,0.000984478,0.000963559,0.000952749,0.000953327,0.000952836,0.000934384,0.000907884,0.000879699,0.000862152,0.000866003,0.000887934,0.000911987,0.000922627,0.000933088,0.000953854,0.000983246,0.00101116,0.0010203,0.00102329,0.00102563,0.00104144,0.00107845,0.00111837,0.00113189,0.00108551,0.00108659,0.0012483,0.00150701,0.00169777,0.00169727,0.00159911,0.00155374,0.00157382,0.00164903,0.00173813,0.00177329,0.001718,0.00164015,0.00164489,0.00169534,0.00172513,0.00167166,0.00159537,0.00154444,0.00153612,0.0015758,0.00162067,0.00163073,0.00155596,0.0015073,0.00154013,0.00162885,0.00171852,0.00171801,0.0017023,0.00170969,0.00175503,0.00183995,0.00193715,0.00199494,0.00197991,0.0019555,0.00200677,0.00210132,0.00216092,0.00212298,0.00204127,0.00200863,0.00201022,0.0020249,0.00202717,0.00200602,0.00195013,0.00189739,0.00187942,0.00189728,0.00190954,0.00188879,0.00185018,0.00182036,0.00180764,0.00181441,0.00182746,0.00182733,0.00178863,0.00174268,0.00171587,0.00171167,0.00171776,0.00171469,0.00172196,0.0017657,0.00188442,0.00213508,0.00244288,0.00266678,0.00264346,0.00259491,0.00268636,0.00287599,0.0029955,0.00288049,0.0027099,0.00260222,0.0025738,0.00261204,0.00264618,0.00262041,0.0024785,0.00233354,0.00226467,0.00226724,0.00228032,0.0022311,0.00217375,0.00213652,0.00212599,0.00213831,0.0021501,0.00214927,0.00210591,0.00205969,0.00202586,0.00202247,0.00204694,0.00206898,0.00198163,0.00169916,0.00145206,0.0013731,0.00149517,0.00164978,0.00164242,0.00160412,0.00166909,0.00181839,0.00191128,0.00183099,0.00168072,0.00160041,0.00159752,0.00167508,0.0017679,0.00179619,0.00166776,0.00150404,0.00142246,0.00144322,0.0014724,0.0014351,0.0013875,0.00135938,0.00136448,0.00140347,0.00144953,0.00145265,0.00136921,0.00127014,0.0012455,0.00126749,0.00128132,0.00123828,0.00117538,0.0011338,0.00112808,0.0011608,0.00120795,0.00120868,0.00111261,0.000983221,0.000896937,0.000860342
0.000640294,0.000648788,0.000664595,0.000693678,0.000727545,0.00074673,0.000738442,0.000722185,0.000721959,0.000738564,0.000760694,0.000780882,0.000793848,0.000798621,0.000807135,0.000831411,0.000863607,0.000885056,0.000886339,0.000878722,0.00087512,0.00087961,0.000892209,0.000908907,0.000917297,0.000909651,0.000901742,0.000912742,0.000934515,0.000945158,0.000929631,0.000904393,0.000889716,0.00089019,0.000905388,0.000924892,0.000930382,0.000911952,0.000891606,0.000898205,0.000926336,0.000931903,0.000894993,0.00085521,0.000850937,0.000874722,0.000908444,0.000938709,0.000955866,0.000952519,0.00094469,0.000957186,0.000987286,0.00100259,0.000991086,0.000971832,0.000962184,0.000963616,0.00097339,0.000985495,0.000991862,0.000987778,0.000981559,0.000985237,0.000999335,0.00100619,0.000997026,0.000982319,0.000973048,0.000971769,0.000978755,0.000990123,0.000993834,0.000979551,0.000957998,0.000947301,0.000949194,0.000948904,0.000932467,0.00090544,0.000877756,0.000859983,0.000864641,0.000887326,0.000911374,0.000923143,0.000931106,0.000951369,0.000983378,0.00100961,0.00102022,0.00102229,0.00102513,0.00103964,0.00107729,0.00112638,0.00113575,0.00109129,0.00108999,0.00124239,0.00151501,0.00170136,0.00169121,0.00159849,0.00155189,0.00157499,0.00164549,0.00173405,0.00177049,0.00170745,0.00162946,0.00164002,0.0016993,0.00172376,0.00167248,0.00159342,0.00154107,0.001534,0.0015745,0.00162707,0.00163042,0.00156088,0.00149773,0.00152758,0.00163223,0.00171411,0.00172002,0.00169961,0.00170721,0.0017533,0.00183741,0.00193564,0.00199352,0.00197717,0.00195146,0.00200091,0.00210418,0.00215863,0.00211143,0.00203665,0.00200696,0.00201009,0.00202154,0.00202358,0.00200332,0.00195132,0.00189336,0.00187085,0.00189042,0.0019029,0.0018805,0.00184287,0.00181311,0.00180011,0.00180609,0.00182117,0.00181901,0.00178217,0.00173353,0.00170555,0.00170528,0.00171054,0.00170889,0.00171581,0.0017502,0.00186256,0.00212361,0.00244763,0.00265696,0.002646,0.00257692,0.00266491,0.00287769,0.00297401,0.00286521,0.00268968,0.00258298,0.00256621,0.00260329,0.00264294,0.00262137,0.002489,0.00232514,0.00225055,0.00226242,0.00226603,0.00221751,0.00215507,0.00211747,0.00210936,0.00212066,0.00213541,0.0021298,0.00208938,0.00203756,0.00200535,0.00200286,0.00202387,0.00204008,0.00195886,0.00170458,0.00142335,0.00135442,0.00149367,0.00163832,0.00164261,0.00159404,0.00164317,0.00180706,0.00189589,0.00181216,0.00166968,0.00158717,0.00158612,0.00166333,0.00176222,0.00178392,0.00166661,0.00149681,0.00140338,0.00142968,0.0014686,0.00143922,0.00138214,0.00135133,0.00135547,0.0013931,0.00143911,0.00143755,0.00135215,0.00125525,0.00123597,0.0012631,0.00127215,0.00123005,0.00116815,0.00112615,0.00112088,0.00115151,0.00119766,0.00119523,0.00109942,0.000971959,0.000892848,0.00085913
0.000638663,0.000646923,0.000663435,0.000694571,0.000724715,0.000744756,0.000733053,0.000719355,0.00072077,0.000736302,0.000758117,0.000777263,0.000791319,0.000797185,0.000805259,0.000828365,0.000857468,0.000880001,0.000880388,0.000874765,0.000871349,0.000876114,0.000888904,0.000905196,0.000913302,0.000905568,0.000897479,0.000909272,0.000928561,0.000939718,0.000922435,0.000899958,0.000886677,0.00088744,0.000903013,0.000921415,0.000930167,0.000908848,0.000892087,0.000900515,0.00092391,0.000929774,0.00089684,0.000852843,0.000849776,0.000869835,0.000904399,0.000932464,0.000950316,0.000943673,0.000939373,0.000955212,0.000982406,0.000998665,0.000988705,0.000968967,0.000959605,0.000960287,0.000969939,0.000981134,0.000987928,0.000982791,0.00097741,0.000982598,0.000995254,0.00100101,0.000993096,0.00097793,0.000968357,0.000966622,0.000973593,0.000984895,0.000987197,0.000970142,0.000952306,0.00094299,0.000943975,0.000943197,0.000926268,0.000901691,0.000875816,0.000859102,0.000862764,0.000883443,0.00090868,0.000918305,0.000928015,0.000950154,0.000979731,0.0010061,0.00101734,0.00101996,0.00102225,0.00103775,0.00107465,0.00111604,0.00113332,0.00108262,0.00110046,0.00125621,0.00150876,0.00170676,0.00169962,0.00159902,0.00155254,0.00157153,0.00164626,0.00173451,0.00176755,0.00171339,0.00163198,0.00163611,0.00168841,0.0017191,0.00166604,0.00158983,0.00154005,0.00153219,0.00157139,0.0016171,0.00162527,0.00156148,0.00149787,0.00152982,0.00162072,0.00170783,0.00171926,0.00169734,0.00170359,0.0017509,0.00183623,0.00193358,0.0019909,0.00197955,0.00195416,0.0020024,0.00209461,0.00215814,0.00211524,0.00203308,0.00200313,0.00200523,0.00201895,0.0020175,0.00199736,0.00193979,0.00188644,0.00186742,0.00188405,0.00189533,0.00187412,0.00183555,0.00180592,0.00179296,0.0017988,0.00181059,0.00180986,0.00177018,0.0017246,0.00170042,0.00169827,0.00170222,0.00169887,0.0017065,0.0017488,0.00186502,0.00211327,0.00241968,0.00264189,0.0026165,0.00256862,0.00264774,0.00282888,0.00294948,0.00285219,0.00267095,0.00257094,0.00255475,0.00259784,0.00263269,0.00261701,0.00246976,0.00231682,0.0022398,0.00223854,0.00224955,0.00220337,0.00213749,0.00210044,0.00209142,0.00210416,0.00211601,0.00210944,0.00206851,0.00201838,0.00198654,0.00198369,0.00200158,0.0020062,0.00193662,0.00168755,0.00143193,0.00134016,0.00145499,0.00161805,0.0016123,0.00158633,0.00164611,0.00179368,0.00188662,0.00180999,0.00165909,0.00157633,0.00157691,0.00165582,0.00174294,0.0017685,0.0016424,0.00148492,0.00140829,0.00143088,0.00145848,0.00142064,0.00137353,0.0013446,0.00134828,0.00138583,0.00142936,0.00142606,0.00135111,0.00125315,0.0012281,0.00124936,0.00126269,0.00121933,0.00116045,0.0011215,0.00111659,0.00114644,0.00118949,0.00118813,0.00109559,0.000968832,0.000887509,0.000853126
0.000636608,0.000644514,0.000659644,0.000692329,0.000727354,0.000742303,0.000734756,0.000717742,0.000718746,0.000734751,0.000755388,0.000774255,0.00078862,0.000795738,0.000803926,0.000825881,0.000855977,0.000875399,0.0008782,0.000870218,0.000866956,0.00087116,0.000883936,0.000898883,0.000908006,0.000900461,0.000892791,0.000903038,0.000927593,0.000934886,0.000918037,0.000895196,0.000882868,0.000883559,0.000897745,0.000918738,0.000925339,0.000907409,0.000886389,0.000894436,0.000918712,0.000924362,0.000885832,0.00085038,0.000841956,0.000864608,0.000899495,0.000929449,0.000943793,0.000941033,0.000934755,0.000949968,0.000979675,0.000995754,0.00098484,0.000965409,0.000955011,0.000956663,0.000965679,0.000977637,0.000983395,0.000978542,0.000971955,0.00097795,0.000990477,0.000994749,0.000985297,0.000972364,0.000962527,0.000960828,0.00096747,0.00097767,0.000978643,0.000964261,0.000945124,0.000936533,0.000938238,0.000936711,0.000921285,0.000897047,0.000872871,0.000856202,0.00085728,0.000880163,0.000903763,0.000915204,0.000924007,0.000945676,0.000976317,0.00100257,0.00101276,0.00101655,0.0010205,0.00103428,0.00107112,0.00111884,0.00112698,0.00109611,0.00109066,0.0012369,0.00149814,0.0017055,0.00169149,0.00159668,0.00154527,0.00156611,0.00164352,0.00172872,0.00176369,0.00170925,0.00163204,0.00161916,0.00168519,0.00171312,0.00166506,0.00158405,0.001535,0.00152997,0.00156424,0.00161656,0.00162081,0.00154998,0.00149567,0.00151726,0.00161385,0.00170778,0.00171622,0.00169463,0.00169774,0.00174702,0.00183164,0.00192737,0.00198571,0.00197236,0.00194951,0.00198672,0.00208386,0.00215547,0.00211089,0.00203035,0.00199429,0.00200085,0.00201535,0.00201675,0.0019901,0.00193603,0.00187752,0.00186122,0.00187902,0.00188736,0.00186358,0.00182787,0.00179881,0.00178523,0.00179037,0.0018048,0.00180085,0.00176384,0.00171597,0.00169236,0.00169083,0.00169337,0.00168892,0.00169721,0.0017402,0.00185807,0.00209255,0.00241348,0.00262492,0.0026252,0.00255081,0.00262113,0.00281864,0.00294205,0.00284206,0.00266168,0.00255479,0.00254151,0.00258295,0.00262796,0.00260063,0.00246565,0.00229974,0.00221979,0.0022273,0.00223622,0.00218879,0.00212278,0.00208244,0.00207407,0.00208572,0.00209964,0.00209139,0.00204589,0.00199783,0.00196677,0.00196291,0.00197728,0.0019828,0.00190866,0.00167066,0.00141425,0.00134232,0.00148158,0.00161039,0.00162726,0.00157804,0.00163117,0.00177712,0.0018757,0.00179271,0.00165232,0.00156625,0.00156658,0.00164083,0.0017388,0.00175339,0.00163136,0.00146515,0.00140745,0.0014347,0.00144764,0.00141255,0.00136514,0.00133802,0.00134047,0.00137595,0.00141584,0.00141544,0.00134178,0.00124976,0.00121134,0.00124245,0.00125352,0.00121397,0.00115361,0.00111579,0.00110892,0.00113715,0.00117432,0.00118005,0.00109156,0.00096535,0.000879644,0.000849462
0.000634409,0.000642784,0.000658075,0.000689622,0.000724555,0.000744022,0.000730752,0.000717244,0.000717853,0.000732745,0.000752773,0.000771469,0.000785732,0.000793392,0.000803079,0.0008232,0.000851337,0.000873022,0.000871612,0.000865185,0.000862193,0.000865934,0.000878635,0.000894385,0.000901246,0.000893773,0.000887745,0.000898789,0.000922354,0.000930049,0.000914249,0.000891522,0.000879564,0.000879406,0.00089295,0.000914703,0.00092114,0.000904254,0.000880921,0.000891116,0.000913861,0.000913509,0.00088393,0.000842207,0.000838388,0.000861264,0.000893899,0.000922773,0.000939714,0.000932924,0.000931343,0.000947345,0.00097522,0.000991343,0.000980518,0.000961812,0.000950552,0.000951637,0.000961197,0.000973469,0.00097886,0.000974919,0.000967606,0.000972754,0.000984048,0.000987804,0.000980136,0.000966136,0.000956524,0.000954807,0.000960788,0.000969543,0.000970641,0.00095401,0.000937908,0.000931725,0.000933805,0.000930093,0.000913959,0.00089216,0.000868792,0.000852899,0.000854028,0.000877228,0.000899369,0.000911849,0.000920018,0.000942629,0.000972705,0.000996537,0.00100925,0.00101269,0.00101618,0.00103269,0.00106913,0.00110969,0.00112736,0.00106906,0.00107908,0.00124311,0.00150367,0.00168291,0.00166981,0.00158718,0.00153937,0.00156151,0.00163999,0.0017223,0.00175793,0.0017022,0.00162919,0.00161705,0.00168289,0.00170818,0.00166148,0.00157913,0.00153099,0.00152596,0.00155614,0.00159696,0.00161364,0.00155654,0.00148395,0.00151178,0.00161438,0.00169661,0.0017055,0.00168841,0.00169288,0.00174214,0.00182592,0.00191801,0.00197808,0.00196204,0.0019403,0.00198517,0.00208475,0.00214414,0.00210143,0.00202679,0.00198561,0.00199053,0.00200909,0.00201016,0.00198655,0.00192321,0.0018724,0.00185812,0.00187166,0.00187812,0.00185338,0.00181931,0.00179152,0.00177805,0.00178275,0.00179744,0.00179314,0.00175767,0.00170836,0.0016862,0.00168488,0.00168437,0.00168156,0.00169056,0.00174005,0.0018515,0.00207884,0.00240563,0.00261128,0.00261633,0.0025371,0.00260775,0.00280475,0.0029229,0.00281403,0.00264539,0.0025399,0.00252653,0.00256841,0.00261435,0.00258458,0.00245271,0.00228468,0.00220483,0.00221197,0.00221909,0.00216933,0.00210568,0.00206543,0.0020564,0.00206759,0.00207862,0.00206982,0.00202892,0.00197599,0.00194516,0.00194228,0.00195422,0.00195663,0.00187688,0.00168451,0.00143502,0.00134133,0.00145138,0.00162313,0.00160123,0.0015703,0.00163816,0.00177954,0.00185264,0.00177298,0.00164094,0.00155735,0.00155742,0.00163084,0.00173042,0.0017435,0.00162895,0.00146086,0.00140343,0.00142666,0.00144045,0.00140613,0.0013587,0.0013328,0.00133281,0.00136578,0.00140372,0.00140451,0.00133095,0.00124378,0.00120673,0.00123731,0.00124548,0.00120714,0.00114545,0.00110682,0.00110037,0.00113026,0.00117153,0.00116487,0.00107896,0.000962833,0.000874823,0.000839981
0.000632057,0.000638941,0.000655715,0.000686329,0.000722202,0.000740694,0.000732018,0.000714227,0.000716792,0.000730145,0.000749911,0.000768109,0.00078245,0.000790862,0.000800507,0.000820365,0.000847626,0.000866412,0.000866595,0.000858637,0.000856087,0.00086109,0.000873418,0.000887377,0.000895216,0.000888744,0.000881795,0.00089403,0.000915448,0.000923862,0.00090687,0.000886396,0.000874234,0.000875703,0.000889284,0.00090647,0.000917229,0.00089828,0.000879702,0.000885808,0.000905453,0.000907312,0.000870136,0.000838675,0.000834399,0.000854353,0.000887487,0.000915901,0.000931774,0.000929585,0.000925598,0.000941637,0.00096915,0.000984483,0.000976034,0.000956031,0.000946783,0.000947251,0.000956781,0.000967357,0.000973675,0.000969624,0.000964107,0.000966572,0.000977526,0.000981716,0.00097241,0.000960478,0.000951213,0.000949021,0.00095427,0.000961797,0.000961786,0.000948198,0.000931244,0.000925146,0.000925896,0.000922951,0.000908452,0.000887407,0.000864646,0.000848429,0.000851974,0.000870844,0.000894743,0.000906388,0.000917294,0.00093836,0.000966226,0.000991225,0.00100265,0.00100829,0.00101367,0.00102887,0.00106361,0.00110736,0.001119,0.00108068,0.00107089,0.00123629,0.00149036,0.00167124,0.00167053,0.00157906,0.00153706,0.00155838,0.00163194,0.00172008,0.00175005,0.00169995,0.00161769,0.00161949,0.00166595,0.00170118,0.00164448,0.00157288,0.00152533,0.00151859,0.00154652,0.00159025,0.00160409,0.00153841,0.00147993,0.00150658,0.00160106,0.00168538,0.00169959,0.00168043,0.00168961,0.00173799,0.00181978,0.0019124,0.00197085,0.00196527,0.00193602,0.00197916,0.00206808,0.00213673,0.00209643,0.00201692,0.0019874,0.00198636,0.00200229,0.00200365,0.00197814,0.0019217,0.00186317,0.00185393,0.00186622,0.00186864,0.0018455,0.00181114,0.00178403,0.00177118,0.00177502,0.00178432,0.00178487,0.00174487,0.00170289,0.00167821,0.0016724,0.0016763,0.0016728,0.00168189,0.00172179,0.00184545,0.00207757,0.00235933,0.00259576,0.00257998,0.00252383,0.00259607,0.00278629,0.00288982,0.00278608,0.00262577,0.00253065,0.00251185,0.0025551,0.00259151,0.00257033,0.00242542,0.00227224,0.00219248,0.00219271,0.00219965,0.00215423,0.00208739,0.00204969,0.00203931,0.0020494,0.00205912,0.0020496,0.00200596,0.0019565,0.00192469,0.00191926,0.00193149,0.00192443,0.00185524,0.0016533,0.00143378,0.00132646,0.00146793,0.00160781,0.00160924,0.0015605,0.00163005,0.00174767,0.00183857,0.0017764,0.00162777,0.00154861,0.00154891,0.0016224,0.00170168,0.00173269,0.00160401,0.0014627,0.00139084,0.00141533,0.00143475,0.00139524,0.00135058,0.00132422,0.00132605,0.00135541,0.0013965,0.00139285,0.00132468,0.00123288,0.00120704,0.00121989,0.00123716,0.00119513,0.00113874,0.00110006,0.00109133,0.00112383,0.00115877,0.00115517,0.00107271,0.000956647,0.000869946,0.000840153
0.000628788,0.000635817,0.000650316,0.000679845,0.000716431,0.000734533,0.000726364,0.000711028,0.000712399,0.000726726,0.000746104,0.000764363,0.000778034,0.00078579,0.000796014,0.000815294,0.000842096,0.000857933,0.000858119,0.00085086,0.000848582,0.000854058,0.000866271,0.000881486,0.000888372,0.000880504,0.000875612,0.000884182,0.000905298,0.000915423,0.000902087,0.000879182,0.000866798,0.000868984,0.000882599,0.000901674,0.000908969,0.000892437,0.00087203,0.000875166,0.000897963,0.000896793,0.000865371,0.000830574,0.00082685,0.000848552,0.000879414,0.000906959,0.000921717,0.000921413,0.000918367,0.000933154,0.000960672,0.000975295,0.000966909,0.000949196,0.000940842,0.000941649,0.000950279,0.000960934,0.000966935,0.000963665,0.000958081,0.00095962,0.000969925,0.000974024,0.000967095,0.000953658,0.000944794,0.000942755,0.000946803,0.00095301,0.000953421,0.000938884,0.000923431,0.000917026,0.000918618,0.000915172,0.000901361,0.00088133,0.000858611,0.000842533,0.000846604,0.00086687,0.000888115,0.000900897,0.000911657,0.000931749,0.000960216,0.000984267,0.00099642,0.00100217,0.00100753,0.00102178,0.00105605,0.00109951,0.00111039,0.00105436,0.00106261,0.00123293,0.00150591,0.00167234,0.00165214,0.00157884,0.0015341,0.00155402,0.00162298,0.00170839,0.00174045,0.00168372,0.00160328,0.00160672,0.00166153,0.00168181,0.00163803,0.00156008,0.00151545,0.0015115,0.00153728,0.00157887,0.00159259,0.00153336,0.00146783,0.00149426,0.00159908,0.00167784,0.0016831,0.00167374,0.00168503,0.00173283,0.00181379,0.00190774,0.00196824,0.00194969,0.00192592,0.00197957,0.00208545,0.00212528,0.0020809,0.00200975,0.00198063,0.00198345,0.00199624,0.00199633,0.00196949,0.00191328,0.00185647,0.00184229,0.00185699,0.00186178,0.00183742,0.00180312,0.00177602,0.00176233,0.00176539,0.00177811,0.00177214,0.0017383,0.00169205,0.00166693,0.00166502,0.00166745,0.0016657,0.00167386,0.0017138,0.00182345,0.0020504,0.00234991,0.00256403,0.00256497,0.00248968,0.00255957,0.00277419,0.00285827,0.00275604,0.00260512,0.00251401,0.00249894,0.00253718,0.00257912,0.00255475,0.00241529,0.00225423,0.00217385,0.00218223,0.00218391,0.00213245,0.00207273,0.0020329,0.0020224,0.00203047,0.00203855,0.00203122,0.00198917,0.00193614,0.0019031,0.00189723,0.00190822,0.00190449,0.00183214,0.00163908,0.0014124,0.00131494,0.00144892,0.00159,0.00159385,0.00154666,0.00161807,0.0017589,0.00182706,0.00174192,0.00161866,0.00154007,0.00153563,0.00160336,0.00169316,0.0017042,0.00160199,0.00144789,0.00137272,0.00140075,0.00142461,0.00139811,0.00134292,0.00131383,0.00131556,0.00134489,0.00138419,0.00138065,0.00130927,0.00122006,0.00119463,0.00121451,0.00122497,0.0011867,0.00113052,0.00109242,0.00108354,0.0011157,0.00115732,0.00115022,0.00106087,0.00094975,0.000865936,0.000838879
0.000625698,0.000631656,0.000645721,0.000674691,0.000709091,0.00072863,0.000723692,0.00070888,0.000705901,0.000722229,0.000742755,0.000760195,0.000772951,0.000779791,0.000789372,0.00081185,0.000836667,0.00084949,0.000848485,0.000843092,0.000841793,0.000847461,0.000858756,0.000872849,0.000880097,0.000874973,0.00086921,0.000876958,0.000895254,0.000907616,0.000895518,0.000873011,0.000860373,0.000861952,0.000878876,0.000898483,0.000901748,0.00088369,0.000866032,0.000868639,0.000884914,0.00088874,0.000859164,0.000824661,0.000819885,0.000841286,0.000871266,0.000896604,0.000912432,0.000914369,0.000912531,0.000924251,0.000949063,0.000966453,0.000960426,0.000942826,0.000932719,0.000935701,0.000943823,0.000954531,0.00096061,0.000956091,0.000950625,0.000955872,0.000964204,0.000966498,0.000958825,0.000947209,0.000938793,0.000936403,0.000939819,0.000945233,0.000944229,0.000931784,0.000916641,0.000909903,0.000910397,0.000907533,0.000894991,0.000875678,0.000853588,0.000838156,0.000842472,0.000862261,0.000882702,0.000895922,0.00090814,0.000926978,0.000954096,0.000977585,0.000990626,0.00099698,0.00100208,0.00101621,0.00105213,0.00110013,0.001101,0.00104945,0.00105704,0.00122371,0.00148742,0.00166198,0.00165312,0.00156798,0.00152597,0.00154815,0.00161196,0.0016888,0.00172796,0.00167761,0.00159711,0.00159003,0.00164393,0.00167073,0.00162355,0.00155016,0.00150267,0.00149534,0.00153331,0.00158363,0.00157911,0.00150897,0.00145651,0.00148922,0.00158791,0.00166689,0.00167855,0.00166484,0.00167519,0.00172362,0.00180927,0.00191314,0.00195955,0.00192569,0.00190763,0.00198104,0.00208096,0.00211508,0.0020705,0.00200363,0.00196829,0.00197493,0.00198878,0.00198888,0.00196078,0.00190603,0.00185285,0.00182861,0.0018416,0.00185531,0.00183386,0.00179522,0.00176582,0.0017518,0.00175801,0.00176915,0.00176297,0.00172714,0.00168301,0.00165878,0.00165675,0.00165756,0.00165543,0.00166433,0.00170223,0.00181058,0.00204072,0.0023517,0.0025431,0.00253413,0.00247993,0.00252657,0.00270695,0.00285015,0.00276792,0.00258754,0.00249044,0.00247929,0.00251994,0.0025627,0.00253672,0.00240067,0.00223893,0.00216037,0.00216456,0.00216702,0.00211852,0.00205424,0.00201573,0.00200581,0.00201069,0.00201956,0.00201007,0.00196772,0.0019152,0.00188212,0.00187524,0.00188377,0.0018829,0.00180914,0.0016095,0.00138745,0.00132344,0.00144026,0.00157871,0.00158623,0.0015405,0.00160735,0.00175865,0.00180234,0.0017169,0.00160376,0.00153288,0.00152744,0.00158844,0.00167413,0.00169084,0.00157952,0.00143218,0.00137093,0.00139637,0.00141267,0.00138185,0.00133417,0.00130261,0.00130496,0.00133517,0.00137147,0.00136807,0.00129743,0.00121321,0.00118613,0.001211,0.00121129,0.00117013,0.00112126,0.0010893,0.00108215,0.00110185,0.00114105,0.00113883,0.00105031,0.000935509,0.000869546,0.000839752
0.000625607,0.000632171,0.000646927,0.000676732,0.000712434,0.000731827,0.000725385,0.000707549,0.000708025,0.000722597,0.000741472,0.000758638,0.000771943,0.000779878,0.000789662,0.000807323,0.000832322,0.00084986,0.000848658,0.000840568,0.000838172,0.000843569,0.000856693,0.000871716,0.000878213,0.000870849,0.000866572,0.000875453,0.000896561,0.00090533,0.00089087,0.000870641,0.000860645,0.000863618,0.000877478,0.000897342,0.000904425,0.000890029,0.000868026,0.000872757,0.000893322,0.000889856,0.000857149,0.000822685,0.000819721,0.000839962,0.000869347,0.000896623,0.000911981,0.000910177,0.00090893,0.00092679,0.000954356,0.000964782,0.000954505,0.000939653,0.000932699,0.000933561,0.000942352,0.000953547,0.000959948,0.000956699,0.00095098,0.00095253,0.000962575,0.000965687,0.000957819,0.000945224,0.000936726,0.000934214,0.00093771,0.000943007,0.000942191,0.00092937,0.000914398,0.000907755,0.000909358,0.000906486,0.000893339,0.000875188,0.000855338,0.000840955,0.000840773,0.000860977,0.000883374,0.000896854,0.00090797,0.000929296,0.000956337,0.000978968,0.00099177,0.000998952,0.00100558,0.00102083,0.00105233,0.00109128,0.00110652,0.00106765,0.00106768,0.00122127,0.00148234,0.00164633,0.00162866,0.00155996,0.0015186,0.00153654,0.00160637,0.00168851,0.00171314,0.00165671,0.00158582,0.00157766,0.00163208,0.0016547,0.00160955,0.00153828,0.00149806,0.00149213,0.00151616,0.00155615,0.00156567,0.00150405,0.00145064,0.00147617,0.00156949,0.00165647,0.0016687,0.00165657,0.00166806,0.00171772,0.00179729,0.00188734,0.00195115,0.00194353,0.00191403,0.00195605,0.0020544,0.00211091,0.00206979,0.00199636,0.00195986,0.00196627,0.00198007,0.00197613,0.00195169,0.00189802,0.00184275,0.00182366,0.00183899,0.00184306,0.00182007,0.00178589,0.00175944,0.0017461,0.00174743,0.00175824,0.00175276,0.00171817,0.00167375,0.00165071,0.00164711,0.00164847,0.00164728,0.00165588,0.00169472,0.00180061,0.00202639,0.00233239,0.00251622,0.00250703,0.00244227,0.00252981,0.00271653,0.00280429,0.00270958,0.00256188,0.00247479,0.00246245,0.00250071,0.00254156,0.00251751,0.00238118,0.00222331,0.00214321,0.00214896,0.00214859,0.00209725,0.00203785,0.0019977,0.00198608,0.00199275,0.00200009,0.00198893,0.00194582,0.00189423,0.00186049,0.00185186,0.00186081,0.00186372,0.00178238,0.0015913,0.00137602,0.00132572,0.00144413,0.00156755,0.00155637,0.0015244,0.00159465,0.00172189,0.00179514,0.0017223,0.00159521,0.0015161,0.00151301,0.00157745,0.00166644,0.00167232,0.00156146,0.00141853,0.00136485,0.00138315,0.00140366,0.00137349,0.00132443,0.00129529,0.0012962,0.00132458,0.00135995,0.00135497,0.00128714,0.00120354,0.00117773,0.00119458,0.00120398,0.00116727,0.0011141,0.00107848,0.00106982,0.00109724,0.00112918,0.00112871,0.00104948,0.000936074,0.000857022,0.000831442
0.000625621,0.000632516,0.000648133,0.000679597,0.00071606,0.000734968,0.000720842,0.000707022,0.000707831,0.000721462,0.000740418,0.000757443,0.000770335,0.000777921,0.000787485,0.000805824,0.00083073,0.000847778,0.000844894,0.000838111,0.000835775,0.000840878,0.00085417,0.000867999,0.000875411,0.000869821,0.000863741,0.000876092,0.000896319,0.000903623,0.000889739,0.000869091,0.000859293,0.000862516,0.000878201,0.000900669,0.000908129,0.000886724,0.000869965,0.000873994,0.000889639,0.000895361,0.000862788,0.000823587,0.000818471,0.000837558,0.000869641,0.000897738,0.000911051,0.000910221,0.000908795,0.000928038,0.000953364,0.000965848,0.000955251,0.000938339,0.000930024,0.000930904,0.000941405,0.000952637,0.000959449,0.000955167,0.000949757,0.0009518,0.000961663,0.000965048,0.000957258,0.000943912,0.000935409,0.000932538,0.000936096,0.000940929,0.000940811,0.000927269,0.000912988,0.000907105,0.000907795,0.000905857,0.000893815,0.000875179,0.000855296,0.000842052,0.00084283,0.000863695,0.000884745,0.000898967,0.000909616,0.000931294,0.000957952,0.000981397,0.000994283,0.00100189,0.00100867,0.00102479,0.00105695,0.00109669,0.00111029,0.00106447,0.00107727,0.00122266,0.00145512,0.00162604,0.00163201,0.00154918,0.00150918,0.00152768,0.00159783,0.00167241,0.0017018,0.00163724,0.00158016,0.0015741,0.0016215,0.00164251,0.00160085,0.00152873,0.00148873,0.00148182,0.00150537,0.00154314,0.00154956,0.00150256,0.00143948,0.00146864,0.00156038,0.0016408,0.00165103,0.00164628,0.00165884,0.00170888,0.00178954,0.00187998,0.0019419,0.00192963,0.00191105,0.00195353,0.00203193,0.00210022,0.00205065,0.00198635,0.00195902,0.00196069,0.00197183,0.00196758,0.00194324,0.00188747,0.00183651,0.00181906,0.00182944,0.00183476,0.00180952,0.00177781,0.00175196,0.0017381,0.00173885,0.00174974,0.00174295,0.0017108,0.00166643,0.00164263,0.00163616,0.00163853,0.00163587,0.00164489,0.00168074,0.00179736,0.00201262,0.00227534,0.00249585,0.00249597,0.00241852,0.00252247,0.00268829,0.00276349,0.00268419,0.00253992,0.00245453,0.00244008,0.00248095,0.0025162,0.00249564,0.00235609,0.00220856,0.00212909,0.00212534,0.00212865,0.00208339,0.00201752,0.00197937,0.0019673,0.00197381,0.00197767,0.00196606,0.00192106,0.00187243,0.00183889,0.00182832,0.00183557,0.00182675,0.00176406,0.00154768,0.00136848,0.00133934,0.00146402,0.00155403,0.00155237,0.00152156,0.00159052,0.0016989,0.00178126,0.00169834,0.00157986,0.00150807,0.00150674,0.00156318,0.00163098,0.00166048,0.00155776,0.0014129,0.0013599,0.0013663,0.00139314,0.00135903,0.00131495,0.00128747,0.0012875,0.00131447,0.00134932,0.00134349,0.00127993,0.00119668,0.0011705,0.0011778,0.00119231,0.0011531,0.00110534,0.00106981,0.00106077,0.00108755,0.00112046,0.00111456,0.00103358,0.000929722,0.000852554,0.000820298
0.000624772,0.00063111,0.000647578,0.000679824,0.000718089,0.000735002,0.000725137,0.000705018,0.000705089,0.000719284,0.000738068,0.000755276,0.000768263,0.00077348,0.000783545,0.000803128,0.000828305,0.00084327,0.000842608,0.000834299,0.000831924,0.000837774,0.000850326,0.00086516,0.000871953,0.000865731,0.000860778,0.000871478,0.000892606,0.000902224,0.000886616,0.000866638,0.000856055,0.000859221,0.000878484,0.000901502,0.000908914,0.000891852,0.00086776,0.000871888,0.000893156,0.000896086,0.000862043,0.000822587,0.000812886,0.000835633,0.000867258,0.000894209,0.000909315,0.000908409,0.000908007,0.000924908,0.000951907,0.000965678,0.000954624,0.000936445,0.000925816,0.000927483,0.000938855,0.00095257,0.000957777,0.000953567,0.000946361,0.000950334,0.000959756,0.000963393,0.000954621,0.000941638,0.00093247,0.000930255,0.000933214,0.000939127,0.000937948,0.000925862,0.000909705,0.00090477,0.000906523,0.000904167,0.000892034,0.000873946,0.000854357,0.000840081,0.000843912,0.000861745,0.000884848,0.0008988,0.000910833,0.000930464,0.00095898,0.000982268,0.00099628,0.0010034,0.00101031,0.00102625,0.00106015,0.00109939,0.00111187,0.00108403,0.00108572,0.00121439,0.00144596,0.00161596,0.00161251,0.00154091,0.00149836,0.00152109,0.00158363,0.00165932,0.00168392,0.00163575,0.00156458,0.00156206,0.00160148,0.00162772,0.00157935,0.00151761,0.00147735,0.00147159,0.00149593,0.00152575,0.00153669,0.00148045,0.00143228,0.00145668,0.0015513,0.00162702,0.00164184,0.00163667,0.00165178,0.00169953,0.0017821,0.00187576,0.00193187,0.00191868,0.001894,0.00195098,0.00204359,0.00208413,0.00204433,0.00197788,0.00194931,0.0019519,0.00196305,0.00195931,0.00193367,0.00188049,0.00182749,0.00181058,0.00182204,0.00182483,0.001803,0.00176822,0.00174228,0.00172948,0.00173085,0.00173567,0.00173253,0.00169984,0.00165848,0.0016316,0.00162849,0.00162789,0.00162582,0.00163485,0.0016807,0.00178414,0.00198821,0.0022629,0.00246357,0.00246314,0.00240693,0.00247441,0.00264028,0.00273588,0.0026494,0.00251643,0.00242697,0.00241696,0.00245691,0.00250002,0.0024723,0.0023477,0.00218977,0.00211089,0.00211061,0.00211221,0.00206251,0.00200067,0.00196048,0.00194855,0.00195356,0.00195902,0.00194292,0.00190091,0.00185007,0.00181693,0.00180668,0.00181022,0.00180704,0.00173309,0.00155252,0.0013608,0.00133145,0.00142098,0.00154378,0.00154358,0.00151565,0.00156657,0.00169963,0.0017551,0.00168574,0.00156422,0.00150002,0.00149512,0.0015444,0.00161731,0.00163916,0.00154104,0.00140521,0.00134568,0.00136644,0.00137812,0.00135047,0.00130459,0.00127846,0.00127878,0.00130374,0.00132834,0.00133036,0.00126589,0.00118924,0.00115975,0.00117469,0.00117823,0.00114782,0.00109653,0.00106082,0.00105346,0.00107721,0.00110965,0.00110343,0.00102316,0.000917127,0.000849941,0.000822376
0.000623551,0.000630285,0.000646661,0.000679523,0.000719511,0.000736396,0.000721663,0.000705758,0.000702491,0.000715906,0.000735581,0.000753101,0.000765178,0.000772099,0.000779742,0.000798966,0.000825211,0.000840099,0.000837501,0.000830983,0.00082846,0.000834344,0.000846444,0.000860326,0.000869146,0.000863056,0.000856867,0.00086686,0.000889161,0.000899022,0.00088425,0.000863514,0.000852751,0.000856943,0.00087732,0.000902398,0.000910632,0.000888652,0.000869077,0.000869518,0.000888609,0.000895856,0.000861642,0.0008205,0.000808533,0.000831864,0.000863761,0.0008913,0.000906769,0.000907037,0.000906674,0.000920498,0.000946731,0.000964722,0.000953504,0.000933424,0.000922939,0.000925264,0.000936399,0.000949355,0.000956642,0.000951168,0.000943914,0.000947944,0.000957877,0.000961436,0.000952666,0.000939235,0.000929656,0.00092752,0.000930508,0.000936273,0.000935397,0.000923155,0.000907736,0.000901696,0.000902954,0.000902024,0.000890909,0.000872233,0.000851934,0.000837513,0.000841923,0.000862135,0.000883556,0.000898178,0.000910343,0.000930109,0.000958803,0.000982902,0.000996949,0.00100454,0.00101201,0.00102804,0.00106215,0.00110519,0.00111869,0.00108481,0.00109925,0.0012219,0.00144188,0.00160417,0.00160368,0.00152719,0.00148771,0.00151354,0.00157284,0.00164403,0.00166802,0.00161711,0.00154565,0.00154617,0.00158885,0.00160326,0.00156964,0.00150519,0.00146398,0.00145734,0.00148198,0.00151671,0.00151766,0.00146492,0.00141565,0.00144233,0.0015408,0.00161405,0.00162988,0.00162729,0.0016438,0.00169218,0.0017742,0.00187098,0.00192326,0.00190679,0.00188745,0.00193659,0.00202915,0.00207957,0.00203599,0.00196756,0.00194201,0.00194522,0.00195499,0.00195193,0.00192237,0.00186989,0.00181912,0.00180229,0.00181326,0.00181534,0.00179335,0.00175948,0.00173317,0.00171887,0.00171935,0.00172644,0.00171988,0.0016888,0.00164742,0.00162157,0.00161856,0.00161804,0.00161573,0.00162565,0.00166876,0.00176795,0.00196582,0.00223039,0.00242732,0.00243252,0.0023678,0.00243097,0.00260548,0.0027029,0.00262272,0.0024847,0.00240495,0.00240036,0.00243652,0.00247658,0.00244954,0.00232589,0.00217203,0.00209354,0.00209289,0.00209395,0.0020459,0.00198226,0.00194196,0.00192917,0.00193164,0.00193462,0.00192218,0.0018799,0.00182888,0.00179516,0.00178402,0.00178577,0.00178114,0.00170807,0.00153599,0.00134161,0.00130806,0.00142176,0.00152458,0.00153203,0.00150065,0.00154965,0.00168018,0.00173385,0.0016657,0.00155016,0.00148767,0.00148194,0.00152845,0.00159609,0.00161546,0.00152566,0.00139143,0.00132369,0.00134123,0.00136756,0.00133973,0.00129459,0.00126818,0.00126761,0.00129029,0.00131843,0.00131319,0.00125475,0.00118022,0.00114543,0.00115923,0.00117102,0.00113465,0.00108796,0.0010524,0.00104436,0.00106498,0.00110017,0.00109113,0.00101093,0.000910636,0.00084529,0.000818043
0.000622249,0.000629282,0.000645448,0.000681763,0.000717784,0.000735781,0.00072443,0.000704162,0.000701907,0.00071348,0.000732851,0.000749737,0.000762718,0.000768067,0.000777048,0.000795577,0.000819755,0.000836048,0.000835382,0.000827069,0.000825058,0.000830234,0.000842628,0.000857612,0.000865329,0.000859036,0.000852718,0.000865329,0.000883984,0.000894618,0.000881876,0.000859851,0.000849939,0.00085555,0.00087562,0.000900619,0.000910973,0.000893707,0.000867699,0.000871576,0.000888581,0.000892699,0.000860276,0.000817682,0.000808552,0.000827679,0.000861076,0.00088878,0.000903713,0.000904065,0.000903615,0.000921497,0.000945094,0.000961215,0.000950862,0.000930417,0.000920202,0.000921802,0.000933617,0.000947788,0.000954929,0.000948882,0.000942711,0.000945718,0.000955392,0.000959475,0.000951324,0.000936508,0.000927591,0.000924771,0.000928295,0.000932944,0.000933153,0.000919873,0.000906016,0.000899528,0.00090028,0.000899848,0.000888139,0.000870342,0.00084966,0.00083733,0.000840907,0.000859375,0.000882871,0.000897374,0.000910306,0.000931473,0.000958562,0.000984069,0.000997366,0.0010059,0.00101364,0.00103093,0.00106501,0.00110539,0.00112075,0.00109688,0.00110232,0.00123904,0.0014352,0.00157803,0.00157433,0.00151293,0.00148541,0.00150563,0.00156431,0.00162485,0.00165434,0.00159995,0.00153827,0.00153312,0.00156301,0.00158682,0.00154872,0.00149389,0.00145375,0.00144684,0.00147028,0.00149716,0.00150032,0.00144701,0.00140279,0.00143396,0.0015175,0.00160093,0.00161689,0.001618,0.00163478,0.00168449,0.00176551,0.00185659,0.00191504,0.00189863,0.00188667,0.00192948,0.0020129,0.00207206,0.00202638,0.0019601,0.00193177,0.00193469,0.00194602,0.00193983,0.00191253,0.00185839,0.00181217,0.00179595,0.00180121,0.00180563,0.00178317,0.00175068,0.00172389,0.00171009,0.00171012,0.00171415,0.00170867,0.00167578,0.00163738,0.00161552,0.00160844,0.0016076,0.00160748,0.00161742,0.00165319,0.00175581,0.00195229,0.00219833,0.00239,0.00238091,0.00234131,0.00240777,0.0025589,0.00266,0.00259001,0.00245298,0.00238516,0.00237749,0.00241507,0.00244628,0.0024249,0.00229447,0.0021553,0.00207997,0.00207047,0.00207102,0.00202385,0.00196194,0.00192488,0.00190991,0.00191063,0.00191065,0.00189884,0.00185712,0.00180841,0.00177334,0.00175941,0.00176077,0.00174968,0.00168442,0.00151163,0.00134806,0.00130305,0.0013941,0.00151019,0.00150788,0.00148465,0.00155359,0.00165807,0.00171316,0.0016434,0.00153632,0.00147225,0.00146831,0.001518,0.0015767,0.00159182,0.00149689,0.00137931,0.00131805,0.00132723,0.00135552,0.00132759,0.00128509,0.00125825,0.00125623,0.00127968,0.00130105,0.00129983,0.00124092,0.00117006,0.00114173,0.00114867,0.00115812,0.00112534,0.00107779,0.00104476,0.0010361,0.00105487,0.00107895,0.00107573,0.00100062,0.000906514,0.000838813,0.000813452
0.000620898,0.000627491,0.000644048,0.000679772,0.00072,0.00073621,0.000721641,0.000701046,0.000697565,0.000710757,0.000729724,0.000747053,0.000759306,0.00076553,0.000773042,0.000790745,0.000815584,0.000831302,0.000829776,0.000822192,0.000820327,0.000825979,0.000838376,0.000853594,0.000861191,0.000854745,0.00084883,0.000861311,0.000883733,0.000893205,0.000878919,0.000857336,0.000846867,0.000852285,0.000872133,0.00089887,0.000911373,0.000892015,0.000865168,0.000867849,0.000891232,0.000893609,0.000856224,0.000814335,0.000805215,0.000826256,0.000857615,0.000885859,0.000901048,0.000899951,0.000899738,0.000918191,0.000946105,0.00095981,0.000947705,0.000926936,0.000916364,0.000918696,0.000930129,0.000944604,0.000952384,0.00094753,0.000939616,0.000941505,0.000952518,0.000957244,0.000947744,0.000933667,0.000924648,0.000921678,0.000924958,0.0009301,0.000929075,0.000917196,0.000902357,0.000895296,0.000897091,0.000897237,0.000886336,0.000867912,0.000848352,0.000835627,0.000839772,0.000860561,0.000882986,0.0008969,0.00090984,0.000931413,0.000959702,0.000984088,0.000998574,0.00100741,0.0010163,0.00103321,0.0010671,0.00110804,0.00112163,0.00108868,0.00109487,0.00123909,0.00144037,0.00156033,0.00155366,0.00150149,0.00147791,0.00149522,0.00154886,0.0016099,0.00163469,0.00159023,0.00152582,0.00151615,0.00155442,0.00157449,0.0015397,0.00148197,0.00144247,0.00143666,0.0014585,0.00149006,0.00148857,0.0014374,0.00139503,0.00142371,0.00151161,0.00159064,0.00161143,0.00160821,0.00162641,0.00167599,0.00175451,0.00184305,0.00190133,0.00189716,0.00187584,0.00190996,0.00199821,0.00205899,0.00202332,0.00195131,0.00192096,0.00192695,0.00193554,0.00192988,0.00190242,0.00185164,0.00180265,0.00178479,0.00179264,0.00179493,0.00177352,0.00174087,0.00171387,0.00170061,0.00170094,0.00170755,0.00169817,0.00166393,0.00162641,0.00160503,0.00159835,0.00159655,0.0015964,0.0016067,0.00164233,0.00173887,0.00193462,0.00219402,0.00236197,0.00235857,0.00231474,0.00237651,0.0025357,0.00262235,0.00254853,0.00242454,0.00235932,0.00235115,0.00238568,0.00242149,0.00239635,0.00227524,0.00213124,0.00205876,0.00205777,0.00205126,0.00200309,0.00194425,0.00190633,0.00189163,0.00188924,0.00188754,0.00187417,0.00183541,0.00178446,0.00174862,0.00173566,0.00173334,0.00171887,0.0016523,0.00149855,0.00133131,0.00129409,0.00140305,0.00149721,0.00148415,0.00146374,0.00153257,0.00164038,0.00168632,0.0016234,0.00151962,0.0014536,0.00144999,0.00150146,0.0015689,0.00157433,0.00148189,0.00136517,0.00130689,0.00132141,0.00134346,0.00131916,0.00127436,0.00124723,0.00124574,0.00126822,0.00129446,0.00128619,0.00122599,0.00115791,0.00113164,0.00114265,0.00114477,0.00111189,0.00106761,0.00103724,0.00102725,0.00104308,0.00106758,0.00106304,0.000996522,0.000898578,0.000827269,0.000805563
0.000619029,0.000627357,0.000643326,0.000677608,0.000714597,0.000736688,0.000722448,0.000698817,0.000695088,0.000706754,0.000726418,0.000743175,0.000755169,0.000761016,0.000768844,0.000786907,0.000810216,0.000826063,0.000825762,0.000817415,0.000815791,0.00082163,0.000834493,0.000849591,0.000857313,0.000852028,0.000846359,0.000857915,0.00087698,0.000889881,0.000874342,0.000854664,0.000843794,0.000848509,0.000869595,0.000897919,0.000910211,0.000885703,0.000865036,0.000869763,0.000886703,0.000892256,0.000850043,0.000810858,0.000805185,0.000823121,0.00085327,0.000879702,0.000897222,0.000897674,0.000896988,0.000915267,0.000939299,0.000955708,0.000940845,0.000922573,0.000912945,0.000915407,0.000926918,0.000940234,0.000949414,0.000944314,0.00093662,0.00093897,0.000949113,0.000954663,0.000945983,0.000931062,0.000921708,0.000918544,0.000921708,0.000925827,0.000924747,0.000912516,0.000898939,0.000893008,0.000894291,0.000893391,0.000881773,0.000864991,0.000845526,0.000834497,0.000838211,0.000857973,0.0008823,0.000895633,0.00091003,0.000932285,0.0009589,0.000983825,0.000998835,0.00100856,0.00101881,0.00103714,0.00107082,0.00111078,0.00112529,0.00110713,0.00110908,0.00123642,0.00141647,0.00154569,0.00153644,0.00149304,0.00147083,0.00148513,0.00153698,0.0015924,0.00161274,0.00156299,0.00151246,0.0015043,0.00153403,0.00155737,0.00152074,0.00146956,0.00143392,0.00142723,0.00144551,0.00147016,0.00147468,0.00142237,0.00139176,0.00142308,0.00149699,0.00157765,0.00159379,0.00159786,0.00161752,0.00166683,0.00174483,0.00182955,0.00188667,0.00188131,0.0018651,0.00190394,0.0019861,0.00204151,0.00199665,0.00193936,0.00191202,0.00191554,0.0019251,0.00191675,0.0018902,0.00183769,0.00179379,0.00177551,0.00177885,0.0017831,0.00176137,0.00173094,0.00170488,0.00169166,0.00169075,0.00169341,0.00168665,0.00165454,0.00161725,0.00159576,0.00158743,0.00158516,0.00158532,0.00159512,0.00162851,0.00172711,0.0019177,0.00214671,0.00232641,0.00230903,0.0022924,0.00236294,0.00250247,0.00258628,0.00252761,0.00239809,0.00233443,0.00232414,0.00235582,0.00238151,0.00236403,0.00224132,0.00211294,0.00204023,0.00203121,0.00203128,0.00198275,0.00192734,0.00188952,0.00187142,0.00186843,0.00186507,0.00185001,0.00180674,0.00175966,0.00172706,0.00171198,0.00170687,0.00169025,0.00161875,0.00145979,0.00131889,0.00128208,0.00136903,0.00147923,0.00147576,0.00145261,0.00151245,0.00160075,0.00165161,0.00158848,0.00149984,0.00144053,0.00143447,0.00148151,0.00153811,0.0015543,0.00145886,0.00135745,0.0013056,0.00131382,0.00133023,0.0013008,0.0012623,0.00123808,0.00123628,0.00125796,0.00128047,0.00127292,0.00121665,0.00115223,0.0011271,0.00113215,0.00113391,0.00110431,0.00105901,0.00102886,0.00101831,0.00103299,0.00105172,0.0010493,0.000977246,0.000888665,0.000825233,0.000802968
0.000616518,0.000625367,0.000641215,0.000671723,0.000711688,0.000734361,0.000720412,0.000696546,0.000690608,0.000703816,0.000722731,0.000739617,0.000751438,0.000756821,0.00076411,0.000781442,0.000805277,0.000820537,0.000819453,0.000812884,0.00081084,0.000816501,0.000829388,0.00084356,0.000852048,0.000845885,0.000841511,0.000850896,0.000872737,0.000883228,0.000872804,0.000849805,0.000838372,0.000844424,0.000866297,0.000896048,0.000905665,0.000883562,0.000858616,0.000862606,0.000885527,0.000884298,0.000846509,0.000806047,0.000800674,0.00081953,0.000848029,0.00087491,0.000891621,0.000893394,0.000892738,0.000909268,0.000936304,0.000948154,0.000938522,0.000917803,0.000908729,0.000911312,0.000922401,0.000936929,0.000946025,0.00094154,0.000932889,0.000934957,0.000946797,0.000951322,0.000941283,0.000927971,0.000918059,0.000915325,0.000918012,0.000922852,0.000921446,0.000907846,0.000895029,0.00088996,0.000891714,0.000889493,0.000878774,0.000862045,0.000844448,0.000832511,0.000835566,0.000857041,0.000880464,0.000895787,0.000909142,0.000930927,0.000958844,0.000984019,0.000998539,0.00100916,0.00101964,0.00103838,0.00107151,0.00110701,0.00112679,0.00110634,0.0011203,0.00122588,0.00140807,0.00152596,0.00153018,0.00148009,0.00145772,0.0014767,0.00152448,0.00157982,0.00159781,0.0015579,0.00150044,0.00148819,0.00152334,0.00153859,0.00150702,0.00145657,0.00142436,0.00141653,0.00143116,0.00145623,0.00145612,0.00141436,0.00137401,0.00140389,0.00149124,0.00156035,0.00158356,0.00158675,0.00160801,0.00165716,0.00173298,0.00181936,0.00187405,0.00186483,0.00185075,0.00189224,0.001984,0.00202266,0.00198412,0.00192684,0.00190223,0.00190675,0.00191465,0.00190701,0.0018786,0.00183266,0.00178574,0.00176513,0.00177105,0.00177229,0.00175345,0.00172107,0.00169603,0.00168235,0.00168016,0.00168353,0.00167438,0.00164236,0.00160763,0.00158492,0.00157657,0.00157393,0.00157342,0.00158499,0.00162177,0.00171073,0.00189798,0.00213688,0.00228077,0.00228341,0.00224822,0.00231723,0.00245288,0.00253693,0.00246931,0.00236527,0.0022986,0.00229782,0.00232571,0.00235511,0.00233396,0.00223336,0.00209374,0.00201668,0.00201492,0.00200869,0.001965,0.0019064,0.00186817,0.00185208,0.00184687,0.00184428,0.00182575,0.00178308,0.00173636,0.00170431,0.00168743,0.00168032,0.00166247,0.00159636,0.00145453,0.00130823,0.00127371,0.00137247,0.00145993,0.00145521,0.0014397,0.00149049,0.00158542,0.00162282,0.00157564,0.00147952,0.00142501,0.00142111,0.00146107,0.00151898,0.00152675,0.00144626,0.00133807,0.00129206,0.00130211,0.00131406,0.00128797,0.0012509,0.00122882,0.00122622,0.00124391,0.00126228,0.00125852,0.0012006,0.0011413,0.00111339,0.0011182,0.00112068,0.00108878,0.00104898,0.00101839,0.00100838,0.00101889,0.00104089,0.00103129,0.0009651,0.00087692,0.000819666,0.000797924
0.000613875,0.000622228,0.000638014,0.000668191,0.000707841,0.00072991,0.000715121,0.000692704,0.000686842,0.000699998,0.000718994,0.000735468,0.000747133,0.000752014,0.000759531,0.000776438,0.000799251,0.000814452,0.000813332,0.000807609,0.0008057,0.00081107,0.000823832,0.000838308,0.000844971,0.000842066,0.000836215,0.000845885,0.00086882,0.000878428,0.000864057,0.000844876,0.000834166,0.000840249,0.000861554,0.0008893,0.000900126,0.000879199,0.000853336,0.000856815,0.000878938,0.000877093,0.0008421,0.000801187,0.000795722,0.000814448,0.000842581,0.000867768,0.000885707,0.000887231,0.000888196,0.000901831,0.000926734,0.000943011,0.000929084,0.000913084,0.000904423,0.000906888,0.000918031,0.00093288,0.00094199,0.000937072,0.000929215,0.000931003,0.000941715,0.000946431,0.000938449,0.000924005,0.000914329,0.000911711,0.000914501,0.000918551,0.000917088,0.000906006,0.000891733,0.000886172,0.000887922,0.000886203,0.000875017,0.000859108,0.000840804,0.000830377,0.00083415,0.00085579,0.000878732,0.000894911,0.000908035,0.000930793,0.000958708,0.000982651,0.00099912,0.00100974,0.00102143,0.00103896,0.00107112,0.00110922,0.00112448,0.00112038,0.00112565,0.001227,0.00140403,0.0015111,0.00151853,0.00146778,0.00144681,0.00146592,0.00151352,0.00156637,0.00158621,0.00153785,0.00149084,0.00147962,0.00151197,0.00152224,0.00149354,0.00144334,0.00141336,0.00140658,0.00142006,0.00144362,0.00144009,0.00140356,0.00136298,0.00139347,0.00148003,0.00154625,0.00157194,0.00157564,0.00159742,0.00164625,0.00172092,0.00180179,0.00185566,0.00184496,0.00183578,0.00187688,0.00196333,0.00200477,0.0019704,0.00191413,0.00189072,0.00189438,0.00190208,0.00189491,0.00186873,0.00181977,0.00177818,0.00175835,0.00176372,0.00176304,0.00173966,0.00171073,0.00168688,0.00167363,0.00166973,0.00166876,0.00166186,0.00163515,0.00159774,0.00157356,0.00156485,0.00156224,0.00156207,0.00157469,0.00161313,0.00169746,0.00187121,0.00208032,0.00224571,0.00225661,0.0022074,0.00227931,0.00240873,0.00247342,0.00243376,0.0023246,0.00226515,0.00226757,0.00229624,0.0023294,0.00230759,0.00219223,0.00207186,0.00199979,0.0019973,0.00198747,0.00194517,0.00188624,0.00184858,0.0018317,0.0018251,0.00181977,0.00180092,0.00175986,0.00171281,0.00168059,0.00166289,0.00165331,0.00163607,0.0015775,0.00143031,0.00130666,0.00127955,0.00134502,0.00144281,0.00145779,0.00142948,0.00146332,0.00155078,0.00160553,0.00154212,0.0014627,0.00141051,0.00140408,0.00144211,0.00149947,0.00150268,0.00142923,0.00132023,0.00128225,0.00129477,0.00129836,0.00127603,0.00124136,0.00121976,0.0012146,0.00122978,0.00124873,0.00123766,0.00119097,0.00112651,0.00110117,0.00110732,0.00110349,0.00107799,0.00103686,0.00100749,0.000998039,0.00100749,0.00102846,0.00101528,0.000953324,0.000866157,0.000813409,0.000794741
0.000611151,0.000619072,0.000633741,0.000665806,0.000702381,0.000724774,0.000713057,0.000688245,0.00068459,0.000695965,0.000715019,0.000731415,0.000742398,0.000747884,0.000754608,0.000771561,0.0007935,0.000808071,0.000808546,0.000802268,0.000800843,0.000806303,0.000818511,0.000831687,0.000839681,0.000833412,0.000831816,0.000843153,0.000861195,0.000871381,0.00085899,0.000839312,0.000830971,0.000836253,0.000855556,0.00088152,0.000893978,0.000872794,0.000849745,0.000851826,0.000867502,0.000869704,0.000833815,0.00079695,0.000790972,0.000808765,0.000837535,0.000862821,0.000878668,0.000881674,0.000881928,0.00089745,0.000920221,0.000934098,0.00092552,0.000907521,0.000899226,0.000902325,0.000913814,0.000927563,0.00093764,0.000933504,0.000924688,0.000927559,0.000937561,0.000942748,0.000933262,0.000920432,0.000911029,0.000908118,0.000910656,0.000914481,0.000912677,0.000900781,0.000888701,0.000882493,0.000883522,0.000882104,0.000872101,0.000855938,0.00083856,0.000827556,0.00083232,0.000852761,0.000876927,0.000892559,0.000907858,0.000930008,0.000957058,0.000982189,0.000997986,0.00101022,0.0010217,0.00104133,0.0010735,0.00110771,0.00112674,0.00111141,0.00113534,0.00123933,0.00137862,0.00149453,0.00149442,0.00145656,0.0014378,0.00145553,0.00150071,0.00155084,0.00156702,0.00152887,0.00147461,0.00147039,0.00149261,0.00150416,0.00147441,0.00143152,0.00140255,0.00139419,0.00140864,0.00142646,0.00142403,0.00138019,0.00135652,0.00138746,0.00145746,0.00153205,0.00155467,0.00156413,0.00158676,0.00163407,0.0017079,0.00178684,0.00183483,0.00183212,0.00182002,0.00186375,0.00193846,0.00198594,0.00195037,0.00190069,0.00187692,0.00188147,0.00188897,0.00188074,0.00185454,0.00181096,0.00176833,0.00175055,0.00175141,0.00175087,0.00172918,0.00170037,0.00167794,0.00166371,0.00165871,0.00165797,0.00164896,0.00162195,0.00158851,0.00156286,0.00155341,0.0015502,0.00155104,0.00156296,0.00160257,0.00168777,0.00184482,0.00204726,0.00219738,0.00221149,0.00218649,0.00223798,0.00234496,0.00242995,0.00237222,0.00229062,0.00223829,0.00223339,0.00226601,0.00229409,0.00227155,0.00216796,0.00204597,0.00198402,0.0019746,0.00196507,0.00191875,0.00186705,0.00183063,0.00181139,0.00180316,0.00179486,0.0017756,0.00173501,0.00169041,0.00165656,0.00163722,0.00162584,0.00160669,0.00154648,0.00142003,0.00129764,0.00126541,0.0013458,0.00142268,0.00142486,0.00141424,0.00144424,0.00152343,0.00156896,0.00152243,0.00143837,0.00139228,0.00138742,0.00142421,0.00146545,0.00147823,0.00140258,0.00131217,0.00127097,0.00127622,0.00128538,0.0012607,0.00123038,0.00120916,0.00120483,0.00121717,0.00122903,0.00122291,0.00117189,0.00111803,0.00109222,0.00109186,0.0010907,0.00106175,0.00102633,0.000998589,0.000987043,0.000996992,0.0010079,0.000999037,0.000934912,0.00085894,0.000806789,0.000787444
0.000608075,0.000613772,0.000629268,0.000663468,0.000702976,0.00071973,0.000705313,0.000685991,0.000681034,0.000692683,0.000710802,0.000727012,0.000738187,0.000743349,0.000749993,0.000766264,0.000788131,0.000802182,0.000802407,0.000797009,0.000795822,0.000801414,0.000812974,0.000827176,0.000833866,0.000829394,0.000824628,0.000836086,0.000856287,0.000862659,0.000850447,0.000833763,0.000826588,0.000831248,0.00084917,0.000873554,0.000886538,0.000869656,0.00084269,0.000842011,0.000859971,0.000861127,0.000829571,0.000793471,0.000783098,0.000802166,0.000831573,0.000857248,0.000873371,0.000874802,0.000876532,0.000891077,0.00091484,0.000928269,0.000918124,0.000901945,0.00089363,0.000897318,0.000909283,0.000924984,0.000933178,0.000928063,0.000921256,0.000923839,0.000934162,0.000940157,0.00093121,0.000916823,0.00090757,0.000904555,0.000906365,0.000909544,0.000908272,0.000898067,0.000884667,0.00087822,0.000879447,0.000877994,0.00086831,0.000852566,0.000834294,0.000823645,0.000830462,0.000851599,0.000874796,0.000891242,0.000906367,0.000928632,0.00095675,0.000981691,0.000998324,0.00101059,0.00102364,0.00104249,0.00107401,0.00111148,0.00112842,0.00111972,0.00112968,0.00122599,0.00137187,0.00147269,0.00147995,0.00144262,0.00142701,0.0014454,0.00148842,0.00153493,0.00154839,0.00150787,0.00145713,0.00145281,0.0014764,0.00148507,0.00145808,0.0014178,0.00138916,0.0013806,0.00139344,0.00141135,0.00140469,0.00136702,0.00133568,0.00136669,0.00144643,0.00151472,0.00154156,0.00155061,0.00157446,0.00162182,0.00169295,0.0017714,0.00182262,0.00181632,0.00180904,0.00184798,0.00192183,0.00197018,0.00194009,0.0018848,0.00186274,0.00186821,0.00187439,0.00186715,0.00184192,0.00179691,0.00175623,0.00174108,0.00174364,0.0017379,0.00171673,0.00168977,0.00166797,0.00165403,0.00164787,0.00164555,0.00163727,0.00161149,0.00157742,0.00155225,0.00154238,0.00153861,0.00153808,0.00155155,0.00159262,0.00167656,0.00181746,0.00200325,0.00215492,0.00217488,0.00214105,0.00219269,0.00231405,0.00237667,0.00233901,0.00224978,0.00220076,0.00220166,0.0022325,0.00226426,0.00223881,0.00213048,0.00201919,0.00196495,0.00195601,0.00194096,0.00189815,0.00184585,0.0018101,0.00179109,0.00178094,0.00177102,0.00175186,0.00171297,0.00166674,0.00163247,0.00161231,0.00159869,0.00157705,0.00151666,0.00139819,0.00127649,0.00124661,0.00131932,0.00139785,0.00141139,0.001389,0.00141581,0.00149467,0.00153342,0.00148978,0.00141609,0.00137104,0.0013645,0.00139702,0.00144164,0.00144699,0.00138271,0.001293,0.00125355,0.00126313,0.0012702,0.00125012,0.00121762,0.00119642,0.00119294,0.00120285,0.00121728,0.00120927,0.00116261,0.00110689,0.00108068,0.00108228,0.0010788,0.00105152,0.00101542,0.000987373,0.000974372,0.0009817,0.000993197,0.000978843,0.000921247,0.000845896,0.000797813,0.000781995
0.000604969,0.000610134,0.000625385,0.000660916,0.000696219,0.000713557,0.000701028,0.000682894,0.000679233,0.000688815,0.000706521,0.000722299,0.000733521,0.000738782,0.000745899,0.000761997,0.000781163,0.000796207,0.000796605,0.000791745,0.000790983,0.000796335,0.000807805,0.000819852,0.000827541,0.000822983,0.00081941,0.000830357,0.000846117,0.00085466,0.000844808,0.000828616,0.000820701,0.000825353,0.000842899,0.000865059,0.000877021,0.000856157,0.000836628,0.000834845,0.000847319,0.000850411,0.000820854,0.000788505,0.000781542,0.000796824,0.000825441,0.000849803,0.000866364,0.000867891,0.000871502,0.000886335,0.000906242,0.000920312,0.000910842,0.000895916,0.000889633,0.000892687,0.000904769,0.000919205,0.000928253,0.000923615,0.000917763,0.000922626,0.000930672,0.000935594,0.000925632,0.000913008,0.000904511,0.000901114,0.000902279,0.000904283,0.000903561,0.000892877,0.000880813,0.000875167,0.000875052,0.000873736,0.000864244,0.000849076,0.000831347,0.000822145,0.000829035,0.000848712,0.000872338,0.000888598,0.000905375,0.000928089,0.000954709,0.000980347,0.000997404,0.00101088,0.00102476,0.00104461,0.0010756,0.00110951,0.00112889,0.0011213,0.00113636,0.00123016,0.00135256,0.00145325,0.00145779,0.00143072,0.00141925,0.00143635,0.00147739,0.0015175,0.0015328,0.00149233,0.00144745,0.00144036,0.00145522,0.00146581,0.0014404,0.00140473,0.00137879,0.00137035,0.0013806,0.00139252,0.00138662,0.00134503,0.00132249,0.00135929,0.00143013,0.00149664,0.00152235,0.00153747,0.00156319,0.00161023,0.00167876,0.00175063,0.00180384,0.00179839,0.00179684,0.00184412,0.00190383,0.00194573,0.00191122,0.00186968,0.00184966,0.00185226,0.00186007,0.001852,0.0018287,0.00178492,0.00174702,0.00173392,0.00173168,0.00172616,0.00170577,0.0016797,0.00165835,0.00164444,0.0016381,0.00163394,0.00162475,0.00159757,0.00156669,0.00154368,0.00153204,0.00152647,0.00152718,0.00154118,0.00158161,0.00166545,0.00179943,0.00196784,0.00210924,0.00211372,0.00209909,0.0021644,0.00226036,0.00232103,0.00228653,0.00221088,0.00217062,0.0021707,0.00219975,0.0022216,0.00220459,0.00210358,0.00200302,0.00194709,0.00193071,0.00191873,0.00187576,0.00182612,0.00179055,0.00177044,0.00175959,0.00174734,0.00172725,0.00168662,0.00164379,0.00160939,0.00158693,0.00157194,0.0015488,0.00148961,0.00136938,0.00126878,0.00124369,0.00130681,0.00137496,0.00138061,0.00136853,0.00139949,0.00146212,0.00149822,0.00146447,0.00139523,0.00135311,0.00134559,0.00137459,0.0014101,0.00141777,0.00134861,0.00127673,0.00124458,0.0012439,0.00125415,0.0012352,0.00120575,0.00118634,0.00118195,0.00118975,0.0011972,0.00119262,0.00114707,0.00109882,0.00107104,0.00106699,0.00106452,0.00103742,0.00100454,0.000977716,0.000964283,0.00096847,0.000973555,0.000960093,0.000899082,0.000834261,0.000793027,0.000775773
0.000601508,0.000605414,0.000619532,0.000654038,0.000691266,0.000706472,0.000696926,0.0006775,0.000672299,0.000684737,0.000701564,0.0007173,0.000727929,0.000732784,0.000739889,0.000754284,0.000773526,0.000789173,0.00079039,0.00078571,0.000785265,0.000790595,0.000801938,0.000814464,0.00082111,0.000817982,0.000813762,0.000822065,0.000838524,0.00084667,0.000837858,0.000822345,0.000813374,0.000817804,0.0008345,0.000857512,0.000865644,0.000850625,0.000828856,0.000823735,0.000838224,0.000838671,0.0008114,0.000781546,0.000775999,0.000793053,0.000818851,0.000842153,0.000856825,0.000860278,0.000862707,0.000876721,0.000898037,0.000909327,0.000901755,0.000888769,0.000883906,0.000887105,0.000898587,0.000912976,0.000921912,0.000917475,0.000911242,0.000917459,0.000928486,0.0009301,0.000920787,0.000908587,0.000900858,0.000897386,0.00089758,0.000899272,0.000898277,0.00088892,0.000876174,0.000870535,0.000870794,0.0008689,0.000859704,0.000845331,0.000828669,0.000817939,0.000826303,0.000847868,0.000869966,0.000887898,0.000904247,0.00092711,0.000954711,0.000979053,0.00099712,0.0010109,0.0010258,0.00104598,0.0010764,0.00111252,0.00112965,0.00112136,0.00114061,0.0012221,0.00134475,0.00143354,0.00144046,0.0014175,0.00141003,0.00142699,0.00146169,0.0014986,0.00151325,0.00147413,0.00143163,0.00142598,0.00144344,0.0014481,0.00142713,0.00139191,0.00136794,0.00135929,0.00136707,0.0013795,0.00137026,0.00132837,0.00130799,0.00134663,0.00141969,0.00147939,0.00150862,0.00152376,0.00155046,0.00159588,0.00166014,0.00173084,0.00177701,0.00177697,0.00177243,0.00182323,0.00189362,0.0019176,0.00189149,0.00185224,0.00183462,0.00183795,0.00184504,0.00183743,0.00181326,0.00177341,0.00173602,0.00172283,0.00172126,0.00171448,0.00169427,0.00166902,0.00164781,0.00163362,0.00162663,0.00162257,0.00161109,0.00158539,0.00155502,0.00153273,0.00151998,0.00151361,0.00151289,0.00152905,0.00157111,0.00164823,0.00177099,0.00193628,0.00205777,0.00207055,0.00205589,0.00211909,0.00221667,0.0022676,0.00223389,0.00217067,0.00213447,0.0021361,0.00216126,0.00218447,0.00216519,0.00208029,0.00197797,0.00192063,0.00190903,0.00189687,0.0018538,0.00180583,0.00177121,0.00175006,0.00173691,0.00172378,0.001701,0.00166278,0.00161947,0.00158489,0.00156156,0.00154355,0.00151548,0.00146065,0.00134764,0.00124384,0.00123271,0.0012938,0.00135229,0.00135588,0.00134299,0.00137033,0.00142932,0.00145965,0.00142792,0.00136937,0.00132838,0.00132541,0.00135088,0.00139182,0.0013911,0.00132778,0.00126029,0.00123649,0.00123872,0.00124005,0.0012214,0.00119389,0.00117546,0.00117038,0.00117575,0.0011829,0.00117579,0.00114043,0.00108867,0.00105801,0.00105592,0.00104982,0.00102484,0.000992714,0.000966873,0.00095315,0.000954019,0.000962414,0.000943004,0.000883829,0.000822186,0.000788126,0.000774579
0.000597571,0.000603883,0.000616859,0.000643921,0.000680209,0.000698465,0.000686795,0.000670535,0.000671127,0.000681362,0.000695837,0.000710419,0.000722216,0.000728371,0.000734311,0.000749044,0.000769223,0.000780559,0.000781231,0.000779202,0.000780229,0.000785603,0.000794886,0.000807118,0.000814169,0.000811103,0.00080755,0.000815079,0.000830077,0.000837237,0.000828104,0.000814734,0.000808802,0.000811337,0.000825371,0.000844959,0.000852301,0.000834643,0.000814125,0.000817594,0.000828015,0.000824981,0.000801278,0.000775405,0.000769807,0.000786999,0.000811614,0.000833322,0.000847055,0.000850771,0.000853785,0.000867159,0.000886999,0.000898639,0.000894381,0.000882599,0.000875878,0.000880689,0.000892536,0.000906301,0.000914854,0.00091343,0.00090785,0.00090796,0.000918358,0.000926235,0.000919497,0.000905002,0.000894742,0.000892217,0.000893262,0.000895465,0.000892643,0.000882301,0.000871335,0.000866268,0.00086603,0.000863704,0.000854647,0.000841158,0.00082697,0.000817742,0.000820779,0.000841924,0.000867229,0.000885653,0.000902652,0.00092535,0.000952711,0.000977454,0.00099558,0.00101057,0.00102634,0.00104664,0.00107595,0.00110784,0.00112989,0.00113153,0.00114624,0.00122202,0.00133468,0.00141449,0.00142487,0.00140452,0.00139714,0.00141347,0.00145016,0.00148426,0.00149334,0.00146592,0.00142376,0.00140237,0.00141976,0.00143009,0.00140959,0.00137828,0.00135722,0.00134926,0.0013498,0.00135599,0.0013525,0.00132722,0.0013041,0.00132359,0.00139595,0.00146272,0.00149307,0.00150929,0.00153573,0.00158004,0.00164204,0.00170904,0.00175225,0.00175979,0.00176001,0.00178693,0.00184955,0.00189691,0.00187911,0.00183499,0.0018176,0.00182266,0.00182682,0.00181901,0.00179804,0.00176498,0.00172974,0.00170749,0.00170641,0.00170223,0.00168258,0.00165784,0.00163761,0.00162311,0.00161527,0.00160979,0.00159758,0.0015728,0.00154379,0.00152136,0.00150728,0.00150118,0.00150251,0.0015173,0.00155258,0.00162338,0.00175078,0.00189911,0.00200678,0.00203555,0.00202792,0.0020567,0.00215157,0.00221029,0.00218432,0.00212766,0.002096,0.00209837,0.00212235,0.00214321,0.00212493,0.00204708,0.0019528,0.00189802,0.00188533,0.00187312,0.0018358,0.00178648,0.00174732,0.00172741,0.00171416,0.00169901,0.00167494,0.00163772,0.00159547,0.0015599,0.00153561,0.0015145,0.00148568,0.00143143,0.00134054,0.00124803,0.00120932,0.00126336,0.00132671,0.00133256,0.00132025,0.00134313,0.00139392,0.00141876,0.00138817,0.00133968,0.00131254,0.00130821,0.00132279,0.00134901,0.00136103,0.00132323,0.00125502,0.00121325,0.00121859,0.00122449,0.00120703,0.00118138,0.00116327,0.00115727,0.00116304,0.0011724,0.00115883,0.00111492,0.00107134,0.00105151,0.00104473,0.00103526,0.00101103,0.000980439,0.000955886,0.000941752,0.000938389,0.00093832,0.000923926,0.000877889,0.000816778,0.000774333,0.000764424
0.000596675,0.000601582,0.00061627,0.000646367,0.000679672,0.000698946,0.000686205,0.000669497,0.000667479,0.000678329,0.000693997,0.000708711,0.000720296,0.000725566,0.000731399,0.00074665,0.000765251,0.000779029,0.000779139,0.000776987,0.000777246,0.000782027,0.000792993,0.000804759,0.00081212,0.000807713,0.000805234,0.000812847,0.000826154,0.000834683,0.000825867,0.000812775,0.000805063,0.000808636,0.000822794,0.000839693,0.000848437,0.000831931,0.000813664,0.000813099,0.000823723,0.000821386,0.000800533,0.000773293,0.000770238,0.000785094,0.000809228,0.000830703,0.000843758,0.000847757,0.000850197,0.000863953,0.000883479,0.000895003,0.000891504,0.00087917,0.000874745,0.000878449,0.000890115,0.000905345,0.000913448,0.000912104,0.000905343,0.000909273,0.000919195,0.000926592,0.000919013,0.000903959,0.000894586,0.000890778,0.00089223,0.000893367,0.000890891,0.000879791,0.000869502,0.00086459,0.000863957,0.00086213,0.000852818,0.000839584,0.000823938,0.00081653,0.000821603,0.000841166,0.00086673,0.00088392,0.00090199,0.000925196,0.000952007,0.000976942,0.000994618,0.00101019,0.0010263,0.0010473,0.00107612,0.00111035,0.00113024,0.00113258,0.00114854,0.00122724,0.001337,0.00141636,0.00143036,0.00140757,0.00140286,0.00141973,0.00145369,0.00149042,0.00149666,0.00146794,0.0014197,0.00140707,0.00141593,0.00142574,0.00140326,0.00137425,0.00135315,0.00134365,0.00134668,0.00135048,0.00134716,0.00131482,0.00129898,0.00132667,0.00139261,0.00145865,0.00148629,0.00150619,0.00153368,0.00157784,0.00163953,0.00170654,0.00175125,0.00175163,0.00175907,0.00179367,0.00185027,0.00189638,0.0018785,0.00183523,0.00181895,0.00182166,0.00182719,0.00181887,0.00179723,0.00176407,0.00172594,0.0017078,0.00170319,0.00169787,0.00167745,0.00165309,0.00163172,0.00161781,0.0016098,0.00160266,0.00159128,0.00156589,0.00153834,0.00151503,0.00150181,0.00149463,0.00149505,0.00151004,0.00154406,0.00161709,0.00174105,0.00189088,0.00199133,0.00202143,0.00201036,0.00206109,0.00213862,0.00219817,0.00216815,0.00211789,0.00208642,0.00208777,0.00211383,0.00213596,0.00211607,0.00204139,0.00194322,0.00188811,0.00187354,0.00186088,0.00182372,0.00177293,0.00173771,0.00171489,0.00170058,0.00168571,0.00166077,0.00162363,0.00158037,0.0015473,0.00152119,0.00150008,0.00146883,0.00141759,0.00131558,0.00123394,0.00120979,0.00125521,0.00131377,0.00131566,0.00130918,0.00133112,0.00137267,0.0013986,0.00136824,0.00132475,0.00129657,0.00129121,0.00131124,0.0013357,0.00134625,0.00130445,0.0012409,0.0012099,0.00120867,0.00121413,0.00119568,0.00117233,0.00115476,0.00114898,0.0011545,0.00115994,0.00114985,0.00110768,0.00106538,0.00104192,0.00103384,0.00102595,0.00100183,0.000972983,0.000949232,0.00093551,0.00093255,0.000930328,0.000916973,0.000865895,0.000811162,0.000772574,0.000760157
0.000596816,0.000602427,0.000617052,0.000647133,0.000684362,0.000702619,0.000690037,0.000670325,0.000663712,0.00067515,0.000692966,0.000708783,0.000718812,0.000723335,0.000729342,0.000744357,0.000764081,0.000779614,0.000780184,0.000775893,0.00077524,0.000780273,0.000791672,0.000804764,0.000811897,0.000807841,0.000803528,0.00081016,0.000826092,0.000834372,0.000825939,0.000811701,0.000802987,0.000806438,0.000820848,0.000840108,0.00084839,0.000833538,0.000813678,0.000808925,0.000821401,0.00082469,0.000796458,0.000773541,0.000770972,0.000785767,0.000808217,0.000829498,0.000842826,0.000845903,0.000847783,0.000861309,0.000882382,0.000893665,0.000888371,0.00087678,0.000872657,0.000876764,0.000888632,0.000904488,0.000913783,0.000910664,0.000904405,0.000911281,0.000924384,0.000928567,0.000918023,0.000904547,0.0008945,0.000890506,0.000891458,0.000893333,0.000890749,0.000880015,0.000868257,0.000862984,0.000863586,0.000861247,0.00085231,0.000838557,0.000823868,0.000814065,0.000819773,0.0008423,0.000866144,0.000885106,0.000901305,0.000923821,0.000951974,0.000976676,0.000994907,0.00100951,0.00102558,0.00104631,0.00107494,0.00110971,0.00113095,0.00113238,0.00114837,0.00122811,0.00134789,0.00142671,0.00143783,0.00141722,0.00141275,0.00142987,0.00146331,0.00149917,0.00150679,0.00146857,0.00141756,0.00140577,0.00141832,0.00142404,0.00140339,0.00137274,0.00135043,0.00134176,0.00134576,0.00135295,0.00134527,0.00131436,0.00129308,0.00132099,0.00139407,0.0014579,0.00149012,0.00150628,0.00153446,0.00157986,0.00164154,0.00170863,0.00175577,0.00176685,0.00176156,0.00180331,0.00187414,0.00190671,0.00188008,0.00184457,0.00182523,0.00182899,0.00183567,0.00182648,0.00180293,0.0017613,0.00172449,0.00170615,0.00170286,0.00169607,0.0016754,0.0016497,0.00162771,0.00161359,0.00160545,0.00159966,0.00158782,0.00156301,0.00153384,0.0015104,0.00149692,0.0014906,0.00149099,0.0015054,0.00154234,0.00161293,0.0017336,0.00188438,0.00199141,0.00201325,0.00200439,0.0020601,0.00214709,0.00219726,0.00217139,0.00211558,0.00208589,0.00209015,0.00211421,0.0021377,0.00212032,0.00203955,0.0019374,0.00188051,0.00186881,0.00185286,0.00181185,0.00176185,0.00172736,0.00170504,0.00168998,0.00167531,0.00165114,0.00161291,0.00156991,0.00153675,0.00151228,0.00149042,0.00146282,0.00140474,0.00131473,0.00121964,0.00119369,0.00124733,0.00130471,0.00130825,0.0012965,0.00131482,0.00136256,0.00138578,0.00135672,0.00131166,0.00128197,0.00127813,0.00130235,0.00133592,0.00133537,0.00128227,0.0012263,0.00120103,0.00120334,0.00120469,0.0011879,0.00116396,0.00114758,0.00114301,0.00114871,0.00115382,0.00114707,0.00110774,0.00105982,0.00103363,0.00102951,0.00101967,0.000995286,0.000966994,0.000944039,0.000930405,0.00092765,0.000929436,0.000913952,0.000863211,0.000804238,0.000766857,0.000755973
0.000595905,0.000602049,0.000616569,0.000650428,0.000684334,0.000701849,0.000689854,0.000668294,0.000663516,0.000672985,0.000690763,0.000705987,0.000716733,0.000720419,0.000726662,0.000742732,0.000762116,0.000777071,0.000778316,0.000773411,0.000772765,0.000778019,0.000789238,0.000802656,0.000809819,0.000805892,0.000801222,0.000808457,0.000822453,0.000831847,0.000824762,0.000809003,0.000800907,0.000803931,0.000818332,0.000837112,0.000844991,0.00083044,0.000809568,0.00080939,0.000818063,0.000821143,0.000797641,0.000772494,0.000768907,0.00078281,0.000806097,0.000826407,0.000840233,0.000841773,0.000844547,0.000858315,0.000877552,0.000890505,0.00088484,0.000873993,0.000869471,0.000873525,0.000886689,0.00090251,0.000912808,0.000907875,0.000903939,0.000910548,0.000921881,0.00092904,0.000920272,0.000903645,0.000893317,0.000889255,0.000889983,0.000891812,0.000889157,0.000878453,0.000866109,0.000861659,0.000861504,0.00085977,0.000850338,0.000836837,0.000821169,0.000812849,0.000818708,0.000839589,0.000865601,0.000883147,0.000900726,0.000922891,0.000950251,0.000976271,0.000993958,0.00100885,0.00102453,0.00104529,0.0010752,0.0011083,0.00113216,0.00112601,0.00115095,0.00123709,0.00134919,0.00143323,0.0014401,0.00142331,0.00142012,0.00143689,0.00147132,0.00150332,0.00151403,0.00146904,0.00141905,0.0014016,0.00141024,0.00141934,0.00140016,0.00136921,0.00134707,0.00133842,0.00134226,0.0013471,0.00134074,0.00130885,0.00128825,0.00131957,0.00138611,0.00145507,0.00148568,0.00150437,0.00153173,0.001578,0.00164154,0.00170747,0.00175748,0.00175859,0.0017628,0.00180751,0.00187393,0.00191159,0.00188921,0.00184718,0.00183142,0.00183205,0.00183784,0.00182894,0.00180386,0.00176203,0.00172242,0.00170383,0.00169838,0.00169173,0.00167168,0.00164482,0.00162291,0.00160835,0.00160057,0.00159389,0.00158175,0.001557,0.00152802,0.00150487,0.00149156,0.00148516,0.00148608,0.00149832,0.00153506,0.00160842,0.00172711,0.00186774,0.0019839,0.00199844,0.0020021,0.002053,0.0021291,0.00218681,0.00216187,0.00210629,0.00208026,0.00208291,0.00210756,0.00212841,0.00211714,0.00202679,0.00193146,0.00187381,0.00185206,0.00184218,0.00179949,0.00175038,0.00171475,0.00169219,0.00167787,0.00166242,0.0016387,0.00160023,0.00155806,0.00152387,0.00149915,0.00147747,0.00144564,0.00139098,0.00129812,0.00121336,0.00117948,0.00123274,0.00129099,0.0012961,0.00128406,0.00130298,0.00134273,0.00136714,0.00134138,0.00129641,0.00126809,0.00126503,0.00128874,0.00131626,0.00131989,0.00127126,0.00121646,0.00119006,0.00118868,0.00119383,0.00117832,0.00115419,0.00113917,0.00113537,0.00114173,0.00114879,0.0011397,0.00109928,0.00105275,0.0010265,0.0010186,0.00101232,0.000987545,0.000959621,0.000936363,0.000922861,0.00092143,0.000920418,0.000904776,0.000854825,0.000799278,0.000761705,0.00075035
0.00059459,0.000600295,0.000615358,0.000648805,0.000686692,0.000701535,0.000686436,0.000665115,0.000659979,0.000670951,0.00068794,0.000703592,0.000714344,0.000718931,0.000724175,0.000738704,0.000760421,0.000775149,0.00077578,0.000770821,0.000769655,0.000774704,0.000785545,0.000799154,0.000806662,0.000802732,0.000797744,0.000804685,0.000820415,0.000829308,0.000820632,0.00080573,0.000798064,0.000800626,0.000814618,0.00083349,0.000840547,0.000824599,0.000804625,0.000805244,0.000818215,0.000818305,0.000794889,0.000769762,0.000765662,0.000780787,0.000802782,0.000822804,0.000835874,0.000838521,0.000839886,0.000852929,0.000873779,0.000885945,0.000881168,0.000870246,0.000865113,0.000869379,0.000883456,0.000900628,0.000909539,0.000905317,0.000899897,0.000906306,0.000921234,0.000928024,0.000918167,0.000901735,0.000890507,0.000886836,0.000887443,0.000889395,0.000886874,0.000875983,0.000863745,0.000859081,0.000859801,0.000857969,0.00084887,0.000834897,0.000819737,0.000810797,0.00081742,0.000839622,0.000864323,0.00088249,0.000899135,0.000921188,0.000949071,0.000975537,0.000993931,0.00100785,0.00102302,0.00104371,0.00107416,0.00110909,0.00113018,0.00112862,0.00114665,0.0012333,0.00135446,0.00143367,0.00144364,0.00142619,0.00142222,0.00144051,0.00147446,0.00150876,0.00151623,0.00147486,0.00141796,0.00139698,0.00141053,0.00141669,0.00139628,0.00136569,0.0013429,0.00133418,0.0013376,0.00134527,0.00133677,0.00130551,0.00128632,0.00131634,0.00138654,0.00145367,0.00148622,0.00150184,0.00152782,0.00157455,0.00163935,0.00171036,0.00175678,0.00176022,0.00175984,0.00180556,0.00188079,0.00191236,0.00188549,0.00184541,0.00182869,0.00183269,0.0018374,0.00182937,0.00180337,0.00176122,0.0017207,0.00169977,0.00169573,0.00168844,0.00166657,0.00163951,0.00161761,0.0016028,0.00159488,0.00158897,0.00157635,0.00155134,0.0015218,0.00149869,0.00148519,0.00147858,0.00147867,0.00149163,0.0015268,0.00159704,0.00171171,0.00185508,0.00196105,0.00198428,0.00198203,0.0020317,0.00212218,0.00216912,0.00214208,0.00209255,0.00206758,0.00207111,0.00209586,0.00211964,0.00210073,0.00201501,0.00191126,0.00185162,0.00183803,0.00182673,0.00178709,0.0017372,0.00170067,0.00167867,0.00166412,0.00164871,0.00162446,0.00158685,0.0015442,0.00150858,0.00148449,0.00146272,0.00143219,0.00137806,0.00129051,0.0012022,0.00116758,0.00121793,0.00127761,0.00128377,0.00126995,0.00128654,0.00132857,0.00134867,0.00132322,0.00128069,0.00125311,0.00125043,0.00127251,0.00130389,0.00130541,0.00125915,0.0012032,0.00117744,0.0011809,0.00118305,0.00116682,0.00114431,0.00112962,0.00112589,0.00113181,0.00113951,0.00112975,0.00109073,0.00104387,0.00101684,0.00101026,0.00100379,0.000980985,0.000951197,0.00092755,0.000914073,0.000912965,0.000914574,0.000897916,0.00085061,0.000793765,0.000756023,0.00074569
0.000593005,0.000600687,0.000615296,0.00064706,0.000681222,0.000701356,0.000686783,0.000662806,0.000657656,0.000667385,0.000685203,0.000700571,0.000711545,0.000715627,0.000721661,0.000736629,0.000756331,0.000772502,0.000772078,0.000767927,0.000767003,0.00077159,0.000782369,0.000795868,0.000803365,0.000799076,0.000794391,0.000801984,0.000816928,0.000825426,0.000815338,0.000802652,0.000795066,0.000797555,0.000811474,0.000829752,0.000836947,0.00082246,0.000803148,0.000802962,0.00081221,0.000814799,0.000789098,0.000766178,0.000764271,0.000777666,0.000799075,0.000818183,0.000831263,0.000832754,0.000835418,0.000848758,0.000867492,0.000880535,0.000875382,0.000865976,0.000861568,0.000865711,0.000879462,0.000895259,0.000905015,0.000901569,0.000896565,0.000904125,0.000917886,0.000925084,0.000914355,0.000898949,0.000888262,0.000884027,0.000884679,0.000886712,0.000884587,0.000874183,0.000862143,0.000857078,0.000856662,0.000855893,0.00084701,0.000832878,0.00081713,0.00080922,0.000816042,0.000836636,0.000862346,0.00088043,0.000897553,0.000920063,0.000947642,0.000973888,0.000991461,0.00100643,0.00102147,0.00104276,0.00107318,0.00110649,0.00112802,0.00113156,0.00114999,0.00123187,0.0013482,0.00143508,0.0014489,0.00143044,0.00142603,0.00144386,0.00147918,0.00151155,0.00151796,0.00147168,0.00141791,0.001395,0.00140402,0.00141341,0.001392,0.0013626,0.00133996,0.00133032,0.00133292,0.00133686,0.00133158,0.00129959,0.0012874,0.00131895,0.00138201,0.00145077,0.00148046,0.00149899,0.00152651,0.00157234,0.0016373,0.00170381,0.00175313,0.00175279,0.00175832,0.00180418,0.00187109,0.00191281,0.00188797,0.00184477,0.00182771,0.00182968,0.00183653,0.0018282,0.0018031,0.00175991,0.00172093,0.00169963,0.00169145,0.00168497,0.0016614,0.00163441,0.00161275,0.00159775,0.00158956,0.00158262,0.00157108,0.00154481,0.00151661,0.00149344,0.00147891,0.00147178,0.00147198,0.00148543,0.00151888,0.00158688,0.00170115,0.00183636,0.00193887,0.0019644,0.0019672,0.00202089,0.00210201,0.0021528,0.00213112,0.00208058,0.00205657,0.00205963,0.00208593,0.00210396,0.00208563,0.00199726,0.00189537,0.00183698,0.00181995,0.00180955,0.00176895,0.00172309,0.00168771,0.00166521,0.00165067,0.0016337,0.0016098,0.00157136,0.00153048,0.00149559,0.0014706,0.00144876,0.00141765,0.00136435,0.00127406,0.00119231,0.00116347,0.00121445,0.00126609,0.00127258,0.00125929,0.00127594,0.00131156,0.00133137,0.00130826,0.00126533,0.00123892,0.001236,0.00125777,0.00128297,0.00128912,0.00123941,0.00119148,0.00116948,0.00116979,0.00117138,0.00115479,0.00113394,0.00111944,0.00111518,0.00112151,0.00112914,0.00111993,0.00108078,0.00103551,0.00101012,0.0010018,0.000993794,0.000969548,0.000942221,0.000919598,0.000906212,0.000904614,0.000904023,0.000890985,0.00084113,0.000789041,0.0007533,0.000741599
0.000590941,0.000599387,0.000614207,0.000642409,0.000678791,0.000698674,0.000684132,0.000660402,0.000653493,0.000664815,0.000682244,0.000697935,0.00070843,0.000712946,0.000717664,0.000732408,0.000753738,0.000767644,0.000768679,0.000763843,0.000763051,0.000768338,0.00077886,0.000791151,0.000799443,0.000795273,0.000790235,0.000797397,0.000814051,0.000821179,0.000813741,0.000799235,0.00079119,0.000793953,0.000807412,0.000825787,0.000832402,0.000815701,0.00079864,0.000796272,0.000808692,0.000807896,0.000785498,0.000761943,0.000760369,0.000774154,0.000794583,0.000813947,0.000826844,0.000828926,0.00083052,0.000843428,0.000863631,0.000874927,0.000871297,0.000861485,0.000857629,0.00086224,0.000874916,0.000891775,0.000900681,0.00089616,0.000892398,0.000898775,0.000913221,0.000920245,0.000910257,0.000894711,0.000884463,0.000880473,0.000881299,0.000883086,0.000881426,0.00087062,0.000859266,0.000853468,0.00085436,0.000853554,0.000844828,0.000830584,0.000815443,0.000806255,0.000814302,0.000836835,0.000860826,0.000879021,0.000895631,0.000918423,0.00094713,0.000972008,0.000990038,0.00100499,0.00102075,0.00104113,0.00107131,0.001106,0.00112827,0.00112887,0.00115211,0.0012284,0.0013517,0.00144109,0.00145108,0.00143456,0.00142833,0.00144868,0.0014831,0.00151554,0.00152269,0.00148027,0.00141662,0.00138845,0.00140207,0.00140838,0.00138902,0.00135816,0.00133617,0.00132655,0.00132876,0.00133441,0.00132596,0.00130178,0.00128091,0.00130805,0.00138224,0.00144527,0.00147744,0.00149538,0.00152405,0.00156937,0.00163548,0.00170844,0.0017527,0.00176095,0.00175815,0.00180309,0.00187664,0.00191618,0.00189048,0.00184467,0.00182382,0.00182927,0.00183539,0.00182721,0.00180153,0.00175977,0.00171651,0.001694,0.00168921,0.00167972,0.001657,0.00162884,0.00160698,0.00159218,0.0015833,0.00157707,0.00156413,0.00153931,0.0015096,0.00148652,0.00147294,0.0014654,0.00146479,0.00147747,0.00151263,0.00157891,0.00168994,0.00182572,0.00192795,0.00195121,0.00195494,0.00200306,0.00209013,0.00214114,0.00211724,0.00207065,0.00204496,0.00204953,0.00207333,0.00209173,0.00207795,0.0019903,0.00188332,0.00182244,0.00180964,0.00179571,0.00175827,0.00171023,0.0016753,0.00165292,0.00163756,0.00162174,0.00159637,0.00155954,0.0015169,0.0014819,0.0014567,0.0014349,0.00140518,0.00135023,0.00126237,0.00117228,0.0011537,0.00119648,0.0012507,0.00125118,0.00124321,0.00125634,0.00129146,0.00131162,0.00128513,0.00124929,0.00122413,0.00122074,0.00124263,0.00127219,0.00127102,0.00122938,0.00117804,0.00115572,0.0011571,0.00115931,0.00114488,0.00112203,0.00110716,0.00110381,0.0011099,0.00111816,0.00110848,0.0010667,0.00102475,0.00100041,0.000994089,0.000983992,0.000961685,0.000933402,0.000911006,0.000897977,0.000894454,0.000895419,0.00087933,0.000834182,0.000780062,0.000746739,0.000735809
0.000588686,0.000596918,0.000611966,0.000640224,0.000676113,0.000694605,0.000678891,0.00065649,0.000650089,0.000661537,0.000679012,0.00069467,0.000705201,0.000709735,0.000714069,0.000728658,0.000749627,0.000763008,0.000764506,0.000759653,0.00075899,0.000764267,0.000775086,0.00078798,0.000794485,0.000790372,0.000786398,0.00079368,0.000810178,0.000818247,0.000808851,0.000796073,0.000787818,0.000790131,0.000803067,0.000819379,0.000825656,0.000812585,0.000793054,0.000790508,0.000803411,0.000802269,0.000782158,0.00075847,0.00075648,0.000769956,0.000790569,0.00081038,0.000821573,0.000824259,0.0008259,0.000838772,0.000858702,0.000869547,0.000866684,0.000857033,0.000853628,0.000858512,0.00087046,0.000885024,0.000895994,0.000893932,0.000887247,0.000894564,0.000909425,0.000914016,0.000905056,0.000889949,0.000880347,0.000876714,0.00087789,0.000879928,0.000877006,0.000867729,0.000855813,0.000850172,0.000851478,0.000850565,0.000841777,0.000828038,0.000813389,0.000804692,0.000812914,0.000833418,0.000859264,0.000877088,0.000894088,0.000916861,0.000945247,0.000970336,0.000988444,0.00100337,0.00101852,0.00103988,0.00107106,0.00110495,0.00112742,0.00113571,0.00115363,0.00123041,0.00135395,0.00144261,0.00146442,0.00143852,0.00143233,0.00145213,0.00148809,0.00152504,0.0015261,0.00147263,0.00141627,0.00138912,0.00140084,0.00140423,0.00138553,0.00135375,0.00133252,0.0013236,0.00132553,0.00132882,0.00132336,0.00129243,0.00127862,0.00130745,0.00137999,0.00144138,0.00147407,0.00149132,0.00152069,0.00156838,0.0016355,0.00170539,0.0017579,0.0017576,0.00176449,0.00180676,0.00187336,0.00192056,0.00189027,0.00184352,0.00182192,0.00182685,0.00183285,0.00182457,0.00179907,0.00175716,0.00171279,0.00168986,0.00168463,0.00167473,0.00165233,0.00162381,0.00160135,0.00158599,0.00157701,0.00157081,0.00155724,0.00153276,0.00150285,0.00147979,0.00146622,0.00145852,0.00145794,0.00146957,0.00150329,0.00157142,0.00168155,0.00181082,0.0019126,0.00193479,0.00194252,0.00198834,0.00207101,0.00212329,0.00209968,0.0020581,0.00203289,0.00203765,0.00206308,0.00208485,0.0020638,0.00197484,0.0018727,0.00181149,0.00179693,0.00178395,0.00174317,0.00169914,0.00166324,0.00163982,0.00162435,0.00160772,0.00158438,0.00154443,0.00150316,0.00146912,0.00144404,0.001421,0.00139175,0.00133695,0.00125179,0.00116002,0.00114152,0.00119046,0.00123136,0.00123927,0.00122467,0.00123983,0.001275,0.00128836,0.00127039,0.0012322,0.00120854,0.00120592,0.00122668,0.00125097,0.00125715,0.00121928,0.00116588,0.00114581,0.00114863,0.0011474,0.00113081,0.00111059,0.00109583,0.00109198,0.00109756,0.0011039,0.00109422,0.00105928,0.00101463,0.000989891,0.000984144,0.000975322,0.000951492,0.000925076,0.000902685,0.000889347,0.000885275,0.000885984,0.000868511,0.000825598,0.000771353,0.000740369,0.000731189
0.000586242,0.000594096,0.000608278,0.000638889,0.000671359,0.000688842,0.000674469,0.000651928,0.000648577,0.00065815,0.000675554,0.000690618,0.000701861,0.000705424,0.000710821,0.00072514,0.000744152,0.000758409,0.000758903,0.000755513,0.000755005,0.000760182,0.000771248,0.00078261,0.000790136,0.000787063,0.000782306,0.00078956,0.000805648,0.000813913,0.000806631,0.000791935,0.000784494,0.000786225,0.000798801,0.000814916,0.000820501,0.000805337,0.000788987,0.000787496,0.000796238,0.000796579,0.000775349,0.00075513,0.000752172,0.000765526,0.000786084,0.000804463,0.000816586,0.000818194,0.000821315,0.000834014,0.00085172,0.000863711,0.000860011,0.000852432,0.00084949,0.000854176,0.00086582,0.000880774,0.000890834,0.000887664,0.000883307,0.000889762,0.00090222,0.000909074,0.000899235,0.00088579,0.000876193,0.000872864,0.000874307,0.000875693,0.000873703,0.000863088,0.000852711,0.000847934,0.000848444,0.000847322,0.000838771,0.000825376,0.000810741,0.000802897,0.000809982,0.000832624,0.00085668,0.000875502,0.000892178,0.000914694,0.000942934,0.000968626,0.000986331,0.00100165,0.00101741,0.00103863,0.00106887,0.00110419,0.00112662,0.00112734,0.0011561,0.00123736,0.0013496,0.00144641,0.00145548,0.00144121,0.00143569,0.00145249,0.00149052,0.00152557,0.00152721,0.00147501,0.00141092,0.00138975,0.00139513,0.00139954,0.00137908,0.00135036,0.00132876,0.00131891,0.00132027,0.00132591,0.00131741,0.00129156,0.00127314,0.0013074,0.00137095,0.00143826,0.00146799,0.0014883,0.00151811,0.00156513,0.00163201,0.00170676,0.00175503,0.00176336,0.00175989,0.00180566,0.00187869,0.00191685,0.00189159,0.0018393,0.00182208,0.00182332,0.00182921,0.00182095,0.00179632,0.00175205,0.00171032,0.00168688,0.00167855,0.00167004,0.00164618,0.00161837,0.00159527,0.00158014,0.00157126,0.0015635,0.00155057,0.00152485,0.00149657,0.00147339,0.00145915,0.00145138,0.00144989,0.00146318,0.0014978,0.00156311,0.00166674,0.00179568,0.00189229,0.00192395,0.00192604,0.00197652,0.00205352,0.0021032,0.00209061,0.00204483,0.00202022,0.00202499,0.00205104,0.00207031,0.00205093,0.00196161,0.00185761,0.00179896,0.00178211,0.00176881,0.00173251,0.00168537,0.00165061,0.00162684,0.00161045,0.00159455,0.00156982,0.0015316,0.00148879,0.00145556,0.00142977,0.00140666,0.00137538,0.00132376,0.00123138,0.00115681,0.00113299,0.00116528,0.00121858,0.00121781,0.00121199,0.00122514,0.00125188,0.00127065,0.00124733,0.00121643,0.00119375,0.00119148,0.00120992,0.00123587,0.00123926,0.0012006,0.00115702,0.00113462,0.0011326,0.00113489,0.00112004,0.00109871,0.00108487,0.00108003,0.00108442,0.00109065,0.00108076,0.00104423,0.00100582,0.000980211,0.000973618,0.000965268,0.000943751,0.000915882,0.000893869,0.000880082,0.000876585,0.000873926,0.000858493,0.000813895,0.00076585,0.000734426,0.000724197
0.000583401,0.0005895,0.000603777,0.000635485,0.000669629,0.000681156,0.000667289,0.000648837,0.000645332,0.000655614,0.000672038,0.000687231,0.000697743,0.000701997,0.000706464,0.000720144,0.000739819,0.000753312,0.000754466,0.000750822,0.00075054,0.000755827,0.000766877,0.000779523,0.000785679,0.000781656,0.000777925,0.000785116,0.000801245,0.000809332,0.000801086,0.000787571,0.000780737,0.000782633,0.000794386,0.000809774,0.000816942,0.000803124,0.00078373,0.000781226,0.000790842,0.000789683,0.000771437,0.000749927,0.000746131,0.000760778,0.000780853,0.000799425,0.000811117,0.000813482,0.000815349,0.000827329,0.000845881,0.000857214,0.000854569,0.0008471,0.000844634,0.000849478,0.000860906,0.000875308,0.000885325,0.000883449,0.00087787,0.000883626,0.000897521,0.000904123,0.000895529,0.000881438,0.000872058,0.000868978,0.000870329,0.000872565,0.000870239,0.000860314,0.000849133,0.000844793,0.00084615,0.00084441,0.000835421,0.000822571,0.000808906,0.00080101,0.000806811,0.000828517,0.000854921,0.000873303,0.000890275,0.000912616,0.000940532,0.000966393,0.000985331,0.00099988,0.00101574,0.00103664,0.00106633,0.00110041,0.00112382,0.00113048,0.0011488,0.0012318,0.00135401,0.00143874,0.00145794,0.00143875,0.00143373,0.00145331,0.00149172,0.00153082,0.00152712,0.00146772,0.00140457,0.00138394,0.0013912,0.00139356,0.00137378,0.00134504,0.00132368,0.00131458,0.00131536,0.00131954,0.00131076,0.0012814,0.00126365,0.00129923,0.00136888,0.00143197,0.00146487,0.00148422,0.00151384,0.00156091,0.00162779,0.00170197,0.00175125,0.0017562,0.00175467,0.00179945,0.001875,0.00191305,0.00188461,0.00183643,0.00181651,0.00182042,0.00182571,0.00181795,0.00179284,0.00174969,0.00170589,0.00168177,0.00167462,0.00166485,0.00164128,0.0016123,0.00158874,0.00157384,0.00156469,0.00155736,0.00154371,0.00151854,0.00148936,0.00146643,0.00145227,0.00144428,0.00144261,0.00145393,0.00148884,0.00155431,0.00165524,0.00178011,0.00187754,0.00190333,0.00191168,0.00196089,0.00204231,0.0020945,0.0020744,0.00203217,0.00200715,0.00201234,0.00203716,0.00206358,0.00203811,0.00194483,0.00184204,0.00178306,0.00176738,0.00175317,0.00171619,0.00167082,0.00163604,0.0016133,0.00159638,0.00157983,0.00155486,0.00151638,0.00147421,0.00144112,0.00141533,0.00139107,0.001361,0.00130715,0.00122074,0.0011363,0.00111216,0.00115602,0.00119945,0.00120687,0.00119412,0.00120553,0.00123599,0.0012489,0.00123211,0.00119928,0.00117819,0.00117708,0.00119184,0.00121442,0.00122037,0.0011883,0.00114073,0.00111871,0.00112207,0.00112117,0.00110607,0.00108633,0.00107307,0.00106818,0.00107064,0.00107512,0.00106732,0.00103577,0.000994689,0.000969339,0.000963501,0.000955121,0.000933014,0.000905861,0.000883936,0.000870426,0.000866145,0.000864446,0.00084777,0.000805768,0.000757172,0.00072705,0.000718619
0.000580394,0.000586772,0.000600757,0.000630901,0.000659698,0.000674343,0.000663156,0.000645711,0.000642842,0.000652001,0.000668454,0.000683031,0.000693603,0.000696911,0.000702323,0.00071662,0.000733909,0.000747508,0.000748559,0.000746162,0.000746127,0.000751372,0.000762171,0.000773817,0.000780456,0.000776306,0.000773765,0.000781562,0.000795921,0.000804542,0.000796992,0.000783437,0.000776508,0.000778779,0.000791075,0.000804803,0.000811246,0.000794893,0.000779384,0.000776647,0.000782796,0.00078316,0.000765215,0.000745831,0.000744113,0.000756024,0.00077597,0.000793052,0.000804908,0.000806658,0.000809935,0.000822201,0.0008384,0.000850121,0.000847693,0.000841989,0.000839953,0.000844804,0.000856278,0.000869825,0.000879384,0.000875849,0.000872945,0.000878832,0.000890648,0.000898143,0.000889913,0.000876792,0.000868129,0.000864958,0.000866402,0.000867667,0.000865833,0.000855706,0.00084602,0.000841513,0.000841656,0.000841027,0.000832518,0.000819799,0.000805974,0.000799146,0.000804813,0.000826061,0.000852571,0.000870899,0.000888562,0.000911326,0.000937975,0.000964047,0.000982901,0.000997983,0.00101363,0.00103499,0.0010647,0.00109711,0.00112169,0.00112464,0.00114741,0.0012315,0.00134157,0.00143394,0.00145049,0.0014374,0.00143486,0.00145471,0.00149198,0.00152555,0.00152777,0.00146678,0.00140423,0.00137989,0.00138229,0.00138684,0.0013677,0.00134005,0.00131959,0.00131045,0.00131134,0.00131339,0.00130538,0.00127534,0.00126,0.00129451,0.00135897,0.00142567,0.0014577,0.00148009,0.00151068,0.00155837,0.0016254,0.00169703,0.00175145,0.0017532,0.00175671,0.00180272,0.00186744,0.00191178,0.00188167,0.00183247,0.00181374,0.00181444,0.0018217,0.00181331,0.00178843,0.00174433,0.00170185,0.00167906,0.00166861,0.00165875,0.00163438,0.00160607,0.0015835,0.00156798,0.00155837,0.0015499,0.00153649,0.00151082,0.00148269,0.00145966,0.00144492,0.00143667,0.00143494,0.00144561,0.00148051,0.00154543,0.00164749,0.00176779,0.0018592,0.00188,0.00189914,0.00195318,0.00202469,0.00207876,0.0020591,0.00201793,0.00199577,0.00199935,0.00202222,0.00203924,0.00202378,0.00192958,0.00182948,0.00176936,0.00174824,0.00173779,0.00170174,0.00165716,0.00162309,0.00159945,0.00158276,0.00156512,0.00154054,0.00150199,0.00146039,0.00142677,0.00140033,0.00137604,0.00134297,0.00129019,0.00120174,0.00112464,0.00109792,0.00113346,0.00118117,0.0011849,0.00117768,0.00118856,0.00121169,0.00122686,0.00121043,0.0011822,0.00116383,0.00116247,0.00117647,0.00119494,0.00120244,0.00116983,0.00112754,0.00110722,0.00110665,0.00110783,0.00109385,0.00107462,0.00106131,0.00105587,0.00105756,0.00105958,0.00105294,0.00102093,0.000983926,0.000961122,0.00095296,0.000944664,0.000923089,0.000896245,0.000874638,0.000861409,0.00085639,0.000851119,0.000835988,0.000794208,0.000749533,0.000720868,0.000711919
0.000577221,0.000583634,0.000597001,0.000623273,0.00065373,0.000668388,0.00065842,0.000641166,0.00063678,0.000648336,0.000664577,0.000679931,0.000689697,0.00069314,0.000698102,0.000712437,0.000730894,0.000742302,0.000743827,0.000741407,0.000741638,0.000746738,0.000756837,0.000769129,0.000775164,0.000771883,0.000768326,0.000776596,0.000792001,0.000799606,0.000792224,0.000779364,0.000771878,0.000773996,0.000785999,0.000801653,0.000805134,0.000791415,0.0007744,0.000770662,0.000777555,0.000777171,0.000758643,0.000740767,0.0007381,0.0007515,0.000770927,0.000788451,0.0007994,0.00080279,0.000804903,0.000816591,0.000834171,0.000843865,0.000842364,0.000836912,0.000835399,0.000840218,0.000851228,0.000865509,0.000873741,0.000871967,0.000868065,0.000873009,0.000885904,0.000892089,0.000884595,0.00087187,0.000863596,0.000861082,0.000862214,0.000864193,0.000861779,0.00085321,0.00084266,0.000837683,0.000838583,0.000837556,0.000829683,0.000816781,0.000803751,0.000795988,0.000801712,0.000823929,0.000849451,0.00086838,0.000885514,0.000908362,0.000935715,0.000961506,0.000980418,0.000995714,0.00101175,0.00103278,0.00106231,0.00109687,0.00112028,0.00112551,0.00114773,0.00122837,0.00134847,0.00143575,0.00145171,0.00143726,0.00143569,0.00145509,0.00148951,0.00152294,0.0015256,0.00147035,0.00140248,0.00137377,0.00138019,0.00138272,0.00136474,0.00133599,0.0013155,0.00130563,0.00130542,0.00130711,0.00129924,0.00127235,0.00125614,0.0012886,0.00136027,0.00142106,0.00145308,0.00147599,0.00150759,0.00155512,0.0016206,0.00169495,0.00174777,0.00174959,0.00174995,0.00179095,0.0018618,0.00190722,0.0018798,0.00182708,0.00180464,0.00180928,0.00181594,0.00180889,0.00178358,0.00174074,0.00169737,0.00167512,0.00166683,0.00165331,0.00162804,0.00159982,0.0015777,0.00156181,0.00155158,0.00154333,0.0015292,0.0015043,0.00147551,0.00145255,0.00143793,0.00142889,0.00142683,0.00143868,0.00147083,0.00153152,0.00163353,0.00175333,0.00183594,0.00186109,0.00187767,0.00193176,0.0020105,0.00205567,0.00203925,0.00200001,0.00198063,0.00198548,0.00200558,0.00202319,0.00200797,0.00192523,0.00181493,0.00175171,0.00173536,0.00172262,0.00168698,0.0016434,0.00160907,0.00158572,0.00156817,0.00155002,0.00152555,0.00148843,0.00144629,0.00141161,0.00138579,0.00136115,0.00132943,0.00127647,0.00119403,0.00111194,0.00108591,0.00112288,0.00116621,0.00117134,0.00116044,0.00116903,0.00119465,0.00120739,0.00119127,0.00116505,0.00114834,0.00114651,0.00115929,0.00117837,0.00118454,0.00115671,0.00111401,0.00109346,0.00109464,0.00109499,0.00108131,0.00106244,0.0010488,0.00104313,0.00104355,0.00104547,0.00103803,0.00100907,0.000971821,0.000950203,0.000943245,0.000933875,0.000912378,0.000886658,0.000865599,0.000852031,0.000845921,0.000841415,0.000825125,0.000787779,0.000742051,0.000714515,0.00070741
0.000573671,0.000579147,0.000592545,0.000617734,0.000645473,0.000660624,0.000650266,0.000636217,0.00063399,0.000644844,0.000660528,0.000675162,0.000685464,0.000689992,0.000694623,0.000707737,0.000724346,0.000737455,0.00073953,0.000736594,0.000736825,0.000741816,0.000751487,0.000762556,0.000769797,0.000765415,0.000764513,0.000772679,0.000786258,0.000794132,0.00078664,0.000775264,0.000768039,0.000769555,0.000780388,0.000793293,0.000800126,0.000787951,0.000770073,0.00076585,0.000770973,0.000769887,0.000755367,0.000734734,0.000734333,0.000746993,0.000765647,0.000782266,0.000794256,0.000796236,0.000800391,0.000811225,0.000826317,0.000838038,0.000837437,0.000831767,0.000830654,0.000835528,0.000846079,0.000858859,0.000868129,0.000865486,0.00086368,0.000868661,0.000880577,0.000885819,0.00087981,0.000867054,0.000859424,0.000856959,0.000857965,0.000859223,0.000857982,0.000848351,0.000839129,0.000834924,0.000835801,0.000833902,0.000825215,0.000813399,0.000799917,0.000793859,0.000800185,0.0008225,0.00084646,0.000866116,0.000882827,0.00090611,0.000933052,0.000958233,0.000977066,0.000993105,0.00100929,0.00103078,0.00106054,0.00109287,0.00111746,0.00112107,0.00114912,0.00122997,0.00134186,0.00143164,0.00144491,0.00143671,0.00143494,0.00145389,0.00148815,0.00152044,0.00152076,0.00147374,0.00140455,0.00137043,0.00137112,0.00137929,0.00135775,0.00133183,0.00131154,0.00130082,0.00130055,0.00130213,0.00129192,0.00126299,0.00125236,0.00128399,0.00135144,0.00141697,0.00145047,0.00147241,0.00150362,0.00155099,0.00161892,0.00169267,0.00174019,0.00174844,0.00174456,0.00178809,0.00185614,0.00189571,0.00186454,0.00182108,0.00179708,0.00179969,0.00180906,0.00180264,0.00177845,0.00173857,0.0016952,0.0016713,0.00165965,0.00164838,0.00162342,0.00159391,0.00157161,0.00155553,0.00154513,0.00153682,0.00152187,0.00149775,0.00146876,0.00144569,0.00143071,0.0014211,0.0014186,0.00143082,0.00146513,0.00152268,0.00161669,0.0017266,0.00181371,0.00184414,0.00186015,0.00191456,0.00199025,0.0020344,0.0020243,0.00198254,0.0019646,0.00196884,0.00198995,0.00200788,0.00199074,0.00190245,0.00180181,0.00173875,0.0017179,0.0017066,0.00167043,0.0016294,0.00159533,0.00157153,0.00155384,0.00153535,0.0015098,0.00147257,0.00143239,0.00139714,0.00136971,0.00134589,0.00131297,0.00126316,0.00117871,0.00110228,0.00107571,0.00110388,0.00114869,0.00115113,0.00114416,0.0011516,0.00117275,0.00118597,0.00116953,0.00114786,0.00113212,0.00113044,0.00114292,0.0011617,0.0011656,0.00113496,0.0010992,0.00108115,0.00108,0.00108094,0.00106653,0.0010495,0.0010367,0.00103079,0.00103065,0.0010321,0.0010229,0.000992333,0.000959667,0.000939832,0.000931233,0.000922421,0.000900685,0.000876728,0.00085612,0.000842362,0.000835885,0.000831886,0.000814724,0.000774621,0.000735569,0.000709881,0.000700651
0.000569662,0.000575506,0.000587434,0.000611129,0.000638558,0.000651696,0.00064466,0.000631291,0.000630597,0.00064063,0.000656056,0.000670305,0.000680556,0.000684611,0.000690466,0.00070206,0.000718998,0.000731072,0.000732628,0.00073141,0.000731775,0.000736954,0.000745806,0.000756454,0.000763504,0.000763098,0.000759983,0.000766122,0.000781585,0.000788317,0.000782369,0.000770261,0.000763689,0.000765289,0.000775345,0.000788504,0.00079328,0.000781198,0.000765213,0.000759702,0.000763992,0.000762719,0.000746004,0.000730449,0.000729138,0.000742034,0.000760032,0.000776324,0.000787219,0.000791172,0.000794,0.000804431,0.000820013,0.000830495,0.000829336,0.000826169,0.000825703,0.000830596,0.000840473,0.0008527,0.000861235,0.000861669,0.000857789,0.000862774,0.000874353,0.000878754,0.000871424,0.000861865,0.000854652,0.000852265,0.000853203,0.000854847,0.000852668,0.000844345,0.00083441,0.000831445,0.000831707,0.000829309,0.000821535,0.000810005,0.000797605,0.000789769,0.000797607,0.000817409,0.000843111,0.000861616,0.000880553,0.00090311,0.000929294,0.000954951,0.000974243,0.00099043,0.00100737,0.0010285,0.00105817,0.0010922,0.00111426,0.00112558,0.00114814,0.00123112,0.00134216,0.00142378,0.00144893,0.00143356,0.00143086,0.00145137,0.00148573,0.00151897,0.00151835,0.00145839,0.00140092,0.00136558,0.00136931,0.00137195,0.00135403,0.00132631,0.00130677,0.00129626,0.00129546,0.00129632,0.00128564,0.00125957,0.00124712,0.00127843,0.0013454,0.0014124,0.00144586,0.00146824,0.00149916,0.00154754,0.00161526,0.0016823,0.00173832,0.00174291,0.00174263,0.00178155,0.00185423,0.0018854,0.0018554,0.00181144,0.00179134,0.00179262,0.00180037,0.00179416,0.00177175,0.00173016,0.00169122,0.00166497,0.0016551,0.00164196,0.0016152,0.00158756,0.00156494,0.00154884,0.00153829,0.00152783,0.00151388,0.00148816,0.00146153,0.0014382,0.00142233,0.00141264,0.0014111,0.00142216,0.00145646,0.00151636,0.00160168,0.00170415,0.00179115,0.0018239,0.00184261,0.00189349,0.00196582,0.00201209,0.00199926,0.0019652,0.00194404,0.00194919,0.00197152,0.00198502,0.0019715,0.001888,0.00178485,0.00172381,0.00170543,0.00169011,0.00165667,0.00161492,0.00158254,0.00155759,0.00153908,0.00151908,0.0014944,0.00145782,0.00141704,0.00138229,0.00135487,0.00133002,0.00129902,0.00124682,0.00116755,0.00108859,0.00106107,0.00109306,0.00112913,0.00113549,0.00112513,0.00113538,0.00115372,0.00116321,0.00115273,0.00113066,0.00111571,0.0011143,0.00112628,0.00114356,0.00114536,0.00111652,0.0010834,0.00107065,0.00106849,0.00106632,0.00105436,0.00103694,0.00102429,0.00101715,0.00101709,0.00101775,0.00100722,0.000978046,0.000947339,0.000931218,0.000921694,0.00091072,0.000891181,0.000866505,0.000845928,0.000832325,0.000825143,0.000817183,0.000801513,0.000765786,0.000725656,0.000701915,0.000696006
0.000565328,0.000570388,0.000581522,0.00060383,0.000629787,0.000643163,0.000637125,0.000626183,0.000625851,0.000636574,0.000651585,0.000665493,0.00067539,0.000680185,0.00068514,0.000696703,0.000712934,0.00072428,0.000726799,0.000725678,0.000726296,0.000731027,0.000740778,0.000752166,0.000757314,0.000753768,0.000752168,0.000761937,0.000775972,0.000782458,0.000776027,0.000764947,0.000758571,0.000760099,0.000769621,0.000782186,0.000786328,0.000774642,0.000758549,0.000753252,0.000756971,0.000754872,0.000739669,0.00072446,0.000723732,0.000736541,0.000754209,0.000769859,0.000780181,0.00078401,0.000787363,0.00079745,0.000812294,0.000822774,0.000823909,0.00082039,0.000819293,0.000824673,0.000835081,0.000847788,0.000854436,0.000852633,0.000850863,0.000855744,0.000865672,0.000872535,0.000867088,0.000856046,0.0008492,0.000847227,0.000848496,0.000849688,0.000847372,0.000839848,0.000830854,0.000825841,0.000826325,0.000824968,0.000817736,0.000806372,0.000793541,0.000786255,0.000793247,0.000814621,0.000839424,0.000859048,0.000877166,0.000900007,0.000926778,0.000951608,0.000971106,0.000987683,0.00100459,0.00102566,0.0010549,0.00108839,0.00111196,0.00112042,0.00114545,0.00122367,0.00133553,0.00141821,0.00143512,0.00142576,0.00142987,0.00144752,0.00147997,0.00150922,0.0015134,0.00146552,0.00139454,0.00135961,0.00136191,0.00136564,0.00134885,0.00132161,0.00130039,0.0012916,0.00128794,0.00128655,0.00127887,0.0012556,0.00124145,0.00127427,0.00134424,0.00140391,0.0014383,0.00146297,0.00149328,0.00154174,0.0016109,0.00168806,0.00173346,0.0017373,0.00173789,0.00176803,0.00183334,0.001881,0.00185553,0.00180159,0.00177956,0.00178353,0.00178992,0.00178483,0.00176343,0.001725,0.00168429,0.00165888,0.00164795,0.00163522,0.00161097,0.00158118,0.00155607,0.00154086,0.00153057,0.00152063,0.00150529,0.00148086,0.00145309,0.00142956,0.00141306,0.00140423,0.00140331,0.00141403,0.00144427,0.00150258,0.00158973,0.00169281,0.00176709,0.00179738,0.00182038,0.00186794,0.00194155,0.0019864,0.00197319,0.00194136,0.00192619,0.00192739,0.00195279,0.00197266,0.0019501,0.00186728,0.00176762,0.00170657,0.00168786,0.00167409,0.00164174,0.00160077,0.00156627,0.00154267,0.00152385,0.00150441,0.00147834,0.00144166,0.00140129,0.00136681,0.00133935,0.00131336,0.00128115,0.00123082,0.00115271,0.00107451,0.00104596,0.00107334,0.00111007,0.00111863,0.00111012,0.0011104,0.00113023,0.0011416,0.00113016,0.0011118,0.00110123,0.00109907,0.00110662,0.00111931,0.00112469,0.00110607,0.00107277,0.00105196,0.00105258,0.00105241,0.00104026,0.00102394,0.00101143,0.00100429,0.00100124,0.000999218,0.000991289,0.000968794,0.00093838,0.000916688,0.000909225,0.00089935,0.000878702,0.000855313,0.000835791,0.000820843,0.000813716,0.000806723,0.000787995,0.000753,0.000716158,0.000693961,0.00068871
0.000563934,0.000568852,0.000580624,0.000603847,0.000628089,0.000641245,0.000636141,0.000624178,0.000624301,0.000634285,0.000649237,0.00066306,0.000673099,0.000678002,0.000683128,0.000694173,0.000709597,0.000721888,0.00072423,0.000723197,0.000723518,0.000728161,0.000738153,0.000748567,0.000754302,0.000751076,0.000750232,0.000760548,0.000774074,0.000781206,0.000775449,0.000763807,0.000757246,0.000759467,0.000769587,0.000781203,0.000788344,0.000774068,0.000759861,0.000755041,0.000756113,0.000755977,0.000740585,0.00072402,0.000723134,0.000734529,0.000752052,0.000767409,0.000777591,0.000781535,0.000784877,0.000795405,0.000809296,0.00081942,0.000820655,0.000817279,0.000817323,0.000822065,0.000832225,0.000843715,0.000851434,0.00084953,0.00084863,0.000853557,0.000862235,0.000870381,0.000864586,0.000853851,0.000847097,0.000845144,0.000846446,0.000847055,0.000845478,0.000836616,0.000828752,0.000824545,0.000824009,0.000823227,0.000815362,0.000804139,0.00079091,0.000784527,0.000791279,0.000811951,0.000837011,0.000856363,0.000874755,0.000897763,0.000923816,0.000948543,0.000967967,0.000984318,0.00100092,0.00102233,0.00105123,0.00108301,0.00110867,0.00111287,0.00114301,0.00122662,0.00133567,0.00143115,0.00144856,0.00144009,0.00144143,0.00146273,0.0014951,0.00152687,0.00152878,0.00147562,0.00140206,0.00136408,0.00136296,0.00136654,0.00134936,0.00132141,0.00130209,0.00129092,0.00128824,0.00128577,0.00127858,0.00125306,0.00124199,0.00127615,0.00134376,0.00140869,0.00144573,0.00146699,0.00149914,0.00154856,0.00162216,0.00170101,0.00174991,0.0017552,0.00174703,0.00178558,0.00184683,0.00189178,0.00185957,0.00180753,0.00178512,0.00178821,0.00179551,0.00179249,0.00177024,0.00173109,0.00168842,0.0016619,0.00164898,0.00163546,0.00161048,0.00157854,0.00155462,0.00153788,0.00152794,0.00151825,0.00150235,0.00147745,0.00144982,0.00142668,0.00141106,0.00140108,0.00139987,0.00140937,0.00144186,0.00149955,0.00158771,0.00168834,0.0017657,0.00179975,0.00181983,0.00187657,0.00194406,0.00199323,0.00198106,0.00194827,0.00192914,0.00193561,0.00195925,0.00198168,0.00195597,0.00186858,0.00176601,0.00170153,0.00167894,0.00166655,0.00163514,0.00159286,0.00155837,0.00153404,0.001516,0.00149564,0.00147048,0.00143343,0.00139351,0.00135873,0.00133152,0.00130628,0.00127426,0.00122366,0.00113943,0.00106415,0.00103434,0.00105957,0.00109693,0.00110512,0.00109672,0.00110087,0.00111573,0.00112776,0.00111773,0.0011,0.00108765,0.00108653,0.00109498,0.00110619,0.00111171,0.00109026,0.00106084,0.00104421,0.00104221,0.00104267,0.0010304,0.00101464,0.00100242,0.000994659,0.000992592,0.000991033,0.000981746,0.000958441,0.000929282,0.000911356,0.000902101,0.000892014,0.000872058,0.000848931,0.000829702,0.000815943,0.00080703,0.000799327,0.000782162,0.000746291,0.000712086,0.000690104,0.00068345
0.000564476,0.000570268,0.000582375,0.000605335,0.000631588,0.000644294,0.000636085,0.000623545,0.00062327,0.00063371,0.000648475,0.000662556,0.000673045,0.000677953,0.000682048,0.000692532,0.000708987,0.000722704,0.000725349,0.00072255,0.000722416,0.000727007,0.000736956,0.000748746,0.000755125,0.00075235,0.000749995,0.000759591,0.000776756,0.000785334,0.000777967,0.000765066,0.000758077,0.000760396,0.00077158,0.000787053,0.000793051,0.000780369,0.000762606,0.000757876,0.000763418,0.000760028,0.000742055,0.000724934,0.000723197,0.000735327,0.000752578,0.00076792,0.000778328,0.00078165,0.000783889,0.000793995,0.000809625,0.000819427,0.000819191,0.000815937,0.000816038,0.000820796,0.000830941,0.000843274,0.0008517,0.000851156,0.000848003,0.000852951,0.000864973,0.000870897,0.00086431,0.000853267,0.000846371,0.000844591,0.000845815,0.000847362,0.000845065,0.000836505,0.000826963,0.00082312,0.000823952,0.000822585,0.000814895,0.000802979,0.000789996,0.000782706,0.000789901,0.000811502,0.000836223,0.000855133,0.0008723,0.000894768,0.000921769,0.000946116,0.00096462,0.000980314,0.000996616,0.00101713,0.00104558,0.00107971,0.00110509,0.00111309,0.00113903,0.00122988,0.00136347,0.00145508,0.00147345,0.0014621,0.00146277,0.00148442,0.00152115,0.00155843,0.00156218,0.00150032,0.00141291,0.00136831,0.00137145,0.00137439,0.0013532,0.0013244,0.00130396,0.0012933,0.00129131,0.00129241,0.00128318,0.00125808,0.00124439,0.00127693,0.0013524,0.00142069,0.00145457,0.0014762,0.0015093,0.00156146,0.00163805,0.00172417,0.00177847,0.0017736,0.00176321,0.00181439,0.00189307,0.00192292,0.00188328,0.00182532,0.00179791,0.00180241,0.00181253,0.00180855,0.00178518,0.00174154,0.00169472,0.00166629,0.00165452,0.00163971,0.00161061,0.00157804,0.00155354,0.00153723,0.00152713,0.00151865,0.00150331,0.00147723,0.00144839,0.00142543,0.00141058,0.00140116,0.00139681,0.00140762,0.00144154,0.00149956,0.00158868,0.00169516,0.00177797,0.00180954,0.00183103,0.00189415,0.00197558,0.00202219,0.00200869,0.00196998,0.00194701,0.00195192,0.00197894,0.00200632,0.00198247,0.00188335,0.00176684,0.00169723,0.00167785,0.00166508,0.00163102,0.00158847,0.00155424,0.00153035,0.00151233,0.00149481,0.00146887,0.00143088,0.00138978,0.00135484,0.00132834,0.00130466,0.00127623,0.00122242,0.00113212,0.00104767,0.00101825,0.001049,0.0010883,0.00109434,0.00108489,0.00109037,0.00110818,0.0011194,0.00111006,0.00109087,0.00107755,0.00107618,0.00108658,0.00110318,0.00110473,0.00108037,0.0010502,0.00103574,0.00103615,0.00103528,0.00102347,0.00100735,0.000994705,0.000987371,0.000985764,0.000985583,0.00097639,0.000950857,0.000921903,0.000906272,0.000898909,0.000888152,0.000868057,0.000844506,0.000825054,0.000812084,0.000803543,0.000795948,0.000780833,0.000747957,0.000709043,0.000685977,0.00068033
0.000563876,0.000570089,0.000582869,0.000606896,0.000632095,0.000644991,0.000637769,0.000622848,0.000622141,0.000631644,0.000647126,0.000661616,0.000672006,0.000675473,0.00068041,0.000691845,0.0007081,0.000721518,0.000722944,0.000720911,0.00072092,0.00072525,0.000735236,0.000746642,0.000754667,0.000750728,0.000749805,0.000760415,0.000776118,0.000786989,0.000778002,0.000765226,0.000758341,0.000760387,0.000772238,0.00078729,0.0007948,0.000781157,0.000764004,0.00075984,0.000763477,0.000761446,0.000744337,0.000725642,0.000723357,0.000733947,0.000751731,0.000767334,0.000777509,0.00077915,0.00078237,0.00079263,0.000806392,0.000818292,0.000818452,0.000814,0.000814004,0.000818835,0.000829415,0.000841499,0.0008506,0.000848462,0.000846007,0.000852756,0.000864268,0.000869611,0.000862128,0.000851779,0.000845256,0.000843141,0.000844652,0.000845808,0.000843641,0.000834888,0.000825441,0.000821791,0.000821753,0.000820894,0.000813146,0.000801304,0.000787748,0.000782366,0.00078951,0.00080947,0.000834912,0.000852645,0.000870301,0.000892613,0.000918397,0.000943444,0.000961613,0.00097633,0.00099163,0.00101172,0.00104088,0.00107497,0.00110055,0.00110441,0.00113288,0.00123334,0.00136291,0.00146922,0.00149133,0.0014779,0.00147793,0.00150082,0.00154316,0.00158566,0.00159149,0.00151433,0.0014264,0.00138188,0.00137469,0.00138062,0.00135946,0.00132721,0.00130566,0.00129428,0.00129348,0.00129518,0.00128617,0.00125729,0.00124839,0.0012864,0.00135963,0.0014305,0.00146438,0.00148346,0.00151554,0.00157044,0.00165136,0.00174133,0.00180103,0.00179704,0.00178541,0.00183591,0.00190998,0.00194882,0.00190391,0.00183962,0.00181209,0.0018112,0.00182234,0.00181771,0.00179441,0.00174819,0.00169934,0.00167013,0.00165618,0.00164188,0.00161168,0.00157693,0.00155216,0.0015354,0.00152562,0.00151607,0.0015025,0.00147593,0.00144636,0.00142309,0.0014084,0.00139979,0.00139715,0.00140613,0.00143864,0.00149802,0.00158885,0.00169749,0.00178245,0.00181974,0.00184204,0.00190781,0.00198768,0.00204048,0.0020243,0.00198477,0.00196058,0.00196225,0.0019918,0.00201094,0.00199769,0.00189668,0.00177103,0.00169463,0.00166867,0.00166184,0.00162774,0.0015837,0.00154931,0.0015245,0.00150703,0.00148846,0.00146431,0.00142508,0.00138519,0.00134967,0.00132327,0.0013004,0.00126755,0.00121512,0.00112383,0.00103998,0.0010051,0.0010343,0.00107899,0.00108467,0.00107505,0.00108048,0.00109575,0.00110784,0.0010975,0.00107997,0.00106733,0.00106585,0.00107586,0.00108875,0.00109365,0.00106704,0.00104109,0.00102697,0.00102548,0.00102618,0.00101525,0.000999151,0.000986484,0.000979323,0.000978003,0.000978,0.000969242,0.00094535,0.000916129,0.000900066,0.000892078,0.000882558,0.000862191,0.000838951,0.000819977,0.000807103,0.000799211,0.000792428,0.00077662,0.000740378,0.000704479,0.00068221,0.000675575
0.000562256,0.000568229,0.000581443,0.000605105,0.000631419,0.000643874,0.000635365,0.000621073,0.00061792,0.000629557,0.000644925,0.000659901,0.000669528,0.000672971,0.000677105,0.000689312,0.000706407,0.000718838,0.000720656,0.000718287,0.000718387,0.000722782,0.000731973,0.000744459,0.000751643,0.000749405,0.000746283,0.000756556,0.000775758,0.00078464,0.000777274,0.00076301,0.000755848,0.000758767,0.000770411,0.00078625,0.000796078,0.000783077,0.000763603,0.00075805,0.000763947,0.000762032,0.000743596,0.000724874,0.000720235,0.000732134,0.000750023,0.000765602,0.000775087,0.000777812,0.000779304,0.000789326,0.000804793,0.000815402,0.000815747,0.000811434,0.000810502,0.000815967,0.000826193,0.000839651,0.000847736,0.000846037,0.000842676,0.000850275,0.000863158,0.000867749,0.000861293,0.000849392,0.000842634,0.000841181,0.000842408,0.000843747,0.00084173,0.000832196,0.00082302,0.000818788,0.000819434,0.00081908,0.00081112,0.000798805,0.00078614,0.00077876,0.000786075,0.000808026,0.000831973,0.000850434,0.000866747,0.000888625,0.000915386,0.000939809,0.000957604,0.000972218,0.000987076,0.0010064,0.00103597,0.00107124,0.00109606,0.0010986,0.00112337,0.00123342,0.00138012,0.00148541,0.00150823,0.00149062,0.00148659,0.00151189,0.0015583,0.00160481,0.00160735,0.00152717,0.00142609,0.00138332,0.00138466,0.00138311,0.00135898,0.0013286,0.00130471,0.00129334,0.00129374,0.00129791,0.00128683,0.0012578,0.00124449,0.00128505,0.00136261,0.00143549,0.0014668,0.00148792,0.0015188,0.00157512,0.00165959,0.00175743,0.00181642,0.00180459,0.0017959,0.00183806,0.00192576,0.00196191,0.00191791,0.00184278,0.00181119,0.00181804,0.00182657,0.00182329,0.00179879,0.00175077,0.00170048,0.00166969,0.00165869,0.00164196,0.00160841,0.00157483,0.00154894,0.00153226,0.00152275,0.00151477,0.00149993,0.00147366,0.00144313,0.00141963,0.00140582,0.00139732,0.00139338,0.00140288,0.00143322,0.00149309,0.00158472,0.00169262,0.00178024,0.00181918,0.00184457,0.00190367,0.00199713,0.00204851,0.002035,0.00198986,0.00196499,0.00196942,0.00199764,0.00202605,0.00200334,0.00190151,0.00176838,0.00168167,0.00166077,0.001656,0.00161928,0.00157669,0.00154097,0.00151664,0.00149995,0.00148335,0.00145758,0.00142066,0.00137793,0.00134232,0.00131644,0.00129433,0.00126428,0.0012083,0.00111917,0.00102516,0.000986982,0.00101399,0.00106578,0.00107012,0.00106194,0.00106491,0.00108273,0.00109441,0.0010848,0.00106744,0.00105589,0.00105288,0.0010636,0.00107952,0.00108042,0.00106023,0.00103049,0.00101492,0.00101568,0.00101695,0.00100523,0.000990122,0.000977261,0.000970212,0.000968726,0.000968553,0.00096027,0.0009367,0.000908733,0.000890566,0.000885172,0.000875444,0.000855673,0.000832062,0.000813523,0.000800411,0.00079391,0.000788453,0.0007712,0.000737489,0.000699567,0.00067729,0.000672094
0.000560668,0.000568115,0.000580171,0.000603713,0.000629698,0.000642374,0.000633201,0.000619003,0.000616067,0.000627049,0.000642409,0.00065701,0.0006668,0.00067058,0.000674214,0.000687382,0.000704519,0.000715831,0.000717954,0.000715662,0.000715623,0.000719926,0.00072929,0.000742098,0.000749216,0.000747446,0.000744032,0.000754506,0.000773833,0.000782774,0.000775575,0.00076082,0.000753353,0.000755825,0.00076842,0.000786617,0.000794311,0.000780981,0.000763051,0.000757703,0.000762907,0.000761263,0.000741611,0.000722359,0.000720061,0.000731573,0.000748274,0.000763463,0.000772999,0.000774506,0.000777742,0.000787177,0.00080123,0.000812887,0.00081275,0.000808627,0.000807722,0.000812991,0.000823249,0.000837065,0.000845208,0.000844148,0.000840583,0.000848423,0.000861347,0.000866706,0.000858606,0.000847978,0.000840609,0.000838616,0.000840199,0.00084177,0.000838712,0.000830243,0.000820003,0.000816346,0.000817489,0.00081628,0.000808276,0.000796192,0.000783361,0.000775833,0.000783039,0.000805239,0.000828952,0.000847374,0.000863353,0.000884982,0.000911361,0.000935561,0.000954068,0.000967839,0.000981517,0.00100153,0.00103288,0.00107006,0.00109081,0.00109757,0.0011264,0.0012377,0.0013833,0.0015042,0.00152438,0.00150548,0.00149893,0.00152202,0.00157299,0.00162531,0.00161753,0.0015346,0.00143117,0.00138401,0.00137992,0.00138508,0.00136314,0.00132782,0.00130355,0.00129296,0.00129444,0.00129687,0.001286,0.00125658,0.00124031,0.00128558,0.00136491,0.00143422,0.00147206,0.00149056,0.00152264,0.0015807,0.00166815,0.00176453,0.00182581,0.00182135,0.00180244,0.00184394,0.00193522,0.00197369,0.00192841,0.00184894,0.00181647,0.00182069,0.00183056,0.00182594,0.00180092,0.00175122,0.00170122,0.00166976,0.00165712,0.00164033,0.00160846,0.00157147,0.00154545,0.00152937,0.00152009,0.00151104,0.00149769,0.00147073,0.00144046,0.00141676,0.00140297,0.00139452,0.00139094,0.00139791,0.00142802,0.001488,0.00158004,0.00168619,0.00177559,0.00181517,0.00184424,0.00190519,0.00200162,0.0020544,0.00204145,0.00199465,0.00196995,0.00197502,0.00200589,0.00202891,0.00201405,0.00190146,0.00176335,0.0016805,0.00166167,0.0016467,0.00161419,0.00156795,0.00153331,0.00150985,0.00149345,0.00147624,0.00145251,0.0014125,0.00137077,0.00133617,0.001311,0.0012887,0.00125775,0.00120475,0.00110903,0.00101003,0.000970987,0.00100773,0.00104643,0.0010579,0.00104665,0.0010515,0.00107092,0.00107978,0.00107168,0.00105513,0.00104401,0.00104115,0.00105153,0.00106541,0.00107048,0.00104586,0.00101929,0.0010064,0.00100748,0.00100621,0.00099665,0.0009808,0.000968077,0.000960991,0.000959344,0.000958358,0.000950285,0.000926839,0.000900299,0.000882709,0.000877784,0.000868318,0.000848857,0.00082524,0.000807182,0.000794546,0.000788794,0.000783168,0.000766834,0.000731074,0.000696926,0.000674116,0.000666779
0.000558992,0.000566067,0.000579553,0.000602695,0.000629082,0.000640959,0.000632913,0.00061666,0.000614913,0.000624369,0.00063987,0.000654303,0.000664346,0.000667948,0.000672505,0.000684357,0.000700156,0.000714087,0.000715224,0.000713264,0.000712837,0.000716877,0.000727053,0.000738846,0.000747309,0.000743096,0.00074245,0.000752999,0.000769577,0.000781154,0.000771631,0.000758569,0.000750586,0.000752122,0.000765951,0.000783813,0.000792532,0.000778982,0.000760768,0.000756752,0.000762033,0.000759494,0.000741274,0.000720611,0.000719342,0.00072999,0.000746177,0.000761452,0.000770742,0.000773585,0.000774791,0.000784623,0.000799715,0.000809925,0.000810336,0.000805731,0.000805278,0.000809952,0.000820725,0.00083338,0.000843018,0.000840637,0.000839057,0.000845708,0.000859117,0.000864918,0.000858538,0.000845583,0.000838453,0.000836668,0.000838118,0.000838975,0.000836535,0.000826773,0.000817636,0.000813986,0.000814656,0.000813661,0.000805911,0.000793734,0.000780215,0.000773694,0.000780885,0.000801346,0.000826316,0.000843612,0.000860322,0.000881711,0.000907318,0.000931792,0.000949311,0.000963427,0.000977239,0.000996404,0.0010278,0.00106175,0.00108682,0.00108478,0.00112354,0.00123517,0.00139815,0.00151469,0.00154263,0.00151444,0.00151077,0.00153595,0.00158703,0.00162962,0.0016378,0.00154544,0.00143923,0.00138545,0.00138546,0.0013889,0.00136306,0.00132917,0.00130364,0.00129292,0.00129459,0.00129737,0.00128659,0.00125435,0.00124313,0.00128476,0.00136483,0.00143977,0.00146921,0.00149401,0.00152805,0.00158647,0.0016744,0.00177579,0.00184092,0.0018268,0.00181286,0.0018584,0.00194565,0.00198952,0.00192699,0.00185682,0.00182127,0.00182242,0.00183594,0.00183013,0.00180327,0.001755,0.00170102,0.00167008,0.00165687,0.00164065,0.00160588,0.00156918,0.00154213,0.00152643,0.00151738,0.00150949,0.00149499,0.00146913,0.00143728,0.00141326,0.0014006,0.00139198,0.00138621,0.00139439,0.00142474,0.00148405,0.00157542,0.00168425,0.00177153,0.00181685,0.00184198,0.00191265,0.0020044,0.00206253,0.00204278,0.00200122,0.00197526,0.00197855,0.00201108,0.00204729,0.00202,0.00190596,0.00175528,0.00167893,0.00165361,0.00164128,0.00160398,0.00156144,0.00152653,0.00150263,0.00148641,0.00147112,0.00144621,0.00140768,0.00136356,0.00132978,0.00130404,0.00128286,0.00125723,0.00119881,0.00109878,0.00099255,0.00095895,0.000988128,0.00103306,0.00103867,0.00103321,0.00103783,0.00105505,0.00106656,0.00105724,0.00104297,0.00103164,0.00102954,0.00103828,0.0010543,0.00105703,0.00103631,0.00100751,0.000996546,0.000996906,0.0009966,0.000985537,0.000971756,0.00095945,0.000951782,0.000950217,0.000949983,0.000940776,0.000918869,0.000892034,0.00087617,0.000869194,0.000861539,0.000840864,0.0008186,0.000800617,0.000788896,0.000782711,0.000777713,0.000761226,0.000728998,0.000690697,0.000669619,0.000663429
0.000557051,0.000564889,0.000577578,0.000600448,0.000627399,0.000639323,0.000628735,0.000613526,0.000612547,0.000622764,0.00063734,0.000651573,0.00066217,0.000666159,0.000669464,0.000681074,0.000698584,0.000711545,0.000713759,0.000710704,0.000709773,0.000713653,0.000723957,0.000736748,0.000743373,0.000741065,0.000737737,0.000748155,0.000766968,0.000776015,0.000769247,0.000754474,0.000745942,0.000748426,0.000762932,0.000783296,0.000789709,0.00077515,0.000757657,0.000753806,0.000760068,0.000757501,0.000737981,0.000719344,0.000718072,0.000728571,0.000744075,0.000758885,0.000768291,0.000770165,0.00077141,0.000780978,0.000796465,0.000806762,0.000806553,0.000802452,0.00080194,0.000806855,0.000817805,0.000831346,0.000839483,0.000839165,0.000836166,0.000842154,0.000856229,0.00086287,0.000855398,0.000842869,0.000835539,0.000834226,0.000835632,0.000836989,0.000834143,0.000824821,0.000814801,0.000811319,0.000812915,0.000811447,0.000803132,0.000791053,0.000777956,0.000770714,0.000777795,0.000799289,0.000823409,0.000840988,0.000856674,0.00087793,0.000904021,0.000927859,0.000945205,0.000958656,0.000971655,0.000989875,0.00102092,0.00105707,0.00107738,0.00108212,0.00110919,0.00121967,0.00139492,0.00152227,0.00154633,0.0015243,0.00151994,0.0015457,0.0015975,0.00165048,0.00165304,0.0015698,0.00145129,0.00138449,0.0013836,0.00139418,0.00136919,0.00133096,0.00130452,0.00129374,0.0012947,0.00129748,0.00128924,0.00126004,0.00124427,0.0012857,0.00137208,0.00144418,0.00147788,0.00149643,0.00153124,0.00159104,0.00168016,0.00178248,0.00185405,0.00184883,0.00182086,0.00186571,0.00196105,0.00199643,0.00194057,0.00185514,0.00182046,0.00182601,0.00183751,0.00183406,0.0018079,0.00175519,0.00170169,0.00166915,0.00165618,0.0016418,0.00160768,0.0015679,0.00153865,0.00152277,0.0015143,0.00150698,0.00149314,0.00146549,0.00143386,0.00141011,0.00139756,0.00138934,0.00138379,0.00139084,0.00142099,0.00148001,0.00157109,0.00168021,0.00176988,0.00180714,0.00183951,0.00191633,0.00201395,0.00206961,0.00205228,0.00200621,0.00197824,0.00198162,0.0020146,0.00204934,0.00202308,0.00189821,0.00174931,0.00167235,0.00165107,0.00163598,0.00159922,0.00155484,0.00151939,0.00149555,0.00147924,0.00146389,0.00143948,0.00140014,0.00135651,0.0013227,0.00129773,0.00127699,0.00125015,0.00119279,0.00108667,0.000977122,0.000945,0.000979897,0.00102111,0.00102811,0.00101868,0.00102291,0.00104169,0.00105213,0.00104536,0.00102999,0.00101885,0.00101685,0.00102489,0.00104002,0.00104342,0.00102285,0.000995944,0.000985764,0.000987469,0.000986347,0.000976414,0.000962114,0.000950059,0.000942932,0.000941184,0.000941131,0.000933576,0.000909457,0.00088322,0.000868641,0.000863003,0.000853325,0.000834679,0.000811786,0.000793693,0.000782181,0.000776149,0.000771022,0.000755223,0.000721946,0.000685192,0.000663814,0.000657937
0.00055487,0.000561953,0.000575312,0.000599341,0.000624402,0.000636985,0.000626521,0.000611299,0.000610789,0.000619854,0.000635063,0.000649084,0.000659278,0.00066211,0.00066642,0.000679013,0.000694945,0.000708454,0.000710584,0.000707926,0.000706887,0.000710741,0.000720654,0.000732007,0.000739914,0.000736175,0.000734205,0.000744587,0.000760357,0.000771187,0.000763688,0.000750315,0.000742272,0.000745115,0.000758426,0.000775159,0.000784826,0.000770596,0.000754363,0.000750806,0.00075523,0.000754654,0.000736771,0.000718066,0.000716791,0.000726393,0.00074214,0.000756367,0.000765827,0.000766947,0.000768702,0.000778427,0.00079253,0.000803521,0.000803471,0.000799329,0.000798724,0.000803731,0.000814878,0.000827278,0.000836772,0.000834862,0.000833826,0.000841068,0.000853171,0.000861122,0.000852927,0.000840396,0.000833209,0.000831536,0.000833262,0.000833601,0.000830916,0.000821136,0.000811976,0.000808799,0.000809354,0.000808535,0.000800239,0.000788232,0.000774579,0.000768377,0.000775261,0.000795233,0.000819981,0.000837186,0.000853241,0.000874513,0.000899465,0.000923327,0.00094028,0.00095379,0.00096614,0.000984592,0.00101457,0.00104695,0.00106963,0.00106237,0.0010976,0.00122036,0.00139233,0.00153272,0.00155631,0.00153496,0.00152823,0.00155428,0.00160985,0.00165974,0.00166748,0.00157238,0.00145933,0.0013973,0.00138781,0.00139711,0.00137032,0.00133137,0.00130558,0.00129422,0.00129568,0.0012985,0.00129024,0.00125809,0.00124628,0.00128797,0.00136813,0.00144823,0.001481,0.00149937,0.00153094,0.00159347,0.00168725,0.00178969,0.00186207,0.00184588,0.00183069,0.00187298,0.00195643,0.00200582,0.00194107,0.00185614,0.00182046,0.00182313,0.00183859,0.0018327,0.00180758,0.00175364,0.00170112,0.00167063,0.00165461,0.00163993,0.00160505,0.00156525,0.00153627,0.00151943,0.0015116,0.00150445,0.00149077,0.00146154,0.00143046,0.00140786,0.00139487,0.00138623,0.00138045,0.00138659,0.00141595,0.0014754,0.00156705,0.00167415,0.00176359,0.00179953,0.00184142,0.00192065,0.00201363,0.00207356,0.00205699,0.00200981,0.00198128,0.00198452,0.00201867,0.00204836,0.00202688,0.00189597,0.00174775,0.00166575,0.00163957,0.00162866,0.00159296,0.00154741,0.00151217,0.00148812,0.00147247,0.00145659,0.00143294,0.00139374,0.00135048,0.00131534,0.00129078,0.00127113,0.00124437,0.00118839,0.00107661,0.000974428,0.000929546,0.000960775,0.00100618,0.00101332,0.00100534,0.00100858,0.00102465,0.00103734,0.00103083,0.00101683,0.00100607,0.00100401,0.00101273,0.00102642,0.00103124,0.00101055,0.000985884,0.000975233,0.000975123,0.000975802,0.000966106,0.000952494,0.000940791,0.000933932,0.000932315,0.000931567,0.000924636,0.000900225,0.000875573,0.00086149,0.000853717,0.000845599,0.000826573,0.000804769,0.000787037,0.000775643,0.000770088,0.000764264,0.000749233,0.000716837,0.000681447,0.000659166,0.000652612
0.000552466,0.000559549,0.000572392,0.00059602,0.000623007,0.000633233,0.000621436,0.000608521,0.000607169,0.000617047,0.000632122,0.00064686,0.00065618,0.000659253,0.000663143,0.000675376,0.000692633,0.000705508,0.000707998,0.000704953,0.000703894,0.000707645,0.000717073,0.000729853,0.000737369,0.00073438,0.000731081,0.000740395,0.000758458,0.000767971,0.000760149,0.000746335,0.000738582,0.000740515,0.000752411,0.000769153,0.000778542,0.000767849,0.000749039,0.000744697,0.000751845,0.000750184,0.000732326,0.000715928,0.000713771,0.000724431,0.000739551,0.000753475,0.000762751,0.000764484,0.000765405,0.000774614,0.000789794,0.000800174,0.000800114,0.000796153,0.000795388,0.00080027,0.000811196,0.000824666,0.00083369,0.00083187,0.000829869,0.000836797,0.00085041,0.000858594,0.000850865,0.000837637,0.000830232,0.000829024,0.000830639,0.00083154,0.000828017,0.000819116,0.000809069,0.000805649,0.000807172,0.000805369,0.000797445,0.000785337,0.000772308,0.000765156,0.000772094,0.000792974,0.000816797,0.000834794,0.000849694,0.00087054,0.000896248,0.000918903,0.000935776,0.00094894,0.000961503,0.000979202,0.00100837,0.00104463,0.00106456,0.00105963,0.00108743,0.00121473,0.00140746,0.00153978,0.00156088,0.00154134,0.00153342,0.00156127,0.00161987,0.00168645,0.00168161,0.00157907,0.00145844,0.00139713,0.00139639,0.00139884,0.00137078,0.00133144,0.00130543,0.00129429,0.00129463,0.00129894,0.00128965,0.00126033,0.00124478,0.00128495,0.00137105,0.00145276,0.00148864,0.00150209,0.00153165,0.00159444,0.00169219,0.00180613,0.00187201,0.00186456,0.00183847,0.00187278,0.00196631,0.00202086,0.00195969,0.00186031,0.00181873,0.00182627,0.0018392,0.00183391,0.00180504,0.00175364,0.00169749,0.0016669,0.00165634,0.0016386,0.0016041,0.00156214,0.00153175,0.00151612,0.00150848,0.00150291,0.00148725,0.00145712,0.00142551,0.00140442,0.00139192,0.00138298,0.00137769,0.00138276,0.00141058,0.00146926,0.00155992,0.00166907,0.00175534,0.00180063,0.00183815,0.00191404,0.0020176,0.00207647,0.00206003,0.0020117,0.00198232,0.00198555,0.00201785,0.00205339,0.00202814,0.00190217,0.00174454,0.00165299,0.00163464,0.00162298,0.00158814,0.00154039,0.00150412,0.00148063,0.00146484,0.00144995,0.00142622,0.00138778,0.00134352,0.00130682,0.00128309,0.00126451,0.00124021,0.00118159,0.00106764,0.00095522,0.000906133,0.000939627,0.000988727,0.00099939,0.000989013,0.000991403,0.00100947,0.00102249,0.0010166,0.00100304,0.000992569,0.000990683,0.000999219,0.00101273,0.00101717,0.000998125,0.000974133,0.000963379,0.000965261,0.000965806,0.000956801,0.00094295,0.000931311,0.000924008,0.000922151,0.000922095,0.000913908,0.000891644,0.000866433,0.000852106,0.000846372,0.000837865,0.000818822,0.000797288,0.000779785,0.000768983,0.000763266,0.000757934,0.000742821,0.000711691,0.000675874,0.000652105,0.000647238
0.000549776,0.000556306,0.000569381,0.000592229,0.000617133,0.00062836,0.000620486,0.000605292,0.000603584,0.000613673,0.0006288,0.000642788,0.000653259,0.000656911,0.000660037,0.00067292,0.000689802,0.000702098,0.000703519,0.00070175,0.000700904,0.000704604,0.000713909,0.000725898,0.000734004,0.000730267,0.000728245,0.000737322,0.000753418,0.000763293,0.000754548,0.000741747,0.00073401,0.00073558,0.000747109,0.000763648,0.000771467,0.000758854,0.000742927,0.00073845,0.000744108,0.000744395,0.000730528,0.000713277,0.000710574,0.000720754,0.00073674,0.000750396,0.00075897,0.000760301,0.000762247,0.000771447,0.000785586,0.000796308,0.000795911,0.000792674,0.000792134,0.000796874,0.000807888,0.000821169,0.000829174,0.000828754,0.000826128,0.000833968,0.00084723,0.000854452,0.000845968,0.000834389,0.00082736,0.000826133,0.000827666,0.000828119,0.000825397,0.000815414,0.000806582,0.000802894,0.000802962,0.000802358,0.000794656,0.0007824,0.000769351,0.000762459,0.000769308,0.000790635,0.000813814,0.000830116,0.000846424,0.000866981,0.000891096,0.000914635,0.000931537,0.000944138,0.000956233,0.000974296,0.0010042,0.00103704,0.00105712,0.00104711,0.00108152,0.00121111,0.00139712,0.00154225,0.00157377,0.00154688,0.00153758,0.0015657,0.00162843,0.00168507,0.00168971,0.00159255,0.00146604,0.001401,0.00139665,0.00140153,0.00137379,0.00133241,0.00130585,0.00129381,0.0012946,0.00129977,0.00128992,0.00126105,0.00124444,0.0012863,0.00137163,0.00145249,0.00148498,0.00150372,0.001534,0.00159786,0.00169851,0.00180942,0.00188266,0.00186381,0.00184714,0.00188644,0.0019783,0.00202517,0.00194976,0.0018612,0.00181841,0.0018233,0.00183694,0.0018308,0.00180324,0.00174696,0.00169651,0.00166712,0.00165296,0.00163847,0.00160038,0.00155989,0.00152971,0.00151279,0.00150486,0.00149751,0.00148315,0.00145442,0.00142197,0.00140073,0.00138816,0.00137938,0.00137317,0.00137914,0.00140674,0.00146441,0.00155341,0.00165763,0.00174776,0.0017886,0.00183526,0.00191659,0.00201986,0.00207783,0.00206495,0.00201341,0.00198363,0.0019852,0.00201979,0.00204726,0.00202306,0.00189026,0.00174298,0.00165006,0.00162062,0.00161707,0.00157742,0.00153392,0.00149751,0.0014728,0.00145747,0.00144206,0.00141899,0.00137973,0.00133639,0.00130011,0.00127649,0.0012574,0.00122873,0.001171,0.00105628,0.000942943,0.000886511,0.000924239,0.000970674,0.000983784,0.000973504,0.000976427,0.000993496,0.00100659,0.00100348,0.000988929,0.000978881,0.000977708,0.000986865,0.000999667,0.00100137,0.000986847,0.000963915,0.000952292,0.000952683,0.000955391,0.000945978,0.000933258,0.00092198,0.000914616,0.00091251,0.000912491,0.000903605,0.00088315,0.000857702,0.000844504,0.000838095,0.000829001,0.00081172,0.000789828,0.000772854,0.000762104,0.000756529,0.000750201,0.000735649,0.00070398,0.000669906,0.000647657,0.000643287
0.000546569,0.000553488,0.000565484,0.000587044,0.000611737,0.000623745,0.000614199,0.00060239,0.000600156,0.000610571,0.000625469,0.000639313,0.000649463,0.000653003,0.000657044,0.000668682,0.000686096,0.000697959,0.000699996,0.000698063,0.000697653,0.000700836,0.000709567,0.000722475,0.000729635,0.000727528,0.00072361,0.00073219,0.000749032,0.00075702,0.000749972,0.000736094,0.000728365,0.000729797,0.000741136,0.000755099,0.000762661,0.000751057,0.000735155,0.000731147,0.000737144,0.000738643,0.000724518,0.000709961,0.000708227,0.000718017,0.000733242,0.000746256,0.000755033,0.000757303,0.000758434,0.000767203,0.000782142,0.000791893,0.000792529,0.000788754,0.00078841,0.000793407,0.000803974,0.000816574,0.000825462,0.000823873,0.000822704,0.000830017,0.000844376,0.000850367,0.00084246,0.000830661,0.000824524,0.000823011,0.000824213,0.000824684,0.000821275,0.000812515,0.000802542,0.000799265,0.000799911,0.000798544,0.000790833,0.000779034,0.000765901,0.000758965,0.000766147,0.000786381,0.000809694,0.000826526,0.000841859,0.000862682,0.0008869,0.000909474,0.000926136,0.000938883,0.000951085,0.000967526,0.000997911,0.00103381,0.00104814,0.00104411,0.00106806,0.00119797,0.00139928,0.00155312,0.0015789,0.00155249,0.00153962,0.00156934,0.00163424,0.00169733,0.00169803,0.00160043,0.00147496,0.00140004,0.00139337,0.00140471,0.0013717,0.00133244,0.00130479,0.00129372,0.00129491,0.00129708,0.00129008,0.00125734,0.00124402,0.00128545,0.00137452,0.00145226,0.00148876,0.00150401,0.00153661,0.00159899,0.00169796,0.00181791,0.00188447,0.00187494,0.00184014,0.00189221,0.00199181,0.00202199,0.00195094,0.00185701,0.00181678,0.00182039,0.00183384,0.00182822,0.00179777,0.00174574,0.00169101,0.00166222,0.00165372,0.00163544,0.00159912,0.00155606,0.00152603,0.00150882,0.00150085,0.00149413,0.00147934,0.00145105,0.00141883,0.00139509,0.00138447,0.00137541,0.00136892,0.00137331,0.00140337,0.00145866,0.00154488,0.00165047,0.00173605,0.00178509,0.00182573,0.00191405,0.00201999,0.00207665,0.00205433,0.00201232,0.00198153,0.00198051,0.00201646,0.00205659,0.00201799,0.00189048,0.0017282,0.00164406,0.001623,0.00160772,0.00157162,0.00152549,0.00148961,0.0014656,0.00144937,0.00143558,0.00141146,0.00137297,0.00132754,0.00129335,0.00126979,0.00124996,0.00122274,0.00116397,0.00104983,0.000925089,0.000873087,0.000899579,0.000952311,0.000962987,0.000956918,0.000959483,0.000977588,0.000990472,0.00098506,0.000974337,0.000965308,0.000964329,0.0009732,0.000984326,0.000987851,0.000972245,0.000952197,0.000940571,0.000942919,0.00094367,0.000935719,0.00092295,0.000911976,0.000904879,0.000902493,0.000900584,0.000892685,0.000871777,0.00084947,0.00083533,0.000829583,0.000820677,0.000801889,0.000782121,0.000765467,0.000754503,0.000748538,0.000743289,0.00072763,0.000697437,0.000662433,0.000643608,0.000638517
0.000542588,0.000548966,0.000560445,0.00058088,0.000604254,0.000616438,0.00061192,0.00059789,0.000596075,0.0006072,0.000621772,0.000635285,0.000645103,0.000648804,0.000652435,0.000663625,0.000681286,0.000692908,0.000695127,0.000693613,0.000693142,0.000696556,0.000705366,0.000717669,0.000724666,0.000722548,0.000718807,0.000726703,0.000742756,0.000750148,0.000743232,0.000730119,0.000722384,0.00072264,0.000733257,0.000748231,0.00075117,0.000740475,0.000726093,0.000722455,0.000728477,0.000730341,0.000718448,0.000705121,0.000702865,0.000713436,0.000728912,0.000742059,0.000749885,0.000751245,0.000753803,0.000762799,0.000777463,0.000786976,0.000787812,0.0007845,0.000784226,0.000789102,0.00079906,0.000811929,0.000820504,0.000819286,0.000817663,0.000825048,0.000840035,0.000845469,0.000837736,0.000826641,0.000820306,0.000818957,0.000820047,0.000820215,0.000816533,0.000808014,0.000798609,0.000794642,0.000794992,0.000794294,0.000786628,0.000774904,0.000761963,0.000754683,0.000761486,0.000781911,0.000804706,0.000821363,0.000836831,0.000856875,0.00088071,0.000903572,0.000919956,0.000932499,0.000944222,0.000960425,0.000989671,0.00102233,0.00104025,0.00103371,0.00105909,0.00119066,0.00139617,0.00155918,0.00158972,0.00155604,0.00154496,0.00157788,0.00164223,0.00170111,0.00171287,0.00161277,0.0014754,0.00140476,0.00140428,0.00140327,0.00137679,0.0013327,0.00130287,0.00129134,0.00129317,0.0012976,0.00128737,0.00125642,0.0012415,0.00128507,0.00137871,0.00145587,0.00148492,0.00150449,0.00153735,0.00160155,0.00170131,0.0018188,0.00188682,0.00186965,0.0018373,0.0018917,0.00199398,0.00201817,0.00194495,0.00185228,0.00181101,0.00181539,0.00182808,0.0018235,0.00179416,0.00174144,0.00168705,0.00165831,0.00165005,0.00163224,0.00159451,0.0015512,0.00152213,0.00150565,0.00149736,0.00148973,0.0014765,0.00144839,0.00141515,0.00139082,0.00137977,0.00137093,0.00136309,0.00136807,0.00139902,0.0014537,0.00153834,0.00164141,0.00172565,0.00177465,0.00181806,0.00190636,0.00201395,0.00206881,0.00205495,0.00200556,0.00197521,0.00197796,0.00201279,0.00204554,0.00202119,0.0018871,0.00172594,0.00163545,0.0016113,0.00160149,0.00156385,0.00151705,0.00148103,0.0014574,0.00144146,0.00142768,0.00140411,0.00136468,0.00131969,0.00128564,0.00126243,0.00124256,0.00121488,0.00115688,0.00104203,0.000909053,0.000851902,0.00087989,0.000930299,0.000942278,0.000935401,0.00093915,0.000957954,0.000970561,0.000968032,0.000957164,0.000949107,0.00094908,0.000957867,0.000969524,0.000972681,0.000958202,0.000938189,0.000928067,0.000930865,0.000931464,0.000924004,0.000911827,0.000900938,0.000893607,0.000890277,0.000888307,0.000880139,0.0008602,0.000838328,0.000824872,0.000819614,0.000810649,0.000793516,0.000772909,0.000756686,0.000746011,0.000739817,0.000734209,0.000718689,0.000689061,0.000655956,0.00063799,0.000633203
0.000538443,0.000543978,0.000555018,0.000575149,0.000596254,0.000608911,0.000603417,0.000593525,0.000593402,0.000603289,0.000617782,0.000630969,0.00064054,0.000643908,0.000647971,0.000659693,0.000674391,0.000687361,0.000690052,0.000688905,0.000688422,0.000692225,0.000701067,0.00071195,0.000718951,0.000716866,0.000714458,0.00072175,0.000734049,0.000742454,0.000735543,0.000723546,0.000716141,0.000716196,0.000725727,0.000736703,0.000739744,0.000728813,0.000716725,0.000713614,0.000718207,0.000719392,0.000709525,0.000698481,0.00069907,0.000708205,0.000723254,0.000735676,0.000743576,0.00074571,0.000748444,0.000758519,0.000771743,0.000781013,0.000782324,0.000780023,0.00078,0.000784437,0.000794269,0.000806022,0.000814409,0.000813578,0.000812883,0.000819706,0.000831783,0.000839416,0.00083244,0.000821895,0.000815861,0.000814119,0.00081529,0.000815191,0.000811567,0.000803328,0.000794914,0.000790937,0.00079029,0.000789376,0.00078215,0.000770708,0.000757574,0.000751292,0.000757324,0.000776448,0.000799556,0.000816798,0.00083214,0.000851769,0.000874534,0.000896907,0.000913403,0.000925645,0.000937902,0.000954137,0.000981514,0.00101413,0.00102987,0.00101434,0.0010524,0.00119107,0.00138455,0.00155949,0.00159403,0.00155727,0.00155002,0.00158141,0.00164795,0.00171532,0.00171938,0.00161478,0.00147845,0.00141254,0.00140031,0.00140607,0.00137293,0.00133298,0.00130285,0.00129061,0.00129246,0.00129447,0.00128581,0.00125485,0.00124089,0.00128579,0.00137533,0.00145692,0.00149098,0.00150396,0.00153831,0.00160239,0.00170472,0.00181487,0.0018925,0.00186574,0.00184369,0.00189441,0.0019773,0.00201804,0.00193869,0.00184862,0.00180494,0.001807,0.00182226,0.00181691,0.00178937,0.00173549,0.00168524,0.0016571,0.00164359,0.00163048,0.00159039,0.00154784,0.00151804,0.00150117,0.00149364,0.00148702,0.00147248,0.0014438,0.00141079,0.00138807,0.00137502,0.00136672,0.00135857,0.00136357,0.00139309,0.00144948,0.00153293,0.00162842,0.00171517,0.00176699,0.00181629,0.00189976,0.00200133,0.00206736,0.00204603,0.0020021,0.00197145,0.00197369,0.00200963,0.00204326,0.00201687,0.00187919,0.00172714,0.00163001,0.00160278,0.00159517,0.00155588,0.00150939,0.0014727,0.00144852,0.00143412,0.00141955,0.00139683,0.00135622,0.00131314,0.00127738,0.00125332,0.00123534,0.00120742,0.00114977,0.00102334,0.000897464,0.000828294,0.000858315,0.000906818,0.000919867,0.000914637,0.000921025,0.00093639,0.000950847,0.000948413,0.000939732,0.000932671,0.000934191,0.000942668,0.000953016,0.000955828,0.000942073,0.00092493,0.00091738,0.000918014,0.000918447,0.000911631,0.000900338,0.000889642,0.000882083,0.000878461,0.000875311,0.000867056,0.000847933,0.000827913,0.000815543,0.000808413,0.000800569,0.000783378,0.000763878,0.000747798,0.000737037,0.000730599,0.000723652,0.000708698,0.000680379,0.000650629,0.000631952,0.000627008
0.00053535,0.000540848,0.000551127,0.000570276,0.000592332,0.000603716,0.000598735,0.000589715,0.000589975,0.000600166,0.000614485,0.000627884,0.000636907,0.000640512,0.000644824,0.00065622,0.000671459,0.000683252,0.000686429,0.000684988,0.000684452,0.000687698,0.000696354,0.00070708,0.000713777,0.0007122,0.000709119,0.000714865,0.000728202,0.000735327,0.00072923,0.000717844,0.000710242,0.000710149,0.00071827,0.000728374,0.000731065,0.00072108,0.000708195,0.000705124,0.000710435,0.000710936,0.000702114,0.000693639,0.00069466,0.000704388,0.000717957,0.000730343,0.000738066,0.000740059,0.000742989,0.000753607,0.000766945,0.0007756,0.00077695,0.000775408,0.000775856,0.000780761,0.000790543,0.00080245,0.000810271,0.00081031,0.000808892,0.000814566,0.000826699,0.000833691,0.000828108,0.000817263,0.000810722,0.000810026,0.000811218,0.000811255,0.000807668,0.000799665,0.000791182,0.000786907,0.000787145,0.00078587,0.000778826,0.00076766,0.000755368,0.000748253,0.00075414,0.000773295,0.000796144,0.000814088,0.000829134,0.000847386,0.00087078,0.000892636,0.00090869,0.00092131,0.000933847,0.00095015,0.000974794,0.00100658,0.00102171,0.00100816,0.00103135,0.00117381,0.00139707,0.00156008,0.00158799,0.00155752,0.00155087,0.0015818,0.00164808,0.00171815,0.0017221,0.00161578,0.00147872,0.00141234,0.00140839,0.00140708,0.00137512,0.00133177,0.00130139,0.00129001,0.00129178,0.00129684,0.0012866,0.00125619,0.00124132,0.00128337,0.00137711,0.00145735,0.00148806,0.00150291,0.00153638,0.00159856,0.00170122,0.0018175,0.00188687,0.00187267,0.00184244,0.00188404,0.00197783,0.00202197,0.00195032,0.0018439,0.00179702,0.00180238,0.0018153,0.00180926,0.00178136,0.00173086,0.00167746,0.00164837,0.00164026,0.00162644,0.00158882,0.00154427,0.00151327,0.00149674,0.00148896,0.0014825,0.00146758,0.00143806,0.001405,0.00138273,0.00137087,0.00136227,0.00135467,0.00135863,0.00138573,0.00143983,0.00152088,0.0016162,0.00170178,0.00175896,0.00180895,0.00188822,0.00199426,0.00206753,0.00205368,0.00199879,0.00196545,0.00196616,0.00199867,0.00203253,0.0020047,0.00187608,0.00171379,0.00161134,0.00159027,0.00158653,0.001551,0.00150135,0.0014636,0.00144001,0.00142573,0.00141214,0.00138792,0.00134832,0.0013043,0.00126821,0.00124472,0.00122809,0.00120666,0.00114513,0.00101945,0.000884259,0.000814275,0.000840777,0.000891307,0.000905059,0.000900083,0.000906984,0.000924477,0.00093711,0.000935303,0.000926547,0.00092084,0.000922037,0.000930151,0.000940548,0.00094262,0.00092961,0.000912806,0.00090634,0.000907614,0.000907376,0.000900386,0.000889747,0.000879688,0.000872534,0.000868815,0.00086582,0.000857199,0.000839457,0.000819955,0.000807678,0.000801433,0.000792756,0.000776107,0.00075649,0.000740132,0.000728716,0.000722031,0.000714904,0.000699857,0.000672991,0.000643658,0.000624891,0.000621248
0.00053412,0.000539393,0.000550023,0.000569951,0.000589892,0.000601663,0.000596077,0.000587852,0.000588122,0.000598062,0.000612766,0.00062604,0.000635407,0.000639132,0.000643814,0.000655209,0.000669464,0.00068143,0.000684094,0.00068268,0.000681981,0.000685247,0.000693845,0.000704234,0.000711144,0.000708159,0.000705511,0.000713162,0.000724282,0.000731863,0.00072606,0.000714773,0.000707265,0.000707016,0.000714006,0.000723536,0.000726532,0.000715819,0.000703513,0.000700434,0.000704221,0.000705946,0.000698084,0.000691239,0.000692573,0.000701287,0.000714999,0.000727192,0.000735318,0.000737538,0.000740613,0.000750747,0.00076349,0.00077265,0.000774422,0.000772606,0.000773408,0.000778776,0.000789085,0.000800337,0.000808376,0.000807331,0.000806732,0.000813274,0.000823845,0.000830559,0.000825665,0.000814657,0.000808828,0.000807739,0.000809157,0.00080943,0.000806252,0.000797779,0.000789498,0.000785722,0.000785738,0.000784848,0.000777655,0.00076684,0.00075406,0.000747847,0.000753855,0.000772874,0.000795795,0.000813171,0.00082854,0.000847846,0.000870574,0.000893124,0.000909465,0.000921664,0.000933925,0.000950212,0.000977123,0.00100797,0.00102415,0.00101041,0.00103076,0.00118247,0.00139577,0.00155594,0.00157454,0.00155655,0.00155132,0.00158263,0.00165119,0.00172135,0.00172765,0.00162509,0.00148774,0.00142047,0.00140617,0.00140717,0.00137499,0.00133082,0.00130079,0.00128883,0.00129065,0.00129311,0.00128591,0.00125353,0.00124466,0.00128772,0.00137555,0.00145935,0.00149079,0.00150246,0.00153681,0.00159953,0.00170087,0.00181033,0.00188057,0.0018688,0.00184363,0.00188528,0.00196546,0.00201663,0.00193428,0.001835,0.00179113,0.00179159,0.00180551,0.00179882,0.00177329,0.00172263,0.00167033,0.00164332,0.00163351,0.00162013,0.00158099,0.00153964,0.00150925,0.00149208,0.00148441,0.00147758,0.00146271,0.00143349,0.00140022,0.00137779,0.00136525,0.00135729,0.00135121,0.00135373,0.00137976,0.00143162,0.00151141,0.00160461,0.00168781,0.00174182,0.00179808,0.0018864,0.0019901,0.00205958,0.00203911,0.00199094,0.00195896,0.0019582,0.00198975,0.00201099,0.00198956,0.00186223,0.00170348,0.00160421,0.0015802,0.00157602,0.00153754,0.00149247,0.00145564,0.00143137,0.00141684,0.00140144,0.0013783,0.00133886,0.00129568,0.00126,0.00123657,0.00122001,0.00119401,0.00113749,0.00100868,0.000886748,0.000820719,0.000845008,0.000888763,0.000901313,0.000897427,0.000903522,0.000919554,0.000932649,0.000930284,0.000920532,0.000914363,0.000915987,0.000924237,0.00093428,0.000936577,0.000923605,0.000906878,0.000900379,0.000900222,0.000901069,0.000893843,0.000882742,0.000873102,0.00086636,0.000863178,0.000859619,0.000851347,0.000833278,0.000815466,0.000803729,0.00079621,0.000788082,0.000771203,0.000751663,0.00073575,0.000724392,0.000717719,0.000710141,0.000696286,0.000668311,0.000639865,0.000621675,0.000617603
0.000534004,0.00053984,0.000550725,0.000571557,0.000593295,0.000603058,0.000598758,0.000587273,0.000586454,0.000597291,0.000611701,0.000625546,0.000634894,0.000637858,0.000642312,0.000652988,0.000668975,0.000680219,0.000683002,0.000681127,0.000680464,0.000683753,0.000692302,0.000704068,0.000710269,0.000706872,0.000703861,0.000710665,0.000723453,0.000730851,0.000723311,0.00071278,0.000705419,0.000705361,0.000711629,0.000721631,0.000724387,0.00071431,0.000700462,0.000697905,0.000702641,0.000703354,0.000697118,0.000688371,0.000689188,0.000699539,0.000712847,0.000725688,0.000734092,0.00073584,0.000739066,0.000748863,0.000762591,0.000772055,0.000773325,0.000771435,0.000771879,0.00077675,0.000787393,0.000800297,0.000807041,0.000806097,0.000804406,0.000811641,0.000824028,0.000829816,0.000823456,0.00081363,0.000807536,0.000806845,0.000808143,0.000808707,0.000806233,0.000798095,0.000789011,0.000785353,0.000786513,0.000785197,0.000778173,0.000767012,0.000754562,0.000747524,0.000754291,0.000774356,0.000797244,0.00081457,0.000829634,0.000849,0.000872985,0.000895741,0.000911809,0.000924563,0.000936403,0.00095282,0.000981084,0.00101305,0.001032,0.0010181,0.00104445,0.00118564,0.00140803,0.00155145,0.00157548,0.00155356,0.00154967,0.00158068,0.00164946,0.00172395,0.00172867,0.00161524,0.00149035,0.00141455,0.00140471,0.00140979,0.00137546,0.00133029,0.00129945,0.00128774,0.00128875,0.00129245,0.00128323,0.00125777,0.00124,0.00128174,0.00137469,0.00145909,0.0014856,0.00150143,0.00153337,0.00159823,0.00169632,0.00180325,0.00188185,0.00187237,0.00183866,0.0018712,0.00196906,0.00200317,0.00193065,0.00182509,0.00178395,0.00178587,0.0017957,0.00179095,0.00176566,0.00171532,0.00166384,0.00163661,0.00163151,0.00161476,0.00157699,0.0015349,0.00150485,0.00148799,0.00147948,0.00147255,0.00145781,0.00142838,0.0013956,0.00137217,0.00136018,0.00135225,0.00134558,0.0013485,0.00137257,0.00142577,0.00150351,0.00159593,0.00167571,0.00172898,0.00178582,0.00187869,0.00198504,0.00204943,0.00203633,0.00198155,0.00194933,0.00194932,0.00197867,0.00200858,0.00197754,0.00185005,0.00169108,0.00159489,0.00157668,0.0015658,0.00152886,0.00148347,0.00144763,0.00142359,0.00140785,0.0013936,0.00136998,0.00133111,0.00128684,0.00125164,0.00122825,0.0012112,0.00118762,0.00112656,0.00100977,0.000877547,0.000821646,0.000841926,0.000889177,0.000897775,0.000894845,0.000900261,0.000919966,0.00093228,0.000928943,0.000917887,0.000911383,0.000912617,0.000920919,0.000931554,0.000933392,0.000918549,0.00090288,0.000894838,0.000895948,0.000897494,0.000889717,0.000878336,0.000868232,0.00086119,0.000858294,0.000856264,0.000847069,0.000829645,0.000810448,0.000798834,0.000793557,0.000784941,0.000768837,0.000748308,0.000732549,0.000722061,0.000715279,0.00070852,0.000696007,0.000668211,0.000637655,0.000619545,0.000615156
0.000533746,0.000540413,0.000551568,0.000572068,0.000593821,0.000605927,0.00059719,0.000587076,0.000586139,0.000596356,0.000610627,0.000624195,0.000633609,0.000637405,0.000640669,0.000651095,0.00066735,0.000678694,0.000681527,0.000679425,0.000678705,0.000682067,0.000690821,0.000702132,0.000708745,0.000705633,0.000702004,0.00070957,0.000721798,0.000727562,0.000722436,0.000710588,0.000703466,0.000703437,0.00070949,0.000719677,0.00072222,0.000712728,0.000698651,0.000694897,0.000698823,0.00070136,0.000692752,0.000685635,0.000686533,0.000696643,0.000710368,0.000723302,0.000732152,0.000735338,0.000737721,0.000746809,0.000760232,0.000771364,0.000772126,0.000770033,0.000770424,0.000775086,0.000785293,0.000797294,0.000806076,0.000805447,0.000803039,0.000810501,0.000822574,0.000828585,0.000821962,0.000812212,0.000806041,0.000805361,0.000806878,0.000807791,0.000805594,0.000797341,0.000788728,0.000785316,0.000786619,0.000785687,0.000778,0.000766891,0.000754257,0.00074768,0.000754924,0.000774862,0.000798396,0.000814436,0.000830653,0.000850845,0.000874877,0.000897171,0.000914141,0.000926938,0.000939079,0.000955796,0.000985383,0.00101996,0.00103473,0.00102129,0.00105452,0.00119234,0.00140543,0.0015505,0.00157564,0.00155258,0.00155045,0.00157876,0.00164434,0.00171393,0.00172105,0.00162287,0.00148421,0.00141302,0.00140916,0.00140756,0.00137289,0.00132914,0.00129795,0.00128615,0.00128743,0.00129184,0.00128192,0.00124485,0.0012344,0.00128557,0.00137817,0.00145214,0.00148822,0.00149935,0.00152991,0.00159258,0.00169228,0.00180647,0.00187599,0.00186425,0.00183573,0.00187053,0.00196819,0.00199743,0.00192892,0.00182214,0.00177405,0.00177489,0.00178804,0.00178225,0.00175527,0.00170545,0.00165704,0.00163123,0.00162557,0.00161001,0.00157325,0.00153094,0.00150086,0.00148349,0.00147483,0.00146727,0.00145259,0.00142294,0.00139091,0.00136735,0.00135486,0.00134675,0.00133963,0.00134245,0.00136692,0.00141961,0.00149549,0.00158453,0.00166359,0.00171981,0.00177651,0.00187696,0.00198492,0.00204056,0.00201929,0.00197489,0.0019414,0.00193885,0.00196712,0.00198959,0.00197005,0.00183713,0.00168141,0.00158582,0.00156509,0.00155595,0.00152004,0.00147459,0.00143899,0.00141506,0.00139943,0.0013836,0.00136189,0.00132217,0.00127856,0.00124338,0.00121963,0.00120249,0.00118034,0.00111989,0.00100871,0.000876285,0.000822012,0.000850398,0.000884494,0.000897188,0.000891719,0.000897245,0.000918045,0.000930717,0.000927036,0.000915015,0.000907983,0.000908846,0.000917131,0.000926471,0.000928185,0.000915814,0.000897937,0.000890342,0.000892004,0.000892525,0.00088482,0.000873502,0.000863368,0.00085617,0.000852991,0.000850205,0.00084307,0.000825492,0.000805707,0.000794453,0.00078995,0.000781639,0.000763921,0.000745039,0.000729091,0.000718775,0.000712994,0.000707476,0.000693706,0.000665476,0.000635806,0.000617372,0.000612299
0.000532523,0.000539571,0.000550995,0.000571078,0.000593508,0.00060419,0.000597519,0.000584852,0.000585059,0.000594705,0.000608722,0.000622464,0.000632167,0.000635154,0.000638973,0.000649607,0.00066468,0.000676786,0.000678745,0.000677166,0.000676379,0.000679652,0.000688284,0.00069967,0.000706302,0.000702971,0.000700103,0.000706319,0.000718233,0.000725116,0.000717734,0.000707909,0.000700932,0.000700074,0.000706607,0.00071571,0.000718852,0.00070744,0.000695516,0.000690931,0.000694683,0.000696485,0.000690242,0.000681649,0.000682969,0.00069285,0.000706905,0.000720229,0.00072972,0.000732701,0.000735471,0.000744203,0.000758603,0.000768924,0.000770531,0.000767633,0.00076828,0.000773288,0.000782704,0.000795055,0.000803876,0.000803539,0.000801749,0.000807667,0.000820178,0.000826174,0.000820938,0.000810009,0.000804099,0.000803074,0.000805027,0.000806339,0.000804266,0.000796378,0.000787348,0.000784073,0.000785749,0.000785003,0.000777963,0.000766251,0.000753725,0.000746652,0.000754536,0.000775645,0.000798177,0.000815558,0.000830922,0.000850993,0.000875089,0.000898607,0.000914864,0.000928198,0.00094017,0.000958002,0.000987692,0.0010198,0.0010381,0.00103389,0.00106133,0.00119378,0.00139894,0.0015513,0.0015681,0.00154976,0.00154658,0.00157868,0.00163981,0.00170807,0.00172062,0.001616,0.00148852,0.00141586,0.00140548,0.00140655,0.00137462,0.00132762,0.00129612,0.00128417,0.00128639,0.00129004,0.00127947,0.00124601,0.0012293,0.00128545,0.0013739,0.00145235,0.00148132,0.00149751,0.00152593,0.00158971,0.00169043,0.00180074,0.00187214,0.00185714,0.00182629,0.00187486,0.00195112,0.00199024,0.0019097,0.00181433,0.00176595,0.00176472,0.00177736,0.00177233,0.00174598,0.00169847,0.00164886,0.00162535,0.00161893,0.00160468,0.0015667,0.00152679,0.0014962,0.00147808,0.00146946,0.00146271,0.0014471,0.00141865,0.00138541,0.0013623,0.00134991,0.00134091,0.00133378,0.0013357,0.00136299,0.00141315,0.00148561,0.00157208,0.00165031,0.00170447,0.00176992,0.00186749,0.0019668,0.00203111,0.00201899,0.00196319,0.00193013,0.00192787,0.00195329,0.00198438,0.0019534,0.00182718,0.00166443,0.00157813,0.00155416,0.00154606,0.0015095,0.00146575,0.00142965,0.00140562,0.00139059,0.00137641,0.00135204,0.00131297,0.00126945,0.00123485,0.00121128,0.00119373,0.00116751,0.00111311,0.000995391,0.000884623,0.000825799,0.000837118,0.000883147,0.000890738,0.000887735,0.000894665,0.000913675,0.000927953,0.000922202,0.000910656,0.000902801,0.000903669,0.000911964,0.000921446,0.000922694,0.000909279,0.000893045,0.000884619,0.00088501,0.000886915,0.000879814,0.000867348,0.000857358,0.000850573,0.000846974,0.000844686,0.000837573,0.000819687,0.000800851,0.000789829,0.000785023,0.000776781,0.000760039,0.000740513,0.00072491,0.000714492,0.000709372,0.000704051,0.000690855,0.000662696,0.000631898,0.0006147,0.000609435
0.000530947,0.000538408,0.000549605,0.000568682,0.000591537,0.000601999,0.000593704,0.000582422,0.00058321,0.000592945,0.000606659,0.000620261,0.000630431,0.000634089,0.000636669,0.000646876,0.0006626,0.000674207,0.000676441,0.000674306,0.000673695,0.00067733,0.000685731,0.000696637,0.000704107,0.000701535,0.000697159,0.000702821,0.000715815,0.000721643,0.000715487,0.000704173,0.000696862,0.000696298,0.000702834,0.000712086,0.000713766,0.000703783,0.000690219,0.000685142,0.000689716,0.000691575,0.000683867,0.000676878,0.000679171,0.000689629,0.000703256,0.000716654,0.00072679,0.000730643,0.000732521,0.000740809,0.000755621,0.000766223,0.000767447,0.000765016,0.000765671,0.000770878,0.000779991,0.000791929,0.000801104,0.000801786,0.00079918,0.000804223,0.000816956,0.000823639,0.000817935,0.000807635,0.000801679,0.000801019,0.000803094,0.000805245,0.000803059,0.000794513,0.000785956,0.000782787,0.000784638,0.000784071,0.00077706,0.000765557,0.000753004,0.000746353,0.000754597,0.000775275,0.000798734,0.000815206,0.000830614,0.00085146,0.000876491,0.000899104,0.000916264,0.000929235,0.000941649,0.00095933,0.000989117,0.00102622,0.00104542,0.00103968,0.00107256,0.00119792,0.00139592,0.00154784,0.00158272,0.00154817,0.00153944,0.00157231,0.00163469,0.00170197,0.00172045,0.00162951,0.00148926,0.00141628,0.0014116,0.00140856,0.00137213,0.00132736,0.0012947,0.00128236,0.00128409,0.0012903,0.00127713,0.00124009,0.00122688,0.00128421,0.00137823,0.00145423,0.0014844,0.00149595,0.0015234,0.00158649,0.00168663,0.00180596,0.00186728,0.00184167,0.00181225,0.00186062,0.00194271,0.00196603,0.00190194,0.00179875,0.00174789,0.00175316,0.00176626,0.00176437,0.00173869,0.00168932,0.00164281,0.00161789,0.00161143,0.00159887,0.0015638,0.00152047,0.00149032,0.00147351,0.00146441,0.00145706,0.00144167,0.00141272,0.00137991,0.00135676,0.00134452,0.0013352,0.00132585,0.00132959,0.00135739,0.00140596,0.00147568,0.00155857,0.00163546,0.00169515,0.00175499,0.00185261,0.00196249,0.00201885,0.00199798,0.00194946,0.00191622,0.00191499,0.00193933,0.00196854,0.0019387,0.00181096,0.00165613,0.00156785,0.00154503,0.00153788,0.00150281,0.00145665,0.00142026,0.00139638,0.0013808,0.00136646,0.00134306,0.0013037,0.00126033,0.00122579,0.00120232,0.0011843,0.00115918,0.00109862,0.000992306,0.000872993,0.00081568,0.000840469,0.000880192,0.000890614,0.000882919,0.000890213,0.000911107,0.000924536,0.000918821,0.000905392,0.000897764,0.000899119,0.000906703,0.000915672,0.000918111,0.000905102,0.000886482,0.000878516,0.000881021,0.000881084,0.000872692,0.000861047,0.000850932,0.000844142,0.000840469,0.000838033,0.000831334,0.000814677,0.000794871,0.00078412,0.000780366,0.00077158,0.000754572,0.000735618,0.000720284,0.00071027,0.000705474,0.00070227,0.000688111,0.000658931,0.000629,0.000611438,0.000606059
0.000529404,0.000536423,0.00054791,0.000568554,0.00058934,0.000600986,0.000593125,0.000581295,0.000581178,0.000590617,0.000604938,0.000618476,0.000628346,0.000630904,0.000634399,0.000644938,0.000659057,0.000671094,0.000673298,0.000671573,0.000671207,0.000675094,0.000683605,0.000693792,0.000701286,0.00069786,0.000694481,0.000699939,0.000710628,0.000717931,0.000711668,0.000700857,0.000693634,0.000693185,0.000699541,0.000706873,0.0007091,0.00069786,0.000685801,0.000681662,0.000685018,0.000686525,0.000678709,0.000672415,0.00067588,0.000685682,0.000699673,0.000713208,0.000723636,0.000726579,0.000729388,0.00073882,0.00075288,0.000763694,0.000764834,0.00076258,0.000763387,0.000768194,0.000777883,0.000789591,0.00079824,0.000797556,0.000796511,0.000802694,0.00081373,0.000821271,0.000815464,0.000805422,0.000799748,0.000798703,0.00080125,0.000803188,0.000801433,0.000792945,0.000784906,0.000782336,0.000783267,0.000783374,0.000775942,0.000764734,0.000752405,0.000747222,0.000754831,0.000775218,0.000798848,0.000815229,0.000831021,0.000852099,0.000876111,0.000899887,0.000916727,0.00093031,0.000942675,0.000961508,0.000991333,0.00102689,0.00105011,0.00104732,0.00108492,0.00121641,0.00139355,0.00154588,0.00157335,0.00154537,0.00153457,0.0015655,0.0016317,0.00169741,0.00171593,0.00160957,0.00149016,0.00142085,0.00140553,0.00140799,0.00137319,0.00132679,0.00129393,0.00128013,0.00128171,0.00128401,0.00127449,0.00124129,0.00123041,0.00128377,0.00137339,0.00145297,0.00148335,0.00149331,0.00152255,0.00158551,0.00168183,0.00178644,0.00186003,0.00183654,0.00180868,0.00184904,0.0019119,0.00194756,0.00188098,0.00178737,0.00174277,0.00173949,0.00175473,0.00175233,0.00172949,0.00168225,0.00163679,0.00161432,0.00160382,0.00159224,0.00155742,0.00151505,0.00148561,0.00146817,0.00145966,0.00145138,0.00143615,0.00140656,0.00137491,0.00135182,0.00133839,0.00132929,0.0013222,0.00132484,0.00135092,0.00139875,0.00146711,0.00154594,0.0016213,0.00167839,0.00174266,0.00184286,0.00194457,0.00200282,0.00198314,0.00193578,0.00190384,0.00190129,0.00192803,0.00195223,0.00192881,0.00179868,0.00165316,0.00156317,0.00153342,0.00152756,0.0014928,0.00144718,0.00141183,0.00138747,0.00137147,0.00135556,0.00133365,0.00129423,0.00125165,0.00121705,0.00119292,0.00117487,0.00114561,0.00108782,0.000976607,0.000871164,0.000815054,0.000835411,0.000876906,0.000882162,0.000878853,0.000887852,0.000906611,0.00092082,0.000914542,0.000900596,0.000893562,0.000894217,0.000901953,0.000910545,0.000912426,0.000897516,0.000880096,0.000873673,0.000874815,0.000874837,0.000866367,0.000854845,0.00084458,0.000837804,0.000834535,0.000831856,0.000825086,0.000807178,0.000789198,0.000779049,0.000774024,0.00076652,0.0007496,0.000730962,0.000715945,0.000706176,0.000701543,0.000697149,0.000685171,0.000656137,0.00062693,0.000608511,0.000602364
0.000527538,0.000534046,0.000545378,0.000565313,0.000587218,0.000597951,0.000589955,0.000579117,0.000577829,0.000588288,0.000602934,0.000617129,0.000626337,0.00062952,0.000632295,0.000642594,0.000658013,0.000668804,0.000671227,0.000668902,0.000668552,0.000672087,0.000680503,0.00069148,0.000698332,0.000696542,0.000691836,0.000696684,0.000708573,0.000715124,0.000709157,0.00069783,0.000690594,0.000689867,0.000695757,0.000703823,0.00070546,0.000695229,0.000681276,0.000677208,0.00068144,0.000681212,0.000673494,0.000667922,0.000671504,0.000681656,0.000695952,0.000710801,0.000720581,0.00072361,0.000726018,0.000736108,0.000751056,0.000760658,0.00076133,0.000759754,0.000760274,0.00076508,0.000775398,0.000788034,0.000795519,0.000795109,0.000793326,0.000799043,0.00081077,0.000818115,0.000812718,0.000802754,0.000796933,0.000796198,0.000798903,0.000801714,0.000799531,0.000791264,0.000782662,0.00078011,0.000781966,0.000782164,0.00077504,0.000763569,0.000751628,0.000745688,0.000752756,0.00077426,0.000798099,0.000815251,0.000830615,0.000851469,0.000876757,0.000900713,0.000917958,0.000931288,0.000944906,0.000963405,0.000992843,0.00102988,0.0010518,0.00105016,0.00108147,0.00121134,0.00139764,0.00153672,0.00155903,0.00153718,0.00152754,0.00155858,0.00162581,0.00170493,0.00170916,0.00160844,0.00148683,0.00142012,0.0014112,0.00140728,0.00137344,0.00132429,0.0012915,0.00127878,0.0012794,0.00128256,0.00127169,0.00124028,0.00122783,0.00127399,0.00137163,0.00145123,0.0014788,0.00148949,0.0015219,0.00158271,0.00167462,0.00177951,0.00185125,0.0018413,0.00180263,0.00183141,0.00190894,0.00193752,0.00186931,0.00177428,0.00172474,0.00172714,0.00174236,0.00174112,0.00171851,0.00167358,0.00162703,0.00160582,0.0016002,0.0015864,0.00155177,0.00151032,0.00147994,0.00146269,0.0014537,0.00144574,0.00142988,0.00140094,0.00136862,0.00134542,0.00133246,0.0013229,0.00131493,0.00131841,0.00134231,0.00139029,0.00145696,0.00153482,0.00160742,0.00166499,0.00172975,0.00182783,0.00193668,0.00198939,0.00197077,0.00192065,0.00188874,0.00188464,0.00190893,0.00193381,0.00190786,0.00178198,0.00163461,0.00154253,0.00152339,0.00151652,0.00148433,0.00143785,0.00140243,0.0013787,0.00136156,0.00134571,0.00132332,0.00128597,0.001242,0.00120765,0.00118462,0.00116477,0.00113785,0.00108165,0.000976953,0.000865946,0.000816267,0.00083977,0.000874028,0.000878512,0.000873785,0.000883139,0.000904642,0.000917,0.000909833,0.000895592,0.000888041,0.000888711,0.000895998,0.000905189,0.000905784,0.000891247,0.000873432,0.000867637,0.000869712,0.000868661,0.000860384,0.000848449,0.00083809,0.000831371,0.000828375,0.000826922,0.00081926,0.000802427,0.000783742,0.000773531,0.000769631,0.000761417,0.000744482,0.000725931,0.000711264,0.000701769,0.000696857,0.00069265,0.000680718,0.000653356,0.000622694,0.000603082,0.000598297
0.000525114,0.000531693,0.000542329,0.000562596,0.000582449,0.00059233,0.000587453,0.000575936,0.000575566,0.000585771,0.000600617,0.00061441,0.000624189,0.000626582,0.00063076,0.000640561,0.000654385,0.000666502,0.000667427,0.000665965,0.000665588,0.000669062,0.000677587,0.000689076,0.000695599,0.000691849,0.000689481,0.000694173,0.000703713,0.000711534,0.000704529,0.000694381,0.000687224,0.0006862,0.000691775,0.000698105,0.000701052,0.000689392,0.000677063,0.000672327,0.000675235,0.000675887,0.0006693,0.000663325,0.000667122,0.000677425,0.000692164,0.000706643,0.000717227,0.000719223,0.000723132,0.000733495,0.000747109,0.000756918,0.000758789,0.000756637,0.000757385,0.00076227,0.000772594,0.00078441,0.000792517,0.000790588,0.000790074,0.000796832,0.000807595,0.000813466,0.000807778,0.000799566,0.000794031,0.000793335,0.000796083,0.000798253,0.000797436,0.000789703,0.000780514,0.000778402,0.000780037,0.000780044,0.000772838,0.000762181,0.000750895,0.000745173,0.000751892,0.0007745,0.000797386,0.000815041,0.000830142,0.000851582,0.000876772,0.000900569,0.000917821,0.000932065,0.000945637,0.000965748,0.000995599,0.00103298,0.00105443,0.00105855,0.00108246,0.00121533,0.00138719,0.00151569,0.0015507,0.00152614,0.00151904,0.00155113,0.00161656,0.00168471,0.00170078,0.00160837,0.00148699,0.00142194,0.00141232,0.0014066,0.00136556,0.00132114,0.00129122,0.0012785,0.00127795,0.0012784,0.00126935,0.00124413,0.00122809,0.00127541,0.00137243,0.001451,0.00148082,0.00148748,0.00151741,0.00157758,0.00166964,0.00177445,0.00184053,0.0018195,0.00179201,0.00182089,0.00188469,0.00191526,0.00184006,0.00175575,0.00171498,0.00171519,0.00172878,0.00172827,0.00170826,0.00166706,0.0016212,0.00159963,0.00159103,0.00158031,0.0015441,0.00150449,0.00147459,0.00145683,0.00144757,0.00143793,0.00142247,0.00139294,0.00136255,0.00133907,0.00132528,0.00131585,0.0013088,0.00131062,0.00133477,0.00138171,0.00144669,0.00152012,0.00159211,0.00164803,0.00171642,0.0018145,0.00191789,0.00197491,0.00194844,0.00190446,0.00187362,0.00186693,0.00189022,0.00191134,0.00187779,0.00176447,0.00161864,0.00152935,0.00151361,0.00150509,0.00146943,0.00142833,0.00139325,0.0013687,0.00135191,0.00133612,0.00131308,0.00127441,0.00123231,0.00119828,0.0011743,0.00115472,0.00112387,0.00107054,0.000965302,0.000864103,0.000815685,0.000832231,0.000869981,0.000875543,0.000870131,0.000879918,0.000900702,0.000912564,0.00090596,0.000890066,0.000882435,0.000883011,0.000890511,0.000899645,0.000899359,0.000886455,0.00086802,0.000861423,0.000862514,0.000862275,0.000853376,0.000841979,0.000831504,0.000824791,0.000821949,0.000819854,0.000813249,0.000795502,0.000778766,0.00076857,0.000762728,0.000755707,0.000740118,0.000720529,0.000705889,0.000696574,0.000691719,0.000687272,0.000675004,0.000649524,0.000618642,0.000599396,0.000594974
0.0005225,0.00052865,0.000539537,0.000558011,0.000578665,0.000589183,0.000582107,0.000573336,0.000573165,0.000583362,0.000597866,0.000611823,0.000621218,0.000625031,0.000627532,0.000637118,0.000651738,0.000662508,0.000665273,0.000662627,0.000662093,0.000665855,0.000674582,0.000685566,0.000691781,0.000689158,0.000685307,0.000690109,0.00070086,0.00070654,0.000701787,0.000690428,0.000683418,0.000682521,0.000687372,0.000694676,0.000695358,0.000685909,0.000672312,0.000666545,0.000669659,0.000670315,0.00066331,0.000658555,0.000662173,0.000672955,0.000687666,0.000702759,0.000713052,0.000716865,0.000719112,0.000729764,0.000744234,0.000753622,0.000754636,0.000753528,0.000754224,0.000759465,0.000768994,0.000781256,0.000788612,0.000788285,0.000786211,0.000793126,0.000804176,0.000809454,0.000805214,0.000796441,0.00079123,0.000790608,0.000793102,0.000795887,0.000794706,0.000787115,0.000778856,0.000776041,0.000778442,0.000778163,0.000771341,0.0007607,0.000748676,0.000743849,0.000751908,0.000771546,0.000796498,0.000813872,0.000829937,0.000850881,0.000876833,0.000900383,0.000918018,0.000932551,0.000947435,0.00096696,0.000997142,0.00103092,0.00105684,0.00105803,0.00109264,0.00120951,0.00137986,0.00150945,0.00153068,0.00151634,0.00151237,0.00154255,0.00160318,0.00167081,0.0016893,0.00160358,0.00148685,0.00142008,0.00141182,0.00140319,0.00136438,0.0013186,0.00129001,0.00127604,0.00127422,0.00127699,0.00126608,0.00123278,0.00122742,0.00127511,0.00136537,0.0014503,0.0014739,0.00148521,0.00151155,0.0015716,0.001665,0.00176854,0.00182846,0.00180937,0.00177679,0.0018118,0.00187448,0.00189104,0.00183279,0.0017415,0.00170172,0.00170386,0.0017152,0.00171472,0.00169791,0.00165537,0.00161417,0.00159046,0.00158646,0.00157238,0.00153913,0.00149824,0.00146962,0.00145162,0.00144153,0.00143238,0.00141547,0.00138829,0.00135654,0.00133241,0.00131911,0.00130896,0.00130046,0.00130418,0.00132828,0.00137401,0.00143649,0.0015081,0.00157644,0.00163571,0.00170112,0.00179725,0.00190064,0.00195306,0.00193607,0.00188467,0.00185372,0.00184993,0.0018687,0.00188118,0.00186009,0.00174174,0.00160567,0.00152143,0.00150181,0.00149268,0.00146112,0.0014176,0.00138344,0.00135923,0.00134223,0.00132553,0.00130262,0.00126453,0.00122178,0.00118896,0.00116503,0.0011446,0.00111733,0.00105894,0.000963028,0.000860722,0.000811862,0.000835828,0.000865733,0.000868037,0.000865847,0.000874949,0.000895313,0.000907745,0.000899319,0.000884895,0.00087632,0.000877009,0.000884466,0.000891296,0.000891915,0.000877614,0.000862231,0.000853944,0.000855689,0.000855199,0.000847746,0.000835035,0.00082465,0.000817897,0.000814761,0.000813212,0.000806012,0.000790342,0.000771656,0.000762217,0.000757877,0.000749486,0.000733012,0.000714949,0.000700166,0.000690695,0.00068586,0.000680473,0.000669246,0.000641252,0.000613989,0.000596147,0.000590852
0.000519928,0.000525931,0.000536384,0.000554483,0.000575783,0.000586181,0.000579772,0.000570641,0.000570705,0.00058086,0.000595172,0.000608941,0.000618342,0.000621838,0.00062442,0.000633892,0.000648587,0.000659274,0.000660869,0.000659241,0.000658814,0.00066252,0.00067089,0.000681967,0.000687764,0.000684887,0.000681312,0.000686158,0.000697141,0.000702689,0.000696302,0.000686602,0.000679855,0.000679046,0.000682944,0.000689144,0.000691222,0.000680232,0.000667736,0.000661796,0.000663968,0.000664395,0.000659756,0.000653846,0.000656685,0.000667793,0.000683084,0.000698424,0.000709065,0.000713109,0.000715876,0.000725451,0.000739559,0.000750344,0.000752549,0.000750262,0.000751064,0.000756469,0.000765808,0.000777709,0.000785054,0.000784674,0.000782865,0.000789501,0.000801195,0.00080641,0.000801196,0.000793729,0.000788633,0.00078813,0.000790283,0.000792707,0.000792366,0.000785067,0.000776648,0.00077394,0.000776827,0.00077644,0.000769739,0.000759292,0.000748359,0.000741884,0.000749395,0.000771587,0.000794927,0.000812908,0.00082897,0.000850193,0.000876635,0.000900092,0.000917893,0.000932775,0.000947014,0.000966697,0.000997326,0.00103337,0.00105616,0.00105997,0.00109287,0.0012061,0.00137744,0.00150167,0.00152367,0.00150612,0.00150354,0.001533,0.0015917,0.00165682,0.00167614,0.00159837,0.00148034,0.00141644,0.00141076,0.00140069,0.00136167,0.0013168,0.00128777,0.0012733,0.00127074,0.00127201,0.00126096,0.00123398,0.00121655,0.00126792,0.00136526,0.00144093,0.00147425,0.00148047,0.0015063,0.00156635,0.00165842,0.0017633,0.00181799,0.00179868,0.00176949,0.00179518,0.00185807,0.00188276,0.00180987,0.00173267,0.00169285,0.00169271,0.00170263,0.00170335,0.00168583,0.0016491,0.00160531,0.00158164,0.00157899,0.00156581,0.00153287,0.00149337,0.00146441,0.00144631,0.00143553,0.00142579,0.0014106,0.00138171,0.00135102,0.00132696,0.00131309,0.00130246,0.00129411,0.00129772,0.00132181,0.00136638,0.00142689,0.00149618,0.00156235,0.00162179,0.00168714,0.00178123,0.00188251,0.00193282,0.00191557,0.00186566,0.00183426,0.00183025,0.00184859,0.001869,0.00183858,0.00172763,0.00159054,0.0015088,0.00149182,0.00148235,0.00144821,0.00140861,0.00137399,0.00134924,0.00133241,0.00131711,0.00129154,0.00125384,0.00121256,0.00117966,0.00115507,0.00113442,0.00110615,0.00105493,0.000955865,0.0008598,0.000816395,0.000827695,0.000862369,0.000869444,0.00086086,0.00086797,0.000889719,0.000902305,0.000894226,0.000879411,0.00087043,0.000870599,0.000877352,0.000884204,0.000882501,0.000870853,0.00085441,0.000846399,0.000848745,0.000848605,0.000839604,0.000827881,0.000817875,0.000811349,0.000808078,0.000806207,0.000799073,0.000783504,0.000765607,0.000755214,0.000750473,0.000743334,0.000728279,0.000709369,0.000694276,0.000684344,0.000679302,0.00067476,0.000661332,0.000637253,0.000608478,0.000590971,0.000586588
0.000517207,0.000522845,0.000533043,0.00055133,0.000570793,0.000581851,0.000576924,0.000567296,0.000568807,0.00057809,0.000592432,0.000605523,0.000615614,0.000618397,0.000621892,0.000631557,0.000645023,0.00065553,0.00065713,0.000655727,0.000655792,0.000659443,0.000667515,0.000677406,0.000683832,0.000680669,0.000678144,0.000683144,0.000692657,0.000698004,0.000691891,0.000682582,0.000676609,0.000675184,0.000678885,0.000684245,0.000685499,0.000675301,0.000663198,0.00065738,0.000657611,0.000658689,0.000652775,0.000648871,0.000652611,0.000663327,0.000678817,0.000693681,0.00070504,0.000709185,0.00071288,0.000721897,0.000735576,0.000746904,0.000748227,0.00074699,0.000748101,0.000753195,0.000762988,0.000773889,0.000781494,0.000780804,0.000780318,0.000785885,0.000795777,0.000802306,0.000798804,0.000790465,0.000785902,0.00078512,0.000787419,0.000790235,0.000789624,0.000782484,0.000774556,0.00077199,0.000773682,0.000774606,0.000767847,0.000757738,0.000745909,0.000741483,0.000748831,0.000768737,0.000793551,0.000811736,0.000828082,0.000849858,0.000875298,0.000899637,0.000917593,0.000932891,0.000947489,0.000968006,0.000997996,0.00103092,0.00105647,0.00106144,0.00109306,0.00121024,0.00136434,0.00148521,0.00150916,0.00149506,0.00149293,0.00152203,0.00158177,0.00164123,0.00166175,0.00157968,0.00147691,0.00141944,0.00140544,0.00139918,0.00135967,0.00131561,0.00128493,0.00127066,0.00126844,0.00126742,0.00125749,0.00122385,0.00121408,0.0012658,0.00135486,0.00143928,0.00146301,0.00147652,0.00150368,0.00156312,0.00165295,0.00174791,0.00180573,0.00178529,0.00176351,0.001784,0.00183466,0.001862,0.00180425,0.00171967,0.00168206,0.00167863,0.00168973,0.00168984,0.00167689,0.00163608,0.00159838,0.00157785,0.00157015,0.00156037,0.00152548,0.00148785,0.00145956,0.00144088,0.00142964,0.00141954,0.00140383,0.00137579,0.00134479,0.00132171,0.00130643,0.00129542,0.0012877,0.00129065,0.00131524,0.00135878,0.00141721,0.00148244,0.00154738,0.00160575,0.0016738,0.00176739,0.00185836,0.00191271,0.00189141,0.00184688,0.0018163,0.00180898,0.00182887,0.00184016,0.00181719,0.00170591,0.00157731,0.00150118,0.00147646,0.0014706,0.0014405,0.0013985,0.00136504,0.00134008,0.00132264,0.00130497,0.00128113,0.00124294,0.00120332,0.00117035,0.00114553,0.0011241,0.00109606,0.00104481,0.000951081,0.000861924,0.00081575,0.000830589,0.000858579,0.000861787,0.000857287,0.00086309,0.000882458,0.000896724,0.000890621,0.000873195,0.000864638,0.000864502,0.000870495,0.000875131,0.000874578,0.000861027,0.000847329,0.00084089,0.000841732,0.00084125,0.000832258,0.000820817,0.000811261,0.000804523,0.000801297,0.0007986,0.000792287,0.000776353,0.000760094,0.000749269,0.000743854,0.000737199,0.000721589,0.000703668,0.000688494,0.000678353,0.000672611,0.000666025,0.00065438,0.00062978,0.000604242,0.000586469,0.000581872
0.000513609,0.000518817,0.000528483,0.000545988,0.000565971,0.000576352,0.000571584,0.000563975,0.000565712,0.000575418,0.000588928,0.000602068,0.000611694,0.00061542,0.000618224,0.000627659,0.000641797,0.000650751,0.000652419,0.000651626,0.000652161,0.000655823,0.000663455,0.000673267,0.000679635,0.00067771,0.00067389,0.000678349,0.000688589,0.000692013,0.000686123,0.000677706,0.000671972,0.000670483,0.000673686,0.00067915,0.00067946,0.000669597,0.000656793,0.000650913,0.000651852,0.000651585,0.000646515,0.000642871,0.000647033,0.000658374,0.000673535,0.000688729,0.00069997,0.000705004,0.000708424,0.000716742,0.000730825,0.0007426,0.000744859,0.000742972,0.000744037,0.000749221,0.00075878,0.000769818,0.000776523,0.000776547,0.000775852,0.000780931,0.000791208,0.00079765,0.000793931,0.000786346,0.000782109,0.000781495,0.000783754,0.000786674,0.000786094,0.000779529,0.000771803,0.000769151,0.000771133,0.000772093,0.000766195,0.000755602,0.000744468,0.000738696,0.000746484,0.000767899,0.000792088,0.000810493,0.00082721,0.000849002,0.000874995,0.000899136,0.000917839,0.000933285,0.000948814,0.000969192,0.000999138,0.00103444,0.0010582,0.00106468,0.00109616,0.00120355,0.00136101,0.00146949,0.00149235,0.00147927,0.00147828,0.00150603,0.00156523,0.00163457,0.00164602,0.00156966,0.00147138,0.00141704,0.00140696,0.00139652,0.00135907,0.0013126,0.0012803,0.00126681,0.00126494,0.00126561,0.00125362,0.00122348,0.00121168,0.00126184,0.00135877,0.00143775,0.00146373,0.0014712,0.00149897,0.00155577,0.00163953,0.00173162,0.00178624,0.00177498,0.00174488,0.0017588,0.00181358,0.00183733,0.00178233,0.00170203,0.00166245,0.00166431,0.00167557,0.00167793,0.00166333,0.00162722,0.0015872,0.0015666,0.00156223,0.00155054,0.00151872,0.00148072,0.00145215,0.00143425,0.00142257,0.00141199,0.00139527,0.00136745,0.00133684,0.0013142,0.00129884,0.0012873,0.00127993,0.00128355,0.00130652,0.00134961,0.00140509,0.00146736,0.00152923,0.00158695,0.00165272,0.00174126,0.00183443,0.00188336,0.00186563,0.00182032,0.00178937,0.00178324,0.00180107,0.00181912,0.00178646,0.00168071,0.00155981,0.00148777,0.00146836,0.00145901,0.00142795,0.0013872,0.0013539,0.00132932,0.00131103,0.00129377,0.00126942,0.00123298,0.00119244,0.00115873,0.0011342,0.0011126,0.00108369,0.00103157,0.000944395,0.000852783,0.00080913,0.000823858,0.000852642,0.000858078,0.000851321,0.000856892,0.000877818,0.000892073,0.000884106,0.000867165,0.000857748,0.000857467,0.000862572,0.000867928,0.000866476,0.000854161,0.000839514,0.000833503,0.000835013,0.000832954,0.00082417,0.000813218,0.000803641,0.000796791,0.00079332,0.000791169,0.000784004,0.000769038,0.000752592,0.000741599,0.000736608,0.0007302,0.00071542,0.000696863,0.000681653,0.000671453,0.00066492,0.000659026,0.000646869,0.000624125,0.000598511,0.000581308,0.000577408
0.000509158,0.0005139,0.000523077,0.000540234,0.000558105,0.000569603,0.000567987,0.000560514,0.000562341,0.000571357,0.000585055,0.000597685,0.000606884,0.000609692,0.000614071,0.000622957,0.000634726,0.000645649,0.000647576,0.000646961,0.000647379,0.000651415,0.000659032,0.000667653,0.000674134,0.000671113,0.000668753,0.000673288,0.000680195,0.000685492,0.000680471,0.000672304,0.000666393,0.000665118,0.000668025,0.000671615,0.000672382,0.000661302,0.000650092,0.00064506,0.000644541,0.000643145,0.000639903,0.000636426,0.000641157,0.000652042,0.000667676,0.000682235,0.000693799,0.00069858,0.000702993,0.000712888,0.000726632,0.000736291,0.000737893,0.000738064,0.000740213,0.000745086,0.000753814,0.000763181,0.000770685,0.000770912,0.000771095,0.000776759,0.000786194,0.0007912,0.000787132,0.000781669,0.000778007,0.000777295,0.000779703,0.000782391,0.000781857,0.00077574,0.000768861,0.000766504,0.000767974,0.000768276,0.000762063,0.000753047,0.000741933,0.000737259,0.000744842,0.000765672,0.000790023,0.000807939,0.000826544,0.00084851,0.000873484,0.000898545,0.00091798,0.000934042,0.000949883,0.000970983,0.00100255,0.00103638,0.00105924,0.00106327,0.00109934,0.00120589,0.00133068,0.00144892,0.00147374,0.00145921,0.00145664,0.00148498,0.00154163,0.00159664,0.00161913,0.00154604,0.00146578,0.00141353,0.00139563,0.00139089,0.00135503,0.00130913,0.00127745,0.00126294,0.001261,0.00125894,0.00124758,0.00121543,0.00120843,0.0012599,0.00134536,0.00142788,0.00145382,0.00146277,0.0014923,0.00154428,0.00162233,0.00169866,0.00175883,0.00174882,0.0017245,0.00174136,0.00178925,0.00180311,0.00174495,0.00168186,0.00165321,0.00165131,0.00165778,0.0016591,0.00164626,0.00161268,0.00157664,0.00155722,0.00154984,0.00153835,0.00150948,0.00147318,0.00144513,0.0014264,0.00141499,0.00140349,0.00138592,0.00136007,0.00132972,0.00130576,0.00128933,0.00127788,0.00127105,0.0012751,0.00129996,0.00134052,0.00139205,0.00144862,0.00150857,0.00156305,0.00162768,0.00171364,0.00179232,0.00184302,0.0018264,0.0017868,0.00175891,0.00175109,0.00176865,0.00177973,0.00174754,0.00165184,0.00154437,0.00147696,0.00145493,0.0014438,0.00141136,0.00137503,0.0013433,0.00131746,0.00129867,0.00127937,0.00125557,0.00121879,0.00118049,0.00114712,0.00112058,0.00109935,0.00107022,0.00101898,0.000934461,0.000854019,0.000810545,0.00082045,0.000847005,0.00084955,0.000846372,0.000854057,0.000872259,0.00088443,0.000875525,0.000860438,0.000851475,0.000849436,0.000853771,0.000857413,0.000856477,0.000843897,0.000831657,0.0008253,0.000824497,0.000824432,0.000815814,0.00080499,0.000795205,0.000788582,0.000784641,0.000780824,0.000774717,0.000760202,0.000744925,0.000734637,0.000729066,0.000721295,0.000705921,0.000689164,0.000674712,0.000664101,0.000656591,0.000649114,0.000637385,0.000614529,0.000591744,0.00057698,0.000573163
0.000506461,0.000511052,0.000519523,0.000534904,0.000552908,0.000565739,0.000564828,0.000557755,0.000557906,0.000568551,0.000582399,0.000595666,0.00060428,0.000607665,0.000611454,0.000619989,0.000632184,0.00064266,0.000645236,0.000643789,0.000644276,0.000648059,0.000655687,0.000665052,0.000670558,0.000668267,0.000665153,0.000669856,0.000677744,0.000681683,0.000677038,0.000668658,0.000662751,0.000661131,0.00066377,0.000667873,0.00066706,0.000656803,0.000644752,0.000640293,0.000639347,0.000637918,0.000634526,0.000631956,0.000635665,0.000648041,0.000663189,0.000678585,0.000690127,0.000694586,0.000698648,0.000710456,0.000724584,0.000732843,0.000734624,0.000734912,0.000737402,0.000742726,0.00075031,0.000759759,0.000767307,0.000768417,0.0007676,0.000773324,0.000783304,0.000787324,0.000783973,0.000778616,0.000775107,0.000774535,0.000776684,0.000779515,0.000779109,0.00077317,0.000766214,0.000764254,0.000766673,0.000766024,0.000760274,0.000751281,0.00074072,0.000735104,0.000742975,0.000764657,0.00078818,0.000806631,0.000824737,0.0008467,0.000872197,0.000897335,0.000916955,0.000933017,0.000949136,0.000969702,0.00100152,0.00103753,0.00105785,0.0010589,0.00109053,0.00119829,0.00133331,0.00143568,0.00146183,0.00144858,0.00144743,0.00147503,0.00153045,0.00159132,0.00160767,0.00154832,0.00146095,0.00140837,0.00139727,0.00139079,0.00135472,0.00130701,0.00127495,0.00126069,0.00125817,0.00125767,0.00124474,0.00121488,0.00120429,0.00125537,0.00135099,0.00142832,0.00145304,0.00145981,0.00148826,0.00154295,0.00161379,0.00169243,0.001749,0.00174331,0.00171159,0.00172928,0.00178236,0.00178561,0.00172715,0.00166752,0.00164404,0.00164045,0.0016474,0.00165125,0.00163963,0.00160677,0.00156981,0.00155082,0.00154767,0.00153383,0.00150311,0.00146793,0.00143946,0.00142148,0.00140927,0.00139722,0.00137997,0.00135422,0.00132457,0.00129881,0.00128301,0.00127146,0.00126216,0.00126736,0.00129439,0.00133365,0.00138294,0.00143874,0.00149554,0.00155083,0.0016147,0.00169826,0.00178278,0.00182662,0.00181117,0.00177033,0.00174141,0.00173456,0.00174695,0.00175766,0.00172826,0.00163675,0.00152903,0.00146495,0.00144786,0.00143279,0.00140147,0.00136553,0.00133444,0.00130959,0.00128899,0.0012706,0.0012463,0.00121068,0.00117139,0.00113828,0.00111286,0.00109015,0.0010611,0.00101074,0.000929074,0.000845398,0.000806028,0.00082054,0.000842405,0.000842653,0.000838652,0.000847812,0.00086761,0.000877597,0.000868881,0.000853658,0.000844529,0.000842975,0.000845694,0.000849757,0.000848404,0.000837675,0.000824734,0.000818239,0.000818166,0.000817708,0.000809797,0.000798174,0.000788641,0.000781944,0.00077773,0.000774294,0.000768145,0.000754758,0.000738614,0.000728888,0.00072415,0.000715034,0.000699551,0.000683168,0.000669404,0.000658078,0.000650131,0.000643252,0.000630827,0.000608749,0.000585913,0.000573318,0.000569705
0.00050635,0.000511039,0.000520184,0.000536179,0.000555559,0.000565055,0.000560056,0.0005567,0.000559577,0.000568612,0.00058195,0.000594236,0.000604297,0.000607952,0.000611256,0.000619938,0.000633061,0.000642067,0.000643469,0.000643343,0.000643958,0.000647638,0.000655566,0.000664858,0.000670926,0.000669532,0.000666469,0.00066866,0.000677889,0.000681814,0.000677063,0.000668154,0.000662029,0.000660286,0.000662989,0.000666656,0.00066632,0.000656857,0.000645044,0.000637441,0.000636241,0.000636726,0.000632536,0.000629977,0.00063576,0.000646979,0.00066232,0.000677982,0.000690032,0.000695528,0.000699693,0.000708372,0.000721535,0.000733854,0.000736826,0.000734692,0.000735918,0.000741142,0.000750485,0.000760583,0.000766909,0.000766258,0.00076731,0.000772523,0.000780924,0.000787879,0.000785924,0.000778372,0.000774247,0.00077366,0.000776293,0.00077871,0.000778956,0.000772299,0.000765931,0.000763053,0.00076527,0.000766203,0.000760406,0.000750597,0.000738842,0.000734548,0.000742571,0.000761458,0.000787069,0.000805987,0.000823096,0.000845438,0.000871253,0.000894341,0.000912889,0.000929181,0.00094664,0.00096762,0.000994686,0.00102748,0.00105247,0.0010655,0.00109448,0.00118573,0.00133604,0.00144393,0.00146329,0.00145802,0.00145726,0.00148619,0.00154517,0.0016109,0.00162706,0.00157119,0.00147772,0.0014274,0.00141679,0.00139885,0.00135599,0.00130968,0.00127549,0.00125985,0.00125914,0.00125897,0.00124596,0.00122044,0.00120774,0.00126586,0.00136385,0.00144089,0.00146896,0.0014683,0.00149206,0.00154632,0.00163283,0.00172446,0.00176502,0.00174739,0.00172,0.00173951,0.00177684,0.00180242,0.00174931,0.00167518,0.0016325,0.00163322,0.00164901,0.00165454,0.00164409,0.0016079,0.0015722,0.00155001,0.00154628,0.00153749,0.0015053,0.00146722,0.00143908,0.00142035,0.00140768,0.00139629,0.00137905,0.00135215,0.0013215,0.00129858,0.00128232,0.00127064,0.0012642,0.00126678,0.00128782,0.00132819,0.00138034,0.00143689,0.00149391,0.001553,0.00161994,0.00170739,0.00179561,0.00183998,0.00182555,0.00178035,0.00174972,0.00174139,0.00175335,0.00175637,0.00173197,0.00163871,0.00152628,0.00145923,0.00143979,0.00142996,0.00140346,0.00136185,0.00132904,0.00130417,0.00128596,0.00126835,0.00124371,0.00120868,0.00116874,0.00113578,0.00111083,0.00108885,0.00105818,0.00100876,0.00092665,0.000839372,0.000800804,0.000807057,0.000837035,0.000840815,0.000835411,0.000842655,0.000862189,0.000873862,0.000864268,0.000849212,0.000839004,0.000836835,0.000840727,0.000844541,0.000843261,0.000831962,0.000819804,0.000814026,0.000814927,0.000812847,0.000804318,0.000793713,0.000784339,0.000777552,0.000773989,0.000771481,0.000764779,0.000749515,0.000735488,0.000725491,0.000719343,0.000712843,0.000699138,0.00068082,0.000665636,0.000654788,0.000647654,0.000640935,0.000628644,0.000607038,0.000584926,0.000570805,0.000566841
0.000505932,0.000511212,0.000519696,0.000536886,0.000555178,0.000565026,0.000562948,0.000555941,0.000557876,0.000567476,0.000581384,0.000595004,0.000603895,0.000607544,0.000610045,0.000619807,0.000632383,0.00064172,0.00064435,0.000642524,0.0006428,0.000646877,0.000654686,0.000665356,0.000670978,0.000669804,0.000665406,0.000669204,0.000677055,0.000682212,0.00067568,0.000667294,0.000660885,0.000658797,0.000661347,0.000665998,0.000664981,0.000655935,0.000642538,0.000636251,0.00063545,0.000635294,0.000631267,0.000628653,0.000633315,0.000645114,0.000660947,0.000677207,0.000689731,0.000694977,0.000698481,0.000708224,0.000722528,0.00073424,0.000735514,0.00073399,0.000734763,0.000740183,0.00074942,0.000759803,0.000766135,0.000767008,0.000766071,0.000771565,0.00078131,0.000787749,0.000784315,0.000777676,0.000773106,0.00077249,0.000775242,0.000778927,0.000778355,0.000772444,0.000764219,0.000762547,0.000764952,0.000765428,0.000759673,0.000749669,0.000738747,0.000733288,0.000741016,0.000762711,0.000785728,0.000804377,0.00082072,0.000842899,0.000867806,0.000892112,0.000909977,0.000925752,0.000942324,0.00096231,0.000990974,0.00102259,0.00104827,0.00104777,0.00108302,0.00118833,0.00133967,0.00145118,0.00147749,0.00146432,0.00146643,0.00149383,0.00155513,0.00161767,0.00164879,0.00157411,0.00149062,0.00143777,0.0014205,0.0014092,0.00136611,0.00131023,0.00127588,0.00125968,0.00125875,0.00126136,0.00124728,0.00121193,0.00121061,0.001268,0.00136349,0.00145737,0.00147238,0.00147537,0.00149696,0.00155281,0.00164128,0.00172712,0.00178235,0.00175462,0.00173008,0.00174618,0.00179674,0.0018094,0.00175746,0.0016737,0.00163482,0.00163344,0.00164967,0.00165805,0.00164804,0.00161208,0.00156985,0.00155228,0.00154965,0.0015383,0.00150504,0.00146568,0.00143743,0.00141818,0.00140585,0.00139403,0.00137818,0.0013492,0.00131991,0.00129603,0.00127985,0.00126916,0.00126138,0.00126399,0.00128516,0.00132512,0.00137693,0.00143294,0.00149146,0.00155075,0.00162324,0.0017172,0.00180464,0.0018534,0.00183181,0.00178831,0.00175382,0.00174416,0.00175618,0.00176547,0.00173327,0.00163282,0.00152291,0.00145315,0.00143217,0.00142572,0.00139535,0.0013573,0.0013237,0.0012991,0.00128139,0.00126369,0.00124137,0.00120357,0.00116529,0.00113245,0.0011075,0.00108679,0.00105968,0.0010063,0.000917366,0.000835836,0.000790622,0.000806505,0.000830979,0.000837861,0.000828803,0.000837389,0.000857825,0.000868244,0.000860244,0.00084367,0.000833829,0.000831116,0.000834821,0.000839336,0.00083758,0.000827496,0.000814074,0.000809004,0.00081006,0.00080856,0.000799588,0.000789134,0.000779604,0.000772979,0.000769497,0.00076729,0.000760909,0.000747826,0.000731306,0.000721791,0.000717065,0.000709872,0.00069511,0.000677655,0.000662328,0.000651557,0.000644651,0.000637754,0.000626158,0.000605318,0.00058271,0.000568378,0.000564599
0.000505244,0.000510092,0.000519442,0.000536002,0.000555575,0.000566329,0.00056137,0.000555189,0.00055701,0.00056662,0.000580474,0.000594316,0.000603905,0.000606756,0.000609527,0.000618932,0.000632382,0.000642301,0.000643545,0.000641794,0.000641686,0.000645631,0.000653516,0.000664136,0.000670494,0.000667915,0.00066373,0.000668078,0.000677038,0.000680664,0.000675387,0.000665558,0.000659042,0.000657252,0.000659769,0.000664123,0.000663475,0.000653409,0.000640652,0.000634299,0.000633837,0.000633811,0.000630014,0.000626906,0.000630668,0.00064287,0.000659409,0.000676983,0.000689013,0.000693273,0.000697069,0.000707218,0.000722264,0.000734258,0.000735901,0.00073306,0.000733717,0.000739074,0.000748197,0.000758499,0.000765193,0.000765539,0.000764811,0.000770199,0.00078036,0.000787292,0.00078427,0.000776675,0.000771879,0.000771268,0.000774065,0.000777774,0.000777596,0.000770565,0.000762728,0.000761894,0.000765061,0.000765058,0.000758699,0.000748527,0.000737154,0.000731269,0.000739099,0.000760453,0.000784101,0.000801754,0.000817857,0.000839785,0.000865479,0.000889159,0.00090721,0.000922019,0.000937242,0.000956988,0.000986874,0.00102128,0.00104266,0.00104522,0.00107374,0.00118697,0.00135299,0.00146083,0.00148076,0.00146943,0.00147143,0.00149922,0.00156324,0.00163664,0.00165525,0.00159357,0.00149438,0.0014415,0.00143424,0.00141568,0.00136725,0.00131225,0.0012757,0.00125903,0.00125697,0.00125892,0.00124795,0.00121678,0.00120283,0.00126339,0.00137622,0.00146572,0.00148722,0.00148166,0.00150209,0.00155822,0.0016473,0.00174064,0.00178826,0.00177289,0.00173446,0.00174488,0.00179956,0.00181466,0.00175382,0.00167239,0.00163274,0.00163444,0.00165029,0.00166239,0.0016504,0.00160918,0.00156777,0.00155323,0.00155356,0.00153919,0.00150302,0.00146356,0.0014349,0.00141566,0.00140356,0.00139301,0.00137546,0.00134795,0.00131657,0.00129274,0.00127808,0.00126735,0.00125962,0.00126106,0.00128109,0.00132189,0.00137306,0.00142946,0.0014891,0.00155271,0.00162666,0.00172029,0.00181505,0.00186932,0.00184794,0.00179432,0.00175811,0.00174877,0.00175795,0.0017657,0.00173834,0.00163852,0.00151642,0.00144608,0.00142952,0.00142073,0.00139067,0.00135119,0.00131811,0.00129433,0.00127692,0.0012608,0.00123667,0.00120092,0.0011603,0.00112787,0.00110472,0.00108331,0.00105387,0.00100256,0.000917358,0.000825467,0.000776754,0.000793532,0.000825481,0.000828802,0.000821992,0.000829548,0.00085092,0.00086332,0.000854155,0.000838166,0.000828024,0.000825301,0.00082842,0.00083329,0.000833135,0.000821753,0.000809085,0.000803612,0.000804776,0.000804145,0.000795975,0.000784228,0.000774683,0.000768314,0.000765022,0.000763129,0.00075744,0.000743193,0.000727432,0.00071759,0.000713167,0.000706845,0.000692229,0.000674125,0.000658699,0.000648101,0.00064127,0.000635684,0.000623885,0.000602187,0.000580106,0.000565833,0.000561942
0.000504457,0.000509565,0.000519016,0.000536788,0.000554173,0.000565648,0.000560938,0.000554395,0.000556245,0.000565602,0.000579675,0.000593582,0.000603762,0.000606435,0.000609477,0.000618884,0.000631778,0.000642143,0.000643379,0.000640973,0.000640741,0.000644318,0.000652693,0.000663189,0.000670044,0.000666789,0.000663046,0.000666979,0.000674414,0.000679558,0.000673476,0.000664026,0.000657402,0.000655564,0.000658444,0.000662259,0.000662204,0.000651511,0.000639463,0.000632942,0.000631837,0.000631875,0.00062799,0.000624719,0.000629302,0.000641101,0.000657754,0.00067488,0.000688281,0.000691797,0.000696075,0.00070663,0.000721459,0.000733746,0.000734393,0.00073207,0.000732669,0.000737886,0.000747158,0.000757173,0.000764392,0.000764013,0.000764128,0.000770006,0.000779202,0.000786475,0.000783091,0.000775557,0.000770769,0.000770145,0.000773083,0.000776499,0.000777181,0.00076966,0.000762225,0.000760884,0.000763645,0.000764485,0.000758228,0.000747331,0.000735245,0.000730292,0.000737893,0.000758253,0.000782469,0.000799323,0.00081553,0.000837028,0.000861795,0.000885836,0.000903463,0.000918147,0.000932234,0.000952357,0.000982139,0.00101446,0.00103747,0.00103504,0.00106899,0.00118731,0.00134899,0.00147475,0.00149234,0.00147715,0.00147534,0.00150621,0.00157141,0.00163683,0.00166701,0.00159267,0.00150278,0.00145059,0.00143667,0.00142445,0.00137196,0.00131504,0.00127676,0.00125889,0.00125691,0.00125826,0.00124872,0.00120951,0.00120035,0.00126625,0.00137443,0.00147189,0.00149207,0.00148666,0.00150891,0.00156626,0.00165538,0.00174162,0.00180074,0.00176928,0.00173896,0.0017545,0.00180243,0.00182229,0.00175506,0.00167366,0.00163618,0.00163291,0.0016505,0.00166054,0.00165247,0.0016122,0.00156952,0.00155092,0.0015501,0.00154181,0.00150471,0.00146224,0.00143168,0.00141291,0.00140159,0.00139021,0.00137355,0.00134394,0.001314,0.00129064,0.00127563,0.00126543,0.0012572,0.0012575,0.00128,0.00131889,0.00136916,0.00142588,0.00148657,0.00155187,0.00163064,0.0017317,0.00182595,0.00188044,0.00185538,0.00179965,0.00176406,0.00175204,0.00176254,0.00176963,0.00173988,0.00163095,0.00151043,0.00144342,0.00142153,0.00141444,0.00138359,0.00134554,0.00131369,0.00128943,0.00127224,0.00125515,0.00123277,0.00119512,0.00115608,0.00112403,0.0011005,0.00108056,0.0010503,0.00099855,0.000905182,0.000816426,0.000768299,0.000783848,0.000818663,0.000820154,0.000816024,0.000824919,0.00084179,0.000856489,0.000848691,0.000832176,0.000822067,0.000819218,0.000822579,0.000827258,0.000827748,0.000816504,0.000804459,0.000799465,0.0007999,0.000799538,0.000791099,0.000779448,0.000769873,0.000763436,0.000760634,0.000758903,0.000753761,0.000739169,0.000723668,0.000714986,0.000709407,0.000703006,0.000688141,0.000670599,0.000655471,0.000644617,0.000638036,0.00063144,0.000620636,0.000599195,0.000577927,0.000563697,0.000559318
0.000503497,0.000508421,0.000517683,0.000535826,0.000555474,0.000564914,0.000561661,0.000553435,0.000553952,0.00056434,0.000578375,0.000592406,0.000602626,0.000605727,0.000608047,0.000616719,0.000630975,0.000641046,0.000642224,0.00063962,0.000639187,0.000642829,0.000651725,0.000663095,0.000669555,0.000666734,0.000662166,0.000665531,0.000675045,0.000679509,0.000673141,0.000662758,0.000655624,0.000653498,0.00065619,0.00066023,0.000659729,0.000649204,0.000636667,0.000629838,0.000629878,0.000629708,0.000625713,0.000622559,0.000627455,0.000639309,0.000655764,0.000673446,0.000687374,0.000692425,0.000694803,0.000705699,0.000722777,0.000733002,0.000733328,0.000730813,0.000731399,0.000736561,0.000745677,0.000756415,0.000762906,0.000762217,0.000761976,0.00076791,0.00077872,0.000785464,0.000782331,0.000774438,0.000769451,0.000768661,0.000771389,0.000775299,0.000775777,0.000768477,0.000760465,0.0007585,0.000762323,0.000763377,0.000757082,0.000745973,0.000734095,0.000728139,0.000735812,0.000757031,0.00078051,0.000797549,0.000812873,0.000833896,0.000859674,0.000882819,0.000900275,0.000914159,0.000927991,0.000946965,0.000976703,0.00101346,0.00103204,0.00102974,0.00105972,0.00117665,0.00135046,0.00148309,0.00150627,0.00148363,0.00147708,0.00150958,0.00157632,0.00165664,0.00168374,0.00161423,0.00151068,0.0014568,0.00145094,0.0014328,0.00137659,0.00131554,0.00127399,0.00125753,0.00125544,0.00125845,0.00124928,0.00121474,0.00120013,0.00126819,0.00139492,0.00148479,0.00150374,0.00149346,0.00151328,0.00157209,0.00165948,0.00175465,0.00181436,0.00179042,0.00174248,0.00175859,0.00181939,0.00182805,0.00175251,0.00167145,0.00163192,0.0016322,0.00165027,0.00166387,0.00165646,0.00161943,0.00157132,0.00154572,0.00154807,0.00154455,0.00150992,0.00146172,0.00142679,0.00140947,0.00139931,0.00138987,0.00137211,0.00134183,0.00131062,0.00128758,0.00127388,0.0012632,0.00125232,0.00125371,0.00127696,0.00131554,0.00136497,0.00142178,0.00148343,0.00154974,0.00163047,0.00173331,0.00183722,0.001887,0.00186009,0.0018033,0.00176578,0.00175218,0.0017615,0.00177274,0.00173801,0.00162919,0.00150295,0.00143793,0.00142295,0.00140977,0.00137862,0.00134038,0.00130846,0.00128416,0.00126731,0.00125267,0.00122994,0.00119302,0.00115195,0.00112014,0.00109848,0.00107795,0.00104807,0.000995778,0.000906429,0.000806252,0.00076021,0.0007806,0.000810632,0.000812819,0.000807117,0.000816799,0.000836477,0.000848358,0.000841421,0.000825168,0.000814199,0.000812586,0.000816046,0.000821386,0.000821226,0.00081092,0.000797943,0.00079277,0.000794715,0.000794392,0.000785894,0.000774359,0.000764484,0.000758237,0.000755795,0.000754756,0.000749024,0.000734303,0.000718559,0.000710585,0.000706966,0.000699344,0.000684848,0.000666904,0.0006518,0.000641022,0.000634574,0.000629193,0.000617585,0.000597331,0.000574789,0.000561302,0.000557164
0.000502214,0.000507809,0.000517081,0.000535112,0.000553799,0.000565109,0.00055944,0.000552493,0.000553429,0.000563076,0.000576932,0.00059088,0.000600912,0.000604778,0.000606695,0.000615462,0.000629747,0.000639906,0.000641342,0.000638165,0.000637657,0.000641701,0.000650921,0.000661724,0.00066862,0.000665275,0.000661592,0.000665119,0.000673701,0.000678594,0.000671464,0.000661333,0.000654058,0.000651488,0.000654009,0.000657662,0.00065622,0.000646605,0.000633983,0.000627298,0.000627602,0.000627178,0.000622172,0.000620541,0.000625303,0.000636995,0.000653823,0.000672003,0.000685999,0.000689978,0.000693686,0.000704561,0.000720693,0.000732231,0.000732564,0.000729394,0.000729672,0.000734695,0.000744053,0.000753776,0.000760512,0.000760652,0.000759831,0.000766725,0.000777734,0.000783921,0.000779732,0.000773155,0.000768086,0.000766836,0.00076964,0.000773475,0.000773282,0.00076676,0.000758622,0.000756807,0.000760748,0.000762007,0.000755692,0.000744334,0.000731965,0.000726408,0.000733826,0.000753761,0.000777798,0.00079417,0.000810174,0.000831114,0.000856138,0.000879452,0.000895925,0.000909856,0.000923041,0.000942048,0.000971473,0.00100424,0.0010246,0.00102316,0.001052,0.00117203,0.00134341,0.00148236,0.00151842,0.0014889,0.00148068,0.00151241,0.00158302,0.00165511,0.00168848,0.00161301,0.0015204,0.00146358,0.0014518,0.00143741,0.00138301,0.00131566,0.00127238,0.00125431,0.00125447,0.00125926,0.00124856,0.00120869,0.00120009,0.00127619,0.00139924,0.00149595,0.00150516,0.00150238,0.00151956,0.00157505,0.00166658,0.00176459,0.00181706,0.00178623,0.00174909,0.00176466,0.00181769,0.00183096,0.00176401,0.00166945,0.00162727,0.00162965,0.00165171,0.00166583,0.00166137,0.00162057,0.00157342,0.00154868,0.00155013,0.00154542,0.0015083,0.00146129,0.00142573,0.0014067,0.00139697,0.00138688,0.00136976,0.00134055,0.00130808,0.00128517,0.00127156,0.00126065,0.00125149,0.00125117,0.0012732,0.0013114,0.00136106,0.00141818,0.00147986,0.00154775,0.00162924,0.0017361,0.00184135,0.00189216,0.00186728,0.00180533,0.00176646,0.00175211,0.00176149,0.00177415,0.00173897,0.00163393,0.00150506,0.00143576,0.00141367,0.00140699,0.00137567,0.00133521,0.00130335,0.00127928,0.00126286,0.00124738,0.00122587,0.00118832,0.00114843,0.0011161,0.00109401,0.00107486,0.00104641,0.000994501,0.000899246,0.000801633,0.00075361,0.000768109,0.000802717,0.000806982,0.000800648,0.00080944,0.000826594,0.000840422,0.00083233,0.00081764,0.000807708,0.000805972,0.000809551,0.000815271,0.000815144,0.000805189,0.000792098,0.000787353,0.00078898,0.000788478,0.000780998,0.000768829,0.00075909,0.000753169,0.000751222,0.000750289,0.00074383,0.000729816,0.000714194,0.000706202,0.000701798,0.000695644,0.000679904,0.00066295,0.000648051,0.000637486,0.000631043,0.000624969,0.000615035,0.000593,0.000572427,0.000559169,0.00055427
0.000500568,0.000505651,0.000515588,0.000532765,0.000553129,0.000562829,0.000558729,0.000550352,0.000551976,0.000561407,0.000575379,0.000589407,0.000599653,0.00060241,0.00060525,0.000614183,0.000628655,0.0006387,0.000638849,0.000636745,0.000636246,0.000639938,0.000648821,0.000660958,0.000667289,0.000665095,0.000659788,0.000663269,0.000673072,0.000676859,0.000670582,0.000659247,0.000651844,0.000649564,0.000651498,0.000654041,0.000653849,0.000643403,0.000631307,0.0006249,0.000624937,0.0006242,0.000620256,0.000617899,0.00062263,0.000634414,0.000651727,0.000670633,0.000684406,0.000688794,0.000691757,0.000702708,0.000719446,0.000731551,0.000731435,0.000727851,0.000727616,0.000732912,0.000742248,0.000752335,0.000758552,0.000758211,0.000758117,0.000764666,0.000776258,0.000782032,0.000778452,0.000771198,0.000766282,0.000765091,0.000767699,0.000771326,0.000771747,0.000764241,0.000756651,0.000755036,0.000759195,0.000760462,0.000753417,0.000742483,0.000730716,0.000724096,0.000731256,0.00075287,0.000775062,0.000792402,0.00080688,0.000827693,0.000853051,0.000875317,0.000892059,0.000905256,0.000918671,0.000936556,0.000965371,0.000999819,0.00101798,0.00101214,0.00104445,0.00116358,0.00134861,0.00149095,0.00151307,0.00149195,0.00148257,0.00151172,0.0015863,0.00166931,0.00169119,0.00163092,0.0015246,0.00146173,0.00145866,0.00144501,0.00138557,0.00131689,0.00126983,0.00125147,0.00125449,0.00126032,0.00124792,0.00121276,0.0011934,0.0012758,0.0014135,0.00150139,0.00151954,0.00150546,0.00152177,0.00157945,0.00167219,0.00177002,0.00182349,0.00180045,0.00175044,0.00175923,0.00182432,0.00183904,0.00175952,0.00167024,0.00162159,0.00162698,0.00165064,0.00167074,0.00166306,0.00162275,0.00156997,0.00154887,0.00154977,0.00154567,0.00151009,0.0014586,0.00142262,0.00140366,0.00139384,0.00138456,0.00136738,0.00133644,0.00130538,0.00128175,0.00126784,0.00125812,0.00124761,0.00124834,0.00126806,0.00130699,0.00135691,0.00141383,0.001476,0.00154341,0.00162812,0.00173698,0.00184629,0.0018959,0.00186111,0.00180607,0.00176401,0.00174972,0.0017594,0.00176504,0.00173626,0.00162065,0.00150107,0.0014241,0.00141083,0.00140176,0.00136918,0.0013297,0.00129687,0.00127386,0.00125739,0.00124332,0.0012212,0.0011862,0.00114341,0.00111109,0.00109003,0.00107147,0.00104377,0.000992627,0.000895785,0.000791188,0.000742073,0.000761585,0.000793309,0.000797177,0.000792828,0.000798882,0.000819619,0.000830825,0.000824753,0.000809809,0.000800807,0.000798886,0.000802904,0.000807785,0.000808719,0.000797173,0.00078614,0.000781526,0.000783213,0.000782855,0.000774428,0.00076334,0.000753795,0.00074784,0.00074584,0.000743907,0.000739023,0.000724989,0.000709672,0.000701234,0.000697871,0.000690655,0.000676654,0.000658728,0.000643906,0.000633191,0.000626513,0.000621545,0.000610678,0.000590976,0.000568961,0.000555614,0.000551588
0.000498642,0.000504093,0.000513051,0.000529955,0.000550507,0.000560367,0.000555934,0.000548216,0.000550131,0.000559694,0.000573734,0.000588083,0.000598166,0.000600953,0.000603273,0.000612139,0.00062668,0.000636327,0.000637655,0.00063461,0.000634063,0.00063806,0.00064707,0.000659042,0.000665801,0.000663402,0.000658309,0.000661591,0.000671254,0.000675047,0.000668328,0.000656972,0.000649344,0.000646926,0.000648837,0.000652273,0.000650793,0.00064079,0.000628236,0.000621803,0.000622025,0.000621171,0.000617245,0.000615078,0.00061982,0.000631815,0.000649449,0.000669083,0.000682654,0.000686948,0.000690238,0.000701283,0.000718175,0.000730606,0.000730766,0.000726326,0.000725934,0.000731152,0.000740272,0.000749938,0.000756909,0.000756636,0.000755922,0.000762465,0.000774474,0.000779964,0.000776241,0.000769156,0.000764256,0.00076309,0.000765604,0.000769685,0.000770005,0.000762576,0.000754346,0.000752642,0.000756923,0.000757911,0.000751742,0.000740507,0.000728057,0.000722489,0.000730086,0.000749434,0.000773123,0.000788764,0.000804014,0.000824016,0.000848658,0.000871514,0.000887723,0.0009005,0.000913207,0.000931655,0.000960323,0.00099207,0.00101332,0.00100832,0.00103642,0.00115885,0.00135337,0.00149688,0.00152043,0.00149467,0.00148426,0.00151533,0.00159049,0.00167206,0.00170863,0.00163251,0.00153151,0.00146886,0.00146387,0.00145238,0.00139276,0.00131881,0.00126947,0.00125064,0.00125436,0.00126233,0.00124957,0.00120526,0.00120222,0.00127844,0.00141287,0.00151499,0.00152646,0.00150899,0.0015244,0.00158299,0.00167726,0.00178172,0.00183576,0.00179886,0.00175634,0.00176328,0.00182327,0.00184088,0.00177786,0.00167013,0.0016188,0.00162498,0.00164871,0.00166956,0.00166315,0.00161875,0.00156552,0.00154856,0.0015539,0.00154419,0.00150239,0.00145518,0.00142036,0.00140145,0.00139086,0.00138098,0.00136395,0.00133524,0.00130104,0.00127756,0.00126505,0.00125454,0.00124535,0.00124356,0.00126269,0.00130201,0.00135213,0.00140949,0.00147207,0.00154064,0.00162593,0.00173579,0.00184663,0.00189357,0.00186807,0.0018052,0.00176015,0.00174332,0.00175213,0.00176113,0.00172007,0.00161793,0.00148846,0.00141015,0.00139865,0.00139309,0.00136643,0.00132409,0.00128989,0.00126699,0.00125159,0.0012385,0.00121748,0.00117973,0.00113928,0.00110682,0.00108535,0.00106866,0.00104496,0.000985841,0.000885748,0.000780687,0.000730826,0.000747827,0.000780732,0.000791888,0.000783687,0.000788223,0.000809284,0.000821313,0.000815505,0.000801497,0.000793216,0.000791796,0.000795857,0.00080134,0.000800418,0.000791395,0.00077903,0.000774432,0.000776928,0.000776649,0.000768493,0.000757522,0.000748073,0.000742083,0.000739981,0.000738891,0.000733288,0.000720098,0.000704865,0.00069542,0.000692062,0.000686362,0.000671066,0.000654104,0.000639426,0.000628911,0.000622203,0.000616965,0.000606164,0.000586835,0.000565343,0.000552056,0.000548112
0.000496605,0.000501255,0.000510792,0.000528451,0.000547445,0.000558456,0.000553222,0.000546505,0.000548398,0.000557752,0.000571961,0.000586183,0.000596217,0.000599156,0.00060125,0.000610935,0.000623865,0.000634361,0.000635013,0.000632696,0.000632065,0.000635885,0.000645488,0.000656883,0.000664141,0.000661154,0.000657308,0.000660419,0.000667945,0.000673501,0.000665711,0.000654715,0.000646819,0.000644135,0.000646292,0.000648672,0.00064764,0.00063728,0.000625306,0.000619067,0.000618108,0.000618103,0.000614059,0.000612345,0.000617154,0.000628881,0.00064712,0.000666583,0.000680666,0.000684229,0.00068895,0.000700478,0.000716124,0.000729109,0.000729058,0.000724295,0.000724275,0.000729179,0.000738137,0.000747872,0.000754316,0.000753951,0.000753455,0.00076086,0.000771264,0.000777795,0.000773824,0.000767162,0.000762144,0.000760744,0.000763292,0.000767358,0.000767583,0.000760261,0.000751809,0.00075092,0.000753942,0.000755665,0.000749084,0.000738329,0.000726208,0.000720413,0.000727891,0.000747555,0.000769764,0.00078579,0.00080085,0.000820613,0.000844728,0.000867416,0.000883042,0.000895676,0.000908378,0.00092651,0.000954285,0.000987958,0.00100603,0.00100059,0.0010276,0.00115895,0.00134417,0.00149823,0.00153288,0.00149457,0.00148385,0.0015178,0.00159268,0.00167917,0.001712,0.00164096,0.00153429,0.00147882,0.00146597,0.00145644,0.001395,0.0013186,0.00127042,0.00124983,0.00125236,0.00126092,0.00124944,0.00121433,0.00120386,0.00128685,0.00142215,0.00152845,0.00153014,0.00151434,0.00152837,0.00158498,0.00168128,0.00178413,0.00183937,0.00180938,0.00175737,0.00177122,0.0018198,0.0018468,0.00176443,0.00167035,0.00162196,0.00161904,0.00164717,0.00166768,0.0016647,0.00161503,0.00156522,0.0015464,0.00154867,0.00154295,0.00150384,0.00145205,0.00141695,0.00139788,0.00138794,0.00137705,0.00136131,0.00132988,0.00129748,0.00127399,0.00126068,0.00125136,0.00123993,0.00123955,0.00125936,0.00129696,0.00134734,0.00140466,0.00146791,0.00153759,0.00162373,0.00173543,0.0018427,0.00189656,0.00186131,0.00180357,0.00175684,0.00173928,0.00174606,0.00174546,0.00171268,0.00159652,0.00148004,0.00140822,0.00138918,0.00138674,0.00135717,0.00131813,0.00128388,0.00126086,0.00124656,0.00123351,0.0012128,0.00117519,0.00113448,0.00110285,0.00108107,0.00106455,0.00103674,0.000981956,0.000874528,0.000773708,0.000721078,0.000731544,0.000770272,0.000777561,0.000774755,0.000780603,0.000797545,0.000812323,0.000805738,0.000793551,0.000785784,0.000784375,0.00078863,0.000792889,0.000793123,0.000783064,0.000772511,0.000768387,0.000769619,0.000769927,0.000762589,0.000751554,0.00074222,0.000736445,0.000734316,0.000732626,0.000727638,0.000714139,0.000699409,0.000691505,0.000686745,0.000680872,0.000666551,0.0006494,0.000634954,0.000624407,0.000618009,0.000612029,0.000601764,0.000581961,0.000562053,0.000549083,0.000544474
0.000494462,0.000499144,0.000508169,0.000525425,0.000545669,0.000555495,0.000551334,0.000544477,0.00054573,0.000555592,0.000569738,0.000584162,0.000594213,0.000597168,0.000599495,0.000609059,0.000623,0.000633268,0.000634207,0.000630871,0.00062975,0.000633451,0.00064345,0.000655418,0.000662193,0.000659675,0.000654869,0.00065726,0.000666388,0.000671242,0.000664275,0.000652379,0.000644161,0.000641421,0.000643378,0.00064634,0.000644095,0.000633888,0.000622132,0.000615865,0.000615217,0.000614978,0.000611564,0.000609482,0.000614119,0.000626111,0.000644382,0.000664248,0.000678497,0.000683061,0.000686064,0.000697846,0.000715777,0.000726767,0.000726245,0.000722148,0.0007221,0.000727194,0.00073567,0.000745332,0.000751536,0.000751357,0.000750975,0.000758016,0.000769256,0.00077548,0.000772024,0.000764577,0.000759493,0.000758322,0.000760778,0.000764879,0.000765045,0.000757712,0.000749491,0.00074856,0.000752549,0.000754119,0.000747745,0.000736153,0.000723644,0.000716937,0.000724819,0.000744833,0.00076663,0.000782809,0.000797161,0.00081622,0.000840421,0.00086283,0.000878637,0.000890687,0.000903042,0.000920205,0.000947534,0.000981059,0.00099849,0.000991405,0.00101883,0.00115076,0.00135226,0.00150722,0.00153432,0.0014974,0.00148231,0.0015138,0.00158673,0.00167422,0.00170543,0.00163256,0.00152547,0.00147574,0.00147397,0.00145467,0.00139095,0.00131731,0.00126854,0.00124873,0.0012487,0.0012569,0.00124698,0.00120734,0.00119417,0.00127434,0.0014205,0.00153249,0.00154299,0.00151626,0.00152797,0.00158549,0.00168099,0.00178457,0.00183742,0.00180129,0.00174671,0.00176473,0.00182743,0.00184156,0.0017631,0.00166151,0.00161213,0.00161716,0.00164621,0.00167123,0.00166684,0.00161977,0.00156453,0.00154445,0.00155319,0.00154491,0.00150175,0.00145007,0.00141446,0.001395,0.00138441,0.00137468,0.0013579,0.00132784,0.00129376,0.0012702,0.00125813,0.00124824,0.00123727,0.00123589,0.00125488,0.00129275,0.00134276,0.0013997,0.00146295,0.00153439,0.00162102,0.00172963,0.00183857,0.00189643,0.00186791,0.00179949,0.0017502,0.00173321,0.00173851,0.00174511,0.00170724,0.00159731,0.00147134,0.00140102,0.00138746,0.00138158,0.00135242,0.00131178,0.00127726,0.0012549,0.00124124,0.00122978,0.00120734,0.00116922,0.00112848,0.00109723,0.0010768,0.00106021,0.00103542,0.000979378,0.000875276,0.000763791,0.00070991,0.000726472,0.000760666,0.000769248,0.000763865,0.000769307,0.000788678,0.000801717,0.000797069,0.000785249,0.000777897,0.000776969,0.000781302,0.000786474,0.000786347,0.000777439,0.000766314,0.000761828,0.00076419,0.000764205,0.000756638,0.000745636,0.000736337,0.000730686,0.000728648,0.000728081,0.000722134,0.000708175,0.000693901,0.000686421,0.000683007,0.000676083,0.000661762,0.000644833,0.000630374,0.000619641,0.000613246,0.000607761,0.000597231,0.000578369,0.000558107,0.000545413,0.000541464
0.000492114,0.000496236,0.000505293,0.000522287,0.000540568,0.000551804,0.000549593,0.000542566,0.000543757,0.000553123,0.000567585,0.000582039,0.000592281,0.000595704,0.000598378,0.000608024,0.000620842,0.000631513,0.000631629,0.000628708,0.00062786,0.000631727,0.000641665,0.000653013,0.000659888,0.000656225,0.000652379,0.000656306,0.000663971,0.000668684,0.000661242,0.000650011,0.000641919,0.000638873,0.000640495,0.000642713,0.000640464,0.000630592,0.000619368,0.000613282,0.000611948,0.000611461,0.000607725,0.000606432,0.00061146,0.000623431,0.000641913,0.000661276,0.000676173,0.000680747,0.000683902,0.000696613,0.000713179,0.000724609,0.000724651,0.000720206,0.000720004,0.000724693,0.000733485,0.000742928,0.000749078,0.000749449,0.000749217,0.000755584,0.000765424,0.00077273,0.000769686,0.000761764,0.000756841,0.000755707,0.000758483,0.000762473,0.000762554,0.000755698,0.00074783,0.000746976,0.000750027,0.000752036,0.00074513,0.00073395,0.000721789,0.000715934,0.000722703,0.00074129,0.000763726,0.000779095,0.000793858,0.000813232,0.000836316,0.00085816,0.000874254,0.000885831,0.000897571,0.000915124,0.000943248,0.000976228,0.000992921,0.00098752,0.00101861,0.00115775,0.00135347,0.00151214,0.00153357,0.00150093,0.00148325,0.00150982,0.00158285,0.00166917,0.00170083,0.00162918,0.00152243,0.00147421,0.00146578,0.00145274,0.00139099,0.00131616,0.00126681,0.0012453,0.00124752,0.00125584,0.00124493,0.00120341,0.00119114,0.00127525,0.0014146,0.00153393,0.0015503,0.00151913,0.00152707,0.00158427,0.0016809,0.00178281,0.00183549,0.00180425,0.00174644,0.00176181,0.00180888,0.00183434,0.00175776,0.00165418,0.00161206,0.00161488,0.00164539,0.0016702,0.00166809,0.00161775,0.00156496,0.00154545,0.00155037,0.00154627,0.00150114,0.00144853,0.00141253,0.0013916,0.00138105,0.00137068,0.00135378,0.00132287,0.00129033,0.00126663,0.00125379,0.00124449,0.00123287,0.00123181,0.00125122,0.00128805,0.00133776,0.0013947,0.0014576,0.00152923,0.00161746,0.00172759,0.00182995,0.00189049,0.00186362,0.00179362,0.00174473,0.00172545,0.00172992,0.00172653,0.00169276,0.00157795,0.00146453,0.00139546,0.00137772,0.00137474,0.00134444,0.00130531,0.00127196,0.00124921,0.00123549,0.00122282,0.00120187,0.00116438,0.00112397,0.00109288,0.00107205,0.0010567,0.00103124,0.00097476,0.00086311,0.000757226,0.000700468,0.000710545,0.000749446,0.000757178,0.000754645,0.000761303,0.000777421,0.000791334,0.00078843,0.000777344,0.000770413,0.00076991,0.000774196,0.000778617,0.000778775,0.000769447,0.000760004,0.000756016,0.000756949,0.000758074,0.000750093,0.000739632,0.00073067,0.000725013,0.000722702,0.00072093,0.0007162,0.000703491,0.000689371,0.000681615,0.000677351,0.00067125,0.000656523,0.000640238,0.000626138,0.000615303,0.0006084,0.000602372,0.000592393,0.000573313,0.000554375,0.00054208,0.000537829
0.000489185,0.000493225,0.000501557,0.000518607,0.000537367,0.000548453,0.000546295,0.000540033,0.000540677,0.000550997,0.000565014,0.00057948,0.000589449,0.00059213,0.000595713,0.000604734,0.000618886,0.000628282,0.000629048,0.000625989,0.00062537,0.000629176,0.000639032,0.000651734,0.000657285,0.000654217,0.000649953,0.000653371,0.000661432,0.000665857,0.000659406,0.000647043,0.000638883,0.000636001,0.00063677,0.000638783,0.00063641,0.000625914,0.000615549,0.000609256,0.000607791,0.000607212,0.00060464,0.000603044,0.000608075,0.000620436,0.000638423,0.000659139,0.000673275,0.000676748,0.000681276,0.000693507,0.000711196,0.000722613,0.000722051,0.000717727,0.000716866,0.000721978,0.000730584,0.000739288,0.000745557,0.000745477,0.000746018,0.000751507,0.000761981,0.000769189,0.000766002,0.000758441,0.000753333,0.000752192,0.000755064,0.000759213,0.000759084,0.000751448,0.000744579,0.00074316,0.000747509,0.000748536,0.000742274,0.000731056,0.00071869,0.00071263,0.000718627,0.000738011,0.000759403,0.000775226,0.000789233,0.000808777,0.000832049,0.000853055,0.000868403,0.000880402,0.000891802,0.000907392,0.000936456,0.000971562,0.000984846,0.000966751,0.00100627,0.00114049,0.00134245,0.00150948,0.00154579,0.00149691,0.00147731,0.00150683,0.00157809,0.00166377,0.00169659,0.00162406,0.00151974,0.0014654,0.00146669,0.00145415,0.00139038,0.00131524,0.00126321,0.00124173,0.00124574,0.00125506,0.00124391,0.00120048,0.00118882,0.00127103,0.0014351,0.00154106,0.0015403,0.00152095,0.00152561,0.00158243,0.00167731,0.00177849,0.00183186,0.00179858,0.00174483,0.00174431,0.00180662,0.00183526,0.00174339,0.00165211,0.00160698,0.00161099,0.00164073,0.0016706,0.0016679,0.0016208,0.00156116,0.0015402,0.00155153,0.00154461,0.00150166,0.00144476,0.00140686,0.00138828,0.00137698,0.00136632,0.00135013,0.00132115,0.00128617,0.00126122,0.00125014,0.00124025,0.00122938,0.00122713,0.00124611,0.00128371,0.00133183,0.00138879,0.00145219,0.00152365,0.00161011,0.00171792,0.00182363,0.00188638,0.00185371,0.0017856,0.00173583,0.00171542,0.00171951,0.00172178,0.00167822,0.00157946,0.0014567,0.00138231,0.00137388,0.00136718,0.00133813,0.00129828,0.00126566,0.00124284,0.00122902,0.0012183,0.00119626,0.00115792,0.00111836,0.00108679,0.0010663,0.00105182,0.00103265,0.000970506,0.000861293,0.000745247,0.000687918,0.000702822,0.000737327,0.000750883,0.000744902,0.000749292,0.000767121,0.000781169,0.000776897,0.000768476,0.000762253,0.000762073,0.000766227,0.000771372,0.000770343,0.000762012,0.000752317,0.000748763,0.000750566,0.00075044,0.000743847,0.000732912,0.000724375,0.00071876,0.000716323,0.000714725,0.000709561,0.000697797,0.000683781,0.000674865,0.000671694,0.000664865,0.000651257,0.000634847,0.000620922,0.000610428,0.000602956,0.000597142,0.000586921,0.00056919,0.000549939,0.000538079,0.000534596
0.000485339,0.00048936,0.00049708,0.000513553,0.000530841,0.000543263,0.000540764,0.000536249,0.000538361,0.00054825,0.000561725,0.000574928,0.000585116,0.000588933,0.000592179,0.000601377,0.000614784,0.000624336,0.00062595,0.000622789,0.000622781,0.000626199,0.000634882,0.00064549,0.000653921,0.000651428,0.000646913,0.00065078,0.000658291,0.000661222,0.000652915,0.000642964,0.000635348,0.000632377,0.000632245,0.000632743,0.000630804,0.000621713,0.000610897,0.000604904,0.000603344,0.000602014,0.000599108,0.000598956,0.000604719,0.000617076,0.000634055,0.00065264,0.000669246,0.00067571,0.000678446,0.000690335,0.000706707,0.000718759,0.000717886,0.000714123,0.000713899,0.000718839,0.000726835,0.000735213,0.000740291,0.000741133,0.000741573,0.000747223,0.000756942,0.000763423,0.000759646,0.000753629,0.000749166,0.000747879,0.000750475,0.000753517,0.000754071,0.000747617,0.000740433,0.000739219,0.000742897,0.000743969,0.00073815,0.000726981,0.000714855,0.000708681,0.000714076,0.000733311,0.000753926,0.000770352,0.000784114,0.000803488,0.000825365,0.000846242,0.000861251,0.00087331,0.000885071,0.000899913,0.00092687,0.000956027,0.000971523,0.000958919,0.000985665,0.00113369,0.00134159,0.00150379,0.0015165,0.00149029,0.0014761,0.00150477,0.00157396,0.00165286,0.00168841,0.00161285,0.0015178,0.00146699,0.00146125,0.00145222,0.00138758,0.00131422,0.00126316,0.0012404,0.00124377,0.00125147,0.00124192,0.00119568,0.00119033,0.0012747,0.00142276,0.00154266,0.00154973,0.00151872,0.00152336,0.00157803,0.00167482,0.00176993,0.00182418,0.00178462,0.00173441,0.00175238,0.00181024,0.00182388,0.00175635,0.00164743,0.00160072,0.00160491,0.00163734,0.00166837,0.0016667,0.00161891,0.00155934,0.00153874,0.00154615,0.00154213,0.00150034,0.00144198,0.001404,0.00138323,0.00137336,0.00136383,0.00134603,0.00131414,0.00128192,0.00125759,0.00124528,0.00123588,0.00122556,0.00122272,0.00124169,0.00127785,0.00132665,0.00138365,0.00144623,0.00151659,0.00160224,0.00171408,0.00181623,0.00187221,0.00183309,0.00177424,0.00172708,0.00170534,0.00170688,0.00170369,0.00166903,0.00156026,0.0014478,0.0013817,0.00136986,0.00136002,0.00133197,0.00129119,0.00125916,0.0012367,0.00122221,0.00120876,0.00119025,0.00115395,0.00111239,0.00108091,0.00106052,0.0010451,0.00101769,0.000966215,0.00085228,0.000736947,0.000676232,0.000690282,0.000724108,0.000730076,0.000730437,0.00073923,0.000756247,0.00076651,0.000765725,0.000757383,0.00075221,0.000752644,0.000756309,0.000759816,0.000760821,0.000753349,0.000744045,0.000740838,0.000742335,0.000741858,0.000734026,0.000725138,0.000717318,0.000711544,0.000709027,0.000706587,0.00070201,0.000689914,0.00067711,0.000668668,0.000664872,0.000657728,0.00064482,0.000628696,0.000614994,0.000604598,0.000597013,0.000591137,0.000580443,0.000563731,0.000545234,0.00053383,0.000530283
0.00048238,0.000486271,0.000493645,0.000507918,0.000526883,0.000538414,0.000536678,0.000532918,0.000536823,0.000545872,0.000559024,0.000572575,0.000582705,0.000586807,0.000589839,0.000598969,0.000612318,0.000621857,0.000623223,0.000620478,0.000619756,0.000624151,0.000631893,0.00064284,0.000651375,0.000650154,0.000645059,0.000648205,0.000657147,0.000658468,0.000649953,0.000639833,0.000633369,0.00062972,0.000628747,0.000628943,0.00062692,0.000618575,0.000607538,0.000601228,0.000599575,0.000598082,0.000594953,0.000595146,0.000602213,0.000614022,0.000630604,0.00064981,0.000666517,0.000674219,0.000676946,0.000686071,0.000704349,0.000716715,0.000715992,0.000711432,0.00071162,0.000716263,0.000724168,0.000732233,0.000737214,0.00073763,0.000738104,0.000744355,0.00075428,0.000759134,0.000755967,0.000749774,0.000745597,0.000744852,0.000746562,0.000749742,0.000750791,0.000745198,0.000737482,0.000736194,0.000739716,0.000740739,0.000734851,0.000724163,0.000712152,0.00070534,0.000711233,0.000729729,0.00075021,0.000766044,0.000780761,0.000798684,0.000821055,0.000841615,0.000856545,0.000868327,0.000880395,0.000896222,0.000919235,0.000948197,0.000965666,0.000955284,0.000979094,0.0011299,0.00136222,0.00149671,0.00150842,0.00148332,0.00147571,0.00149974,0.00156164,0.0016464,0.00167918,0.00161051,0.00150754,0.00145733,0.00145998,0.00144882,0.00138754,0.00131137,0.00126043,0.00123942,0.00123823,0.00124829,0.00123993,0.00120028,0.00118705,0.00126683,0.00141895,0.00155347,0.0015635,0.00151759,0.00151894,0.00157361,0.00166788,0.00176864,0.00181703,0.00177276,0.00171682,0.00174742,0.00180767,0.00181893,0.0017467,0.00164377,0.00158516,0.00159648,0.00163304,0.0016653,0.00166481,0.001615,0.00155486,0.00153478,0.00154903,0.00153966,0.00149253,0.0014375,0.00139884,0.001379,0.00136951,0.00136042,0.00134159,0.00130977,0.00127625,0.00125265,0.00124086,0.0012314,0.00122005,0.00121772,0.00123531,0.00127156,0.00132161,0.00137823,0.00144008,0.001509,0.00159443,0.00170832,0.00182337,0.00185896,0.00182059,0.00176239,0.00171827,0.00169565,0.00169055,0.0016894,0.00165031,0.00154317,0.00142786,0.0013778,0.00136422,0.00135175,0.00132175,0.0012841,0.00125219,0.00123012,0.00121509,0.00120224,0.00118414,0.00114965,0.00110686,0.00107553,0.00105682,0.00103953,0.00101135,0.000958076,0.000855967,0.000728861,0.000664859,0.000680945,0.000712645,0.000718706,0.000718721,0.000731102,0.000747445,0.000757168,0.000755619,0.000749144,0.000745173,0.000745602,0.000748814,0.000752375,0.000752848,0.000746292,0.000737239,0.000734265,0.000736302,0.000734814,0.000727664,0.000718804,0.000711344,0.000705966,0.000702478,0.000700691,0.000695608,0.000683704,0.000670761,0.000663611,0.000659211,0.000651982,0.000638863,0.000623532,0.000609962,0.000599224,0.000592158,0.000585586,0.000575035,0.00055819,0.000540644,0.000529802,0.000526865
0.000482308,0.000485795,0.000493515,0.000509128,0.000528245,0.000539993,0.000539125,0.000533889,0.000534944,0.000545335,0.000559059,0.000573344,0.000583648,0.000587233,0.000590206,0.000600017,0.000613882,0.000623902,0.000623756,0.000621074,0.000620218,0.000623778,0.000634193,0.000647554,0.000654156,0.000650626,0.000646796,0.000649489,0.00065772,0.000662388,0.000655217,0.00064162,0.000632522,0.000629231,0.000629214,0.000630359,0.000626997,0.000616796,0.000606648,0.000600492,0.000598733,0.00059812,0.000596252,0.000595288,0.000600054,0.00061254,0.000631255,0.000653465,0.000668843,0.000671736,0.000676152,0.000690417,0.000709046,0.000720383,0.000718779,0.000712905,0.000711743,0.000716575,0.000724522,0.000732588,0.000737474,0.00073766,0.000737917,0.000744228,0.000754344,0.000759709,0.000756339,0.000749317,0.000744645,0.000743844,0.000746566,0.000751295,0.000751329,0.000743836,0.000737282,0.000736367,0.000740258,0.000741751,0.000735606,0.00072475,0.000712704,0.000705966,0.00071165,0.00072977,0.000751182,0.000767974,0.000781593,0.000800261,0.000822902,0.00084322,0.000858613,0.000870087,0.000881151,0.000896783,0.000924979,0.00096064,0.000970632,0.000957808,0.000988347,0.00112709,0.00133082,0.00150606,0.00153054,0.00148124,0.0014597,0.00148445,0.00155682,0.00164017,0.00166734,0.00159876,0.00149807,0.00145003,0.00145391,0.00144404,0.00138413,0.00130895,0.00125585,0.00123319,0.00123793,0.00124823,0.00123736,0.0011966,0.00118304,0.0012807,0.00144893,0.00154193,0.0015422,0.0015128,0.00151766,0.00157003,0.00166164,0.00176072,0.00180566,0.00178012,0.00172278,0.0017196,0.00178293,0.00180888,0.00172399,0.00163272,0.00159095,0.00159584,0.00162665,0.00165845,0.00166273,0.00161092,0.00155237,0.0015263,0.00153681,0.00154082,0.00149672,0.00143426,0.00139401,0.00137458,0.0013651,0.00135552,0.00133694,0.00130444,0.00127028,0.00124986,0.00123791,0.00122628,0.00121442,0.0012128,0.00123139,0.0012678,0.00131461,0.00137086,0.00143361,0.00150298,0.00158721,0.00169043,0.00179222,0.00185431,0.00182325,0.0017515,0.0017021,0.00167902,0.00167727,0.00167309,0.001633,0.00153939,0.00142806,0.00135613,0.00134825,0.00134483,0.00131461,0.00127703,0.00124498,0.00122281,0.00120978,0.00119994,0.0011776,0.00114033,0.00110018,0.00106966,0.0010502,0.00103446,0.00101524,0.000957862,0.000838807,0.000725041,0.000667569,0.000675077,0.000714484,0.000727871,0.00072291,0.000727258,0.000745006,0.000758497,0.000756631,0.000749526,0.000745168,0.00074525,0.000748698,0.000753126,0.00075224,0.000743656,0.000735478,0.000732225,0.000733526,0.0007341,0.000727219,0.000717066,0.00070878,0.000703336,0.000701076,0.000699561,0.000694237,0.00068245,0.000669345,0.000661452,0.000657749,0.000650676,0.000637855,0.000622168,0.000608258,0.000597898,0.000590602,0.000584497,0.000574503,0.00055752,0.000539714,0.000528893,0.000525645
0.000482117,0.000485679,0.000493848,0.000510399,0.00052896,0.000541158,0.000539863,0.000533682,0.000535867,0.000545124,0.000559137,0.000573562,0.000584492,0.000587934,0.000591225,0.000601608,0.00061556,0.000626097,0.000626101,0.000621923,0.000620303,0.000624237,0.000635046,0.000648145,0.000657013,0.000653578,0.000649451,0.000652869,0.000660522,0.00066558,0.000656545,0.000642737,0.000632953,0.000628897,0.000629404,0.000629728,0.000626798,0.000616672,0.000606329,0.000600282,0.000598387,0.000597911,0.000595445,0.000594715,0.000599758,0.00061191,0.000631592,0.000654151,0.000671209,0.000675069,0.000678801,0.000693277,0.000712079,0.000724277,0.000722258,0.00071382,0.000712594,0.000716919,0.000724959,0.000732704,0.00073786,0.000736907,0.000737782,0.00074468,0.000754147,0.000760031,0.000756047,0.000748846,0.000744116,0.000743129,0.000746086,0.000750222,0.000751529,0.000744877,0.000737818,0.000737302,0.000740718,0.000742597,0.00073604,0.000725,0.000712426,0.000706577,0.000712392,0.00072993,0.000752142,0.000767625,0.000782267,0.000801209,0.000823416,0.000844857,0.0008599,0.000871665,0.000882293,0.000898839,0.000927465,0.000960114,0.000975629,0.000967946,0.00100535,0.001148,0.0013356,0.00149702,0.00151282,0.00147522,0.00145498,0.00147885,0.00154669,0.00162349,0.00165356,0.00158299,0.00149106,0.00144576,0.00144306,0.00143773,0.0013795,0.00130536,0.00125486,0.0012319,0.00123535,0.00124452,0.0012343,0.00118948,0.00118042,0.00128694,0.0014319,0.00154568,0.0015405,0.00151198,0.00151529,0.00156282,0.00165355,0.00174175,0.00179719,0.00175733,0.00171536,0.00172089,0.0017693,0.00179848,0.00172105,0.00162753,0.00158606,0.00158739,0.00162312,0.00165499,0.00165839,0.00160506,0.00154805,0.00152706,0.00153492,0.00153426,0.00148663,0.0014294,0.00139098,0.0013702,0.00136096,0.00135039,0.00133293,0.0012998,0.00126657,0.00124508,0.00123236,0.0012215,0.00121074,0.00120913,0.00122781,0.00126177,0.00130911,0.00136502,0.00142681,0.00149424,0.00157859,0.00168634,0.00177825,0.00183454,0.00180016,0.00173809,0.00169028,0.00166604,0.00166234,0.00165388,0.00161468,0.00152009,0.00141518,0.00135639,0.00134411,0.00133597,0.0013061,0.00126951,0.00123847,0.00121635,0.00120337,0.00119134,0.00117173,0.00113298,0.00109452,0.00106459,0.00104437,0.00102865,0.00100166,0.000949398,0.000839083,0.000737124,0.000672867,0.000679934,0.000715199,0.00072507,0.00072421,0.000729263,0.000744612,0.000759946,0.000757584,0.000749948,0.000744919,0.000744794,0.000748446,0.000751846,0.000751489,0.000743068,0.000734145,0.000731836,0.000732522,0.000732395,0.000724827,0.000715205,0.000706882,0.000701482,0.000699222,0.000697734,0.000692759,0.000680621,0.000667845,0.00065987,0.000655431,0.000649567,0.000636005,0.000620547,0.000606644,0.000596238,0.000589473,0.000582891,0.000573456,0.000556035,0.000538914,0.000527966,0.0005241
0.000481482,0.000485536,0.000493394,0.000509471,0.000529917,0.000541504,0.00053864,0.000532756,0.000535071,0.000544454,0.000558813,0.000574028,0.000584975,0.00058889,0.000591371,0.000600607,0.000616636,0.00062728,0.000627091,0.000622177,0.000619977,0.000623829,0.000635052,0.000650839,0.000659088,0.000655315,0.000650046,0.000653308,0.000663167,0.000668302,0.000658918,0.000643071,0.000632283,0.000628615,0.000629146,0.000630062,0.000626245,0.000616187,0.000604897,0.000598642,0.000597598,0.000597193,0.00059471,0.000593647,0.000598321,0.000610422,0.00063071,0.00065499,0.000672489,0.000677073,0.000679029,0.000692663,0.000714435,0.000727189,0.000723425,0.000714285,0.000712301,0.000716925,0.000724683,0.000732628,0.000737388,0.000736203,0.00073627,0.000743471,0.00075446,0.000759299,0.000754649,0.000747519,0.000742627,0.000741867,0.000744946,0.000749829,0.000751198,0.000745477,0.00073709,0.000736138,0.000741024,0.000742336,0.000735791,0.000724607,0.000712423,0.000705754,0.000711954,0.000731123,0.00075259,0.000768129,0.000782046,0.000801214,0.000824847,0.000845806,0.000860827,0.000872508,0.000883566,0.000899446,0.000927898,0.000961757,0.000979688,0.000974624,0.00100907,0.00114105,0.0013449,0.00148809,0.00150606,0.0014671,0.0014493,0.00147096,0.00153203,0.00161129,0.00164045,0.00157637,0.00147937,0.00143455,0.00144105,0.00143242,0.00137498,0.00130209,0.00125235,0.00122961,0.00123025,0.00124166,0.00123175,0.00118659,0.00117332,0.00127096,0.00143116,0.00154375,0.00153872,0.00150514,0.00150539,0.00155529,0.00164158,0.00173463,0.00178517,0.00174699,0.00169631,0.00170503,0.00176727,0.00178526,0.00171274,0.00161837,0.00157438,0.00157981,0.00161619,0.00165473,0.00165298,0.00159882,0.00153817,0.00152435,0.00153787,0.00152933,0.00148388,0.00142532,0.00138615,0.00136648,0.00135587,0.00134556,0.00132761,0.0012951,0.00126134,0.00123891,0.00122714,0.00121641,0.00120457,0.00120319,0.00122012,0.00125536,0.00130317,0.00135881,0.00141992,0.00148585,0.00156761,0.00167471,0.00177679,0.00182071,0.00179211,0.00172455,0.00167563,0.00165217,0.00164524,0.00163788,0.00159679,0.00150167,0.00139904,0.00135022,0.00133919,0.00132763,0.00129885,0.00126198,0.00123103,0.00120919,0.00119533,0.00118401,0.00116492,0.00112767,0.00108748,0.00105819,0.00103919,0.00102245,0.000996297,0.00094226,0.000846985,0.000734981,0.00066999,0.00068209,0.000715789,0.000727793,0.000723331,0.00072776,0.000745725,0.000760397,0.000758788,0.000749374,0.00074393,0.000743859,0.000747255,0.000750895,0.000749814,0.000741165,0.00073131,0.000729216,0.00073168,0.000730216,0.000722655,0.000712716,0.000704461,0.000698957,0.000696538,0.000695544,0.000690635,0.000678844,0.000665347,0.000657132,0.000653548,0.000647978,0.000634852,0.000618406,0.000604424,0.000594083,0.000587727,0.000582355,0.000572344,0.000555917,0.000537634,0.000526277,0.00052281
0.000480647,0.000484212,0.00049294,0.000509823,0.000529994,0.000541379,0.000539516,0.000532234,0.000534268,0.000543742,0.000558618,0.000573677,0.00058503,0.000588474,0.000591537,0.000601503,0.000617642,0.000628432,0.000628024,0.000622323,0.000619852,0.000623636,0.0006354,0.000650313,0.000660279,0.000656634,0.000650939,0.000654593,0.00066459,0.000670056,0.000658531,0.000643113,0.000632951,0.000628784,0.000628795,0.000628807,0.000625744,0.000615884,0.000604032,0.000597728,0.000596511,0.000596039,0.000593204,0.000592338,0.000596722,0.000609018,0.000629912,0.000655235,0.000673329,0.000678091,0.000679504,0.00069364,0.000715493,0.000729254,0.000725711,0.000715222,0.000712439,0.000716347,0.00072442,0.000732216,0.000736265,0.000736003,0.000735343,0.000741598,0.000751911,0.000757694,0.000753858,0.000745775,0.000740963,0.000740454,0.000744021,0.000749516,0.000750572,0.000743208,0.000736686,0.000735504,0.000738846,0.0007415,0.000735485,0.000723849,0.000711253,0.000705182,0.000711763,0.000729929,0.000752181,0.000767227,0.000781997,0.000801331,0.000824481,0.000846054,0.000861515,0.000873189,0.000883467,0.000901016,0.000930192,0.000962925,0.000982934,0.00098895,0.00101786,0.00115028,0.00134926,0.00148562,0.00150626,0.00145936,0.00144112,0.00146201,0.00152129,0.00160114,0.00162851,0.00157125,0.00147358,0.00143106,0.00143605,0.00142746,0.00137505,0.00130064,0.00124957,0.00122525,0.00122659,0.00124018,0.00122974,0.00119453,0.00117367,0.00127556,0.00142339,0.00152985,0.00153758,0.00149499,0.00149633,0.0015458,0.00163332,0.00172231,0.00176309,0.00173491,0.00168312,0.00169357,0.00175614,0.00177328,0.00171028,0.00161006,0.00157009,0.00157383,0.0016084,0.0016422,0.0016501,0.00160129,0.00153632,0.00152032,0.00153075,0.00152601,0.00147755,0.0014229,0.00138306,0.00136104,0.00135089,0.00134002,0.00132067,0.00129023,0.00125639,0.00123306,0.00121996,0.00121082,0.00120034,0.00119594,0.00121397,0.00124914,0.0012971,0.0013527,0.00141267,0.00147866,0.00155694,0.00166077,0.00175844,0.00181118,0.0017707,0.00170993,0.0016615,0.00163551,0.00162841,0.00162172,0.0015799,0.00149467,0.00139226,0.00134261,0.00132912,0.00132013,0.00129029,0.00125516,0.00122427,0.00120158,0.00118796,0.00117681,0.00115648,0.00112227,0.00108186,0.00105128,0.00103203,0.00101639,0.000993011,0.000939216,0.000834988,0.000734358,0.000677355,0.000692047,0.000718453,0.000724172,0.000722703,0.000729275,0.000747,0.000760609,0.000757348,0.000748691,0.00074318,0.000742866,0.000746112,0.000749658,0.000748298,0.000739996,0.000729648,0.000726746,0.000728207,0.000728382,0.000720752,0.000710077,0.000701636,0.000696275,0.000694218,0.000693461,0.000688474,0.000676649,0.000662927,0.000654941,0.000651293,0.000645634,0.000631814,0.00061614,0.000602381,0.000592142,0.00058584,0.000580122,0.000571521,0.000553911,0.000536996,0.000525496,0.000520777
0.000479584,0.000483297,0.000491243,0.00050896,0.000529186,0.000540974,0.00053799,0.000531722,0.000532514,0.000542795,0.000557633,0.000573903,0.000584824,0.000588795,0.000590657,0.000601829,0.000617925,0.000629569,0.000627254,0.000622262,0.000619597,0.00062269,0.000635308,0.000652222,0.000661745,0.000657893,0.000652052,0.000655488,0.000667986,0.000671477,0.000659581,0.000643231,0.000632825,0.000628113,0.000627845,0.000628502,0.00062453,0.000613618,0.000602868,0.000596229,0.000594721,0.00059473,0.000592669,0.000591052,0.000595112,0.00060746,0.000629095,0.000654663,0.000674342,0.000677781,0.000680108,0.000693788,0.000717579,0.000731328,0.000724791,0.000715372,0.000711688,0.000716203,0.000723981,0.000731434,0.00073551,0.000733957,0.000734156,0.000739522,0.00075014,0.000756573,0.000752157,0.000744347,0.000739234,0.000738607,0.000742881,0.000748151,0.000749127,0.000743189,0.000735191,0.0007335,0.000738347,0.000740491,0.00073412,0.0007227,0.00071064,0.000703465,0.000711119,0.00073122,0.000751808,0.000767971,0.000781684,0.000801198,0.00082515,0.000846717,0.000861943,0.000873825,0.000885485,0.000902433,0.000930692,0.000965797,0.000986203,0.000982234,0.00102688,0.0011566,0.00133629,0.00147822,0.00148433,0.00145111,0.0014299,0.00144702,0.00150667,0.0015751,0.00161033,0.00154255,0.00146344,0.00141926,0.00141862,0.00141961,0.0013662,0.00129627,0.00124367,0.00122143,0.00122377,0.00123449,0.0012262,0.00117931,0.00117933,0.0012645,0.00140724,0.00152951,0.00152366,0.00148851,0.00148659,0.00153514,0.00161933,0.00169902,0.00174825,0.00171293,0.00166911,0.00168104,0.00174033,0.00175739,0.00168493,0.001604,0.0015597,0.00156312,0.00159668,0.00163455,0.00164104,0.00158993,0.00153342,0.00150921,0.0015246,0.00151901,0.00147656,0.00141632,0.00137698,0.001357,0.00134554,0.00133386,0.00131551,0.00128398,0.00125094,0.00122735,0.00121518,0.00120517,0.00119357,0.00119133,0.00120797,0.00124271,0.00129065,0.00134521,0.00140437,0.00146883,0.00154545,0.00164336,0.001743,0.00178674,0.00175595,0.00168954,0.00164354,0.00161853,0.00161009,0.00159638,0.00156057,0.00147305,0.00138526,0.00133004,0.00132117,0.00131124,0.00128435,0.00124685,0.00121614,0.00119456,0.00118063,0.00116887,0.00114978,0.00111345,0.00107568,0.00104432,0.0010253,0.00100999,0.000986152,0.000932946,0.000833899,0.000729753,0.000682771,0.000689721,0.000718201,0.000723904,0.000720821,0.000729707,0.000747074,0.000760029,0.000757027,0.000747776,0.000742605,0.000741895,0.00074485,0.000747404,0.000746517,0.000736949,0.000727608,0.000723569,0.000725992,0.000726054,0.000718243,0.000707535,0.000698726,0.000693414,0.000691661,0.000690217,0.000686102,0.0006737,0.000660385,0.000652363,0.000649489,0.000643045,0.000629559,0.000613696,0.000600177,0.000590028,0.000583309,0.000578533,0.000569314,0.000553248,0.000534691,0.000523258,0.000519623
0.000478195,0.000481349,0.000489419,0.000506929,0.000527582,0.000539234,0.000536714,0.00053054,0.00053103,0.000541463,0.000556551,0.000573084,0.000584706,0.000588012,0.000589998,0.000602293,0.000619203,0.000628941,0.000628359,0.000621697,0.000618952,0.000622737,0.000635819,0.000652248,0.000664168,0.000660443,0.000653258,0.000656792,0.000669936,0.000672434,0.00065962,0.00064287,0.000632296,0.000627541,0.000626752,0.000626446,0.000623086,0.000613012,0.000600557,0.000594283,0.000593828,0.000593351,0.000590834,0.000590066,0.000594073,0.000606262,0.000628075,0.000655035,0.000675047,0.000678875,0.000680258,0.000693832,0.000718178,0.000731331,0.000727094,0.000714843,0.000710641,0.000715375,0.000723058,0.000730354,0.000733925,0.000733069,0.000732066,0.000737327,0.000748052,0.000754848,0.000750843,0.000742641,0.000737448,0.000736905,0.000741264,0.000746942,0.000748009,0.000740946,0.000733893,0.000732242,0.000736895,0.000739191,0.000732994,0.000721433,0.000709765,0.000703448,0.000711308,0.000730276,0.00075253,0.000767526,0.000782223,0.000801252,0.000824911,0.00084753,0.000862921,0.000874601,0.000886687,0.000903788,0.000931845,0.000966029,0.000987299,0.000993256,0.00101958,0.00115007,0.00133321,0.00145175,0.00147645,0.00143501,0.00141289,0.00143089,0.00148923,0.00155974,0.00157749,0.00152694,0.00143856,0.00140035,0.00140986,0.00140504,0.00135595,0.00128817,0.00123681,0.00121628,0.00121768,0.00122907,0.00121941,0.00118175,0.00116412,0.00125482,0.00141134,0.00151891,0.00151855,0.00147992,0.00147683,0.00152249,0.00160362,0.00168745,0.00172599,0.00169515,0.00164864,0.00165892,0.00171865,0.00173272,0.00167485,0.00158696,0.00154777,0.00155512,0.00158625,0.00162085,0.00162736,0.00158793,0.00152416,0.00149854,0.00151526,0.00151208,0.00146927,0.0014105,0.00137112,0.00135193,0.00134005,0.00132885,0.0013103,0.00127934,0.00124592,0.00122125,0.00120834,0.00119938,0.00118805,0.00118581,0.00120196,0.0012363,0.00128379,0.00133752,0.00139578,0.00145894,0.00153366,0.00162765,0.00172299,0.00176263,0.0017329,0.00167001,0.00162346,0.00159782,0.00158816,0.00157653,0.00153581,0.00146132,0.00137105,0.00131741,0.00131062,0.00130253,0.00127552,0.00123869,0.00120811,0.00118681,0.00117255,0.00116139,0.00114186,0.00110819,0.00106856,0.00103723,0.00101828,0.00100294,0.000979994,0.000926606,0.000829461,0.000726508,0.000682888,0.000697067,0.000716222,0.00072101,0.000718786,0.000729746,0.000748352,0.000758285,0.000755592,0.000747145,0.000741717,0.000740621,0.000743135,0.000745866,0.000743585,0.00073534,0.000724796,0.000720508,0.000723059,0.000723341,0.00071578,0.000704805,0.000695778,0.000690358,0.000688602,0.00068776,0.000682725,0.000670755,0.000657256,0.000649635,0.000647237,0.000640506,0.000627011,0.000611322,0.000597852,0.000587709,0.000580867,0.000576053,0.000567175,0.000550976,0.00053271,0.000521274,0.000517617
0.000476717,0.000479534,0.000488066,0.000505885,0.00052458,0.00053668,0.000535472,0.000529094,0.000530369,0.000539904,0.000555606,0.000571742,0.000584747,0.000586918,0.000590511,0.000602334,0.000617613,0.00063011,0.000626641,0.000621011,0.000617786,0.000622384,0.000635608,0.000654067,0.000665199,0.000661391,0.000653611,0.000658441,0.000668715,0.000673565,0.000659664,0.000642762,0.000631215,0.000626415,0.000625876,0.000625194,0.00062162,0.000610491,0.000598946,0.000592733,0.000591667,0.000591676,0.000589576,0.00058853,0.000592894,0.000604806,0.000626501,0.00065478,0.000675053,0.00067942,0.000680617,0.000694365,0.000716401,0.0007323,0.000725595,0.000714792,0.000710374,0.000714045,0.000722288,0.00072881,0.000732264,0.000730123,0.000729873,0.000735794,0.000745754,0.000752143,0.000747947,0.000740511,0.000735928,0.000735463,0.000739409,0.000745094,0.000746365,0.000740131,0.000732188,0.000731677,0.000735606,0.000737355,0.000730749,0.000719982,0.000708287,0.000703721,0.000710626,0.00073041,0.000752052,0.000767885,0.000782024,0.000801565,0.000824932,0.00084745,0.000863335,0.000874974,0.000886711,0.000905332,0.000933927,0.000965964,0.000989435,0.000989465,0.00102523,0.00115096,0.00131091,0.00143998,0.00145118,0.00142311,0.00140214,0.00141696,0.0014728,0.00152919,0.00155471,0.00149459,0.00142344,0.0013899,0.00139277,0.00139122,0.00134441,0.00128023,0.00123414,0.0012125,0.00121269,0.00122164,0.00121503,0.00116929,0.0011622,0.00125296,0.00139529,0.00150587,0.00150429,0.00146836,0.00146972,0.00151132,0.00158878,0.0016612,0.00170361,0.00167286,0.00163159,0.00164519,0.00169042,0.00171339,0.00165168,0.00157616,0.0015396,0.00154375,0.00157652,0.0016064,0.00161778,0.00156896,0.00151609,0.00149648,0.00150586,0.00150602,0.00146078,0.00140622,0.00136791,0.00134562,0.00133458,0.00132293,0.00130414,0.00127344,0.00123978,0.00121662,0.00120254,0.00119281,0.00118226,0.00117903,0.00119649,0.00123004,0.00127657,0.00133017,0.00138691,0.00144841,0.00151992,0.00161514,0.00169864,0.00173966,0.0017075,0.00164954,0.00160491,0.00157894,0.00156793,0.00155061,0.00151652,0.00143929,0.00136135,0.00131351,0.00129891,0.00129428,0.00126594,0.00123099,0.00120085,0.00117904,0.00116463,0.00115225,0.00113392,0.0010994,0.00106193,0.00103118,0.00101096,0.000995918,0.000970985,0.000919103,0.000823727,0.000735757,0.000687138,0.000690239,0.000716438,0.000719365,0.000718789,0.000728537,0.000744932,0.000757863,0.000754201,0.000746205,0.000740499,0.000739312,0.000741453,0.000743093,0.00074145,0.000731221,0.00072235,0.000718904,0.000719834,0.000720336,0.000712903,0.000701788,0.000692815,0.00068742,0.000685575,0.00068403,0.000679573,0.000667448,0.000654294,0.000647155,0.000643741,0.000637916,0.000624261,0.000608908,0.000595318,0.000585011,0.000578622,0.000573287,0.000565348,0.000548215,0.000531365,0.000520024,0.000515176
0.000475089,0.000478312,0.000486247,0.000503181,0.00052393,0.000535879,0.000533539,0.000527427,0.000528734,0.00053864,0.000554081,0.000570909,0.000582868,0.000586238,0.00058873,0.000600274,0.000618184,0.000629388,0.000627248,0.000619919,0.000616518,0.000620518,0.000633604,0.000652809,0.00066491,0.000660943,0.00065333,0.000657815,0.000669951,0.000674701,0.000661712,0.000642221,0.000629874,0.000625225,0.000624342,0.000623615,0.000619856,0.000609511,0.000597029,0.000590623,0.000590145,0.000589594,0.000586987,0.000586254,0.000590989,0.000603059,0.000624741,0.000653075,0.000674124,0.000678772,0.000679573,0.000692711,0.000715972,0.000732755,0.000727734,0.000713697,0.000708632,0.00071328,0.000720973,0.00072758,0.000730814,0.000729034,0.000727475,0.00073356,0.000744558,0.000749221,0.000745018,0.000738204,0.00073397,0.000733699,0.000737161,0.000742767,0.000744283,0.000737471,0.000729716,0.000730122,0.000734891,0.000735199,0.000728597,0.000718255,0.000707292,0.000701545,0.000707916,0.000728057,0.00075061,0.000766587,0.000780749,0.000800342,0.000824731,0.000847219,0.000863043,0.000875065,0.000887428,0.000905125,0.000934061,0.000968724,0.000991083,0.00099562,0.00102917,0.00114651,0.00131605,0.00143499,0.00144829,0.00141203,0.00138953,0.00140138,0.00145311,0.00151594,0.0015368,0.00148384,0.00140812,0.00137703,0.00138764,0.00138089,0.00133274,0.00127314,0.00123,0.00120801,0.0012067,0.00121556,0.00121088,0.00117375,0.00115893,0.00124624,0.00140148,0.00149286,0.00148762,0.00145781,0.00146,0.00150008,0.00157107,0.00164693,0.00168323,0.00165571,0.00161562,0.00162657,0.00167785,0.00169997,0.00164495,0.00156598,0.0015272,0.00153216,0.00156344,0.00159697,0.00160394,0.00156144,0.00150415,0.00148572,0.00150001,0.00149575,0.00145257,0.00139806,0.00135977,0.00134008,0.00132861,0.00131685,0.00129758,0.00126642,0.00123316,0.00121043,0.0011973,0.00118649,0.00117559,0.00117373,0.0011902,0.00122374,0.0012688,0.00132097,0.0013767,0.00143401,0.00150271,0.00159296,0.00167806,0.00171485,0.00168535,0.00162704,0.00158177,0.00155813,0.00154584,0.0015313,0.00149631,0.00142616,0.00134695,0.00130041,0.00129122,0.00128384,0.00125705,0.00122196,0.00119239,0.00117141,0.00115653,0.00114402,0.00112606,0.00109367,0.00105429,0.0010237,0.00100489,0.000987828,0.000962051,0.00091144,0.000823632,0.000730071,0.000682155,0.000690818,0.000715947,0.000721982,0.00071815,0.00072632,0.000744905,0.000757301,0.000754476,0.000744765,0.000738279,0.000737304,0.00073931,0.000741535,0.000738726,0.000728795,0.000718582,0.000715312,0.000717609,0.000717164,0.000709431,0.000698595,0.000689659,0.000684308,0.000682432,0.000681946,0.000676954,0.000664717,0.000651473,0.000643954,0.000641045,0.00063506,0.000621855,0.00060587,0.000592137,0.000582091,0.000575829,0.000571012,0.000562164,0.000545941,0.000528263,0.000516918,0.000513052
0.000473113,0.000476613,0.000484519,0.000501299,0.000520643,0.000534223,0.000530679,0.000525731,0.000527627,0.000536885,0.000552064,0.000568093,0.000580034,0.0005837,0.000586746,0.000598812,0.000614977,0.000626656,0.000625207,0.000617936,0.00061461,0.000618768,0.000632133,0.000651653,0.000663836,0.00066034,0.000653064,0.000657635,0.000667493,0.000673114,0.000658415,0.000640227,0.000628036,0.000622894,0.000622238,0.000621441,0.000617471,0.000605902,0.000594551,0.000588496,0.000587143,0.000587162,0.000585018,0.000583961,0.000588695,0.000601533,0.000623693,0.000651671,0.000671912,0.00067657,0.000677877,0.000691678,0.00071371,0.000729365,0.000721708,0.000711119,0.000708044,0.000711655,0.000718928,0.000725237,0.00072866,0.000725954,0.000724941,0.000731014,0.000740416,0.000746213,0.000742819,0.000735904,0.000731727,0.0007314,0.000735065,0.000740625,0.000742204,0.000735872,0.000728092,0.000727883,0.000731434,0.000732965,0.000726783,0.000716434,0.000704982,0.000699849,0.000706361,0.000726895,0.000749192,0.000765347,0.000779872,0.000799869,0.000824024,0.000846429,0.000861955,0.000874984,0.000887838,0.000906101,0.000934075,0.000965646,0.000990455,0.000991818,0.00103214,0.00114645,0.0012989,0.00142018,0.00142756,0.00139799,0.00137762,0.00138633,0.00143275,0.00148744,0.00151274,0.00145699,0.00139295,0.00136344,0.00136727,0.00136698,0.00131908,0.00126539,0.00122359,0.00120188,0.00120173,0.00121045,0.00120417,0.00115894,0.00115274,0.00123641,0.00137086,0.0014785,0.00148051,0.00144717,0.00144984,0.00148667,0.00155689,0.00162945,0.00166159,0.00163005,0.0016014,0.00161316,0.00164958,0.00167693,0.00161774,0.00155188,0.00151584,0.00151862,0.00154979,0.00157991,0.00158463,0.00153828,0.00149142,0.0014748,0.00148197,0.00148255,0.00144421,0.00138965,0.00135381,0.0013336,0.00132235,0.00131021,0.00129073,0.00126096,0.00122782,0.00120435,0.00118988,0.0011797,0.00116904,0.00116792,0.00118534,0.0012168,0.00126075,0.00131054,0.00136503,0.0014217,0.0014858,0.0015714,0.00164853,0.00168637,0.00165551,0.001603,0.00155969,0.00153495,0.00152394,0.00150816,0.00147264,0.00140085,0.00133199,0.00129273,0.0012808,0.001273,0.00124792,0.00121314,0.0011846,0.00116348,0.00114853,0.00113596,0.00111779,0.00108336,0.00104612,0.00101754,0.000997517,0.000979631,0.000950834,0.000902802,0.00081775,0.000730434,0.000681419,0.000691255,0.000714318,0.000717253,0.0007165,0.000725341,0.000741713,0.000754762,0.000751195,0.000742565,0.00073652,0.00073497,0.000736484,0.000737287,0.000734871,0.000725249,0.000715131,0.000712291,0.000713955,0.000713476,0.000705245,0.00069518,0.000686498,0.000681108,0.000678942,0.000677766,0.00067369,0.00066115,0.000648965,0.000641295,0.000636881,0.000631718,0.00061896,0.000602634,0.000588947,0.000579063,0.000572979,0.000567533,0.000558463,0.000542506,0.000525361,0.000514403,0.00051055
0.000470805,0.000473705,0.000481674,0.000497641,0.000518296,0.000530153,0.000528784,0.000523393,0.000525178,0.000534489,0.000549433,0.000565865,0.000577904,0.000581404,0.000584565,0.000595791,0.000613571,0.000624741,0.000622364,0.000615287,0.000611531,0.00061586,0.000629548,0.000647396,0.000660444,0.000656057,0.000649787,0.000652942,0.000665478,0.000668559,0.000655867,0.000636957,0.000624858,0.000620347,0.000619509,0.000619338,0.000614619,0.000603418,0.000591824,0.000586242,0.000585206,0.000584637,0.000582453,0.000581879,0.000586581,0.000598693,0.000620951,0.000646811,0.000667902,0.00067267,0.000674277,0.000687941,0.000712292,0.000724076,0.000718182,0.000708223,0.000705299,0.000708962,0.000715966,0.000722651,0.000725636,0.000723687,0.000721892,0.000728053,0.000737961,0.000742942,0.000739232,0.000733191,0.000728918,0.000728733,0.000732558,0.00073756,0.000739551,0.000732903,0.000726124,0.000725376,0.000729364,0.000730663,0.000724821,0.000714462,0.000703327,0.000697696,0.000705279,0.000725289,0.000747832,0.000763947,0.000778744,0.00079869,0.000823442,0.000845373,0.00086172,0.000874694,0.000887922,0.000906487,0.000934862,0.000968533,0.000990739,0.00100304,0.00103377,0.00113678,0.00129421,0.00140059,0.00141467,0.00138082,0.00136152,0.00137177,0.00141027,0.00146574,0.00148579,0.0014413,0.00137347,0.00134485,0.0013535,0.00134869,0.00130932,0.00125515,0.00121477,0.00119523,0.00119572,0.00120642,0.00119835,0.00116414,0.00114833,0.00122761,0.00136598,0.00146539,0.00146979,0.00143601,0.00143337,0.00147312,0.00153934,0.00160378,0.00163638,0.0016115,0.00157607,0.00158707,0.00163243,0.00164782,0.00160723,0.00153667,0.00150145,0.00150684,0.00153415,0.00156477,0.00156779,0.00152935,0.00147971,0.00146426,0.00147488,0.00147218,0.00143356,0.00138304,0.00134641,0.00132694,0.00131509,0.00130249,0.00128339,0.00125385,0.00122153,0.00119654,0.00118314,0.00117235,0.00116296,0.00116041,0.00117759,0.00121031,0.00125242,0.0013013,0.00135342,0.00140807,0.00147017,0.0015472,0.00162451,0.00165686,0.00163089,0.00157725,0.00153612,0.00151326,0.0015007,0.00148687,0.00145175,0.00138821,0.00132087,0.00128247,0.00127196,0.00126374,0.00123646,0.00120468,0.00117598,0.00115464,0.00114009,0.00112766,0.00110886,0.00107515,0.00103806,0.00101001,0.000990136,0.000971764,0.000944833,0.000895275,0.000814896,0.000727894,0.000684278,0.000692294,0.000713251,0.000716325,0.00071406,0.000722613,0.000740167,0.000750983,0.000748332,0.000739314,0.000733468,0.000731938,0.000733156,0.000734211,0.000731162,0.000721807,0.00071181,0.000708501,0.00071096,0.000709538,0.000701564,0.000691432,0.000683129,0.000677567,0.000675058,0.000674195,0.000669547,0.000658281,0.000644991,0.000637058,0.000633776,0.000628197,0.000615379,0.000599529,0.000585802,0.000575816,0.000569633,0.000564445,0.000555534,0.000539536,0.000522701,0.000511857,0.000508279
0.00046835,0.000471449,0.00047827,0.000493956,0.000514574,0.000526232,0.000525847,0.000520484,0.000522866,0.000532385,0.000547235,0.000563178,0.000575171,0.000578504,0.000582151,0.000593197,0.000610206,0.000621388,0.000618971,0.00061243,0.000608985,0.000612362,0.000625525,0.000643979,0.000654205,0.000652926,0.000645429,0.000648426,0.000661215,0.000663731,0.000651881,0.000633216,0.000621652,0.000617269,0.000616601,0.000616158,0.000611604,0.00060101,0.000589728,0.000583923,0.000582345,0.000582126,0.000579876,0.000579574,0.000584419,0.000595877,0.000617586,0.000643888,0.000662399,0.000666929,0.000669828,0.000683276,0.000706313,0.000718637,0.000714053,0.000704411,0.000702266,0.000705921,0.000712832,0.000719634,0.00072271,0.000721201,0.000719502,0.000724739,0.000733505,0.000739563,0.000737199,0.00073003,0.000726026,0.000726153,0.000730142,0.000735296,0.000736113,0.000731177,0.000724128,0.000722763,0.000726037,0.000728292,0.000722213,0.000712213,0.000701322,0.000696249,0.000703891,0.000723427,0.000746212,0.000762341,0.000777673,0.000797682,0.000822354,0.000844659,0.000860575,0.000874258,0.000888434,0.000907165,0.000935104,0.000967135,0.000993444,0.000998972,0.00103808,0.00113705,0.00128628,0.00138426,0.00139979,0.00136425,0.00134542,0.0013553,0.00139184,0.00144549,0.00146123,0.00142242,0.00135626,0.00132975,0.00133905,0.00133319,0.00129791,0.00124577,0.00120737,0.00118915,0.00119066,0.00120126,0.00119563,0.0011555,0.00115602,0.00122733,0.00134951,0.00145657,0.00145747,0.00142692,0.00142036,0.0014554,0.00152069,0.00158611,0.0016096,0.00158928,0.0015553,0.0015678,0.00161402,0.00162673,0.00157921,0.00152231,0.00148969,0.00149452,0.00151941,0.00154758,0.00155222,0.00151016,0.00147113,0.00145364,0.00145949,0.0014617,0.00142248,0.00137444,0.00133876,0.00131937,0.00130731,0.00129447,0.00127574,0.00124653,0.001215,0.00119003,0.00117659,0.00116537,0.00115486,0.00115501,0.00117107,0.00120235,0.00124431,0.00129238,0.00134279,0.00139482,0.00145446,0.0015281,0.00160087,0.00162912,0.00160593,0.00155264,0.00151317,0.00149084,0.00147853,0.00146543,0.00143351,0.0013685,0.00130984,0.00127652,0.00126575,0.00125288,0.00122836,0.00119521,0.0011672,0.00114648,0.00113259,0.00112085,0.00109948,0.00106699,0.00103019,0.00100295,0.000983046,0.000963469,0.000935364,0.000889916,0.00081062,0.000727671,0.000685527,0.000690318,0.000711657,0.000715086,0.00071213,0.000720102,0.000736905,0.000746762,0.000744438,0.00073519,0.00072984,0.000728361,0.000729382,0.00072991,0.000727616,0.000718113,0.000708553,0.000705184,0.000707059,0.000705598,0.000697832,0.000687655,0.000679527,0.000674162,0.000671648,0.000670683,0.000665628,0.000654836,0.000641419,0.000633447,0.00063014,0.000624543,0.000611658,0.00059621,0.000582771,0.000572731,0.000566351,0.000560955,0.000552299,0.000536466,0.000520213,0.000509444,0.00050581
0.000465678,0.000467692,0.000474851,0.000490483,0.000508922,0.000521763,0.000521094,0.00051793,0.000520454,0.00052982,0.000544241,0.000560051,0.000571383,0.000575544,0.000578547,0.000589645,0.000605462,0.000616112,0.000615064,0.000608565,0.000605751,0.000609684,0.000621958,0.000637864,0.000649078,0.000644507,0.000640855,0.000644733,0.000652786,0.000657713,0.000645092,0.000628866,0.000618041,0.000613565,0.000613021,0.000612559,0.000608141,0.000597226,0.000587209,0.000581528,0.000579777,0.000579079,0.000577446,0.000577052,0.000581942,0.000594359,0.000614895,0.000638811,0.00065762,0.000662008,0.000665157,0.000679832,0.000698518,0.000712211,0.000708011,0.000700307,0.000698047,0.000702014,0.000709253,0.000715609,0.000719555,0.000717216,0.000716714,0.000722001,0.000730252,0.000735907,0.000732981,0.000727216,0.000723451,0.000723518,0.000727453,0.000731503,0.000733529,0.000727046,0.000721665,0.000721169,0.000724146,0.000725071,0.000719312,0.000709874,0.000699686,0.000695158,0.000701268,0.000722299,0.000744295,0.00076122,0.00077629,0.000796642,0.000820934,0.000843374,0.000860111,0.000873556,0.00088753,0.000907054,0.000935501,0.000968219,0.000991965,0.00100512,0.00103657,0.00113587,0.00126734,0.00136555,0.00137338,0.00134696,0.00132866,0.00133583,0.00137252,0.00141257,0.00143432,0.00139383,0.00133995,0.00131585,0.00131952,0.00131653,0.00128096,0.00123682,0.00120112,0.00118326,0.00118358,0.00119516,0.00118915,0.00116155,0.00114853,0.00122156,0.0013461,0.0014373,0.0014448,0.00141285,0.00141083,0.00144308,0.00150257,0.00155789,0.00158581,0.00155832,0.00153815,0.00155144,0.00158212,0.00160006,0.00156449,0.00150575,0.00147918,0.00148155,0.00150413,0.00152765,0.00153099,0.0014993,0.00145826,0.00144011,0.0014466,0.00144515,0.00141247,0.00136426,0.00133193,0.00131149,0.00129911,0.00128624,0.00126773,0.00124013,0.00120799,0.00118427,0.00116924,0.00115801,0.00114912,0.00114755,0.00116466,0.00119541,0.00123659,0.00128285,0.00133109,0.0013804,0.00143568,0.0015073,0.00156916,0.00159819,0.0015725,0.00152699,0.0014888,0.00146683,0.00145505,0.00144106,0.0014112,0.00135565,0.00129777,0.00126684,0.0012525,0.00124347,0.00121699,0.00118644,0.00115913,0.00113807,0.00112417,0.0011103,0.00109073,0.00105769,0.00102314,0.000995197,0.000974323,0.000955381,0.000928644,0.000881982,0.000805619,0.0007281,0.000685465,0.000690492,0.000709585,0.000712507,0.000710447,0.000717346,0.000731165,0.000741498,0.000738319,0.000730612,0.000725282,0.000723792,0.000724832,0.000725861,0.000723065,0.000714374,0.00070457,0.000702185,0.000703045,0.000701536,0.000693346,0.000683945,0.000675917,0.000670303,0.000668039,0.00066622,0.00066157,0.000650288,0.000638183,0.000630044,0.000625636,0.00062054,0.000607904,0.000592627,0.000579686,0.000569707,0.00056276,0.000557107,0.000548449,0.000533843,0.000516992,0.000506821,0.000503374
0.000462314,0.00046403,0.000470337,0.000484445,0.000503372,0.000515802,0.000516506,0.000514439,0.000517151,0.000526585,0.000540606,0.000555838,0.000566721,0.000570972,0.000574035,0.000584595,0.000600225,0.000609756,0.0006093,0.000603904,0.000601537,0.000605425,0.00061659,0.000632572,0.000641831,0.000638913,0.000633204,0.000636374,0.000645433,0.000648686,0.000638039,0.000622904,0.000612949,0.000609018,0.000608223,0.000607584,0.000603939,0.000594802,0.000583951,0.000577728,0.000576137,0.000575567,0.000573861,0.000574069,0.000579044,0.000591467,0.000610837,0.000635115,0.000652137,0.000656717,0.000660176,0.000673437,0.00069187,0.000704811,0.000702221,0.000694934,0.00069294,0.000697442,0.000704699,0.000711496,0.000714961,0.000714436,0.000713054,0.000717276,0.000725693,0.000731714,0.000729334,0.000723801,0.00072019,0.000720366,0.00072411,0.000728822,0.000729712,0.000725296,0.000718662,0.000717345,0.000720823,0.000721864,0.000716412,0.000707354,0.00069756,0.000692979,0.000699437,0.000719969,0.000742221,0.000759436,0.00077484,0.000795218,0.000819767,0.000841896,0.000858949,0.000873148,0.000888529,0.000907395,0.000934964,0.000966958,0.000991427,0.00099744,0.00103177,0.00112353,0.00125183,0.00134039,0.00134961,0.00132428,0.00130568,0.00131152,0.00134395,0.00138386,0.00139993,0.00136646,0.00131405,0.00129187,0.00130006,0.0012965,0.00126648,0.00122486,0.00119242,0.00117666,0.00117682,0.00118726,0.00118072,0.0011498,0.00113709,0.00120597,0.0013305,0.00141412,0.00142215,0.00139508,0.00139375,0.00142618,0.0014779,0.00153228,0.00155549,0.00153653,0.00151044,0.00152257,0.00155938,0.00157022,0.00153176,0.00148786,0.00146528,0.00146685,0.00148601,0.00150677,0.00151067,0.00147907,0.00144151,0.00142429,0.00143247,0.00142843,0.00139392,0.00135311,0.00132196,0.00130281,0.00128998,0.00127717,0.00125907,0.00123005,0.00119961,0.00117641,0.00116125,0.0011493,0.0011395,0.00114038,0.00115628,0.00118657,0.00122663,0.00127094,0.00131636,0.00136103,0.00141155,0.00147447,0.00153448,0.00155963,0.0015369,0.00149456,0.00146005,0.00144111,0.0014285,0.0014154,0.00138654,0.00133679,0.0012833,0.00125405,0.00124324,0.00123188,0.00120702,0.00117651,0.00114966,0.00112856,0.00111378,0.00110033,0.00108045,0.00104879,0.00101407,0.000985775,0.000965305,0.000945887,0.000919467,0.000873588,0.000802897,0.000726783,0.000686121,0.000690081,0.0007078,0.000711469,0.000706952,0.000712257,0.000725964,0.000735049,0.000732302,0.000725006,0.000719763,0.000718436,0.000719477,0.000720553,0.00071785,0.000709771,0.000700518,0.000697347,0.000698369,0.000697078,0.000689716,0.000679672,0.000671563,0.000665885,0.000663395,0.000661634,0.000656648,0.000645746,0.000633485,0.000625922,0.000622646,0.000615656,0.00060324,0.000588598,0.000575925,0.000565909,0.000558696,0.00055287,0.000544208,0.000528854,0.000513292,0.000503617,0.000500345
0.000459125,0.000460635,0.000466164,0.000479858,0.000497864,0.000510207,0.000512204,0.000511003,0.000514416,0.000523717,0.000537188,0.000551601,0.000562235,0.000566411,0.00056984,0.000579901,0.000594587,0.000603272,0.000603004,0.000599349,0.000597798,0.000601742,0.000612019,0.000625391,0.000634815,0.000633142,0.000627223,0.000630065,0.00063938,0.000639948,0.000629489,0.000617309,0.000609577,0.000605461,0.000603708,0.000602691,0.00059983,0.000592045,0.000581517,0.000574031,0.000572558,0.000572059,0.000569971,0.000570653,0.000577261,0.000589009,0.000607618,0.000628718,0.00064622,0.00065405,0.000656798,0.000665911,0.00068436,0.000696535,0.000694902,0.000689412,0.000689193,0.000693382,0.000700433,0.000707466,0.00071106,0.000710536,0.000709942,0.000713453,0.000721669,0.00072743,0.000725557,0.000720357,0.000717221,0.000717407,0.000720906,0.000725078,0.000726297,0.000722418,0.000716494,0.000713634,0.000716514,0.000718833,0.00071428,0.000704831,0.00069389,0.000688345,0.000698869,0.000718909,0.000739785,0.000756733,0.000773009,0.000793576,0.000817801,0.000840135,0.000857415,0.000872154,0.000887956,0.000907811,0.000933717,0.000965708,0.000989979,0.00100138,0.00103207,0.00111822,0.00123685,0.00131959,0.0013296,0.0013042,0.00128699,0.00129226,0.00132144,0.00136228,0.0013715,0.00133633,0.00129533,0.00127673,0.0012799,0.00128159,0.00125541,0.00121524,0.00118326,0.00116701,0.00117238,0.00118206,0.00117423,0.00114242,0.00113229,0.00119718,0.00131271,0.00139628,0.00140384,0.00138054,0.00137899,0.00140926,0.00145832,0.0015044,0.00152899,0.00151513,0.00149036,0.00150124,0.00153754,0.00154229,0.001508,0.00147098,0.00145467,0.00145524,0.00146909,0.00148802,0.00148977,0.00145865,0.00142297,0.00141721,0.00142252,0.00141033,0.00137812,0.001342,0.00131364,0.00129452,0.00128155,0.00126965,0.0012504,0.00122181,0.00119254,0.00116944,0.00115358,0.00114156,0.00113246,0.00113298,0.00114986,0.00118019,0.00121735,0.00125994,0.00130409,0.00134778,0.00139416,0.00144776,0.00150266,0.00152616,0.00150355,0.00146489,0.00143654,0.00141617,0.00140492,0.00139156,0.00136444,0.00131886,0.0012715,0.00124355,0.00123403,0.00122041,0.00119533,0.00116697,0.00114177,0.00112104,0.00110414,0.00109032,0.00107098,0.00104034,0.00100611,0.00097807,0.000957073,0.000937077,0.000910329,0.000865833,0.000796276,0.000724561,0.000686774,0.000691767,0.000705209,0.000705658,0.000703907,0.00070957,0.000721182,0.000728748,0.00072631,0.000719377,0.000714595,0.000713261,0.000714195,0.000715002,0.00071279,0.000705903,0.000697349,0.000692116,0.000692845,0.000692835,0.000686082,0.000675727,0.000667183,0.000662092,0.000658899,0.000656988,0.000652036,0.000640961,0.000628954,0.000622087,0.000617676,0.000611517,0.000599816,0.000585005,0.000571639,0.00056192,0.000555115,0.000549529,0.000539835,0.000524492,0.000509648,0.000500678,0.000497892
0.000458634,0.000459851,0.000465559,0.000478957,0.000497199,0.000509779,0.000511599,0.000510523,0.000513506,0.00052289,0.000536275,0.000550674,0.000561559,0.000566551,0.000569256,0.000577666,0.000591801,0.00060272,0.000602665,0.000598126,0.000596492,0.00060027,0.000611459,0.000625962,0.000633388,0.000630805,0.0006254,0.00062715,0.000635053,0.000639275,0.000630469,0.000616366,0.000606804,0.000603633,0.000602806,0.000602869,0.000599292,0.000590224,0.000579919,0.000574292,0.000572883,0.000571831,0.00057005,0.000570553,0.000576114,0.00058867,0.000607086,0.000629213,0.00064535,0.000652026,0.000654547,0.00066562,0.000682745,0.000695301,0.000694151,0.000688367,0.000687285,0.000692168,0.000699061,0.000705964,0.000710522,0.00070991,0.000708541,0.000712889,0.000721905,0.000726461,0.000724324,0.000719406,0.000716448,0.000716689,0.000720028,0.000724737,0.000725745,0.000721382,0.000714842,0.000713828,0.000717353,0.000717718,0.000712373,0.000703572,0.000694141,0.000689253,0.000696154,0.000716896,0.000738682,0.000756106,0.000771346,0.000791817,0.000816375,0.000838078,0.00085503,0.000869353,0.000884658,0.000903423,0.000931429,0.000964307,0.000987293,0.000995504,0.0010301,0.00111541,0.00123731,0.00132651,0.00133041,0.00130505,0.00128564,0.00128871,0.00131558,0.0013509,0.00136617,0.00133661,0.00129017,0.00127084,0.00127863,0.0012754,0.00124827,0.00121134,0.00118151,0.00116619,0.00116968,0.00118354,0.00117576,0.00114456,0.0011332,0.00119914,0.0013189,0.00140471,0.00141627,0.00138328,0.00138013,0.00140975,0.00145772,0.00150684,0.00152589,0.00150835,0.00148416,0.00149471,0.00152554,0.00154014,0.00151114,0.00146782,0.00144586,0.00144949,0.00146525,0.00148165,0.00148542,0.00145897,0.00142266,0.00140737,0.00141294,0.00140855,0.00137802,0.00133899,0.00130948,0.0012912,0.00127881,0.0012666,0.00124906,0.00122143,0.00119068,0.00116729,0.00115242,0.00114093,0.00113149,0.00113248,0.00114817,0.00117789,0.00121727,0.00126117,0.00130562,0.00134731,0.00139296,0.00144981,0.00150391,0.00152723,0.0015029,0.00146336,0.00143018,0.00141195,0.00139908,0.00138567,0.0013591,0.00131429,0.0012666,0.00124038,0.00122995,0.00121867,0.00119424,0.00116433,0.001138,0.00111738,0.00110251,0.00108865,0.00107017,0.00103948,0.00100467,0.000976504,0.000956329,0.000936699,0.000909811,0.000863957,0.000796354,0.000723012,0.00067916,0.000683716,0.000701314,0.000703786,0.0007005,0.000704732,0.000716151,0.000725303,0.000722813,0.000715791,0.000710946,0.000709854,0.000711237,0.000712832,0.000710674,0.000702968,0.000694004,0.000691431,0.000692821,0.000690703,0.000683209,0.000673591,0.000665688,0.00066014,0.000657522,0.000655486,0.000651003,0.000640156,0.000627848,0.000620172,0.00061694,0.000610338,0.000598121,0.000583642,0.000571031,0.000561179,0.000553868,0.000547791,0.000539562,0.000525145,0.000509277,0.00049968,0.000496686
0.000458358,0.000459314,0.000465206,0.000479213,0.000496617,0.000509596,0.000510665,0.000509693,0.000513372,0.00052263,0.000535945,0.000550767,0.000561597,0.000564771,0.000568513,0.000577015,0.000591018,0.000601659,0.000600695,0.000596998,0.00059553,0.000599277,0.000610274,0.000622927,0.000632678,0.000630087,0.000624087,0.000625807,0.000633356,0.000637619,0.000627984,0.000615015,0.000605734,0.000602375,0.000602107,0.000601902,0.000598905,0.000588636,0.000579476,0.00057423,0.000572576,0.000571768,0.00057004,0.00056998,0.000575657,0.000588212,0.00060693,0.000627702,0.000645945,0.000649334,0.000653653,0.000665816,0.000682191,0.00069338,0.000691727,0.000687079,0.000685742,0.00069038,0.000698137,0.000705335,0.000710041,0.000708788,0.000708053,0.000712832,0.000721293,0.00072644,0.000723529,0.000718821,0.00071584,0.000716026,0.000719555,0.000723688,0.000725929,0.00071968,0.000714417,0.000713998,0.000716869,0.000717485,0.000711547,0.000702753,0.000693151,0.000689144,0.000695707,0.000713823,0.000738128,0.000753977,0.000770006,0.000790158,0.000813563,0.000836227,0.000852567,0.000865976,0.000879848,0.00089957,0.000927793,0.000959195,0.000982751,0.000993186,0.00102222,0.00111733,0.00123914,0.00132823,0.00134014,0.00130703,0.00128584,0.00128768,0.00131467,0.00134616,0.0013656,0.00133224,0.00128914,0.00127049,0.00127516,0.00127393,0.00124464,0.00120967,0.00118062,0.00116507,0.00116749,0.00117761,0.00117927,0.00114754,0.00113481,0.00120466,0.00132689,0.00141662,0.00141151,0.00138876,0.00138332,0.00140876,0.00145657,0.00149944,0.00152624,0.00151052,0.00148325,0.00149353,0.00151957,0.00153919,0.00150738,0.00146576,0.00144165,0.00144306,0.00146168,0.00147982,0.00148189,0.00145368,0.00142069,0.00140563,0.00140617,0.0014071,0.00137465,0.00133683,0.00130726,0.00128874,0.00127732,0.00126469,0.00124848,0.00121974,0.0011897,0.00116665,0.00115189,0.00114121,0.0011325,0.00113113,0.00114754,0.00117752,0.00121812,0.00126354,0.00130839,0.00134998,0.00139592,0.00145528,0.0015058,0.00152718,0.00150606,0.00146272,0.00142948,0.00140968,0.0013966,0.00138323,0.00135694,0.00131339,0.00126561,0.00123953,0.00122695,0.00121788,0.00119228,0.00116238,0.00113572,0.00111527,0.0011011,0.00108814,0.00106926,0.00103771,0.00100395,0.000976237,0.000955861,0.000937471,0.000909921,0.000866308,0.000790973,0.000719642,0.000675596,0.000680657,0.000695833,0.000700994,0.000696373,0.000700785,0.000712285,0.000720939,0.000718059,0.000711992,0.000707443,0.000706595,0.000708379,0.000710434,0.000708799,0.000701403,0.000692338,0.000690202,0.000691249,0.000689599,0.000681483,0.000672003,0.000664131,0.000658642,0.00065624,0.000654614,0.000649868,0.000638749,0.000627008,0.000619751,0.000616144,0.000610055,0.000597068,0.000582889,0.000570265,0.000560477,0.000553317,0.000547618,0.000539535,0.000524565,0.000509328,0.000499351,0.000495774
0.000457427,0.000458994,0.000463981,0.000477482,0.000496324,0.0005083,0.000510361,0.00050852,0.000512348,0.000521253,0.00053496,0.00054974,0.000560276,0.000564151,0.000566316,0.000575623,0.000590137,0.00059939,0.000599512,0.000595122,0.00059375,0.000597839,0.000608425,0.000622203,0.000630358,0.000627442,0.000621876,0.000623264,0.000631846,0.000634687,0.000626268,0.000612783,0.000604209,0.0006005,0.000600536,0.000601129,0.000597596,0.00058894,0.000578173,0.00057269,0.000571948,0.00057111,0.000568905,0.000569041,0.000574741,0.000586892,0.000605794,0.000628107,0.000644149,0.00064941,0.000651336,0.000663506,0.00068059,0.000690939,0.000690619,0.000684987,0.000684062,0.000688834,0.000696644,0.000704427,0.000708875,0.000708237,0.000706611,0.000710979,0.000720426,0.00072532,0.000723168,0.000717384,0.000714412,0.000714754,0.000718237,0.000723418,0.00072471,0.000719841,0.000712909,0.000712123,0.000715947,0.000716338,0.00071099,0.000701379,0.000691887,0.000686673,0.000694045,0.000714527,0.000736381,0.000753191,0.000767414,0.000787302,0.000811914,0.000833825,0.000849424,0.000862868,0.000877147,0.000896188,0.000922956,0.000955566,0.000979248,0.000986257,0.00101865,0.00111072,0.00124478,0.00133448,0.00133314,0.00130621,0.00128277,0.00128349,0.00130754,0.00134622,0.00135913,0.00133009,0.00128208,0.00126366,0.00127196,0.00126941,0.0012437,0.00120558,0.00117672,0.00116234,0.00116391,0.00117899,0.00117931,0.0011449,0.0011346,0.00120374,0.00133443,0.00141804,0.00141786,0.00138671,0.00138213,0.00140746,0.00145236,0.00149782,0.00152024,0.00150477,0.00147904,0.00148247,0.00151931,0.00153162,0.00150444,0.0014592,0.00143679,0.00143897,0.00145691,0.00147608,0.00147714,0.00144904,0.00141345,0.00140114,0.00140728,0.0014019,0.00137278,0.00133285,0.00130349,0.00128544,0.00127429,0.00126405,0.00124619,0.00121891,0.00118691,0.00116399,0.00115084,0.00114017,0.00113082,0.00113041,0.00114565,0.00117581,0.00121709,0.00126296,0.00130943,0.00135048,0.00139562,0.00145179,0.00150706,0.00152663,0.0014966,0.00145754,0.00142453,0.00140399,0.00139104,0.00137623,0.0013516,0.00130572,0.00126199,0.00123427,0.00122636,0.00121449,0.00119033,0.00115906,0.00113227,0.00111219,0.00109836,0.00108628,0.00106776,0.00103731,0.00100171,0.000974193,0.000954977,0.00093657,0.000911472,0.000864272,0.000791076,0.000709125,0.000671733,0.000675269,0.000691404,0.000693874,0.00069196,0.000695974,0.000708584,0.000716453,0.000714138,0.000707843,0.000703681,0.000702862,0.000704991,0.000707426,0.000706253,0.000697963,0.000690188,0.000687117,0.000689129,0.000687555,0.000680195,0.000669692,0.00066165,0.000656578,0.000654214,0.000652393,0.000648308,0.000638007,0.000625133,0.000617573,0.000614994,0.000608683,0.000596446,0.000581333,0.000568738,0.000558825,0.00055217,0.000546505,0.000538632,0.000524551,0.000508359,0.00049786,0.000494895
0.000456359,0.000457413,0.000463197,0.000476694,0.000495283,0.000507321,0.000509071,0.000507397,0.000510956,0.000519733,0.00053333,0.000548298,0.000558719,0.00056086,0.000564366,0.000574301,0.000588987,0.000597842,0.000596885,0.000593667,0.000592478,0.000596304,0.000606319,0.000619125,0.000628574,0.000625471,0.000619043,0.000620521,0.000629707,0.000632152,0.000622203,0.000610689,0.000602323,0.000598747,0.000598887,0.000599415,0.000596928,0.000587182,0.000577243,0.000571392,0.000570231,0.000570132,0.00056797,0.00056789,0.000573399,0.000585579,0.000604547,0.000626611,0.000642465,0.000647399,0.000649492,0.000661501,0.000679183,0.000689386,0.000687539,0.000683332,0.000682447,0.000687334,0.000695188,0.000703358,0.000707803,0.000706161,0.000705327,0.000709739,0.000718968,0.00072393,0.000721574,0.000715988,0.000712928,0.000713157,0.000716732,0.000722073,0.000723617,0.000718543,0.000711656,0.000710667,0.000714462,0.000715121,0.00070947,0.000699626,0.000689549,0.000684441,0.000692207,0.000712634,0.000734631,0.000750959,0.000765101,0.000784678,0.000808947,0.000830835,0.00084716,0.000859569,0.000873493,0.000892547,0.000919141,0.00095105,0.000975195,0.000983461,0.00101342,0.00110685,0.0012454,0.00133391,0.00134131,0.00130379,0.00127817,0.00127767,0.00130113,0.00133936,0.00135366,0.00132415,0.00127745,0.00125901,0.00126735,0.00126527,0.00123906,0.00120144,0.00117265,0.00115861,0.00116113,0.0011769,0.00117918,0.00114647,0.00113209,0.0012009,0.0013364,0.00141857,0.00141479,0.00138347,0.00137767,0.00140324,0.00144726,0.00149024,0.00151599,0.00150006,0.0014719,0.00147448,0.00151156,0.00152538,0.00149758,0.00145377,0.00143175,0.0014347,0.00145201,0.00147219,0.00147189,0.00144253,0.00140831,0.00139708,0.0014039,0.00139823,0.00136886,0.00132935,0.00129996,0.00128234,0.00127108,0.00126092,0.00124531,0.0012159,0.00118553,0.00116224,0.0011484,0.00113873,0.00112959,0.00112902,0.00114362,0.00117366,0.00121554,0.00126309,0.00130921,0.00135036,0.00139452,0.00144988,0.00150466,0.00152145,0.00149631,0.00145064,0.00141733,0.00139696,0.00138426,0.00137025,0.00134308,0.00130125,0.00125511,0.00122782,0.00122142,0.00121083,0.00118664,0.00115569,0.00112886,0.00110895,0.00109566,0.001085,0.00106698,0.00103465,0.00100083,0.000972885,0.000953013,0.000935534,0.000909852,0.00086232,0.000785984,0.000703146,0.000666346,0.000671563,0.000687117,0.000689663,0.000687114,0.000691354,0.000704546,0.000712084,0.000709672,0.000703608,0.000699618,0.000698988,0.000701216,0.000703978,0.000702749,0.000695599,0.000686883,0.000683765,0.000686125,0.000685154,0.000677734,0.000667439,0.000659176,0.000653917,0.0006519,0.000651258,0.000646538,0.00063509,0.000623195,0.000615885,0.000613233,0.00060707,0.000594612,0.000579555,0.000566925,0.0005571,0.000550905,0.000546182,0.00053755,0.00052268,0.000507531,0.000496964,0.000493602
0.000455307,0.000456554,0.000461978,0.00047638,0.000493305,0.000506609,0.000507672,0.000506458,0.000509641,0.000518488,0.000531978,0.000546239,0.000556838,0.000560057,0.000562963,0.000572437,0.000586221,0.000595823,0.000596041,0.000591586,0.000590609,0.000594752,0.000604625,0.000617912,0.000626247,0.000622767,0.000616328,0.000618895,0.000625397,0.000628896,0.000620847,0.000608498,0.000600235,0.000596848,0.000597285,0.00059822,0.000595424,0.000586142,0.000575779,0.000570638,0.000569249,0.000568913,0.00056707,0.000566626,0.000572092,0.000584487,0.000603508,0.000624483,0.000641182,0.000645208,0.000648736,0.000659651,0.000675861,0.000687075,0.000686716,0.00068129,0.000680913,0.000685326,0.000693556,0.000701885,0.000706279,0.000705102,0.000703667,0.000708971,0.000717124,0.000722544,0.000719784,0.000714496,0.000711321,0.000711817,0.000715705,0.000720513,0.000722861,0.000716656,0.00071082,0.000709965,0.000712445,0.000714196,0.000707799,0.000698014,0.000687107,0.000683099,0.000690822,0.000710128,0.000733092,0.000748124,0.000763217,0.000782773,0.000805606,0.000828269,0.000843474,0.000856129,0.000869712,0.000888157,0.000915627,0.000946626,0.000970136,0.000977574,0.00100835,0.00110258,0.00123577,0.00133853,0.00133604,0.00130206,0.00127296,0.00127047,0.00129828,0.00133376,0.00135007,0.0013147,0.00127519,0.00125774,0.00125921,0.00126231,0.0012345,0.00119815,0.0011689,0.00115408,0.0011606,0.00117542,0.00117988,0.00114523,0.00113197,0.00120295,0.00132499,0.00142457,0.00141366,0.00138224,0.00137258,0.00139648,0.00144308,0.00148863,0.00151046,0.00149258,0.00146458,0.00147426,0.00150323,0.00152172,0.00148999,0.00145012,0.00142873,0.00142882,0.00144728,0.00146601,0.00146682,0.00143574,0.00140587,0.00139525,0.00139727,0.00139586,0.00136412,0.00132646,0.00129727,0.00127836,0.00126812,0.00125914,0.00124331,0.00121506,0.0011833,0.0011606,0.00114726,0.00113742,0.00112892,0.00112692,0.00114205,0.00117187,0.00121445,0.00126191,0.00130945,0.00135035,0.00139345,0.00144983,0.00149973,0.00151819,0.00148796,0.0014452,0.00141068,0.00139065,0.00137828,0.00136243,0.00133758,0.00129206,0.00125023,0.00122582,0.00121673,0.00120787,0.0011828,0.00115264,0.00112563,0.00110564,0.00109286,0.00108267,0.00106528,0.0010345,0.00099922,0.000971716,0.000952175,0.000934639,0.000907965,0.000862465,0.000780234,0.000704405,0.000659523,0.000665718,0.000682223,0.000686344,0.000682715,0.000686819,0.000698221,0.000707895,0.00070513,0.000699393,0.000695315,0.000694874,0.000697675,0.000700379,0.000699541,0.000691598,0.000683967,0.000681545,0.000682986,0.000682877,0.00067515,0.000665133,0.000656633,0.000651553,0.000649809,0.000648808,0.000644637,0.000633276,0.000621012,0.000614722,0.000611231,0.000605499,0.000592775,0.000577919,0.000565088,0.000555718,0.000549596,0.000544176,0.000536427,0.000522211,0.000506606,0.000496162,0.000492037
0.000453994,0.00045443,0.000459606,0.000473816,0.000491824,0.000504135,0.000506225,0.000504763,0.000507705,0.000516994,0.000530376,0.000545075,0.000555754,0.000559155,0.000561181,0.000569704,0.000583989,0.000593605,0.000593327,0.000589392,0.000588429,0.000592387,0.00060216,0.000615535,0.000623547,0.000619979,0.000613696,0.000616191,0.000624273,0.000626935,0.000618674,0.000606264,0.000597683,0.000594663,0.000595092,0.000596478,0.000593737,0.000584303,0.000573945,0.000568919,0.00056829,0.000567857,0.00056587,0.000565486,0.000570634,0.000582975,0.000601774,0.000623413,0.000638839,0.000643581,0.000646153,0.000656254,0.000673184,0.000684367,0.000683467,0.000678695,0.00067854,0.000683391,0.000691505,0.000700213,0.000704745,0.000702901,0.000701338,0.000706973,0.0007159,0.000720893,0.000718446,0.000712889,0.000709406,0.00070986,0.000713906,0.000719274,0.000720813,0.00071533,0.000708417,0.000707308,0.000710974,0.000712116,0.000706374,0.000696322,0.000685744,0.000680805,0.000688739,0.000709117,0.000730677,0.000745865,0.000759853,0.000779187,0.000803107,0.000825145,0.000840518,0.000852317,0.000864882,0.000882774,0.000911297,0.000943934,0.00096543,0.000973441,0.00100258,0.00109297,0.00123253,0.00134273,0.001349,0.0013,0.00126641,0.00126381,0.00129274,0.00133135,0.00134233,0.00130885,0.00126478,0.00124692,0.00125455,0.00125705,0.00123201,0.00119415,0.00116332,0.0011489,0.00115822,0.00117887,0.00117814,0.00114385,0.00113036,0.00119839,0.00132656,0.00142921,0.00142821,0.00138074,0.00136656,0.00139124,0.00143724,0.00148341,0.00150386,0.00148243,0.00145445,0.00146477,0.00149874,0.00151244,0.00148388,0.0014424,0.00142106,0.00142399,0.00144154,0.00146063,0.00146175,0.00143335,0.00139852,0.00138666,0.00139339,0.00138974,0.00136025,0.00132145,0.00129212,0.00127484,0.00126484,0.00125637,0.00124064,0.00121197,0.00117989,0.00115724,0.0011452,0.00113602,0.00112675,0.00112582,0.00114073,0.00117034,0.00121318,0.00126295,0.00131023,0.00135042,0.00139225,0.00144531,0.00149711,0.00151545,0.00148669,0.00143889,0.00140301,0.00138383,0.00137184,0.00135842,0.00133282,0.00128946,0.00124536,0.00122144,0.00121472,0.00120488,0.0011802,0.00114905,0.00112203,0.00110266,0.00108998,0.00108014,0.00106302,0.00103191,0.000996226,0.000968664,0.000950273,0.000933209,0.000908598,0.000860272,0.000779072,0.000695687,0.000649089,0.000655092,0.000676349,0.0006811,0.000677508,0.00068123,0.000693277,0.000703288,0.000701927,0.000695012,0.00069094,0.000690904,0.000693919,0.000697229,0.000696832,0.000689696,0.000681011,0.000678458,0.000680758,0.000680296,0.000672921,0.000662497,0.000653872,0.000648963,0.000647537,0.000647434,0.000642499,0.000630429,0.000618339,0.000612557,0.000609779,0.00060371,0.000591287,0.000576253,0.000563128,0.000553653,0.000547623,0.000542997,0.000534948,0.000520411,0.000504629,0.000494569,0.000491029
0.000452381,0.000453029,0.000457755,0.00047184,0.000488142,0.00050108,0.000503956,0.00050283,0.000506327,0.000515448,0.00052883,0.000542904,0.000554316,0.000556661,0.00055957,0.000568573,0.000581694,0.000591395,0.0005916,0.000587338,0.000586222,0.000590068,0.000599833,0.000613054,0.000620676,0.000617932,0.0006117,0.000613888,0.000620456,0.000624358,0.000615339,0.00060387,0.000595746,0.000592456,0.000592811,0.000593458,0.000591838,0.000583199,0.000572744,0.000567485,0.000566363,0.000566348,0.00056417,0.00056397,0.000569381,0.000581568,0.000599752,0.000619719,0.000635976,0.000640787,0.000643791,0.000654195,0.000670108,0.000681536,0.000681667,0.000676422,0.000676628,0.000681216,0.000689327,0.00069726,0.000702832,0.000701947,0.000699902,0.00070497,0.000713247,0.00071876,0.000716216,0.000711038,0.000707638,0.000707865,0.000711963,0.000716819,0.000718334,0.000712886,0.000706245,0.00070532,0.000708048,0.00070948,0.000704125,0.000694313,0.000683224,0.000678889,0.000686687,0.000705401,0.00072771,0.000742898,0.000756823,0.000776203,0.000799333,0.000821215,0.000836005,0.000848199,0.00086058,0.000878592,0.000906638,0.000936936,0.000959445,0.000964099,0.000997823,0.00109068,0.00122527,0.00133727,0.0013368,0.00129442,0.00126236,0.00125867,0.00128579,0.0013181,0.00133252,0.00130034,0.00125726,0.00124078,0.0012464,0.00125022,0.00122382,0.00118955,0.0011593,0.00114565,0.00115548,0.00117483,0.00117554,0.00114487,0.00113313,0.00120124,0.00132045,0.00142478,0.00141574,0.00137546,0.00136244,0.00138493,0.00143138,0.00147677,0.00149749,0.00147899,0.00144957,0.00145834,0.00148428,0.00150288,0.00147687,0.00143501,0.00141575,0.00141863,0.00143638,0.00145237,0.0014563,0.00142849,0.00139317,0.00138168,0.00138473,0.00138293,0.00135531,0.00131655,0.00128839,0.00127106,0.00126177,0.00125353,0.00123864,0.00120971,0.00117784,0.00115541,0.00114282,0.00113422,0.0011264,0.00112502,0.00113992,0.00116875,0.00121148,0.00126154,0.00131006,0.00134901,0.00139029,0.00144334,0.00148844,0.00150815,0.00148138,0.00143153,0.00139632,0.00137573,0.0013647,0.00134974,0.00132573,0.0012813,0.0012409,0.00121795,0.00120964,0.00120115,0.00117581,0.00114514,0.00111884,0.00109972,0.00108747,0.00107771,0.00106127,0.00102931,0.00099395,0.000966951,0.000948172,0.000931246,0.000903984,0.000856659,0.000771246,0.000690295,0.0006419,0.00064872,0.000670297,0.000675882,0.000672985,0.000676664,0.000687557,0.000697704,0.000695759,0.000690181,0.000686627,0.000686774,0.000690115,0.000693314,0.000693521,0.000685656,0.000677794,0.000675874,0.000677167,0.000676938,0.000669212,0.00065957,0.000651334,0.000646434,0.000644872,0.000644044,0.000640011,0.000628751,0.000616592,0.00061039,0.000607051,0.000601488,0.000589025,0.000574279,0.000561191,0.000551555,0.000545729,0.000541114,0.000532981,0.000517507,0.000502757,0.000493434,0.000489736
0.000450605,0.000451078,0.000456025,0.000468685,0.000486574,0.00049921,0.000501327,0.000500914,0.000504444,0.000513395,0.000526593,0.000541167,0.000551447,0.000554618,0.000556465,0.000565354,0.000578631,0.000588358,0.000587892,0.000584711,0.000583451,0.000587473,0.000597156,0.000609487,0.000617149,0.000614336,0.000608463,0.00060916,0.000617372,0.000619991,0.000612439,0.000600773,0.000593027,0.000589909,0.00059031,0.000591542,0.000589388,0.000581247,0.000570877,0.000564776,0.000564567,0.000564204,0.000562018,0.000561762,0.000567929,0.00057997,0.000597493,0.000617611,0.000633572,0.000638925,0.000641003,0.000650993,0.000667622,0.000678108,0.000677099,0.000673986,0.000673768,0.000678635,0.000686819,0.000695284,0.000700362,0.000699958,0.000698155,0.000701738,0.000711098,0.000716315,0.000714237,0.000708724,0.000705503,0.000705974,0.000709811,0.000714987,0.000716635,0.000711047,0.000704292,0.000702858,0.00070643,0.000707558,0.000701778,0.000691981,0.000681452,0.000675994,0.000684476,0.000704503,0.000725215,0.000740404,0.000753904,0.000772697,0.000796531,0.000817498,0.000832548,0.000844022,0.000856029,0.000873673,0.000901188,0.000933223,0.000952294,0.000960539,0.000984091,0.001077,0.00122147,0.00133056,0.00133889,0.00128787,0.00125533,0.00125327,0.0012783,0.00131442,0.0013268,0.00129655,0.00125189,0.00123413,0.00124517,0.00124493,0.00121972,0.00118511,0.00115597,0.001142,0.00115073,0.00117103,0.00117402,0.00114234,0.00112909,0.00118936,0.00131722,0.00141807,0.00141879,0.00136894,0.0013557,0.00137886,0.00142322,0.0014684,0.00148975,0.00147059,0.0014437,0.00144471,0.0014762,0.00149854,0.00147067,0.00143043,0.00140985,0.00141338,0.00142988,0.00144724,0.00145026,0.00142382,0.00138841,0.0013747,0.00138226,0.00137969,0.00135009,0.00131282,0.00128397,0.00126689,0.00125789,0.00125001,0.00123583,0.00120576,0.00117459,0.00115177,0.00113978,0.00113205,0.00112336,0.00112269,0.00113646,0.0011668,0.00120867,0.00126006,0.00130817,0.00134687,0.00138406,0.00143621,0.00148508,0.00149877,0.00146635,0.00142183,0.00138556,0.0013667,0.0013568,0.00134449,0.00131895,0.00127919,0.00123595,0.0012116,0.00120704,0.0011971,0.00117242,0.00114117,0.00111513,0.00109565,0.00108382,0.00107424,0.00105859,0.00102555,0.000990754,0.000964043,0.000946437,0.000929044,0.000902404,0.000854767,0.000773436,0.0006816,0.000636058,0.000641632,0.000664471,0.000670223,0.000667327,0.000670279,0.000682053,0.000691904,0.000691229,0.00068512,0.000681972,0.000682314,0.000685514,0.000689501,0.000689251,0.000682275,0.000673861,0.000672547,0.000674984,0.000673452,0.000666167,0.000656428,0.000648531,0.000643539,0.000641897,0.000641632,0.000637191,0.00062594,0.000614229,0.00060712,0.000604737,0.000598944,0.000586899,0.000571857,0.000558902,0.000549464,0.000543561,0.000539249,0.000530804,0.000515784,0.000500569,0.000491794,0.000488297
0.000448631,0.000448815,0.000453684,0.000466155,0.000483463,0.000496244,0.000498309,0.000498524,0.000502252,0.000511235,0.000524386,0.00053882,0.00054857,0.000551955,0.0005532,0.000562521,0.000575426,0.00058385,0.00058509,0.000581488,0.000580427,0.000584562,0.000594014,0.000605345,0.000612807,0.000609822,0.000604689,0.00060553,0.000613723,0.000616161,0.000609232,0.000597592,0.000590402,0.000587557,0.000587962,0.000588525,0.000586948,0.000578526,0.000568543,0.000562688,0.00056259,0.000561978,0.000560175,0.000559837,0.000566006,0.000577986,0.000595399,0.000615416,0.000630832,0.000635492,0.000638066,0.000647625,0.000663078,0.000673534,0.000674409,0.00067041,0.000670965,0.000676244,0.000684441,0.000692409,0.000698045,0.000697415,0.000695922,0.000699588,0.000708908,0.000713745,0.000711875,0.000706358,0.000703333,0.000703915,0.000707849,0.000712782,0.000714558,0.000708842,0.000702462,0.000700955,0.000704096,0.00070521,0.000699278,0.000689527,0.000679247,0.000673971,0.00068241,0.000700553,0.000722653,0.000737313,0.000750968,0.000769377,0.000792794,0.000813841,0.000827957,0.000839744,0.000851948,0.000869108,0.000895662,0.000924521,0.000945996,0.000940617,0.000971471,0.00107755,0.00122664,0.00132653,0.00132392,0.00128444,0.00125136,0.00124701,0.00127102,0.00130319,0.00132271,0.00129094,0.0012482,0.00122952,0.00123911,0.00124032,0.00121552,0.00118071,0.0011516,0.00113813,0.00114763,0.00116653,0.00117061,0.00113468,0.0011202,0.00119247,0.00132657,0.00141072,0.00139785,0.00136434,0.00134944,0.00136967,0.00141405,0.00145706,0.00147881,0.00145826,0.00143326,0.00143959,0.00147291,0.00148944,0.00146241,0.00142462,0.0014038,0.00140716,0.00142379,0.00144129,0.00144347,0.00141588,0.00138271,0.0013697,0.00137609,0.00137418,0.00134417,0.00130805,0.00127947,0.00126252,0.00125416,0.00124708,0.00123124,0.00120379,0.00117081,0.00114872,0.00113799,0.00112955,0.00112242,0.00111987,0.00113378,0.00116403,0.00120592,0.00125772,0.00130554,0.00134289,0.00137817,0.00142677,0.00147165,0.00148891,0.00146177,0.00141003,0.00137642,0.00135868,0.00134895,0.0013366,0.0013144,0.00127159,0.00123189,0.0012084,0.00120377,0.00119314,0.00116891,0.00113722,0.00111107,0.0010915,0.00108016,0.00107152,0.00105406,0.00102413,0.000987917,0.000960542,0.000943242,0.000926699,0.000900625,0.000852831,0.000768583,0.000677311,0.000630254,0.000634202,0.000658007,0.000663455,0.000661231,0.000665757,0.000678337,0.000685998,0.000684191,0.000680061,0.000677139,0.000677453,0.00068076,0.000685048,0.000684855,0.000678535,0.000670336,0.000668503,0.000670384,0.00067032,0.000663059,0.000653082,0.000645328,0.000640628,0.000638897,0.000637649,0.000634118,0.000624067,0.000611465,0.000604206,0.000602016,0.000596264,0.000584474,0.000569459,0.000556617,0.000547218,0.000541257,0.000536708,0.00052861,0.000514179,0.000498879,0.000490018,0.000486454
0.000446493,0.000446863,0.000450743,0.000463626,0.000480083,0.00049252,0.000496245,0.000495999,0.00050011,0.000509053,0.000522226,0.000535645,0.000545791,0.000548503,0.000551034,0.000559359,0.000571314,0.000580667,0.000580763,0.000578547,0.00057786,0.000581709,0.000591009,0.000602192,0.000608447,0.000606267,0.00060098,0.000602719,0.000608812,0.000612423,0.000604814,0.000594779,0.000587611,0.000584487,0.000585139,0.000586663,0.000584004,0.000575768,0.000565849,0.000561186,0.000560171,0.000559601,0.000557681,0.000557963,0.000563654,0.000575748,0.000593336,0.000612622,0.000627544,0.000631984,0.000634704,0.00064517,0.00065912,0.000669791,0.000669932,0.000667573,0.000668319,0.000673446,0.000681665,0.000690369,0.000695255,0.000694903,0.000692951,0.000697951,0.000706004,0.000710919,0.000708332,0.000703929,0.000701183,0.000701577,0.00070538,0.000710614,0.000711912,0.000706906,0.000699919,0.00069867,0.000701571,0.000702314,0.000696753,0.000686876,0.000676482,0.000671742,0.000679081,0.000698751,0.000719097,0.00073443,0.000747636,0.000765686,0.000788456,0.00080948,0.000824446,0.000835158,0.000846437,0.000863808,0.00089039,0.000920754,0.000937196,0.000938002,0.000959372,0.00106456,0.00120845,0.00132094,0.00132493,0.00127594,0.00124544,0.00124118,0.00126254,0.00129933,0.00131357,0.00128556,0.00124101,0.00122356,0.00123105,0.00123553,0.00121013,0.00117618,0.00114694,0.00113398,0.00114346,0.00116541,0.00116636,0.0011352,0.00111246,0.00118976,0.00131733,0.00140095,0.00139443,0.00135438,0.00134449,0.00136273,0.00140531,0.0014491,0.00146777,0.00145133,0.00142501,0.00143216,0.00146036,0.00148091,0.00145878,0.00141776,0.00139776,0.00140066,0.00141831,0.00143491,0.00143659,0.00140961,0.0013755,0.00136543,0.00137028,0.00136729,0.00134109,0.00130283,0.00127495,0.00125833,0.00125028,0.0012426,0.00122857,0.00119806,0.00116831,0.0011464,0.0011342,0.0011271,0.0011187,0.00111823,0.00113212,0.00116017,0.00120367,0.00125476,0.00130324,0.00133788,0.00137225,0.00141937,0.00146425,0.00147851,0.00144585,0.00140106,0.00136718,0.00134883,0.00134029,0.00132994,0.00130687,0.00126752,0.00122489,0.00120518,0.00119833,0.0011888,0.00116382,0.00113328,0.00110649,0.00108782,0.00107652,0.00106697,0.00105157,0.001019,0.000985393,0.000957398,0.000939769,0.000924335,0.000898573,0.000850763,0.000763378,0.000673354,0.000619611,0.000630439,0.000651238,0.0006583,0.000654793,0.000660754,0.000672056,0.000679675,0.000678847,0.000674615,0.000672228,0.000672691,0.000676188,0.000679876,0.000680418,0.00067387,0.000666701,0.000664773,0.000666574,0.000666492,0.000659261,0.000649792,0.000642083,0.000637475,0.00063562,0.000634747,0.000630895,0.000620241,0.000608694,0.000601838,0.000598771,0.00059344,0.000581064,0.000567008,0.000554339,0.000544861,0.000538545,0.000533857,0.000526066,0.000511612,0.000497344,0.000487676,0.000484452
0.000444284,0.000444197,0.000448708,0.00046073,0.0004775,0.000490187,0.000493071,0.000493893,0.000498021,0.000506735,0.000519406,0.000533117,0.000542923,0.000546058,0.000548075,0.000556044,0.000568749,0.00057768,0.000578327,0.000575655,0.00057515,0.000578989,0.000587802,0.000598727,0.00060547,0.00060182,0.000596703,0.000598804,0.000605451,0.000607416,0.000601405,0.000591193,0.000584256,0.000581745,0.000582222,0.000583594,0.000581528,0.000572917,0.000563349,0.000558786,0.000557863,0.00055703,0.000555452,0.000555465,0.000561005,0.000573231,0.000590675,0.000610581,0.00062429,0.000628654,0.000631982,0.00064186,0.000656147,0.000666988,0.000667671,0.000664718,0.000665475,0.000670656,0.000678823,0.000687426,0.000692431,0.000691503,0.000690024,0.000694991,0.000703292,0.000707618,0.000705765,0.000701195,0.000698608,0.000699114,0.000702868,0.000707888,0.00070925,0.000704111,0.000697408,0.000696022,0.00069903,0.000699511,0.000693801,0.000684227,0.000674448,0.000669658,0.000675755,0.000694386,0.000716346,0.000731082,0.000744352,0.000762226,0.000784927,0.000805628,0.000819733,0.000830644,0.000842192,0.000858438,0.000883662,0.000913678,0.000931287,0.00092201,0.000944915,0.00105573,0.00121148,0.00130568,0.00130757,0.00126584,0.00123636,0.00123366,0.00125407,0.00128926,0.00130422,0.00127664,0.00123395,0.00121618,0.00122451,0.00122988,0.00120752,0.00117133,0.00114246,0.00112976,0.00113972,0.00116228,0.00116509,0.00112244,0.00110797,0.00118805,0.00131929,0.00139217,0.00138091,0.00134597,0.001336,0.00135537,0.00139547,0.00143979,0.00146293,0.00144121,0.00141602,0.00142623,0.00146,0.00147319,0.00144792,0.00141222,0.00139167,0.00139511,0.00141242,0.00143166,0.00143136,0.00140143,0.0013704,0.00136,0.00136661,0.00136449,0.00133522,0.00129907,0.00127065,0.00125388,0.00124568,0.00123998,0.00122505,0.00119629,0.0011639,0.00114216,0.00113181,0.00112417,0.00111656,0.00111465,0.00112788,0.00115733,0.00120169,0.00125357,0.00130062,0.00133476,0.00136604,0.00140695,0.00145114,0.00146735,0.00143855,0.00138938,0.00135618,0.00134007,0.0013315,0.00132144,0.00129896,0.00125853,0.00121793,0.00119952,0.00119426,0.00118414,0.00115975,0.00112896,0.00110197,0.00108356,0.0010724,0.00106458,0.00104804,0.00101746,0.000981758,0.000953839,0.000936834,0.000922148,0.000899661,0.000850283,0.000759402,0.000666264,0.000614499,0.000621539,0.000645361,0.000651675,0.000648999,0.000654898,0.000666791,0.000673706,0.000672868,0.000669242,0.000667177,0.000667938,0.000671321,0.000675407,0.000675854,0.000670109,0.000662846,0.000660203,0.000662288,0.000662751,0.000656024,0.000646406,0.000638804,0.000634215,0.000632276,0.000631256,0.00062761,0.000617646,0.000605443,0.000598557,0.000595889,0.000590052,0.000578394,0.000564078,0.000551762,0.000542568,0.000536013,0.00053076,0.00052299,0.000510068,0.000494999,0.000484986,0.00048204
0.000442007,0.000442113,0.000446406,0.00045924,0.00047412,0.000486681,0.000489683,0.000491444,0.000496265,0.000504673,0.000516805,0.00052983,0.000539813,0.00054264,0.000545479,0.000553093,0.00056419,0.000573926,0.000574975,0.000572605,0.000572314,0.000576265,0.000584972,0.000594468,0.000601269,0.000597135,0.000593314,0.000595162,0.000600091,0.000602682,0.000596882,0.000587853,0.000581742,0.000579105,0.000579416,0.000580351,0.000578784,0.000570765,0.000561551,0.000556227,0.000554924,0.00055442,0.000552662,0.000553055,0.000559067,0.000571001,0.000588182,0.000605941,0.000620803,0.000626022,0.000629666,0.000639059,0.000652216,0.000662969,0.000663502,0.000661714,0.000662827,0.000667895,0.000676096,0.000684322,0.000689649,0.000689113,0.00068813,0.000691943,0.000699186,0.000704585,0.000702842,0.000698651,0.00069601,0.000696736,0.000700506,0.000705034,0.000706571,0.00070116,0.000695249,0.000694076,0.000695918,0.000696704,0.000690924,0.000681562,0.000671785,0.000667951,0.000673466,0.000691416,0.000713131,0.000727546,0.000741089,0.000759657,0.00078143,0.000801312,0.000814933,0.000826227,0.000837118,0.000853456,0.000878581,0.000905351,0.00092319,0.000912228,0.000939695,0.00104356,0.0011783,0.00129718,0.00129635,0.00125761,0.00122838,0.00122455,0.00124851,0.00128186,0.00129532,0.00126857,0.00122958,0.00121129,0.00121535,0.00122304,0.00119967,0.00116627,0.00113765,0.00112627,0.001137,0.00115824,0.00116164,0.00111589,0.00111003,0.00118521,0.0013,0.00138457,0.0013754,0.00133929,0.00132864,0.00134689,0.00138738,0.0014293,0.00145401,0.00143105,0.00140975,0.00142089,0.00144721,0.00146473,0.00144324,0.0014067,0.00138677,0.00138863,0.00140694,0.00142353,0.0014243,0.00139438,0.00136641,0.00135748,0.00136033,0.00135928,0.00133076,0.00129427,0.00126766,0.00125004,0.00124106,0.00123381,0.00122117,0.00119137,0.0011603,0.00113875,0.00112758,0.00112095,0.00111366,0.00111209,0.00112608,0.00115516,0.00119897,0.0012507,0.0012972,0.00132925,0.00135841,0.00140036,0.00143735,0.00145481,0.00142553,0.00137835,0.00134667,0.0013301,0.00132299,0.00131265,0.00129211,0.0012529,0.00121439,0.00119461,0.00118806,0.00117932,0.00115538,0.0011245,0.00109824,0.00107955,0.00106865,0.00105919,0.00104397,0.00101238,0.00097826,0.000950996,0.000933319,0.000919522,0.000896577,0.000847332,0.00075486,0.000663535,0.000612424,0.000618282,0.000639135,0.00064641,0.000644727,0.00064882,0.000659687,0.000667872,0.000667502,0.000664134,0.00066225,0.000663037,0.000666842,0.000670593,0.00067106,0.000665057,0.000659044,0.000657203,0.000658314,0.000658702,0.000651921,0.000643017,0.000635611,0.00063105,0.000629111,0.000627701,0.000624213,0.000613543,0.000602368,0.000595963,0.000591972,0.000586714,0.000575144,0.000561327,0.000549347,0.000540117,0.000533597,0.000527698,0.000520118,0.000506482,0.000492609,0.000483313,0.000480012
0.000439368,0.000438918,0.000442489,0.000455461,0.00047164,0.000482145,0.000485942,0.000488203,0.00049361,0.000502179,0.000513818,0.000526742,0.000536298,0.000539823,0.000542114,0.000549374,0.000560727,0.000569809,0.000571654,0.000569078,0.000569069,0.000572782,0.000581209,0.000591113,0.000596024,0.000593951,0.000589211,0.00059054,0.000596835,0.00059805,0.000591821,0.00058422,0.000578365,0.000575877,0.000575848,0.000576795,0.000575103,0.00056754,0.000558675,0.000552978,0.000551737,0.000551495,0.000549957,0.000550431,0.000556573,0.000568513,0.00058533,0.000603037,0.000616788,0.000623224,0.000626203,0.000634072,0.000648048,0.000658009,0.000659573,0.000658129,0.000659559,0.000664807,0.0006727,0.000681336,0.000686145,0.000685475,0.000685031,0.000688346,0.000695572,0.000701488,0.000700393,0.000695708,0.000693053,0.000693829,0.000697443,0.000702426,0.000703206,0.000697398,0.000691839,0.000690366,0.00069254,0.000693059,0.000687223,0.000678398,0.000669564,0.000664802,0.000669457,0.000688037,0.000708961,0.000723387,0.000736475,0.000755481,0.000777315,0.000796057,0.000810005,0.000821027,0.000832143,0.000847528,0.000872258,0.000900544,0.000913414,0.000912537,0.000927851,0.00101199,0.00116376,0.00129303,0.00129885,0.00124831,0.00121773,0.00121451,0.00124047,0.00127382,0.00128591,0.00126046,0.00122113,0.00120092,0.0012107,0.00121606,0.00119361,0.00116095,0.00113339,0.00112103,0.00113156,0.00115776,0.00115557,0.00111648,0.00110226,0.0011688,0.00128984,0.00137431,0.00136617,0.00132967,0.00131497,0.00133719,0.00137704,0.00142069,0.00144128,0.00142331,0.00139908,0.00140682,0.00143676,0.00145666,0.00143789,0.00139901,0.0013791,0.00138263,0.00140012,0.00141963,0.00141684,0.00138875,0.00135811,0.00134866,0.00135559,0.00135193,0.00132392,0.00128815,0.0012626,0.0012461,0.00123622,0.00122937,0.00121752,0.00119041,0.00115659,0.00113479,0.00112502,0.00111777,0.00110958,0.00110957,0.00112306,0.00115193,0.00119425,0.00124688,0.00129319,0.00132241,0.00134824,0.00139004,0.0014303,0.00144318,0.00141402,0.00136788,0.00133581,0.00132089,0.0013135,0.001304,0.00128425,0.00124589,0.00120821,0.00118708,0.00118312,0.00117458,0.00115026,0.00111964,0.00109382,0.00107527,0.00106453,0.00105652,0.00104056,0.0010104,0.000974233,0.000946996,0.000929939,0.000916113,0.000894237,0.000844071,0.000749967,0.000646752,0.000604906,0.00061233,0.000631459,0.000638861,0.000638204,0.000640999,0.000652344,0.000661164,0.00066115,0.000658177,0.000656391,0.000657608,0.000661523,0.000666033,0.000665847,0.000660299,0.000654252,0.000652742,0.000654642,0.000654035,0.000647755,0.000639073,0.000631965,0.000627462,0.000625265,0.000624124,0.000620246,0.000609903,0.000598767,0.00059294,0.0005894,0.000583466,0.000572108,0.000558355,0.000546383,0.000537134,0.000530374,0.000524418,0.000516858,0.000503891,0.000489574,0.000480786,0.000478015
0.000436491,0.000437389,0.000440517,0.000449063,0.000464497,0.00047865,0.000484266,0.000485559,0.000489653,0.00049879,0.000510755,0.000523273,0.000532471,0.000535974,0.000538468,0.00054613,0.000557724,0.000564753,0.000565718,0.000565083,0.0005662,0.00056997,0.000576445,0.000585479,0.00059098,0.000588918,0.000584803,0.000585393,0.000590298,0.00059351,0.00058873,0.000580332,0.000574582,0.00057216,0.000572557,0.000573256,0.000571284,0.000564295,0.000555527,0.00055023,0.000548799,0.000547983,0.000546809,0.00054764,0.000553733,0.000566037,0.000581691,0.000599058,0.000612468,0.00061771,0.000621326,0.000631278,0.000643896,0.000653229,0.00065528,0.000654383,0.000656041,0.000661285,0.000669211,0.000677013,0.000682309,0.000682728,0.000681729,0.00068561,0.000693234,0.00069697,0.000695229,0.000692168,0.000690771,0.000691329,0.000693911,0.000697903,0.000699525,0.000695215,0.000688936,0.000687106,0.000688926,0.000689295,0.000684195,0.000675172,0.000664489,0.000658711,0.000668122,0.000686098,0.000704795,0.000719934,0.000733407,0.000749665,0.000771348,0.000790992,0.00080465,0.000815531,0.000826577,0.000841243,0.000865599,0.000893792,0.00090441,0.000883001,0.000897119,0.00102571,0.00118906,0.00127167,0.00126807,0.00123662,0.00121406,0.00121129,0.00122858,0.00126157,0.00127623,0.00124718,0.00120849,0.00120229,0.00121138,0.00120848,0.00118581,0.00115532,0.00112917,0.00111722,0.00112515,0.00114416,0.00114988,0.00111908,0.0010984,0.00116016,0.00127897,0.0013611,0.00135703,0.00131894,0.0013054,0.00132578,0.00136868,0.00141153,0.00143046,0.00141338,0.00139036,0.00140031,0.00143599,0.00144448,0.00141837,0.00138924,0.0013772,0.00137908,0.00139069,0.00140505,0.00140978,0.0013869,0.00135265,0.00134208,0.00134977,0.00134505,0.00131832,0.0012835,0.00125527,0.00123983,0.00123257,0.00122857,0.00121329,0.00118297,0.00115207,0.00113111,0.00112088,0.00111459,0.00110756,0.00110639,0.00111832,0.00114602,0.00119246,0.00124533,0.0012882,0.00131566,0.00134058,0.00137597,0.00141683,0.00142986,0.00140068,0.00135643,0.00132571,0.0013113,0.00130437,0.00129593,0.00127593,0.00123932,0.00120164,0.00118211,0.00117792,0.0011693,0.00114513,0.00111475,0.00108893,0.00107067,0.00105999,0.0010522,0.00103652,0.00100596,0.00097042,0.000943237,0.000926269,0.000912472,0.000890108,0.000840847,0.000751945,0.000651433,0.000587122,0.00059459,0.000623766,0.000631525,0.000630085,0.000636511,0.000646749,0.000653816,0.000654423,0.000651959,0.000650706,0.000652162,0.000655516,0.000659123,0.000660306,0.000656025,0.000649786,0.00064804,0.000649783,0.000649235,0.000643291,0.000634969,0.000627823,0.000623295,0.000621704,0.000620385,0.00061596,0.000606699,0.000595913,0.000588399,0.000585119,0.000579513,0.00056821,0.000554986,0.00054349,0.000534125,0.000527278,0.000521579,0.000513095,0.000500156,0.000486803,0.000477859,0.000475545
0.000436179,0.000436424,0.00043918,0.000449956,0.000464907,0.000477779,0.000482789,0.000484746,0.000489903,0.000498507,0.00051022,0.000522714,0.000531988,0.000536041,0.00053817,0.000545039,0.000556183,0.000564462,0.00056488,0.000564374,0.000565212,0.000568693,0.000576224,0.000584407,0.000590327,0.000587279,0.000583837,0.000584707,0.000589483,0.000592227,0.000586927,0.000579399,0.000573815,0.000571443,0.000571917,0.000572432,0.000570833,0.000563584,0.000554892,0.000549902,0.000548508,0.000547752,0.000546767,0.000547102,0.000553826,0.000565431,0.00058189,0.00059871,0.000612824,0.000617011,0.000621557,0.000630963,0.000642884,0.000652426,0.000654465,0.000653656,0.000655511,0.000660834,0.000668678,0.00067724,0.00068216,0.000682424,0.000681184,0.000685221,0.000691963,0.000696824,0.000694959,0.00069191,0.000690095,0.000690553,0.000694121,0.000697967,0.000699712,0.000694464,0.000689004,0.000687217,0.00068867,0.000689222,0.000683883,0.000675104,0.000665288,0.000661329,0.000667464,0.000686646,0.000705357,0.00072075,0.000733079,0.00075139,0.000772529,0.000792016,0.000805366,0.000816708,0.000827538,0.000843673,0.000867814,0.000892888,0.000907636,0.000891735,0.000909814,0.0010148,0.00116207,0.00126423,0.00125921,0.00122851,0.00120302,0.00120049,0.00122253,0.00125174,0.00126738,0.00124081,0.00120648,0.00119181,0.0011998,0.00120243,0.00117933,0.00114977,0.00112404,0.00111282,0.00112192,0.00114261,0.00114349,0.00111181,0.00109335,0.00115555,0.00126436,0.00134637,0.00134699,0.00130855,0.00129814,0.00131724,0.00135764,0.00140022,0.00141907,0.00140468,0.0013827,0.00138949,0.00141758,0.00143735,0.00141323,0.00138384,0.00136828,0.00137001,0.00138476,0.00139929,0.00140162,0.00137528,0.00134526,0.00133606,0.00134049,0.00133838,0.00131025,0.00127788,0.00125142,0.00123536,0.00122722,0.00122112,0.00120873,0.00117905,0.00114841,0.00112711,0.00111645,0.00111051,0.00110428,0.00110313,0.00111644,0.00114438,0.00118679,0.00123906,0.00128262,0.00130659,0.00133154,0.00136795,0.00140298,0.00141748,0.0013867,0.00134623,0.00131636,0.0013011,0.00129504,0.00128713,0.00126763,0.00123254,0.0011951,0.00117756,0.00117106,0.00116273,0.00113986,0.00110955,0.00108419,0.0010664,0.00105592,0.00104665,0.00103228,0.00100093,0.000966835,0.000939888,0.000922467,0.000908651,0.000883603,0.000836258,0.000744241,0.000652228,0.000595497,0.000598637,0.000625968,0.000633502,0.000633387,0.000636335,0.000646948,0.00065467,0.000655965,0.00065239,0.000650667,0.000652139,0.000655655,0.000658887,0.000660402,0.000655869,0.000649701,0.000647902,0.000649684,0.000649131,0.000643387,0.000634634,0.000627419,0.000623048,0.000621251,0.000619461,0.000615662,0.000605407,0.000595316,0.000588554,0.000584575,0.00057931,0.000567812,0.000554751,0.000542668,0.000533655,0.000527102,0.00052101,0.00051287,0.000500003,0.000486454,0.000478263,0.000475187
0.00043658,0.00043536,0.000439345,0.000450796,0.000467033,0.000478579,0.000482134,0.000485068,0.000490275,0.000498943,0.000510671,0.0005236,0.000533359,0.000536197,0.000538465,0.000544953,0.000556422,0.000565183,0.000567192,0.000564687,0.000564994,0.000568622,0.000576377,0.000585572,0.00059066,0.00058823,0.000583602,0.00058443,0.000590806,0.000592412,0.000586922,0.000579439,0.000573986,0.000571601,0.000572185,0.00057386,0.000572044,0.000563773,0.000555498,0.00055035,0.000549189,0.000548866,0.000546567,0.000547666,0.000554076,0.000565808,0.000582541,0.000600583,0.00061334,0.000619191,0.000622023,0.000630724,0.000644621,0.000653595,0.000654426,0.000654213,0.000655915,0.000661155,0.000669078,0.000677804,0.000683163,0.000683024,0.000681701,0.000685497,0.000692719,0.000698448,0.000696794,0.000692664,0.000690463,0.000691186,0.00069498,0.000699767,0.000701231,0.000696066,0.00068969,0.000687885,0.000690802,0.000690866,0.000684824,0.000676012,0.000666819,0.000662082,0.000667623,0.000686794,0.000707383,0.000721892,0.000734641,0.000753242,0.000775656,0.000794936,0.000808885,0.000819817,0.000831055,0.000846561,0.000871793,0.000900783,0.000912382,0.000908153,0.000918619,0.00100109,0.00114116,0.00125439,0.00126789,0.00121898,0.00119138,0.00119081,0.00121389,0.00124499,0.00125508,0.00123577,0.00119896,0.00118122,0.00119141,0.00119605,0.00117576,0.00114426,0.00111901,0.00110723,0.00111647,0.00113763,0.00113801,0.00110662,0.00108735,0.00114741,0.00126216,0.00133499,0.0013343,0.00129866,0.00128889,0.00131017,0.00134697,0.00138874,0.00140872,0.00139531,0.00137314,0.00137926,0.00140985,0.00142912,0.00140895,0.0013756,0.00136023,0.00136389,0.00137837,0.00139526,0.00139459,0.00136588,0.00133941,0.00132837,0.00133277,0.00133253,0.00130878,0.0012721,0.00124567,0.00123019,0.00122203,0.00121611,0.00120409,0.00117667,0.00114387,0.00112228,0.00111283,0.00110657,0.00109966,0.00110009,0.00111299,0.00114118,0.00118136,0.00123163,0.00127544,0.00130267,0.00132061,0.00135502,0.00139175,0.00140038,0.00137662,0.00133268,0.00130461,0.00129172,0.00128548,0.00127832,0.00125959,0.00122544,0.00118921,0.00117112,0.00116627,0.00115875,0.00113368,0.00110495,0.00107937,0.0010611,0.00105055,0.00104279,0.00102685,0.0009968,0.00096162,0.000934979,0.000918727,0.000904326,0.000881527,0.000834264,0.000746035,0.000650094,0.000600683,0.000606281,0.000631502,0.000639427,0.00063727,0.000639494,0.000650427,0.000658679,0.000658052,0.000654879,0.000652849,0.000654019,0.000657818,0.000662178,0.000662551,0.000656812,0.000651015,0.000649216,0.000651458,0.000650765,0.000644419,0.000635485,0.00062824,0.000623741,0.000621947,0.000621025,0.000617062,0.000606964,0.000595778,0.000588797,0.000585826,0.000580428,0.000569013,0.000555337,0.000543019,0.000533894,0.000527532,0.000522392,0.000514158,0.000499867,0.000486763,0.000478749,0.000475877
0.000436253,0.000435487,0.000438776,0.000450949,0.00046568,0.000478002,0.000482745,0.000484509,0.000489662,0.000498547,0.000510608,0.000523349,0.000533294,0.000536326,0.000537809,0.00054476,0.00055591,0.000564869,0.00056579,0.000564155,0.000564336,0.000568121,0.000575702,0.000584113,0.000590064,0.000587484,0.000582655,0.000583837,0.000588808,0.000591897,0.00058624,0.000578806,0.000573153,0.000570905,0.000571747,0.000573383,0.000571887,0.000564352,0.000555218,0.0005503,0.000549235,0.000548878,0.000547254,0.000547461,0.000553807,0.000565553,0.000582267,0.000599462,0.000613464,0.000618046,0.000621705,0.000630699,0.000643095,0.000653114,0.000655158,0.000653611,0.000655497,0.000660793,0.000668924,0.000677306,0.00068332,0.000682818,0.000681747,0.000685479,0.000692891,0.000698307,0.0006969,0.000692331,0.000690348,0.000691233,0.000695074,0.000699723,0.000701435,0.000696605,0.000689909,0.000688062,0.000690488,0.000691275,0.000685716,0.000676173,0.000665891,0.000661913,0.00066863,0.000687035,0.000708433,0.000722406,0.00073598,0.000754151,0.000776236,0.00079685,0.000810269,0.000821477,0.000832486,0.000848882,0.000874737,0.00090101,0.000917144,0.000902352,0.000921468,0.00101085,0.00113699,0.00124135,0.00124692,0.00121014,0.00118316,0.00118167,0.00120443,0.0012304,0.00124641,0.00122012,0.00119164,0.00117853,0.00118299,0.00118799,0.00116852,0.00113789,0.00111332,0.00110374,0.0011129,0.00112923,0.00113269,0.00109354,0.001085,0.00114875,0.00124752,0.0013225,0.0013189,0.00129013,0.00128208,0.00129927,0.00133739,0.00137556,0.00139832,0.00138171,0.00136454,0.00137264,0.00140012,0.00141744,0.00139644,0.00136722,0.00135506,0.00135725,0.00137128,0.00138461,0.00138515,0.00136089,0.00133364,0.00132228,0.00132581,0.00132586,0.00130083,0.00126683,0.00123977,0.00122444,0.00121723,0.00121112,0.00119909,0.00117015,0.00113935,0.00111839,0.00110797,0.00110226,0.0010967,0.00109634,0.00111016,0.00113635,0.00117748,0.00122553,0.00126844,0.00129082,0.00131056,0.00134254,0.00137358,0.00138635,0.00135825,0.00132082,0.00129443,0.00128123,0.00127592,0.00126787,0.00125143,0.00121807,0.00118429,0.00116568,0.00116039,0.00115275,0.00112955,0.00109958,0.00107445,0.00105631,0.00104564,0.0010364,0.00102147,0.000991,0.000956937,0.000930914,0.000913703,0.000899845,0.000877354,0.000829864,0.000742223,0.000655747,0.000606065,0.000609927,0.000634091,0.000641839,0.000639733,0.000642526,0.000652617,0.000660179,0.000659557,0.000655836,0.000653847,0.000654618,0.000658429,0.000662407,0.000663208,0.00065755,0.000651342,0.000650047,0.000651345,0.000651319,0.00064434,0.000635457,0.000628055,0.000623538,0.000621898,0.000621137,0.000617133,0.000607035,0.000595649,0.000588913,0.000585249,0.000580281,0.000569334,0.000555014,0.000542782,0.000533612,0.000527341,0.000522104,0.000514106,0.0005005,0.000486669,0.000478607,0.000475358
0.000435592,0.000434513,0.000437851,0.000449686,0.000465665,0.000477748,0.000482159,0.000483894,0.000488515,0.000497318,0.00050954,0.000522821,0.000532228,0.000534718,0.000536201,0.000544046,0.000555841,0.00056364,0.000564576,0.000562865,0.000562978,0.000566836,0.000574366,0.000583791,0.000589094,0.000586317,0.000581464,0.00058235,0.000588026,0.000591014,0.000586029,0.000577723,0.00057196,0.000569796,0.00057069,0.000572489,0.000570944,0.000563323,0.000554038,0.000549035,0.000548504,0.000548225,0.000546447,0.000546714,0.000552748,0.000564797,0.000581526,0.000599788,0.000613521,0.000618832,0.000621497,0.000629543,0.000642977,0.000652799,0.000654289,0.000652775,0.000654231,0.000659674,0.000667828,0.000676554,0.000682415,0.000682617,0.00068094,0.000683879,0.000692116,0.000697559,0.000695947,0.000691724,0.000689641,0.000690583,0.000694349,0.000699443,0.000701441,0.000696648,0.000689528,0.000687356,0.000690299,0.00069104,0.000685459,0.000675948,0.000665913,0.000661223,0.000668699,0.000687969,0.000708399,0.000722819,0.000735817,0.000753551,0.000776417,0.000797878,0.000812168,0.00082248,0.000833683,0.000849956,0.000876034,0.000905059,0.00091868,0.000909264,0.000919835,0.00100309,0.00113519,0.00122911,0.00123498,0.0011977,0.0011719,0.00117275,0.0011945,0.00122354,0.00123485,0.00121256,0.00118014,0.00116877,0.00117768,0.00117979,0.00116033,0.00113176,0.00110814,0.001097,0.00110512,0.00112317,0.00112294,0.00108877,0.00107145,0.00113199,0.00123684,0.00130386,0.00130223,0.00127562,0.00126813,0.00128851,0.0013256,0.00136406,0.00138458,0.00137267,0.00135319,0.00136318,0.0013955,0.00140645,0.00138567,0.00135973,0.00134832,0.00135031,0.0013632,0.00137763,0.00137789,0.00135503,0.00132595,0.00131315,0.00131822,0.00131861,0.00129531,0.00126055,0.0012333,0.00121861,0.00121211,0.00120799,0.0011938,0.00116504,0.00113442,0.0011137,0.00110387,0.00109764,0.00109132,0.00109194,0.00110511,0.00113081,0.00117259,0.0012214,0.00126141,0.0012831,0.00129982,0.00132912,0.00136327,0.00137375,0.00134779,0.00130927,0.00128319,0.00127097,0.00126516,0.00125779,0.00124164,0.0012112,0.00117704,0.00115685,0.00115342,0.00114573,0.00112273,0.00109364,0.00106877,0.00105114,0.00104059,0.00103311,0.00101705,0.000986653,0.000952704,0.0009268,0.000909987,0.000895447,0.000872676,0.000825881,0.000744166,0.000656637,0.000609982,0.000615315,0.000637421,0.000643866,0.000640396,0.000644219,0.000654474,0.000660631,0.000659597,0.000656043,0.000653959,0.000654671,0.000658291,0.000662891,0.000663032,0.000656815,0.000650356,0.000649118,0.000651093,0.000650732,0.00064414,0.000634834,0.000627335,0.000622787,0.000621159,0.000620521,0.000616484,0.000606343,0.000594805,0.000587972,0.000585056,0.000579944,0.00056838,0.000554232,0.000542146,0.000532916,0.000526638,0.00052156,0.000513512,0.000499877,0.000485914,0.000478014,0.000474927
0.000434809,0.000434284,0.000437655,0.000449302,0.000464272,0.000477261,0.000481221,0.000483265,0.000487836,0.000496239,0.000508619,0.000521807,0.000531095,0.000532728,0.000535256,0.000543163,0.000553694,0.000562063,0.000563391,0.000561546,0.000561645,0.000565409,0.00057349,0.000582918,0.000587878,0.000584234,0.000580661,0.000581846,0.000586082,0.000589584,0.0005841,0.00057641,0.000570783,0.000568683,0.000569758,0.000571534,0.000569969,0.000562609,0.000553377,0.000548308,0.000547357,0.000547446,0.000545863,0.000545919,0.000552023,0.000563945,0.000580975,0.000598788,0.000613029,0.000617842,0.000621254,0.000629354,0.000641241,0.000652086,0.000653054,0.000651922,0.000653418,0.000658533,0.000666919,0.000675531,0.000681173,0.000680748,0.000679917,0.000683533,0.000691273,0.000697054,0.000695712,0.000691224,0.000688898,0.000689795,0.000693906,0.000699382,0.00070134,0.000695351,0.000689279,0.000687772,0.000690014,0.000690831,0.000685238,0.000675595,0.000665225,0.000661347,0.000668638,0.000686718,0.000708184,0.000722395,0.000735785,0.000754008,0.000776719,0.000798256,0.000812054,0.000823369,0.000835136,0.00085186,0.000877836,0.00090505,0.000919337,0.000912621,0.000922847,0.00100065,0.00111402,0.00121504,0.00122613,0.00118613,0.00116276,0.00116384,0.001186,0.00121187,0.00122146,0.00120075,0.00117099,0.0011618,0.00116887,0.00117062,0.00115096,0.00112548,0.00110367,0.00109256,0.00109947,0.00111459,0.00111359,0.00108669,0.00106725,0.00111562,0.00121056,0.00128607,0.00128972,0.00126247,0.00125764,0.00127744,0.00131525,0.00135138,0.00136971,0.00135537,0.00134275,0.00135256,0.00138044,0.00139694,0.00137905,0.00135216,0.00134133,0.00134325,0.00135613,0.00136838,0.00137075,0.00134526,0.00131897,0.00130838,0.00131178,0.00130955,0.00128424,0.00125334,0.00122811,0.00121336,0.00120615,0.00119991,0.00118787,0.00116068,0.00113033,0.00110916,0.00109832,0.00109262,0.00108777,0.00108783,0.0011013,0.00112695,0.00116725,0.00121341,0.0012533,0.00127231,0.00128909,0.00131797,0.00134671,0.0013577,0.00133031,0.00129695,0.00127216,0.0012598,0.0012549,0.00124733,0.00123144,0.00119994,0.00116878,0.00115217,0.00114774,0.0011388,0.00111693,0.00108781,0.00106337,0.00104593,0.00103509,0.00102568,0.00101164,0.000981094,0.000949293,0.000923472,0.000905374,0.00089083,0.000868846,0.000821961,0.000741903,0.000661384,0.000615792,0.000621307,0.000640993,0.000643374,0.000642242,0.000645813,0.000654407,0.000661445,0.000660418,0.000656451,0.000654074,0.000654644,0.0006581,0.000661842,0.000662817,0.000656719,0.000650023,0.000648734,0.000649977,0.000649909,0.000642887,0.000634144,0.00062667,0.000622123,0.000620521,0.00061978,0.000615806,0.000605531,0.000594142,0.000587582,0.00058439,0.000579183,0.000566915,0.000553421,0.000541524,0.000532346,0.000526102,0.000520982,0.000513149,0.000499921,0.000485863,0.000477331,0.000474001
0.000433829,0.000432939,0.000436525,0.000447276,0.000463453,0.000475627,0.000480403,0.00048196,0.000486529,0.000495308,0.000507558,0.000521088,0.000530067,0.00053217,0.000533703,0.000541692,0.000553057,0.00056105,0.000562122,0.000560324,0.000560254,0.000563892,0.000572157,0.00058184,0.0005863,0.00058303,0.000578541,0.000579743,0.000585355,0.000587769,0.000583518,0.000575055,0.000569444,0.000567424,0.000568509,0.000570296,0.000568862,0.000561389,0.00055233,0.000546837,0.000546185,0.000546616,0.000544806,0.000545072,0.000550984,0.000563054,0.000579983,0.000598491,0.000612065,0.000617436,0.000619778,0.000627896,0.000640919,0.000650536,0.000652821,0.000650627,0.000652086,0.000657563,0.000665925,0.000675,0.000680371,0.000680292,0.000678768,0.00068234,0.000690365,0.000696127,0.000694215,0.000690365,0.000687882,0.000688947,0.000693335,0.000699252,0.000700566,0.000694764,0.000688086,0.000686745,0.000689179,0.000690329,0.000684633,0.0006751,0.000665398,0.000660764,0.000668099,0.000687183,0.000708284,0.000722999,0.000735654,0.000754159,0.000778104,0.00079855,0.000812681,0.000824155,0.000836464,0.000853346,0.000878503,0.000906697,0.000922565,0.000916572,0.000925556,0.000997786,0.00111485,0.0012019,0.00120867,0.00117621,0.00115302,0.0011541,0.00117545,0.00120151,0.00121157,0.00119062,0.0011625,0.00115287,0.00116147,0.00116198,0.0011449,0.00111844,0.00109714,0.00108753,0.001093,0.00110416,0.00110731,0.00108255,0.00106494,0.00110225,0.00119873,0.00127536,0.00127846,0.00125299,0.00124668,0.00126706,0.00130375,0.00134059,0.00135819,0.0013492,0.0013334,0.0013407,0.00137058,0.00138682,0.00136879,0.0013443,0.00133229,0.0013356,0.00134776,0.00136113,0.0013604,0.00133737,0.00130924,0.00130134,0.00130636,0.00130075,0.00127761,0.00124667,0.00122292,0.00120763,0.00120009,0.00119475,0.00118184,0.00115583,0.00112519,0.00110291,0.00109232,0.00108721,0.00108196,0.00108346,0.00109615,0.00112197,0.00116056,0.00120713,0.00124449,0.00126369,0.00127675,0.0013051,0.00133595,0.00134145,0.00131826,0.00128426,0.00126067,0.00124946,0.00124431,0.00123884,0.00122234,0.00119121,0.0011604,0.00114618,0.00114168,0.0011319,0.00110921,0.00108192,0.00105788,0.00104045,0.00102924,0.00102038,0.00100517,0.000977956,0.000943686,0.000917114,0.000900927,0.000885385,0.00086158,0.00081722,0.0007408,0.000660326,0.00061939,0.000624763,0.000642741,0.000646101,0.00064363,0.000646756,0.000655798,0.000662653,0.000661487,0.000656952,0.000654281,0.000654883,0.000657978,0.000661716,0.000662599,0.000657053,0.000649847,0.000647814,0.000650378,0.000649323,0.000642375,0.000633443,0.000626061,0.000621389,0.000619643,0.000618941,0.000614997,0.000604569,0.000593111,0.000586442,0.00058409,0.000577983,0.000566115,0.00055245,0.000540609,0.000531447,0.00052512,0.000519697,0.000512252,0.000498756,0.000485238,0.00047606,0.000473146
0.000432672,0.000432078,0.000434837,0.000445501,0.000461841,0.000473971,0.00047914,0.000480694,0.0004853,0.000494064,0.000506377,0.000519676,0.000528957,0.00053141,0.000532817,0.000540079,0.000550825,0.000559898,0.000560626,0.000558875,0.000558913,0.000562448,0.000570513,0.000579619,0.000584276,0.000581247,0.00057664,0.000578012,0.000583927,0.000586314,0.000580887,0.000573803,0.000568299,0.000566025,0.000567077,0.000568744,0.000567458,0.000559785,0.000550876,0.000545991,0.000545647,0.000545395,0.000543525,0.000543987,0.00054992,0.000561991,0.000578937,0.000597508,0.000610852,0.000616351,0.000618502,0.000626786,0.000640025,0.000649378,0.000650219,0.000649552,0.000651022,0.000656288,0.000664863,0.000673935,0.000679622,0.00067824,0.000677607,0.000681877,0.000689555,0.000694037,0.000693317,0.000689068,0.000686768,0.000687984,0.000692413,0.000697917,0.000699511,0.000693833,0.000686782,0.000685883,0.000688468,0.000689042,0.000683454,0.000674325,0.000664789,0.000660257,0.000667665,0.000687008,0.000707881,0.00072237,0.000735638,0.000754349,0.000778073,0.000798792,0.000813212,0.000824788,0.000837176,0.000854288,0.000879743,0.000907165,0.000923846,0.000918189,0.000930626,0.00099225,0.00109663,0.00118943,0.00119128,0.00116311,0.00114262,0.00114426,0.00116546,0.00119026,0.00120079,0.00118015,0.0011545,0.00114495,0.00115297,0.00115451,0.00113565,0.00111216,0.00109155,0.00108081,0.00108573,0.00109923,0.00109854,0.00107339,0.00105913,0.00109768,0.00119223,0.00126105,0.0012614,0.00124052,0.00123595,0.00125632,0.00129283,0.0013293,0.00134836,0.00133602,0.00132558,0.00133319,0.0013609,0.00137552,0.00136472,0.00133686,0.00132344,0.00132636,0.00133917,0.00135254,0.00135069,0.00132996,0.00130168,0.00129397,0.00129846,0.00129352,0.0012685,0.00124051,0.00121741,0.00120214,0.00119444,0.00118772,0.00117638,0.00114967,0.00111931,0.00109795,0.00108796,0.00108154,0.00107783,0.00107844,0.0010906,0.00111561,0.00115362,0.00119981,0.00123566,0.00125408,0.00126538,0.00128934,0.00131739,0.00132819,0.00130611,0.00127184,0.00124921,0.00123853,0.00123407,0.00122858,0.00121322,0.00118418,0.00115379,0.00113961,0.00113439,0.00112476,0.00110223,0.00107565,0.00105201,0.00103473,0.00102363,0.00101517,0.000999607,0.000969801,0.000937881,0.000912174,0.000895668,0.000879129,0.000854429,0.000811393,0.000737044,0.000661008,0.000621998,0.00062574,0.000644476,0.000648361,0.000645585,0.000648446,0.000657143,0.00066345,0.000661832,0.000657256,0.000654426,0.00065489,0.000657887,0.000661537,0.00066205,0.000656178,0.000649362,0.000647194,0.000649367,0.000648535,0.000641664,0.000632625,0.000625175,0.000620447,0.000618657,0.000617594,0.000613754,0.000603245,0.000592147,0.000585402,0.000582755,0.000576865,0.000565238,0.000551583,0.000539708,0.000530266,0.000523859,0.000518701,0.000510425,0.000497986,0.000484048,0.000474912,0.000472225
0.000431448,0.000430187,0.000433525,0.000444521,0.00045956,0.000472351,0.000477015,0.00047946,0.000484036,0.000492684,0.000504717,0.000517926,0.000527426,0.000529558,0.000531706,0.00053837,0.000549284,0.000557751,0.000559455,0.000557068,0.000557306,0.00056111,0.000568682,0.00057742,0.000582115,0.000578911,0.000575072,0.000576438,0.000581766,0.000584077,0.000579334,0.000572007,0.000566936,0.000564727,0.000565395,0.000567442,0.000565825,0.000558621,0.000549366,0.000544982,0.000544018,0.000543986,0.000542478,0.000542715,0.000548855,0.000560785,0.000577818,0.000595537,0.000609505,0.000614049,0.000617426,0.000625783,0.00063832,0.000647434,0.000648974,0.000647947,0.000649865,0.000655101,0.000663317,0.000672573,0.000678052,0.000677766,0.000676037,0.000680574,0.000687732,0.000692755,0.000691084,0.000687848,0.000685842,0.00068702,0.000691205,0.000696468,0.000698432,0.000692701,0.00068621,0.000684698,0.00068716,0.000687945,0.000682462,0.000673473,0.000663532,0.000659631,0.000667264,0.000685682,0.000707123,0.000721917,0.00073503,0.000754282,0.000777646,0.000798728,0.000813057,0.000825152,0.000837685,0.000854779,0.000880425,0.000909058,0.00092389,0.000922705,0.000928031,0.000993624,0.00109148,0.00116968,0.00117884,0.00115082,0.00113378,0.00113561,0.00115457,0.00117936,0.00118846,0.00117142,0.0011454,0.00113721,0.00114357,0.00114529,0.00112964,0.00110513,0.00108485,0.00107523,0.00108008,0.00109116,0.0010902,0.00106441,0.00104657,0.00109704,0.00118006,0.00124101,0.00124568,0.00122724,0.0012269,0.00124611,0.00128066,0.00131627,0.00133469,0.00132789,0.00131433,0.00132487,0.00134803,0.00136517,0.00135021,0.00132874,0.00131644,0.00131889,0.00133138,0.00134178,0.00134127,0.00132016,0.00129578,0.00128511,0.00128908,0.00128489,0.00126335,0.00123328,0.001211,0.00119619,0.0011881,0.00118271,0.0011697,0.00114387,0.00111353,0.0010932,0.0010815,0.00107536,0.00107156,0.00107302,0.00108468,0.00110963,0.00114747,0.00119042,0.00122627,0.00124082,0.00125385,0.00127639,0.00130116,0.0013119,0.00129016,0.00125937,0.00123741,0.00122735,0.00122328,0.0012175,0.00120311,0.00117493,0.00114787,0.00113208,0.00112705,0.00111741,0.00109646,0.00106936,0.00104608,0.0010289,0.00101804,0.0010087,0.000993024,0.000963988,0.000931797,0.000907938,0.000890208,0.000873406,0.000848764,0.000805663,0.000735823,0.000664351,0.00062434,0.000630637,0.000646496,0.000648725,0.000647619,0.000650065,0.000657096,0.000663604,0.00066236,0.000657198,0.000654338,0.000654591,0.000657672,0.00066091,0.000661193,0.000655448,0.000648389,0.000646508,0.000647951,0.000647534,0.00064047,0.000631654,0.000624078,0.000619414,0.000617494,0.000616438,0.000612316,0.000602681,0.000590854,0.000584328,0.000581253,0.000575678,0.000563778,0.000550483,0.00053846,0.000529254,0.000522739,0.000516929,0.000509283,0.000495874,0.000482927,0.000474274,0.000471076
0.000430122,0.000428988,0.000431931,0.00044257,0.00045814,0.000470538,0.00047551,0.000477676,0.000482577,0.000491486,0.000503171,0.000515806,0.000525311,0.000528885,0.000529901,0.000536018,0.0005474,0.000555958,0.000556911,0.000555373,0.000555714,0.000559412,0.000566494,0.000574956,0.000580336,0.000577758,0.000572905,0.000574089,0.000579954,0.000581672,0.000576867,0.000570065,0.000565182,0.000563168,0.000563699,0.000565562,0.000564208,0.000556742,0.00054774,0.000543514,0.000543051,0.000542354,0.000540739,0.000541317,0.000547485,0.000559518,0.000576173,0.000594407,0.000607965,0.00061294,0.000615546,0.000623925,0.000637007,0.000645414,0.000646761,0.000646217,0.000648259,0.000653681,0.000661684,0.000670717,0.000676309,0.000675793,0.000674425,0.000679003,0.0006868,0.000691527,0.000690165,0.000686529,0.000684742,0.000685947,0.000689996,0.000695104,0.000697327,0.000692543,0.000685194,0.000683549,0.000686726,0.000686861,0.000681312,0.000672535,0.000663017,0.000658561,0.000666255,0.000685977,0.000706758,0.000720993,0.000734867,0.000753756,0.000777019,0.000798416,0.000813561,0.000825162,0.000837769,0.000855452,0.00088104,0.000909876,0.000927117,0.000920357,0.00093029,0.000989928,0.00108742,0.00116097,0.00116365,0.00114018,0.0011247,0.00112673,0.00114386,0.00116724,0.00117673,0.00116061,0.00113633,0.00112832,0.00113532,0.0011364,0.00112098,0.0010978,0.00107827,0.0010689,0.00107355,0.00108711,0.00108208,0.00104939,0.00103525,0.00108733,0.00117191,0.00122604,0.00122826,0.00121678,0.00121692,0.00123623,0.00126851,0.00130245,0.00132051,0.00131294,0.00130066,0.00131278,0.0013387,0.00135106,0.00134067,0.00131859,0.00130732,0.0013112,0.00132236,0.00133293,0.00133167,0.00131222,0.00128733,0.00127585,0.00127997,0.00127663,0.00125497,0.0012266,0.00120418,0.00118943,0.0011812,0.00117568,0.00116307,0.00113732,0.0011077,0.00108729,0.00107603,0.00106913,0.00106536,0.00106697,0.00107825,0.0011029,0.00113939,0.00118192,0.00121467,0.00123067,0.00124088,0.00126002,0.00128511,0.00129617,0.00127668,0.00124581,0.00122517,0.00121608,0.0012118,0.00120599,0.00119271,0.00116798,0.00113995,0.00112341,0.00111901,0.0011102,0.00108922,0.00106303,0.00104001,0.00102285,0.00101153,0.00100302,0.000986171,0.000956841,0.000925672,0.000902411,0.000885042,0.000867694,0.000843705,0.000802638,0.000735029,0.000665959,0.00062984,0.000631773,0.000648552,0.00065243,0.000648257,0.000650349,0.000658562,0.000663559,0.000661606,0.000657212,0.000654242,0.000654189,0.000657015,0.000660765,0.000660641,0.000654376,0.000647866,0.000645584,0.000646994,0.000646742,0.000639968,0.000630544,0.000622991,0.000618289,0.000616286,0.000615248,0.000611285,0.000601031,0.0005897,0.000582717,0.000579492,0.000574271,0.00056314,0.000549111,0.000536976,0.000527899,0.000521319,0.00051597,0.000507988,0.000495014,0.000481445,0.000473043,0.000470205
0.000428648,0.000427286,0.000430445,0.000441171,0.00045559,0.000468353,0.000473355,0.000475854,0.000481305,0.000490034,0.00050168,0.000513716,0.000523532,0.000525846,0.000528085,0.000535118,0.000545684,0.000553665,0.000554473,0.000553498,0.000554137,0.000557661,0.000564597,0.000572632,0.000577947,0.000574673,0.000570822,0.000572047,0.000576336,0.000579248,0.000574966,0.000568301,0.000563413,0.000561305,0.000562075,0.000563611,0.000562596,0.000554886,0.000546456,0.000542172,0.000540994,0.000540582,0.000539045,0.00053981,0.00054613,0.000558035,0.000574776,0.000592311,0.00060616,0.000610783,0.000614243,0.000622143,0.000633697,0.000643522,0.000645203,0.000644699,0.000646664,0.000651878,0.000660152,0.000668817,0.000674506,0.000674433,0.000673408,0.000677388,0.000684505,0.000689677,0.000688457,0.000684996,0.000683364,0.000684699,0.000688917,0.000693721,0.000696061,0.000690408,0.000684126,0.000682371,0.000684322,0.00068563,0.000680166,0.000671488,0.000661622,0.000658026,0.00066558,0.000684151,0.000705886,0.000720532,0.000734777,0.00075417,0.00077637,0.000797678,0.000812841,0.000824956,0.000838033,0.000856526,0.000881949,0.000909506,0.000928054,0.000922566,0.000935522,0.000994185,0.00107608,0.0011477,0.0011493,0.00112851,0.00111593,0.00111771,0.00113458,0.00115543,0.00116525,0.0011493,0.00112817,0.00112132,0.00112579,0.00112737,0.00111253,0.00109054,0.00107192,0.00106343,0.00106722,0.00107493,0.00107328,0.00104624,0.00103379,0.00107693,0.00115118,0.00121083,0.00121734,0.00120571,0.00120772,0.00122545,0.00125717,0.00128871,0.00130712,0.00130061,0.0012909,0.00130222,0.00132294,0.0013379,0.00132769,0.00130924,0.00130051,0.00130345,0.001314,0.00132279,0.00132175,0.00130171,0.00127929,0.00127073,0.00127148,0.00126826,0.00124793,0.00122013,0.00119788,0.00118301,0.00117503,0.00116885,0.00115667,0.0011312,0.00110293,0.00108211,0.00106954,0.00106246,0.00105851,0.00106037,0.00107265,0.00109639,0.00113148,0.00117068,0.00120309,0.0012169,0.00122819,0.00124704,0.00126855,0.00127925,0.00125973,0.00123214,0.00121379,0.00120449,0.00120079,0.0011944,0.00118209,0.00115826,0.00113277,0.00111752,0.00111083,0.00110284,0.00108218,0.00105661,0.00103399,0.00101697,0.00100511,0.000994239,0.00097931,0.000951001,0.000920507,0.000896666,0.000878464,0.000861694,0.000838661,0.000798405,0.000732038,0.000671283,0.000635018,0.000634832,0.00064992,0.000652631,0.000649445,0.00065144,0.00065814,0.000663274,0.00066138,0.000657028,0.000654219,0.000653924,0.000656327,0.000659301,0.000659665,0.000653672,0.000647446,0.000645361,0.000645843,0.000645346,0.000638323,0.000629313,0.00062178,0.000617035,0.000615074,0.000613817,0.000609778,0.000599105,0.000588481,0.00058199,0.000577534,0.000572431,0.000561307,0.000547651,0.000535729,0.000526537,0.000519982,0.000513779,0.000506013,0.000492789,0.00048021,0.000471835,0.000468873
0.000426984,0.000425801,0.000428541,0.000438846,0.000453924,0.000466008,0.000471166,0.000474023,0.000479536,0.00048806,0.000499545,0.000511942,0.000521206,0.000523459,0.000525408,0.000532904,0.000543904,0.000550829,0.000551888,0.000551151,0.000552065,0.000555691,0.000562183,0.000570384,0.00057503,0.00057262,0.000568467,0.000569782,0.000574605,0.000576926,0.000572996,0.000566183,0.00056117,0.000559248,0.000559941,0.000561408,0.000560156,0.000552691,0.000544377,0.000539968,0.000539121,0.000538624,0.00053718,0.000538047,0.000544434,0.000556443,0.000572887,0.000590657,0.00060401,0.000609485,0.000612391,0.000619919,0.000631687,0.000641445,0.000643705,0.000642731,0.000644443,0.000649965,0.000658162,0.000666787,0.000672355,0.000672715,0.000671701,0.000674836,0.0006825,0.000687523,0.000686549,0.000683265,0.000681741,0.000682992,0.000687155,0.000692412,0.000694117,0.000688946,0.000682511,0.000680651,0.000682928,0.000684077,0.000679167,0.000670191,0.000660941,0.000656634,0.000664256,0.000683482,0.000704424,0.000719677,0.00073344,0.000752939,0.00077613,0.00079663,0.000811591,0.000824304,0.000838116,0.00085615,0.000880991,0.00090939,0.000926251,0.000924593,0.000932329,0.000986022,0.00107011,0.00112906,0.0011345,0.00111545,0.00110455,0.00110747,0.00112268,0.00114189,0.00115205,0.00113885,0.00111776,0.00111127,0.00111737,0.00111729,0.00110251,0.00108301,0.00106611,0.00105722,0.00106007,0.00106829,0.00106399,0.00103878,0.0010263,0.00106119,0.00113693,0.00119395,0.00120283,0.00119193,0.00119425,0.00121432,0.00124445,0.00127569,0.00129338,0.00128879,0.00128002,0.0012896,0.00131355,0.00132704,0.00131725,0.00130018,0.00129229,0.00129532,0.00130478,0.00131368,0.00131155,0.00129237,0.00126977,0.00126104,0.00126214,0.00125883,0.00123921,0.00121252,0.0011903,0.00117632,0.00116823,0.00116229,0.00114923,0.00112378,0.00109621,0.00107504,0.00106258,0.00105518,0.00105055,0.0010529,0.0010659,0.00108917,0.00112256,0.00116137,0.00119154,0.00120487,0.00121364,0.00123112,0.00125394,0.00126157,0.00124445,0.00121893,0.00120234,0.00119391,0.0011895,0.00118397,0.00117163,0.00114923,0.00112429,0.00110859,0.00110271,0.0010948,0.00107475,0.00104977,0.0010279,0.00101103,0.0009985,0.000987459,0.0009722,0.000946196,0.000914995,0.000890299,0.000872594,0.00085544,0.000831218,0.000792163,0.000732474,0.000669737,0.000636474,0.000639634,0.000651372,0.000653916,0.000650122,0.000651719,0.000658844,0.000663083,0.000661178,0.000656542,0.000653711,0.000653402,0.000655402,0.000658279,0.000658163,0.000652625,0.000645807,0.000643487,0.000644731,0.000643461,0.000636789,0.000627847,0.000620381,0.000615553,0.000613406,0.000612421,0.000607636,0.000597223,0.000586386,0.000580122,0.000576483,0.000570588,0.000559458,0.000546019,0.000534175,0.000524971,0.000518385,0.000512618,0.000504187,0.000491912,0.000478745,0.000470204,0.000467742
0.000425068,0.000424119,0.000426624,0.000436847,0.000451463,0.000463374,0.000469392,0.000472029,0.000477599,0.000485951,0.0004974,0.000509497,0.000517906,0.000521531,0.000523227,0.000529953,0.000540275,0.00054791,0.000549465,0.000548697,0.000549661,0.000553319,0.000559849,0.000568084,0.000572014,0.000570671,0.000566455,0.000567466,0.000571277,0.000574157,0.00056969,0.000563586,0.000559023,0.000557219,0.000557822,0.000559002,0.000556973,0.000550711,0.00054241,0.000537591,0.000536484,0.000536165,0.000534631,0.00053596,0.000542665,0.000554555,0.000570785,0.000588435,0.000601274,0.000607344,0.000610201,0.00061784,0.000629247,0.000638409,0.000640058,0.000640195,0.000642472,0.000648049,0.000656035,0.00066408,0.00066973,0.000669918,0.000669597,0.000673226,0.000680723,0.000685078,0.000684764,0.000681428,0.000680043,0.000681092,0.000685308,0.000690619,0.000691498,0.000687027,0.000680821,0.000679111,0.00068112,0.00068182,0.00067657,0.000668568,0.000659649,0.00065567,0.00066315,0.000682513,0.000702801,0.000718962,0.000732669,0.000751532,0.000773684,0.00079522,0.000810857,0.000823231,0.00083706,0.000855763,0.00088076,0.00090928,0.000924652,0.000926801,0.000932272,0.000983483,0.00106081,0.00111378,0.00112372,0.0011041,0.00109412,0.00109626,0.00111135,0.00113038,0.00113767,0.00112372,0.00110712,0.00110203,0.00110599,0.00110627,0.00109437,0.00107526,0.00105991,0.00105103,0.00105199,0.00105602,0.00105431,0.00103426,0.0010185,0.0010521,0.00112429,0.00117645,0.00119008,0.00117888,0.00118288,0.00120258,0.00123238,0.00126099,0.00127863,0.00127312,0.00126847,0.00127846,0.0012997,0.00131417,0.00130409,0.00129041,0.00128328,0.00128609,0.00129527,0.00130389,0.00130086,0.00128398,0.00126079,0.001253,0.00125293,0.00124812,0.00122843,0.00120418,0.00118327,0.00116957,0.00116107,0.00115335,0.00114066,0.00111725,0.00108927,0.00106811,0.00105558,0.00104715,0.00104282,0.00104459,0.00105767,0.00108087,0.00111264,0.00114691,0.00117819,0.00119283,0.00119969,0.0012161,0.00123759,0.00124404,0.00123086,0.00120624,0.00119041,0.00118193,0.00117808,0.00117207,0.00116105,0.00113818,0.0011152,0.00110177,0.00109548,0.00108583,0.00106575,0.00104258,0.00102121,0.00100449,0.000991915,0.000980683,0.00096466,0.000937878,0.000908922,0.000884485,0.000865518,0.000848934,0.00082574,0.000786316,0.000725529,0.000671916,0.00064182,0.000639219,0.000652881,0.00065365,0.000650818,0.000652382,0.000658325,0.000662509,0.000659683,0.000655928,0.000653148,0.000652557,0.000654307,0.000657028,0.000656503,0.000651474,0.000644461,0.000642106,0.000642983,0.000641482,0.00063518,0.000626183,0.000618766,0.000613882,0.00061151,0.000609624,0.000605268,0.000595552,0.000584726,0.000578259,0.000573828,0.000568447,0.000556918,0.000544121,0.000532474,0.000523264,0.00051652,0.000510173,0.000502397,0.000489292,0.000477112,0.000469002,0.00046657
0.000422893,0.000421624,0.000424444,0.000434114,0.000448066,0.000460249,0.000466237,0.00046977,0.000475095,0.000483822,0.000494914,0.000506245,0.000515071,0.000518362,0.000521013,0.000527585,0.000537164,0.000544835,0.000546476,0.00054611,0.000547066,0.000550527,0.000557305,0.000564359,0.000568466,0.000567021,0.000563959,0.000564023,0.000568717,0.000570462,0.000566846,0.000560918,0.000556889,0.000554795,0.00055528,0.000556158,0.000554283,0.000547235,0.000540328,0.000535321,0.000534006,0.000533363,0.000532269,0.000533551,0.000540908,0.000552514,0.000568298,0.000584044,0.000597762,0.000603731,0.00060748,0.000615041,0.000626325,0.00063473,0.000637462,0.000637709,0.000640373,0.000645789,0.00065344,0.000661663,0.000666833,0.000667564,0.000666872,0.000671404,0.000677877,0.000682164,0.00068171,0.000679197,0.000677791,0.00067914,0.0006831,0.000687413,0.000688888,0.000684273,0.000678902,0.00067709,0.000679152,0.00067908,0.000674223,0.000666771,0.000658025,0.000654074,0.000661703,0.000679906,0.000700787,0.000716144,0.00073165,0.000749883,0.000772206,0.000793478,0.000808958,0.000822032,0.000836406,0.000854213,0.000879899,0.000905858,0.000922227,0.000922679,0.000933786,0.000979504,0.00104695,0.00109816,0.00110511,0.00109188,0.00108221,0.00108658,0.0011007,0.00111791,0.00112485,0.00111218,0.00109674,0.00109467,0.00109785,0.00109612,0.00108309,0.00106723,0.00105301,0.00104485,0.00104347,0.00104725,0.00104401,0.001022,0.00101119,0.00104327,0.00110914,0.00115781,0.00116674,0.00116612,0.0011713,0.00119053,0.00121977,0.00124937,0.00126366,0.00126112,0.00125667,0.00126708,0.0012879,0.00129987,0.00129366,0.00128002,0.00127411,0.00127669,0.0012851,0.00129149,0.00128922,0.001272,0.001253,0.00124364,0.00124351,0.00123802,0.00122023,0.0011963,0.00117669,0.00116257,0.00115379,0.0011458,0.0011324,0.00110905,0.00108279,0.00106137,0.00104743,0.00103853,0.00103357,0.00103601,0.00104869,0.00107143,0.00110158,0.00113479,0.00116331,0.00117681,0.00118462,0.00119992,0.00121969,0.00122528,0.00121111,0.00119228,0.00117764,0.00117022,0.00116617,0.00116115,0.00114948,0.0011288,0.00110666,0.00109412,0.00108633,0.00107706,0.00105809,0.00103529,0.00101464,0.000997757,0.000985045,0.00097351,0.000956668,0.000930267,0.00090201,0.000878472,0.000859784,0.00084172,0.000817901,0.000781077,0.000725371,0.00067141,0.000643012,0.000644871,0.000653189,0.00065448,0.000650852,0.000653291,0.000658491,0.000661173,0.000658986,0.000654949,0.000652255,0.000651587,0.00065302,0.00065456,0.000654523,0.000648661,0.000643113,0.000640362,0.000639958,0.000639267,0.000632738,0.000624302,0.000617043,0.000612048,0.000609517,0.000607374,0.000602685,0.000593223,0.000582857,0.000576227,0.000571926,0.000565575,0.000555107,0.000542056,0.000530659,0.000521418,0.000514302,0.000508046,0.000499517,0.0004873,0.000474662,0.000467323,0.0004648
0.000420586,0.000419359,0.000421793,0.000431114,0.000444995,0.000456835,0.000462874,0.000466959,0.0004731,0.000481495,0.00049209,0.000503373,0.000511901,0.000515553,0.000518145,0.000524624,0.000534139,0.000541384,0.000543398,0.000543242,0.00054451,0.000548112,0.000553831,0.000560711,0.000564694,0.000562854,0.000559913,0.000561687,0.000565526,0.000566927,0.000563699,0.000558312,0.000554125,0.000552438,0.000552176,0.00055253,0.000551272,0.00054557,0.000537828,0.000532931,0.000531204,0.00053058,0.000530146,0.000531554,0.000537685,0.000549811,0.000565455,0.000582043,0.000593877,0.000599237,0.000603798,0.000612058,0.000622973,0.000631249,0.000634146,0.00063507,0.000637872,0.000643322,0.000650768,0.000658531,0.000663872,0.000665118,0.000665042,0.00066786,0.000674481,0.000679074,0.000678695,0.000676551,0.000675785,0.000676946,0.000680376,0.000684632,0.000685925,0.00068197,0.000676576,0.000674605,0.000675989,0.0006768,0.000672722,0.000664941,0.000656452,0.000652386,0.000659194,0.000677156,0.00069852,0.000715309,0.000729825,0.000748717,0.000771248,0.000790984,0.000806356,0.000820393,0.000835621,0.000853828,0.000876651,0.00090244,0.000919217,0.000921636,0.000931302,0.000972976,0.00103585,0.00108174,0.00108844,0.0010775,0.00107269,0.00107669,0.00108813,0.00110266,0.00111187,0.00110527,0.00108945,0.00108141,0.001085,0.001087,0.00107622,0.00105908,0.00104439,0.00103583,0.0010372,0.00104203,0.00103362,0.0010104,0.00100052,0.00102927,0.00108826,0.00114266,0.00115706,0.00115215,0.00115901,0.001179,0.00120529,0.00123101,0.00124911,0.00125052,0.00124572,0.00125493,0.00127456,0.00128638,0.00128105,0.0012695,0.00126417,0.00126685,0.0012739,0.00127989,0.0012771,0.00126143,0.00124303,0.00123448,0.00123389,0.00122824,0.0012106,0.00118825,0.00116946,0.00115572,0.00114565,0.00113718,0.00112379,0.00110116,0.00107522,0.00105375,0.00103914,0.00102958,0.00102451,0.00102671,0.00103908,0.00106115,0.00109109,0.00112412,0.00114818,0.00115937,0.00116806,0.00118201,0.00119882,0.00120805,0.00119738,0.00117769,0.00116433,0.00115777,0.00115421,0.00114916,0.0011381,0.00111887,0.00109851,0.00108561,0.00107861,0.00106838,0.00104995,0.00102793,0.00100782,0.000991161,0.000977428,0.000964567,0.000948541,0.000924163,0.000895634,0.000872062,0.000853417,0.000834075,0.000808926,0.000774155,0.00072503,0.000672793,0.000644445,0.000644674,0.000653706,0.000655315,0.000652036,0.000651442,0.000656307,0.000660509,0.000658679,0.000654009,0.000650887,0.000650067,0.000651539,0.000653246,0.000652268,0.00064705,0.000640988,0.000638506,0.000638866,0.000636369,0.000629821,0.00062209,0.000615388,0.000610374,0.00060706,0.000604689,0.000599973,0.000590779,0.000580507,0.000573507,0.00056913,0.000562878,0.000552275,0.000539857,0.000528593,0.000519361,0.000512056,0.000505383,0.000496669,0.00048445,0.000472404,0.000465225,0.000463366
0.000420586,0.000419359,0.000421793,0.000431114,0.000444995,0.000456835,0.000462874,0.000466959,0.0004731,0.000481495,0.00049209,0.000503373,0.000511901,0.000515553,0.000518145,0.000524624,0.000534139,0.000541384,0.000543398,0.000543242,0.00054451,0.000548112,0.000553831,0.000560711,0.000564694,0.000562854,0.000559913,0.000561687,0.000565526,0.000566927,0.000563699,0.000558312,0.000554125,0.000552438,0.000552176,0.00055253,0.000551272,0.00054557,0.000537828,0.000532931,0.000531204,0.00053058,0.000530146,0.000531554,0.000537685,0.000549811,0.000565455,0.000582043,0.000593877,0.000599237,0.000603798,0.000612058,0.000622973,0.000631249,0.000634146,0.00063507,0.000637872,0.000643322,0.000650768,0.000658531,0.000663872,0.000665118,0.000665042,0.00066786,0.000674481,0.000679074,0.000678695,0.000676551,0.000675785,0.000676946,0.000680376,0.000684632,0.000685925,0.00068197,0.000676576,0.000674605,0.000675989,0.0006768,0.000672722,0.000664941,0.000656452,0.000652386,0.000659194,0.000677156,0.00069852,0.000715309,0.000729825,0.000748717,0.000771248,0.000790984,0.000806356,0.000820393,0.000835621,0.000853828,0.000876651,0.00090244,0.000919217,0.000921636,0.000931302,0.000972976,0.00103585,0.00108174,0.00108844,0.0010775,0.00107269,0.00107669,0.00108813,0.00110266,0.00111187,0.00110527,0.00108945,0.00108141,0.001085,0.001087,0.00107622,0.00105908,0.00104439,0.00103583,0.0010372,0.00104203,0.00103362,0.0010104,0.00100052,0.00102927,0.00108826,0.00114266,0.00115706,0.00115215,0.00115901,0.001179,0.00120529,0.00123101,0.00124911,0.00125052,0.00124572,0.00125493,0.00127456,0.00128638,0.00128105,0.0012695,0.00126417,0.00126685,0.0012739,0.00127989,0.0012771,0.00126143,0.00124303,0.00123448,0.00123389,0.00122824,0.0012106,0.00118825,0.00116946,0.00115572,0.00114565,0.00113718,0.00112379,0.00110116,0.00107522,0.00105375,0.00103914,0.00102958,0.00102451,0.00102671,0.00103908,0.00106115,0.00109109,0.00112412,0.00114818,0.00115937,0.00116806,0.00118201,0.00119882,0.00120805,0.00119738,0.00117769,0.00116433,0.00115777,0.00115421,0.00114916,0.0011381,0.00111887,0.00109851,0.00108561,0.00107861,0.00106838,0.00104995,0.00102793,0.00100782,0.000991161,0.000977428,0.000964567,0.000948541,0.000924163,0.000895634,0.000872062,0.000853417,0.000834075,0.000808926,0.000774155,0.00072503,0.000672793,0.000644445,0.000644674,0.000653706,0.000655315,0.000652036,0.000651442,0.000656307,0.000660509,0.000658679,0.000654009,0.000650887,0.000650067,0.000651539,0.000653246,0.000652268,0.00064705,0.000640988,0.000638506,0.000638866,0.000636369,0.000629821,0.00062209,0.000615388,0.000610374,0.00060706,0.000604689,0.000599973,0.000590779,0.000580507,0.000573507,0.00056913,0.000562878,0.000552275,0.000539857,0.000528593,0.000519361,0.000512056,0.000505383,0.000496669,0.00048445,0.000472404,0.000465225,0.000463366
0.000420586,0.000419359,0.000421793,0.000431114,0.000444995,0.000456835,0.000462874,0.000466959,0.0004731,0.000481495,0.00049209,0.000503373,0.000511901,0.000515553,0.000518145,0.000524624,0.000534139,0.000541384,0.000543398,0.000543242,0.00054451,0.000548112,0.000553831,0.000560711,0.000564694,0.000562854,0.000559913,0.000561687,0.000565526,0.000566927,0.000563699,0.000558312,0.000554125,0.000552438,0.000552176,0.00055253,0.000551272,0.00054557,0.000537828,0.000532931,0.000531204,0.00053058,0.000530146,0.000531554,0.000537685,0.000549811,0.000565455,0.000582043,0.000593877,0.000599237,0.000603798,0.000612058,0.000622973,0.000631249,0.000634146,0.00063507,0.000637872,0.000643322,0.000650768,0.000658531,0.000663872,0.000665118,0.000665042,0.00066786,0.000674481,0.000679074,0.000678695,0.000676551,0.000675785,0.000676946,0.000680376,0.000684632,0.000685925,0.00068197,0.000676576,0.000674605,0.000675989,0.0006768,0.000672722,0.000664941,0.000656452,0.000652386,0.000659194,0.000677156,0.00069852,0.000715309,0.000729825,0.000748717,0.000771248,0.000790984,0.000806356,0.000820393,0.000835621,0.000853828,0.000876651,0.00090244,0.000919217,0.000921636,0.000931302,0.000972976,0.00103585,0.00108174,0.00108844,0.0010775,0.00107269,0.00107669,0.00108813,0.00110266,0.00111187,0.00110527,0.00108945,0.00108141,0.001085,0.001087,0.00107622,0.00105908,0.00104439,0.00103583,0.0010372,0.00104203,0.00103362,0.0010104,0.00100052,0.00102927,0.00108826,0.00114266,0.00115706,0.00115215,0.00115901,0.001179,0.00120529,0.00123101,0.00124911,0.00125052,0.00124572,0.00125493,0.00127456,0.00128638,0.00128105,0.0012695,0.00126417,0.00126685,0.0012739,0.00127989,0.0012771,0.00126143,0.00124303,0.00123448,0.00123389,0.00122824,0.0012106,0.00118825,0.00116946,0.00115572,0.00114565,0.00113718,0.00112379,0.00110116,0.00107522,0.00105375,0.00103914,0.00102958,0.00102451,0.00102671,0.00103908,0.00106115,0.00109109,0.00112412,0.00114818,0.00115937,0.00116806,0.00118201,0.00119882,0.00120805,0.00119738,0.00117769,0.00116433,0.00115777,0.00115421,0.00114916,0.0011381,0.00111887,0.00109851,0.00108561,0.00107861,0.00106838,0.00104995,0.00102793,0.00100782,0.000991161,0.000977428,0.000964567,0.000948541,0.000924163,0.000895634,0.000872062,0.000853417,0.000834075,0.000808926,0.000774155,0.00072503,0.000672793,0.000644445,0.000644674,0.000653706,0.000655315,0.000652036,0.000651442,0.000656307,0.000660509,0.000658679,0.000654009,0.000650887,0.000650067,0.000651539,0.000653246,0.000652268,0.00064705,0.000640988,0.000638506,0.000638866,0.000636369,0.000629821,0.00062209,0.000615388,0.000610374,0.00060706,0.000604689,0.000599973,0.000590779,0.000580507,0.000573507,0.00056913,0.000562878,0.000552275,0.000539857,0.000528593,0.000519361,0.000512056,0.000505383,0.000496669,0.00048445,0.000472404,0.000465225,0.000463366
