50.4641,50.3161,50.17,50.0259,49.8839,49.744,49.6062,49.4706,49.3371,49.2059,49.0769,48.9502,48.8258,48.7037,48.584,48.4667,48.3518,48.2394,48.1295,48.022,47.9171,47.8148,47.715,47.6177,47.5231,47.4312,47.3418,47.2551,47.1711,47.0898,47.0111,46.9352,46.8619,46.7914,46.7235,46.6584,46.596,46.5363,46.4793,46.4249,46.3733,46.3244,46.2781,46.2344,46.1934,46.1551,46.1193,46.0861,46.0554,46.0273,46.0017,45.9785,45.9578,45.9395,45.9236,45.91,45.8987,45.8897,45.8829,45.8784,45.8759,45.8756,45.8773,45.881,45.8866,45.8942,45.9037,45.9149,45.928,45.9427,45.9591,45.9771,45.9967,46.0177,46.0402,46.0641,46.0894,46.1159,46.1436,46.1725,46.2025,46.2336,46.2656,46.2986,46.3325,46.3672,46.4027,46.439,46.4758,46.5133,46.5514,46.59,46.629,46.6684,46.7082,46.7482,46.7885,46.829,46.8696,46.9103,46.9511,46.9919,47.0326,47.0732,47.1136,47.1539,47.1939,47.2337,47.2731,47.3122,47.3508,47.389,47.4267,47.4638,47.5004,47.5364,47.5717,47.6063,47.6402,47.6733,47.7057,47.7371,47.7678,47.7975,47.8262,47.854,47.8808,47.9066,47.9313,47.9549,47.9774,47.9987,48.0188,48.0377,48.0553,48.0717,48.0868,48.1005,48.1129,48.1239,48.1335,48.1417,48.1484,48.1536,48.1573,48.1595,48.1601,48.1592,48.1566,48.1524,48.1466,48.1391,48.1299,48.1189,48.1063,48.0918,48.0756,48.0576,48.0378,48.0161,47.9926,47.9671,47.9398,47.9105,47.8793,47.8461,47.811,47.7738,47.7346,47.6934,47.6501,47.6047,47.5572,47.5076,47.4558,47.4019,47.3459,47.2876,47.2271,47.1644,47.0995,47.0322,46.9627,46.8909,46.8168,46.7404,46.6616,46.5804,46.4969,46.411,46.3226,46.2319,46.1386,46.043,45.9448,45.8442,45.7411,45.6355,45.5273,45.4166,45.3034,45.1876,45.0692,44.9483,44.8248,44.6986,44.5699,44.4386,44.3046,44.1681,44.0289,43.8871,43.7426,43.5956,43.4459,43.2936,43.1386,42.9811,42.8209,42.6582,42.4928,42.3249,42.1544,41.9814,41.8058,41.6278,41.4473,41.2643,41.0789,40.8911,40.701,40.5086,40.3139,40.117,39.918,39.7168,39.5136,39.3084,39.1014,38.8925,38.6818,38.4695,38.2556,38.0403,37.8236,37.6057,37.3867,37.1667,36.9458,36.7243,36.5022,36.2797,36.057,35.8343,35.6117,35.3895,35.1679,34.9471,34.7273,34.5088,34.2918,34.0767,33.8636,33.6528,33.4447,33.2396,33.0377,32.8395,32.6451,32.4551,32.2697,32.0892,31.9141,31.7447,31.5814,31.4245,31.2745,31.1316,30.9963,30.8688,30.7497,30.6391,30.5375,30.4451,30.3622,30.2892,30.2263,30.1738,30.1318,30.1006,30.0804,30.0712,30.0732,30.0865,30.1112,30.1473,30.1947,30.2535,30.3235,30.4048,30.4971,30.6004,30.7145,30.8391,30.9742,31.1194,31.2745,31.4393,31.6135,31.7968,31.9889,32.1894,32.3982,32.6149,32.8392,33.0707,33.3091,33.5542,33.8057
50.1847,50.0354,49.888,49.7428,49.5996,49.4584,49.3195,49.1827,49.0481,48.9158,48.7857,48.658,48.5326,48.4095,48.2889,48.1707,48.0549,47.9417,47.8309,47.7227,47.6171,47.5141,47.4136,47.3158,47.2206,47.1282,47.0383,46.9512,46.8669,46.7852,46.7063,46.6301,46.5566,46.486,46.418,46.3529,46.2905,46.2309,46.174,46.1199,46.0685,46.0198,45.9739,45.9306,45.8901,45.8522,45.817,45.7844,45.7544,45.727,45.7021,45.6798,45.6599,45.6425,45.6275,45.6149,45.6047,45.5968,45.5911,45.5877,45.5865,45.5874,45.5904,45.5954,45.6024,45.6114,45.6223,45.635,45.6495,45.6658,45.6837,45.7033,45.7245,45.7471,45.7713,45.7968,45.8237,45.8519,45.8813,45.912,45.9437,45.9765,46.0103,46.0451,46.0808,46.1173,46.1545,46.1926,46.2312,46.2705,46.3104,46.3507,46.3915,46.4327,46.4743,46.5161,46.5582,46.6004,46.6428,46.6853,46.7278,46.7703,46.8127,46.855,46.8972,46.9391,46.9808,47.0222,47.0633,47.104,47.1442,47.184,47.2233,47.262,47.3001,47.3376,47.3744,47.4105,47.4459,47.4805,47.5142,47.5471,47.5791,47.6102,47.6403,47.6695,47.6976,47.7246,47.7506,47.7754,47.7991,47.8216,47.8429,47.8629,47.8817,47.8992,47.9154,47.9302,47.9436,47.9557,47.9663,47.9754,47.9831,47.9892,47.9938,47.9969,47.9984,47.9982,47.9965,47.9931,47.988,47.9812,47.9727,47.9625,47.9505,47.9367,47.9211,47.9037,47.8845,47.8633,47.8403,47.8153,47.7885,47.7596,47.7288,47.6961,47.6613,47.6244,47.5855,47.5446,47.5015,47.4563,47.4091,47.3596,47.308,47.2542,47.1982,47.14,47.0795,47.0168,46.9518,46.8845,46.8149,46.7429,46.6686,46.592,46.5129,46.4315,46.3476,46.2613,46.1726,46.0814,45.9877,45.8915,45.7928,45.6916,45.5878,45.4815,45.3726,45.2611,45.1471,45.0304,44.9111,44.7892,44.6647,44.5375,44.4076,44.2751,44.1399,44.0021,43.8615,43.7183,43.5724,43.4237,43.2724,43.1184,42.9618,42.8024,42.6403,42.4756,42.3082,42.1382,41.9655,41.7902,41.6123,41.4318,41.2488,41.0632,40.8751,40.6845,40.4915,40.2961,40.0984,39.8983,39.6959,39.4914,39.2847,39.0759,38.8651,38.6523,38.4377,38.2214,38.0033,37.7837,37.5626,37.3402,37.1165,36.8917,36.666,36.4394,36.2121,35.9844,35.7563,35.5281,35.3,35.0721,34.8446,34.6179,34.3921,34.1675,33.9443,33.7229,33.5034,33.2863,33.0717,32.8601,32.6517,32.4468,32.2459,32.0493,31.8574,31.6704,31.4889,31.3131,31.1435,30.9805,30.8244,30.6756,30.5346,30.4017,30.2772,30.1616,30.0552,29.9584,29.8713,29.7945,29.7281,29.6724,29.6276,29.594,29.5718,29.561,29.5619,29.5744,29.5988,29.6349,29.6828,29.7425,29.8139,29.8969,29.9913,30.0971,30.214,30.3418,30.4804,30.6294,30.7886,30.9577,31.1365,31.3246,31.5217,31.7275,31.9417,32.1639,32.3938,32.631,32.8753,33.1263,33.3837
49.9046,49.754,49.6054,49.4588,49.3144,49.172,49.0319,48.8939,48.7582,48.6247,48.4936,48.3648,48.2383,48.1143,47.9927,47.8735,47.7569,47.6427,47.5312,47.4222,47.3158,47.212,47.1109,47.0125,46.9167,46.8237,46.7334,46.6459,46.5611,46.4791,46.3999,46.3234,46.2498,46.179,46.111,46.0458,45.9834,45.9239,45.8671,45.8132,45.762,45.7137,45.6681,45.6252,45.5851,45.5478,45.5131,45.4811,45.4518,45.4251,45.401,45.3795,45.3605,45.344,45.33,45.3184,45.3093,45.3024,45.2979,45.2957,45.2957,45.2979,45.3022,45.3086,45.317,45.3274,45.3397,45.3539,45.37,45.3878,45.4073,45.4285,45.4513,45.4756,45.5014,45.5286,45.5572,45.5872,45.6184,45.6507,45.6842,45.7188,45.7544,45.791,45.8285,45.8668,45.9059,45.9457,45.9862,46.0274,46.069,46.1112,46.1539,46.1969,46.2402,46.2839,46.3278,46.3718,46.416,46.4602,46.5045,46.5488,46.5929,46.637,46.6809,46.7245,46.7679,46.811,46.8537,46.8961,46.938,46.9793,47.0202,47.0605,47.1002,47.1392,47.1776,47.2152,47.2521,47.2881,47.3233,47.3576,47.3911,47.4235,47.455,47.4855,47.5149,47.5433,47.5705,47.5966,47.6215,47.6453,47.6678,47.689,47.7089,47.7275,47.7448,47.7607,47.7752,47.7883,47.7999,47.81,47.8186,47.8257,47.8313,47.8352,47.8376,47.8383,47.8374,47.8348,47.8305,47.8244,47.8167,47.8072,47.7958,47.7827,47.7677,47.7509,47.7323,47.7117,47.6892,47.6647,47.6383,47.61,47.5796,47.5472,47.5128,47.4763,47.4377,47.3971,47.3543,47.3093,47.2623,47.213,47.1615,47.1079,47.052,46.9938,46.9334,46.8706,46.8056,46.7382,46.6685,46.5964,46.522,46.4451,46.3659,46.2841,46.2,46.1133,46.0242,45.9326,45.8384,45.7417,45.6425,45.5407,45.4363,45.3293,45.2197,45.1075,44.9926,44.8751,44.7549,44.6321,44.5065,44.3782,44.2473,44.1136,43.9772,43.838,43.6962,43.5515,43.4041,43.254,43.1011,42.9455,42.787,42.6259,42.462,42.2953,42.1259,41.9538,41.7789,41.6014,41.4211,41.2382,41.0526,40.8644,40.6736,40.4803,40.2844,40.086,39.8851,39.6818,39.4762,39.2682,39.058,38.8456,38.631,38.4145,38.1959,37.9754,37.7532,37.5292,37.3037,37.0767,36.8483,36.6187,36.388,36.1563,35.9239,35.6908,35.4573,35.2235,34.9896,34.7559,34.5225,34.2898,34.0578,33.827,33.5974,33.3695,33.1436,32.9198,32.6986,32.4802,32.2651,32.0535,31.8458,31.6424,31.4436,31.2499,31.0617,30.8793,30.7032,30.5337,30.3714,30.2165,30.0695,29.9309,29.8009,29.68,29.5686,29.4671,29.3757,29.2948,29.2247,29.1657,29.118,29.0819,29.0576,29.0452,29.0448,29.0566,29.0806,29.1169,29.1654,29.226,29.2988,29.3836,29.4803,29.5887,29.7086,29.8399,29.9821,30.1352,30.2987,30.4724,30.6561,30.8492,31.0516,31.2629,31.4827,31.7107,31.9465,32.1897,32.4401,32.6973,32.9608
49.6238,49.4719,49.322,49.1741,49.0284,48.8848,48.7434,48.6042,48.4673,48.3327,48.2004,48.0705,47.943,47.8179,47.6953,47.5752,47.4576,47.3426,47.2301,47.1203,47.0131,46.9086,46.8068,46.7077,46.6114,46.5178,46.427,46.339,46.2538,46.1714,46.0919,46.0152,45.9414,45.8704,45.8023,45.7371,45.6747,45.6152,45.5586,45.5048,45.4539,45.4059,45.3606,45.3182,45.2785,45.2417,45.2076,45.1762,45.1476,45.1216,45.0983,45.0776,45.0595,45.044,45.031,45.0204,45.0123,45.0067,45.0033,45.0023,45.0036,45.007,45.0127,45.0205,45.0303,45.0422,45.056,45.0717,45.0893,45.1087,45.1298,45.1527,45.1771,45.2031,45.2306,45.2596,45.29,45.3216,45.3546,45.3888,45.4241,45.4605,45.498,45.5364,45.5757,45.6159,45.6568,45.6985,45.7409,45.7839,45.8274,45.8714,45.9159,45.9608,46.006,46.0515,46.0972,46.1431,46.1891,46.2352,46.2812,46.3273,46.3732,46.4191,46.4647,46.5101,46.5552,46.6,46.6444,46.6884,46.732,46.775,46.8175,46.8594,46.9007,46.9413,46.9812,47.0204,47.0587,47.0963,47.1329,47.1687,47.2036,47.2375,47.2703,47.3022,47.333,47.3626,47.3912,47.4185,47.4447,47.4697,47.4934,47.5158,47.5369,47.5567,47.575,47.592,47.6076,47.6217,47.6344,47.6455,47.6551,47.6632,47.6696,47.6745,47.6777,47.6793,47.6792,47.6775,47.6739,47.6687,47.6617,47.6529,47.6422,47.6298,47.6155,47.5993,47.5812,47.5612,47.5392,47.5153,47.4894,47.4615,47.4316,47.3996,47.3656,47.3294,47.2912,47.2508,47.2083,47.1637,47.1168,47.0677,47.0165,46.9629,46.9071,46.849,46.7886,46.7259,46.6609,46.5935,46.5237,46.4515,46.3769,46.2998,46.2204,46.1384,46.0539,45.967,45.8775,45.7855,45.6909,45.5937,45.4939,45.3916,45.2866,45.179,45.0687,44.9557,44.84,44.7217,44.6006,44.4768,44.3503,44.221,44.0889,43.9541,43.8165,43.6761,43.5329,43.3869,43.2381,43.0864,42.932,42.7747,42.6145,42.4516,42.2858,42.1172,41.9458,41.7716,41.5946,41.4148,41.2322,41.0469,40.8588,40.668,40.4746,40.2784,40.0796,39.8782,39.6743,39.4678,39.2589,39.0475,38.8338,38.6177,38.3994,38.1789,37.9564,37.7318,37.5053,37.277,37.047,36.8153,36.5822,36.3477,36.112,35.8752,35.6375,35.399,35.1599,34.9205,34.6808,34.4411,34.2017,33.9628,33.7245,33.4873,33.2513,33.0168,32.7841,32.5536,32.3255,32.1002,31.8781,31.6595,31.4448,31.2343,31.0286,30.8279,30.6327,30.4434,30.2605,30.0844,29.9154,29.7542,29.601,29.4563,29.3206,29.1942,29.0776,28.9711,28.8751,28.79,28.7161,28.6536,28.6029,28.5642,28.5377,28.5235,28.5219,28.5329,28.5566,28.593,28.6421,28.7039,28.7782,28.865,28.9641,29.0753,29.1984,29.3332,29.4794,29.6367,29.8048,29.9834,30.1721,30.3707,30.5786,30.7956,31.0213,31.2554,31.4973,31.7468,32.0036,32.2671,32.5371
49.3424,49.1891,49.0378,48.8886,48.7416,48.5967,48.4541,48.3136,48.1755,48.0397,47.9063,47.7752,47.6466,47.5204,47.3968,47.2756,47.1571,47.0411,46.9278,46.8171,46.7091,46.6039,46.5014,46.4016,46.3046,46.2104,46.1191,46.0306,45.945,45.8622,45.7824,45.7054,45.6314,45.5602,45.492,45.4267,45.3644,45.3049,45.2484,45.1948,45.1442,45.0964,45.0515,45.0094,44.9703,44.9339,44.9004,44.8697,44.8417,44.8165,44.794,44.7741,44.757,44.7424,44.7304,44.7209,44.7139,44.7094,44.7073,44.7075,44.71,44.7148,44.7219,44.7311,44.7423,44.7557,44.771,44.7883,44.8075,44.8285,44.8513,44.8758,44.9019,44.9297,44.9589,44.9897,45.0218,45.0553,45.0901,45.1261,45.1633,45.2015,45.2409,45.2811,45.3223,45.3644,45.4073,45.4509,45.4951,45.54,45.5854,45.6314,45.6778,45.7245,45.7716,45.819,45.8666,45.9143,45.9622,46.0101,46.058,46.1059,46.1536,46.2012,46.2487,46.2958,46.3427,46.3892,46.4354,46.4811,46.5263,46.571,46.6152,46.6587,46.7016,46.7438,46.7853,46.826,46.8659,46.9049,46.9431,46.9804,47.0167,47.052,47.0863,47.1195,47.1516,47.1826,47.2125,47.2412,47.2686,47.2948,47.3198,47.3434,47.3657,47.3866,47.4061,47.4242,47.4409,47.4561,47.4697,47.4819,47.4925,47.5015,47.5089,47.5147,47.5189,47.5213,47.5221,47.5212,47.5185,47.514,47.5077,47.4997,47.4897,47.478,47.4643,47.4488,47.4313,47.4118,47.3905,47.3671,47.3417,47.3143,47.2848,47.2532,47.2196,47.1839,47.146,47.1059,47.0637,47.0193,46.9727,46.9239,46.8728,46.8194,46.7637,46.7057,46.6454,46.5827,46.5177,46.4502,46.3804,46.3081,46.2334,46.1562,46.0765,45.9943,45.9095,45.8223,45.7325,45.64,45.545,45.4474,45.3472,45.2442,45.1387,45.0304,44.9194,44.8058,44.6893,44.5702,44.4483,44.3236,44.1961,44.0658,43.9326,43.7967,43.6579,43.5163,43.3718,43.2244,43.0742,42.921,42.765,42.6061,42.4443,42.2796,42.112,41.9415,41.7681,41.5919,41.4127,41.2307,41.0458,40.858,40.6675,40.4741,40.278,40.079,39.8774,39.673,39.466,39.2563,39.0441,38.8293,38.612,38.3923,38.1703,37.9459,37.7194,37.4907,37.2599,37.0272,36.7926,36.5563,36.3184,36.079,35.8382,35.5962,35.3531,35.1091,34.8644,34.6192,34.3737,34.128,33.8824,33.6371,33.3925,33.1487,32.906,32.6647,32.4252,32.1877,31.9526,31.7202,31.4909,31.265,31.043,30.8253,30.6123,30.4043,30.2019,30.0055,29.8155,29.6324,29.4567,29.2887,29.129,28.9781,28.8363,28.7042,28.5821,28.4704,28.3696,28.28,28.2021,28.136,28.0821,28.0406,28.0118,27.9959,27.993,28.0032,28.0266,28.0632,28.113,28.1759,28.2519,28.3408,28.4425,28.5567,28.6832,28.8218,28.9722,29.134,29.3069,29.4907,29.6848,29.8889,30.1027,30.3258,30.5577,30.798,31.0464,31.3025,31.5658,31.8361,32.1128
49.0603,48.9056,48.7529,48.6024,48.454,48.3078,48.1638,48.0221,47.8827,47.7457,47.611,47.4788,47.3491,47.2218,47.0971,46.9749,46.8553,46.7384,46.6242,46.5126,46.4038,46.2977,46.1944,46.094,45.9963,45.9016,45.8097,45.7207,45.6346,45.5514,45.4712,45.394,45.3197,45.2484,45.18,45.1147,45.0523,44.9929,44.9365,44.8831,44.8327,44.7852,44.7406,44.699,44.6603,44.6245,44.5915,44.5614,44.5342,44.5097,44.488,44.469,44.4528,44.4392,44.4282,44.4198,44.414,44.4106,44.4097,44.4112,44.4151,44.4213,44.4297,44.4403,44.4531,44.468,44.4849,44.5038,44.5246,44.5472,44.5717,44.5979,44.6258,44.6553,44.6863,44.7189,44.7528,44.7882,44.8248,44.8627,44.9017,44.9419,44.9831,45.0253,45.0685,45.1125,45.1572,45.2028,45.249,45.2958,45.3432,45.3911,45.4394,45.4881,45.5371,45.5863,45.6358,45.6855,45.7352,45.785,45.8348,45.8845,45.9341,45.9835,46.0328,46.0817,46.1304,46.1787,46.2266,46.274,46.321,46.3674,46.4132,46.4584,46.5029,46.5467,46.5898,46.6321,46.6736,46.7141,46.7538,46.7926,46.8303,46.8671,46.9028,46.9375,46.971,47.0034,47.0345,47.0645,47.0933,47.1208,47.1469,47.1718,47.1953,47.2173,47.238,47.2573,47.275,47.2913,47.306,47.3192,47.3308,47.3408,47.3492,47.356,47.361,47.3644,47.366,47.3659,47.364,47.3603,47.3549,47.3475,47.3383,47.3273,47.3143,47.2994,47.2825,47.2637,47.2429,47.22,47.1952,47.1682,47.1392,47.1082,47.0749,47.0396,47.0021,46.9624,46.9205,46.8763,46.83,46.7814,46.7305,46.6772,46.6217,46.5638,46.5036,46.441,46.3759,46.3085,46.2386,46.1662,46.0914,46.0141,45.9342,45.8518,45.7668,45.6793,45.5891,45.4963,45.4009,45.3029,45.2021,45.0987,44.9926,44.8837,44.7721,44.6577,44.5406,44.4206,44.2979,44.1723,44.0438,43.9126,43.7784,43.6414,43.5014,43.3586,43.2128,43.0641,42.9125,42.7579,42.6003,42.4398,42.2764,42.1099,41.9405,41.7682,41.5928,41.4145,41.2332,41.049,40.8618,40.6717,40.4787,40.2827,40.0839,39.8822,39.6777,39.4704,39.2603,39.0474,38.8319,38.6137,38.3929,38.1696,37.9437,37.7155,37.4849,37.2521,37.017,36.7799,36.5408,36.2998,36.057,35.8126,35.5667,35.3194,35.0709,34.8214,34.571,34.3199,34.0684,33.8166,33.5647,33.313,33.0618,32.8113,32.5618,32.3136,32.067,31.8223,31.58,31.3403,31.1035,30.8703,30.6408,30.4155,30.1949,29.9795,29.7696,29.5657,29.3683,29.178,28.9951,28.8201,28.6537,28.4962,28.3481,28.2098,28.082,27.9649,27.8591,27.7648,27.6826,27.6127,27.5554,27.5111,27.4799,27.4621,27.4579,27.4672,27.4903,27.5272,27.5777,27.6419,27.7197,27.8109,27.9153,28.0328,28.1629,28.3056,28.4604,28.627,28.8051,28.9942,29.194,29.4041,29.624,29.8534,30.0918,30.3388,30.594,30.8569,31.1271,31.4042,31.6879
48.7775,48.6214,48.4673,48.3154,48.1656,48.018,47.8727,47.7297,47.589,47.4507,47.3148,47.1814,47.0504,46.922,46.7962,46.6729,46.5523,46.4344,46.3192,46.2067,46.097,45.9901,45.8861,45.7849,45.6866,45.5911,45.4987,45.4091,45.3226,45.239,45.1584,45.0808,45.0063,44.9348,44.8663,44.8009,44.7385,44.6792,44.6229,44.5696,44.5194,44.4722,44.428,44.3868,44.3485,44.3133,44.2809,44.2515,44.2249,44.2012,44.1804,44.1623,44.147,44.1344,44.1244,44.1171,44.1124,44.1103,44.1107,44.1135,44.1187,44.1262,44.1361,44.1482,44.1625,44.1789,44.1974,44.218,44.2404,44.2648,44.291,44.3189,44.3486,44.3799,44.4128,44.4471,44.483,44.5202,44.5587,44.5985,44.6395,44.6816,44.7248,44.769,44.814,44.86,44.9068,44.9543,45.0024,45.0512,45.1006,45.1504,45.2007,45.2514,45.3023,45.3536,45.405,45.4566,45.5082,45.5599,45.6116,45.6632,45.7147,45.766,45.8171,45.8678,45.9183,45.9684,46.0181,46.0673,46.116,46.1641,46.2116,46.2585,46.3047,46.3501,46.3948,46.4387,46.4817,46.5239,46.5651,46.6054,46.6446,46.6829,46.72,46.7561,46.791,46.8248,46.8573,46.8886,46.9187,46.9474,46.9749,47.001,47.0257,47.0489,47.0708,47.0912,47.11,47.1274,47.1432,47.1575,47.1701,47.1811,47.1905,47.1982,47.2041,47.2084,47.2109,47.2117,47.2106,47.2078,47.2031,47.1965,47.188,47.1777,47.1654,47.1511,47.1349,47.1167,47.0965,47.0742,47.0499,47.0235,46.995,46.9643,46.9315,46.8966,46.8595,46.8201,46.7785,46.7347,46.6886,46.6403,46.5896,46.5365,46.4812,46.4234,46.3633,46.3007,46.2357,46.1683,46.0984,46.026,45.951,45.8736,45.7935,45.7109,45.6257,45.5379,45.4475,45.3544,45.2586,45.1601,45.0589,44.955,44.8483,44.7389,44.6267,44.5116,44.3938,44.273,44.1495,44.023,43.8937,43.7614,43.6263,43.4881,43.3471,43.2031,43.056,42.906,42.753,42.597,42.438,42.2759,42.1108,41.9427,41.7715,41.5973,41.42,41.2396,41.0563,40.8699,40.6804,40.4879,40.2924,40.094,39.8925,39.6881,39.4807,39.2704,39.0573,38.8412,38.6224,38.4008,38.1765,37.9495,37.72,37.4878,37.2532,37.0162,36.7769,36.5353,36.2916,36.0459,35.7982,35.5488,35.2977,35.0451,34.7912,34.536,34.2798,34.0228,33.7652,33.5071,33.2488,32.9906,32.7327,32.4754,32.2189,31.9636,31.7098,31.4578,31.2079,30.9607,30.7163,30.4753,30.2381,30.0051,29.7767,29.5534,29.3357,29.1241,28.919,28.7211,28.5307,28.3485,28.175,28.0105,27.8558,27.7112,27.5773,27.4545,27.3434,27.2442,27.1575,27.0836,27.0228,26.9754,26.9418,26.922,26.9164,26.9249,26.9477,26.9849,27.0363,27.1019,27.1816,27.2752,27.3826,27.5034,27.6375,27.7845,27.944,28.1157,28.2992,28.494,28.6999,28.9162,29.1426,29.3787,29.6239,29.8778,30.14,30.41,30.6875,30.9718,31.2627
48.4941,48.3365,48.1809,48.0276,47.8764,47.7274,47.5807,47.4363,47.2943,47.1547,47.0175,46.8828,46.7507,46.6211,46.4941,46.3697,46.2481,46.1291,46.0129,45.8995,45.7889,45.6811,45.5762,45.4743,45.3752,45.2792,45.1861,45.096,45.0089,44.9249,44.8439,44.766,44.6912,44.6195,44.5509,44.4854,44.423,44.3637,44.3075,44.2544,44.2043,44.1574,44.1136,44.0728,44.035,44.0003,43.9685,43.9398,43.9139,43.891,43.871,43.8538,43.8394,43.8279,43.819,43.8128,43.8093,43.8084,43.8101,43.8142,43.8208,43.8298,43.8411,43.8547,43.8706,43.8886,43.9087,43.9309,43.9551,43.9812,44.0091,44.0389,44.0703,44.1035,44.1382,44.1745,44.2122,44.2514,44.2919,44.3336,44.3766,44.4207,44.4658,44.512,44.5591,44.607,44.6558,44.7053,44.7555,44.8063,44.8577,44.9096,44.9618,45.0145,45.0675,45.1207,45.1741,45.2276,45.2812,45.3349,45.3885,45.442,45.4954,45.5486,45.6015,45.6541,45.7065,45.7584,45.8098,45.8608,45.9113,45.9611,46.0104,46.059,46.1069,46.154,46.2003,46.2458,46.2905,46.3342,46.377,46.4188,46.4595,46.4993,46.5379,46.5754,46.6117,46.6469,46.6808,46.7135,46.7448,46.7749,46.8036,46.831,46.8569,46.8814,46.9044,46.9259,46.946,46.9644,46.9813,46.9966,47.0103,47.0223,47.0327,47.0413,47.0483,47.0535,47.0569,47.0585,47.0583,47.0563,47.0523,47.0466,47.0389,47.0292,47.0176,47.0041,46.9885,46.9709,46.9513,46.9296,46.9058,46.8799,46.8519,46.8218,46.7894,46.7549,46.7182,46.6792,46.638,46.5945,46.5487,46.5005,46.4501,46.3973,46.3421,46.2845,46.2245,46.162,46.0971,46.0296,45.9597,45.8873,45.8123,45.7347,45.6545,45.5718,45.4864,45.3983,45.3076,45.2142,45.118,45.0192,44.9176,44.8132,44.706,44.596,44.4831,44.3675,44.2489,44.1274,44.0031,43.8758,43.7456,43.6124,43.4762,43.3371,43.1949,43.0497,42.9015,42.7502,42.5959,42.4385,42.278,42.1144,41.9477,41.7778,41.6049,41.4288,41.2497,41.0673,40.8819,40.6933,40.5016,40.3068,40.1089,39.9079,39.7038,39.4967,39.2865,39.0733,38.8571,38.6379,38.4158,38.1908,37.963,37.7324,37.499,37.263,37.0243,36.7832,36.5395,36.2935,36.0452,35.7947,35.5422,35.2877,35.0314,34.7734,34.514,34.2531,33.9911,33.728,33.4642,33.1998,32.935,32.6701,32.4054,32.1411,31.8775,31.6149,31.3537,31.0941,30.8367,30.5816,30.3294,30.0805,29.8352,29.5941,29.3576,29.1262,28.9004,28.6808,28.4677,28.2619,28.0638,27.8739,27.6929,27.5213,27.3595,27.2083,27.068,26.9392,26.8225,26.7181,26.6267,26.5485,26.484,26.4335,26.3973,26.3755,26.3684,26.376,26.3986,26.4361,26.4884,26.5555,26.6373,26.7336,26.8441,26.9687,27.1069,27.2584,27.423,27.6001,27.7893,27.9902,28.2024,28.4254,28.6586,28.9016,29.154,29.4152,29.6848,29.9623,30.2471,30.539,30.8374
48.2101,48.0509,47.8939,47.739,47.5863,47.4359,47.2878,47.142,46.9986,46.8576,46.7192,46.5832,46.4498,46.319,46.1908,46.0653,45.9425,45.8225,45.7052,45.5908,45.4793,45.3706,45.2649,45.1621,45.0624,44.9656,44.8719,44.7812,44.6936,44.6091,44.5277,44.4495,44.3744,44.3024,44.2336,44.168,44.1056,44.0463,43.9902,43.9372,43.8875,43.8408,43.7973,43.7569,43.7197,43.6855,43.6543,43.6262,43.6011,43.579,43.5598,43.5436,43.5302,43.5197,43.5119,43.5069,43.5046,43.5049,43.5079,43.5134,43.5214,43.5318,43.5447,43.5598,43.5773,43.5969,43.6187,43.6426,43.6685,43.6964,43.7261,43.7577,43.791,43.8261,43.8627,43.9009,43.9406,43.9817,44.0242,44.068,44.1129,44.159,44.2062,44.2544,44.3036,44.3536,44.4044,44.456,44.5082,44.5611,44.6145,44.6684,44.7227,44.7774,44.8324,44.8876,44.9431,44.9986,45.0542,45.1098,45.1654,45.2209,45.2762,45.3313,45.3861,45.4407,45.4948,45.5486,45.6019,45.6547,45.7069,45.7586,45.8096,45.8599,45.9095,45.9583,46.0063,46.0535,46.0997,46.1451,46.1894,46.2328,46.2751,46.3163,46.3564,46.3954,46.4331,46.4697,46.505,46.539,46.5718,46.6032,46.6332,46.6618,46.6889,46.7147,46.7389,46.7616,46.7828,46.8024,46.8204,46.8367,46.8515,46.8645,46.8759,46.8855,46.8934,46.8995,46.9039,46.9064,46.907,46.9058,46.9027,46.8977,46.8908,46.8819,46.871,46.8581,46.8432,46.8263,46.8073,46.7862,46.763,46.7376,46.7101,46.6805,46.6486,46.6145,46.5782,46.5396,46.4987,46.4556,46.4101,46.3622,46.312,46.2594,46.2044,46.147,46.0871,46.0248,45.9599,45.8925,45.8226,45.7502,45.6751,45.5975,45.5172,45.4343,45.3487,45.2604,45.1694,45.0757,44.9793,44.88,44.778,44.6732,44.5655,44.455,44.3416,44.2253,44.106,43.9839,43.8588,43.7307,43.5996,43.4655,43.3284,43.1882,43.045,42.8987,42.7493,42.5967,42.4411,42.2823,42.1204,41.9552,41.787,41.6155,41.4408,41.263,41.0819,40.8976,40.7101,40.5195,40.3255,40.1284,39.9281,39.7246,39.5179,39.3081,39.0951,38.879,38.6597,38.4374,38.2121,37.9837,37.7524,37.5182,37.2811,37.0411,36.7985,36.5531,36.3052,36.0547,35.8018,35.5465,35.2891,35.0295,34.7679,34.5046,34.2395,33.9729,33.7049,33.4358,33.1657,32.8948,32.6235,32.3518,32.0801,31.8087,31.5378,31.2678,30.999,30.7317,30.4664,30.2034,29.9431,29.6859,29.4324,29.1829,28.938,28.6982,28.464,28.236,28.0146,27.8005,27.5942,27.3964,27.2076,27.0284,26.8593,26.701,26.5541,26.419,26.2963,26.1865,26.0901,26.0075,25.9391,25.8852,25.8462,25.8223,25.8136,25.8204,25.8428,25.8806,25.934,26.0028,26.0868,26.1859,26.2999,26.4283,26.571,26.7274,26.8973,27.0801,27.2755,27.4828,27.7017,27.9316,28.172,28.4224,28.6823,28.9512,29.2284,29.5137,29.8064,30.1061,30.4123
47.9254,47.7646,47.606,47.4496,47.2955,47.1436,46.994,46.8468,46.7019,46.5596,46.4197,46.2824,46.1477,46.0156,45.8862,45.7595,45.6356,45.5145,45.3962,45.2807,45.1682,45.0586,44.952,44.8484,44.7479,44.6504,44.556,44.4647,44.3766,44.2916,44.2098,44.1312,44.0557,43.9836,43.9146,43.8488,43.7863,43.7271,43.6711,43.6183,43.5687,43.5223,43.4792,43.4392,43.4024,43.3688,43.3383,43.3108,43.2865,43.2652,43.2469,43.2316,43.2192,43.2097,43.2031,43.1992,43.1982,43.1998,43.2041,43.211,43.2204,43.2324,43.2467,43.2635,43.2826,43.3039,43.3274,43.353,43.3807,43.4104,43.442,43.4754,43.5107,43.5476,43.5862,43.6264,43.6681,43.7112,43.7557,43.8015,43.8485,43.8967,43.946,43.9963,44.0475,44.0996,44.1525,44.2062,44.2605,44.3155,44.371,44.427,44.4834,44.5402,44.5972,44.6545,44.712,44.7695,44.8272,44.8848,44.9424,44.9998,45.0571,45.1142,45.1709,45.2274,45.2835,45.3391,45.3943,45.4489,45.503,45.5564,45.6092,45.6613,45.7126,45.7631,45.8128,45.8616,45.9095,45.9565,46.0024,46.0474,46.0912,46.134,46.1756,46.216,46.2553,46.2933,46.33,46.3654,46.3995,46.4322,46.4635,46.4934,46.5218,46.5488,46.5742,46.5981,46.6205,46.6412,46.6603,46.6778,46.6936,46.7077,46.7201,46.7307,46.7396,46.7467,46.7519,46.7553,46.7568,46.7565,46.7542,46.75,46.7439,46.7357,46.7256,46.7134,46.6992,46.6829,46.6645,46.644,46.6214,46.5966,46.5696,46.5405,46.5091,46.4755,46.4396,46.4014,46.3609,46.3181,46.2729,46.2254,46.1754,46.1231,46.0683,46.011,45.9513,45.8891,45.8243,45.757,45.6871,45.6147,45.5396,45.4619,45.3815,45.2985,45.2127,45.1243,45.033,44.9391,44.8423,44.7427,44.6403,44.5351,44.4269,44.3159,44.2019,44.085,43.9652,43.8424,43.7165,43.5877,43.4557,43.3208,43.1827,43.0416,42.8973,42.7499,42.5993,42.4456,42.2887,42.1285,41.9652,41.7986,41.6288,41.4557,41.2793,41.0997,40.9168,40.7306,40.5411,40.3483,40.1522,39.9528,39.7502,39.5442,39.335,39.1224,38.9067,38.6877,38.4654,38.24,38.0114,37.7797,37.5449,37.3071,37.0662,36.8224,36.5757,36.3262,36.0739,35.819,35.5614,35.3014,35.039,34.7743,34.5075,34.2387,33.968,33.6955,33.4216,33.1463,32.8699,32.5925,32.3144,32.0358,31.7571,31.4784,31.2001,30.9225,30.6459,30.3707,30.0973,29.8261,29.5574,29.2918,29.0298,28.7717,28.5181,28.2696,28.0266,27.7898,27.5598,27.3371,27.1223,26.9161,26.7191,26.5319,26.3552,26.1895,26.0355,25.8937,25.7648,25.6492,25.5476,25.4602,25.3877,25.3303,25.2884,25.2622,25.252,25.2579,25.28,25.3183,25.3728,25.4434,25.5299,25.6321,25.7497,25.8823,26.0297,26.1914,26.367,26.5559,26.7577,26.9719,27.1979,27.4351,27.6831,27.9413,28.209,28.4858,28.7712,29.0645,29.3654,29.6732,29.9875
47.64,47.4777,47.3175,47.1595,47.0038,46.8504,46.6993,46.5506,46.4043,46.2605,46.1193,45.9806,45.8445,45.7111,45.5805,45.4525,45.3274,45.2051,45.0857,44.9692,44.8557,44.7451,44.6376,44.5332,44.4318,44.3336,44.2385,44.1465,44.0578,43.9723,43.89,43.811,43.7353,43.6628,43.5937,43.5278,43.4652,43.406,43.35,43.2974,43.248,43.2019,43.1591,43.1196,43.0833,43.0502,43.0203,42.9936,42.97,42.9495,42.9321,42.9177,42.9064,42.898,42.8925,42.8898,42.89,42.893,42.8986,42.907,42.9179,42.9314,42.9473,42.9657,42.9864,43.0094,43.0347,43.0621,43.0916,43.1231,43.1566,43.192,43.2292,43.2681,43.3087,43.3509,43.3947,43.4398,43.4864,43.5343,43.5834,43.6337,43.6851,43.7375,43.7908,43.8451,43.9002,43.956,44.0124,44.0695,44.1272,44.1853,44.2438,44.3027,44.3619,44.4213,44.4808,44.5405,44.6001,44.6598,44.7194,44.7789,44.8382,44.8972,44.956,45.0143,45.0723,45.1299,45.187,45.2435,45.2994,45.3546,45.4092,45.4631,45.5162,45.5684,45.6198,45.6704,45.7199,45.7685,45.8161,45.8626,45.908,45.9523,45.9955,46.0374,46.0781,46.1176,46.1557,46.1925,46.228,46.2621,46.2947,46.3259,46.3556,46.3838,46.4105,46.4356,46.4591,46.481,46.5012,46.5198,46.5367,46.5519,46.5653,46.5769,46.5868,46.5948,46.601,46.6053,46.6077,46.6082,46.6068,46.6034,46.5981,46.5907,46.5813,46.5698,46.5563,46.5407,46.523,46.5031,46.4811,46.4568,46.4304,46.4018,46.3709,46.3377,46.3023,46.2645,46.2244,46.182,46.1371,46.0899,46.0403,45.9882,45.9336,45.8766,45.817,45.7549,45.6903,45.623,45.5532,45.4808,45.4057,45.328,45.2475,45.1644,45.0785,44.9898,44.8984,44.8042,44.7072,44.6073,44.5045,44.3988,44.2903,44.1788,44.0643,43.9468,43.8264,43.7029,43.5764,43.4467,43.314,43.1782,43.0393,42.8972,42.7519,42.6034,42.4517,42.2968,42.1387,41.9772,41.8125,41.6445,41.4731,41.2985,41.1205,40.9391,40.7544,40.5663,40.3748,40.18,39.9818,39.7801,39.5751,39.3667,39.1549,38.9398,38.7213,38.4994,38.2742,38.0457,37.8139,37.5789,37.3406,37.0992,36.8546,36.6069,36.3562,36.1025,35.846,35.5865,35.3244,35.0596,34.7922,34.5224,34.2503,33.9759,33.6996,33.4213,33.1413,32.8598,32.5769,32.2929,32.008,31.7225,31.4365,31.1505,30.8646,30.5792,30.2947,30.0114,29.7297,29.4501,29.1728,28.8985,28.6276,28.3606,28.0981,27.8405,27.5884,27.3425,27.1034,26.8717,26.6481,26.4331,26.2275,26.0319,25.8471,25.6736,25.5122,25.3634,25.2279,25.1062,24.999,24.9067,24.8297,24.7686,24.7236,24.6951,24.6833,24.6882,24.7101,24.749,24.8048,24.8773,24.9664,25.0719,25.1934,25.3306,25.4831,25.6504,25.832,26.0274,26.2361,26.4575,26.691,26.936,27.192,27.4583,27.7343,28.0195,28.3132,28.6151,28.9244,29.2406,29.5634
47.354,47.19,47.0282,46.8686,46.7113,46.5563,46.4037,46.2534,46.1057,45.9604,45.8177,45.6776,45.5402,45.4054,45.2734,45.1442,45.0179,44.8944,44.7738,44.6562,44.5417,44.4301,44.3216,44.2163,44.1141,44.015,43.9192,43.8266,43.7373,43.6512,43.5685,43.489,43.413,43.3402,43.2708,43.2048,43.1422,43.0829,43.027,42.9745,42.9254,42.8796,42.8371,42.798,42.7622,42.7296,42.7004,42.6744,42.6516,42.6319,42.6154,42.602,42.5917,42.5844,42.5801,42.5787,42.5802,42.5845,42.5915,42.6013,42.6137,42.6288,42.6463,42.6664,42.6888,42.7136,42.7406,42.7699,42.8012,42.8347,42.8701,42.9074,42.9466,42.9876,43.0302,43.0745,43.1203,43.1676,43.2163,43.2663,43.3176,43.37,43.4235,43.4781,43.5337,43.5901,43.6473,43.7053,43.764,43.8233,43.8831,43.9434,44.0041,44.0651,44.1264,44.1879,44.2496,44.3113,44.3731,44.4349,44.4965,44.5581,44.6194,44.6804,44.7412,44.8015,44.8615,44.921,44.98,45.0384,45.0962,45.1533,45.2097,45.2654,45.3202,45.3743,45.4274,45.4796,45.5309,45.5811,45.6303,45.6785,45.7255,45.7714,45.816,45.8595,45.9017,45.9426,45.9822,46.0204,46.0573,46.0927,46.1267,46.1592,46.1902,46.2197,46.2476,46.2739,46.2987,46.3217,46.3431,46.3628,46.3808,46.397,46.4115,46.4242,46.435,46.444,46.4511,46.4564,46.4597,46.4611,46.4605,46.458,46.4534,46.4468,46.4382,46.4274,46.4146,46.3997,46.3826,46.3634,46.342,46.3183,46.2925,46.2644,46.234,46.2013,46.1663,46.129,46.0893,46.0473,46.0028,45.9559,45.9065,45.8547,45.8004,45.7436,45.6842,45.6223,45.5578,45.4907,45.4209,45.3485,45.2735,45.1957,45.1152,45.032,44.946,44.8572,44.7656,44.6712,44.5739,44.4737,44.3706,44.2646,44.1556,44.0436,43.9287,43.8107,43.6896,43.5655,43.4383,43.308,43.1745,43.0379,42.8981,42.7551,42.6088,42.4593,42.3066,42.1505,41.9911,41.8284,41.6623,41.4929,41.3201,41.1439,40.9643,40.7812,40.5948,40.4048,40.2114,40.0145,39.8142,39.6104,39.4031,39.1923,38.978,38.7602,38.539,38.3143,38.0862,37.8547,37.6197,37.3814,37.1397,36.8947,36.6464,36.3949,36.1402,35.8823,35.6214,35.3576,35.0908,34.8212,34.5488,34.2739,33.9964,33.7166,33.4345,33.1504,32.8643,32.5765,32.2872,31.9965,31.7047,31.412,31.1188,30.8252,30.5316,30.2383,29.9457,29.6541,29.3639,29.0756,28.7896,28.5063,28.2263,27.95,27.6782,27.4112,27.1497,26.8944,26.6458,26.4047,26.1717,25.9476,25.733,25.5286,25.3352,25.1535,24.9842,24.828,24.6855,24.5574,24.4443,24.3467,24.2651,24.2,24.1518,24.1208,24.1072,24.1112,24.133,24.1725,24.2296,24.3043,24.3963,24.5053,24.6311,24.7731,24.931,25.1043,25.2924,25.4948,25.7108,25.9398,26.1812,26.4345,26.6988,26.9737,27.2584,27.5523,27.8549,28.1656,28.4837,28.8087,29.1402
47.0674,46.9017,46.7382,46.577,46.418,46.2614,46.1071,45.9553,45.806,45.6592,45.515,45.3735,45.2346,45.0985,44.9651,44.8346,44.707,44.5823,44.4605,44.3418,44.2261,44.1135,44.004,43.8978,43.7947,43.6948,43.5982,43.5049,43.4149,43.3283,43.2451,43.1652,43.0887,43.0157,42.9461,42.8799,42.8172,42.7579,42.702,42.6496,42.6007,42.5552,42.5131,42.4744,42.439,42.4071,42.3785,42.3532,42.3312,42.3124,42.2968,42.2844,42.2752,42.269,42.2659,42.2657,42.2685,42.2742,42.2827,42.294,42.308,42.3246,42.3438,42.3655,42.3897,42.4163,42.4452,42.4763,42.5096,42.5449,42.5823,42.6217,42.6629,42.7059,42.7507,42.797,42.845,42.8944,42.9453,42.9975,43.0509,43.1056,43.1614,43.2182,43.2759,43.3346,43.394,43.4543,43.5151,43.5766,43.6387,43.7012,43.7641,43.8273,43.8908,43.9545,44.0183,44.0822,44.1461,44.21,44.2738,44.3374,44.4007,44.4638,44.5266,44.589,44.6509,44.7124,44.7733,44.8336,44.8933,44.9523,45.0106,45.0681,45.1248,45.1806,45.2355,45.2894,45.3424,45.3944,45.4452,45.495,45.5436,45.5911,45.6373,45.6823,45.726,45.7684,45.8095,45.8491,45.8874,45.9242,45.9596,45.9934,46.0257,46.0565,46.0857,46.1132,46.1391,46.1634,46.1859,46.2068,46.2259,46.2432,46.2587,46.2724,46.2843,46.2943,46.3023,46.3085,46.3128,46.3151,46.3153,46.3136,46.3099,46.3041,46.2962,46.2862,46.2742,46.2599,46.2435,46.2249,46.2041,46.1811,46.1558,46.1283,46.0984,46.0663,46.0318,45.9949,45.9556,45.914,45.8699,45.8233,45.7743,45.7228,45.6687,45.6121,45.553,45.4912,45.4269,45.3599,45.2903,45.2179,45.1429,45.0651,44.9846,44.9013,44.8153,44.7263,44.6346,44.5399,44.4424,44.342,44.2386,44.1322,44.0228,43.9105,43.795,43.6766,43.555,43.4303,43.3024,43.1714,43.0372,42.8998,42.7592,42.6153,42.4681,42.3176,42.1638,42.0066,41.8461,41.6821,41.5148,41.344,41.1697,40.992,40.8108,40.6261,40.4379,40.2462,40.0509,39.852,39.6496,39.4436,39.2341,39.0209,38.8042,38.5839,38.36,38.1325,37.9015,37.6669,37.4288,37.1872,36.9422,36.6936,36.4417,36.1863,35.9276,35.6657,35.4005,35.1322,34.8608,34.5864,34.3091,34.029,33.7462,33.4609,33.1731,32.883,32.5908,32.2967,32.0008,31.7034,31.4046,31.1047,30.8041,30.5028,30.2014,29.9001,29.5992,29.2991,29.0002,28.703,28.4079,28.1154,27.826,27.5402,27.2587,26.982,26.7107,26.4455,26.1871,25.9362,25.6935,25.4597,25.2356,25.022,24.8196,24.6292,24.4516,24.2875,24.1376,24.0027,23.8833,23.7801,23.6936,23.6243,23.5727,23.539,23.5237,23.5267,23.5483,23.5885,23.6472,23.7242,23.8193,23.9322,24.0625,24.2098,24.3735,24.5532,24.7482,24.9579,25.1817,25.4189,25.6687,25.9306,26.2038,26.4877,26.7815,27.0846,27.3964,27.7163,28.0436,28.3778,28.7183
46.7801,46.6127,46.4475,46.2846,46.1239,45.9656,45.8097,45.6563,45.5054,45.357,45.2113,45.0682,44.9279,44.7903,44.6556,44.5237,44.3947,44.2687,44.1457,44.0258,43.909,43.7953,43.6848,43.5776,43.4735,43.3728,43.2754,43.1814,43.0908,43.0035,42.9197,42.8394,42.7625,42.6892,42.6193,42.5529,42.4901,42.4308,42.375,42.3227,42.274,42.2287,42.187,42.1487,42.1139,42.0825,42.0545,42.03,42.0087,41.9908,41.9762,41.9649,41.9567,41.9517,41.9498,41.9509,41.955,41.9621,41.9721,41.9849,42.0005,42.0188,42.0397,42.0632,42.0891,42.1175,42.1483,42.1813,42.2166,42.2539,42.2934,42.3348,42.3781,42.4232,42.4701,42.5186,42.5688,42.6204,42.6735,42.7279,42.7836,42.8405,42.8985,42.9576,43.0176,43.0785,43.1403,43.2028,43.2659,43.3297,43.394,43.4587,43.5239,43.5893,43.655,43.7209,43.787,43.8531,43.9192,43.9852,44.0511,44.1168,44.1823,44.2475,44.3123,44.3767,44.4407,44.5041,44.567,44.6293,44.6909,44.7518,44.812,44.8713,44.9298,44.9875,45.0441,45.0999,45.1546,45.2082,45.2608,45.3122,45.3625,45.4115,45.4593,45.5059,45.5511,45.595,45.6375,45.6787,45.7183,45.7566,45.7933,45.8285,45.8621,45.8942,45.9246,45.9534,45.9806,46.006,46.0297,46.0517,46.0719,46.0903,46.1069,46.1217,46.1346,46.1456,46.1546,46.1618,46.1669,46.1701,46.1713,46.1705,46.1675,46.1626,46.1555,46.1463,46.1349,46.1214,46.1057,46.0877,46.0676,46.0452,46.0205,45.9935,45.9642,45.9325,45.8985,45.8621,45.8233,45.7821,45.7384,45.6922,45.6435,45.5923,45.5385,45.4822,45.4233,45.3617,45.2976,45.2307,45.1612,45.089,45.014,44.9363,44.8558,44.7724,44.6863,44.5973,44.5054,44.4106,44.3128,44.2122,44.1085,44.0018,43.8921,43.7793,43.6635,43.5445,43.4224,43.2972,43.1687,43.0371,42.9022,42.764,42.6226,42.4778,42.3297,42.1783,42.0235,41.8652,41.7035,41.5384,41.3698,41.1977,41.0221,40.8429,40.6602,40.4739,40.284,40.0905,39.8933,39.6925,39.4881,39.28,39.0682,38.8528,38.6336,38.4108,38.1843,37.9541,37.7202,37.4827,37.2415,36.9967,36.7482,36.4962,36.2406,35.9814,35.7188,35.4528,35.1834,34.9106,34.6346,34.3555,34.0732,33.788,33.4999,33.209,32.9155,32.6195,32.3211,32.0206,31.7181,31.4138,31.108,30.8009,30.4927,30.1837,29.8743,29.5648,29.2554,28.9467,28.6389,28.3326,28.0282,27.7262,27.4271,27.1315,26.84,26.5532,26.2717,25.9963,25.7276,25.4664,25.2135,24.9696,24.7356,24.5123,24.3004,24.1009,23.9145,23.742,23.5843,23.442,23.316,23.2068,23.1151,23.0413,22.9861,22.9497,22.9324,22.9344,22.9559,22.9969,23.0572,23.1368,23.2353,23.3523,23.4876,23.6405,23.8105,23.9971,24.1995,24.4171,24.6491,24.8949,25.1537,25.4247,25.7073,26.0006,26.304,26.6167,26.9382,27.2676,27.6045,27.9481,28.298
46.4923,46.3231,46.1561,45.9914,45.829,45.669,45.5114,45.3563,45.2037,45.0538,44.9064,44.7618,44.6199,44.4809,44.3447,44.2114,44.0811,43.9537,43.8295,43.7083,43.5903,43.4755,43.3639,43.2557,43.1507,43.0491,42.9509,42.8561,42.7647,42.6769,42.5925,42.5117,42.4344,42.3607,42.2905,42.224,42.161,42.1016,42.0459,41.9937,41.9452,41.9002,41.8588,41.8209,41.7866,41.7558,41.7285,41.7047,41.6843,41.6673,41.6536,41.6433,41.6362,41.6324,41.6317,41.6342,41.6397,41.6483,41.6597,41.6741,41.6913,41.7113,41.7339,41.7592,41.787,41.8173,41.8499,41.8849,41.9222,41.9616,42.0031,42.0466,42.0921,42.1394,42.1884,42.2392,42.2915,42.3454,42.4008,42.4575,42.5155,42.5747,42.635,42.6964,42.7587,42.822,42.886,42.9509,43.0163,43.0824,43.149,43.216,43.2835,43.3512,43.4192,43.4873,43.5556,43.6239,43.6922,43.7604,43.8285,43.8964,43.964,44.0313,44.0982,44.1647,44.2307,44.2962,44.3611,44.4254,44.4889,44.5518,44.6138,44.6751,44.7354,44.7949,44.8534,44.9109,44.9673,45.0227,45.077,45.1301,45.182,45.2327,45.2821,45.3302,45.377,45.4224,45.4664,45.509,45.5501,45.5898,45.6279,45.6644,45.6994,45.7328,45.7645,45.7946,45.8229,45.8496,45.8745,45.8977,45.919,45.9385,45.9562,45.972,45.986,45.998,46.008,46.0161,46.0222,46.0263,46.0284,46.0284,46.0264,46.0222,46.0159,46.0075,45.9969,45.9841,45.9691,45.9518,45.9323,45.9105,45.8865,45.86,45.8313,45.8002,45.7667,45.7308,45.6924,45.6516,45.6083,45.5625,45.5142,45.4633,45.4098,45.3538,45.2951,45.2338,45.1698,45.1032,45.0338,44.9617,44.8868,44.8091,44.7286,44.6453,44.5591,44.47,44.378,44.2831,44.1852,44.0843,43.9803,43.8734,43.7633,43.6502,43.534,43.4146,43.292,43.1662,43.0372,42.9049,42.7694,42.6305,42.4883,42.3428,42.1938,42.0415,41.8856,41.7264,41.5636,41.3973,41.2275,41.0541,40.8771,40.6966,40.5124,40.3245,40.1329,39.9377,39.7388,39.5361,39.3297,39.1195,38.9056,38.6879,38.4664,38.2411,38.012,37.7791,37.5424,37.302,37.0577,36.8097,36.5579,36.3025,36.0433,35.7804,35.5139,35.2438,34.9702,34.693,34.4125,34.1286,33.8414,33.551,33.2576,32.9611,32.6619,32.3599,32.0554,31.7485,31.4393,31.1282,30.8153,30.5008,30.185,29.8682,29.5507,29.2328,28.9148,28.5972,28.2804,27.9648,27.6508,27.3391,27.03,26.7243,26.4225,26.1252,25.8332,25.5471,25.2677,24.9958,24.7322,24.4777,24.2332,23.9996,23.7777,23.5685,23.3728,23.1915,23.0254,22.8754,22.7423,22.6267,22.5294,22.4509,22.3918,22.3524,22.3331,22.3342,22.3556,22.3974,22.4596,22.542,22.6441,22.7657,22.9063,23.0653,23.242,23.436,23.6463,23.8723,24.1131,24.3681,24.6363,24.917,25.2094,25.5127,25.8262,26.149,26.4805,26.82,27.1668,27.5202,27.8798
46.2038,46.0328,45.864,45.6975,45.5333,45.3715,45.2122,45.0554,44.9011,44.7495,44.6005,44.4543,44.3108,44.1702,44.0325,43.8977,43.766,43.6373,43.5117,43.3893,43.27,43.1541,43.0414,42.932,42.8261,42.7235,42.6244,42.5288,42.4368,42.3482,42.2633,42.1819,42.1042,42.0301,41.9597,41.8929,41.8298,41.7704,41.7146,41.6626,41.6142,41.5695,41.5284,41.491,41.4572,41.427,41.4004,41.3773,41.3577,41.3416,41.3289,41.3197,41.3137,41.3111,41.3117,41.3155,41.3225,41.3325,41.3455,41.3615,41.3804,41.4021,41.4265,41.4536,41.4833,41.5155,41.5501,41.5871,41.6264,41.6679,41.7116,41.7573,41.8049,41.8544,41.9057,41.9587,42.0134,42.0696,42.1272,42.1863,42.2466,42.3082,42.3709,42.4346,42.4993,42.5649,42.6314,42.6985,42.7664,42.8348,42.9037,42.9731,43.0429,43.1129,43.1832,43.2537,43.3242,43.3948,43.4653,43.5358,43.6061,43.6761,43.7459,43.8154,43.8844,43.953,44.0211,44.0886,44.1556,44.2218,44.2874,44.3522,44.4162,44.4793,44.5416,44.6029,44.6632,44.7225,44.7807,44.8378,44.8938,44.9486,45.0022,45.0545,45.1056,45.1553,45.2036,45.2506,45.2961,45.3402,45.3827,45.4238,45.4633,45.5013,45.5376,45.5723,45.6053,45.6367,45.6663,45.6942,45.7203,45.7446,45.7671,45.7877,45.8065,45.8234,45.8384,45.8514,45.8625,45.8716,45.8786,45.8837,45.8866,45.8875,45.8863,45.883,45.8775,45.8699,45.86,45.848,45.8337,45.8171,45.7983,45.7772,45.7537,45.7279,45.6997,45.6692,45.6362,45.6008,45.5629,45.5225,45.4797,45.4343,45.3863,45.3358,45.2827,45.2269,45.1685,45.1075,45.0437,44.9772,44.908,44.836,44.7612,44.6836,44.6032,44.5199,44.4337,44.3445,44.2525,44.1574,44.0594,43.9583,43.8541,43.7469,43.6366,43.5232,43.4065,43.2867,43.1637,43.0374,42.9079,42.7751,42.6389,42.4993,42.3564,42.2101,42.0603,41.9071,41.7504,41.5901,41.4263,41.2589,41.0879,40.9133,40.735,40.5531,40.3674,40.178,39.9849,39.788,39.5873,39.3828,39.1745,38.9623,38.7462,38.5263,38.3025,38.0748,37.8432,37.6077,37.3682,37.1249,36.8777,36.6265,36.3715,36.1126,35.8499,35.5833,35.313,35.0389,34.761,34.4795,34.1945,33.9058,33.6137,33.3183,33.0195,32.7176,32.4126,32.1046,31.7939,31.4806,31.1648,30.8468,30.5267,30.2048,29.8813,29.5566,29.2308,28.9045,28.5778,28.2512,27.9251,27.5999,27.2762,26.9544,26.6351,26.3189,26.0065,25.6984,25.3953,25.0982,24.8076,24.5245,24.2497,23.9841,23.7286,23.4842,23.2517,23.0322,22.8266,22.6359,22.461,22.3028,22.1621,22.0397,21.9364,21.8529,21.7896,21.7471,21.7257,21.7256,21.7471,21.7899,21.8542,21.9395,22.0457,22.1722,22.3185,22.4841,22.6681,22.8699,23.0887,23.3237,23.574,23.8387,24.1169,24.4079,24.7107,25.0245,25.3484,25.6818,26.0238,26.3737,26.7308,27.0944,27.464
45.9147,45.7418,45.5712,45.4028,45.2368,45.0732,44.9121,44.7535,44.5975,44.4441,44.2934,44.1455,44.0005,43.8583,43.719,43.5827,43.4495,43.3194,43.1924,43.0687,42.9482,42.831,42.7171,42.6067,42.4997,42.3962,42.2962,42.1997,42.1069,42.0176,41.932,41.8501,41.7719,41.6974,41.6267,41.5597,41.4964,41.4369,41.3812,41.3292,41.281,41.2366,41.1959,41.1589,41.1256,41.096,41.07,41.0477,41.029,41.0138,41.0022,40.994,40.9892,40.9878,40.9897,40.9949,41.0033,41.0149,41.0295,41.0471,41.0677,41.0911,41.1174,41.1463,41.1779,41.2121,41.2488,41.2879,41.3293,41.3729,41.4188,41.4666,41.5165,41.5683,41.6219,41.6773,41.7342,41.7928,41.8528,41.9143,41.977,42.0409,42.106,42.1722,42.2393,42.3074,42.3762,42.4458,42.5161,42.5869,42.6582,42.73,42.8021,42.8746,42.9472,43.02,43.0928,43.1657,43.2385,43.3112,43.3838,43.4561,43.528,43.5997,43.6709,43.7416,43.8118,43.8814,43.9504,44.0187,44.0863,44.1531,44.219,44.2841,44.3482,44.4114,44.4736,44.5347,44.5947,44.6536,44.7114,44.7679,44.8232,44.8771,44.9298,44.9811,45.031,45.0796,45.1266,45.1722,45.2162,45.2587,45.2997,45.339,45.3767,45.4127,45.4471,45.4797,45.5106,45.5397,45.567,45.5925,45.6162,45.638,45.6579,45.6759,45.6919,45.706,45.7181,45.7281,45.7362,45.7421,45.746,45.7478,45.7475,45.745,45.7404,45.7335,45.7244,45.7131,45.6996,45.6837,45.6656,45.6451,45.6223,45.5971,45.5695,45.5395,45.5071,45.4722,45.4348,45.3949,45.3525,45.3075,45.26,45.2098,45.157,45.1016,45.0435,44.9827,44.9192,44.8529,44.7839,44.712,44.6374,44.5599,44.4795,44.3962,44.31,44.2209,44.1288,44.0336,43.9355,43.8342,43.7299,43.6225,43.5119,43.3982,43.2812,43.161,43.0376,42.9109,42.7808,42.6474,42.5107,42.3705,42.2269,42.0799,41.9293,41.7752,41.6176,41.4564,41.2916,41.1232,40.9511,40.7752,40.5957,40.4125,40.2254,40.0346,39.8399,39.6414,39.439,39.2327,39.0225,38.8083,38.5903,38.3682,38.1421,37.9121,37.678,37.4399,37.1978,36.9516,36.7015,36.4473,36.189,35.9268,35.6606,35.3904,35.1162,34.8381,34.5562,34.2704,33.9808,33.6875,33.3905,33.09,32.786,32.4785,32.1678,31.8539,31.537,31.2173,30.8948,30.5698,30.2425,29.9132,29.582,29.2492,28.9152,28.5802,28.2446,27.9089,27.5733,27.2385,26.9047,26.5727,26.2429,25.9159,25.5924,25.2731,24.9587,24.65,24.3479,24.0531,23.7666,23.4893,23.2222,22.9663,22.7227,22.4923,22.2762,22.0755,21.8911,21.7241,21.5753,21.4457,21.336,21.247,21.1794,21.1335,21.1099,21.1087,21.1301,21.1741,21.2406,21.3293,21.4399,21.5717,21.7243,21.8969,22.0888,22.2991,22.527,22.7716,23.0319,23.3069,23.5958,23.8976,24.2113,24.5361,24.8712,25.2156,25.5685,25.9292,26.297,26.6712,27.0511
45.6251,45.4503,45.2777,45.1074,44.9395,44.7741,44.6111,44.4506,44.2928,44.1377,43.9853,43.8356,43.6889,43.545,43.4042,43.2663,43.1316,43.0,42.8716,42.7465,42.6246,42.5062,42.3911,42.2795,42.1714,42.0669,41.966,41.8686,41.775,41.685,41.5988,41.5163,41.4376,41.3626,41.2915,41.2243,41.1608,41.1013,41.0455,40.9937,40.9456,40.9014,40.8611,40.8245,40.7917,40.7627,40.7375,40.7159,40.6981,40.6838,40.6732,40.6661,40.6626,40.6624,40.6657,40.6723,40.6822,40.6953,40.7115,40.7308,40.7532,40.7784,40.8065,40.8374,40.871,40.9072,40.946,40.9872,41.0307,41.0766,41.1246,41.1748,41.227,41.2811,41.337,41.3947,41.4541,41.5151,41.5775,41.6414,41.7066,41.773,41.8406,41.9092,41.9788,42.0493,42.1206,42.1927,42.2654,42.3387,42.4125,42.4867,42.5612,42.636,42.7111,42.7862,42.8614,42.9367,43.0118,43.0868,43.1616,43.2362,43.3104,43.3842,43.4576,43.5305,43.6029,43.6746,43.7457,43.816,43.8857,43.9544,44.0224,44.0894,44.1555,44.2206,44.2846,44.3476,44.4094,44.4701,44.5296,44.5879,44.6448,44.7005,44.7548,44.8078,44.8593,44.9094,44.958,45.005,45.0506,45.0946,45.1369,45.1777,45.2167,45.2541,45.2898,45.3237,45.3559,45.3863,45.4148,45.4415,45.4664,45.4893,45.5103,45.5294,45.5465,45.5616,45.5747,45.5858,45.5948,45.6018,45.6066,45.6093,45.6098,45.6082,45.6044,45.5984,45.5901,45.5796,45.5667,45.5516,45.5342,45.5144,45.4922,45.4676,45.4407,45.4112,45.3794,45.345,45.3081,45.2687,45.2268,45.1822,45.1351,45.0853,45.0329,44.9778,44.92,44.8595,44.7963,44.7302,44.6614,44.5898,44.5153,44.4379,44.3576,44.2744,44.1882,44.0991,44.0069,43.9117,43.8135,43.7121,43.6077,43.5,43.3892,43.2752,43.158,43.0375,42.9137,42.7865,42.656,42.5221,42.3848,42.2441,42.0998,41.9521,41.8008,41.6459,41.4875,41.3254,41.1596,40.9902,40.817,40.64,40.4593,40.2748,40.0864,39.8941,39.698,39.4979,39.2939,39.0859,38.8739,38.6578,38.4377,38.2136,37.9853,37.753,37.5165,37.2759,37.0312,36.7823,36.5292,36.272,36.0106,35.7451,35.4754,35.2017,34.9238,34.6418,34.3558,34.0657,33.7717,33.4738,33.172,32.8664,32.5571,32.2442,31.9278,31.608,31.285,30.9588,30.6296,30.2977,29.9632,29.6263,29.2873,28.9465,28.6041,28.2604,27.9159,27.5708,27.2256,26.8808,26.5369,26.1943,25.8537,25.5156,25.1808,24.8499,24.5238,24.2031,23.8888,23.5818,23.2831,22.9935,22.7143,22.4463,22.1909,21.949,21.7217,21.5103,21.3158,21.1394,20.9819,20.8445,20.728,20.6332,20.5608,20.5113,20.4853,20.483,20.5045,20.5498,20.6188,20.7112,20.8265,20.9641,21.1235,21.3038,21.5041,21.7236,21.9613,22.2161,22.4871,22.7731,23.0733,23.3865,23.7118,24.0483,24.3949,24.7508,25.1151,25.4871,25.866,26.2511,26.6417
45.3349,45.1581,44.9835,44.8113,44.6415,44.4741,44.3092,44.1469,43.9872,43.8302,43.676,43.5246,43.3761,43.2305,43.088,42.9485,42.8122,42.6791,42.5492,42.4227,42.2995,42.1797,42.0634,41.9506,41.8414,41.7358,41.6338,41.5356,41.441,41.3503,41.2634,41.1803,41.101,41.0257,40.9542,40.8866,40.823,40.7633,40.7076,40.6558,40.6079,40.564,40.5239,40.4878,40.4556,40.4272,40.4026,40.3819,40.3649,40.3516,40.3421,40.3361,40.3337,40.3349,40.3395,40.3476,40.359,40.3737,40.3916,40.4126,40.4368,40.4639,40.4939,40.5268,40.5624,40.6007,40.6416,40.6849,40.7307,40.7788,40.8292,40.8816,40.9362,40.9927,41.051,41.1112,41.173,41.2364,41.3014,41.3677,41.4354,41.5044,41.5745,41.6456,41.7177,41.7908,41.8646,41.9392,42.0144,42.0902,42.1664,42.2431,42.3201,42.3974,42.4749,42.5524,42.6301,42.7077,42.7852,42.8625,42.9396,43.0165,43.093,43.1691,43.2447,43.3198,43.3943,43.4682,43.5414,43.6138,43.6855,43.7563,43.8263,43.8953,43.9633,44.0303,44.0963,44.1611,44.2248,44.2873,44.3486,44.4086,44.4673,44.5247,44.5806,44.6352,44.6884,44.74,44.7902,44.8388,44.8858,44.9313,44.9751,45.0172,45.0577,45.0965,45.1335,45.1687,45.2022,45.2338,45.2636,45.2915,45.3176,45.3417,45.3638,45.384,45.4022,45.4184,45.4325,45.4446,45.4546,45.4625,45.4683,45.4719,45.4734,45.4726,45.4697,45.4645,45.457,45.4472,45.4352,45.4208,45.4041,45.3849,45.3634,45.3395,45.3132,45.2843,45.253,45.2192,45.1829,45.144,45.1025,45.0584,45.0117,44.9623,44.9103,44.8556,44.7981,44.7379,44.675,44.6092,44.5406,44.4692,44.3948,44.3176,44.2374,44.1543,44.0682,43.9791,43.887,43.7918,43.6935,43.592,43.4874,43.3796,43.2686,43.1544,43.0369,42.9161,42.7919,42.6644,42.5335,42.3991,42.2613,42.12,41.9752,41.8268,41.6748,41.5192,41.3599,41.197,41.0303,40.8599,40.6857,40.5077,40.3258,40.1401,39.9504,39.7568,39.5592,39.3577,39.152,38.9424,38.7286,38.5107,38.2887,38.0625,37.8322,37.5976,37.3588,37.1157,36.8684,36.6169,36.361,36.1009,35.8364,35.5677,35.2947,35.0174,34.7358,34.45,34.16,33.8657,33.5673,33.2649,32.9583,32.6478,32.3333,32.015,31.6929,31.3672,31.038,30.7054,30.3696,30.0307,29.689,29.3446,28.9978,28.6488,28.2979,27.9455,27.5918,27.2374,26.8824,26.5275,26.1732,25.8198,25.4681,25.1187,24.7722,24.4294,24.091,23.7579,23.431,23.1113,22.7997,22.4973,22.2052,21.9246,21.6566,21.4024,21.1633,20.9405,20.7352,20.5487,20.3819,20.2361,20.1122,20.0112,19.9337,19.8804,19.8518,19.8483,19.8699,19.9167,19.9885,20.0849,20.2054,20.3494,20.5161,20.7047,20.9142,21.1436,21.3917,21.6576,21.94,22.2378,22.5499,22.8752,23.2127,23.5613,23.9201,24.288,24.6643,25.048,25.4384,25.8347,26.2363
45.0441,44.8653,44.6887,44.5145,44.3426,44.1732,44.0064,43.8421,43.6805,43.5217,43.3656,43.2124,43.0621,42.9148,42.7705,42.6294,42.4914,42.3567,42.2253,42.0972,41.9726,41.8514,41.7338,41.6198,41.5094,41.4027,41.2997,41.2005,41.1051,41.0135,40.9258,40.8421,40.7623,40.6864,40.6146,40.5467,40.4829,40.4231,40.3673,40.3156,40.2678,40.2241,40.1845,40.1488,40.1171,40.0893,40.0655,40.0455,40.0294,40.0171,40.0086,40.0038,40.0027,40.0052,40.0113,40.0208,40.0338,40.0501,40.0697,40.0925,40.1185,40.1475,40.1795,40.2144,40.2521,40.2925,40.3356,40.3812,40.4292,40.4797,40.5324,40.5872,40.6442,40.7031,40.7639,40.8266,40.8909,40.9569,41.0244,41.0933,41.1635,41.235,41.3077,41.3814,41.4561,41.5317,41.6081,41.6853,41.763,41.8414,41.9202,41.9994,42.0789,42.1587,42.2386,42.3187,42.3987,42.4787,42.5587,42.6384,42.7179,42.797,42.8758,42.9542,43.0321,43.1094,43.1861,43.2622,43.3375,43.4121,43.4859,43.5588,43.6308,43.7018,43.7718,43.8407,43.9086,43.9753,44.0409,44.1052,44.1683,44.2301,44.2905,44.3496,44.4073,44.4635,44.5183,44.5715,44.6233,44.6734,44.722,44.7689,44.8142,44.8578,44.8997,44.9398,44.9782,45.0147,45.0495,45.0824,45.1134,45.1426,45.1698,45.1951,45.2184,45.2397,45.259,45.2763,45.2915,45.3046,45.3156,45.3245,45.3312,45.3357,45.3381,45.3382,45.3361,45.3318,45.3251,45.3162,45.3049,45.2912,45.2752,45.2568,45.236,45.2128,45.187,45.1588,45.1281,45.0949,45.0591,45.0207,44.9797,44.9361,44.8898,44.8409,44.7893,44.7349,44.6778,44.618,44.5553,44.4898,44.4215,44.3502,44.2761,44.1991,44.1191,44.0361,43.9501,43.861,43.7689,43.6737,43.5754,43.4739,43.3692,43.2613,43.1501,43.0357,42.9179,42.7969,42.6724,42.5445,42.4132,42.2785,42.1402,41.9984,41.853,41.704,41.5514,41.3951,41.2351,41.0713,40.9038,40.7325,40.5573,40.3783,40.1953,40.0084,39.8175,39.6226,39.4237,39.2207,39.0135,38.8023,38.5868,38.3672,38.1433,37.9152,37.6827,37.446,37.205,36.9595,36.7098,36.4556,36.197,35.934,35.6665,35.3947,35.1184,34.8377,34.5525,34.2629,33.969,33.6706,33.3679,33.0609,32.7497,32.4342,32.1146,31.791,31.4633,31.1318,30.7965,30.4575,30.1151,29.7693,29.4203,29.0684,28.7137,28.3566,27.9972,27.6359,27.2731,26.9091,26.5442,26.1791,25.8141,25.4498,25.0867,24.7256,24.3671,24.012,23.661,23.315,22.975,22.642,22.317,22.0011,21.6955,21.4014,21.1202,20.853,20.6013,20.3663,20.1495,19.9521,19.7753,19.6205,19.4887,19.3808,19.2978,19.2404,19.2091,19.2043,19.2261,19.2746,19.3494,19.4503,19.5765,19.7275,19.9023,20.0999,20.3193,20.5593,20.8187,21.0963,21.3909,21.7012,22.026,22.3642,22.7145,23.0759,23.4473,23.8278,24.2165,24.6123,25.0146,25.4225,25.8355
44.7528,44.5719,44.3932,44.2169,44.043,43.8716,43.7027,43.5365,43.3729,43.2121,43.0541,42.899,42.7468,42.5977,42.4516,42.3087,42.1691,42.0327,41.8997,41.7701,41.644,41.5214,41.4025,41.2871,41.1755,41.0676,40.9635,40.8633,40.767,40.6746,40.5861,40.5017,40.4213,40.3449,40.2727,40.2045,40.1404,40.0805,40.0246,39.9729,39.9254,39.8819,39.8426,39.8073,39.7761,39.749,39.7259,39.7068,39.6916,39.6803,39.6729,39.6693,39.6694,39.6733,39.6808,39.6918,39.7064,39.7244,39.7458,39.7704,39.7983,39.8293,39.8633,39.9003,39.9401,39.9827,40.028,40.0759,40.1263,40.1791,40.2342,40.2915,40.3509,40.4123,40.4757,40.5409,40.6078,40.6764,40.7464,40.818,40.8908,40.965,41.0403,41.1166,41.194,41.2722,41.3512,41.431,41.5114,41.5923,41.6737,41.7555,41.8376,41.9199,42.0023,42.0849,42.1674,42.2499,42.3323,42.4144,42.4963,42.5778,42.659,42.7397,42.8198,42.8994,42.9784,43.0566,43.1342,43.2109,43.2868,43.3618,43.4358,43.5088,43.5809,43.6518,43.7216,43.7902,43.8577,43.9238,43.9887,44.0523,44.1145,44.1753,44.2347,44.2926,44.349,44.4039,44.4572,44.5089,44.559,44.6075,44.6542,44.6993,44.7426,44.7841,44.8238,44.8617,44.8978,44.932,44.9643,44.9947,45.0231,45.0496,45.074,45.0965,45.1169,45.1353,45.1515,45.1657,45.1777,45.1876,45.1953,45.2008,45.204,45.2051,45.2038,45.2003,45.1945,45.1864,45.1759,45.163,45.1477,45.13,45.1099,45.0873,45.0623,45.0347,45.0046,44.9719,44.9367,44.8988,44.8584,44.8152,44.7695,44.721,44.6698,44.6158,44.5591,44.4996,44.4372,44.3721,44.304,44.233,44.1591,44.0823,44.0025,43.9196,43.8337,43.7448,43.6527,43.5575,43.4592,43.3577,43.2529,43.1449,43.0337,42.9191,42.8011,42.6798,42.5551,42.4269,42.2953,42.1601,42.0214,41.8792,41.7333,41.5837,41.4305,41.2736,41.1129,40.9484,40.7801,40.6079,40.4318,40.2518,40.0678,39.8798,39.6877,39.4916,39.2914,39.087,38.8784,38.6656,38.4485,38.2272,38.0015,37.7715,37.5371,37.2983,37.0551,36.8074,36.5552,36.2985,36.0372,35.7715,35.5011,35.2262,34.9467,34.6626,34.374,34.0807,33.7829,33.4806,33.1737,32.8623,32.5464,32.2261,31.9015,31.5725,31.2393,30.902,30.5607,30.2154,29.8663,29.5136,29.1575,28.798,28.4355,28.0702,27.7023,27.3322,26.9601,26.5864,26.2116,25.836,25.4602,25.0848,24.7102,24.3371,23.9663,23.5984,23.2344,22.8751,22.5215,22.1746,21.8356,21.5055,21.1857,20.8775,20.5822,20.3012,20.036,19.788,19.5588,19.3497,19.1622,18.9976,18.8571,18.742,18.653,18.5912,18.557,18.5508,18.5729,18.6232,18.7015,18.8072,18.9398,19.0983,19.2819,19.4894,19.7195,19.971,20.2426,20.5328,20.8404,21.164,21.5023,21.854,22.2178,22.5927,22.9774,23.371,23.7724,24.1809,24.5954,25.0153,25.4398
44.461,44.2779,44.0971,43.9187,43.7427,43.5692,43.3982,43.2299,43.0643,42.9014,42.7414,42.5844,42.4303,42.2793,42.1314,41.9867,41.8453,41.7072,41.5726,41.4414,41.3137,41.1897,41.0693,40.9526,40.8397,40.7306,40.6254,40.5241,40.4268,40.3334,40.2442,40.159,40.078,40.0011,39.9284,39.8598,39.7955,39.7354,39.6795,39.6279,39.5804,39.5372,39.4982,39.4634,39.4327,39.4062,39.3839,39.3656,39.3513,39.3411,39.3348,39.3324,39.3338,39.3391,39.3481,39.3607,39.3769,39.3966,39.4198,39.4463,39.4761,39.5091,39.5452,39.5843,39.6264,39.6712,39.7188,39.769,39.8218,39.877,39.9346,39.9944,40.0564,40.1204,40.1863,40.2541,40.3237,40.3949,40.4676,40.5418,40.6174,40.6942,40.7722,40.8513,40.9313,41.0122,41.0939,41.1763,41.2594,41.343,41.427,41.5114,41.5961,41.681,41.766,41.8511,41.9362,42.0212,42.106,42.1906,42.2749,42.3589,42.4424,42.5254,42.6079,42.6898,42.771,42.8515,42.9313,43.0102,43.0882,43.1653,43.2414,43.3165,43.3906,43.4635,43.5353,43.6058,43.6752,43.7432,43.81,43.8753,43.9393,44.0019,44.063,44.1226,44.1807,44.2372,44.2921,44.3454,44.397,44.447,44.4952,44.5417,44.5864,44.6294,44.6705,44.7097,44.7471,44.7826,44.8162,44.8478,44.8775,44.9051,44.9308,44.9544,44.9759,44.9954,45.0127,45.0279,45.041,45.0518,45.0605,45.067,45.0712,45.0731,45.0728,45.0701,45.0652,45.0578,45.0481,45.036,45.0215,45.0046,44.9852,44.9633,44.9389,44.9119,44.8824,44.8504,44.8157,44.7784,44.7385,44.6959,44.6506,44.6026,44.5518,44.4983,44.442,44.3828,44.3208,44.256,44.1882,44.1175,44.0439,43.9673,43.8876,43.805,43.7192,43.6304,43.5384,43.4433,43.345,43.2435,43.1387,43.0307,42.9193,42.8046,42.6865,42.565,42.4401,42.3116,42.1797,42.0442,41.9051,41.7624,41.6161,41.466,41.3123,41.1547,40.9934,40.8282,40.6591,40.4861,40.3092,40.1283,39.9433,39.7543,39.5611,39.3638,39.1624,38.9567,38.7467,38.5324,38.3138,38.0909,37.8635,37.6317,37.3954,37.1546,36.9093,36.6593,36.4048,36.1457,35.8819,35.6134,35.3403,35.0624,34.7798,34.4925,34.2004,33.9036,33.602,33.2957,32.9847,32.669,32.3486,32.0236,31.694,31.3598,31.0212,30.6782,30.3309,29.9794,29.6238,29.2642,28.9009,28.534,28.1637,27.7902,27.4138,27.0347,26.6533,26.27,25.885,25.499,25.1123,24.7254,24.339,23.9537,23.5703,23.1894,22.812,22.4389,22.0711,21.7098,21.3561,21.0112,20.6765,20.3533,20.0431,19.7474,19.4678,19.2059,18.9633,18.7417,18.5425,18.3674,18.2176,18.0944,17.9991,17.9324,17.895,17.8874,17.9099,17.9623,18.0444,18.1556,18.2951,18.462,18.6552,18.8733,19.1151,19.3791,19.6637,19.9676,20.2891,20.6269,20.9794,21.3453,21.7234,22.1123,22.5109,22.9181,23.3329,23.7543,24.1815,24.6137,25.0501
44.1687,43.9834,43.8004,43.6198,43.4416,43.2659,43.0928,42.9224,42.7547,42.5897,42.4277,42.2686,42.1125,41.9596,41.8098,41.6632,41.52,41.3802,41.2438,41.1109,40.9817,40.8561,40.7342,40.6161,40.5018,40.3915,40.2851,40.1827,40.0843,39.9901,39.9,39.8141,39.7324,39.6549,39.5817,39.5128,39.4482,39.3879,39.3319,39.2803,39.2329,39.19,39.1513,39.1169,39.0868,39.061,39.0393,39.0219,39.0086,38.9994,38.9942,38.9931,38.9959,39.0026,39.013,39.0273,39.0452,39.0667,39.0917,39.1202,39.1519,39.187,39.2252,39.2665,39.3108,39.358,39.408,39.4606,39.5158,39.5736,39.6337,39.696,39.7606,39.8272,39.8959,39.9663,40.0386,40.1125,40.188,40.2649,40.3432,40.4228,40.5035,40.5853,40.6681,40.7517,40.8362,40.9213,41.0071,41.0934,41.1801,41.2672,41.3545,41.4421,41.5297,41.6174,41.7051,41.7926,41.88,41.9671,42.0538,42.1402,42.2262,42.3116,42.3964,42.4807,42.5642,42.6469,42.7289,42.81,42.8902,42.9695,43.0477,43.1249,43.201,43.2759,43.3497,43.4222,43.4934,43.5634,43.632,43.6992,43.765,43.8293,43.8921,43.9534,44.0132,44.0713,44.1279,44.1827,44.2359,44.2874,44.3372,44.3851,44.4313,44.4757,44.5182,44.5588,44.5975,44.6343,44.6692,44.7021,44.733,44.7618,44.7886,44.8134,44.8361,44.8566,44.875,44.8913,44.9054,44.9173,44.9269,44.9344,44.9395,44.9424,44.943,44.9412,44.9371,44.9306,44.9217,44.9104,44.8966,44.8804,44.8617,44.8406,44.8168,44.7906,44.7617,44.7303,44.6962,44.6595,44.6201,44.578,44.5332,44.4857,44.4354,44.3823,44.3264,44.2677,44.2061,44.1416,44.0741,44.0037,43.9304,43.854,43.7746,43.6921,43.6066,43.5179,43.426,43.331,43.2328,43.1313,43.0265,42.9185,42.8071,42.6923,42.5741,42.4524,42.3273,42.1986,42.0664,41.9306,41.7912,41.6482,41.5014,41.3509,41.1966,41.0385,40.8766,40.7108,40.541,40.3673,40.1896,40.0078,39.8219,39.6319,39.4377,39.2393,39.0367,38.8298,38.6185,38.4029,38.1828,37.9583,37.7293,37.4957,37.2576,37.0149,36.7676,36.5155,36.2588,35.9973,35.7311,35.46,35.1841,34.9034,34.6178,34.3273,34.0319,33.7317,33.4264,33.1163,32.8013,32.4814,32.1566,31.8269,31.4924,31.1532,30.8092,30.4606,30.1074,29.7498,29.3877,29.0214,28.651,28.2767,27.8986,27.517,27.1321,26.7441,26.3534,25.9603,25.5652,25.1685,24.7708,24.3724,23.974,23.5763,23.1799,22.7857,22.3944,22.0071,21.6247,21.2484,20.8794,20.519,20.1685,19.8295,19.5035,19.1922,18.8973,18.6204,18.3635,18.1283,17.9165,17.7299,17.5699,17.4381,17.3357,17.2637,17.2229,17.2139,17.2368,17.2916,17.3779,17.4951,17.6424,17.8185,18.0222,18.252,18.5065,18.7839,19.0827,19.4011,19.7375,20.0904,20.458,20.8391,21.2321,21.6357,22.0488,22.4701,22.8987,23.3335,23.7737,24.2185,24.667
43.8759,43.6884,43.5031,43.3202,43.1398,42.9619,42.7866,42.614,42.4441,42.277,42.1129,41.9517,41.7936,41.6386,41.4868,41.3383,41.1932,41.0515,40.9134,40.7788,40.6478,40.5206,40.3972,40.2776,40.162,40.0503,39.9427,39.8391,39.7397,39.6445,39.5535,39.4667,39.3843,39.3062,39.2325,39.1632,39.0983,39.0378,38.9817,38.9301,38.8829,38.8401,38.8018,38.7679,38.7383,38.7131,38.6922,38.6757,38.6633,38.6552,38.6512,38.6513,38.6555,38.6636,38.6757,38.6916,38.7112,38.7345,38.7615,38.7919,38.8257,38.8629,38.9033,38.9469,38.9935,39.043,39.0954,39.1505,39.2083,39.2686,39.3313,39.3963,39.4635,39.5329,39.6042,39.6774,39.7525,39.8291,39.9074,39.9871,40.0683,40.1506,40.2342,40.3188,40.4044,40.4908,40.5781,40.666,40.7546,40.8436,40.9331,41.0229,41.1129,41.2031,41.2935,41.3838,41.4741,41.5642,41.6541,41.7437,41.833,41.9219,42.0103,42.0981,42.1854,42.2719,42.3578,42.4428,42.5271,42.6104,42.6928,42.7742,42.8546,42.9339,43.012,43.089,43.1648,43.2393,43.3125,43.3843,43.4548,43.5238,43.5914,43.6575,43.7221,43.7852,43.8466,43.9064,43.9646,44.021,44.0758,44.1288,44.1801,44.2295,44.2772,44.323,44.3669,44.4089,44.449,44.4871,44.5232,44.5574,44.5895,44.6196,44.6476,44.6735,44.6973,44.719,44.7385,44.7559,44.771,44.7839,44.7946,44.803,44.8091,44.8129,44.8144,44.8135,44.8103,44.8046,44.7965,44.786,44.7731,44.7576,44.7397,44.7192,44.6962,44.6706,44.6424,44.6116,44.5781,44.542,44.5032,44.4617,44.4174,44.3704,44.3206,44.268,44.2125,44.1542,44.0929,44.0288,43.9617,43.8917,43.8186,43.7425,43.6634,43.5811,43.4958,43.4073,43.3156,43.2207,43.1225,43.0211,42.9164,42.8084,42.6969,42.5821,42.4638,42.342,42.2168,42.0879,41.9555,41.8195,41.6798,41.5364,41.3893,41.2384,41.0836,40.9251,40.7626,40.5962,40.4258,40.2514,40.0729,39.8903,39.7036,39.5127,39.3176,39.1182,38.9144,38.7063,38.4938,38.2769,38.0554,37.8295,37.5989,37.3637,37.1239,36.8794,36.6301,36.3761,36.1172,35.8535,35.5848,35.3113,35.0328,34.7493,34.4608,34.1673,33.8687,33.5651,33.2564,32.9425,32.6236,32.2996,31.9705,31.6363,31.2971,30.9529,30.6037,30.2496,29.8907,29.527,29.1586,28.7856,28.4082,28.0265,27.6408,27.2511,26.8577,26.4608,26.0608,25.658,25.2527,24.8454,24.4365,24.0264,23.6159,23.2055,22.796,22.3881,21.9827,21.5807,21.1832,20.7913,20.4064,20.0297,19.6627,19.307,18.9643,18.6364,18.325,18.0321,17.7598,17.5099,17.2844,17.0852,16.9142,16.7729,16.6628,16.585,16.5405,16.5299,16.5534,16.6109,16.702,16.8259,16.9816,17.1679,17.3832,17.6258,17.8941,18.1862,18.5002,18.8342,19.1866,19.5554,19.9391,20.336,20.7447,21.1638,21.5919,22.0279,22.4707,22.9194,23.3729,23.8305,24.2914
43.5827,43.3928,43.2052,43.02,42.8373,42.6571,42.4795,42.3046,42.1325,41.9632,41.7969,41.6336,41.4733,41.3163,41.1624,41.012,40.8649,40.7213,40.5813,40.4449,40.3122,40.1833,40.0583,39.9372,39.8201,39.7071,39.5981,39.4933,39.3928,39.2965,39.2046,39.117,39.0338,38.9551,38.8808,38.8111,38.7458,38.6851,38.6289,38.5773,38.5302,38.4876,38.4496,38.4161,38.3871,38.3626,38.3425,38.3268,38.3155,38.3084,38.3057,38.3071,38.3127,38.3223,38.3359,38.3535,38.3749,38.4001,38.429,38.4615,38.4974,38.5368,38.5795,38.6253,38.6743,38.7263,38.7812,38.8388,38.8992,38.9621,39.0275,39.0952,39.1652,39.2373,39.3114,39.3875,39.4653,39.5448,39.626,39.7086,39.7926,39.8778,39.9642,40.0517,40.1402,40.2295,40.3196,40.4104,40.5017,40.5936,40.6859,40.7784,40.8712,40.9642,41.0572,41.1502,41.2432,41.3359,41.4284,41.5207,41.6125,41.7039,41.7947,41.885,41.9747,42.0637,42.1519,42.2393,42.3258,42.4114,42.496,42.5796,42.6622,42.7436,42.8238,42.9029,42.9806,43.0571,43.1323,43.2061,43.2784,43.3493,43.4188,43.4867,43.553,43.6178,43.6809,43.7424,43.8022,43.8603,43.9167,43.9712,44.024,44.075,44.1241,44.1713,44.2166,44.26,44.3014,44.3409,44.3784,44.4138,44.4472,44.4785,44.5077,44.5348,44.5598,44.5826,44.6032,44.6216,44.6378,44.6518,44.6634,44.6728,44.6799,44.6847,44.6871,44.6871,44.6847,44.6799,44.6727,44.663,44.6508,44.6362,44.619,44.5992,44.5769,44.552,44.5245,44.4943,44.4615,44.426,44.3878,44.3468,44.3031,44.2566,44.2073,44.1552,44.1002,44.0423,43.9815,43.9177,43.851,43.7813,43.7086,43.6328,43.5539,43.4719,43.3868,43.2985,43.207,43.1123,43.0143,42.913,42.8083,42.7003,42.5889,42.4741,42.3557,42.2339,42.1085,41.9796,41.847,41.7107,41.5708,41.4271,41.2797,41.1284,40.9733,40.8143,40.6514,40.4844,40.3135,40.1384,39.9593,39.776,39.5885,39.3967,39.2007,39.0003,38.7956,38.5864,38.3727,38.1546,37.9318,37.7045,37.4725,37.2358,36.9943,36.748,36.4969,36.241,35.9801,35.7142,35.4433,35.1674,34.8864,34.6003,34.309,34.0126,33.711,33.4041,33.0919,32.7745,32.4518,32.1239,31.7906,31.4521,31.1082,30.7592,30.4049,30.0454,29.6809,29.3112,28.9366,28.5571,28.1729,27.784,27.3906,26.9929,26.5911,26.1855,25.7762,25.3637,24.9482,24.5302,24.1101,23.6883,23.2655,22.8423,22.4194,21.9975,21.5776,21.1605,20.7475,20.3395,19.938,19.5443,19.16,18.7868,18.4263,18.0807,17.7517,17.4417,17.1526,16.8868,16.6464,16.4336,16.2504,16.0986,15.98,15.8959,15.8474,15.835,15.8592,15.9198,16.0162,16.1477,16.3129,16.5104,16.7384,16.9951,17.2785,17.5864,17.9168,18.2677,18.6371,19.023,19.4236,19.8373,20.2624,20.6975,21.1413,21.5925,22.0499,22.5127,22.9799,23.4505,23.924
43.289,43.0968,42.9068,42.7192,42.5341,42.3516,42.1717,41.9944,41.82,41.6484,41.4798,41.3143,41.1519,40.9926,40.8367,40.6841,40.535,40.3895,40.2475,40.1093,39.9748,39.8442,39.7175,39.5948,39.4762,39.3617,39.2514,39.1453,39.0436,38.9462,38.8533,38.7648,38.6809,38.6014,38.5266,38.4563,38.3907,38.3298,38.2734,38.2218,38.1748,38.1324,38.0948,38.0617,38.0332,38.0094,37.9901,37.9753,37.9649,37.959,37.9575,37.9603,37.9673,37.9785,37.9938,38.0131,38.0363,38.0634,38.0943,38.1289,38.167,38.2086,38.2536,38.3019,38.3533,38.4078,38.4652,38.5255,38.5885,38.6541,38.7222,38.7928,38.8655,38.9405,39.0175,39.0964,39.1772,39.2596,39.3437,39.4292,39.5161,39.6043,39.6937,39.7841,39.8755,39.9678,40.0608,40.1544,40.2487,40.3434,40.4385,40.5339,40.6295,40.7253,40.8211,40.9168,41.0124,41.1079,41.203,41.2979,41.3923,41.4862,41.5796,41.6724,41.7645,41.8559,41.9465,42.0362,42.1251,42.213,42.2999,42.3857,42.4704,42.554,42.6363,42.7175,42.7973,42.8758,42.9529,43.0286,43.1029,43.1757,43.247,43.3167,43.3848,43.4513,43.5162,43.5794,43.6408,43.7006,43.7585,43.8146,43.869,43.9214,43.972,44.0207,44.0674,44.1122,44.155,44.1958,44.2346,44.2713,44.3059,44.3385,44.3689,44.3972,44.4233,44.4473,44.469,44.4885,44.5058,44.5208,44.5335,44.5439,44.5519,44.5577,44.561,44.5619,44.5604,44.5565,44.5502,44.5413,44.5299,44.5161,44.4996,44.4806,44.459,44.4348,44.408,44.3785,44.3463,44.3114,44.2738,44.2335,44.1903,44.1444,44.0956,44.0439,43.9894,43.932,43.8716,43.8083,43.742,43.6727,43.6003,43.5248,43.4463,43.3646,43.2797,43.1917,43.1004,43.0058,42.908,42.8068,42.7023,42.5944,42.483,42.3682,42.2499,42.128,42.0026,41.8735,41.7408,41.6044,41.4643,41.3204,41.1727,41.0211,40.8657,40.7063,40.5429,40.3755,40.204,40.0284,39.8487,39.6647,39.4765,39.284,39.0872,38.8859,38.6802,38.47,38.2553,38.036,37.812,37.5834,37.35,37.1119,36.8689,36.621,36.3682,36.1104,35.8475,35.5797,35.3066,35.0285,34.7451,34.4565,34.1625,33.8633,33.5587,33.2487,32.9333,32.6125,32.2862,31.9544,31.6171,31.2743,30.926,30.5723,30.2131,29.8484,29.4784,29.103,28.7223,28.3364,27.9454,27.5494,27.1485,26.743,26.3329,25.9186,25.5002,25.078,24.6524,24.2237,23.7924,23.3589,22.9237,22.4876,22.0511,21.615,21.1803,20.7478,20.3187,19.8941,19.4753,19.064,18.6615,18.2698,17.8906,17.5261,17.1784,16.8498,16.5427,16.2596,16.003,15.7752,15.5785,15.4153,15.2873,15.1962,15.1432,15.129,15.154,15.2181,15.3206,15.4605,15.6363,15.8462,16.0884,16.3605,16.6603,16.9855,17.3337,17.7027,18.0902,18.4942,18.9127,19.3439,19.7862,20.2381,20.698,21.1649,21.6374,22.1146,22.5957,23.0796,23.5658
42.995,42.8003,42.6079,42.4178,42.2303,42.0453,41.863,41.6834,41.5065,41.3326,41.1617,40.9938,40.8291,40.6677,40.5096,40.3548,40.2036,40.056,39.9121,39.7719,39.6355,39.5031,39.3747,39.2503,39.1301,39.0141,38.9024,38.795,38.692,38.5935,38.4995,38.4101,38.3253,38.2452,38.1697,38.099,38.0329,37.9717,37.9152,37.8635,37.8166,37.7745,37.7371,37.7045,37.6766,37.6534,37.6349,37.621,37.6117,37.607,37.6067,37.6108,37.6193,37.6321,37.6491,37.6702,37.6953,37.7244,37.7573,37.794,37.8344,37.8783,37.9257,37.9764,38.0304,38.0874,38.1475,38.2105,38.2762,38.3446,38.4156,38.4889,38.5646,38.6425,38.7224,38.8043,38.888,38.9734,39.0605,39.149,39.239,39.3302,39.4226,39.516,39.6104,39.7056,39.8016,39.8982,39.9954,40.093,40.1911,40.2893,40.3878,40.4864,40.585,40.6835,40.7819,40.88,40.9779,41.0754,41.1724,41.2689,41.3649,41.4602,41.5548,41.6487,41.7417,41.8338,41.925,42.0152,42.1044,42.1924,42.2794,42.3651,42.4496,42.5328,42.6147,42.6953,42.7744,42.8521,42.9283,43.003,43.0761,43.1476,43.2176,43.2858,43.3524,43.4173,43.4804,43.5418,43.6013,43.6591,43.7149,43.7689,43.821,43.8711,43.9193,43.9655,44.0097,44.0518,44.0919,44.1299,44.1658,44.1996,44.2313,44.2608,44.2881,44.3132,44.336,44.3566,44.375,44.391,44.4048,44.4162,44.4252,44.4319,44.4362,44.438,44.4375,44.4344,44.4289,44.4209,44.4104,44.3973,44.3816,44.3634,44.3426,44.3191,44.2929,44.2641,44.2326,44.1984,44.1614,44.1216,44.079,44.0337,43.9854,43.9343,43.8803,43.8233,43.7634,43.7006,43.6347,43.5657,43.4938,43.4187,43.3404,43.2591,43.1745,43.0867,42.9957,42.9013,42.8037,42.7027,42.5983,42.4905,42.3793,42.2645,42.1462,42.0244,41.8989,41.7698,41.6371,41.5006,41.3603,41.2162,41.0683,40.9165,40.7607,40.601,40.4373,40.2695,40.0975,39.9215,39.7412,39.5566,39.3678,39.1746,38.977,38.7749,38.5684,38.3572,38.1415,37.9212,37.6961,37.4662,37.2316,36.9921,36.7476,36.4982,36.2438,35.9843,35.7197,35.4499,35.1749,34.8945,34.6089,34.3179,34.0215,33.7196,33.4122,33.0992,32.7807,32.4566,32.1268,31.7913,31.4502,31.1034,30.7508,30.3925,30.0285,29.6588,29.2835,28.9025,28.5159,28.1238,27.7262,27.3233,26.9151,26.5019,26.0837,25.6608,25.2333,24.8016,24.3659,23.9266,23.4841,23.0389,22.5914,22.1422,21.692,21.2416,20.7918,20.3435,19.898,19.4562,19.0197,18.5899,18.1685,17.7573,17.3584,16.9738,16.6061,16.2576,15.931,15.6291,15.3546,15.1103,14.8989,14.7229,14.5845,14.4856,14.4276,14.4114,14.4375,14.5056,14.6149,14.7643,14.9519,15.1758,15.4336,15.7227,16.0405,16.3844,16.7518,17.1402,17.5471,17.9703,18.4077,18.8573,19.3176,19.7867,20.2634,20.7463,21.2342,21.7262,22.2213,22.7187,23.2178
42.7005,42.5033,42.3084,42.1159,41.9258,41.7383,41.5535,41.3714,41.1922,41.0158,40.8425,40.6722,40.5052,40.3414,40.181,40.0241,39.8707,39.721,39.5749,39.4327,39.2944,39.1601,39.0299,38.9038,38.7819,38.6643,38.5511,38.4423,38.3381,38.2384,38.1433,38.0529,37.9672,37.8863,37.8101,37.7388,37.6724,37.6108,37.5542,37.5024,37.4556,37.4136,37.3766,37.3444,37.3171,37.2946,37.2769,37.2639,37.2557,37.2521,37.2531,37.2587,37.2687,37.2831,37.3018,37.3248,37.3518,37.383,37.418,37.4569,37.4996,37.5459,37.5957,37.649,37.7055,37.7652,37.828,37.8937,37.9623,38.0336,38.1074,38.1837,38.2623,38.3432,38.4261,38.5111,38.5978,38.6863,38.7765,38.8681,38.9611,39.0554,39.1508,39.2473,39.3448,39.4431,39.5421,39.6417,39.7419,39.8425,39.9435,40.0447,40.1461,40.2476,40.349,40.4504,40.5515,40.6524,40.753,40.8532,40.9529,41.0521,41.1506,41.2485,41.3456,41.442,41.5374,41.632,41.7256,41.8181,41.9096,41.9999,42.0891,42.177,42.2636,42.349,42.433,42.5156,42.5967,42.6764,42.7545,42.8311,42.9061,42.9795,43.0513,43.1213,43.1896,43.2562,43.321,43.384,43.4452,43.5045,43.5619,43.6174,43.671,43.7226,43.7722,43.8198,43.8654,43.9089,43.9503,43.9897,44.0269,44.0619,44.0948,44.1255,44.154,44.1802,44.2042,44.2259,44.2454,44.2625,44.2773,44.2897,44.2997,44.3074,44.3126,44.3154,44.3158,44.3136,44.309,44.3018,44.2921,44.2799,44.265,44.2475,44.2275,44.2047,44.1793,44.1512,44.1203,44.0868,44.0504,44.0113,43.9693,43.9245,43.8768,43.8263,43.7728,43.7163,43.6569,43.5945,43.5291,43.4606,43.389,43.3143,43.2364,43.1554,43.0711,42.9836,42.8929,42.7988,42.7014,42.6006,42.4964,42.3888,42.2777,42.163,42.0448,41.923,41.7976,41.6685,41.5357,41.3991,41.2588,41.1146,40.9665,40.8145,40.6585,40.4985,40.3345,40.1663,39.994,39.8175,39.6367,39.4517,39.2622,39.0684,38.8702,38.6674,38.46,38.2481,38.0315,37.8101,37.584,37.3531,37.1173,36.8765,36.6307,36.3799,36.124,35.8629,35.5966,35.325,35.0481,34.7658,34.478,34.1847,33.8859,33.5815,33.2715,32.9557,32.6342,32.307,31.9739,31.635,31.2901,30.9394,30.5827,30.2201,29.8515,29.477,29.0965,28.7101,28.3178,27.9197,27.5158,27.1061,26.6908,26.2701,25.8439,25.4126,24.9763,24.5352,24.0896,23.6398,23.1862,22.7293,22.2694,21.8072,21.3433,20.8784,20.4133,19.9491,19.4867,19.0274,18.5725,18.1237,17.6825,17.2509,16.8311,16.4253,16.036,15.6661,15.3184,14.996,14.702,14.4395,14.2117,14.0215,13.8714,13.7638,13.7003,13.682,13.7093,13.782,13.8991,14.0592,14.2602,14.4996,14.7747,15.0826,15.4201,15.7844,16.1726,16.5817,17.0092,17.4527,17.91,18.3789,18.8578,19.3449,19.8387,20.338,20.8417,21.3486,21.858,22.3689,22.8808
42.4058,42.206,42.0085,41.8134,41.6207,41.4307,41.2433,41.0587,40.8769,40.698,40.5222,40.3495,40.18,40.0139,39.8511,39.6919,39.5362,39.3843,39.2361,39.0918,38.9514,38.8152,38.683,38.5551,38.4315,38.3123,38.1975,38.0873,37.9817,37.8807,37.7845,37.693,37.6064,37.5246,37.4478,37.3759,37.309,37.2471,37.1903,37.1384,37.0916,37.0499,37.0131,36.9814,36.9546,36.9328,36.916,36.904,36.8968,36.8945,36.8968,36.9038,36.9154,36.9315,36.952,36.9768,37.0059,37.0391,37.0763,37.1175,37.1626,37.2113,37.2637,37.3195,37.3787,37.4412,37.5067,37.5753,37.6467,37.7209,37.7978,37.8771,37.9587,38.0427,38.1287,38.2167,38.3067,38.3983,38.4916,38.5864,38.6825,38.78,38.8786,38.9782,39.0788,39.1802,39.2823,39.385,39.4883,39.5919,39.6959,39.8001,39.9045,40.0089,40.1132,40.2174,40.3214,40.4252,40.5285,40.6314,40.7338,40.8357,40.9369,41.0373,41.137,41.2359,41.3338,41.4308,41.5268,41.6217,41.7155,41.8081,41.8995,41.9897,42.0785,42.166,42.2521,42.3367,42.4199,42.5016,42.5817,42.6602,42.7371,42.8123,42.8859,42.9577,43.0278,43.0961,43.1626,43.2273,43.2901,43.351,43.41,43.467,43.5221,43.5752,43.6263,43.6753,43.7223,43.7671,43.8099,43.8505,43.889,43.9253,43.9595,43.9914,44.0211,44.0485,44.0736,44.0965,44.117,44.1352,44.151,44.1645,44.1755,44.1842,44.1904,44.1941,44.1954,44.1941,44.1904,44.1841,44.1752,44.1638,44.1497,44.1331,44.1138,44.0918,44.0671,44.0397,44.0095,43.9766,43.9409,43.9024,43.8611,43.8169,43.7698,43.7198,43.6668,43.6109,43.552,43.4901,43.4251,43.3571,43.2859,43.2116,43.1342,43.0535,42.9696,42.8825,42.792,42.6982,42.6011,42.5006,42.3966,42.2891,42.1782,42.0637,41.9456,41.8239,41.6986,41.5695,41.4367,41.3002,41.1598,41.0155,40.8673,40.7152,40.559,40.3988,40.2345,40.0661,39.8935,39.7166,39.5354,39.3499,39.16,38.9656,38.7668,38.5633,38.3553,38.1426,37.9252,37.703,37.4759,37.244,37.0071,36.7652,36.5182,36.2661,36.0088,35.7462,35.4783,35.2051,34.9264,34.6422,34.3524,34.0571,33.756,33.4493,33.1367,32.8184,32.4941,32.1639,31.8276,31.4854,31.1371,30.7826,30.4221,30.0553,29.6823,29.3032,28.9178,28.5262,28.1285,27.7245,27.3144,26.8983,26.4761,26.0481,25.6142,25.1747,24.7297,24.2794,23.8241,23.364,22.8995,22.431,21.9588,21.4836,21.006,20.5266,20.0462,19.5657,19.0863,18.609,18.1353,17.6668,17.2051,16.7522,16.3103,15.882,15.4699,15.0769,14.7063,14.3615,14.046,13.7634,13.5174,13.3112,13.1481,13.0306,12.9609,12.9402,12.969,13.047,13.1731,13.3454,13.5614,13.8183,14.1127,14.4413,14.8005,15.187,15.5975,16.0289,16.4784,16.9433,17.4214,17.9104,18.4085,18.914,19.4255,19.9415,20.4611,20.9831,21.5067,22.0312,22.5559
42.1107,41.9083,41.7081,41.5103,41.3151,41.1224,40.9323,40.7451,40.5607,40.3792,40.2009,40.0256,39.8536,39.685,39.5198,39.3582,39.2002,39.0459,38.8955,38.749,38.6066,38.4683,38.3341,38.2043,38.0789,37.958,37.8416,37.7298,37.6228,37.5205,37.423,37.3305,37.2429,37.1602,37.0827,37.0102,36.9428,36.8805,36.8234,36.7715,36.7247,36.6831,36.6467,36.6154,36.5892,36.5681,36.5521,36.5411,36.535,36.5339,36.5376,36.5461,36.5593,36.5771,36.5994,36.6262,36.6573,36.6927,36.7322,36.7758,36.8232,36.8745,36.9295,36.988,37.0499,37.1152,37.1836,37.2551,37.3295,37.4068,37.4866,37.569,37.6538,37.7409,37.8301,37.9214,38.0145,38.1094,38.2059,38.3039,38.4033,38.5039,38.6057,38.7086,38.8124,38.9169,39.0222,39.1281,39.2345,39.3412,39.4483,39.5555,39.6629,39.7703,39.8776,39.9847,40.0916,40.1982,40.3043,40.41,40.5152,40.6197,40.7236,40.8267,40.929,41.0304,41.1308,41.2303,41.3287,41.426,41.5221,41.6171,41.7108,41.8031,41.8942,41.9838,42.072,42.1588,42.244,42.3277,42.4098,42.4902,42.569,42.6462,42.7215,42.7952,42.867,42.9371,43.0053,43.0716,43.1361,43.1986,43.2591,43.3177,43.3743,43.4289,43.4814,43.5319,43.5802,43.6265,43.6706,43.7126,43.7524,43.7899,43.8253,43.8584,43.8893,43.9179,43.9442,43.9682,43.9898,44.0091,44.026,44.0405,44.0525,44.0622,44.0694,44.0741,44.0763,44.076,44.0731,44.0677,44.0597,44.0491,44.0359,44.02,44.0014,43.9802,43.9563,43.9296,43.9002,43.868,43.8329,43.7951,43.7544,43.7108,43.6643,43.6149,43.5625,43.5072,43.4488,43.3874,43.3229,43.2554,43.1847,43.1108,43.0338,42.9535,42.87,42.7832,42.6931,42.5996,42.5028,42.4025,42.2988,42.1916,42.0809,41.9666,41.8487,41.7271,41.6019,41.4729,41.3402,41.2036,41.0633,40.919,40.7707,40.6185,40.4622,40.3019,40.1374,39.9688,39.7959,39.6187,39.4372,39.2513,39.061,38.8662,38.6668,38.4628,38.2542,38.0408,37.8227,37.5997,37.3718,37.139,36.9011,36.6582,36.4101,36.1568,35.8982,35.6343,35.365,35.0902,34.8098,34.5239,34.2323,33.935,33.6319,33.323,33.0081,32.6872,32.3604,32.0274,31.6882,31.3429,30.9912,30.6333,30.269,29.8983,29.5212,29.1377,28.7477,28.3511,27.9481,27.5386,27.1227,26.7003,26.2715,25.8364,25.3951,24.9477,24.4942,24.035,23.5702,23.1001,22.6249,22.1449,21.6607,21.1727,20.6814,20.1874,19.6917,19.1949,18.6983,18.2028,17.7098,17.221,16.7381,16.263,15.7981,15.3459,14.9094,14.4917,14.0964,13.7271,13.3879,13.083,12.8165,12.5924,12.4144,12.2858,12.209,12.1856,12.2162,12.3004,12.4368,12.6231,12.8563,13.1328,13.4488,13.8003,14.1833,14.5939,15.0285,15.4837,15.9565,16.4439,16.9437,17.4535,17.9715,18.4959,19.0252,19.5582,20.0938,20.631,21.1689,21.7069,22.2442
41.8154,41.6102,41.4073,41.2068,41.0088,40.8134,40.6207,40.4307,40.2436,40.0595,39.8785,39.7006,39.526,39.3548,39.1871,39.023,38.8626,38.7059,38.5532,38.4045,38.2598,38.1194,37.9832,37.8514,37.7241,37.6014,37.4833,37.3699,37.2614,37.1577,37.0589,36.9652,36.8766,36.793,36.7147,36.6415,36.5736,36.5109,36.4536,36.4015,36.3547,36.3133,36.2772,36.2463,36.2207,36.2003,36.1852,36.1752,36.1703,36.1704,36.1755,36.1855,36.2003,36.2199,36.2442,36.2729,36.3062,36.3438,36.3856,36.4316,36.4816,36.5355,36.5931,36.6544,36.7191,36.7873,36.8587,36.9332,37.0107,37.091,37.174,37.2596,37.3476,37.4379,37.5304,37.6249,37.7213,37.8195,37.9193,38.0206,38.1233,38.2273,38.3324,38.4385,38.5456,38.6534,38.7619,38.871,38.9805,39.0905,39.2006,39.311,39.4214,39.5318,39.6421,39.7522,39.8621,39.9715,40.0806,40.1891,40.297,40.4043,40.5109,40.6166,40.7215,40.8255,40.9285,41.0304,41.1313,41.231,41.3296,41.4268,41.5228,41.6175,41.7107,41.8026,41.8929,41.9817,42.069,42.1547,42.2388,42.3212,42.402,42.481,42.5582,42.6337,42.7073,42.7791,42.849,42.917,42.9831,43.0472,43.1094,43.1695,43.2276,43.2837,43.3377,43.3896,43.4394,43.487,43.5325,43.5758,43.6168,43.6557,43.6923,43.7267,43.7588,43.7885,43.816,43.8411,43.8639,43.8842,43.9022,43.9177,43.9308,43.9415,43.9496,43.9553,43.9585,43.9591,43.9571,43.9526,43.9455,43.9357,43.9233,43.9083,43.8905,43.8701,43.8469,43.821,43.7923,43.7608,43.7264,43.6893,43.6492,43.6063,43.5604,43.5116,43.4598,43.4051,43.3472,43.2864,43.2224,43.1553,43.0851,43.0117,42.9352,42.8553,42.7722,42.6858,42.5961,42.503,42.4065,42.3065,42.2031,42.0962,41.9857,41.8716,41.7539,41.6326,41.5075,41.3787,41.2461,41.1096,40.9693,40.825,40.6768,40.5245,40.3682,40.2078,40.0432,39.8744,39.7013,39.5239,39.3422,39.156,38.9653,38.7701,38.5703,38.3659,38.1567,37.9428,37.724,37.5003,37.2717,37.0381,36.7994,36.5555,36.3064,36.052,35.7923,35.5272,35.2565,34.9804,34.6986,34.4111,34.1178,33.8187,33.5137,33.2027,32.8857,32.5625,32.2332,31.8976,31.5558,31.2075,30.8528,30.4916,30.1238,29.7495,29.3685,28.9808,28.5863,28.1852,27.7772,27.3624,26.9408,26.5125,26.0774,25.6356,25.1871,24.7321,24.2706,23.8027,23.3287,22.8488,22.3632,21.8721,21.3761,20.8754,20.3706,19.8624,19.3513,18.8383,18.3243,17.8104,17.2979,16.7884,16.2836,15.7856,15.2966,14.8194,14.3569,13.9127,13.4905,13.0945,12.7293,12.3994,12.1099,11.8655,11.6706,11.5292,11.4443,11.4179,11.4507,11.5421,11.6905,11.8929,12.1456,12.4443,12.7845,13.1614,13.5705,14.0073,14.4678,14.9484,15.4457,15.9568,16.4791,17.0103,17.5486,18.0922,18.6397,19.1897,19.7414,20.2936,20.8457,21.397,21.9469
41.5199,41.3119,41.1062,40.9029,40.7021,40.5039,40.3083,40.1156,39.9257,39.7388,39.5551,39.3745,39.1972,39.0234,38.8531,38.6864,38.5234,38.3643,38.2091,38.058,37.9111,37.7684,37.6301,37.4963,37.367,37.2424,37.1225,37.0075,36.8974,36.7922,36.6921,36.5972,36.5074,36.4229,36.3437,36.2698,36.2013,36.1383,36.0806,36.0284,35.9816,35.9403,35.9045,35.8741,35.8491,35.8294,35.8152,35.8062,35.8024,35.8038,35.8104,35.822,35.8385,35.8599,35.8861,35.917,35.9524,35.9923,36.0365,36.085,36.1376,36.1941,36.2545,36.3186,36.3863,36.4574,36.5319,36.6095,36.6901,36.7736,36.8599,36.9488,37.0401,37.1337,37.2296,37.3274,37.4272,37.5288,37.632,37.7367,37.8427,37.9501,38.0586,38.168,38.2784,38.3896,38.5014,38.6137,38.7265,38.8397,38.953,39.0665,39.1801,39.2936,39.4069,39.5201,39.6329,39.7453,39.8572,39.9686,40.0794,40.1894,40.2987,40.4072,40.5147,40.6213,40.7269,40.8314,40.9347,41.0369,41.1378,41.2374,41.3357,41.4327,41.5282,41.6222,41.7147,41.8057,41.895,41.9828,42.0688,42.1532,42.2359,42.3168,42.3959,42.4732,42.5486,42.6221,42.6938,42.7635,42.8312,42.8969,42.9607,43.0224,43.082,43.1396,43.1951,43.2484,43.2996,43.3486,43.3955,43.4401,43.4825,43.5227,43.5606,43.5961,43.6294,43.6604,43.689,43.7153,43.7391,43.7606,43.7796,43.7962,43.8104,43.8221,43.8312,43.8379,43.842,43.8435,43.8425,43.8389,43.8326,43.8237,43.8122,43.798,43.781,43.7614,43.739,43.7138,43.6858,43.6551,43.6214,43.585,43.5456,43.5033,43.4581,43.4099,43.3587,43.3046,43.2473,43.187,43.1236,43.0571,42.9874,42.9145,42.8384,42.759,42.6763,42.5904,42.501,42.4083,42.3122,42.2126,42.1095,42.0029,41.8927,41.7789,41.6615,41.5403,41.4154,41.2868,41.1544,41.018,40.8778,40.7336,40.5855,40.4333,40.2769,40.1165,39.9518,39.783,39.6098,39.4322,39.2503,39.0639,38.8729,38.6774,38.4773,38.2724,38.0629,37.8484,37.6291,37.4049,37.1757,36.9413,36.7019,36.4572,36.2072,35.9519,35.6912,35.425,35.1532,34.8757,34.5926,34.3037,34.0089,33.7082,33.4014,33.0886,32.7696,32.4444,32.1128,31.7749,31.4304,31.0795,30.7219,30.3577,29.9867,29.6089,29.2243,28.8327,28.4342,28.0286,27.6159,27.1962,26.7694,26.3354,25.8943,25.4461,24.9908,24.5285,24.0593,23.5832,23.1004,22.611,22.1153,21.6135,21.106,20.593,20.0751,19.5527,19.0266,18.4974,17.9662,17.4338,16.9017,16.3712,15.844,15.3223,14.8083,14.3049,13.815,13.3425,12.8913,12.4661,12.072,11.7143,11.3988,11.1312,10.9169,10.7607,10.6664,10.6365,10.672,10.772,10.9344,11.1554,11.4306,11.7546,12.1219,12.527,12.9646,13.4298,13.9182,14.4256,14.9487,15.4843,16.0299,16.5831,17.142,17.705,18.2707,18.8378,19.4053,19.9725,20.5385,21.1028,21.6649
41.2241,41.0133,40.8047,40.5985,40.3948,40.1937,39.9953,39.7997,39.607,39.4173,39.2307,39.0473,38.8673,38.6907,38.5176,38.3483,38.1827,38.021,37.8633,37.7098,37.5605,37.4155,37.275,37.139,37.0076,36.8811,36.7593,36.6425,36.5307,36.4241,36.3226,36.2263,36.1354,36.0498,35.9697,35.8951,35.826,35.7624,35.7045,35.6521,35.6053,35.5642,35.5286,35.4986,35.4742,35.4553,35.4419,35.434,35.4314,35.4342,35.4422,35.4554,35.4737,35.497,35.5252,35.5582,35.5959,35.6381,35.6848,35.7359,35.7911,35.8504,35.9137,35.9807,36.0514,36.1256,36.2032,36.284,36.3679,36.4547,36.5443,36.6365,36.7312,36.8283,36.9275,37.0289,37.1321,37.2371,37.3438,37.452,37.5615,37.6723,37.7842,37.8972,38.0109,38.1255,38.2406,38.3563,38.4724,38.5889,38.7055,38.8222,38.9389,39.0556,39.172,39.2882,39.4041,39.5195,39.6343,39.7486,39.8622,39.9751,40.0872,40.1983,40.3086,40.4178,40.526,40.633,40.7389,40.8435,40.9469,41.0489,41.1495,41.2488,41.3465,41.4427,41.5374,41.6305,41.722,41.8118,41.8999,41.9863,42.0709,42.1536,42.2346,42.3137,42.3909,42.4663,42.5396,42.611,42.6804,42.7478,42.8131,42.8764,42.9376,42.9967,43.0536,43.1084,43.161,43.2115,43.2597,43.3056,43.3494,43.3908,43.43,43.4668,43.5013,43.5335,43.5633,43.5907,43.6157,43.6382,43.6584,43.676,43.6912,43.7039,43.7141,43.7217,43.7268,43.7293,43.7292,43.7264,43.7211,43.7131,43.7024,43.689,43.6729,43.6541,43.6325,43.6081,43.5809,43.5508,43.5179,43.4822,43.4435,43.4019,43.3573,43.3098,43.2593,43.2057,43.149,43.0893,43.0265,42.9605,42.8913,42.819,42.7434,42.6645,42.5823,42.4968,42.4079,42.3156,42.2199,42.1207,42.018,41.9117,41.8018,41.6883,41.5712,41.4503,41.3257,41.1973,41.0651,40.9289,40.7889,40.6449,40.4968,40.3447,40.1884,40.028,39.8634,39.6945,39.5212,39.3436,39.1616,38.975,38.7839,38.5882,38.3878,38.1826,37.9727,37.7579,37.5382,37.3135,37.0837,36.8488,36.6087,36.3633,36.1126,35.8565,35.5949,35.3277,35.0549,34.7764,34.492,34.2018,33.9057,33.6035,33.2952,32.9807,32.6599,32.3328,31.9992,31.6591,31.3124,30.959,30.5988,30.2318,29.8579,29.4769,29.0889,28.6937,28.2914,27.8817,27.4647,27.0404,26.6086,26.1694,25.7227,25.2685,24.8068,24.3376,23.8611,23.3771,22.886,22.3876,21.8823,21.3702,20.8515,20.3267,19.796,19.2599,18.719,18.174,17.6257,17.0751,16.5232,15.9716,15.4219,14.876,14.3363,13.8055,13.2868,12.7841,12.3018,11.8447,11.4187,11.0299,10.6849,10.3907,10.1538,9.98028,9.87498,9.84108,9.87976,9.99004,10.169,10.4119,10.7129,11.0657,11.4636,11.8999,12.3688,12.8647,13.3826,13.9184,14.4684,15.0294,15.5987,16.1742,16.754,17.3364,17.9201,18.504,19.0872,19.669,20.2486,20.8256,21.3995
40.9283,40.7145,40.503,40.2938,40.0872,39.8831,39.6817,39.4831,39.2875,39.0948,38.9053,38.719,38.5361,38.3567,38.1808,38.0087,37.8404,37.6761,37.5158,37.3597,37.2079,37.0605,36.9177,36.7794,36.6459,36.5173,36.3936,36.275,36.1614,36.0531,35.9502,35.8526,35.7604,35.6738,35.5927,35.5173,35.4475,35.3834,35.3251,35.2725,35.2257,35.1847,35.1494,35.1198,35.096,35.0779,35.0654,35.0585,35.0572,35.0613,35.0709,35.0857,35.1058,35.1311,35.1614,35.1966,35.2366,35.2813,35.3305,35.3842,35.4422,35.5044,35.5706,35.6407,35.7145,35.7918,35.8726,35.9567,36.0439,36.1341,36.2271,36.3228,36.421,36.5216,36.6244,36.7293,36.8361,36.9447,37.0549,37.1666,37.2797,37.3941,37.5095,37.6259,37.7432,37.8612,37.9798,38.0989,38.2184,38.3381,38.4581,38.5781,38.698,38.8179,38.9375,39.0568,39.1757,39.2941,39.412,39.5292,39.6457,39.7614,39.8763,39.9902,40.1032,40.2151,40.3259,40.4355,40.5439,40.651,40.7568,40.8613,40.9643,41.0658,41.1658,41.2643,41.3612,41.4564,41.55,41.6418,41.732,41.8203,41.9069,41.9916,42.0744,42.1554,42.2344,42.3115,42.3866,42.4597,42.5308,42.5998,42.6667,42.7316,42.7943,42.8549,42.9133,42.9696,43.0236,43.0755,43.1251,43.1724,43.2174,43.2602,43.3006,43.3387,43.3744,43.4078,43.4387,43.4673,43.4934,43.5171,43.5383,43.5571,43.5733,43.587,43.5982,43.6068,43.6129,43.6163,43.6172,43.6154,43.6109,43.6038,43.594,43.5815,43.5662,43.5482,43.5274,43.5038,43.4773,43.4481,43.4159,43.3809,43.3429,43.302,43.2581,43.2113,43.1614,43.1084,43.0524,42.9933,42.9311,42.8657,42.7971,42.7252,42.6502,42.5718,42.4901,42.4051,42.3167,42.2249,42.1296,42.0308,41.9285,41.8226,41.7131,41.6,41.4832,41.3626,41.2383,41.1102,40.9782,40.8423,40.7025,40.5586,40.4108,40.2588,40.1027,39.9424,39.7778,39.609,39.4357,39.2581,39.076,38.8894,38.6982,38.5023,38.3017,38.0964,37.8862,37.6712,37.4511,37.226,36.9958,36.7605,36.5198,36.2739,36.0226,35.7658,35.5034,35.2354,34.9617,34.6823,34.3969,34.1056,33.8083,33.5048,33.1951,32.8792,32.5568,32.228,31.8926,31.5505,31.2018,30.8462,30.4836,30.1141,29.7375,29.3536,28.9625,28.5641,28.1582,27.7448,27.3239,26.8953,26.4589,26.0148,25.5629,25.1031,24.6355,24.1599,23.6765,23.1852,22.6862,22.1794,21.6649,21.143,20.6138,20.0776,19.5347,18.9854,18.4303,17.8699,17.305,16.7363,16.165,15.5924,15.02,14.4497,13.8836,13.3246,12.7759,12.2414,11.7256,11.234,10.7728,10.349,9.97049,9.64543,9.38209,9.18808,9.06966,9.03103,9.07371,9.19639,9.39509,9.66377,9.99499,10.3807,10.8129,11.2839,11.7868,12.3156,12.8649,13.4303,14.0081,14.595,15.1885,15.7864,16.3868,16.9884,17.5899,18.1903,18.7888,19.3847,19.9774,20.5665,21.1518
40.6323,40.4155,40.201,39.9888,39.7791,39.572,39.3675,39.1659,38.9672,38.7715,38.579,38.3897,38.2038,38.0215,37.8427,37.6677,37.4966,37.3295,37.1665,37.0078,36.8534,36.7035,36.5582,36.4176,36.2819,36.1511,36.0254,35.9048,35.7894,35.6794,35.5749,35.4758,35.3824,35.2946,35.2125,35.1362,35.0658,35.0011,34.9424,34.8896,34.8427,34.8018,34.7668,34.7377,34.7145,34.6971,34.6856,34.6798,34.6797,34.6852,34.6963,34.7129,34.7349,34.7621,34.7945,34.832,34.8744,34.9217,34.9736,35.03,35.0909,35.156,35.2252,35.2984,35.3754,35.456,35.5402,35.6276,35.7183,35.812,35.9085,36.0078,36.1096,36.2137,36.3202,36.4287,36.5391,36.6514,36.7652,36.8806,36.9973,37.1153,37.2343,37.3543,37.4752,37.5967,37.7188,37.8414,37.9643,38.0875,38.2108,38.3341,38.4573,38.5804,38.7033,38.8257,38.9477,39.0692,39.1901,39.3103,39.4298,39.5484,39.6661,39.7828,39.8985,40.0131,40.1266,40.2388,40.3498,40.4594,40.5677,40.6745,40.7799,40.8838,40.9861,41.0868,41.1859,41.2833,41.379,41.4729,41.5651,41.6555,41.744,41.8306,41.9153,41.9981,42.079,42.1578,42.2347,42.3095,42.3823,42.4529,42.5215,42.5879,42.6522,42.7143,42.7742,42.8319,42.8874,42.9407,42.9916,43.0403,43.0867,43.1307,43.1724,43.2118,43.2487,43.2833,43.3155,43.3452,43.3725,43.3973,43.4196,43.4394,43.4567,43.4715,43.4837,43.4933,43.5003,43.5047,43.5065,43.5057,43.5021,43.4959,43.487,43.4753,43.4609,43.4437,43.4237,43.4009,43.3753,43.3468,43.3154,43.2811,43.2438,43.2037,43.1605,43.1143,43.0651,43.0128,42.9574,42.899,42.8373,42.7725,42.7045,42.6333,42.5588,42.481,42.3998,42.3153,42.2274,42.1361,42.0412,41.9429,41.8411,41.7356,41.6265,41.5138,41.3974,41.2772,41.1532,41.0254,40.8938,40.7582,40.6186,40.475,40.3274,40.1756,40.0197,39.8596,39.6951,39.5264,39.3533,39.1757,38.9937,38.807,38.6158,38.4199,38.2193,38.0138,37.8035,37.5882,37.3679,37.1426,36.9121,36.6764,36.4354,36.189,35.9371,35.6798,35.4168,35.1482,34.8738,34.5935,34.3073,34.015,33.7167,33.4121,33.1012,32.784,32.4603,32.13,31.793,31.4493,31.0987,30.7411,30.3765,30.0047,29.6256,29.2392,28.8454,28.444,28.035,27.6182,27.1936,26.7611,26.3207,25.8721,25.4154,24.9505,24.4774,23.996,23.5062,23.0082,22.5018,21.9871,21.4641,20.9331,20.394,19.8471,19.2925,18.7307,18.162,17.5868,17.0059,16.4198,15.8296,15.2363,14.6414,14.0466,13.4541,12.8663,12.2866,11.7187,11.1674,10.6384,10.1385,9.67561,9.25874,8.89783,8.60314,8.3845,8.2502,8.20587,8.25356,8.39145,8.61412,8.9135,9.27997,9.70344,10.1742,10.6834,11.2232,11.787,12.3692,12.9653,13.5715,14.1846,14.8022,15.4223,16.0432,16.6635,17.2823,17.8986,18.5117,19.121,19.7262,20.3269,20.9228
40.3363,40.1164,39.8988,39.6835,39.4706,39.2604,39.0528,38.8481,38.6462,38.4474,38.2518,38.0594,37.8704,37.685,37.5033,37.3253,37.1513,36.9813,36.8155,36.6539,36.4969,36.3444,36.1965,36.0535,35.9154,35.7824,35.6545,35.5319,35.4147,35.3029,35.1967,35.0961,35.0013,34.9123,34.8291,34.7519,34.6807,34.6155,34.5563,34.5033,34.4563,34.4155,34.3807,34.352,34.3294,34.3128,34.3022,34.2976,34.2988,34.3058,34.3185,34.3369,34.3607,34.3901,34.4247,34.4645,34.5094,34.5592,34.6139,34.6731,34.7369,34.8051,34.8775,34.9539,35.0342,35.1182,35.2057,35.2967,35.3909,35.4882,35.5884,35.6913,35.7968,35.9047,36.0148,36.1271,36.2413,36.3572,36.4749,36.594,36.7144,36.8361,36.9588,37.0825,37.2069,37.3321,37.4577,37.5839,37.7103,37.8369,37.9637,38.0904,38.217,38.3434,38.4694,38.5951,38.7203,38.8449,38.9689,39.0921,39.2145,39.3361,39.4566,39.5762,39.6947,39.812,39.9281,40.043,40.1565,40.2687,40.3795,40.4888,40.5966,40.7028,40.8074,40.9104,41.0117,41.1113,41.2091,41.3051,41.3993,41.4917,41.5822,41.6708,41.7574,41.842,41.9247,42.0054,42.0839,42.1605,42.2349,42.3072,42.3774,42.4454,42.5113,42.5749,42.6363,42.6955,42.7524,42.8071,42.8594,42.9095,42.9572,43.0025,43.0455,43.0861,43.1243,43.1601,43.1934,43.2243,43.2527,43.2787,43.3021,43.323,43.3414,43.3572,43.3704,43.381,43.3891,43.3945,43.3972,43.3973,43.3947,43.3894,43.3813,43.3705,43.357,43.3406,43.3215,43.2995,43.2746,43.2469,43.2163,43.1828,43.1463,43.1068,43.0644,43.0189,42.9704,42.9188,42.8641,42.8063,42.7453,42.6811,42.6137,42.5431,42.4692,42.3919,42.3114,42.2274,42.14,42.0492,41.9549,41.8571,41.7557,41.6507,41.5421,41.4298,41.3138,41.194,41.0705,40.9431,40.8117,40.6765,40.5373,40.394,40.2466,40.0951,39.9395,39.7796,39.6153,39.4468,39.2738,39.0964,38.9145,38.728,38.5368,38.3409,38.1403,37.9348,37.7244,37.5091,37.2887,37.0632,36.8325,36.5965,36.3553,36.1086,35.8564,35.5986,35.3352,35.066,34.791,34.5101,34.2232,33.9302,33.631,33.3255,33.0137,32.6953,32.3704,32.0389,31.7006,31.3554,31.0032,30.6439,30.2775,29.9037,29.5226,29.1339,28.7377,28.3337,27.9218,27.5021,27.0743,26.6383,26.1941,25.7416,25.2806,24.8111,24.333,23.8463,23.3508,22.8465,22.3334,21.8115,21.2807,20.7412,20.193,19.6361,19.0708,18.4973,17.9158,17.3267,16.7305,16.1278,15.5193,14.9061,14.2894,13.6706,13.0517,12.435,11.8237,11.2213,10.6328,10.0638,9.52159,9.01494,8.55421,8.15129,7.81906,7.57036,7.41641,7.36504,7.41914,7.57605,7.82818,8.16451,8.57241,9.03921,9.5532,10.1042,10.6835,11.2842,11.9005,12.5279,13.1626,13.8018,14.4432,15.0849,15.7256,16.364,16.9992,17.6306,18.2575,18.8796,19.4965,20.1079,20.7137
40.0404,39.8173,39.5964,39.3779,39.1619,38.9484,38.7376,38.5296,38.3245,38.1225,37.9236,37.7281,37.5359,37.3474,37.1625,36.9815,36.8044,36.6314,36.4627,36.2983,36.1384,35.9832,35.8327,35.6871,35.5466,35.4112,35.2811,35.1563,35.0371,34.9234,34.8155,34.7133,34.617,34.5267,34.4424,34.3643,34.2922,34.2264,34.1668,34.1134,34.0663,34.0256,33.991,33.9628,33.9408,33.925,33.9154,33.9119,33.9144,33.9229,33.9373,33.9575,33.9833,34.0148,34.0517,34.094,34.1414,34.1939,34.2514,34.3136,34.3805,34.4518,34.5274,34.6071,34.6908,34.7783,34.8694,34.964,35.0618,35.1628,35.2667,35.3734,35.4827,35.5944,35.7084,35.8245,35.9425,36.0623,36.1838,36.3067,36.431,36.5564,36.6829,36.8103,36.9385,37.0673,37.1967,37.3264,37.4564,37.5866,37.7168,37.847,37.977,38.1067,38.2361,38.365,38.4934,38.6212,38.7483,38.8746,39.0,39.1245,39.248,39.3704,39.4917,39.6118,39.7306,39.8481,39.9643,40.079,40.1923,40.304,40.4142,40.5228,40.6297,40.735,40.8385,40.9403,41.0403,41.1384,41.2347,41.3291,41.4215,41.5121,41.6006,41.6871,41.7716,41.854,41.9344,42.0126,42.0887,42.1627,42.2345,42.3041,42.3715,42.4367,42.4996,42.5603,42.6186,42.6747,42.7284,42.7798,42.8289,42.8755,42.9198,42.9617,43.0011,43.0381,43.0726,43.1047,43.1343,43.1614,43.1859,43.2079,43.2273,43.2442,43.2585,43.2701,43.2791,43.2855,43.2892,43.2903,43.2886,43.2842,43.277,43.2671,43.2545,43.239,43.2207,43.1995,43.1755,43.1486,43.1188,43.086,43.0503,43.0116,42.9699,42.9251,42.8773,42.8264,42.7724,42.7153,42.6549,42.5914,42.5247,42.4547,42.3814,42.3047,42.2248,42.1414,42.0546,41.9643,41.8706,41.7733,41.6724,41.5679,41.4598,41.348,41.2325,41.1132,40.99,40.863,40.7321,40.5973,40.4584,40.3155,40.1685,40.0174,39.862,39.7024,39.5385,39.3702,39.1974,39.0202,38.8385,38.6522,38.4611,38.2654,38.0649,37.8595,37.6491,37.4338,37.2134,36.9878,36.7571,36.521,36.2795,36.0327,35.7802,35.5222,35.2584,34.9889,34.7135,34.4321,34.1446,33.8511,33.5512,33.245,32.9324,32.6132,32.2874,31.9548,31.6153,31.2689,30.9154,30.5548,30.1868,29.8114,29.4284,29.0379,28.6395,28.2333,27.819,27.3967,26.966,26.5271,26.0796,25.6236,25.1588,24.6853,24.2028,23.7112,23.2106,22.7008,22.1817,21.6533,21.1155,20.5684,20.0118,19.4459,18.8708,18.2865,17.6932,17.0912,16.4809,15.8626,15.237,14.6049,13.9672,13.3253,12.6807,12.0355,11.3926,10.7553,10.1282,9.51705,8.9292,8.37404,7.86327,7.41095,7.03324,6.74714,6.56829,6.50798,6.57044,6.75168,7.04065,7.42192,7.87871,8.39508,8.95712,9.55333,10.1745,10.8134,11.4643,12.1229,12.7858,13.4505,14.1148,14.7773,15.4367,16.0921,16.7428,17.3882,18.028,18.6618,19.2894,19.9107,20.5255
39.7445,39.5181,39.294,39.0723,38.8529,38.6361,38.422,38.2106,38.0022,37.7969,37.5947,37.3958,37.2004,37.0086,36.8205,36.6362,36.456,36.2799,36.1081,35.9407,35.778,35.6199,35.4667,35.3184,35.1753,35.0374,34.905,34.778,34.6566,34.541,34.4312,34.3274,34.2296,34.1379,34.0524,33.9732,33.9003,33.8337,33.7736,33.7199,33.6727,33.632,33.5977,33.5699,33.5485,33.5336,33.5249,33.5226,33.5265,33.5365,33.5526,33.5747,33.6026,33.6363,33.6756,33.7203,33.7704,33.8257,33.8861,33.9514,34.0214,34.0959,34.1749,34.258,34.3452,34.4363,34.5311,34.6294,34.731,34.8358,34.9436,35.0541,35.1673,35.283,35.4009,35.5209,35.6429,35.7667,35.8921,36.0189,36.1471,36.2764,36.4068,36.538,36.67,36.8025,36.9356,37.069,37.2027,37.3364,37.4702,37.6039,37.7373,37.8705,38.0032,38.1355,38.2671,38.3981,38.5284,38.6577,38.7862,38.9137,39.0401,39.1654,39.2895,39.4124,39.534,39.6542,39.773,39.8903,40.0061,40.1203,40.2329,40.3439,40.4532,40.5607,40.6665,40.7705,40.8726,40.9728,41.0712,41.1676,41.2621,41.3545,41.4449,41.5333,41.6197,41.7039,41.786,41.866,41.9438,42.0194,42.0928,42.164,42.233,42.2997,42.3641,42.4263,42.4861,42.5435,42.5987,42.6514,42.7018,42.7498,42.7954,42.8385,42.8792,42.9174,42.9531,42.9864,43.0171,43.0453,43.071,43.0941,43.1146,43.1325,43.1478,43.1605,43.1705,43.1779,43.1826,43.1846,43.1838,43.1804,43.1741,43.1651,43.1534,43.1387,43.1213,43.101,43.0778,43.0517,43.0227,42.9907,42.9558,42.9178,42.8769,42.8329,42.7858,42.7356,42.6824,42.6259,42.5663,42.5034,42.4373,42.368,42.2953,42.2193,42.14,42.0572,41.971,41.8814,41.7882,41.6915,41.5912,41.4872,41.3797,41.2684,41.1533,41.0345,40.9119,40.7854,40.6549,40.5205,40.3821,40.2396,40.093,39.9423,39.7873,39.628,39.4645,39.2965,39.1241,38.9472,38.7657,38.5796,38.3888,38.1933,37.993,37.7877,37.5775,37.3623,37.142,36.9165,36.6858,36.4497,36.2082,35.9613,35.7088,35.4506,35.1867,34.9169,34.6412,34.3595,34.0717,33.7777,33.4774,33.1707,32.8575,32.5377,32.2111,31.8777,31.5374,31.19,30.8355,30.4737,30.1045,29.7277,29.3433,28.9511,28.551,28.1429,27.7267,27.3021,26.8691,26.4276,25.9774,25.5183,25.0504,24.5733,24.087,23.5914,23.0863,22.5717,22.0473,21.5132,20.9693,20.4153,19.8514,19.2775,18.6936,18.0996,17.4958,16.8822,16.259,15.6265,14.9852,14.3356,13.6784,13.0147,12.3457,11.6732,10.9995,10.3276,9.66156,9.00681,8.37053,7.76235,7.19491,6.68449,6.25114,5.91757,5.70619,5.6341,5.70783,5.92108,6.25702,6.69346,7.20789,7.7805,8.39517,9.03944,9.70383,10.3813,11.0666,11.7557,12.4458,13.1346,13.8206,14.5024,15.1791,15.8502,16.515,17.1732,17.8246,18.4689,19.1062,19.7363,20.3592
39.4487,39.2191,38.9916,38.7664,38.5437,38.3235,38.1059,37.8912,37.6793,37.4705,37.2649,37.0626,36.8638,36.6686,36.4772,36.2896,36.1061,35.9268,35.7518,35.5814,35.4155,35.2545,35.0984,34.9474,34.8016,34.6611,34.5262,34.3969,34.2733,34.1556,34.0439,33.9383,33.8388,33.7457,33.6589,33.5786,33.5047,33.4375,33.3768,33.3228,33.2754,33.2347,33.2006,33.1733,33.1525,33.1383,33.1307,33.1296,33.1349,33.1465,33.1644,33.1884,33.2185,33.2544,33.2961,33.3435,33.3964,33.4546,33.5179,33.5863,33.6596,33.7375,33.8199,33.9066,33.9975,34.0923,34.1909,34.293,34.3985,34.5072,34.619,34.7335,34.8507,34.9704,35.0924,35.2165,35.3425,35.4703,35.5997,35.7306,35.8627,35.9961,36.1303,36.2655,36.4013,36.5378,36.6746,36.8118,36.9491,37.0866,37.224,37.3612,37.4982,37.6348,37.771,37.9066,38.0415,38.1757,38.3092,38.4417,38.5732,38.7037,38.8331,38.9614,39.0884,39.214,39.3383,39.4612,39.5827,39.7026,39.8209,39.9377,40.0527,40.1661,40.2777,40.3876,40.4956,40.6018,40.7061,40.8084,40.9089,41.0073,41.1038,41.1982,41.2905,41.3808,41.4689,41.555,41.6389,41.7206,41.8001,41.8774,41.9524,42.0252,42.0957,42.164,42.2299,42.2935,42.3547,42.4136,42.4702,42.5243,42.576,42.6253,42.6722,42.7166,42.7585,42.798,42.8349,42.8693,42.9012,42.9306,42.9573,42.9815,43.0031,43.0221,43.0385,43.0522,43.0632,43.0716,43.0773,43.0802,43.0805,43.0779,43.0726,43.0645,43.0536,43.0399,43.0233,43.0039,42.9815,42.9563,42.9281,42.8969,42.8628,42.8256,42.7855,42.7422,42.6959,42.6465,42.5939,42.5382,42.4793,42.4171,42.3517,42.2831,42.2111,42.1358,42.0571,41.9749,41.8894,41.8003,41.7078,41.6117,41.512,41.4086,41.3016,41.1909,41.0764,40.9582,40.8361,40.7101,40.5801,40.4462,40.3083,40.1663,40.0202,39.8699,39.7153,39.5565,39.3933,39.2258,39.0537,38.8772,38.6961,38.5103,38.3199,38.1246,37.9246,37.7196,37.5097,37.2947,37.0746,36.8492,36.6187,36.3827,36.1413,35.8945,35.642,35.3838,35.1198,34.85,34.5743,34.2924,34.0044,33.7102,33.4096,33.1026,32.789,32.4687,32.1417,31.8078,31.4668,31.1188,30.7634,30.4008,30.0306,29.6528,29.2673,28.8739,28.4724,28.0628,27.645,27.2186,26.7837,26.3401,25.8876,25.4261,24.9555,24.4755,23.9861,23.487,22.9782,22.4595,21.9307,21.3918,20.8426,20.2829,19.7127,19.1319,18.5403,17.938,17.325,16.7011,16.0667,15.4216,14.7663,14.101,13.4263,12.7428,12.0514,11.3534,10.6507,9.94564,9.2416,8.54323,7.85708,7.19232,6.56185,5.98362,5.48178,5.08663,4.83117,4.74275,4.83234,5.08924,5.48632,5.99083,6.5727,7.20797,7.87888,8.57272,9.28045,9.99568,10.7139,11.4318,12.1472,12.8583,13.5639,14.2632,14.9555,15.6404,16.3177,16.9872,17.6488,18.3024,18.948,19.5857,20.2156
39.1532,38.9201,38.6892,38.4606,38.2344,38.0106,37.7896,37.5713,37.3559,37.1436,36.9344,36.7286,36.5263,36.3276,36.1326,35.9417,35.7547,35.5721,35.3938,35.2201,35.0511,34.887,34.7279,34.5739,34.4253,34.2822,34.1447,34.0129,33.887,33.7671,33.6534,33.5459,33.4447,33.35,33.2619,33.1804,33.1056,33.0375,32.9762,32.9218,32.8742,32.8335,32.7997,32.7727,32.7526,32.7393,32.7327,32.7328,32.7396,32.7528,32.7725,32.7986,32.8308,32.8691,32.9134,32.9635,33.0192,33.0804,33.1469,33.2185,33.2951,33.3765,33.4625,33.5529,33.6475,33.7462,33.8486,33.9547,34.0643,34.177,34.2929,34.4116,34.5329,34.6567,34.7829,34.9111,35.0413,35.1733,35.3068,35.4418,35.578,35.7154,35.8537,35.9929,36.1327,36.273,36.4138,36.5548,36.6959,36.8371,36.9781,37.119,37.2595,37.3997,37.5393,37.6783,37.8166,37.9541,38.0908,38.2265,38.3611,38.4947,38.6271,38.7583,38.8881,39.0166,39.1437,39.2694,39.3935,39.516,39.6369,39.7561,39.8737,39.9894,40.1034,40.2156,40.3259,40.4343,40.5407,40.6452,40.7477,40.8482,40.9467,41.043,41.1373,41.2295,41.3195,41.4073,41.4929,41.5764,41.6576,41.7365,41.8132,41.8876,41.9597,42.0295,42.0969,42.162,42.2247,42.285,42.3429,42.3984,42.4515,42.5021,42.5503,42.5959,42.6391,42.6798,42.7179,42.7535,42.7866,42.8171,42.845,42.8703,42.893,42.913,42.9305,42.9452,42.9573,42.9667,42.9733,42.9773,42.9784,42.9769,42.9725,42.9653,42.9553,42.9425,42.9268,42.9082,42.8867,42.8623,42.8349,42.8046,42.7713,42.735,42.6956,42.6531,42.6076,42.5589,42.5071,42.4521,42.3939,42.3325,42.2679,42.1999,42.1286,42.054,41.976,41.8945,41.8096,41.7212,41.6293,41.5339,41.4348,41.3321,41.2257,41.1156,41.0017,40.884,40.7625,40.6371,40.5077,40.3744,40.237,40.0955,39.9499,39.8001,39.6461,39.4878,39.3251,39.158,38.9864,38.8103,38.6296,38.4443,38.2543,38.0594,37.8597,37.6551,37.4455,37.2309,37.011,36.786,36.5557,36.32,36.0789,35.8322,35.5799,35.3218,35.058,34.7883,34.5126,34.2308,33.9428,33.6485,33.3479,33.0407,32.7269,32.4065,32.0792,31.7449,31.4036,31.0551,30.6993,30.3361,29.9653,29.5868,29.2004,28.8061,28.4037,27.993,27.574,27.1463,26.71,26.2648,25.8106,25.3472,24.8744,24.3922,23.9003,23.3985,22.8867,22.3647,21.8324,21.2896,20.7361,20.1717,19.5963,19.0098,18.412,17.8027,17.182,16.5496,15.9056,15.25,14.5828,13.9041,13.2141,12.5134,11.8023,11.0818,10.3529,9.61755,8.87805,8.13801,7.40272,6.68002,5.98183,5.32622,4.7405,4.26386,3.94582,3.8333,3.94661,4.2657,4.74391,5.33196,5.99088,6.69358,7.42216,8.16488,8.91406,9.66455,10.4129,11.1568,11.8946,12.6253,13.348,14.0624,14.7681,15.4649,16.1528,16.8318,17.5019,18.1632,18.8158,19.4599,20.0956
38.858,38.6214,38.387,38.1548,37.925,37.6976,37.4729,37.251,37.032,36.816,36.6032,36.3937,36.1878,35.9854,35.7869,35.5924,35.4019,35.2158,35.0341,34.857,34.6847,34.5174,34.3551,34.1982,34.0466,33.9006,33.7604,33.626,33.4977,33.3755,33.2596,33.1502,33.0472,32.9509,32.8613,32.7785,32.7026,32.6337,32.5718,32.5169,32.4691,32.4284,32.3948,32.3682,32.3488,32.3363,32.3308,32.3322,32.3404,32.3554,32.377,32.4051,32.4396,32.4804,32.5273,32.5801,32.6388,32.7031,32.7728,32.8478,32.9279,33.013,33.1027,33.1969,33.2954,33.398,33.5045,33.6147,33.7283,33.8453,33.9653,34.0883,34.2139,34.342,34.4724,34.6049,34.7394,34.8756,35.0134,35.1526,35.293,35.4345,35.577,35.7202,35.864,36.0084,36.1531,36.298,36.443,36.5879,36.7327,36.8773,37.0214,37.1652,37.3083,37.4507,37.5924,37.7333,37.8732,38.0121,38.1499,38.2866,38.422,38.5562,38.6889,38.8203,38.9502,39.0786,39.2054,39.3305,39.454,39.5758,39.6958,39.814,39.9303,40.0448,40.1574,40.268,40.3766,40.4833,40.5879,40.6904,40.7909,40.8892,40.9854,41.0794,41.1712,41.2609,41.3483,41.4335,41.5164,41.597,41.6753,41.7513,41.8249,41.8963,41.9652,42.0317,42.0959,42.1576,42.217,42.2738,42.3282,42.3802,42.4296,42.4766,42.521,42.5629,42.6023,42.6391,42.6733,42.7049,42.734,42.7604,42.7842,42.8053,42.8238,42.8396,42.8527,42.863,42.8707,42.8756,42.8778,42.8771,42.8737,42.8675,42.8584,42.8465,42.8317,42.814,42.7934,42.7698,42.7433,42.7138,42.6813,42.6458,42.6072,42.5656,42.5208,42.4729,42.4219,42.3677,42.3103,42.2496,42.1857,42.1185,42.0479,41.974,41.8967,41.816,41.7318,41.6441,41.5528,41.4581,41.3597,41.2576,41.1519,41.0424,40.9292,40.8121,40.6912,40.5664,40.4377,40.305,40.1682,40.0273,39.8823,39.7331,39.5796,39.4218,39.2597,39.0931,38.9221,38.7465,38.5664,38.3815,38.192,37.9976,37.7984,37.5942,37.3851,37.1708,36.9515,36.7268,36.4969,36.2616,36.0208,35.7744,35.5224,35.2647,35.0011,34.7317,34.4562,34.1746,33.8868,33.5926,33.2921,32.985,32.6713,32.3509,32.0235,31.6892,31.3478,30.9991,30.6431,30.2796,29.9085,29.5296,29.1429,28.748,28.345,27.9337,27.5138,27.0853,26.648,26.2018,25.7463,25.2816,24.8074,24.3235,23.8298,23.326,22.8121,22.2877,21.7527,21.2069,20.6502,20.0822,19.5029,18.912,18.3093,17.6947,17.0679,16.4289,15.7774,15.1133,14.4365,13.7471,13.0449,12.33,11.6028,10.8634,10.1126,9.35133,8.58096,7.80379,7.02336,6.24528,5.47878,4.73938,4.05392,3.46865,3.05671,2.90504,3.05719,3.46987,4.05643,4.74395,5.48641,6.25719,7.04093,7.82861,8.61475,9.39596,10.1701,10.9359,11.6924,12.4391,13.1759,13.9025,14.6189,15.3253,16.0217,16.7082,17.385,18.0524,18.7105,19.3595,19.9996
38.5631,38.323,38.0849,37.8491,37.6156,37.3845,37.1561,36.9304,36.7077,36.4879,36.2713,36.0581,35.8484,35.6423,35.4401,35.2418,35.0477,34.858,34.6727,34.4921,34.3164,34.1457,33.9801,33.82,33.6654,33.5164,33.3733,33.2363,33.1054,32.9808,32.8626,32.7511,32.6462,32.5481,32.457,32.3729,32.2959,32.226,32.1634,32.108,32.06,32.0192,31.9858,31.9597,31.9408,31.9292,31.9248,31.9276,31.9373,31.954,31.9776,32.0079,32.0447,32.088,32.1377,32.1934,32.2551,32.3226,32.3957,32.4743,32.558,32.6467,32.7403,32.8384,32.941,33.0477,33.1583,33.2727,33.3907,33.512,33.6364,33.7637,33.8937,34.0262,34.161,34.2979,34.4367,34.5773,34.7194,34.863,35.0077,35.1535,35.3001,35.4475,35.5955,35.7439,35.8926,36.0415,36.1904,36.3392,36.4878,36.6361,36.784,36.9313,37.078,37.224,37.3691,37.5133,37.6565,37.7987,37.9397,38.0795,38.218,38.3551,38.4908,38.6251,38.7578,38.8889,39.0184,39.1462,39.2723,39.3966,39.5191,39.6397,39.7585,39.8753,39.9901,40.103,40.2138,40.3226,40.4293,40.5339,40.6363,40.7366,40.8347,40.9306,41.0243,41.1158,41.2049,41.2918,41.3764,41.4587,41.5387,41.6163,41.6915,41.7643,41.8348,41.9028,41.9684,42.0316,42.0923,42.1505,42.2063,42.2595,42.3103,42.3585,42.4042,42.4473,42.4879,42.5259,42.5613,42.594,42.6242,42.6517,42.6766,42.6988,42.7184,42.7352,42.7494,42.7608,42.7694,42.7753,42.7785,42.7788,42.7763,42.771,42.7629,42.7519,42.738,42.7212,42.7014,42.6788,42.6531,42.6245,42.5928,42.5581,42.5204,42.4796,42.4356,42.3886,42.3383,42.2849,42.2283,42.1684,42.1052,42.0388,41.969,41.8958,41.8192,41.7392,41.6558,41.5688,41.4783,41.3842,41.2865,41.1852,41.0801,40.9714,40.8588,40.7425,40.6222,40.4981,40.37,40.238,40.1018,39.9616,39.8172,39.6686,39.5158,39.3587,39.1971,39.0312,38.8608,38.6858,38.5062,38.322,38.133,37.9392,37.7406,37.537,37.3283,37.1146,36.8958,36.6717,36.4422,36.2074,35.9671,35.7212,35.4697,35.2124,34.9492,34.6802,34.4051,34.1239,33.8364,33.5426,33.2424,32.9356,32.6221,32.3019,31.9748,31.6407,31.2994,30.9509,30.5949,30.2315,29.8603,29.4814,29.0945,28.6996,28.2964,27.8847,27.4646,27.0357,26.5979,26.1511,25.695,25.2296,24.7545,24.2697,23.7748,23.2699,22.7545,22.2286,21.6919,21.1442,20.5853,20.015,19.433,18.8391,18.233,17.6147,16.9837,16.3399,15.6831,15.0129,14.3293,13.632,12.9209,12.1957,11.4564,10.703,9.93558,9.15439,8.35994,7.55319,6.73578,5.91058,5.08275,4.26204,3.46805,2.7433,2.18265,1.95725,2.18289,2.74407,3.46989,4.26575,5.08935,5.92128,6.75201,7.57654,8.39215,9.19734,9.9913,10.7736,11.5442,12.3029,13.05,13.7856,14.5098,15.2231,15.9255,16.6174,17.2991,17.9707,18.6326,19.2851,19.9284
38.2687,38.0249,37.7831,37.5435,37.3063,37.0714,36.8392,36.6096,36.383,36.1593,35.9389,35.7218,35.5082,35.2982,35.0921,34.89,34.6921,34.4986,34.3096,34.1254,33.9461,33.7719,33.6029,33.4394,33.2816,33.1295,32.9835,32.8435,32.7099,32.5828,32.4623,32.3485,32.2416,32.1417,32.049,31.9634,31.8852,31.8144,31.751,31.6951,31.6467,31.6059,31.5726,31.5469,31.5287,31.518,31.5148,31.5188,31.5302,31.5487,31.5743,31.6068,31.6461,31.6921,31.7445,31.8033,31.8682,31.939,32.0156,32.0977,32.1852,32.2779,32.3754,32.4776,32.5843,32.6953,32.8102,32.929,33.0514,33.1771,33.306,33.4378,33.5723,33.7093,33.8487,33.9901,34.1334,34.2785,34.4251,34.573,34.7222,34.8723,35.0233,35.1749,35.3271,35.4797,35.6325,35.7854,35.9383,36.0911,36.2436,36.3956,36.5472,36.6982,36.8485,36.998,37.1466,37.2943,37.4408,37.5863,37.7305,37.8734,38.015,38.1552,38.2939,38.431,38.5666,38.7005,38.8327,38.9632,39.0918,39.2187,39.3437,39.4667,39.5879,39.707,39.8242,39.9392,40.0523,40.1632,40.272,40.3786,40.4831,40.5853,40.6854,40.7832,40.8787,40.9719,41.0629,41.1515,41.2378,41.3218,41.4033,41.4825,41.5593,41.6337,41.7056,41.7752,41.8422,41.9068,41.9689,42.0285,42.0856,42.1402,42.1922,42.2417,42.2887,42.333,42.3748,42.414,42.4505,42.4845,42.5158,42.5444,42.5704,42.5937,42.6143,42.6322,42.6474,42.6598,42.6695,42.6764,42.6805,42.6818,42.6803,42.676,42.6688,42.6587,42.6457,42.6298,42.6109,42.5892,42.5644,42.5366,42.5058,42.472,42.4351,42.3951,42.352,42.3058,42.2563,42.2037,42.1479,42.0888,42.0264,41.9608,41.8918,41.8194,41.7436,41.6643,41.5816,41.4954,41.4057,41.3123,41.2154,41.1148,41.0105,40.9025,40.7906,40.675,40.5555,40.4321,40.3047,40.1734,40.0379,39.8984,39.7547,39.6069,39.4547,39.2983,39.1374,38.9722,38.8024,38.6281,38.4492,38.2657,38.0773,37.8842,37.6862,37.4833,37.2753,37.0622,36.844,36.6205,36.3917,36.1575,35.9178,35.6725,35.4215,35.1648,34.9023,34.6338,34.3592,34.0786,33.7916,33.4984,33.1986,32.8924,32.5794,32.2596,31.933,31.5993,31.2584,30.9102,30.5547,30.1916,29.8208,29.4421,29.0555,28.6608,28.2577,27.8463,27.4262,26.9974,26.5597,26.1128,25.6567,25.1911,24.7158,24.2307,23.7355,23.2301,22.7142,22.1877,21.6502,21.1016,20.5417,19.9702,19.3868,18.7914,18.1836,17.5632,16.9299,16.2834,15.6236,14.95,14.2624,13.5605,12.844,12.1127,11.3661,10.6041,9.82639,9.03276,8.22304,7.3972,6.55537,5.69807,4.82651,3.94349,3.05578,2.18241,1.39261,0.989175,1.39271,2.1829,3.05721,3.94668,4.83248,5.70806,6.57082,7.41969,8.25434,9.07476,9.88113,10.6737,11.4529,12.2189,12.9722,13.7131,14.442,15.1593,15.8653,16.5603,17.2447,17.9187,18.5828,19.2372,19.8821
37.9748,37.7272,37.4817,37.2383,36.9971,36.7584,36.5222,36.2887,36.058,35.8304,35.6059,35.3848,35.1671,34.9532,34.7431,34.537,34.3352,34.1378,33.9449,33.7569,33.5738,33.396,33.2234,33.0565,32.8952,32.7399,32.5907,32.4478,32.3114,32.1816,32.0585,31.9424,31.8334,31.7316,31.6371,31.55,31.4705,31.3986,31.3344,31.2779,31.2292,31.1883,31.1552,31.1299,31.1124,31.1026,31.1004,31.1059,31.1189,31.1393,31.167,31.2018,31.2437,31.2924,31.3477,31.4096,31.4778,31.5521,31.6323,31.7183,31.8096,31.9063,32.0079,32.1144,32.2254,32.3408,32.4602,32.5835,32.7104,32.8407,32.9742,33.1107,33.2499,33.3915,33.5355,33.6816,33.8296,33.9792,34.1304,34.2829,34.4365,34.5911,34.7465,34.9025,35.059,35.2158,35.3728,35.5298,35.6868,35.8435,35.9999,36.1559,36.3113,36.466,36.6199,36.773,36.9251,37.0762,37.2262,37.3749,37.5224,37.6685,37.8132,37.9564,38.0981,38.2382,38.3766,38.5133,38.6482,38.7814,38.9127,39.0421,39.1696,39.2951,39.4186,39.5401,39.6595,39.7769,39.8921,40.0051,40.116,40.2247,40.3312,40.4354,40.5374,40.637,40.7344,40.8295,40.9222,41.0125,41.1005,41.1861,41.2693,41.3501,41.4285,41.5044,41.5778,41.6488,41.7173,41.7833,41.8468,41.9078,41.9662,42.0221,42.0755,42.1262,42.1744,42.22,42.263,42.3034,42.3411,42.3762,42.4087,42.4384,42.4655,42.4899,42.5116,42.5305,42.5468,42.5602,42.5709,42.5788,42.5839,42.5862,42.5857,42.5823,42.576,42.5669,42.5548,42.5398,42.5219,42.501,42.4771,42.4502,42.4203,42.3874,42.3513,42.3122,42.2699,42.2245,42.176,42.1242,42.0692,42.0109,41.9494,41.8845,41.8163,41.7447,41.6697,41.5913,41.5094,41.4239,41.335,41.2424,41.1463,41.0464,40.9429,40.8356,40.7246,40.6097,40.491,40.3684,40.2418,40.1112,39.9765,39.8377,39.6948,39.5477,39.3963,39.2406,39.0805,38.916,38.747,38.5735,38.3954,38.2125,38.025,37.8326,37.6353,37.4331,37.2259,37.0136,36.7961,36.5733,36.3453,36.1118,35.8728,35.6283,35.3781,35.1221,34.8602,34.5925,34.3187,34.0387,33.7525,33.4599,33.1609,32.8553,32.5431,32.224,31.898,31.565,31.2248,30.8773,30.5224,30.1599,29.7898,29.4118,29.0258,28.6316,28.2292,27.8183,27.3988,26.9705,26.5333,26.087,25.6313,25.1662,24.6913,24.2066,23.7118,23.2068,22.6912,22.1649,21.6277,21.0793,20.5195,19.948,19.3646,18.7691,18.1611,17.5405,16.9068,16.2599,15.5994,14.925,14.2365,13.5334,12.8155,12.0823,11.3336,10.569,9.78804,8.9904,8.17566,7.3434,6.49319,5.62459,4.73714,3.83037,2.90378,1.95687,0.989126,0.0,0.989176,1.95727,2.90508,3.83339,4.74292,5.63438,6.50841,7.36567,8.20674,9.0322,9.84259,10.6384,11.4202,12.1885,12.9436,13.6861,14.4163,15.1346,15.8414,16.5372,17.2222,17.8967,18.5612,19.2158,19.861
37.6815,37.4301,37.1807,36.9333,36.6882,36.4455,36.2052,35.9676,35.7329,35.5011,35.2725,35.0472,34.8254,34.6073,34.3931,34.1829,33.977,33.7755,33.5786,33.3866,33.1997,33.018,32.8417,32.6711,32.5063,32.3476,32.1951,32.0491,31.9097,31.777,31.6513,31.5328,31.4215,31.3176,31.2213,31.1326,31.0517,30.9786,30.9135,30.8564,30.8073,30.7663,30.7333,30.7084,30.6916,30.6827,30.6817,30.6887,30.7033,30.7257,30.7555,30.7928,30.8373,30.8888,30.9473,31.0124,31.084,31.1619,31.2459,31.3358,31.4312,31.532,31.6379,31.7488,31.8643,31.9842,32.1082,32.2362,32.3678,32.5029,32.6412,32.7824,32.9264,33.0728,33.2216,33.3725,33.5252,33.6796,33.8354,33.9925,34.1508,34.3099,34.4698,34.6302,34.7911,34.9522,35.1135,35.2747,35.4358,35.5966,35.757,35.9169,36.0761,36.2346,36.3923,36.549,36.7047,36.8592,37.0126,37.1647,37.3155,37.4648,37.6126,37.7589,37.9036,38.0466,38.1879,38.3274,38.4651,38.6009,38.7348,38.8668,38.9968,39.1248,39.2507,39.3745,39.4962,39.6158,39.7332,39.8484,39.9614,40.0722,40.1806,40.2868,40.3907,40.4923,40.5915,40.6884,40.7828,40.8749,40.9646,41.0519,41.1367,41.2191,41.299,41.3764,41.4514,41.5238,41.5938,41.6612,41.7261,41.7884,41.8482,41.9054,41.9601,42.0121,42.0615,42.1084,42.1526,42.1941,42.233,42.2693,42.3029,42.3338,42.362,42.3874,42.4102,42.4302,42.4475,42.462,42.4737,42.4826,42.4887,42.492,42.4924,42.49,42.4847,42.4765,42.4653,42.4513,42.4343,42.4143,42.3913,42.3653,42.3363,42.3042,42.2691,42.2308,42.1894,42.1449,42.0972,42.0462,41.9921,41.9346,41.8739,41.8099,41.7425,41.6718,41.5976,41.52,41.4389,41.3543,41.2662,41.1744,41.0791,40.9801,40.8774,40.7709,40.6607,40.5467,40.4287,40.3069,40.1811,40.0513,39.9175,39.7795,39.6374,39.4911,39.3406,39.1857,39.0264,38.8628,38.6946,38.5219,38.3446,38.1626,37.9758,37.7843,37.5879,37.3865,37.1801,36.9686,36.752,36.5301,36.3029,36.0703,35.8322,35.5885,35.3392,35.0841,34.8231,34.5562,34.2833,34.0042,33.7189,33.4272,33.1291,32.8244,32.5131,32.1949,31.8699,31.5378,31.1985,30.852,30.498,30.1365,29.7673,29.3903,29.0052,28.6121,28.2106,27.8008,27.3823,26.955,26.5188,26.0735,25.6189,25.1548,24.6811,24.1975,23.7038,23.1998,22.6854,22.1603,21.6243,21.0771,20.5186,19.9484,19.3664,18.7723,18.1658,17.5466,16.9146,16.2694,15.6107,14.9382,14.2518,13.5509,12.8355,12.1051,11.3595,10.5983,9.82148,9.02862,8.21963,7.39445,6.55322,5.69645,4.82535,3.94272,3.05532,2.18218,1.39252,0.989127,1.39262,2.18267,3.05677,3.94594,4.83138,5.70653,6.5688,7.41713,8.25118,9.07096,9.87665,10.6685,11.4469,12.2121,12.9646,13.7047,14.4327,15.1491,15.8542,16.5482,17.2317,17.9048,18.5679,19.2212,19.8652
37.3889,37.1336,36.8802,36.6288,36.3797,36.1328,35.8884,35.6466,35.4076,35.1716,34.9387,34.7092,34.4831,34.2607,34.0421,33.8277,33.6175,33.4118,33.2108,33.0146,32.8236,32.6379,32.4578,32.2833,32.1149,31.9526,31.7966,31.6473,31.5047,31.3691,31.2406,31.1194,31.0058,30.8997,30.8014,30.711,30.6286,30.5544,30.4883,30.4305,30.3809,30.3398,30.3069,30.2824,30.2662,30.2583,30.2586,30.267,30.2834,30.3078,30.3399,30.3797,30.4269,30.4814,30.543,30.6115,30.6867,30.7684,30.8563,30.9502,31.0498,31.155,31.2654,31.3807,31.5009,31.6255,31.7543,31.8871,32.0236,32.1636,32.3068,32.453,32.6019,32.7533,32.907,33.0627,33.2203,33.3795,33.5402,33.7021,33.865,34.0288,34.1933,34.3583,34.5236,34.6891,34.8547,35.0203,35.1855,35.3505,35.5149,35.6788,35.8419,36.0042,36.1656,36.326,36.4853,36.6434,36.8002,36.9557,37.1097,37.2623,37.4133,37.5626,37.7103,37.8563,38.0005,38.1428,38.2833,38.4218,38.5584,38.6929,38.8254,38.9559,39.0842,39.2104,39.3344,39.4562,39.5758,39.6932,39.8082,39.921,40.0315,40.1397,40.2455,40.3489,40.45,40.5486,40.6449,40.7387,40.83,40.919,41.0054,41.0894,41.1708,41.2498,41.3263,41.4002,41.4716,41.5404,41.6067,41.6704,41.7315,41.79,41.846,41.8993,41.95,41.998,42.0434,42.0862,42.1263,42.1637,42.1984,42.2304,42.2597,42.2863,42.3101,42.3312,42.3495,42.365,42.3778,42.3877,42.3948,42.3991,42.4005,42.399,42.3947,42.3874,42.3773,42.3641,42.3481,42.329,42.307,42.2819,42.2538,42.2226,42.1883,42.1509,42.1104,42.0668,42.0199,41.9699,41.9166,41.86,41.8002,41.737,41.6705,41.6006,41.5273,41.4505,41.3703,41.2866,41.1993,41.1084,41.0139,40.9157,40.8139,40.7083,40.5989,40.4857,40.3687,40.2477,40.1228,39.9939,39.8609,39.7238,39.5826,39.4371,39.2875,39.1335,38.9751,38.8123,38.6451,38.4732,38.2968,38.1157,37.9299,37.7393,37.5438,37.3434,37.138,36.9274,36.7118,36.4908,36.2646,36.033,35.7958,35.5532,35.3048,35.0507,34.7908,34.525,34.2531,33.9751,33.6908,33.4003,33.1032,32.7997,32.4895,32.1725,31.8486,31.5176,31.1796,30.8342,30.4815,30.1213,29.7533,29.3776,28.9939,28.6021,28.202,27.7936,27.3765,26.9508,26.5161,26.0724,25.6194,25.157,24.6849,24.2031,23.7113,23.2092,22.6968,22.1738,21.6399,21.0951,20.5389,19.9713,19.392,18.8007,18.1973,17.5815,16.953,16.3116,15.6571,14.9893,14.3079,13.6127,12.9036,12.1803,11.4429,10.6913,9.92553,9.14589,8.35289,7.54746,6.73124,5.9071,5.0802,4.26025,3.46687,2.74257,2.18219,1.95688,2.18243,2.74335,3.46874,4.26402,5.0869,5.91799,6.74775,7.57119,8.38562,9.18954,9.98214,10.763,11.532,12.2892,13.0347,13.7685,14.4911,15.2025,15.9031,16.5932,17.2729,17.9427,18.6026,19.2531,19.8944
37.0972,36.8379,36.5804,36.3249,36.0715,35.8204,35.5718,35.3257,35.0824,34.842,34.6047,34.3707,34.1402,33.9133,33.6903,33.4714,33.2568,33.0468,32.8414,32.641,32.4457,32.2558,32.0716,31.8932,31.7208,31.5548,31.3952,31.2424,31.0965,30.9578,30.8263,30.7024,30.5862,30.4778,30.3775,30.2852,30.2013,30.1257,30.0586,30.0,29.95,29.9086,29.8758,29.8517,29.8362,29.8293,29.8308,29.8408,29.859,29.8855,29.92,29.9623,30.0124,30.07,30.1349,30.207,30.2859,30.3715,30.4634,30.5615,30.6656,30.7752,30.8902,31.0103,31.1352,31.2647,31.3985,31.5363,31.6778,31.8229,31.9712,32.1224,32.2764,32.4329,32.5917,32.7525,32.9151,33.0793,33.2448,33.4116,33.5793,33.7479,33.9171,34.0867,34.2566,34.4266,34.5966,34.7665,34.936,35.1051,35.2737,35.4416,35.6087,35.7749,35.9401,36.1042,36.2671,36.4287,36.589,36.7479,36.9053,37.0611,37.2153,37.3678,37.5185,37.6674,37.8145,37.9597,38.1029,38.2441,38.3833,38.5205,38.6555,38.7884,38.9191,39.0477,39.174,39.298,39.4198,39.5393,39.6565,39.7714,39.8838,39.994,40.1017,40.207,40.3099,40.4103,40.5083,40.6038,40.6969,40.7875,40.8755,40.9611,41.0441,41.1246,41.2025,41.2779,41.3507,41.421,41.4886,41.5537,41.6161,41.676,41.7332,41.7878,41.8397,41.889,41.9356,41.9796,42.0208,42.0594,42.0952,42.1284,42.1588,42.1864,42.2114,42.2335,42.2529,42.2694,42.2832,42.2942,42.3023,42.3075,42.3099,42.3095,42.3061,42.2998,42.2906,42.2784,42.2633,42.2452,42.224,42.1999,42.1727,42.1424,42.1091,42.0726,42.033,41.9902,41.9443,41.8951,41.8427,41.787,41.7281,41.6658,41.6002,41.5311,41.4587,41.3828,41.3035,41.2206,41.1342,41.0442,40.9506,40.8534,40.7524,40.6477,40.5392,40.4269,40.3108,40.1907,40.0667,39.9387,39.8067,39.6705,39.5302,39.3857,39.237,39.0839,38.9265,38.7647,38.5984,38.4276,38.2521,38.072,37.8872,37.6976,37.5032,37.3038,37.0994,36.8899,36.6753,36.4554,36.2303,35.9998,35.7638,35.5222,35.275,35.0221,34.7633,34.4987,34.228,33.9512,33.6683,33.379,33.0832,32.781,32.4721,32.1565,31.834,31.5045,31.1679,30.824,30.4728,30.1141,29.7478,29.3737,28.9916,28.6016,28.2033,27.7967,27.3815,26.9577,26.5251,26.0834,25.6326,25.1724,24.7027,24.2234,23.7341,23.2348,22.7252,22.2051,21.6744,21.1328,20.5802,20.0164,19.4411,18.8541,18.2553,17.6445,17.0214,16.386,15.738,15.0773,14.4039,13.7176,13.0184,12.3065,11.582,10.8453,10.097,9.33805,8.56983,7.79463,7.01596,6.23946,5.47432,4.73606,4.05151,3.46688,3.05535,2.90382,3.05584,3.46814,4.05407,4.74074,5.48215,6.25167,7.03398,7.82006,8.60444,9.38375,10.1559,10.9195,11.6737,12.4182,13.1525,13.8766,14.5904,15.2941,15.9877,16.6714,17.3455,18.0099,18.6651,19.3112,19.9483
36.8064,36.543,36.2813,36.0216,35.764,35.5086,35.2555,35.005,34.7572,34.5123,34.2704,34.0319,33.7968,33.5653,33.3377,33.1143,32.8951,32.6804,32.4705,32.2656,32.066,31.8718,31.6832,31.5007,31.3243,31.1543,30.9909,30.8344,30.6851,30.543,30.4084,30.2816,30.1627,30.0519,29.9493,29.8551,29.7695,29.6925,29.6242,29.5648,29.5143,29.4727,29.44,29.4163,29.4014,29.3955,29.3983,29.4099,29.43,29.4586,29.4956,29.5407,29.5937,29.6545,29.7229,29.7986,29.8814,29.9711,30.0673,30.1698,30.2783,30.3927,30.5125,30.6375,30.7674,30.9019,31.0408,31.1838,31.3306,31.4808,31.6344,31.7909,31.9501,32.1119,32.2758,32.4418,32.6095,32.7788,32.9494,33.1212,33.2938,33.4673,33.6412,33.8156,33.9901,34.1647,34.3392,34.5135,34.6874,34.8607,35.0335,35.2054,35.3765,35.5466,35.7157,35.8835,36.0501,36.2154,36.3792,36.5415,36.7022,36.8613,37.0187,37.1743,37.3281,37.48,37.63,37.778,37.924,38.0679,38.2098,38.3495,38.4871,38.6224,38.7556,38.8865,39.0151,39.1414,39.2654,39.387,39.5063,39.6231,39.7376,39.8497,39.9593,40.0665,40.1712,40.2734,40.3732,40.4704,40.5652,40.6574,40.747,40.8342,40.9187,41.0007,41.0802,41.157,41.2313,41.3029,41.3719,41.4383,41.5021,41.5633,41.6218,41.6776,41.7308,41.7813,41.8291,41.8743,41.9167,41.9564,41.9934,42.0277,42.0592,42.088,42.1139,42.1372,42.1576,42.1752,42.19,42.202,42.2111,42.2174,42.2208,42.2213,42.2189,42.2136,42.2053,42.1941,42.1799,42.1627,42.1426,42.1193,42.0931,42.0637,42.0313,41.9957,41.9571,41.9152,41.8702,41.8219,41.7704,41.7157,41.6576,41.5962,41.5315,41.4634,41.3919,41.3169,41.2385,41.1565,41.0711,40.982,40.8893,40.793,40.6929,40.5892,40.4816,40.3703,40.2551,40.136,40.0129,39.8859,39.7548,39.6196,39.4803,39.3368,39.1891,39.037,38.8807,38.7199,38.5546,38.3848,38.2105,38.0314,37.8477,37.6592,37.4658,37.2676,37.0643,36.856,36.6426,36.4239,36.2,35.9707,35.7359,35.4956,35.2497,34.9981,34.7406,34.4773,34.208,33.9327,33.6511,33.3633,33.069,32.7683,32.461,32.1469,31.826,31.4982,31.1633,30.8212,30.4718,30.115,29.7505,29.3784,28.9984,28.6104,28.2143,27.8099,27.3971,26.9757,26.5455,26.1065,25.6584,25.2011,24.7343,24.2581,23.7721,23.2762,22.7702,22.254,21.7274,21.1901,20.6421,20.0832,19.5132,18.9319,18.3392,17.735,17.1192,16.4916,15.8523,15.2012,14.5383,13.8639,13.178,12.4811,11.7737,11.0567,10.3311,9.59883,8.86216,8.12472,7.39177,6.67115,5.97474,5.32063,4.7361,4.26031,3.94279,3.83046,3.94361,4.26221,4.73962,5.32657,5.9841,6.68516,7.41185,8.15248,8.89934,9.64734,10.393,11.1341,11.8689,12.5965,13.316,14.027,14.7293,15.4226,16.1068,16.7821,17.4485,18.1059,18.7547,19.3948,20.0265
36.5166,36.249,35.9831,35.7191,35.4571,35.1972,34.9397,34.6846,34.4322,34.1827,33.9361,33.6929,33.453,33.2168,32.9845,32.7562,32.5323,32.3129,32.0983,31.8887,31.6845,31.4857,31.2927,31.1058,30.9251,30.751,30.5836,30.4233,30.2703,30.1247,29.9869,29.857,29.7352,29.6218,29.5168,29.4206,29.3331,29.2546,29.1852,29.1248,29.0737,29.0318,28.9992,28.9758,28.9617,28.9568,28.961,28.9742,28.9963,29.0272,29.0667,29.1146,29.1707,29.2349,29.3069,29.3864,29.4733,29.5671,29.6678,29.7749,29.8882,30.0074,30.1321,30.2622,30.3973,30.5371,30.6813,30.8297,30.9818,31.1375,31.2965,31.4584,31.623,31.7902,31.9595,32.1308,32.3038,32.4783,32.6541,32.8309,33.0086,33.187,33.3659,33.545,33.7243,33.9036,34.0827,34.2614,34.4397,34.6174,34.7943,34.9704,35.1456,35.3196,35.4926,35.6642,35.8345,36.0034,36.1707,36.3365,36.5006,36.663,36.8236,36.9823,37.1392,37.2941,37.447,37.5978,37.7466,37.8933,38.0378,38.1801,38.3202,38.458,38.5935,38.7268,38.8577,38.9862,39.1124,39.2362,39.3575,39.4764,39.5929,39.7069,39.8185,39.9275,40.034,40.1381,40.2395,40.3385,40.4349,40.5287,40.62,40.7087,40.7948,40.8783,40.9592,41.0375,41.1132,41.1862,41.2566,41.3244,41.3895,41.4519,41.5117,41.5688,41.6233,41.675,41.724,41.7703,41.8139,41.8548,41.8929,41.9283,41.9609,41.9908,42.0179,42.0422,42.0636,42.0823,42.0981,42.1111,42.1213,42.1286,42.133,42.1345,42.133,42.1287,42.1214,42.1112,42.0979,42.0817,42.0625,42.0402,42.0149,41.9865,41.955,41.9204,41.8826,41.8417,41.7976,41.7503,41.6997,41.6459,41.5888,41.5283,41.4645,41.3974,41.3268,41.2528,41.1753,41.0943,41.0097,40.9216,40.8299,40.7345,40.6354,40.5326,40.4261,40.3157,40.2015,40.0834,39.9614,39.8353,39.7053,39.5711,39.4329,39.2904,39.1437,38.9928,38.8375,38.6778,38.5136,38.345,38.1717,37.9939,37.8113,37.624,37.4318,37.2348,37.0328,36.8257,36.6135,36.3962,36.1735,35.9456,35.7122,35.4733,35.2288,34.9786,34.7226,34.4608,34.1931,33.9193,33.6393,33.3531,33.0605,32.7615,32.4559,32.1437,31.8247,31.4987,31.1658,30.8257,30.4784,30.1237,29.7615,29.3916,29.014,28.6285,28.2349,27.8331,27.423,27.0045,26.5773,26.1414,25.6965,25.2426,24.7795,24.3069,23.8249,23.3332,22.8316,22.3201,21.7984,21.2664,20.7241,20.1712,19.6076,19.0333,18.4482,17.8522,17.2452,16.6274,15.9987,15.3593,14.7094,14.0494,13.3797,12.7009,12.0141,11.3205,10.6219,9.92062,9.22009,8.52493,7.84167,7.17946,6.5512,5.9748,5.47442,5.08032,4.8255,4.73732,4.82672,5.08303,5.47915,5.98232,6.5625,7.19577,7.86438,8.55563,9.26052,9.97268,10.6876,11.4021,12.1137,12.821,13.5226,14.2177,14.9058,15.5863,16.2592,16.924,17.5809,18.2298,18.8706,19.5034,20.1284
36.228,35.9562,35.6859,35.4175,35.151,34.8866,34.6244,34.3647,34.1075,33.8532,33.6019,33.3537,33.109,32.8679,32.6306,32.3974,32.1685,31.9442,31.7247,31.5103,31.3012,31.0977,30.9001,30.7086,30.5234,30.345,30.1734,30.0091,29.8521,29.7029,29.5616,29.4284,29.3036,29.1874,29.08,28.9815,28.8921,28.812,28.7412,28.6799,28.6281,28.5859,28.5533,28.5303,28.5169,28.513,28.5186,28.5335,28.5577,28.5909,28.6331,28.684,28.7434,28.8111,28.8868,28.9703,29.0614,29.1597,29.2649,29.3768,29.495,29.6193,29.7493,29.8846,30.0251,30.1704,30.3201,30.4739,30.6317,30.7929,30.9575,31.125,31.2952,31.4679,31.6427,31.8195,31.9979,32.1777,32.3588,32.5409,32.7238,32.9072,33.0911,33.2751,33.4593,33.6433,33.827,34.0103,34.1931,34.3751,34.5563,34.7366,34.9159,35.094,35.2708,35.4463,35.6203,35.7928,35.9637,36.133,36.3005,36.4662,36.63,36.7919,36.9518,37.1097,37.2656,37.4193,37.5709,37.7202,37.8674,38.0123,38.1549,38.2952,38.4331,38.5687,38.7019,38.8327,38.961,39.0869,39.2103,39.3313,39.4497,39.5657,39.6791,39.79,39.8984,40.0041,40.1074,40.208,40.3061,40.4015,40.4944,40.5847,40.6723,40.7573,40.8397,40.9194,40.9965,41.0709,41.1427,41.2118,41.2782,41.342,41.403,41.4614,41.5171,41.57,41.6202,41.6677,41.7125,41.7545,41.7938,41.8303,41.864,41.895,41.9231,41.9485,41.971,41.9907,42.0076,42.0216,42.0328,42.0411,42.0465,42.049,42.0486,42.0452,42.0389,42.0296,42.0174,42.0021,41.9839,41.9625,41.9382,41.9107,41.8802,41.8465,41.8097,41.7697,41.7266,41.6802,41.6306,41.5777,41.5215,41.462,41.3992,41.333,41.2634,41.1903,41.1138,41.0338,40.9502,40.8631,40.7723,40.678,40.5799,40.4781,40.3726,40.2632,40.1501,40.033,39.912,39.787,39.6581,39.525,39.3878,39.2465,39.1009,38.9511,38.797,38.6384,38.4755,38.308,38.136,37.9593,37.778,37.592,37.4011,37.2054,37.0047,36.799,36.5882,36.3722,36.151,35.9245,35.6926,35.4552,35.2122,34.9636,34.7093,34.4491,34.1831,33.911,33.6328,33.3484,33.0577,32.7606,32.457,32.1467,31.8298,31.506,31.1753,30.8375,30.4925,30.1402,29.7805,29.4132,29.0383,28.6556,28.2649,27.8662,27.4592,27.044,26.6202,26.1879,25.7468,25.2968,24.8378,24.3697,23.8922,23.4054,22.909,22.4029,21.887,21.3612,20.8255,20.2797,19.7237,19.1576,18.5813,17.9949,17.3983,16.7918,16.1755,15.5498,14.9149,14.2715,13.6204,12.9624,12.2988,11.6315,10.9626,10.2952,9.63336,8.98241,8.34956,7.74439,7.17955,6.6713,6.23965,5.90732,5.69671,5.62489,5.69842,5.91101,6.24583,6.68071,7.19319,7.76345,8.37542,9.01665,9.6777,10.3515,11.0329,11.7179,12.4037,13.0879,13.7691,14.446,15.1177,15.7835,16.443,17.0958,17.7416,18.3803,19.0118,19.6361,20.2531
35.9407,35.6645,35.3899,35.1169,34.8458,34.5767,34.3098,34.0453,33.7833,33.524,33.2677,33.0146,32.7648,32.5186,32.2762,32.0379,31.8039,31.5745,31.3499,31.1304,30.9163,30.7079,30.5054,30.3091,30.1192,29.9362,29.7603,29.5916,29.4306,29.2775,29.1325,28.9959,28.8679,28.7487,28.6386,28.5378,28.4463,28.3645,28.2923,28.2299,28.1774,28.1349,28.1023,28.0796,28.0669,28.0641,28.0711,28.0878,28.1141,28.1498,28.1947,28.2487,28.3115,28.3829,28.4625,28.5502,28.6457,28.7486,28.8587,28.9755,29.0989,29.2284,29.3638,29.5047,29.6507,29.8016,29.9571,30.1167,30.2802,30.4472,30.6175,30.7908,30.9668,31.1452,31.3257,31.508,31.692,31.8774,32.0638,32.2513,32.4394,32.628,32.817,33.0061,33.1951,33.3839,33.5724,33.7603,33.9476,34.1341,34.3196,34.5042,34.6876,34.8697,35.0505,35.2298,35.4076,35.5838,35.7583,35.931,36.102,36.271,36.438,36.6031,36.7661,36.927,37.0858,37.2424,37.3967,37.5488,37.6986,37.8461,37.9912,38.134,38.2743,38.4122,38.5477,38.6807,38.8112,38.9392,39.0647,39.1877,39.3081,39.426,39.5413,39.6541,39.7642,39.8718,39.9767,40.079,40.1788,40.2758,40.3703,40.4621,40.5512,40.6377,40.7216,40.8027,40.8812,40.9571,41.0302,41.1006,41.1684,41.2334,41.2957,41.3553,41.4122,41.4664,41.5178,41.5665,41.6124,41.6556,41.696,41.7336,41.7684,41.8005,41.8297,41.8561,41.8797,41.9005,41.9184,41.9335,41.9457,41.955,41.9614,41.9649,41.9655,41.9631,41.9578,41.9495,41.9382,41.9239,41.9066,41.8863,41.8629,41.8364,41.8068,41.7741,41.7383,41.6993,41.6571,41.6117,41.563,41.5111,41.4559,41.3974,41.3355,41.2703,41.2017,41.1296,41.0541,40.9751,40.8925,40.8064,40.7167,40.6233,40.5263,40.4256,40.3211,40.2128,40.1007,39.9847,39.8648,39.741,39.6131,39.4812,39.3452,39.205,39.0606,38.912,38.7591,38.6018,38.44,38.2738,38.1031,37.9278,37.7478,37.5631,37.3736,37.1792,36.98,36.7757,36.5664,36.3519,36.1323,35.9073,35.677,35.4413,35.2,34.9531,34.7005,34.4421,34.1779,33.9077,33.6315,33.349,33.0604,32.7654,32.4639,32.1559,31.8413,31.5199,31.1916,30.8563,30.5139,30.1643,29.8074,29.4431,29.0712,28.6916,28.3042,27.9088,27.5054,27.0939,26.674,26.2457,25.8089,25.3634,24.9091,24.4459,23.9737,23.4923,23.0018,22.5019,21.9926,21.4739,20.9457,20.4079,19.8606,19.3037,18.7374,18.1618,17.577,16.9833,16.3809,15.7704,15.1523,14.5274,13.8967,13.2613,12.623,11.9839,11.3465,10.7144,10.0921,9.4853,8.90137,8.34967,7.84187,7.39204,7.01629,6.73161,6.55363,6.49366,6.55591,6.73642,7.02413,7.40365,7.85822,8.37193,8.9309,9.52365,10.141,10.7757,11.4222,12.0761,12.734,13.3934,14.0523,14.7091,15.3626,16.012,16.6565,17.2956,17.929,18.5562,19.1772,19.7918,20.3999
35.6548,35.3742,35.095,34.8175,34.5417,34.2678,33.9961,33.7266,33.4596,33.1953,32.9339,32.6756,32.4206,32.1691,31.9215,31.6778,31.4385,31.2038,30.9739,30.7492,30.5299,30.3162,30.1086,29.9073,29.7126,29.5248,29.3441,29.171,29.0057,28.8485,28.6996,28.5593,28.4279,28.3056,28.1927,28.0893,27.9957,27.912,27.8383,27.7747,27.7214,27.6784,27.6458,27.6235,27.6115,27.6099,27.6183,27.6369,27.6654,27.7037,27.7515,27.8087,27.875,27.9502,28.034,28.1261,28.2262,28.3339,28.449,28.5711,28.6998,28.8348,28.9758,29.1224,29.2743,29.4311,29.5924,29.758,29.9274,30.1004,30.2767,30.456,30.6378,30.8221,31.0084,31.1965,31.3862,31.5772,31.7692,31.9621,32.1556,32.3496,32.5437,32.7379,32.9319,33.1256,33.3189,33.5115,33.7034,33.8944,34.0843,34.2731,34.4607,34.6469,34.8317,35.0149,35.1965,35.3764,35.5545,35.7308,35.9051,36.0775,36.2478,36.416,36.5821,36.7461,36.9078,37.0672,37.2243,37.3791,37.5316,37.6816,37.8293,37.9745,38.1172,38.2574,38.3952,38.5304,38.6631,38.7932,38.9208,39.0458,39.1682,39.288,39.4051,39.5197,39.6316,39.7409,39.8476,39.9516,40.0529,40.1516,40.2477,40.341,40.4317,40.5196,40.6049,40.6875,40.7674,40.8446,40.9191,40.9908,41.0599,41.1262,41.1898,41.2507,41.3088,41.3641,41.4167,41.4666,41.5137,41.558,41.5995,41.6383,41.6742,41.7073,41.7376,41.7651,41.7898,41.8116,41.8306,41.8467,41.8599,41.8702,41.8776,41.8821,41.8837,41.8823,41.878,41.8707,41.8604,41.8471,41.8308,41.8114,41.789,41.7635,41.7349,41.7032,41.6683,41.6303,41.5891,41.5446,41.497,41.4461,41.3919,41.3343,41.2735,41.2093,41.1416,41.0706,40.9961,40.9181,40.8366,40.7515,40.6629,40.5706,40.4746,40.375,40.2716,40.1644,40.0534,39.9386,39.8198,39.6971,39.5704,39.4397,39.3049,39.1659,39.0228,38.8754,38.7238,38.5678,38.4073,38.2425,38.0731,37.8992,37.7206,37.5373,37.3493,37.1564,36.9586,36.7559,36.5482,36.3353,36.1173,35.8941,35.6655,35.4315,35.192,34.9469,34.6962,34.4398,34.1776,33.9094,33.6352,33.355,33.0686,32.7758,32.4767,32.1712,31.859,31.5402,31.2146,30.8821,30.5426,30.196,29.8421,29.481,29.1124,28.7362,28.3524,27.9609,27.5614,27.1539,26.7384,26.3146,25.8824,25.4419,24.9928,24.5351,24.0687,23.5935,23.1095,22.6165,22.1146,21.6037,21.0838,20.5549,20.0172,19.4706,18.9154,18.3517,17.7798,17.2,16.6129,16.019,15.419,14.814,14.2051,13.5937,12.9819,12.372,11.7669,11.1705,10.5873,10.0232,9.48545,8.98268,8.5253,8.12516,7.79512,7.54802,7.39507,7.34409,7.39798,7.55409,7.80485,8.13925,8.54471,9.00856,9.51913,10.0663,10.6414,11.2374,11.8487,12.4707,13.0998,13.7332,14.3684,15.0038,15.6378,16.2694,16.8977,17.5219,18.1416,18.7563,19.3656,19.9695,20.5676
35.3705,35.0854,34.8016,34.5193,34.2387,33.96,33.6833,33.4088,33.1367,32.8672,32.6005,32.3368,32.0765,31.8196,31.5664,31.3173,31.0725,30.8323,30.5969,30.3667,30.1419,29.9229,29.7099,29.5033,29.3034,29.1106,28.9251,28.7473,28.5774,28.4158,28.2628,28.1187,27.9837,27.8581,27.7421,27.636,27.54,27.4543,27.3789,27.3141,27.26,27.2165,27.1838,27.1619,27.1506,27.1501,27.1601,27.1806,27.2114,27.2524,27.3033,27.3639,27.4339,27.5131,27.6012,27.6979,27.8028,27.9155,28.0359,28.1634,28.2977,28.4385,28.5853,28.7379,28.8958,29.0586,29.2261,29.3978,29.5735,29.7527,29.9351,30.1205,30.3085,30.4988,30.6911,30.8851,31.0807,31.2774,31.4751,31.6736,31.8726,32.0719,32.2714,32.4707,32.6698,32.8685,33.0667,33.2641,33.4606,33.6561,33.8505,34.0436,34.2354,34.4258,34.6146,34.8017,34.9871,35.1707,35.3525,35.5323,35.71,35.8857,36.0593,36.2307,36.3999,36.5669,36.7315,36.8938,37.0537,37.2112,37.3663,37.5189,37.6691,37.8167,37.9618,38.1044,38.2444,38.3818,38.5166,38.6489,38.7785,38.9055,39.0298,39.1515,39.2706,39.3869,39.5006,39.6117,39.72,39.8257,39.9287,40.029,40.1265,40.2214,40.3136,40.403,40.4897,40.5738,40.655,40.7336,40.8094,40.8825,40.9528,41.0204,41.0853,41.1474,41.2067,41.2633,41.317,41.3681,41.4163,41.4617,41.5044,41.5442,41.5813,41.6155,41.6469,41.6755,41.7012,41.724,41.744,41.7612,41.7754,41.7868,41.7952,41.8007,41.8033,41.8029,41.7996,41.7933,41.784,41.7717,41.7564,41.738,41.7166,41.692,41.6644,41.6337,41.5998,41.5628,41.5226,41.4791,41.4325,41.3826,41.3294,41.2729,41.213,41.1498,41.0833,41.0133,40.9398,40.8629,40.7824,40.6984,40.6109,40.5197,40.4248,40.3263,40.224,40.118,40.0082,39.8945,39.777,39.6555,39.53,39.4005,39.2669,39.1293,38.9874,38.8413,38.691,38.5364,38.3773,38.2139,38.0459,37.8734,37.6963,37.5145,37.3281,37.1368,36.9406,36.7395,36.5335,36.3223,36.106,35.8846,35.6578,35.4257,35.1881,34.9451,34.6964,34.442,34.1819,33.9159,33.644,33.3661,33.0821,32.7918,32.4953,32.1923,31.8829,31.5669,31.2441,30.9146,30.5782,30.2349,29.8844,29.5267,29.1617,28.7894,28.4095,28.022,27.6268,27.2239,26.813,26.3941,25.9671,25.532,25.0887,24.637,24.1769,23.7085,23.2315,22.7461,22.2522,21.7498,21.239,20.7198,20.1925,19.657,19.1138,18.5629,18.0049,17.4402,16.8693,16.293,15.7122,15.1281,14.5419,13.9555,13.3708,12.7905,12.2177,11.6563,11.111,10.5875,10.0925,9.63383,9.22066,8.86281,8.57055,8.35369,8.22051,8.17663,8.22413,8.36117,8.58236,8.87966,9.24347,9.66373,10.1308,10.6357,11.1708,11.7296,12.3063,12.8965,13.4965,14.1031,14.7139,15.3269,15.9405,16.5533,17.1643,17.7727,18.3777,18.9789,19.5757,20.1679,20.7552
35.0879,34.7982,34.5097,34.2226,33.9372,33.6534,33.3716,33.092,32.8146,32.5398,32.2677,31.9985,31.7326,31.4701,31.2113,30.9565,30.706,30.46,30.2189,29.983,29.7525,29.5278,29.3093,29.0972,28.8919,28.6938,28.5032,28.3203,28.1457,27.9795,27.8221,27.6739,27.535,27.4059,27.2867,27.1778,27.0792,26.9913,26.9142,26.8481,26.793,26.749,26.7161,26.6945,26.684,26.6847,26.6963,26.7188,26.752,26.7958,26.8499,26.914,26.988,27.0714,27.164,27.2655,27.3754,27.4935,27.6193,27.7525,27.8927,28.0394,28.1924,28.3511,28.5153,28.6845,28.8583,29.0365,29.2185,29.4041,29.5929,29.7846,29.9789,30.1754,30.3738,30.5739,30.7755,30.9781,31.1817,31.3858,31.5905,31.7953,32.0001,32.2047,32.409,32.6128,32.8158,33.0181,33.2193,33.4194,33.6183,33.8158,34.0119,34.2064,34.3992,34.5903,34.7795,34.9669,35.1522,35.3356,35.5168,35.6959,35.8727,36.0473,36.2196,36.3895,36.5571,36.7222,36.8849,37.0452,37.2029,37.3581,37.5107,37.6608,37.8082,37.9531,38.0954,38.235,38.3719,38.5062,38.6379,38.7669,38.8931,39.0167,39.1376,39.2558,39.3713,39.484,39.5941,39.7014,39.806,39.9078,40.007,40.1033,40.197,40.2879,40.3761,40.4615,40.5441,40.624,40.7012,40.7756,40.8472,40.9161,40.9821,41.0455,41.106,41.1638,41.2187,41.2709,41.3203,41.3669,41.4106,41.4516,41.4897,41.525,41.5575,41.5871,41.6139,41.6378,41.6589,41.677,41.6923,41.7047,41.7141,41.7207,41.7242,41.7249,41.7226,41.7173,41.709,41.6977,41.6833,41.6659,41.6455,41.622,41.5954,41.5656,41.5328,41.4967,41.4575,41.4151,41.3695,41.3206,41.2684,41.213,41.1542,41.0921,41.0265,40.9576,40.8852,40.8094,40.73,40.6471,40.5607,40.4706,40.3769,40.2795,40.1784,40.0736,39.965,39.8525,39.7362,39.6159,39.4917,39.3635,39.2313,39.0949,38.9544,38.8097,38.6608,38.5075,38.3499,38.188,38.0215,37.8505,37.675,37.4948,37.3099,37.1203,36.9258,36.7265,36.5222,36.3128,36.0984,35.8788,35.654,35.4239,35.1884,34.9474,34.7009,34.4487,34.1909,33.9273,33.6578,33.3823,33.1008,32.8132,32.5194,32.2193,31.9127,31.5997,31.2801,30.9538,30.6208,30.2809,29.934,29.5801,29.219,28.8507,28.4751,28.092,27.7015,27.3033,26.8975,26.484,26.0626,25.6333,25.1961,24.751,24.2978,23.8365,23.3673,22.89,22.4047,21.9114,21.4104,20.9016,20.3854,19.8618,19.3312,18.7941,18.2507,17.7018,17.148,16.5901,16.0292,15.4666,14.9038,14.3425,13.7852,13.2343,12.6933,12.1658,11.6566,11.1709,10.715,10.2959,9.92145,9.59975,9.33906,9.147,9.02982,8.99171,9.03421,9.156,9.35315,9.61961,9.94798,10.3302,10.7584,11.2248,11.7227,12.2459,12.7893,13.3484,13.9194,14.4992,15.0853,15.6754,16.2679,16.8612,17.4543,18.046,18.6356,19.2224,19.806,20.3858,20.9616
34.8072,34.5127,34.2195,33.9276,33.6371,33.3483,33.0613,32.7763,32.4936,32.2133,31.9356,31.6608,31.3891,31.1209,30.8563,30.5956,30.3391,30.0872,29.8401,29.5982,29.3618,29.1313,28.9069,28.689,28.4781,28.2744,28.0783,27.8903,27.7105,27.5395,27.3775,27.2249,27.082,26.9491,26.8265,26.7144,26.6132,26.523,26.444,26.3763,26.3202,26.2756,26.2426,26.2213,26.2116,26.2134,26.2267,26.2513,26.2871,26.3338,26.3912,26.4591,26.5371,26.625,26.7224,26.8288,26.9441,27.0677,27.1993,27.3384,27.4847,27.6377,27.797,27.9622,28.1329,28.3087,28.4891,28.6739,28.8625,29.0547,29.2501,29.4484,29.6491,29.852,30.0568,30.2631,30.4708,30.6795,30.889,31.099,31.3093,31.5197,31.7301,31.9401,32.1496,32.3585,32.5665,32.7736,32.9796,33.1844,33.3878,33.5897,33.7901,33.9888,34.1857,34.3807,34.5738,34.7649,34.954,35.1408,35.3255,35.5079,35.688,35.8658,36.0412,36.2141,36.3846,36.5526,36.7181,36.881,37.0413,37.1991,37.3542,37.5067,37.6565,37.8036,37.9481,38.0899,38.229,38.3654,38.499,38.63,38.7582,38.8836,39.0064,39.1263,39.2436,39.358,39.4697,39.5787,39.6849,39.7883,39.8889,39.9868,40.0819,40.1743,40.2639,40.3507,40.4347,40.5159,40.5944,40.6701,40.743,40.8131,40.8804,40.945,41.0067,41.0656,41.1218,41.1751,41.2256,41.2733,41.3182,41.3603,41.3995,41.4359,41.4694,41.5001,41.528,41.5529,41.575,41.5942,41.6105,41.6239,41.6344,41.6419,41.6465,41.6482,41.6469,41.6426,41.6353,41.625,41.6117,41.5953,41.5759,41.5533,41.5277,41.499,41.4672,41.4322,41.394,41.3526,41.308,41.2602,41.2091,41.1546,41.0969,41.0359,40.9714,40.9036,40.8323,40.7576,40.6793,40.5976,40.5123,40.4234,40.3308,40.2346,40.1348,40.0311,39.9237,39.8125,39.6975,39.5785,39.4556,39.3287,39.1978,39.0629,38.9238,38.7805,38.633,38.4812,38.3252,38.1647,37.9998,37.8304,37.6565,37.478,37.2948,37.1069,36.9142,36.7167,36.5142,36.3068,36.0943,35.8767,35.654,35.4259,35.1926,34.9538,34.7096,34.4598,34.2044,33.9432,33.6763,33.4035,33.1247,32.8399,32.549,32.2518,31.9484,31.6386,31.3223,30.9995,30.67,30.3338,29.9908,29.6409,29.284,28.92,28.5489,28.1706,27.785,27.3921,26.9917,26.5838,26.1684,25.7454,25.3148,24.8765,24.4306,23.9771,23.516,23.0474,22.5712,22.0877,21.597,21.0992,20.5947,20.0836,19.5664,19.0435,18.5155,17.983,17.4468,16.9078,16.3673,15.8266,15.2872,14.7512,14.2209,13.6989,13.1886,12.6935,12.2182,11.7677,11.3474,10.9636,10.623,10.3324,10.0984,9.92701,9.82307,9.78976,9.82828,9.93766,10.1149,10.3555,10.6536,11.0027,11.3963,11.8278,12.2912,12.7812,13.2927,13.8217,14.3644,14.9177,15.4791,16.0462,16.6173,17.1908,17.7653,18.3399,18.9135,19.4854,20.0551,20.6219,21.1856
34.5285,34.2293,33.9312,33.6343,33.3387,33.0447,32.7524,32.462,32.1738,31.8878,31.6044,31.3238,31.0463,30.772,30.5014,30.2346,29.972,29.7139,29.4607,29.2126,28.97,28.7332,28.5028,28.2789,28.062,27.8524,27.6507,27.4571,27.272,27.0958,26.9289,26.7717,26.6244,26.4875,26.3613,26.2459,26.1418,26.0491,25.968,25.8987,25.8414,25.7962,25.763,25.742,25.733,25.7361,25.7512,25.778,25.8164,25.8663,25.9272,25.999,26.0813,26.1738,26.2762,26.3879,26.5087,26.6382,26.7758,26.9211,27.0738,27.2333,27.3993,27.5712,27.7487,27.9313,28.1186,28.3103,28.5058,28.7048,28.907,29.1119,29.3193,29.5288,29.7401,29.9528,30.1668,30.3817,30.5972,30.8132,31.0294,31.2455,31.4614,31.6769,31.8917,32.1058,32.3189,32.531,32.7418,32.9512,33.1592,33.3656,33.5703,33.7731,33.9741,34.1732,34.3701,34.565,34.7577,34.9481,35.1362,35.322,35.5054,35.6864,35.8648,36.0408,36.2142,36.385,36.5532,36.7188,36.8817,37.042,37.1996,37.3545,37.5066,37.6561,37.8028,37.9467,38.0879,38.2263,38.362,38.4949,38.625,38.7523,38.8768,38.9986,39.1175,39.2337,39.347,39.4576,39.5654,39.6703,39.7725,39.8719,39.9684,40.0622,40.1532,40.2414,40.3267,40.4093,40.4891,40.566,40.6402,40.7116,40.7801,40.8459,40.9088,40.9689,41.0262,41.0807,41.1323,41.1812,41.2272,41.2703,41.3106,41.3481,41.3827,41.4145,41.4433,41.4694,41.4925,41.5127,41.53,41.5445,41.556,41.5645,41.5702,41.5728,41.5725,41.5692,41.563,41.5537,41.5413,41.526,41.5076,41.4861,41.4615,41.4338,41.403,41.369,41.3319,41.2916,41.248,41.2012,41.1512,41.0978,41.0412,40.9812,40.9179,40.8512,40.781,40.7074,40.6303,40.5497,40.4656,40.3779,40.2866,40.1916,40.093,39.9906,39.8845,39.7746,39.6608,39.5432,39.4216,39.2961,39.1666,39.0331,38.8954,38.7536,38.6077,38.4574,38.3029,38.144,37.9808,37.8131,37.6408,37.4641,37.2827,37.0966,36.9057,36.7101,36.5096,36.3042,36.0937,35.8782,35.6576,35.4318,35.2007,34.9643,34.7224,34.4751,34.2222,33.9637,33.6995,33.4294,33.1536,32.8717,32.5839,32.2899,31.9897,31.6833,31.3706,31.0514,30.7257,30.3934,30.0545,29.7089,29.3564,28.9971,28.6308,28.2575,27.8771,27.4897,27.095,26.6931,26.284,25.8677,25.444,25.0131,24.575,24.1296,23.6771,23.2175,22.751,22.2777,21.7978,21.3115,20.8192,20.3211,19.8178,19.3097,18.7974,18.2818,17.7635,17.2438,16.7239,16.205,15.6891,15.178,14.6742,14.1802,13.6993,13.2349,12.7914,12.3731,11.9851,11.6329,11.3221,11.0583,10.8471,10.6932,10.6004,10.5712,10.6065,10.7056,10.8663,11.0849,11.3569,11.6771,12.0399,12.4398,12.8717,13.3306,13.8122,14.3123,14.8276,15.3551,15.8921,16.4364,16.9861,17.5395,18.0953,18.6523,19.2096,19.7662,20.3215,20.8749,21.4259
34.252,33.948,33.6449,33.3429,33.0422,32.7429,32.4452,32.1493,31.8553,31.5636,31.2744,30.9878,30.7042,30.4238,30.1469,29.8738,29.6049,29.3404,29.0807,28.8261,28.5771,28.3339,28.097,27.8668,27.6437,27.428,27.2203,27.0208,26.8301,26.6485,26.4764,26.3142,26.1624,26.0212,25.891,25.7721,25.6648,25.5695,25.4862,25.4152,25.3566,25.3106,25.2772,25.2564,25.2483,25.2527,25.2696,25.2987,25.3399,25.393,25.4576,25.5336,25.6204,25.7178,25.8254,25.9427,26.0694,26.2049,26.3488,26.5007,26.66,26.8264,26.9993,27.1782,27.3628,27.5525,27.747,27.9457,28.1483,28.3544,28.5636,28.7755,28.9897,29.206,29.4239,29.6432,29.8636,30.0848,30.3066,30.5286,30.7507,30.9727,31.1942,31.4153,31.6355,31.8549,32.0731,32.2902,32.5058,32.72,32.9326,33.1434,33.3525,33.5596,33.7647,33.9677,34.1686,34.3672,34.5635,34.7575,34.9491,35.1382,35.3249,35.509,35.6905,35.8695,36.0458,36.2194,36.3904,36.5586,36.7241,36.8869,37.047,37.2042,37.3587,37.5104,37.6593,37.8054,37.9486,38.0891,38.2267,38.3616,38.4935,38.6227,38.749,38.8725,38.9932,39.111,39.226,39.3381,39.4475,39.554,39.6576,39.7585,39.8565,39.9517,40.044,40.1336,40.2203,40.3042,40.3852,40.4635,40.5389,40.6115,40.6812,40.7482,40.8123,40.8736,40.932,40.9876,41.0404,41.0904,41.1375,41.1817,41.2231,41.2616,41.2973,41.3301,41.3601,41.3871,41.4113,41.4325,41.4509,41.4663,41.4789,41.4885,41.4951,41.4988,41.4995,41.4972,41.492,41.4837,41.4724,41.4581,41.4407,41.4202,41.3967,41.37,41.3402,41.3073,41.2712,41.232,41.1895,41.1438,41.0948,41.0426,40.987,40.9282,40.8659,40.8004,40.7313,40.6589,40.583,40.5036,40.4207,40.3342,40.2441,40.1504,40.053,39.9519,39.8471,39.7385,39.6261,39.5099,39.3898,39.2657,39.1376,39.0055,38.8694,38.7291,38.5847,38.4361,38.2832,38.1259,37.9644,37.7984,37.6279,37.453,37.2734,37.0892,36.9003,36.7067,36.5082,36.3048,36.0965,35.8833,35.6649,35.4414,35.2127,34.9787,34.7394,34.4946,34.2444,33.9886,33.7272,33.4601,33.1873,32.9085,32.6239,32.3333,32.0366,31.7337,31.4247,31.1094,30.7877,30.4595,30.1249,29.7838,29.436,29.0815,28.7203,28.3523,27.9774,27.5957,27.2071,26.8116,26.4092,25.9998,25.5834,25.1602,24.7302,24.2933,23.8498,23.3997,22.9433,22.4806,22.0119,21.5375,21.0578,20.5731,20.084,19.591,19.0948,18.5962,18.0962,17.5958,17.0964,16.5994,16.1065,15.6198,15.1416,14.6745,14.2216,13.7862,13.3721,12.9834,12.6247,12.3007,12.0161,11.7758,11.5843,11.4454,11.3621,11.3364,11.3691,11.4596,11.6063,11.8061,12.0556,12.3503,12.6857,13.0573,13.4603,13.8905,14.3439,14.8167,15.3058,15.8083,16.3215,16.8433,17.3717,17.9052,18.4421,18.9815,19.5221,20.0631,20.6038,21.1434,21.6815
33.9778,33.669,33.3609,33.0538,32.7478,32.4431,32.1398,31.8382,31.5385,31.2409,30.9456,30.6529,30.3631,30.0763,29.793,29.5134,29.2379,28.9668,28.7004,28.4391,28.1833,27.9335,27.6899,27.453,27.2233,27.0012,26.7871,26.5815,26.3848,26.1974,26.0198,25.8524,25.6957,25.5499,25.4155,25.2929,25.1823,25.084,24.9983,24.9254,24.8655,24.8186,24.7849,24.7644,24.7571,24.7629,24.7816,24.8132,24.8573,24.9139,24.9824,25.0627,25.1543,25.2569,25.37,25.4932,25.626,25.7679,25.9184,26.0771,26.2435,26.417,26.5971,26.7833,26.9753,27.1724,27.3742,27.5804,27.7903,28.0037,28.2201,28.4391,28.6604,28.8837,29.1084,29.3345,29.5615,29.7892,30.0173,30.2455,30.4736,30.7015,30.9288,31.1554,31.3812,31.6058,31.8293,32.0514,32.272,32.4909,32.7081,32.9235,33.1369,33.3482,33.5575,33.7645,33.9692,34.1716,34.3716,34.5692,34.7642,34.9567,35.1466,35.3338,35.5184,35.7003,35.8795,36.056,36.2296,36.4005,36.5686,36.7339,36.8964,37.056,37.2128,37.3667,37.5178,37.666,37.8113,37.9538,38.0934,38.2301,38.3639,38.4949,38.623,38.7482,38.8706,38.99,39.1066,39.2204,39.3313,39.4393,39.5444,39.6467,39.7461,39.8427,39.9365,40.0273,40.1154,40.2005,40.2829,40.3624,40.439,40.5128,40.5838,40.6519,40.7172,40.7796,40.8392,40.896,40.9499,41.0009,41.0491,41.0944,41.1369,41.1765,41.2133,41.2471,41.2781,41.3062,41.3314,41.3537,41.3731,41.3896,41.4031,41.4137,41.4214,41.4261,41.4278,41.4266,41.4223,41.4151,41.4048,41.3915,41.3751,41.3557,41.3332,41.3076,41.2789,41.247,41.212,41.1738,41.1324,41.0878,41.0399,40.9888,40.9344,40.8766,40.8156,40.7511,40.6833,40.612,40.5373,40.4591,40.3774,40.2922,40.2034,40.111,40.0149,39.9151,39.8117,39.7045,39.5934,39.4786,39.3599,39.2373,39.1107,38.9802,38.8456,38.7069,38.5641,38.4171,38.2659,38.1104,37.9505,37.7864,37.6177,37.4446,37.267,37.0848,36.8979,36.7063,36.5099,36.3087,36.1027,35.8917,35.6757,35.4546,35.2283,34.9969,34.7602,34.5182,34.2708,34.0179,33.7594,33.4954,33.2257,32.9502,32.669,32.3818,32.0888,31.7897,31.4845,31.1732,30.8557,30.5319,30.2018,29.8653,29.5224,29.173,28.8171,28.4547,28.0856,27.71,27.3277,26.9388,26.5432,26.1411,25.7324,25.3172,24.8956,24.4676,24.0334,23.5931,23.147,22.6953,22.2382,21.776,21.3092,20.8382,20.3636,19.8859,19.406,18.9246,18.4428,17.9617,17.4826,17.007,16.5368,16.0738,15.6203,15.1789,14.7524,14.344,13.9572,13.5957,13.2635,12.9647,12.7035,12.4838,12.3093,12.1834,12.1083,12.0857,12.1163,12.1996,12.3342,12.518,12.7477,13.0201,13.3312,13.6771,14.0538,14.4575,14.8846,15.3317,15.7958,16.2742,16.7644,17.2643,17.7719,18.2855,18.8038,19.3255,19.8494,20.3747,20.9004,21.4261,21.9509
33.7063,33.3925,33.0793,32.767,32.4556,32.1454,31.8365,31.5292,31.2235,30.9199,30.6184,30.3194,30.0231,29.7299,29.4399,29.1536,28.8713,28.5932,28.3199,28.0516,27.7889,27.532,27.2814,27.0376,26.801,26.5721,26.3514,26.1392,25.9362,25.7427,25.5593,25.3863,25.2243,25.0737,24.9349,24.8081,24.694,24.5926,24.5043,24.4293,24.3679,24.3201,24.2861,24.2658,24.2593,24.2665,24.2872,24.3213,24.3686,24.4287,24.5014,24.5863,24.683,24.791,24.9099,25.0392,25.1785,25.3272,25.4847,25.6505,25.8242,26.0052,26.1928,26.3867,26.5863,26.7911,27.0006,27.2144,27.432,27.6529,27.8768,28.1032,28.3317,28.5621,28.7939,29.0268,29.2606,29.4949,29.7294,29.9639,30.1983,30.4321,30.6653,30.8976,31.1289,31.3589,31.5876,31.8148,32.0403,32.2641,32.4859,32.7058,32.9236,33.1392,33.3526,33.5636,33.7722,33.9784,34.1821,34.3831,34.5816,34.7774,34.9706,35.1609,35.3486,35.5334,35.7155,35.8947,36.0711,36.2446,36.4153,36.583,36.7479,36.9098,37.0689,37.225,37.3782,37.5285,37.6759,37.8204,37.9619,38.1005,38.2362,38.3689,38.4988,38.6257,38.7497,38.8708,38.989,39.1043,39.2167,39.3262,39.4328,39.5365,39.6374,39.7353,39.8304,39.9226,40.012,40.0984,40.182,40.2628,40.3406,40.4157,40.4878,40.5571,40.6235,40.6871,40.7478,40.8057,40.8607,40.9128,40.9621,41.0085,41.0521,41.0927,41.1305,41.1654,41.1975,41.2266,41.2528,41.2762,41.2966,41.3141,41.3286,41.3403,41.3489,41.3547,41.3574,41.3572,41.354,41.3478,41.3385,41.3263,41.3109,41.2926,41.2711,41.2466,41.2189,41.1881,41.1542,41.117,41.0767,41.0332,40.9865,40.9365,40.8832,40.8266,40.7667,40.7035,40.6368,40.5668,40.4933,40.4163,40.3359,40.2519,40.1644,40.0733,39.9786,39.8802,39.7781,39.6723,39.5627,39.4493,39.3321,39.211,39.0859,38.9569,38.8239,38.6869,38.5457,38.4004,38.251,38.0972,37.9392,37.7769,37.6102,37.439,37.2633,37.0831,36.8983,36.7089,36.5147,36.3158,36.1121,35.9034,35.6899,35.4713,35.2476,35.0189,34.7849,34.5457,34.3012,34.0513,33.7959,33.5351,33.2687,32.9966,32.7189,32.4354,32.1461,31.8509,31.5498,31.2427,30.9295,30.6103,30.2849,29.9533,29.6155,29.2714,28.921,28.5643,28.2013,27.8319,27.4562,27.0742,26.6858,26.2912,25.8904,25.4835,25.0705,24.6517,24.2271,23.797,23.3615,22.9209,22.4756,22.0259,21.5723,21.1152,20.6552,20.1929,19.7293,19.2651,18.8014,18.3394,17.8803,17.4257,16.9774,16.5373,16.1075,15.6905,15.2889,14.9058,14.5442,14.2076,13.8994,13.6233,13.3828,13.1813,13.0219,12.9072,12.8394,12.8196,12.8484,12.9256,13.0499,13.2196,13.4321,13.6847,13.9741,14.2968,14.6496,15.0289,15.4315,15.8545,16.295,16.7505,17.2185,17.6971,18.1843,18.6786,19.1784,19.6825,20.1898,20.6993,21.2102,21.7216,22.2331
33.4375,33.1186,32.8003,32.4827,32.1659,31.8501,31.5355,31.2222,30.9106,30.6007,30.293,29.9875,29.6846,29.3846,29.0879,28.7946,28.5052,28.22,27.9395,27.664,27.3939,27.1297,26.8718,26.6207,26.3769,26.1409,25.9131,25.6941,25.4844,25.2844,25.0948,24.9159,24.7483,24.5925,24.4488,24.3178,24.1997,24.095,24.0039,23.9267,23.8636,23.8148,23.7804,23.7603,23.7547,23.7633,23.7861,23.8229,23.8735,23.9374,24.0145,24.1042,24.2062,24.32,24.4451,24.5809,24.727,24.8827,25.0476,25.221,25.4023,25.5911,25.7866,25.9885,26.1961,26.4089,26.6264,26.8481,27.0735,27.3022,27.5338,27.7678,28.0038,28.2415,28.4805,28.7205,28.9611,29.2021,29.4433,29.6842,29.9248,30.1647,30.4038,30.6419,30.8788,31.1143,31.3482,31.5805,31.811,32.0396,32.2662,32.4906,32.7128,32.9327,33.1502,33.3652,33.5777,33.7876,33.9949,34.1996,34.4015,34.6006,34.7969,34.9904,35.1811,35.3689,35.5538,35.7358,35.9148,36.0909,36.2641,36.4343,36.6015,36.7658,36.9271,37.0854,37.2408,37.3931,37.5425,37.6889,37.8324,37.9728,38.1103,38.2448,38.3764,38.505,38.6307,38.7534,38.8731,38.99,39.1039,39.2148,39.3229,39.428,39.5302,39.6296,39.726,39.8195,39.9101,39.9978,40.0827,40.1646,40.2437,40.3199,40.3933,40.4637,40.5313,40.596,40.6579,40.7168,40.7729,40.8261,40.8765,40.924,40.9686,41.0103,41.0491,41.0851,41.1182,41.1483,41.1756,41.1999,41.2214,41.2399,41.2555,41.2681,41.2778,41.2846,41.2884,41.2892,41.287,41.2818,41.2736,41.2624,41.2481,41.2308,41.2104,41.1869,41.1603,41.1306,41.0977,41.0617,41.0225,40.9801,40.9345,40.8856,40.8335,40.7781,40.7194,40.6573,40.5919,40.5231,40.4508,40.3751,40.296,40.2133,40.1271,40.0374,39.944,39.847,39.7463,39.6419,39.5338,39.4219,39.3062,39.1867,39.0632,38.9358,38.8045,38.6691,38.5296,38.3861,38.2384,38.0865,37.9304,37.7699,37.6052,37.436,37.2624,37.0843,36.9017,36.7144,36.5226,36.326,36.1246,35.9184,35.7074,35.4914,35.2704,35.0444,34.8133,34.577,34.3355,34.0887,33.8366,33.5791,33.3161,33.0476,32.7735,32.4938,32.2084,31.9173,31.6203,31.3176,31.009,30.6944,30.3739,30.0474,29.7149,29.3763,29.0317,28.6809,28.3241,27.9612,27.5923,27.2173,26.8364,26.4496,26.0569,25.6585,25.2545,24.845,24.4302,24.0104,23.5858,23.1566,22.7233,22.2863,21.8459,21.4027,20.9574,20.5107,20.0633,19.6161,19.1703,18.727,18.2875,17.8534,17.4263,17.0081,16.6009,16.207,15.8289,15.4692,15.131,14.8171,14.5308,14.2751,14.0532,13.8679,13.7218,13.6171,13.5556,13.5384,13.5658,13.6376,13.753,13.9104,14.1079,14.3429,14.6128,14.9147,15.2455,15.6024,15.9824,16.3828,16.801,17.2347,17.6815,18.1396,18.6071,19.0824,19.5641,20.051,20.5418,21.0356,21.5315,22.0288,22.5268
33.1716,32.8477,32.5242,32.2013,31.8789,31.5575,31.237,30.9177,30.5999,30.2838,29.9695,29.6574,29.3478,29.0409,28.7371,28.4366,28.14,27.8474,27.5594,27.2763,26.9986,26.7268,26.4613,26.2026,25.9512,25.7076,25.4724,25.2462,25.0293,24.8225,24.6263,24.4411,24.2676,24.1062,23.9574,23.8217,23.6995,23.5911,23.497,23.4174,23.3525,23.3025,23.2676,23.2477,23.2429,23.2531,23.2781,23.3178,23.3718,23.4398,23.5215,23.6164,23.724,23.8439,23.9755,24.1182,24.2714,24.4346,24.6072,24.7885,24.9779,25.1748,25.3786,25.5888,25.8047,26.0258,26.2516,26.4815,26.7151,26.9519,27.1914,27.4331,27.6768,27.9221,28.1684,28.4156,28.6633,28.9112,29.159,29.4065,29.6534,29.8995,30.1446,30.3885,30.6311,30.8721,31.1114,31.3488,31.5843,31.8178,32.049,32.278,32.5046,32.7287,32.9504,33.1694,33.3858,33.5995,33.8104,34.0185,34.2238,34.4262,34.6258,34.8224,35.016,35.2067,35.3944,35.5792,35.7609,35.9395,36.1152,36.2878,36.4574,36.624,36.7875,36.948,37.1054,37.2598,37.4112,37.5595,37.7048,37.8471,37.9864,38.1226,38.2559,38.3862,38.5134,38.6377,38.759,38.8774,38.9927,39.1052,39.2146,39.3212,39.4247,39.5254,39.6231,39.7179,39.8098,39.8988,39.9849,40.068,40.1483,40.2257,40.3002,40.3718,40.4405,40.5063,40.5693,40.6293,40.6865,40.7408,40.7922,40.8408,40.8864,40.9292,40.9691,41.0061,41.0402,41.0713,41.0996,41.125,41.1475,41.167,41.1836,41.1973,41.208,41.2158,41.2206,41.2224,41.2213,41.2171,41.2099,41.1998,41.1865,41.1703,41.1509,41.1285,41.103,41.0744,41.0426,41.0077,40.9697,40.9284,40.8839,40.8362,40.7853,40.7311,40.6735,40.6127,40.5485,40.4809,40.41,40.3356,40.2577,40.1764,40.0915,40.0031,39.9111,39.8156,39.7163,39.6134,39.5068,39.3964,39.2823,39.1643,39.0425,38.9167,38.7871,38.6534,38.5157,38.374,38.2281,38.0781,37.9239,37.7654,37.6027,37.4356,37.2641,37.0882,36.9078,36.7228,36.5333,36.3391,36.1402,35.9366,35.7282,35.5149,35.2967,35.0735,34.8453,34.6121,34.3737,34.1301,33.8813,33.6272,33.3677,33.1029,32.8326,32.5568,32.2755,31.9885,31.696,31.3977,31.0938,30.7841,30.4686,30.1474,29.8203,29.4874,29.1486,28.8041,28.4537,28.0975,27.7355,27.3678,26.9945,26.6156,26.2313,25.8416,25.4467,25.0468,24.642,24.2327,23.8191,23.4015,22.9803,22.5559,22.1289,21.6997,21.2691,20.8377,20.4064,19.9761,19.5479,19.123,18.7025,18.2882,17.8815,17.4843,17.0986,16.7264,16.3703,16.0325,15.7158,15.4229,15.1565,14.9193,14.714,14.5431,14.4089,14.3132,14.2573,14.2424,14.2686,14.3359,14.4435,14.5902,14.7742,14.9936,15.2461,15.529,15.84,16.1763,16.5353,16.9146,17.3119,17.7249,18.1515,18.5899,19.0383,19.4953,19.9593,20.4292,20.9038,21.3821,21.8632,22.3464,22.8309
32.9089,32.5799,32.2512,31.9228,31.5949,31.2676,30.9413,30.6159,30.2918,29.9692,29.6484,29.3295,29.0129,28.6989,28.3879,28.08,27.7758,27.4756,27.1799,26.8889,26.6033,26.3235,26.05,25.7833,25.524,25.2725,25.0295,24.7956,24.5713,24.3572,24.1539,23.9621,23.7822,23.6148,23.4605,23.3198,23.1931,23.0808,22.9834,22.9011,22.8343,22.783,22.7476,22.7279,22.7239,22.7357,22.7631,22.8057,22.8634,22.9357,23.0223,23.1226,23.2363,23.3626,23.5011,23.651,23.8119,23.983,24.1636,24.3532,24.5511,24.7566,24.969,25.1878,25.4124,25.6422,25.8766,26.115,26.357,26.6021,26.8497,27.0996,27.3511,27.6041,27.858,28.1125,28.3674,28.6223,28.8769,29.1311,29.3844,29.6368,29.8879,30.1377,30.386,30.6325,30.8772,31.1198,31.3603,31.5986,31.8346,32.0681,32.2991,32.5275,32.7533,32.9763,33.1966,33.414,33.6285,33.8401,34.0488,34.2545,34.4572,34.6569,34.8535,35.0471,35.2376,35.425,35.6093,35.7905,35.9686,36.1437,36.3156,36.4844,36.6501,36.8127,36.9722,37.1286,37.2819,37.4321,37.5793,37.7234,37.8644,38.0024,38.1373,38.2692,38.398,38.5239,38.6467,38.7665,38.8834,38.9972,39.1081,39.216,39.3209,39.4229,39.5219,39.6179,39.7111,39.8013,39.8886,39.9729,40.0544,40.1329,40.2085,40.2813,40.3511,40.418,40.4821,40.5432,40.6015,40.6569,40.7093,40.7589,40.8056,40.8494,40.8903,40.9284,40.9635,40.9957,41.025,41.0514,41.0749,41.0954,41.113,41.1277,41.1395,41.1483,41.1541,41.157,41.1568,41.1537,41.1476,41.1385,41.1263,41.1111,41.0928,41.0715,41.0471,41.0196,40.9889,40.9551,40.9182,40.8781,40.8348,40.7882,40.7385,40.6855,40.6292,40.5695,40.5066,40.4403,40.3706,40.2975,40.221,40.141,40.0575,39.9705,39.88,39.7859,39.6881,39.5867,39.4816,39.3728,39.2602,39.1439,39.0237,38.8997,38.7717,38.6398,38.504,38.364,38.2201,38.072,37.9198,37.7633,37.6026,37.4377,37.2684,37.0947,36.9166,36.734,36.5468,36.3551,36.1588,35.9578,35.7521,35.5415,35.3262,35.106,34.8808,34.6507,34.4155,34.1752,33.9299,33.6793,33.4235,33.1624,32.896,32.6243,32.3471,32.0645,31.7764,31.4829,31.1837,30.879,30.5688,30.2529,29.9314,29.6043,29.2717,28.9334,28.5896,28.2402,27.8854,27.5252,27.1597,26.7889,26.413,26.0322,25.6466,25.2564,24.8618,24.4631,24.0605,23.6546,23.2456,22.8339,22.4202,22.005,21.589,21.1728,20.7574,20.3437,19.9327,19.5256,19.1237,18.7284,18.3413,17.9641,17.5987,17.2472,16.9116,16.5942,16.2974,16.0236,15.7754,15.555,15.3648,15.2069,15.0833,14.9955,14.9448,14.9319,14.9572,15.0206,15.1213,15.2585,15.4307,15.6361,15.8729,16.1387,16.4315,16.7489,17.0885,17.4482,17.8258,18.2192,18.6267,19.0463,19.4764,19.9156,20.3625,20.8158,21.2745,21.7375,22.204,22.6732,23.1443
32.6496,32.3155,31.9815,31.6476,31.314,30.9809,30.6485,30.317,29.9865,29.6574,29.3298,29.004,28.6803,28.359,28.0405,27.725,27.4131,27.105,26.8012,26.5021,26.2083,25.9202,25.6383,25.3632,25.0955,24.8357,24.5845,24.3425,24.1102,23.8884,23.6777,23.4787,23.292,23.1183,22.958,22.8119,22.6804,22.5639,22.4629,22.3778,22.3088,22.2561,22.22,22.2004,22.1974,22.2109,22.2407,22.2865,22.3481,22.425,22.5168,22.6229,22.7429,22.8761,23.0219,23.1795,23.3484,23.5278,23.717,23.9153,24.1221,24.3365,24.558,24.7859,25.0195,25.2582,25.5015,25.7488,25.9995,26.2531,26.5092,26.7673,27.027,27.2878,27.5494,27.8115,28.0737,28.3357,28.5973,28.8581,29.118,29.3767,29.634,29.8897,30.1437,30.3958,30.6458,30.8937,31.1393,31.3824,31.6231,31.8612,32.0966,32.3292,32.5591,32.7861,33.0102,33.2313,33.4494,33.6645,33.8765,34.0855,34.2913,34.494,34.6936,34.89,35.0833,35.2733,35.4602,35.6439,35.8245,36.0019,36.176,36.3471,36.5149,36.6796,36.8411,36.9995,37.1547,37.3068,37.4558,37.6016,37.7444,37.8841,38.0206,38.1541,38.2845,38.4119,38.5362,38.6575,38.7758,38.891,39.0032,39.1125,39.2187,39.322,39.4222,39.5196,39.6139,39.7053,39.7938,39.8793,39.9619,40.0416,40.1184,40.1922,40.2632,40.3312,40.3963,40.4585,40.5178,40.5743,40.6278,40.6784,40.7262,40.771,40.8129,40.852,40.8881,40.9213,40.9516,40.9791,41.0035,41.0251,41.0438,41.0595,41.0722,41.082,41.0889,41.0928,41.0937,41.0916,41.0866,41.0785,41.0674,41.0532,41.0361,41.0158,40.9925,40.9661,40.9365,40.9039,40.8681,40.8291,40.787,40.7417,40.6931,40.6413,40.5862,40.5279,40.4662,40.4012,40.3328,40.261,40.1859,40.1073,40.0252,39.9396,39.8505,39.7578,39.6616,39.5617,39.4582,39.351,39.2401,39.1254,39.0069,38.8846,38.7584,38.6283,38.4943,38.3563,38.2142,38.0681,37.9179,37.7635,37.605,37.4422,37.2751,37.1037,36.928,36.7478,36.5631,36.374,36.1803,35.982,35.779,35.5713,35.3589,35.1417,34.9197,34.6927,34.4609,34.224,33.9822,33.7352,33.4832,33.226,32.9636,32.696,32.4232,32.145,31.8615,31.5727,31.2785,30.979,30.674,30.3637,30.048,29.7269,29.4004,29.0686,28.7315,28.3891,28.0416,27.689,27.3314,26.9689,26.6016,26.2298,25.8535,25.4731,25.0887,24.7007,24.3094,23.9151,23.5182,23.1193,22.7189,22.3175,21.9159,21.5148,21.115,20.7174,20.3232,19.9335,19.5494,19.1725,18.8041,18.446,18.0999,17.7677,17.4513,17.1529,16.8745,16.6184,16.3868,16.1817,16.0051,15.859,15.745,15.6644,15.6183,15.6074,15.6319,15.6919,15.7866,15.9154,16.077,16.2699,16.4925,16.7428,17.019,17.3189,17.6406,17.982,18.3412,18.7163,19.1055,19.5072,19.9198,20.3419,20.7722,21.2094,21.6526,22.1007,22.5528,23.0081,23.466
32.3939,32.0546,31.7152,31.3758,31.0366,30.6976,30.3591,30.0213,29.6844,29.3485,29.014,28.6812,28.3502,28.0215,27.6953,27.372,27.052,26.7358,26.4237,26.1162,25.8138,25.517,25.2264,24.9426,24.6661,24.3976,24.1377,23.8871,23.6464,23.4164,23.1977,22.9911,22.7971,22.6165,22.45,22.298,22.1613,22.0402,21.9354,21.8471,21.7757,21.7215,21.6846,21.6652,21.6631,21.6784,21.7107,21.7599,21.8257,21.9074,22.0048,22.1171,22.2439,22.3844,22.5379,22.7037,22.8811,23.0692,23.2675,23.475,23.691,23.9149,24.1458,24.3831,24.6261,24.8742,25.1268,25.3832,25.6429,25.9053,26.1701,26.4367,26.7046,26.9735,27.243,27.5128,27.7824,28.0517,28.3203,28.5879,28.8544,29.1195,29.383,29.6447,29.9045,30.1621,30.4176,30.6707,30.9213,31.1693,31.4147,31.6573,31.8971,32.134,32.3679,32.5989,32.8268,33.0516,33.2732,33.4918,33.7071,33.9193,34.1282,34.3339,34.5364,34.7356,34.9315,35.1242,35.3137,35.4999,35.6828,35.8625,36.0389,36.2121,36.3821,36.5488,36.7123,36.8726,37.0297,37.1837,37.3344,37.482,37.6264,37.7677,37.9059,38.041,38.1729,38.3018,38.4276,38.5503,38.6699,38.7865,38.9001,39.0107,39.1182,39.2227,39.3242,39.4228,39.5184,39.611,39.7006,39.7873,39.871,39.9518,40.0297,40.1046,40.1767,40.2458,40.3119,40.3752,40.4356,40.4931,40.5476,40.5993,40.648,40.6939,40.7368,40.7769,40.814,40.8483,40.8796,40.908,40.9335,40.9561,40.9757,40.9925,41.0063,41.0171,41.025,41.0299,41.0318,41.0308,41.0268,41.0198,41.0097,40.9967,40.9806,40.9614,40.9392,40.9139,40.8855,40.854,40.8193,40.7815,40.7406,40.6964,40.6491,40.5985,40.5447,40.4876,40.4272,40.3635,40.2965,40.2261,40.1523,40.0751,39.9944,39.9103,39.8226,39.7315,39.6368,39.5385,39.4365,39.3309,39.2217,39.1087,38.9919,38.8714,38.747,38.6187,38.4866,38.3505,38.2105,38.0664,37.9183,37.766,37.6096,37.4491,37.2843,37.1153,36.9419,36.7642,36.5821,36.3956,36.2045,36.009,35.8089,35.6041,35.3947,35.1806,34.9618,34.7381,34.5097,34.2763,34.0381,33.7949,33.5467,33.2935,33.0352,32.7718,32.5034,32.2298,31.951,31.6671,31.378,31.0837,30.7842,30.4795,30.1696,29.8546,29.5345,29.2092,28.879,28.5437,28.2036,27.8587,27.5091,27.155,26.7964,26.4337,26.0669,25.6963,25.3223,24.945,24.5648,24.1822,23.7975,23.4112,23.0239,22.6362,22.2488,21.8624,21.4779,21.0962,20.7183,20.3453,19.9785,19.6191,19.2687,18.9287,18.6009,18.2868,17.9885,17.7077,17.4464,17.2066,16.9901,16.799,16.6349,16.4994,16.3941,16.32,16.2782,16.2691,16.2931,16.35,16.4394,16.5607,16.7128,16.8945,17.1043,17.3405,17.6015,17.8854,18.1905,18.5149,18.8569,19.2147,19.5867,19.9713,20.3671,20.7728,21.1871,21.6088,22.0368,22.4703,22.9083,23.3501,23.7949
32.142,31.7976,31.4528,31.1079,30.7629,30.4179,30.0733,29.7291,29.3856,29.043,28.7015,28.3614,28.023,27.6866,27.3526,27.0213,26.6931,26.3684,26.0477,25.7314,25.4201,25.1143,24.8146,24.5216,24.236,23.9583,23.6892,23.4296,23.18,22.9413,22.7141,22.4993,22.2976,22.1097,21.9363,21.778,21.6356,21.5097,21.4006,21.3089,21.2349,21.179,21.1413,21.1218,21.1208,21.1379,21.173,21.2258,21.296,21.383,21.4862,21.6052,21.7391,21.8874,22.0491,22.2236,22.4099,22.6074,22.8151,23.0323,23.2582,23.4919,23.7327,23.9798,24.2327,24.4905,24.7526,25.0184,25.2874,25.559,25.8327,26.1079,26.3844,26.6616,26.9391,27.2167,27.4939,27.7705,28.0462,28.3207,28.5939,28.8654,29.1351,29.4029,29.6685,29.9317,30.1926,30.4509,30.7066,30.9595,31.2095,31.4567,31.7008,31.9419,32.1799,32.4148,32.6464,32.8749,33.1001,33.322,33.5406,33.756,33.968,34.1766,34.3819,34.5839,34.7825,34.9778,35.1698,35.3584,35.5436,35.7256,35.9042,36.0795,36.2516,36.4203,36.5858,36.748,36.9069,37.0627,37.2152,37.3644,37.5105,37.6535,37.7932,37.9298,38.0632,38.1936,38.3208,38.4449,38.5659,38.6838,38.7987,38.9106,39.0194,39.1251,39.2279,39.3276,39.4244,39.5182,39.609,39.6968,39.7816,39.8635,39.9425,40.0185,40.0916,40.1618,40.229,40.2933,40.3547,40.4132,40.4688,40.5215,40.5712,40.6181,40.6621,40.7031,40.7413,40.7765,40.8088,40.8383,40.8648,40.8883,40.909,40.9267,40.9415,40.9534,40.9623,40.9682,40.9712,40.9712,40.9683,40.9623,40.9533,40.9414,40.9263,40.9083,40.8872,40.863,40.8357,40.8054,40.7719,40.7353,40.6955,40.6526,40.6065,40.5571,40.5046,40.4488,40.3897,40.3273,40.2616,40.1926,40.1202,40.0444,39.9652,39.8825,39.7964,39.7067,39.6136,39.5169,39.4166,39.3126,39.205,39.0938,38.9788,38.86,38.7375,38.6111,38.4809,38.3468,38.2088,38.0668,37.9208,37.7707,37.6165,37.4583,37.2958,37.1292,36.9583,36.7831,36.6036,36.4198,36.2315,36.0388,35.8416,35.6398,35.4335,35.2226,35.007,34.7867,34.5617,34.332,34.0974,33.858,33.6138,33.3646,33.1106,32.8516,32.5876,32.3187,32.0447,31.7658,31.4818,31.1929,30.8989,30.6,30.2961,29.9873,29.6735,29.355,29.0317,28.7037,28.371,28.0339,27.6924,27.3467,26.997,26.6434,26.2861,25.9254,25.5617,25.1951,24.8261,24.455,24.0824,23.7086,23.3344,22.9602,22.5867,22.2148,21.8452,21.4789,21.1168,20.76,20.4097,20.0672,19.7339,19.4111,19.1004,18.8035,18.522,18.2576,18.0122,17.7874,17.585,17.4066,17.2539,17.1282,17.0308,16.9627,16.9247,16.9173,16.9408,16.9951,17.0799,17.1945,17.3381,17.5096,17.7078,17.9312,18.1782,18.4475,18.7372,19.0458,19.3716,19.7132,20.0689,20.4374,20.8172,21.2072,21.6061,22.0127,22.4262,22.8454,23.2697,23.6981,24.1301
31.8942,31.5446,31.1945,30.8439,30.4931,30.1422,29.7913,29.4407,29.0905,28.741,28.3924,28.045,27.699,27.3549,27.0128,26.6732,26.3365,26.0031,25.6735,25.3482,25.0277,24.7125,24.4034,24.1008,23.8054,23.5181,23.2394,22.9702,22.7112,22.4632,22.227,22.0035,21.7935,21.5977,21.4169,21.2519,21.1034,20.972,20.8584,20.7629,20.6861,20.6282,20.5896,20.5702,20.5701,20.5892,20.6272,20.6839,20.7588,20.8514,20.961,21.087,21.2286,21.3851,21.5556,21.7393,21.9352,22.1425,22.3603,22.5876,22.8238,23.0678,23.3189,23.5764,23.8394,24.1073,24.3794,24.655,24.9335,25.2145,25.4973,25.7815,26.0666,26.3523,26.638,26.9235,27.2084,27.4925,27.7754,28.0569,28.3367,28.6148,28.8908,29.1645,29.4359,29.7048,29.9711,30.2346,30.4953,30.7531,31.0078,31.2594,31.5079,31.7532,31.9952,32.234,32.4694,32.7014,32.9301,33.1554,33.3772,33.5957,33.8107,34.0222,34.2304,34.4351,34.6363,34.8341,35.0285,35.2195,35.4071,35.5912,35.772,35.9494,36.1235,36.2942,36.4616,36.6256,36.7864,36.9439,37.0981,37.249,37.3967,37.5412,37.6825,37.8206,37.9555,38.0873,38.2159,38.3413,38.4637,38.583,38.6991,38.8122,38.9223,39.0293,39.1332,39.2341,39.332,39.427,39.5189,39.6078,39.6938,39.7767,39.8568,39.9339,40.008,40.0792,40.1475,40.2128,40.2752,40.3347,40.3913,40.445,40.4958,40.5436,40.5886,40.6307,40.6698,40.706,40.7394,40.7698,40.7973,40.8219,40.8435,40.8623,40.8781,40.8909,40.9009,40.9079,40.9119,40.9129,40.911,40.9061,40.8982,40.8873,40.8734,40.8564,40.8364,40.8134,40.7873,40.7581,40.7257,40.6903,40.6518,40.61,40.5652,40.5171,40.4658,40.4113,40.3535,40.2925,40.2282,40.1605,40.0895,40.0152,39.9374,39.8563,39.7717,39.6836,39.592,39.4969,39.3982,39.296,39.1901,39.0806,38.9674,38.8505,38.7298,38.6054,38.4772,38.3451,38.2091,38.0692,37.9253,37.7775,37.6256,37.4697,37.3096,37.1454,36.9771,36.8045,36.6277,36.4465,36.2611,36.0712,35.877,35.6783,35.4751,35.2674,35.0552,34.8384,34.6169,34.3908,34.16,33.9245,33.6843,33.4393,33.1895,32.935,32.6756,32.4114,32.1424,31.8685,31.5898,31.3063,31.018,30.7249,30.427,30.1245,29.8173,29.5055,29.1892,28.8685,28.5435,28.2142,27.8809,27.5437,27.2027,26.8583,26.5105,26.1598,25.8063,25.4504,25.0925,24.7329,24.3722,24.0109,23.6494,23.2884,22.9287,22.5709,22.2158,21.8644,21.5176,21.1764,20.842,20.5157,20.1986,19.8921,19.5977,19.3169,19.0511,18.8021,18.5713,18.3605,18.171,18.0044,17.8621,17.7453,17.6551,17.5925,17.5581,17.5524,17.5756,17.6276,17.7082,17.8168,17.9528,18.1151,18.3027,18.5143,18.7487,19.0043,19.2798,19.5737,19.8845,20.2108,20.5512,20.9044,21.269,21.644,22.028,22.4202,22.8195,23.225,23.6359,24.0513,24.4707
31.6507,31.2959,30.9404,30.5842,30.2276,29.8707,29.5136,29.1565,28.7996,28.4431,28.0873,27.7324,27.3787,27.0265,26.6762,26.3282,25.9828,25.6405,25.3017,24.967,24.6369,24.312,23.993,23.6803,23.3749,23.0774,22.7886,22.5092,22.2402,21.9824,21.7366,21.5038,21.2848,21.0806,20.8918,20.7195,20.5644,20.4272,20.3085,20.209,20.129,20.069,20.0293,20.0099,20.0108,20.032,20.0732,20.134,20.214,20.3125,20.4289,20.5625,20.7124,20.8777,21.0576,21.251,21.457,21.6747,21.9031,22.1412,22.3881,22.643,22.905,23.1731,23.4468,23.7251,24.0075,24.2932,24.5816,24.8722,25.1644,25.4578,25.7517,26.046,26.34,26.6336,26.9263,27.2179,27.5081,27.7966,28.0833,28.3678,28.6501,28.9299,29.2072,29.4817,29.7534,30.0221,30.2878,30.5503,30.8097,31.0658,31.3186,31.568,31.814,32.0565,32.2956,32.5313,32.7634,32.9919,33.217,33.4385,33.6565,33.8709,34.0818,34.2891,34.4929,34.6932,34.89,35.0833,35.2732,35.4595,35.6424,35.8219,35.9979,36.1705,36.3398,36.5056,36.6682,36.8273,36.9832,37.1358,37.2851,37.4311,37.5739,37.7134,37.8497,37.9829,38.1129,38.2397,38.3633,38.4839,38.6013,38.7156,38.8269,38.9351,39.0402,39.1423,39.2413,39.3373,39.4304,39.5204,39.6074,39.6915,39.7726,39.8507,39.9258,39.9981,40.0674,40.1337,40.1971,40.2577,40.3152,40.3699,40.4217,40.4705,40.5165,40.5595,40.5996,40.6368,40.6711,40.7026,40.731,40.7566,40.7793,40.799,40.8158,40.8297,40.8407,40.8487,40.8537,40.8558,40.855,40.8511,40.8443,40.8345,40.8217,40.8058,40.7869,40.765,40.7401,40.712,40.6809,40.6467,40.6093,40.5688,40.5252,40.4784,40.4284,40.3752,40.3188,40.2591,40.1961,40.1299,40.0603,39.9874,39.9112,39.8315,39.7485,39.662,39.572,39.4785,39.3815,39.281,39.1769,39.0691,38.9578,38.8427,38.724,38.6015,38.4753,38.3452,38.2113,38.0736,37.9319,37.7863,37.6368,37.4832,37.3256,37.1639,36.9981,36.8282,36.6541,36.4757,36.2931,36.1062,35.915,35.7194,35.5195,35.3151,35.1062,34.8929,34.6751,34.4527,34.2258,33.9943,33.7581,33.5174,33.2719,33.0219,32.7672,32.5078,32.2437,31.975,31.7017,31.4237,31.1411,30.8539,30.5622,30.266,29.9654,29.6605,29.3512,29.0379,28.7204,28.3991,28.074,27.7453,27.4132,27.0779,26.7397,26.3988,26.0555,25.7103,25.3633,25.0152,24.6663,24.3171,23.9682,23.6202,23.2738,22.9298,22.5888,22.2519,21.9198,21.5937,21.2745,20.9636,20.6619,20.3709,20.0919,19.8262,19.5752,19.3405,19.1234,18.9254,18.7479,18.5922,18.4595,18.3509,18.2674,18.2098,18.1787,18.1746,18.1975,18.2476,18.3245,18.4277,18.5568,18.7108,18.8888,19.0897,19.3123,19.5555,19.8178,20.098,20.3947,20.7067,21.0327,21.3713,21.7215,22.0821,22.4521,22.8303,23.216,23.6081,24.006,24.4088,24.8158
31.4118,31.0518,30.6909,30.3292,29.9667,29.6037,29.2403,28.8767,28.513,28.1494,27.7863,27.4239,27.0623,26.7021,26.3434,25.9867,25.6324,25.2809,24.9327,24.5883,24.2483,23.9133,23.5839,23.2608,22.9448,22.6366,22.3371,22.0471,21.7674,21.4992,21.2431,21.0004,20.7718,20.5584,20.3611,20.1809,20.0186,19.875,19.7509,19.6468,19.5634,19.5011,19.4601,19.4406,19.4427,19.4661,19.5106,19.5759,19.6613,19.7663,19.89,20.0317,20.1904,20.3652,20.555,20.7588,20.9756,21.2043,21.4439,21.6933,21.9516,22.2179,22.4911,22.7705,23.0552,23.3444,23.6374,23.9335,24.2321,24.5326,24.8344,25.1371,25.4401,25.7431,26.0456,26.3474,26.648,26.9472,27.2447,27.5403,27.8337,28.1248,28.4134,28.6993,28.9823,29.2625,29.5395,29.8134,30.0841,30.3514,30.6154,30.8759,31.1329,31.3864,31.6364,31.8827,32.1254,32.3646,32.6,32.8318,33.06,33.2845,33.5054,33.7226,33.9362,34.1462,34.3525,34.5552,34.7544,34.95,35.142,35.3305,35.5154,35.6968,35.8748,36.0493,36.2204,36.388,36.5522,36.7131,36.8706,37.0247,37.1755,37.323,37.4673,37.6083,37.746,37.8805,38.0118,38.1399,38.2649,38.3866,38.5053,38.6208,38.7333,38.8426,38.9489,39.0521,39.1522,39.2493,39.3434,39.4345,39.5226,39.6077,39.6898,39.769,39.8451,39.9184,39.9887,40.056,40.1204,40.1819,40.2405,40.2961,40.3489,40.3987,40.4456,40.4896,40.5307,40.5689,40.6042,40.6366,40.6661,40.6926,40.7163,40.737,40.7549,40.7697,40.7817,40.7907,40.7968,40.8,40.8002,40.7974,40.7916,40.7829,40.7712,40.7564,40.7387,40.7179,40.6941,40.6672,40.6373,40.6042,40.5681,40.5289,40.4865,40.441,40.3923,40.3404,40.2853,40.227,40.1655,40.1007,40.0325,39.9611,39.8864,39.8082,39.7267,39.6418,39.5535,39.4617,39.3664,39.2676,39.1653,39.0593,38.9498,38.8367,38.7199,38.5994,38.4752,38.3472,38.2155,38.0799,37.9405,37.7972,37.65,37.4988,37.3437,37.1846,37.0214,36.8541,36.6828,36.5073,36.3276,36.1437,35.9555,35.7631,35.5664,35.3654,35.16,34.9503,34.7361,34.5175,34.2945,34.067,33.835,33.5986,33.3576,33.1121,32.8621,32.6076,32.3486,32.0851,31.8172,31.5448,31.2679,30.9868,30.7013,30.4115,30.1175,29.8195,29.5174,29.2114,28.9016,28.5882,28.2713,27.9511,27.6279,27.3017,26.973,26.6419,26.3088,25.9741,25.638,25.3011,24.9638,24.6266,24.29,23.9547,23.6214,23.2907,22.9635,22.6405,22.3226,22.0109,21.7064,21.4101,21.1232,20.8468,20.5823,20.3308,20.0937,19.8724,19.6681,19.4821,19.3156,19.1699,19.0461,18.9451,18.8677,18.8148,18.7868,18.7842,18.807,18.8553,18.9289,19.0273,19.1501,19.2966,19.4658,19.6569,19.8688,20.1004,20.3505,20.618,20.9016,21.2001,21.5125,21.8374,22.1739,22.5209,22.8773,23.2422,23.6147,23.9939,24.3792,24.7697,25.1648
31.1777,30.8125,30.4463,30.0789,29.7107,29.3416,28.9719,28.6017,28.2312,27.8605,27.49,27.1199,26.7504,26.3819,26.0147,25.6492,25.2857,24.9248,24.5669,24.2125,23.8622,23.5167,23.1766,22.8426,22.5155,22.1962,21.8854,21.5841,21.2932,21.0138,20.7469,20.4934,20.2546,20.0314,19.8249,19.636,19.4659,19.3154,19.1853,19.0763,18.9891,18.9241,18.8818,18.8621,18.8653,18.8911,18.9393,19.0093,19.1006,19.2125,19.3441,19.4945,19.6627,19.8476,20.0481,20.263,20.4912,20.7316,20.983,21.2444,21.5147,21.7928,22.0778,22.3689,22.665,22.9655,23.2695,23.5763,23.8854,24.196,24.5077,24.8199,25.1321,25.444,25.7551,26.0652,26.3738,26.6806,26.9855,27.2882,27.5885,27.8861,28.181,28.4729,28.7618,29.0475,29.3299,29.6089,29.8845,30.1566,30.4251,30.6899,30.9512,31.2087,31.4625,31.7126,31.9589,32.2014,32.4402,32.6752,32.9064,33.1339,33.3576,33.5776,33.7938,34.0063,34.2151,34.4202,34.6216,34.8194,35.0136,35.2041,35.3911,35.5745,35.7543,35.9306,36.1034,36.2728,36.4387,36.6011,36.7602,36.9159,37.0682,37.2172,37.3628,37.5052,37.6443,37.7801,37.9127,38.0421,38.1682,38.2912,38.4111,38.5278,38.6414,38.7518,38.8592,38.9635,39.0647,39.1629,39.2581,39.3502,39.4393,39.5254,39.6086,39.6887,39.7659,39.8401,39.9114,39.9797,40.0451,40.1076,40.1671,40.2237,40.2774,40.3282,40.3761,40.421,40.4631,40.5023,40.5385,40.5719,40.6023,40.6299,40.6545,40.6763,40.6951,40.711,40.724,40.734,40.7411,40.7453,40.7466,40.7448,40.7402,40.7325,40.7219,40.7083,40.6916,40.672,40.6494,40.6237,40.5949,40.5631,40.5282,40.4902,40.4491,40.4049,40.3575,40.3069,40.2532,40.1963,40.1362,40.0728,40.0061,39.9362,39.863,39.7864,39.7065,39.6232,39.5365,39.4464,39.3528,39.2558,39.1552,39.0511,38.9435,38.8323,38.7174,38.599,38.4768,38.351,38.2214,38.088,37.9509,37.81,37.6651,37.5165,37.3639,37.2073,37.0468,36.8822,36.7137,36.541,36.3643,36.1835,35.9985,35.8093,35.6159,35.4183,35.2164,35.0103,34.7999,34.5851,34.3661,34.1427,33.9149,33.6828,33.4463,33.2055,32.9603,32.7107,32.4568,32.1986,31.9361,31.6693,31.3983,31.1232,30.8439,30.5606,30.2733,29.9822,29.6872,29.3887,29.0866,28.7811,28.4724,28.1608,27.8463,27.5293,27.2099,26.8886,26.5656,26.2412,25.9159,25.59,25.2641,24.9386,24.6142,24.2913,23.9706,23.6529,23.3389,23.0294,22.7253,22.4274,22.1369,21.8546,21.5816,21.3191,21.0683,20.8303,20.6062,20.3974,20.205,20.0301,19.874,19.7376,19.622,19.528,19.4564,19.4078,19.3827,19.3815,19.4042,19.451,19.5216,19.6157,19.7329,19.8725,20.0337,20.2158,20.4178,20.6387,20.8775,21.1331,21.4044,21.6904,21.9899,22.3019,22.6254,22.9594,23.3028,23.6549,24.0148,24.3817,24.7547,25.1333,25.5168
30.9486,30.5784,30.2068,29.8339,29.4598,29.0847,28.7087,28.3319,27.9545,27.5767,27.1988,26.8209,26.4434,26.0665,25.6906,25.3161,24.9433,24.5727,24.2048,23.8401,23.4793,23.1229,22.7717,22.4263,22.0877,21.7566,21.4339,21.1207,20.8179,20.5267,20.2481,19.9833,19.7334,19.4996,19.2831,19.0849,18.9063,18.7482,18.6115,18.4971,18.4057,18.3378,18.2939,18.274,18.2784,18.3068,18.3588,18.434,18.5317,18.6511,18.7912,18.951,19.1294,19.3251,19.537,19.7638,20.0042,20.2569,20.5209,20.7949,21.0777,21.3683,21.6657,21.9688,22.2769,22.589,22.9044,23.2223,23.542,23.863,24.1848,24.5067,24.8283,25.1492,25.469,25.7874,26.104,26.4186,26.7309,27.0407,27.3478,27.652,27.9531,28.251,28.5457,28.8369,29.1246,29.4087,29.6892,29.9659,30.2389,30.5081,30.7735,31.0349,31.2926,31.5463,31.7961,32.042,32.284,32.5221,32.7563,32.9867,33.2132,33.4358,33.6546,33.8696,34.0808,34.2882,34.4918,34.6918,34.888,35.0806,35.2695,35.4547,35.6364,35.8145,35.989,36.16,36.3275,36.4916,36.6521,36.8093,36.9631,37.1134,37.2605,37.4042,37.5446,37.6817,37.8155,37.9461,38.0735,38.1977,38.3187,38.4365,38.5512,38.6628,38.7713,38.8766,38.9789,39.0782,39.1743,39.2675,39.3576,39.4447,39.5288,39.61,39.6881,39.7633,39.8355,39.9048,39.9712,40.0346,40.0951,40.1526,40.2073,40.259,40.3078,40.3538,40.3968,40.4369,40.4741,40.5084,40.5398,40.5684,40.594,40.6167,40.6365,40.6534,40.6674,40.6785,40.6866,40.6919,40.6941,40.6935,40.6899,40.6833,40.6738,40.6613,40.6458,40.6273,40.6058,40.5813,40.5538,40.5232,40.4895,40.4528,40.4129,40.37,40.3239,40.2747,40.2224,40.1669,40.1081,40.0462,39.981,39.9126,39.8409,39.7659,39.6876,39.6059,39.5209,39.4325,39.3407,39.2454,39.1467,39.0445,38.9388,38.8295,38.7167,38.6002,38.4802,38.3565,38.2291,38.098,37.9632,37.8246,37.6822,37.536,37.3859,37.232,37.0742,36.9124,36.7467,36.577,36.4033,36.2255,36.0437,35.8578,35.6678,35.4736,35.2753,35.0729,34.8662,34.6554,34.4403,34.221,33.9976,33.7698,33.5379,33.3017,33.0614,32.8168,32.5681,32.3152,32.0582,31.7971,31.532,31.2629,30.9899,30.7131,30.4325,30.1483,29.8605,29.5693,29.2749,28.9774,28.6769,28.3737,28.068,27.76,27.45,27.1383,26.8252,26.5111,26.1964,25.8814,25.5667,25.2527,24.94,24.6292,24.3209,24.0158,23.7146,23.4181,23.1271,22.8426,22.5653,22.2964,22.0367,21.7874,21.5495,21.3241,21.1123,20.9152,20.7339,20.5695,20.423,20.2952,20.1872,20.0997,20.0334,19.9889,19.9665,19.9667,19.9895,20.035,20.1029,20.1931,20.3051,20.4384,20.5924,20.7662,20.959,21.1701,21.3984,21.643,21.9028,22.177,22.4644,22.7642,23.0753,23.3969,23.7281,24.068,24.4157,24.7706,25.1319,25.499,25.8711
30.7249,30.3496,29.9727,29.5943,29.2145,28.8333,28.451,28.0676,27.6834,27.2985,26.913,26.5274,26.1417,25.7564,25.3717,24.988,24.6057,24.2252,23.8471,23.4719,23.1001,22.7325,22.3697,22.0125,21.6618,21.3184,20.9833,20.6575,20.3422,20.0384,19.7473,19.4703,19.2085,18.9633,18.7359,18.5276,18.3397,18.1733,18.0294,17.909,17.813,17.7418,17.6961,17.676,17.6816,17.7127,17.769,17.8498,17.9544,18.0819,18.2312,18.4012,18.5906,18.798,19.0221,19.2615,19.5149,19.7808,20.058,20.3452,20.6413,20.9449,21.2552,21.571,21.8914,22.2155,22.5426,22.8718,23.2026,23.5342,23.8662,24.1979,24.5291,24.8591,25.1877,25.5145,25.8392,26.1615,26.4812,26.7981,27.112,27.4227,27.7301,28.034,28.3344,28.6311,28.924,29.2132,29.4984,29.7798,30.0572,30.3306,30.6,30.8653,31.1267,31.384,31.6372,31.8864,32.1316,32.3727,32.6099,32.843,33.0722,33.2974,33.5187,33.7361,33.9496,34.1593,34.3651,34.5671,34.7653,34.9598,35.1506,35.3377,35.5211,35.7009,35.8771,36.0497,36.2188,36.3844,36.5464,36.705,36.8602,37.0119,37.1603,37.3053,37.4469,37.5853,37.7204,37.8522,37.9807,38.106,38.2282,38.3471,38.4629,38.5755,38.685,38.7914,38.8948,38.995,39.0922,39.1863,39.2774,39.3655,39.4506,39.5327,39.6118,39.6879,39.7611,39.8313,39.8986,39.963,40.0244,40.0829,40.1384,40.1911,40.2409,40.2877,40.3317,40.3728,40.4109,40.4462,40.4786,40.5081,40.5347,40.5584,40.5792,40.5971,40.6121,40.6241,40.6333,40.6396,40.6429,40.6433,40.6408,40.6353,40.6269,40.6155,40.6011,40.5838,40.5635,40.5401,40.5138,40.4844,40.452,40.4165,40.378,40.3364,40.2916,40.2438,40.1928,40.1387,40.0814,40.0209,39.9573,39.8904,39.8202,39.7468,39.6701,39.5901,39.5068,39.4201,39.33,39.2366,39.1397,39.0393,38.9355,38.8283,38.7174,38.6031,38.4851,38.3636,38.2384,38.1096,37.9772,37.841,37.701,37.5574,37.4099,37.2586,37.1036,36.9446,36.7818,36.615,36.4443,36.2697,36.0911,35.9085,35.7219,35.5312,35.3366,35.1378,34.935,34.7281,34.5171,34.302,34.0828,33.8595,33.6322,33.4007,33.1652,32.9257,32.6822,32.4346,32.1832,31.9278,31.6686,31.4056,31.1389,30.8686,30.5947,30.3174,30.0368,29.7531,29.4663,29.1766,28.8843,28.5895,28.2925,27.9935,27.6927,27.3906,27.0873,26.7833,26.4789,26.1746,25.8709,25.5681,25.2669,24.9678,24.6715,24.3786,24.0898,23.8058,23.5275,23.2557,22.9912,22.735,22.488,22.2511,22.0255,21.812,21.6117,21.4257,21.2548,21.1001,20.9625,20.8428,20.7419,20.6605,20.5992,20.5584,20.5387,20.5402,20.5631,20.6074,20.673,20.7596,20.867,20.9945,21.1417,21.3079,21.4924,21.6943,21.9129,22.1471,22.3963,22.6593,22.9354,23.2237,23.5232,23.833,24.1524,24.4806,24.8168,25.1602,25.5101,25.866,26.2272
30.5069,30.1266,29.7444,29.3606,28.975,28.5879,28.1993,27.8093,27.4182,27.0261,26.6332,26.2397,25.8459,25.452,25.0584,24.6654,24.2734,23.8829,23.4944,23.1083,22.7253,22.3461,21.9714,21.6019,21.2386,20.8823,20.5341,20.1951,19.8664,19.5493,19.2449,18.9548,18.6803,18.4227,18.1836,17.9643,17.7662,17.5907,17.4389,17.3119,17.2106,17.1359,17.0881,17.0677,17.0746,17.1087,17.1695,17.2564,17.3686,17.5049,17.6642,17.8452,18.0464,18.2664,18.5036,18.7566,19.0238,19.3037,19.5949,19.8961,20.206,20.5233,20.847,21.1759,21.5091,21.8456,22.1847,22.5256,22.8676,23.2101,23.5524,23.8942,24.2349,24.5742,24.9116,25.2469,25.5797,25.9097,26.2369,26.5608,26.8815,27.1987,27.5122,27.8221,28.1281,28.4302,28.7283,29.0224,29.3124,29.5983,29.88,30.1575,30.4309,30.7,30.965,31.2258,31.4824,31.7348,31.983,32.2271,32.4671,32.703,32.9348,33.1625,33.3862,33.6059,33.8217,34.0335,34.2414,34.4455,34.6456,34.842,35.0346,35.2235,35.4086,35.59,35.7678,35.942,36.1126,36.2796,36.4431,36.6031,36.7596,36.9126,37.0623,37.2085,37.3514,37.491,37.6272,37.7601,37.8898,38.0163,38.1395,38.2595,38.3763,38.49,38.6005,38.7079,38.8122,38.9135,39.0116,39.1067,39.1988,39.2878,39.3738,39.4569,39.5369,39.614,39.6881,39.7592,39.8274,39.8927,39.955,40.0144,40.0709,40.1245,40.1752,40.223,40.2679,40.3099,40.349,40.3852,40.4185,40.449,40.4765,40.5012,40.523,40.5419,40.5579,40.571,40.5812,40.5885,40.5928,40.5943,40.5928,40.5885,40.5811,40.5709,40.5576,40.5414,40.5223,40.5001,40.475,40.4468,40.4157,40.3815,40.3442,40.3039,40.2605,40.2141,40.1645,40.1118,40.0559,39.9969,39.9348,39.8694,39.8008,39.729,39.6539,39.5756,39.494,39.409,39.3207,39.2291,39.1341,39.0357,38.9338,38.8285,38.7197,38.6075,38.4917,38.3723,38.2494,38.1229,37.9928,37.8591,37.7216,37.5805,37.4357,37.2871,37.1348,36.9787,36.8187,36.655,36.4874,36.3159,36.1406,35.9613,35.7781,35.591,35.4,35.205,35.006,34.8031,34.5962,34.3853,34.1705,33.9517,33.729,33.5023,33.2717,33.0372,32.7989,32.5568,32.3109,32.0612,31.8079,31.551,31.2907,31.0268,30.7597,30.4893,30.2159,29.9395,29.6603,29.3786,29.0943,28.8079,28.5195,28.2293,27.9377,27.6449,27.3513,27.0572,26.7631,26.4692,26.1762,25.8844,25.5944,25.3067,25.022,24.7409,24.464,24.1921,23.9259,23.6663,23.414,23.1699,22.9349,22.7099,22.4959,22.2936,22.1042,21.9285,21.7674,21.6218,21.4926,21.3805,21.2862,21.2105,21.1538,21.1166,21.0993,21.1021,21.1251,21.1684,21.2319,21.3154,21.4185,21.5408,21.6819,21.8411,22.0177,22.2112,22.4207,22.6453,22.8844,23.1371,23.4025,23.6799,23.9683,24.267,24.5753,24.8923,25.2173,25.5497,25.8888,26.2339,26.5845
30.2946,29.9094,29.5222,29.1329,28.7417,28.3486,27.9538,27.5574,27.1594,26.7602,26.3598,25.9584,25.5564,25.1539,24.7513,24.3489,23.9472,23.5464,23.1472,22.7501,22.3556,21.9645,21.5774,21.1952,20.8188,20.4491,20.0872,19.7342,19.3914,19.06,18.7416,18.4374,18.1491,17.8782,17.6263,17.395,17.1858,17.0003,16.8397,16.7054,16.5984,16.5196,16.4695,16.4486,16.4569,16.4942,16.5601,16.6537,16.7741,16.92,17.0903,17.2832,17.4973,17.7308,17.9821,18.2495,18.5314,18.8262,19.1323,19.4482,19.7726,20.1042,20.4418,20.7843,21.1307,21.48,21.8315,22.1843,22.5377,22.8912,23.2442,23.5961,23.9465,24.295,24.6413,24.985,25.3259,25.6637,25.9982,26.3292,26.6566,26.9802,27.2999,27.6155,27.9271,28.2345,28.5377,28.8367,29.1313,29.4216,29.7075,29.9891,30.2664,30.5392,30.8077,31.0719,31.3317,31.5872,31.8385,32.0854,32.3281,32.5666,32.801,33.0311,33.2572,33.4792,33.6971,33.911,34.1209,34.3269,34.529,34.7271,34.9215,35.112,35.2988,35.4818,35.6612,35.8368,36.0089,36.1773,36.3421,36.5034,36.6613,36.8156,36.9665,37.1139,37.258,37.3987,37.5361,37.6701,37.8009,37.9284,38.0526,38.1737,38.2915,38.4062,38.5177,38.6261,38.7314,38.8336,38.9327,39.0287,39.1217,39.2117,39.2986,39.3826,39.4635,39.5415,39.6165,39.6885,39.7576,39.8238,39.887,39.9473,40.0047,40.0592,40.1108,40.1595,40.2053,40.2482,40.2883,40.3254,40.3597,40.3911,40.4196,40.4452,40.468,40.4879,40.5048,40.5189,40.5302,40.5385,40.5439,40.5464,40.546,40.5427,40.5365,40.5274,40.5153,40.5002,40.4822,40.4613,40.4374,40.4104,40.3805,40.3476,40.3116,40.2727,40.2306,40.1855,40.1373,40.0861,40.0317,39.9742,39.9135,39.8497,39.7827,39.7125,39.639,39.5624,39.4825,39.3993,39.3128,39.223,39.1299,39.0334,38.9335,38.8302,38.7235,38.6134,38.4997,38.3826,38.262,38.1378,38.0101,37.8788,37.7439,37.6054,37.4632,37.3173,37.1678,37.0145,36.8575,36.6968,36.5323,36.3641,36.192,36.0161,35.8364,35.6529,35.4655,35.2743,35.0792,34.8803,34.6776,34.4709,34.2605,34.0462,33.8281,33.6062,33.3806,33.1512,32.9181,32.6814,32.441,32.1971,31.9498,31.699,31.4449,31.1876,30.9271,30.6637,30.3974,30.1283,29.8567,29.5827,29.3066,29.0284,28.7485,28.4671,28.1845,27.9009,27.6168,27.3325,27.0483,26.7647,26.4821,26.201,25.9218,25.6453,25.3718,25.1021,24.8367,24.5764,24.3219,24.074,23.8333,23.6008,23.3773,23.1635,22.9604,22.7688,22.5896,22.4236,22.2717,22.1347,22.0133,21.9083,21.8202,21.7498,21.6975,21.6636,21.6486,21.6527,21.676,21.7184,21.78,21.8606,21.9598,22.0774,22.2128,22.3655,22.535,22.7206,22.9216,23.1373,23.367,23.61,23.8653,24.1324,24.4104,24.6985,24.9961,25.3025,25.6169,25.9387,26.2672,26.602,26.9423
30.0886,29.6986,29.3062,28.9117,28.5149,28.116,27.715,27.3121,26.9075,26.5011,26.0932,25.6841,25.2738,24.8627,24.4511,24.0392,23.6276,23.2165,22.8065,22.398,21.9918,21.5884,21.1886,20.7932,20.4032,20.0195,19.6432,19.2756,18.9179,18.5715,18.2379,17.9187,17.6156,17.3303,17.0646,16.8201,16.5987,16.4021,16.2319,16.0894,15.976,15.8926,15.8399,15.8185,15.8283,15.8691,15.9404,16.0414,16.1708,16.3273,16.5094,16.7154,16.9434,17.1915,17.458,17.741,18.0386,18.3491,18.6708,19.0022,19.3419,19.6884,20.0405,20.3971,20.7571,21.1195,21.4836,21.8486,22.2137,22.5784,22.942,23.3041,23.6642,24.0221,24.3772,24.7294,25.0784,25.4238,25.7657,26.1036,26.4377,26.7676,27.0933,27.4147,27.7318,28.0444,28.3526,28.6562,28.9554,29.25,29.5401,29.8256,30.1066,30.383,30.655,30.9224,31.1854,31.4439,31.698,31.9477,32.1931,32.4341,32.6709,32.9034,33.1317,33.3559,33.5759,33.7918,34.0036,34.2115,34.4153,34.6153,34.8113,35.0035,35.1918,35.3764,35.5572,35.7343,35.9077,36.0774,36.2436,36.4062,36.5653,36.7208,36.8729,37.0215,37.1667,37.3085,37.4469,37.5821,37.7139,37.8424,37.9677,38.0897,38.2085,38.3242,38.4367,38.546,38.6522,38.7553,38.8553,38.9523,39.0462,39.137,39.2249,39.3097,39.3915,39.4704,39.5463,39.6192,39.6892,39.7562,39.8203,39.8815,39.9398,39.9952,40.0477,40.0973,40.144,40.1878,40.2288,40.2668,40.302,40.3344,40.3638,40.3904,40.4141,40.435,40.453,40.4681,40.4803,40.4896,40.4961,40.4997,40.5004,40.4981,40.493,40.485,40.474,40.4601,40.4433,40.4236,40.4008,40.3752,40.3465,40.3148,40.2802,40.2425,40.2019,40.1581,40.1114,40.0615,40.0086,39.9526,39.8934,39.8312,39.7658,39.6972,39.6254,39.5505,39.4723,39.3909,39.3062,39.2183,39.127,39.0325,38.9346,38.8333,38.7287,38.6207,38.5093,38.3944,38.2761,38.1542,38.0289,37.9001,37.7677,37.6318,37.4923,37.3492,37.2025,37.0521,36.8981,36.7404,36.5791,36.414,36.2453,36.0728,35.8966,35.7167,35.533,35.3456,35.1545,34.9596,34.761,34.5586,34.3526,34.1428,33.9294,33.7123,33.4916,33.2673,33.0395,32.8082,32.5734,32.3353,32.0938,31.8492,31.6014,31.3505,31.0968,30.8402,30.581,30.3192,30.0551,29.7889,29.5206,29.2506,28.9791,28.7064,28.4326,28.1582,27.8834,27.6086,27.3342,27.0606,26.7882,26.5175,26.2489,25.9831,25.7205,25.4618,25.2075,24.9584,24.7151,24.4783,24.2488,24.0273,23.8146,23.6115,23.4188,23.2373,23.0677,22.9109,22.7677,22.6387,22.5247,22.4263,22.3441,22.2786,22.2304,22.1997,22.187,22.1923,22.2158,22.2576,22.3175,22.3954,22.4911,22.6042,22.7344,22.8812,23.044,23.2223,23.4155,23.6229,23.8438,24.0776,24.3235,24.5809,24.8489,25.1271,25.4145,25.7107,26.015,26.3266,26.6451,26.9699,27.3004
29.8889,29.4942,29.097,28.6972,28.295,27.8903,27.4833,27.0741,26.6627,26.2493,25.834,25.4171,24.9986,24.579,24.1583,23.737,23.3153,22.8938,22.4728,22.0529,21.6346,21.2187,20.8058,20.3969,19.9928,19.5945,19.2032,18.8202,18.4468,18.0844,17.7348,17.3995,17.0805,16.7795,16.4987,16.2399,16.0051,15.7963,15.6153,15.4638,15.3431,15.2546,15.199,15.1768,15.1882,15.2329,15.3103,15.4193,15.5587,15.7268,15.9219,16.1421,16.3852,16.6492,16.932,17.2316,17.5459,17.8731,18.2114,18.5591,18.9147,19.2767,19.6439,20.015,20.389,20.7649,21.142,21.5193,21.8962,22.2721,22.6465,23.0189,23.3888,23.756,24.12,24.4805,24.8375,25.1906,25.5396,25.8845,26.2251,26.5612,26.8928,27.2199,27.5423,27.86,28.173,28.4813,28.7849,29.0837,29.3777,29.6671,29.9517,30.2316,30.5069,30.7775,31.0435,31.3049,31.5618,31.8142,32.0621,32.3056,32.5447,32.7794,33.0099,33.2361,33.4581,33.6759,33.8896,34.0993,34.3048,34.5064,34.7041,34.8978,35.0876,35.2736,35.4558,35.6343,35.8091,35.9801,36.1475,36.3114,36.4716,36.6283,36.7815,36.9312,37.0775,37.2204,37.3599,37.496,37.6288,37.7584,37.8846,38.0076,38.1274,38.244,38.3574,38.4676,38.5747,38.6787,38.7796,38.8774,38.9722,39.0639,39.1526,39.2383,39.321,39.4007,39.4775,39.5513,39.6221,39.69,39.755,39.8171,39.8762,39.9325,39.9858,40.0363,40.0839,40.1286,40.1705,40.2095,40.2456,40.2788,40.3092,40.3368,40.3615,40.3833,40.4022,40.4183,40.4316,40.4419,40.4494,40.454,40.4558,40.4547,40.4506,40.4437,40.4339,40.4212,40.4055,40.3869,40.3654,40.341,40.3136,40.2832,40.2499,40.2135,40.1742,40.1319,40.0865,40.0381,39.9867,39.9321,39.8745,39.8138,39.75,39.6831,39.613,39.5397,39.4633,39.3837,39.3009,39.2148,39.1255,39.0329,38.937,38.8378,38.7353,38.6294,38.5202,38.4076,38.2915,38.1721,38.0492,37.9229,37.7931,37.6598,37.523,37.3826,37.2388,37.0913,36.9403,36.7857,36.6275,36.4657,36.3003,36.1313,35.9586,35.7823,35.6024,35.4188,35.2316,35.0408,34.8463,34.6483,34.4466,34.2414,34.0327,33.8204,33.6047,33.3855,33.1629,32.937,32.7079,32.4755,32.2399,32.0013,31.7598,31.5154,31.2683,31.0186,30.7664,30.5118,30.2552,29.9966,29.7362,29.4743,29.2111,28.9468,28.6818,28.4163,28.1507,27.8852,27.6204,27.3565,27.094,26.8334,26.5751,26.3197,26.0676,25.8195,25.576,25.3376,25.105,24.879,24.6601,24.4491,24.2468,24.0538,23.8709,23.6989,23.5385,23.3904,23.2553,23.1339,23.0268,22.9346,22.8579,22.7972,22.7528,22.7252,22.7145,22.721,22.7449,22.786,22.8444,22.92,23.0124,23.1216,23.247,23.3882,23.5449,23.7164,23.9023,24.1018,24.3145,24.5397,24.7767,25.0249,25.2837,25.5523,25.8301,26.1166,26.4112,26.7131,27.0219,27.3371,27.6581
29.696,29.2967,28.8946,28.4898,28.0822,27.672,27.2591,26.8436,26.4256,26.0053,25.5827,25.1581,24.7315,24.3033,23.8736,23.4428,23.0111,22.579,22.147,21.7154,21.285,20.8563,20.4301,20.0072,19.5885,19.1751,18.7682,18.3691,17.9791,17.5999,17.2331,16.8806,16.5444,16.2266,15.9293,15.6548,15.4052,15.1829,14.99,14.8283,14.6995,14.6051,14.5461,14.5231,14.5363,14.5852,14.6693,14.7873,14.9377,15.1186,15.3281,15.5637,15.8233,16.1045,16.4049,16.7223,17.0545,17.3994,17.7552,18.1199,18.4921,18.8703,19.253,19.6391,20.0274,20.4172,20.8073,21.1972,21.586,21.9733,22.3585,22.7412,23.1208,23.4972,23.87,24.2389,24.6038,24.9644,25.3206,25.6722,26.0192,26.3614,26.6988,27.0313,27.3589,27.6816,27.9993,28.3121,28.6199,28.9228,29.2207,29.5137,29.8019,30.0851,30.3636,30.6372,30.9061,31.1703,31.4299,31.6848,31.9352,32.181,32.4223,32.6592,32.8918,33.12,33.3439,33.5635,33.779,33.9903,34.1975,34.4007,34.5998,34.795,34.9863,35.1737,35.3573,35.537,35.713,35.8853,36.0539,36.2189,36.3803,36.5381,36.6924,36.8432,36.9905,37.1344,37.2749,37.412,37.5458,37.6762,37.8034,37.9273,38.048,38.1655,38.2798,38.3909,38.4989,38.6037,38.7055,38.8042,38.8998,38.9924,39.0819,39.1684,39.252,39.3325,39.4101,39.4847,39.5564,39.6252,39.691,39.7539,39.8139,39.871,39.9252,39.9766,40.0251,40.0707,40.1134,40.1533,40.1903,40.2245,40.2558,40.2843,40.3099,40.3327,40.3526,40.3697,40.3839,40.3953,40.4038,40.4095,40.4123,40.4122,40.4093,40.4035,40.3948,40.3832,40.3688,40.3514,40.3311,40.3079,40.2818,40.2527,40.2206,40.1856,40.1477,40.1067,40.0628,40.0158,39.9659,39.9128,39.8568,39.7977,39.7355,39.6702,39.6018,39.5302,39.4556,39.3777,39.2967,39.2125,39.1251,39.0345,38.9406,38.8435,38.7431,38.6394,38.5324,38.4221,38.3084,38.1914,38.0709,37.9471,37.8199,37.6892,37.5552,37.4176,37.2766,37.1321,36.9841,36.8326,36.6776,36.5191,36.357,36.1914,36.0223,35.8496,35.6734,35.4937,35.3105,35.1237,34.9335,34.7397,34.5425,34.3419,34.1378,33.9304,33.7196,33.5055,33.2882,33.0677,32.8441,32.6174,32.3878,32.1553,31.92,31.682,31.4415,31.1985,30.9533,30.7059,30.4566,30.2056,29.953,29.699,29.444,29.1881,28.9316,28.6749,28.4182,28.1619,27.9064,27.652,27.3992,27.1484,26.9001,26.6547,26.4129,26.175,25.9417,25.7137,25.4914,25.2756,25.0669,24.866,24.6735,24.4901,24.3166,24.1536,24.0018,23.8619,23.7345,23.6202,23.5197,23.4334,23.3619,23.3056,23.2649,23.2401,23.2315,23.2392,23.2634,23.304,23.3611,23.4345,23.524,23.6294,23.7504,23.8866,24.0375,24.2028,24.3818,24.5741,24.7791,24.9962,25.2248,25.4644,25.7142,25.9738,26.2426,26.5198,26.8051,27.0978,27.3973,27.7032,28.015
29.5099,29.1063,28.6996,28.2898,27.8771,27.4614,27.0427,26.6211,26.1967,25.7696,25.3398,24.9076,24.473,24.0363,23.5977,23.1574,22.7157,22.2731,21.83,21.3867,20.9439,20.5022,20.0624,19.6252,19.1916,18.7626,18.3394,17.9234,17.5161,17.119,16.7341,16.3632,16.0085,15.6724,15.3572,15.0654,14.7996,14.5623,14.3559,14.1828,14.0449,13.9439,13.881,13.857,13.872,13.9257,14.0173,14.1453,14.3079,14.503,14.7282,14.981,15.2585,15.5583,15.8777,16.2142,16.5654,16.929,17.3031,17.6858,18.0753,18.4702,18.8689,19.2704,19.6734,20.0771,20.4806,20.8831,21.284,21.6827,22.0787,22.4716,22.8609,23.2465,23.628,24.0051,24.3778,24.7457,25.1089,25.4671,25.8203,26.1685,26.5115,26.8494,27.182,27.5095,27.8318,28.1489,28.4608,28.7676,29.0692,29.3658,29.6573,29.9437,30.2252,30.5018,30.7735,31.0404,31.3024,31.5598,31.8125,32.0605,32.304,32.5429,32.7774,33.0075,33.2332,33.4546,33.6717,33.8846,34.0934,34.2981,34.4987,34.6953,34.8879,35.0766,35.2614,35.4424,35.6196,35.7931,35.9628,36.1289,36.2914,36.4502,36.6056,36.7573,36.9057,37.0505,37.1919,37.33,37.4647,37.5961,37.7241,37.8489,37.9705,38.0888,38.2039,38.3159,38.4247,38.5304,38.633,38.7325,38.8289,38.9223,39.0127,39.1,39.1844,39.2657,39.3441,39.4196,39.4921,39.5616,39.6283,39.692,39.7529,39.8108,39.8659,39.9181,39.9674,40.0139,40.0575,40.0983,40.1362,40.1713,40.2035,40.2329,40.2595,40.2832,40.3041,40.3222,40.3374,40.3498,40.3593,40.366,40.3699,40.3709,40.3691,40.3644,40.3568,40.3464,40.3331,40.3169,40.2978,40.2759,40.251,40.2232,40.1925,40.1588,40.1222,40.0827,40.0401,39.9946,39.9461,39.8947,39.8401,39.7826,39.722,39.6584,39.5916,39.5218,39.4489,39.3729,39.2938,39.2115,39.126,39.0374,38.9455,38.8505,38.7522,38.6507,38.5459,38.4379,38.3266,38.2119,38.094,37.9727,37.8481,37.7201,37.5887,37.454,37.3158,37.1743,37.0293,36.8809,36.7291,36.5739,36.4152,36.2531,36.0875,35.9185,35.7461,35.5702,35.391,35.2083,35.0222,34.8328,34.64,34.4439,34.2446,34.042,33.8361,33.6272,33.4151,33.2,32.9819,32.761,32.5372,32.3107,32.0816,31.85,31.616,31.3798,31.1415,30.9012,30.6592,30.4156,30.1707,29.9245,29.6775,29.4299,29.1818,28.9337,28.6857,28.4384,28.192,27.9469,27.7035,27.4622,27.2235,26.9879,26.7558,26.5279,26.3045,26.0864,25.874,25.668,25.469,25.2777,25.0946,24.9204,24.7557,24.6013,24.4577,24.3255,24.2054,24.0979,24.0035,23.9228,23.8562,23.8041,23.7669,23.7448,23.7381,23.747,23.7715,23.8118,23.8677,23.9391,24.026,24.128,24.2449,24.3763,24.522,24.6813,24.854,25.0395,25.2373,25.4468,25.6675,25.8989,26.1404,26.3915,26.6515,26.92,27.1964,27.4802,27.7709,28.0679,28.3709
29.3311,28.9232,28.512,28.0976,27.6798,27.2588,26.8345,26.407,25.9764,25.5426,25.1059,24.6662,24.2237,23.7786,23.3312,22.8815,22.43,21.9769,21.5226,21.0676,20.6124,20.1576,19.7039,19.2521,18.8031,18.3581,17.9181,17.4846,17.0591,16.6432,16.239,15.8485,15.474,15.118,14.7833,14.4725,14.1887,13.9347,13.7134,13.5274,13.3791,13.2705,13.2032,13.1779,13.195,13.254,13.354,13.4932,13.6695,13.8804,14.123,14.3945,14.6917,15.0117,15.3515,15.7084,16.0798,16.4633,16.8567,17.2581,17.6656,18.0776,18.4929,18.91,19.328,19.7459,20.1628,20.5781,20.991,21.401,21.8078,22.2108,22.6098,23.0044,23.3944,23.7796,24.1599,24.535,24.905,25.2697,25.629,25.9828,26.3313,26.6743,27.0119,27.344,27.6706,27.9919,28.3077,28.6182,28.9234,29.2233,29.518,29.8076,30.092,30.3713,30.6457,30.915,31.1795,31.4392,31.694,31.9442,32.1897,32.4305,32.6669,32.8987,33.1261,33.3492,33.5679,33.7823,33.9926,34.1987,34.4006,34.5985,34.7924,34.9824,35.1684,35.3505,35.5289,35.7034,35.8743,36.0414,36.2049,36.3647,36.521,36.6737,36.823,36.9688,37.1111,37.25,37.3856,37.5178,37.6467,37.7724,37.8948,38.0139,38.1299,38.2426,38.3522,38.4587,38.5621,38.6624,38.7596,38.8538,38.9449,39.0331,39.1182,39.2004,39.2796,39.3558,39.4291,39.4994,39.5669,39.6315,39.6931,39.7519,39.8078,39.8608,39.911,39.9583,40.0028,40.0444,40.0832,40.1192,40.1524,40.1827,40.2102,40.2348,40.2567,40.2757,40.2919,40.3053,40.3159,40.3236,40.3285,40.3306,40.3299,40.3263,40.3199,40.3106,40.2984,40.2835,40.2656,40.2449,40.2212,40.1947,40.1653,40.133,40.0978,40.0596,40.0185,39.9745,39.9275,39.8775,39.8246,39.7686,39.7096,39.6477,39.5826,39.5146,39.4434,39.3692,39.2919,39.2115,39.128,39.0414,38.9516,38.8586,38.7625,38.6632,38.5607,38.4549,38.346,38.2338,38.1183,37.9996,37.8775,37.7522,37.6236,37.4917,37.3564,37.2179,37.076,36.9307,36.7821,36.6301,36.4748,36.3162,36.1542,35.9889,35.8202,35.6482,35.4729,35.2943,35.1125,34.9274,34.739,34.5475,34.3528,34.155,33.9542,33.7503,33.5435,33.3337,33.1212,32.9059,32.688,32.4675,32.2445,32.0192,31.7917,31.5622,31.3307,31.0974,30.8626,30.6263,30.3889,30.1505,29.9114,29.6718,29.432,29.1922,28.9529,28.7143,28.4767,28.2406,28.0064,27.7743,27.545,27.3188,27.0963,26.8778,26.664,26.4554,26.2525,26.0559,25.8662,25.684,25.5099,25.3444,25.1882,25.0419,24.906,24.7812,24.668,24.5669,24.4783,24.4029,24.3409,24.2928,24.2589,24.2394,24.2346,24.2446,24.2696,24.3095,24.3643,24.434,24.5184,24.6173,24.7304,24.8575,24.9982,25.1522,25.3189,25.498,25.689,25.8914,26.1047,26.3284,26.562,26.8049,27.0567,27.3168,27.5848,27.8601,28.1423,28.4308,28.7253
29.1598,28.7478,28.3324,27.9134,27.4908,27.0647,26.635,26.2018,25.7651,25.3249,24.8813,24.4344,23.9842,23.531,23.0748,22.616,22.1546,21.6911,21.2258,20.7591,20.2914,19.8234,19.3557,18.8892,18.4246,17.9631,17.5058,17.0541,16.6096,16.174,15.7494,15.338,14.9422,14.5648,14.2088,13.8772,13.5734,13.3008,13.0625,12.862,12.7018,12.5846,12.512,12.4853,12.5047,12.5698,12.6792,12.831,13.0227,13.2512,13.5132,13.8053,14.124,14.466,14.8278,15.2066,15.5995,16.0039,16.4175,16.8382,17.2643,17.6941,18.1262,18.5593,18.9925,19.4246,19.855,20.283,20.7079,21.1292,21.5466,21.9596,22.368,22.7715,23.1699,23.563,23.9507,24.3328,24.7093,25.0802,25.4454,25.8048,26.1585,26.5065,26.8487,27.1852,27.516,27.8412,28.1609,28.4749,28.7835,29.0866,29.3844,29.6768,29.9639,30.2459,30.5227,30.7945,31.0613,31.3231,31.58,31.8321,32.0795,32.3222,32.5603,32.7938,33.0228,33.2474,33.4676,33.6834,33.895,34.1024,34.3057,34.5048,34.6999,34.891,35.0782,35.2614,35.4408,35.6164,35.7882,35.9563,36.1208,36.2816,36.4387,36.5924,36.7425,36.8891,37.0323,37.1721,37.3085,37.4415,37.5713,37.6977,37.8209,37.9408,38.0575,38.1711,38.2814,38.3887,38.4928,38.5939,38.6919,38.7868,38.8787,38.9676,39.0535,39.1364,39.2164,39.2934,39.3674,39.4386,39.5068,39.5722,39.6346,39.6942,39.7509,39.8048,39.8558,39.9039,39.9493,39.9918,40.0314,40.0683,40.1023,40.1335,40.1619,40.1876,40.2104,40.2303,40.2475,40.2619,40.2735,40.2823,40.2882,40.2914,40.2917,40.2892,40.2839,40.2758,40.2648,40.251,40.2344,40.2149,40.1925,40.1673,40.1392,40.1082,40.0744,40.0376,39.998,39.9554,39.9099,39.8614,39.81,39.7556,39.6983,39.638,39.5747,39.5084,39.439,39.3666,39.2912,39.2127,39.1312,39.0465,38.9588,38.8679,38.774,38.6768,38.5766,38.4732,38.3666,38.2568,38.1438,38.0276,37.9082,37.7856,37.6598,37.5307,37.3983,37.2627,37.1239,36.9817,36.8364,36.6877,36.5358,36.3807,36.2222,36.0606,35.8957,35.7276,35.5563,35.3818,35.2041,35.0233,34.8394,34.6524,34.4624,34.2694,34.0735,33.8747,33.6731,33.4687,33.2616,33.052,32.8398,32.6253,32.4084,32.1894,31.9683,31.7453,31.5206,31.2943,31.0665,30.8375,30.6075,30.3767,30.1453,29.9136,29.6819,29.4504,29.2194,28.9893,28.7604,28.533,28.3076,28.0846,27.8643,27.6473,27.4339,27.2246,27.02,26.8205,26.6268,26.4392,26.2584,26.0849,25.9193,25.7621,25.614,25.4754,25.3469,25.229,25.1223,25.0272,24.9443,24.8738,24.8162,24.7719,24.7411,24.7241,24.7211,24.7323,24.7577,24.7974,24.8513,24.9194,25.0015,25.0975,25.2072,25.3303,25.4664,25.6152,25.7764,25.9495,26.1342,26.3299,26.5362,26.7526,26.9787,27.214,27.4579,27.7101,27.97,28.2372,28.5112,28.7916,29.078
28.9962,28.5804,28.1608,27.7375,27.3104,26.8794,26.4446,26.0059,25.5633,25.1169,24.6667,24.2128,23.7552,23.294,22.8294,22.3615,21.8906,21.4168,20.9406,20.4622,19.9822,19.501,19.0193,18.5378,18.0574,17.5791,17.1041,16.6337,16.1695,15.7133,15.2672,14.8335,14.4149,14.0144,13.6351,13.2807,12.9547,12.6612,12.4039,12.1867,12.013,11.8858,11.8072,11.7787,11.8006,11.8725,11.9927,12.1589,12.3679,12.6162,12.8998,13.2147,13.557,13.9227,14.3083,14.7104,15.126,15.5524,15.9871,16.428,16.8732,17.3211,17.7703,18.2196,18.6679,19.1144,19.5583,19.9989,20.4356,20.8681,21.2959,21.7188,22.1364,22.5485,22.955,23.3557,23.7506,24.1395,24.5224,24.8992,25.27,25.6347,25.9934,26.3461,26.6927,27.0335,27.3683,27.6972,28.0204,28.3378,28.6496,28.9557,29.2564,29.5515,29.8413,30.1257,30.4049,30.6788,30.9477,31.2116,31.4704,31.7244,31.9735,32.2179,32.4576,32.6927,32.9232,33.1492,33.3707,33.5879,33.8008,34.0095,34.2139,34.4142,34.6104,34.8026,34.9908,35.175,35.3554,35.532,35.7047,35.8737,36.0391,36.2007,36.3588,36.5133,36.6642,36.8117,36.9557,37.0962,37.2334,37.3672,37.4977,37.6249,37.7488,37.8695,37.9869,38.1012,38.2123,38.3203,38.4252,38.527,38.6257,38.7213,38.814,38.9036,38.9902,39.0739,39.1546,39.2323,39.3071,39.379,39.448,39.5141,39.5774,39.6377,39.6953,39.7499,39.8017,39.8507,39.8969,39.9402,39.9807,40.0185,40.0534,40.0855,40.1148,40.1413,40.1651,40.186,40.2042,40.2196,40.2321,40.2419,40.2489,40.2531,40.2545,40.2532,40.249,40.242,40.2322,40.2196,40.2041,40.1859,40.1648,40.1409,40.1141,40.0844,40.052,40.0166,39.9784,39.9372,39.8932,39.8463,39.7965,39.7437,39.688,39.6293,39.5677,39.5032,39.4356,39.3651,39.2915,39.2149,39.1353,39.0527,38.967,38.8783,38.7865,38.6916,38.5936,38.4925,38.3883,38.2809,38.1705,38.0569,37.9401,37.8202,37.6971,37.5708,37.4414,37.3088,37.173,37.034,36.8919,36.7465,36.598,36.4463,36.2915,36.1335,35.9724,35.8082,35.6408,35.4704,35.297,35.1205,34.941,34.7586,34.5732,34.385,34.194,34.0002,33.8038,33.6047,33.4031,33.1991,32.9927,32.784,32.5732,32.3604,32.1456,31.9291,31.7111,31.4915,31.2708,31.0489,30.8262,30.6028,30.3791,30.1551,29.9312,29.7078,29.485,29.2631,29.0426,28.8238,28.6071,28.3927,28.1812,27.9729,27.7684,27.568,27.3722,27.1816,26.9965,26.8176,26.6453,26.4802,26.3227,26.1735,26.033,25.9017,25.7802,25.669,25.5685,25.4791,25.4014,25.3357,25.2823,25.2416,25.2138,25.1992,25.198,25.2102,25.2361,25.2756,25.3287,25.3954,25.4754,25.5688,25.6753,25.7946,25.9265,26.0706,26.2266,26.3941,26.5728,26.7622,26.9619,27.1715,27.3905,27.6185,27.855,28.0996,28.3518,28.6113,28.8775,29.1501,29.4286
28.8405,28.4211,27.9977,27.5703,27.1388,26.7032,26.2635,25.8196,25.3715,24.9192,24.4627,24.002,23.5372,23.0683,22.5955,22.1189,21.6386,21.1548,20.6679,20.1781,19.6858,19.1916,18.6959,18.1995,17.7032,17.2079,16.7148,16.2251,15.7406,15.263,14.7944,14.3372,13.8943,13.4688,13.0643,12.6847,12.3341,12.0171,11.7383,11.502,11.3126,11.1737,11.088,11.0574,11.0823,11.162,11.2946,11.4772,11.706,11.9765,12.2842,12.6244,12.9924,13.384,13.7951,14.222,14.6616,15.1109,15.5675,16.0291,16.4939,16.9602,17.4267,17.8923,18.3558,18.8166,19.2737,19.7268,20.1752,20.6186,21.0566,21.489,21.9155,22.336,22.7504,23.1584,23.5602,23.9555,24.3445,24.727,25.1031,25.4729,25.8363,26.1935,26.5443,26.889,27.2276,27.5601,27.8866,28.2072,28.5219,28.8309,29.1342,29.4319,29.724,30.0107,30.2921,30.5681,30.839,31.1047,31.3654,31.6211,31.8718,32.1178,32.359,32.5955,32.8273,33.0547,33.2775,33.4959,33.71,33.9198,34.1253,34.3267,34.5239,34.7171,34.9062,35.0914,35.2727,35.4502,35.6238,35.7937,35.9598,36.1223,36.2812,36.4364,36.5881,36.7364,36.8811,37.0224,37.1603,37.2948,37.426,37.5539,37.6785,37.7999,37.9181,38.0331,38.1449,38.2536,38.3591,38.4616,38.561,38.6574,38.7507,38.841,38.9284,39.0127,39.0941,39.1726,39.2482,39.3208,39.3905,39.4574,39.5214,39.5825,39.6408,39.6963,39.7489,39.7987,39.8456,39.8898,39.9312,39.9698,40.0055,40.0385,40.0688,40.0962,40.1209,40.1427,40.1619,40.1782,40.1918,40.2026,40.2106,40.2159,40.2184,40.2181,40.215,40.2092,40.2005,40.1891,40.1749,40.1578,40.138,40.1154,40.0899,40.0616,40.0305,39.9965,39.9597,39.9201,39.8775,39.8322,39.7839,39.7327,39.6786,39.6217,39.5618,39.4989,39.4332,39.3645,39.2928,39.2182,39.1405,39.0599,38.9763,38.8897,38.8,38.7073,38.6116,38.5129,38.411,38.3062,38.1982,38.0871,37.973,37.8558,37.7355,37.6121,37.4856,37.3559,37.2232,37.0874,36.9485,36.8064,36.6613,36.5132,36.3619,36.2076,36.0503,35.8899,35.7265,35.5602,35.3909,35.2187,35.0436,34.8657,34.685,34.5016,34.3155,34.1267,33.9354,33.7416,33.5455,33.347,33.1462,32.9434,32.7386,32.5319,32.3234,32.1133,31.9018,31.689,31.4751,31.2603,31.0447,30.8286,30.6123,30.3959,30.1798,29.9642,29.7493,29.5356,29.3233,29.1127,28.9043,28.6984,28.4954,28.2957,28.0997,27.9078,27.7205,27.5383,27.3617,27.191,27.0269,26.8697,26.72,26.5784,26.4452,26.3209,26.2061,26.1011,26.0065,25.9226,25.8499,25.7887,25.7392,25.702,25.6771,25.6648,25.6652,25.6786,25.705,25.7443,25.7967,25.8621,25.9403,26.0313,26.1348,26.2506,26.3785,26.5182,26.6694,26.8317,27.0048,27.1882,27.3817,27.5848,27.7971,28.0182,28.2477,28.4851,28.73,28.982,29.2408,29.5059,29.7769
28.693,28.2702,27.8432,27.412,26.9765,26.5366,26.0922,25.6434,25.19,24.7321,24.2696,23.8025,23.3308,22.8546,22.374,21.8889,21.3996,20.9061,20.4088,19.9079,19.4036,18.8965,18.387,17.8758,17.3635,16.8512,16.3398,15.8306,15.3253,14.8255,14.3334,13.8515,13.3828,12.9305,12.4986,12.0912,11.7133,11.37,11.0665,10.8084,10.6008,10.4481,10.3541,10.3208,10.349,10.4379,10.5849,10.7865,11.0378,11.3335,11.6683,12.0364,12.4327,12.8522,13.2906,13.7438,14.2086,14.6818,15.1609,15.6437,16.1284,16.6133,17.0972,17.5789,18.0575,18.5323,19.0026,19.4678,19.9276,20.3816,20.8295,21.2711,21.7062,22.1347,22.5565,22.9716,23.3799,23.7814,24.1761,24.564,24.9452,25.3197,25.6876,26.0489,26.4037,26.7521,27.0941,27.4299,27.7595,28.0831,28.4006,28.7122,29.0179,29.318,29.6124,29.9012,30.1845,30.4625,30.7352,31.0026,31.2649,31.5222,31.7745,32.0218,32.2644,32.5022,32.7353,32.9639,33.1879,33.4074,33.6226,33.8334,34.0399,34.2422,34.4404,34.6345,34.8246,35.0106,35.1928,35.371,35.5455,35.7161,35.883,36.0463,36.2059,36.3618,36.5143,36.6632,36.8086,36.9506,37.0892,37.2244,37.3563,37.4848,37.6101,37.7322,37.851,37.9666,38.0791,38.1884,38.2947,38.3978,38.4979,38.5949,38.6889,38.7799,38.8679,38.953,39.0351,39.1142,39.1905,39.2639,39.3343,39.4019,39.4666,39.5285,39.5876,39.6438,39.6972,39.7477,39.7955,39.8405,39.8827,39.9221,39.9588,39.9926,40.0237,40.0521,40.0777,40.1005,40.1206,40.1379,40.1524,40.1642,40.1733,40.1796,40.1832,40.184,40.182,40.1773,40.1698,40.1595,40.1465,40.1307,40.1122,40.0908,40.0666,40.0397,40.01,39.9774,39.942,39.9038,39.8628,39.8189,39.7722,39.7227,39.6702,39.6149,39.5567,39.4957,39.4317,39.3648,39.295,39.2223,39.1467,39.0681,38.9865,38.902,38.8146,38.7241,38.6307,38.5342,38.4348,38.3324,38.2269,38.1185,38.007,37.8925,37.7749,37.6544,37.5308,37.4041,37.2745,37.1418,37.0061,36.8674,36.7257,36.581,36.4333,36.2827,36.1291,35.9726,35.8132,35.6509,35.4858,35.3179,35.1472,34.9738,34.7977,34.619,34.4378,34.254,34.0678,33.8793,33.6885,33.4955,33.3004,33.1033,32.9044,32.7037,32.5014,32.2977,32.0927,31.8865,31.6793,31.4713,31.2628,31.0539,30.8449,30.6359,30.4273,30.2193,30.0123,29.8064,29.6021,29.3996,29.1993,29.0015,28.8067,28.6152,28.4274,28.2438,28.0647,27.8907,27.722,27.5593,27.403,27.2535,27.1113,26.9768,26.8505,26.733,26.6245,26.5255,26.4365,26.3578,26.2899,26.2329,26.1873,26.1533,26.1311,26.121,26.1231,26.1376,26.1645,26.2038,26.2556,26.3198,26.3963,26.4851,26.5858,26.6984,26.8226,26.9582,27.1048,27.2622,27.4301,27.608,27.7956,27.9926,28.1986,28.4131,28.6358,28.8664,29.1043,29.3493,29.6009,29.8588,30.1227
28.5538,28.1279,27.6977,27.2629,26.8236,26.3797,25.9311,25.4776,25.0194,24.5562,24.088,23.6149,23.1367,22.6536,22.1655,21.6724,21.1744,20.6717,20.1643,19.6526,19.1367,18.6171,18.0941,17.5683,17.0403,16.511,15.9813,15.4524,14.9259,14.4034,13.887,13.3794,12.8833,12.4024,11.9408,11.5032,11.0948,10.7217,10.3902,10.1068,9.87775,9.70889,9.60475,9.56827,9.6004,9.70001,9.86396,10.0875,10.3648,10.6893,11.0544,11.4535,11.8806,12.3303,12.7977,13.2787,13.7697,14.2675,14.7697,15.274,15.7787,16.2822,16.7833,17.2811,17.7745,18.263,18.746,19.2231,19.6938,20.158,20.6153,21.0657,21.509,21.9451,22.3741,22.7957,23.2102,23.6175,24.0175,24.4105,24.7964,25.1754,25.5474,25.9126,26.271,26.6229,26.9681,27.307,27.6394,27.9657,28.2857,28.5997,28.9078,29.21,29.5064,29.7971,30.0823,30.362,30.6363,30.9053,31.1691,31.4278,31.6815,31.9301,32.1739,32.4129,32.6472,32.8768,33.1019,33.3225,33.5386,33.7503,33.9578,34.161,34.36,34.5549,34.7458,34.9326,35.1155,35.2945,35.4697,35.6411,35.8087,35.9726,36.1329,36.2895,36.4426,36.5922,36.7383,36.8809,37.0201,37.1559,37.2884,37.4176,37.5435,37.6662,37.7856,37.9019,38.015,38.1249,38.2318,38.3356,38.4363,38.5339,38.6286,38.7202,38.8089,38.8946,38.9774,39.0572,39.1342,39.2082,39.2794,39.3477,39.4131,39.4757,39.5355,39.5925,39.6466,39.698,39.7465,39.7923,39.8353,39.8756,39.9131,39.9478,39.9798,40.009,40.0355,40.0592,40.0802,40.0985,40.1141,40.1269,40.137,40.1443,40.1489,40.1508,40.1499,40.1463,40.14,40.1309,40.1191,40.1045,40.0872,40.0671,40.0443,40.0187,39.9903,39.9592,39.9252,39.8885,39.8489,39.8066,39.7615,39.7135,39.6627,39.6091,39.5526,39.4933,39.4311,39.3661,39.2982,39.2274,39.1537,39.0772,38.9977,38.9153,38.83,38.7418,38.6506,38.5565,38.4595,38.3595,38.2566,38.1507,38.0419,37.9301,37.8153,37.6976,37.5769,37.4533,37.3267,37.1972,37.0647,36.9293,36.791,36.6498,36.5057,36.3587,36.2089,36.0562,35.9008,35.7425,35.5816,35.4179,35.2516,35.0827,34.9112,34.7372,34.5608,34.382,34.2008,34.0175,33.832,33.6444,33.4549,33.2635,33.0704,32.8757,32.6796,32.4821,32.2834,32.0837,31.8831,31.682,31.4803,31.2784,31.0765,30.8748,30.6736,30.4731,30.2736,30.0754,29.8788,29.6841,29.4917,29.3018,29.1149,28.9314,28.7516,28.5759,28.4047,28.2384,28.0776,27.9225,27.7736,27.6314,27.4963,27.3687,27.2491,27.1379,27.0355,26.9422,26.8586,26.7848,26.7214,26.6685,26.6265,26.5957,26.5762,26.5682,26.5719,26.5874,26.6149,26.6542,26.7055,26.7686,26.8436,26.9303,27.0285,27.1381,27.2589,27.3906,27.533,27.6858,27.8487,28.0214,28.2035,28.3947,28.5946,28.803,29.0193,29.2433,29.4747,29.7129,29.9577,30.2088,30.4657
28.4233,27.9946,27.5613,27.1233,26.6806,26.233,25.7804,25.3227,24.8599,24.3918,23.9184,23.4397,22.9555,22.4658,21.9707,21.47,20.9639,20.4523,19.9355,19.4135,18.8865,18.3548,17.8187,17.2787,16.7353,16.1893,15.6415,15.093,14.5452,13.9996,13.4584,12.924,12.3994,11.8882,11.3946,10.9239,10.4818,10.0752,9.71144,9.39846,9.14416,8.95586,8.83954,8.7991,8.83585,8.9483,9.13234,9.38181,9.68922,10.0465,10.4456,10.879,11.3397,11.8218,12.32,12.83,13.348,13.8711,14.3966,14.9225,15.4471,15.969,16.4871,17.0004,17.5083,18.01,18.5053,18.9937,19.4749,19.9487,20.415,20.8737,21.3247,21.768,22.2035,22.6314,23.0516,23.4642,23.8693,24.2669,24.6572,25.0402,25.416,25.7848,26.1466,26.5016,26.8498,27.1914,27.5265,27.8551,28.1775,28.4937,28.8038,29.1079,29.4062,29.6986,29.9855,30.2667,30.5425,30.8129,31.0781,31.338,31.5929,31.8427,32.0876,32.3277,32.563,32.7936,33.0196,33.241,33.458,33.6706,33.8789,34.0829,34.2827,34.4783,34.6699,34.8574,35.041,35.2207,35.3965,35.5685,35.7368,35.9013,36.0622,36.2195,36.3732,36.5233,36.67,36.8132,36.953,37.0894,37.2225,37.3523,37.4788,37.602,37.722,37.8389,37.9525,38.0631,38.1705,38.2749,38.3762,38.4745,38.5697,38.662,38.7513,38.8376,38.921,39.0015,39.0791,39.1538,39.2257,39.2947,39.3608,39.4241,39.4846,39.5423,39.5972,39.6493,39.6987,39.7452,39.789,39.8301,39.8684,39.904,39.9368,39.9669,39.9943,40.019,40.0409,40.0601,40.0767,40.0905,40.1015,40.1099,40.1156,40.1185,40.1188,40.1163,40.1111,40.1032,40.0926,40.0792,40.0632,40.0444,40.0228,39.9986,39.9715,39.9418,39.9093,39.874,39.836,39.7952,39.7516,39.7052,39.6561,39.6041,39.5494,39.4918,39.4314,39.3682,39.3022,39.2334,39.1617,39.0871,39.0097,38.9295,38.8463,38.7603,38.6715,38.5797,38.4851,38.3875,38.2871,38.1838,38.0776,37.9685,37.8565,37.7417,37.6239,37.5033,37.3798,37.2534,37.1241,36.992,36.8571,36.7194,36.5788,36.4355,36.2894,36.1406,35.9891,35.8349,35.6781,35.5187,35.3567,35.1922,35.0253,34.856,34.6843,34.5104,34.3343,34.1561,33.9758,33.7936,33.6096,33.4239,33.2366,33.0477,32.8576,32.6662,32.4738,32.2805,32.0865,31.8919,31.697,31.502,31.3071,31.1124,30.9184,30.7252,30.5331,30.3423,30.1532,29.9661,29.7813,29.5991,29.4199,29.2441,29.0719,28.9039,28.7403,28.5816,28.4281,28.2803,28.1386,28.0034,27.8751,27.7542,27.6409,27.5358,27.4391,27.3513,27.2728,27.2038,27.1446,27.0957,27.0571,27.0293,27.0123,27.0064,27.0117,27.0283,27.0562,27.0956,27.1465,27.2087,27.2823,27.367,27.4629,27.5698,27.6874,27.8155,27.9539,28.1024,28.2607,28.4284,28.6053,28.7911,28.9853,29.1878,29.3981,29.6159,29.8409,30.0727,30.311,30.5554,30.8057
28.3015,27.8703,27.4343,26.9934,26.5476,26.0966,25.6404,25.1789,24.712,24.2395,23.7613,23.2774,22.7876,22.2919,21.7903,21.2826,20.7689,20.2491,19.7233,19.1916,18.6541,18.1109,17.5623,17.0087,16.4505,15.8883,15.3228,14.755,14.186,13.6174,13.0511,12.4894,11.9351,11.392,10.8644,10.3577,9.8784,9.434,9.03322,8.68564,8.40115,8.18926,8.05793,8.01253,8.05486,8.18292,8.39115,8.67139,9.01397,9.40881,9.8462,10.3173,10.8144,11.3309,11.8614,12.4014,12.9471,13.4956,14.0445,14.5918,15.1359,15.6758,16.2103,16.7386,17.2603,17.7747,18.2816,18.7807,19.2718,19.7547,20.2293,20.6958,21.1539,21.6038,22.0455,22.479,22.9045,23.3221,23.7317,24.1336,24.5278,24.9145,25.2938,25.6658,26.0306,26.3884,26.7393,27.0833,27.4207,27.7516,28.076,28.3941,28.706,29.0119,29.3118,29.6058,29.8941,30.1767,30.4538,30.7255,30.9918,31.2528,31.5088,31.7596,32.0055,32.2465,32.4827,32.7141,32.9409,33.1632,33.3809,33.5943,33.8032,34.0079,34.2084,34.4047,34.5969,34.7851,34.9693,35.1495,35.3259,35.4985,35.6674,35.8325,35.9939,36.1517,36.3059,36.4566,36.6038,36.7476,36.8879,37.0249,37.1585,37.2888,37.4158,37.5396,37.6601,37.7775,37.8917,38.0028,38.1108,38.2158,38.3176,38.4165,38.5123,38.6052,38.6951,38.782,38.866,38.9472,39.0254,39.1007,39.1732,39.2429,39.3097,39.3737,39.4349,39.4933,39.5489,39.6018,39.6519,39.6992,39.7438,39.7857,39.8248,39.8612,39.8949,39.9259,39.9541,39.9797,40.0025,40.0227,40.0402,40.055,40.067,40.0764,40.0832,40.0872,40.0885,40.0872,40.0831,40.0764,40.0669,40.0548,40.04,40.0224,40.0022,39.9793,39.9536,39.9253,39.8942,39.8604,39.8238,39.7845,39.7425,39.6977,39.6502,39.6,39.5469,39.4911,39.4326,39.3712,39.3071,39.2401,39.1704,39.0979,39.0226,38.9444,38.8635,38.7797,38.6931,38.6037,38.5115,38.4164,38.3185,38.2178,38.1142,38.0078,37.8986,37.7866,37.6717,37.5541,37.4336,37.3104,37.1843,37.0555,36.924,36.7897,36.6527,36.513,36.3707,36.2257,36.0781,35.9279,35.7752,35.62,35.4623,35.3022,35.1398,34.9752,34.8082,34.6392,34.468,34.2949,34.1198,33.943,33.7644,33.5842,33.4026,33.2196,33.0353,32.85,32.6637,32.4767,32.289,32.101,31.9127,31.7244,31.5363,31.3486,31.1616,30.9755,30.7905,30.607,30.4252,30.2455,30.068,29.8933,29.7215,29.5531,29.3884,29.2277,29.0714,28.9199,28.7736,28.6328,28.498,28.3695,28.2478,28.1331,28.0259,27.9266,27.8355,27.7529,27.6792,27.6147,27.5597,27.5145,27.4793,27.4543,27.4398,27.4358,27.4426,27.4603,27.4888,27.5283,27.5788,27.6402,27.7125,27.7955,27.8893,27.9935,28.1082,28.2329,28.3677,28.5121,28.666,28.8291,29.0011,29.1816,29.3705,29.5674,29.772,29.9839,30.2028,30.4285,30.6606,30.8987,31.1427
28.1887,27.7552,27.3169,26.8735,26.4249,25.9709,25.5116,25.0466,24.576,24.0995,23.617,23.1284,22.6336,22.1325,21.6249,21.1108,20.5901,20.0628,19.5287,18.988,18.4407,17.8868,17.3266,16.7601,16.1878,15.6101,15.0276,14.4411,13.8515,13.2602,12.6689,12.0796,11.4952,10.919,10.3555,9.81022,9.28998,8.80319,8.35985,7.97148,7.65058,7.40962,7.25951,7.20776,7.25701,7.40443,7.64228,7.95947,8.34334,8.78122,9.26146,9.77389,10.31,10.8628,11.4267,11.9972,12.5707,13.1445,13.7164,14.2845,14.8476,15.4047,15.9548,16.4975,17.0321,17.5584,18.0762,18.5852,19.0854,19.5767,20.059,20.5325,20.9972,21.4531,21.9004,22.3391,22.7694,23.1913,23.6051,24.0107,24.4085,24.7985,25.1809,25.5557,25.9232,26.2835,26.6367,26.9829,27.3224,27.6551,27.9814,28.3012,28.6147,28.922,29.2233,29.5187,29.8082,30.092,30.3702,30.6429,30.9103,31.1723,31.4291,31.6808,31.9276,32.1693,32.4063,32.6385,32.866,33.0889,33.3073,33.5213,33.7309,33.9362,34.1372,34.3341,34.5268,34.7155,34.9003,35.0811,35.258,35.4311,35.6004,35.766,35.9279,36.0862,36.2409,36.3921,36.5398,36.684,36.8248,36.9623,37.0963,37.2271,37.3546,37.4789,37.6,37.7179,37.8326,37.9442,38.0527,38.1582,38.2606,38.36,38.4564,38.5498,38.6403,38.7278,38.8124,38.8941,38.9729,39.0489,39.122,39.1923,39.2598,39.3245,39.3864,39.4455,39.5018,39.5554,39.6062,39.6543,39.6996,39.7423,39.7822,39.8194,39.8539,39.8858,39.9149,39.9414,39.9651,39.9862,40.0046,40.0204,40.0335,40.0439,40.0516,40.0567,40.0591,40.0589,40.056,40.0504,40.0421,40.0312,40.0176,40.0014,39.9824,39.9608,39.9365,39.9095,39.8799,39.8475,39.8125,39.7747,39.7342,39.6911,39.6452,39.5966,39.5453,39.4912,39.4344,39.3749,39.3127,39.2477,39.1799,39.1094,39.0362,38.9602,38.8814,38.7998,38.7155,38.6284,38.5386,38.446,38.3506,38.2524,38.1515,38.0478,37.9414,37.8322,37.7203,37.6056,37.4882,37.3681,37.2452,37.1197,36.9915,36.8607,36.7272,36.5912,36.4525,36.3113,36.1676,36.0214,35.8728,35.7217,35.5684,35.4127,35.2548,35.0947,34.9324,34.7682,34.6019,34.4338,34.2639,34.0923,33.9191,33.7444,33.5683,33.391,33.2126,33.0332,32.853,32.6721,32.4907,32.309,32.1272,31.9455,31.7641,31.5831,31.4029,31.2237,31.0458,30.8693,30.6946,30.522,30.3518,30.1842,30.0196,29.8584,29.7008,29.5472,29.3979,29.2534,29.114,28.98,28.8518,28.7297,28.6142,28.5056,28.4042,28.3104,28.2246,28.147,28.0779,28.0178,27.9667,27.9251,27.8931,27.8709,27.8587,27.8567,27.865,27.8836,27.9128,27.9524,28.0026,28.0633,28.1344,28.2159,28.3076,28.4095,28.5213,28.643,28.7742,28.9149,29.0647,29.2234,29.3907,29.5664,29.7502,29.9418,30.1409,30.3472,30.5604,30.7803,31.0064,31.2385,31.4764
28.0849,27.6496,27.2092,26.7636,26.3126,25.8562,25.394,24.9261,24.4522,23.9722,23.4859,22.9932,22.494,21.988,21.4752,20.9553,20.4284,19.8942,19.3527,18.8039,18.2476,17.6839,17.1129,16.5346,15.9492,15.357,14.7585,14.1542,13.545,12.9317,12.3159,11.6995,11.0848,10.475,9.87428,9.28814,8.72356,8.18957,7.69744,7.26086,6.89558,6.61819,6.44399,6.38395,6.44202,6.61404,6.88882,7.25088,7.68342,8.17053,8.69838,9.25552,9.83283,10.4232,11.021,11.622,12.2231,12.8215,13.4155,14.0036,14.5847,15.1579,15.7227,16.2786,16.8252,17.3625,17.8902,18.4082,18.9167,19.4155,19.9048,20.3847,20.8552,21.3165,21.7687,22.212,22.6465,23.0723,23.4897,23.8987,24.2996,24.6924,25.0774,25.4548,25.8246,26.187,26.5422,26.8903,27.2315,27.5659,27.8937,28.2149,28.5298,28.8383,29.1408,29.4373,29.7279,30.0127,30.2918,30.5654,30.8336,31.0964,31.354,31.6065,31.8539,32.0963,32.3339,32.5667,32.7948,33.0183,33.2372,33.4517,33.6618,33.8676,34.0691,34.2664,34.4597,34.6488,34.834,35.0152,35.1926,35.3661,35.5359,35.7019,35.8642,36.023,36.1781,36.3297,36.4778,36.6225,36.7637,36.9016,37.0361,37.1673,37.2953,37.42,37.5415,37.6599,37.7751,37.8872,37.9962,38.1021,38.205,38.3049,38.4019,38.4958,38.5868,38.6749,38.7601,38.8423,38.9218,38.9983,39.0721,39.143,39.2111,39.2764,39.3389,39.3987,39.4557,39.51,39.5616,39.6104,39.6565,39.6999,39.7406,39.7786,39.814,39.8466,39.8766,39.904,39.9286,39.9506,39.97,39.9867,40.0008,40.0122,40.0209,40.0271,40.0306,40.0314,40.0296,40.0252,40.0181,40.0084,39.9961,39.9811,39.9634,39.9431,39.9202,39.8946,39.8663,39.8354,39.8019,39.7656,39.7267,39.6852,39.6409,39.594,39.5444,39.4921,39.4371,39.3794,39.319,39.256,39.1902,39.1217,39.0505,38.9766,38.9,38.8207,38.7386,38.6539,38.5664,38.4763,38.3834,38.2878,38.1895,38.0885,37.9848,37.8785,37.7694,37.6577,37.5434,37.4264,37.3067,37.1845,37.0596,36.9322,36.8023,36.6698,36.5348,36.3974,36.2576,36.1153,35.9707,35.8239,35.6747,35.5234,35.3699,35.2143,35.0568,34.8973,34.7359,34.5727,34.4079,34.2415,34.0736,33.9043,33.7337,33.562,33.3893,33.2157,33.0414,32.8666,32.6914,32.5159,32.3404,32.1651,31.9902,31.8159,31.6423,31.4698,31.2987,31.1291,30.9613,30.7956,30.6323,30.4717,30.314,30.1597,30.009,29.8623,29.7199,29.582,29.4492,29.3217,29.1998,29.0839,28.9744,28.8716,28.7758,28.6873,28.6065,28.5337,28.4691,28.4131,28.3658,28.3276,28.2987,28.2791,28.2692,28.2691,28.2788,28.2985,28.3283,28.3681,28.4181,28.4781,28.5481,28.6281,28.718,28.8177,28.927,29.0457,29.1737,29.3108,29.4567,29.6113,29.7743,29.9454,30.1244,30.311,30.5049,30.7058,30.9136,31.1278,31.3483,31.5746,31.8067
27.9903,27.5535,27.1114,26.664,26.2111,25.7525,25.288,24.8176,24.341,23.858,23.3685,22.8723,22.3692,21.859,21.3416,20.8168,20.2844,19.7442,19.1962,18.6401,18.0759,17.5035,16.9227,16.3337,15.7365,15.1312,14.518,13.8973,13.2696,12.6357,11.9967,11.3541,10.7098,10.0666,9.42829,8.79983,8.1881,7.60231,7.05471,6.56118,6.1413,5.81738,5.61143,5.54019,5.60993,5.81417,6.13593,6.55301,7.04292,7.58588,8.16587,8.7705,9.39044,10.0187,10.6502,11.281,11.9085,12.5303,13.1452,13.7518,14.3495,14.9375,15.5157,16.0835,16.641,17.1881,17.7246,18.2507,18.7665,19.272,19.7674,20.2529,20.7285,21.1944,21.6509,22.0981,22.5362,22.9654,23.3858,23.7977,24.2012,24.5965,24.9837,25.3631,25.7349,26.0991,26.4559,26.8056,27.1482,27.484,27.813,28.1354,28.4513,28.7609,29.0644,29.3617,29.6531,29.9387,30.2186,30.493,30.7618,31.0253,31.2834,31.5365,31.7844,32.0274,32.2654,32.4987,32.7273,32.9512,33.1706,33.3855,33.596,33.8022,34.0041,34.2018,34.3954,34.5849,34.7705,34.9521,35.1298,35.3037,35.4738,35.6402,35.8029,35.962,36.1175,36.2694,36.4179,36.563,36.7046,36.8428,36.9777,37.1094,37.2377,37.3629,37.4848,37.6036,37.7192,37.8318,37.9412,38.0476,38.151,38.2514,38.3488,38.4432,38.5347,38.6233,38.709,38.7919,38.8718,38.949,39.0233,39.0948,39.1635,39.2295,39.2926,39.3531,39.4108,39.4657,39.518,39.5675,39.6144,39.6585,39.7,39.7388,39.775,39.8085,39.8393,39.8675,39.893,39.916,39.9362,39.9539,39.9689,39.9813,39.9911,39.9983,40.0029,40.0048,40.0041,40.0008,39.9949,39.9864,39.9753,39.9616,39.9452,39.9262,39.9046,39.8804,39.8536,39.8241,39.792,39.7573,39.7199,39.68,39.6373,39.5921,39.5442,39.4936,39.4404,39.3846,39.3261,39.2649,39.2011,39.1346,39.0655,38.9937,38.9193,38.8422,38.7624,38.68,38.5949,38.5072,38.4168,38.3238,38.2281,38.1298,38.0289,37.9253,37.8192,37.7104,37.5991,37.4852,37.3687,37.2497,37.1282,37.0042,36.8778,36.7489,36.6176,36.4839,36.3479,36.2096,36.069,35.9262,35.7813,35.6342,35.4852,35.3341,35.1811,35.0263,34.8697,34.7115,34.5517,34.3903,34.2276,34.0636,33.8985,33.7323,33.5652,33.3974,33.2289,33.06,32.8908,32.7214,32.5522,32.3831,32.2145,32.0466,31.8796,31.7137,31.5491,31.3862,31.225,31.0661,30.9095,30.7556,30.6047,30.4571,30.3131,30.173,30.0371,29.9057,29.7792,29.6579,29.5421,29.4322,29.3284,29.2312,29.1407,29.0574,28.9814,28.9131,28.8528,28.8008,28.7572,28.7222,28.6962,28.6792,28.6715,28.6732,28.6843,28.7051,28.7355,28.7755,28.8253,28.8847,28.9538,29.0325,29.1207,29.2183,29.3252,29.4412,29.5662,29.6999,29.8422,29.9929,30.1518,30.3185,30.4929,30.6748,30.8638,31.0597,31.2622,31.4711,31.6861,31.907,32.1334
27.905,27.467,27.0236,26.5748,26.1203,25.66,25.1938,24.7213,24.2425,23.7571,23.2649,22.7658,22.2595,21.7459,21.2246,20.6956,20.1586,19.6134,19.0598,18.4976,17.9265,17.3466,16.7575,16.1591,15.5515,14.9345,14.3083,13.6729,13.0287,12.3761,11.7157,11.0487,10.3766,9.70137,9.02615,8.35524,7.6948,7.05359,6.4441,5.88382,5.39646,5.01184,4.76253,4.67552,4.76146,5.00945,5.39231,5.87725,6.43424,7.03942,7.67514,8.32877,8.99141,9.6568,10.3205,10.9795,11.6314,12.2748,12.9086,13.5319,14.1444,14.7456,15.3355,15.9139,16.4808,17.0363,17.5805,18.1136,18.6356,19.1468,19.6474,20.1375,20.6174,21.0872,21.5473,21.9978,22.4389,22.8708,23.2937,23.7079,24.1135,24.5108,24.8998,25.2809,25.6542,26.0198,26.378,26.7289,27.0726,27.4094,27.7393,28.0626,28.3794,28.6898,28.994,29.292,29.5841,29.8702,30.1507,30.4255,30.6949,30.9588,31.2174,31.4708,31.7192,31.9625,32.201,32.4346,32.6635,32.8878,33.1075,33.3227,33.5335,33.74,33.9422,34.1402,34.3341,34.5239,34.7097,34.8916,35.0696,35.2438,35.4142,35.5808,35.7438,35.9032,36.059,36.2113,36.3601,36.5055,36.6474,36.786,36.9213,37.0532,37.182,37.3075,37.4298,37.5489,37.665,37.7779,37.8878,37.9946,38.0984,38.1992,38.2971,38.392,38.484,38.5731,38.6593,38.7427,38.8232,38.9008,38.9757,39.0478,39.1171,39.1837,39.2475,39.3085,39.3669,39.4225,39.4754,39.5257,39.5733,39.6181,39.6604,39.7,39.7369,39.7712,39.8029,39.8319,39.8583,39.8822,39.9034,39.9219,39.9379,39.9513,39.9621,39.9703,39.9759,39.979,39.9794,39.9773,39.9725,39.9652,39.9553,39.9428,39.9277,39.91,39.8898,39.8669,39.8415,39.8135,39.7829,39.7497,39.7139,39.6755,39.6345,39.5908,39.5446,39.4958,39.4444,39.3904,39.3338,39.2745,39.2127,39.1482,39.0812,39.0115,38.9392,38.8643,38.7868,38.7067,38.624,38.5387,38.4508,38.3603,38.2673,38.1716,38.0735,37.9727,37.8694,37.7636,37.6553,37.5445,37.4312,37.3154,37.1972,37.0766,36.9536,36.8283,36.7006,36.5707,36.4384,36.304,36.1674,36.0287,35.8879,35.7452,35.6004,35.4538,35.3054,35.1552,35.0034,34.85,34.695,34.5388,34.3812,34.2224,34.0626,33.9019,33.7403,33.5781,33.4153,33.2522,33.0889,32.9255,32.7622,32.5993,32.437,32.2753,32.1146,31.9551,31.7969,31.6404,31.4858,31.3334,31.1833,31.036,30.8916,30.7504,30.6129,30.4791,30.3495,30.2244,30.104,29.9887,29.8788,29.7746,29.6763,29.5844,29.499,29.4206,29.3493,29.2854,29.2292,29.1809,29.1408,29.109,29.0858,29.0714,29.0658,29.0692,29.0817,29.1035,29.1345,29.1748,29.2245,29.2834,29.3517,29.4291,29.5158,29.6115,29.7161,29.8296,29.9517,30.0823,30.2212,30.3682,30.5232,30.6858,30.8559,31.0332,31.2176,31.4086,31.6062,31.81,32.0199,32.2355,32.4566
27.8291,27.3902,26.946,26.4961,26.0406,25.579,25.1114,24.6374,24.1569,23.6696,23.1755,22.6741,22.1654,21.649,21.1248,20.5924,20.0517,19.5024,18.9443,18.377,17.8004,17.2143,16.6182,16.0121,15.3958,14.7691,14.1317,13.4838,12.8253,12.1564,11.4774,10.7888,10.0915,9.38698,8.67735,7.96582,7.25729,6.5592,5.88302,5.24636,4.67605,4.21076,3.89955,3.78891,3.89883,4.20907,4.67293,5.24113,5.87479,6.54694,7.23977,7.94172,8.64519,9.3452,10.0384,10.7226,11.3963,12.0586,12.7088,13.3465,13.9716,14.584,15.1838,15.771,16.3458,16.9083,17.4588,17.9975,18.5246,19.0404,19.5452,20.039,20.5224,20.9953,21.4582,21.9112,22.3547,22.7887,23.2136,23.6295,24.0368,24.4355,24.8259,25.2082,25.5826,25.9493,26.3084,26.6601,27.0047,27.3422,27.6728,27.9967,28.3141,28.625,28.9296,29.2281,29.5206,29.8072,30.088,30.3632,30.6328,30.897,31.1559,31.4096,31.6582,31.9018,32.1405,32.3743,32.6035,32.8279,33.0478,33.2632,33.4742,33.6809,33.8833,34.0815,34.2756,34.4656,34.6517,34.8337,35.0119,35.1863,35.357,35.5239,35.6871,35.8467,36.0028,36.1553,36.3044,36.45,36.5922,36.7311,36.8666,36.9989,37.1279,37.2538,37.3764,37.4959,37.6123,37.7256,37.8359,37.9431,38.0473,38.1485,38.2468,38.3422,38.4346,38.5242,38.6109,38.6947,38.7757,38.8539,38.9293,39.002,39.0719,39.139,39.2034,39.2651,39.324,39.3803,39.4339,39.4849,39.5331,39.5787,39.6217,39.6621,39.6998,39.7349,39.7674,39.7972,39.8245,39.8492,39.8713,39.8908,39.9078,39.9221,39.9339,39.9432,39.9498,39.9539,39.9554,39.9544,39.9508,39.9447,39.936,39.9247,39.9109,39.8946,39.8756,39.8542,39.8301,39.8035,39.7744,39.7427,39.7084,39.6716,39.6322,39.5903,39.5458,39.4987,39.449,39.3968,39.3421,39.2847,39.2249,39.1624,39.0974,39.0298,38.9597,38.887,38.8117,38.7339,38.6536,38.5707,38.4853,38.3974,38.3069,38.214,38.1185,38.0205,37.9201,37.8172,37.7119,37.6042,37.494,37.3814,37.2665,37.1493,37.0298,36.9079,36.7839,36.6576,36.5291,36.3986,36.2659,36.1312,35.9946,35.856,35.7156,35.5734,35.4294,35.2838,35.1366,34.988,34.838,34.6866,34.5341,34.3805,34.2259,34.0705,33.9143,33.7576,33.6005,33.443,33.2854,33.1279,32.9706,32.8137,32.6573,32.5018,32.3473,32.1939,32.0421,31.8918,31.7435,31.5974,31.4537,31.3126,31.1745,31.0397,30.9083,30.7807,30.6572,30.538,30.4236,30.314,30.2097,30.111,30.0181,29.9312,29.8508,29.777,29.7102,29.6505,29.5983,29.5536,29.5169,29.4882,29.4677,29.4556,29.4521,29.4572,29.4711,29.4939,29.5255,29.5661,29.6157,29.6743,29.7417,29.8181,29.9033,29.9972,30.0998,30.2109,30.3303,30.458,30.5937,30.7373,30.8885,31.0473,31.2133,31.3863,31.5662,31.7527,31.9456,32.1446,32.3494,32.56,32.776
27.7626,27.3233,26.8785,26.4281,25.9718,25.5095,25.041,24.566,24.0844,23.5959,23.1003,22.5974,22.0869,21.5686,21.0422,20.5075,19.9641,19.4118,18.8502,18.2792,17.6984,17.1074,16.506,15.8939,15.2708,14.6363,13.9903,13.3323,12.6623,11.9802,11.2858,10.5792,9.86086,9.13132,8.39172,7.64397,6.89122,6.13867,5.39509,4.67553,4.00631,3.43314,3.02865,2.87928,3.02821,3.43202,4.00402,4.67136,5.38816,6.12791,6.8754,7.62175,8.3616,9.09172,9.8101,10.5155,11.2073,11.885,12.5486,13.1979,13.8331,14.4544,15.0619,15.656,16.2369,16.8048,17.3602,17.9032,18.4342,18.9534,19.4612,19.9579,20.4437,20.9189,21.3838,21.8387,22.2838,22.7193,23.1455,23.5627,23.971,24.3707,24.762,25.1451,25.5202,25.8875,26.2472,26.5995,26.9445,27.2824,27.6134,27.9377,28.2553,28.5665,28.8714,29.1701,29.4628,29.7496,30.0305,30.3059,30.5756,30.84,31.099,31.3528,31.6015,31.8452,32.084,32.3179,32.5471,32.7717,32.9917,33.2072,33.4183,33.625,33.8275,34.0258,34.22,34.4102,34.5963,34.7785,34.9569,35.1314,35.3022,35.4692,35.6326,35.7924,35.9487,36.1014,36.2507,36.3965,36.5389,36.6781,36.8139,36.9464,37.0757,37.2018,37.3247,37.4445,37.5612,37.6749,37.7855,37.893,37.9976,38.0992,38.1979,38.2937,38.3866,38.4766,38.5637,38.648,38.7295,38.8082,38.8841,38.9573,39.0277,39.0954,39.1604,39.2227,39.2823,39.3392,39.3934,39.445,39.494,39.5403,39.584,39.6251,39.6635,39.6994,39.7327,39.7634,39.7915,39.8171,39.8401,39.8605,39.8784,39.8937,39.9065,39.9168,39.9245,39.9296,39.9322,39.9323,39.9299,39.9249,39.9174,39.9074,39.8949,39.8798,39.8622,39.8421,39.8194,39.7943,39.7666,39.7364,39.7036,39.6684,39.6306,39.5903,39.5475,39.5021,39.4542,39.4039,39.351,39.2955,39.2376,39.1771,39.1141,39.0487,38.9807,38.9102,38.8372,38.7617,38.6837,38.6032,38.5203,38.4349,38.347,38.2567,38.1639,38.0688,37.9712,37.8712,37.7688,37.6641,37.5571,37.4477,37.3361,37.2222,37.1061,36.9877,36.8672,36.7446,36.6199,36.4932,36.3644,36.2337,36.1011,35.9667,35.8305,35.6926,35.5531,35.412,35.2695,35.1255,34.9803,34.8338,34.6863,34.5377,34.3883,34.2381,34.0872,33.9359,33.7842,33.6324,33.4804,33.3286,33.1771,33.026,32.8756,32.726,32.5774,32.4302,32.2843,32.1402,31.998,31.858,31.7204,31.5855,31.4535,31.3247,31.1993,31.0777,30.96,30.8467,30.7378,30.6339,30.535,30.4415,30.3537,30.2718,30.1961,30.1268,30.0643,30.0086,29.9602,29.9191,29.8855,29.8598,29.8419,29.8322,29.8306,29.8374,29.8526,29.8764,29.9087,29.9496,29.9992,30.0574,30.1242,30.1996,30.2834,30.3757,30.4764,30.5852,30.7022,30.8271,30.9598,31.1001,31.2479,31.4029,31.5651,31.7341,31.9097,32.0919,32.2802,32.4746,32.6748,32.8805,33.0916
27.7055,27.2661,26.8212,26.3706,25.9141,25.4516,24.9827,24.5073,24.0251,23.536,23.0397,22.5359,22.0245,21.505,20.9773,20.4411,19.896,19.3417,18.778,18.2045,17.6209,17.0267,16.4217,15.8055,15.1776,14.5377,13.8854,13.2203,12.542,11.8502,11.1445,10.4246,9.69028,8.94159,8.17866,7.40208,6.6131,5.81419,5.01004,4.2099,3.43285,2.72086,2.16819,1.94543,2.16796,2.72016,3.43117,4.20652,5.00406,5.80452,6.59852,7.38121,8.15001,8.90356,9.64119,10.3626,11.0678,11.757,12.4302,13.0879,13.7304,14.3579,14.971,15.5698,16.1549,16.7266,17.2852,17.8311,18.3646,18.8861,19.3959,19.8943,20.3817,20.8583,21.3244,21.7803,22.2263,22.6627,23.0896,23.5074,23.9163,24.3165,24.7082,25.0916,25.467,25.8346,26.1945,26.5469,26.8921,27.2301,27.5612,27.8855,28.2032,28.5144,28.8193,29.118,29.4107,29.6974,29.9783,30.2536,30.5233,30.7876,31.0466,31.3004,31.549,31.7927,32.0314,32.2653,32.4945,32.719,32.9389,33.1544,33.3655,33.5723,33.7748,33.9731,34.1673,34.3575,34.5437,34.7259,34.9043,35.0789,35.2498,35.4169,35.5804,35.7404,35.8967,36.0496,36.199,36.345,36.4876,36.6269,36.7629,36.8956,37.0252,37.1515,37.2747,37.3948,37.5118,37.6257,37.7366,37.8445,37.9494,38.0514,38.1504,38.2465,38.3398,38.4302,38.5178,38.6025,38.6845,38.7637,38.8401,38.9138,38.9847,39.0529,39.1185,39.1813,39.2415,39.299,39.3539,39.4061,39.4558,39.5028,39.5472,39.589,39.6282,39.6649,39.6989,39.7304,39.7594,39.7858,39.8097,39.831,39.8498,39.8661,39.8799,39.8911,39.8998,39.906,39.9097,39.9109,39.9096,39.9058,39.8995,39.8907,39.8794,39.8656,39.8494,39.8306,39.8093,39.7856,39.7594,39.7306,39.6994,39.6657,39.6295,39.5909,39.5497,39.5061,39.46,39.4114,39.3604,39.3068,39.2508,39.1923,39.1314,39.068,39.0021,38.9338,38.863,38.7898,38.7142,38.6361,38.5556,38.4727,38.3874,38.2998,38.2097,38.1173,38.0225,37.9254,37.826,37.7244,37.6204,37.5142,37.4058,37.2952,37.1825,37.0676,36.9506,36.8316,36.7106,36.5877,36.4628,36.336,36.2075,36.0772,35.9452,35.8116,35.6764,35.5398,35.4017,35.2624,35.1219,34.9802,34.8375,34.694,34.5496,34.4045,34.2589,34.1129,33.9666,33.8201,33.6737,33.5274,33.3815,33.2362,33.0915,32.9477,32.805,32.6636,32.5237,32.3855,32.2493,32.1152,31.9836,31.8545,31.7284,31.6055,31.4859,31.37,31.258,31.1502,31.0469,30.9483,30.8546,30.7662,30.6833,30.6061,30.535,30.4701,30.4116,30.3599,30.315,30.2773,30.2469,30.2239,30.2086,30.2011,30.2015,30.2099,30.2265,30.2512,30.2842,30.3255,30.3751,30.433,30.4991,30.5736,30.6562,30.747,30.8459,30.9526,31.0673,31.1896,31.3194,31.4567,31.6012,31.7528,31.9113,32.0764,32.2481,32.4261,32.6101,32.8001,32.9958,33.1969,33.4033
27.6579,27.2188,26.7742,26.3239,25.8676,25.4052,24.9364,24.4611,23.979,23.4899,22.9936,22.4897,21.978,21.4582,20.9301,20.3934,19.8476,19.2926,18.728,18.1533,17.5683,16.9726,16.3658,15.7474,15.1169,14.4741,13.8183,13.1492,12.4661,11.7686,11.0562,10.3282,9.58424,8.82368,8.04605,7.25094,6.43812,5.60766,4.76033,3.89843,3.02819,2.16807,1.38666,0.986121,1.38657,2.16762,3.02688,3.89553,4.75493,5.59866,6.42428,7.23089,8.01828,8.7866,9.53615,10.2674,10.9807,11.6766,12.3555,13.018,13.6646,14.2957,14.9117,15.5132,16.1004,16.674,17.2342,17.7815,18.3162,18.8387,19.3493,19.8485,20.3364,20.8135,21.28,21.7362,22.1824,22.6189,23.046,23.4638,23.8727,24.2728,24.6644,25.0478,25.423,25.7905,26.1502,26.5024,26.8474,27.1852,27.5161,27.8402,28.1576,28.4686,28.7732,29.0717,29.3641,29.6506,29.9313,30.2064,30.4759,30.74,30.9987,31.2523,31.5007,31.7442,31.9827,32.2165,32.4455,32.6698,32.8897,33.105,33.316,33.5227,33.7251,33.9233,34.1175,34.3076,34.4937,34.676,34.8543,35.0289,35.1998,35.367,35.5305,35.6905,35.8469,35.9998,36.1493,36.2954,36.4382,36.5776,36.7138,36.8467,36.9764,37.1029,37.2263,37.3466,37.4638,37.578,37.6892,37.7974,37.9026,38.0049,38.1042,38.2007,38.2944,38.3852,38.4731,38.5583,38.6407,38.7203,38.7972,38.8713,38.9428,39.0115,39.0776,39.141,39.2018,39.2599,39.3154,39.3682,39.4185,39.4662,39.5113,39.5538,39.5937,39.6311,39.666,39.6983,39.7281,39.7553,39.7801,39.8023,39.822,39.8392,39.854,39.8662,39.8759,39.8832,39.8879,39.8902,39.8901,39.8874,39.8823,39.8747,39.8647,39.8521,39.8372,39.8197,39.7998,39.7775,39.7527,39.7255,39.6958,39.6636,39.629,39.592,39.5525,39.5106,39.4663,39.4195,39.3702,39.3186,39.2645,39.208,39.1491,39.0877,39.024,38.9579,38.8893,38.8184,38.7451,38.6694,38.5913,38.5109,38.4282,38.3431,38.2557,38.1661,38.0741,37.9799,37.8834,37.7847,37.6839,37.5808,37.4756,37.3683,37.2589,37.1475,37.034,36.9186,36.8012,36.682,36.5609,36.4381,36.3135,36.1872,36.0594,35.93,35.7991,35.6669,35.5334,35.3986,35.2627,35.1257,34.9878,34.8491,34.7097,34.5697,34.4292,34.2883,34.1473,34.0062,33.8651,33.7243,33.5839,33.4441,33.3051,33.1669,33.0299,32.8942,32.7601,32.6277,32.4972,32.3689,32.243,32.1197,31.9993,31.882,31.768,31.6577,31.5511,31.4487,31.3507,31.2572,31.1686,31.0851,31.0069,30.9343,30.8675,30.8067,30.7523,30.7043,30.6629,30.6285,30.601,30.5808,30.568,30.5626,30.5649,30.5749,30.5927,30.6185,30.6521,30.6938,30.7434,30.8011,30.8667,30.9404,31.0219,31.1113,31.2084,31.3133,31.4257,31.5456,31.6728,31.8072,31.9486,32.0969,32.2519,32.4134,32.5813,32.7553,32.9353,33.1211,33.3124,33.5092,33.7111
27.6196,27.1813,26.7373,26.2877,25.8321,25.3704,24.9023,24.4276,23.9462,23.4577,22.962,22.4586,21.9475,21.4283,20.9007,20.3644,19.8191,19.2645,18.7002,18.1258,17.541,16.9454,16.3385,15.72,15.0893,14.4461,13.7897,13.1198,12.4357,11.7368,11.0226,10.2924,9.54558,8.78139,7.99912,7.19798,6.37714,5.53573,4.67283,3.78748,2.87865,1.94524,0.986096,0.0,0.986049,1.94487,2.87746,3.78474,4.66762,5.52694,6.36354,7.17819,7.97164,8.74462,9.49781,10.2319,10.9474,11.6451,12.3255,12.9891,13.6364,14.2681,14.8846,15.4863,16.0737,16.6473,17.2075,17.7546,18.2891,18.8113,19.3216,19.8204,20.3079,20.7846,21.2506,21.7063,22.152,22.588,23.0145,23.4318,23.8401,24.2397,24.6308,25.0136,25.3883,25.7551,26.1143,26.466,26.8104,27.1477,27.4781,27.8016,28.1186,28.4291,28.7332,29.0312,29.3232,29.6092,29.8895,30.1641,30.4332,30.6969,30.9553,31.2085,31.4566,31.6997,31.938,32.1714,32.4001,32.6242,32.8438,33.0589,33.2697,33.4761,33.6784,33.8764,34.0704,34.2604,34.4464,34.6285,34.8068,34.9814,35.1522,35.3193,35.4828,35.6428,35.7992,35.9522,36.1017,36.2478,36.3907,36.5302,36.6664,36.7995,36.9293,37.056,37.1796,37.3,37.4175,37.5319,37.6433,37.7517,37.8572,37.9597,38.0594,38.1562,38.2502,38.3413,38.4297,38.5152,38.598,38.6781,38.7554,38.83,38.9019,38.9712,39.0378,39.1017,39.163,39.2217,39.2778,39.3313,39.3822,39.4305,39.4762,39.5195,39.5601,39.5983,39.6339,39.667,39.6976,39.7257,39.7512,39.7743,39.795,39.8131,39.8288,39.842,39.8527,39.861,39.8668,39.8702,39.8711,39.8696,39.8657,39.8593,39.8505,39.8392,39.8256,39.8095,39.7909,39.77,39.7466,39.7208,39.6927,39.6621,39.629,39.5936,39.5558,39.5156,39.473,39.428,39.3806,39.3308,39.2786,39.2241,39.1672,39.1079,39.0463,38.9823,38.9159,38.8473,38.7763,38.7029,38.6273,38.5494,38.4692,38.3867,38.302,38.2151,38.1259,38.0345,37.9409,37.8452,37.7474,37.6475,37.5454,37.4414,37.3353,37.2273,37.1173,37.0054,36.8917,36.7761,36.6588,36.5398,36.4191,36.2969,36.1731,36.0479,35.9213,35.7934,35.6642,35.5339,35.4026,35.2702,35.1371,35.0032,34.8686,34.7335,34.598,34.4622,34.3263,34.1904,34.0546,33.9192,33.7842,33.6498,33.5162,33.3835,33.2521,33.122,32.9934,32.8665,32.7417,32.6189,32.4986,32.3809,32.266,32.1542,32.0456,31.9406,31.8394,31.7422,31.6492,31.5607,31.4769,31.3981,31.3245,31.2563,31.1937,31.137,31.0863,31.0419,31.004,30.9726,30.9481,30.9305,30.9201,30.9168,30.9209,30.9325,30.9516,30.9783,31.0126,31.0547,31.1044,31.1619,31.2271,31.3,31.3805,31.4686,31.5642,31.6672,31.7776,31.8952,32.0199,32.1516,32.2901,32.4353,32.587,32.745,32.9093,33.0796,33.2557,33.4374,33.6247,33.8172,34.0149
27.5907,27.1534,26.7106,26.2621,25.8076,25.347,24.8801,24.4067,23.9265,23.4393,22.9448,22.4428,21.933,21.4152,20.889,20.3542,19.8104,19.2573,18.6946,18.1218,17.5388,16.9449,16.3399,15.7233,15.0948,14.4537,13.7997,13.1323,12.4509,11.755,11.0441,10.3177,9.57514,8.81595,8.03961,7.24571,6.43399,5.60452,4.75807,3.89691,3.02727,2.1676,1.38647,0.986023,1.38637,2.16715,3.02596,3.894,4.75265,5.59551,6.42013,7.22563,8.01182,8.77884,9.52702,10.2568,10.9686,11.6629,12.3403,13.0011,13.646,14.2753,14.8896,15.4893,16.0748,16.6465,17.2049,17.7503,18.2832,18.8039,19.3127,19.81,20.2962,20.7714,21.2362,21.6906,22.1351,22.5699,22.9952,23.4114,23.8186,24.2171,24.6071,24.9889,25.3626,25.7285,26.0868,26.4376,26.7811,27.1176,27.4471,27.7699,28.086,28.3958,28.6992,28.9965,29.2878,29.5732,29.8528,30.1269,30.3954,30.6585,30.9164,31.169,31.4167,31.6593,31.8971,32.1301,32.3584,32.5821,32.8013,33.0161,33.2265,33.4327,33.6346,33.8324,34.0262,34.2159,34.4017,34.5837,34.7618,34.9362,35.1069,35.2739,35.4373,35.5972,35.7536,35.9065,36.056,36.2022,36.345,36.4846,36.6209,36.754,36.8839,37.0107,37.1344,37.255,37.3726,37.4872,37.5988,37.7074,37.8132,37.916,38.0159,38.113,38.2073,38.2988,38.3874,38.4734,38.5565,38.637,38.7147,38.7898,38.8621,38.9319,38.9989,39.0634,39.1252,39.1845,39.2411,39.2952,39.3467,39.3957,39.4421,39.486,39.5274,39.5662,39.6026,39.6364,39.6678,39.6967,39.7232,39.7471,39.7686,39.7877,39.8043,39.8184,39.8302,39.8395,39.8464,39.8508,39.8528,39.8525,39.8497,39.8445,39.8369,39.8269,39.8145,39.7997,39.7826,39.763,39.7411,39.7167,39.69,39.661,39.6295,39.5957,39.5596,39.521,39.4801,39.4369,39.3913,39.3434,39.2931,39.2405,39.1856,39.1284,39.0689,39.007,38.9429,38.8764,38.8077,38.7368,38.6636,38.5881,38.5104,38.4305,38.3484,38.2642,38.1778,38.0892,37.9985,37.9058,37.8109,37.7141,37.6152,37.5144,37.4116,37.3069,37.2003,37.0919,36.9818,36.8699,36.7563,36.6411,36.5243,36.406,36.2863,36.1651,36.0427,35.919,35.7942,35.6683,35.5414,35.4137,35.2851,35.1559,35.0261,34.8959,34.7653,34.6345,34.5036,34.3728,34.2422,34.1119,33.9821,33.853,33.7247,33.5975,33.4714,33.3467,33.2235,33.1021,32.9827,32.8654,32.7505,32.6381,32.5286,32.422,32.3187,32.2189,32.1228,32.0306,31.9425,31.8588,31.7797,31.7054,31.6362,31.5722,31.5137,31.4609,31.4139,31.3729,31.3382,31.31,31.2882,31.2732,31.265,31.2638,31.2697,31.2828,31.3031,31.3308,31.3658,31.4083,31.4582,31.5155,31.5803,31.6525,31.7321,31.819,31.9132,32.0146,32.123,32.2385,32.3608,32.4899,32.6257,32.7679,32.9165,33.0713,33.2321,33.3988,33.5713,33.7492,33.9325,34.1211,34.3146
27.5711,27.1352,26.6939,26.2469,25.794,25.3351,24.8699,24.3982,23.9198,23.4345,22.942,22.442,21.9344,21.4188,20.8949,20.3625,19.8213,19.2709,18.711,18.1413,17.5614,16.971,16.3697,15.7572,15.1329,14.4966,13.8478,13.1861,12.5112,11.8226,11.12,10.4031,9.6717,8.92573,8.16537,7.39117,6.60438,5.80744,5.00502,4.20635,3.43049,2.71938,2.16724,1.94467,2.16702,2.71867,3.4288,4.20296,4.99902,5.79774,6.58976,7.37026,8.13666,8.88765,9.62254,10.3411,11.0433,11.7293,12.3994,13.0537,13.6928,14.3169,14.9265,15.5218,16.1033,16.6713,17.2263,17.7685,18.2984,18.8163,19.3224,19.8172,20.301,20.774,21.2366,21.689,22.1315,22.5644,22.988,23.4024,23.808,24.2049,24.5934,24.9737,25.346,25.7106,26.0675,26.4171,26.7594,27.0947,27.4231,27.7448,28.0599,28.3687,28.6711,28.9675,29.2579,29.5424,29.8213,30.0945,30.3622,30.6246,30.8818,31.1338,31.3808,31.6228,31.86,32.0925,32.3202,32.5435,32.7622,32.9765,33.1865,33.3923,33.5938,33.7913,33.9847,34.1741,34.3597,34.5414,34.7192,34.8934,35.0639,35.2307,35.394,35.5537,35.71,35.8628,36.0123,36.1584,36.3012,36.4407,36.5771,36.7102,36.8402,36.967,37.0908,37.2116,37.3293,37.444,37.5558,37.6646,37.7705,37.8736,37.9737,38.0711,38.1656,38.2574,38.3464,38.4327,38.5162,38.597,38.6751,38.7506,38.8234,38.8936,38.9611,39.0261,39.0884,39.1482,39.2054,39.2601,39.3122,39.3617,39.4088,39.4534,39.4954,39.535,39.5721,39.6067,39.6388,39.6685,39.6958,39.7206,39.743,39.7629,39.7805,39.7956,39.8083,39.8186,39.8265,39.832,39.8351,39.8359,39.8342,39.8302,39.8239,39.8151,39.804,39.7905,39.7747,39.7565,39.736,39.7131,39.6879,39.6603,39.6305,39.5983,39.5637,39.5269,39.4877,39.4462,39.4024,39.3564,39.308,39.2573,39.2044,39.1492,39.0917,39.032,38.97,38.9058,38.8394,38.7708,38.7,38.6269,38.5518,38.4744,38.395,38.3134,38.2297,38.1439,38.0561,37.9663,37.8744,37.7806,37.6849,37.5872,37.4877,37.3863,37.2831,37.1782,37.0716,36.9633,36.8534,36.7419,36.6289,36.5145,36.3987,36.2816,36.1633,36.0438,35.9233,35.8017,35.6792,35.5559,35.4319,35.3073,35.1822,35.0567,34.9309,34.805,34.679,34.5532,34.4276,34.3024,34.1777,34.0538,33.9307,33.8087,33.6878,33.5684,33.4505,33.3344,33.2202,33.1081,32.9985,32.8913,32.787,32.6856,32.5873,32.4925,32.4013,32.3139,32.2306,32.1516,32.077,32.0071,31.9421,31.8822,31.8276,31.7784,31.735,31.6974,31.6659,31.6405,31.6215,31.6089,31.603,31.6038,31.6114,31.626,31.6475,31.6762,31.7119,31.7548,31.8049,31.8621,31.9266,31.9982,32.0769,32.1627,32.2556,32.3553,32.462,32.5755,32.6956,32.8223,32.9554,33.0949,33.2406,33.3922,33.5498,33.7131,33.882,34.0564,34.236,34.4206,34.6103
27.5606,27.1266,26.6871,26.2421,25.7912,25.3344,24.8714,24.402,23.926,23.4432,22.9533,22.4561,21.9513,21.4388,20.9181,20.3891,19.8514,19.3049,18.7491,18.1837,17.6085,17.0232,16.4274,15.8208,15.203,14.5739,13.9331,13.2802,12.6152,11.9379,11.2482,10.5461,9.83202,9.10653,8.37075,7.62654,6.87702,6.12739,5.38636,4.66896,4.00148,3.4296,3.02589,2.87678,3.02545,3.42847,3.99918,4.66478,5.3794,6.11658,6.86115,7.60424,8.34054,9.06684,9.78116,10.4823,11.1696,11.8427,12.5014,13.1458,13.776,14.3921,14.9944,15.5832,16.1587,16.7213,17.2712,17.8088,18.3343,18.8481,19.3505,19.8417,20.3222,20.792,21.2516,21.7012,22.1411,22.5715,22.9926,23.4047,23.8081,24.203,24.5895,24.9679,25.3384,25.7012,26.0565,26.4044,26.7452,27.079,27.406,27.7263,28.0402,28.3476,28.6489,28.9441,29.2334,29.5169,29.7947,30.067,30.3338,30.5953,30.8516,31.1028,31.349,31.5902,31.8267,32.0585,32.2856,32.5082,32.7264,32.9401,33.1496,33.3548,33.5559,33.753,33.946,34.135,34.3202,34.5015,34.6791,34.853,35.0232,35.1898,35.3528,35.5124,35.6685,35.8212,35.9705,36.1165,36.2592,36.3987,36.535,36.6681,36.7981,36.925,37.0488,37.1696,37.2874,37.4023,37.5141,37.6231,37.7292,37.8324,37.9328,38.0304,38.1252,38.2173,38.3065,38.3931,38.477,38.5581,38.6366,38.7125,38.7857,38.8563,38.9243,38.9897,39.0526,39.1128,39.1706,39.2258,39.2785,39.3287,39.3763,39.4215,39.4643,39.5045,39.5423,39.5777,39.6106,39.6411,39.6691,39.6948,39.718,39.7389,39.7573,39.7734,39.787,39.7983,39.8073,39.8138,39.818,39.8199,39.8194,39.8165,39.8113,39.8038,39.794,39.7818,39.7673,39.7505,39.7314,39.7099,39.6862,39.6601,39.6318,39.6012,39.5683,39.5331,39.4956,39.4559,39.4139,39.3696,39.3232,39.2744,39.2235,39.1703,39.1149,39.0572,38.9974,38.9354,38.8713,38.805,38.7365,38.6659,38.5932,38.5184,38.4415,38.3626,38.2816,38.1986,38.1136,38.0267,37.9378,37.847,37.7543,37.6598,37.5635,37.4654,37.3656,37.2641,37.1609,37.0562,36.9499,36.8421,36.7329,36.6223,36.5104,36.3973,36.283,36.1677,36.0513,35.934,35.8158,35.6969,35.5774,35.4573,35.3368,35.2159,35.0948,34.9736,34.8525,34.7315,34.6108,34.4906,34.3709,34.252,34.134,34.017,33.9013,33.7869,33.6742,33.5632,33.4541,33.3472,33.2426,33.1405,33.0412,32.9447,32.8514,32.7614,32.675,32.5923,32.5135,32.439,32.3687,32.303,32.2421,32.1862,32.1353,32.0898,32.0498,32.0155,31.987,31.9644,31.948,31.9379,31.9341,31.9368,31.9461,31.9621,31.9849,32.0145,32.0509,32.0943,32.1445,32.2018,32.2659,32.337,32.4149,32.4998,32.5914,32.6897,32.7947,32.9063,33.0243,33.1488,33.2794,33.4163,33.5591,33.7079,33.8624,34.0225,34.188,34.3589,34.5349,34.7159,34.9018
27.5591,27.1272,26.6901,26.2474,25.799,25.3448,24.8845,24.4179,23.9449,23.4652,22.9785,22.4847,21.9836,21.4748,20.9582,20.4335,19.9005,19.3588,18.8083,18.2486,17.6795,17.1007,16.5121,15.9133,15.3041,14.6844,14.054,13.4129,12.761,12.0984,11.4256,10.7429,10.0513,9.35209,8.64747,7.94059,7.23631,6.54204,5.86919,5.23535,4.66729,4.20365,3.89345,3.78315,3.89272,4.20195,4.66415,5.23008,5.86091,6.52971,7.21871,7.91639,8.6152,9.31018,9.99804,10.6766,11.3444,12.0005,12.6444,13.2756,13.894,14.4996,15.0925,15.6726,16.2403,16.7957,17.339,17.8705,18.3904,18.899,19.3965,19.8832,20.3593,20.8252,21.281,21.7271,22.1636,22.5908,23.0089,23.4182,23.8189,24.2111,24.5952,24.9713,25.3395,25.7002,26.0534,26.3994,26.7384,27.0704,27.3957,27.7144,28.0267,28.3326,28.6325,28.9263,29.2143,29.4965,29.7731,30.0442,30.3099,30.5704,30.8256,31.0759,31.3211,31.5615,31.7972,32.0281,32.2545,32.4763,32.6938,32.9069,33.1157,33.3204,33.5209,33.7174,33.9099,34.0985,34.2832,34.4641,34.6413,34.8148,34.9847,35.151,35.3138,35.4731,35.629,35.7815,35.9306,36.0765,36.2191,36.3584,36.4946,36.6277,36.7576,36.8845,37.0084,37.1292,37.247,37.3619,37.4739,37.583,37.6892,37.7926,37.8932,37.991,38.086,38.1783,38.2678,38.3547,38.4388,38.5203,38.5992,38.6754,38.749,38.82,38.8884,38.9543,39.0176,39.0784,39.1367,39.1924,39.2456,39.2964,39.3447,39.3905,39.4339,39.4748,39.5133,39.5494,39.5831,39.6143,39.6432,39.6696,39.6937,39.7154,39.7348,39.7518,39.7664,39.7787,39.7886,39.7962,39.8015,39.8044,39.805,39.8033,39.7994,39.793,39.7845,39.7736,39.7604,39.7449,39.7272,39.7072,39.6849,39.6603,39.6335,39.6045,39.5732,39.5396,39.5039,39.4659,39.4256,39.3832,39.3386,39.2917,39.2427,39.1915,39.1382,39.0827,39.025,38.9652,38.9033,38.8393,38.7731,38.7049,38.6347,38.5624,38.4881,38.4118,38.3335,38.2532,38.171,38.0869,38.001,37.9132,37.8235,37.7321,37.639,37.5441,37.4476,37.3495,37.2498,37.1485,37.0458,36.9417,36.8362,36.7294,36.6213,36.5121,36.4018,36.2905,36.1782,36.0651,35.9512,35.8366,35.7214,35.6058,35.4897,35.3734,35.2569,35.1404,35.0239,34.9077,34.7918,34.6764,34.5616,34.4476,34.3345,34.2225,34.1117,34.0024,33.8946,33.7886,33.6845,33.5825,33.4828,33.3856,33.2911,33.1995,33.1109,33.0256,32.9438,32.8656,32.7913,32.7211,32.655,32.5934,32.5365,32.4843,32.4371,32.3951,32.3584,32.3272,32.3016,32.2818,32.2679,32.2601,32.2584,32.263,32.274,32.2914,32.3154,32.3459,32.383,32.4269,32.4774,32.5346,32.5985,32.6691,32.7464,32.8302,32.9207,33.0177,33.1211,33.231,33.3471,33.4693,33.5977,33.7321,33.8723,34.0182,34.1698,34.3268,34.4892,34.6568,34.8294,35.0069,35.1892
27.5664,27.1371,26.7026,26.2627,25.8172,25.366,24.9089,24.4456,23.9761,23.5,23.0173,22.5276,22.0308,21.5266,21.0149,20.4954,19.9679,19.4321,18.8879,18.3351,17.7734,17.2026,16.6227,16.0334,15.4347,14.8265,14.2088,13.5818,12.9457,12.301,11.6483,10.9886,10.3234,9.65481,8.98577,8.32057,7.66534,7.02879,6.42336,5.86651,5.38188,4.99925,4.75116,4.66455,4.75007,4.99685,5.3777,5.85989,6.41344,7.01454,7.64557,8.29397,8.95088,9.61009,10.2672,10.9192,11.5639,12.1997,12.8256,13.4409,14.0451,14.6379,15.2192,15.7889,16.347,16.8936,17.4289,17.953,18.466,18.9683,19.4599,19.9411,20.4121,20.8731,21.3244,21.7662,22.1987,22.6221,23.0366,23.4425,23.84,24.2292,24.6103,24.9836,25.3493,25.7075,26.0583,26.402,26.7388,27.0687,27.392,27.7088,28.0193,28.3235,28.6217,28.914,29.2004,29.4812,29.7564,30.0261,30.2906,30.5498,30.8039,31.053,31.2972,31.5366,31.7712,32.0013,32.2268,32.4478,32.6644,32.8768,33.0849,33.2888,33.4887,33.6846,33.8765,34.0645,34.2487,34.4292,34.6059,34.779,34.9485,35.1144,35.2769,35.4358,35.5914,35.7437,35.8926,36.0382,36.1807,36.3199,36.456,36.5889,36.7188,36.8456,36.9694,37.0902,37.2081,37.323,37.4351,37.5442,37.6506,37.7541,37.8548,37.9528,38.048,38.1405,38.2302,38.3173,38.4018,38.4836,38.5627,38.6393,38.7133,38.7847,38.8535,38.9198,38.9836,39.0448,39.1036,39.1599,39.2136,39.265,39.3139,39.3603,39.4043,39.4459,39.4851,39.5218,39.5562,39.5882,39.6179,39.6452,39.6701,39.6926,39.7129,39.7308,39.7463,39.7596,39.7705,39.7791,39.7854,39.7895,39.7912,39.7907,39.7878,39.7827,39.7754,39.7658,39.7539,39.7398,39.7234,39.7048,39.6839,39.6609,39.6356,39.6081,39.5784,39.5465,39.5124,39.4761,39.4376,39.397,39.3542,39.3093,39.2622,39.213,39.1617,39.1082,39.0527,38.995,38.9353,38.8736,38.8098,38.744,38.6762,38.6064,38.5346,38.4609,38.3852,38.3077,38.2283,38.147,38.0639,37.9791,37.8924,37.8041,37.7141,37.6224,37.5292,37.4344,37.338,37.2402,37.1411,37.0405,36.9387,36.8356,36.7313,36.626,36.5196,36.4122,36.304,36.195,36.0852,35.9749,35.864,35.7526,35.641,35.5291,35.4171,35.3052,35.1933,35.0817,34.9705,34.8598,34.7498,34.6405,34.5322,34.425,34.3191,34.2146,34.1116,34.0105,33.9112,33.814,33.7191,33.6267,33.5369,33.4499,33.366,33.2852,33.2078,33.134,33.064,32.9979,32.9359,32.8783,32.8251,32.7766,32.7329,32.6943,32.6608,32.6326,32.6098,32.5927,32.5813,32.5757,32.5761,32.5825,32.5951,32.6139,32.639,32.6705,32.7084,32.7527,32.8035,32.8607,32.9244,32.9946,33.0712,33.1543,33.2437,33.3394,33.4414,33.5496,33.6638,33.7841,33.9103,34.0423,34.1801,34.3234,34.4721,34.6263,34.7856,34.95,35.1194,35.2936,35.4725
27.5823,27.1559,26.7244,26.2877,25.8455,25.3978,24.9443,24.4849,24.0193,23.5475,23.0692,22.5843,22.0924,21.5936,21.0875,20.574,20.0529,19.5241,18.9873,18.4424,17.8893,17.3279,16.758,16.1798,15.5931,14.9982,14.3952,13.7844,13.1664,12.5419,11.912,11.278,10.6419,10.0065,9.37545,8.75371,8.14809,7.56776,7.02491,6.53536,6.11865,5.79704,5.59248,5.52171,5.59098,5.7938,6.11324,6.52713,7.01303,7.55122,8.12573,8.72423,9.33743,9.95844,10.5821,11.2048,11.8236,12.4365,13.042,13.6391,14.2269,14.805,15.3729,15.9305,16.4775,17.014,17.5399,18.0554,18.5605,19.0553,19.54,20.0148,20.4798,20.9353,21.3813,21.8182,22.246,22.665,23.0754,23.4774,23.8712,24.2569,24.6347,25.0048,25.3675,25.7228,26.0709,26.412,26.7463,27.0739,27.3949,27.7096,28.0179,28.3202,28.6165,28.907,29.1917,29.4708,29.7444,30.0127,30.2757,30.5335,30.7863,31.0342,31.2772,31.5154,31.7489,31.9779,32.2024,32.4225,32.6382,32.8497,33.057,33.2602,33.4593,33.6544,33.8457,34.0331,34.2167,34.3966,34.5728,34.7454,34.9144,35.0799,35.242,35.4006,35.5559,35.7078,35.8564,36.0018,36.144,36.283,36.4189,36.5517,36.6815,36.8082,36.9319,37.0527,37.1706,37.2855,37.3976,37.5068,37.6132,37.7168,37.8177,37.9157,38.0111,38.1038,38.1938,38.2811,38.3658,38.4479,38.5273,38.6042,38.6785,38.7503,38.8195,38.8862,38.9504,39.0121,39.0714,39.1281,39.1825,39.2343,39.2838,39.3308,39.3754,39.4177,39.4575,39.495,39.5301,39.5628,39.5932,39.6213,39.647,39.6704,39.6915,39.7103,39.7268,39.741,39.7529,39.7626,39.7699,39.775,39.7778,39.7784,39.7768,39.7729,39.7667,39.7584,39.7478,39.735,39.72,39.7028,39.6833,39.6617,39.638,39.612,39.5839,39.5536,39.5212,39.4866,39.4499,39.411,39.3701,39.327,39.2818,39.2346,39.1853,39.1339,39.0804,39.025,38.9675,38.908,38.8465,38.783,38.7176,38.6502,38.581,38.5098,38.4368,38.3619,38.2852,38.2068,38.1266,38.0446,37.961,37.8757,37.7887,37.7002,37.6102,37.5187,37.4257,37.3313,37.2356,37.1386,37.0403,36.9409,36.8403,36.7388,36.6362,36.5328,36.4285,36.3235,36.2179,36.1116,36.0049,35.8979,35.7905,35.683,35.5754,35.4679,35.3605,35.2535,35.1468,35.0407,34.9353,34.8307,34.7271,34.6246,34.5234,34.4236,34.3253,34.2288,34.1343,34.0418,33.9515,33.8637,33.7784,33.696,33.6165,33.5401,33.467,33.3974,33.3315,33.2695,33.2115,33.1576,33.1081,33.0632,33.0229,32.9875,32.9571,32.9318,32.9118,32.8973,32.8882,32.8848,32.8872,32.8954,32.9096,32.9298,32.956,32.9885,33.027,33.0719,33.1229,33.1802,33.2438,33.3136,33.3897,33.472,33.5604,33.655,33.7556,33.8622,33.9748,34.0932,34.2173,34.3471,34.4825,34.6233,34.7694,34.9208,35.0772,35.2387,35.405,35.576,35.7515
27.6067,27.1835,26.7554,26.3222,25.8837,25.4398,24.9904,24.5353,24.0742,23.6072,23.1339,22.6543,22.1681,21.6752,21.1755,20.6688,20.155,19.6339,19.1054,18.5695,18.0261,17.4751,16.9166,16.3507,15.7776,15.1974,14.6107,14.0178,13.4197,12.8172,12.2118,11.6053,11.0,10.3991,9.80672,9.22823,8.67062,8.14283,7.65608,7.22401,6.86229,6.5875,6.41486,6.35534,6.41288,6.58331,6.85548,7.21394,7.64195,8.12366,8.64527,9.19544,9.76507,10.3471,10.936,11.5277,12.1188,12.707,13.2903,13.8674,14.4372,14.9989,15.5519,16.0958,16.6304,17.1555,17.6709,18.1767,18.6728,19.1593,19.6363,20.1038,20.5621,21.0112,21.4513,21.8826,22.3052,22.7193,23.125,23.5226,23.9121,24.2939,24.668,25.0346,25.3938,25.7459,26.091,26.4292,26.7607,27.0856,27.4041,27.7164,28.0225,28.3226,28.6168,28.9052,29.188,29.4653,29.7372,30.0038,30.2651,30.5215,30.7728,31.0192,31.2609,31.4978,31.7302,31.958,32.1814,32.4004,32.6151,32.8256,33.032,33.2343,33.4326,33.627,33.8175,34.0042,34.1871,34.3664,34.542,34.714,34.8825,35.0475,35.2091,35.3673,35.5222,35.6737,35.8221,35.9671,36.1091,36.2478,36.3835,36.5161,36.6457,36.7723,36.8959,37.0166,37.1344,37.2493,37.3614,37.4706,37.5771,37.6808,37.7817,37.8799,37.9754,38.0682,38.1584,38.2459,38.3309,38.4132,38.4929,38.5701,38.6447,38.7169,38.7864,38.8535,38.9182,38.9803,39.04,39.0972,39.1521,39.2045,39.2545,39.3021,39.3473,39.3901,39.4306,39.4688,39.5046,39.5381,39.5692,39.5981,39.6246,39.6488,39.6708,39.6904,39.7078,39.723,39.7359,39.7465,39.7549,39.761,39.7649,39.7666,39.7661,39.7634,39.7585,39.7514,39.742,39.7306,39.7169,39.7011,39.6831,39.6629,39.6406,39.6162,39.5896,39.561,39.5302,39.4973,39.4623,39.4252,39.3861,39.3449,39.3016,39.2563,39.2089,39.1596,39.1082,39.0549,38.9996,38.9423,38.8831,38.8219,38.7589,38.694,38.6272,38.5586,38.4881,38.4159,38.342,38.2663,38.1888,38.1098,38.0291,37.9468,37.8629,37.7775,37.6906,37.6023,37.5126,37.4216,37.3293,37.2358,37.141,37.0452,36.9483,36.8505,36.7517,36.6521,36.5517,36.4507,36.349,36.2469,36.1443,36.0414,35.9382,35.835,35.7317,35.6285,35.5256,35.4229,35.3207,35.2191,35.1182,35.0182,34.9191,34.8212,34.7245,34.6293,34.5356,34.4437,34.3537,34.2657,34.1799,34.0966,34.0157,33.9377,33.8625,33.7903,33.7214,33.656,33.5941,33.5359,33.4817,33.4315,33.3856,33.3441,33.3071,33.2749,33.2474,33.225,33.2077,33.1956,33.1889,33.1876,33.1919,33.2019,33.2176,33.2391,33.2665,33.2998,33.3392,33.3845,33.4359,33.4933,33.5568,33.6263,33.7019,33.7834,33.871,33.9645,34.0638,34.169,34.2799,34.3966,34.5188,34.6465,34.7796,34.918,35.0617,35.2104,35.3641,35.5227,35.686,35.854,36.0264
27.6392,27.2196,26.7952,26.3658,25.9314,25.4918,25.0469,24.5965,24.1404,23.6786,23.2109,22.7371,22.2571,21.7709,21.2782,20.779,20.2732,19.7606,19.2413,18.7153,18.1825,17.643,17.0969,16.5445,15.986,15.4219,14.8526,14.279,13.7019,13.1228,12.5431,11.9649,11.3911,10.8248,10.2706,9.7339,9.22141,8.74151,8.30414,7.92075,7.60379,7.36568,7.21729,7.16611,7.21477,7.36044,7.59541,7.90863,8.2875,8.71939,9.19271,9.69737,10.2249,10.7684,11.3224,11.8824,12.4448,13.0071,13.5669,14.1227,14.6731,15.2172,15.7541,16.2833,16.8043,17.3169,17.8208,18.3159,18.8021,19.2794,19.7478,20.2074,20.6582,21.1003,21.5338,21.9589,22.3757,22.7844,23.1849,23.5776,23.9626,24.34,24.7099,25.0726,25.4281,25.7767,26.1184,26.4534,26.7818,27.1038,27.4196,27.7292,28.0327,28.3304,28.6223,28.9085,29.1892,29.4645,29.7345,29.9992,30.2589,30.5135,30.7632,31.0081,31.2483,31.4838,31.7148,31.9414,32.1635,32.3814,32.595,32.8044,33.0098,33.2111,33.4085,33.602,33.7917,33.9776,34.1599,34.3384,34.5134,34.6848,34.8527,35.0172,35.1782,35.336,35.4904,35.6415,35.7895,35.9342,36.0758,36.2143,36.3497,36.4821,36.6115,36.7379,36.8614,36.982,37.0997,37.2145,37.3265,37.4358,37.5422,37.6459,37.7469,37.8452,37.9408,38.0338,38.1241,38.2118,38.297,38.3795,38.4595,38.537,38.6119,38.6843,38.7543,38.8217,38.8867,38.9493,39.0094,39.0671,39.1224,39.1753,39.2259,39.274,39.3199,39.3633,39.4044,39.4432,39.4797,39.5139,39.5458,39.5754,39.6027,39.6278,39.6506,39.6711,39.6894,39.7055,39.7193,39.7309,39.7403,39.7475,39.7525,39.7553,39.7559,39.7543,39.7506,39.7447,39.7367,39.7265,39.7141,39.6997,39.6831,39.6644,39.6436,39.6206,39.5956,39.5685,39.5394,39.5081,39.4749,39.4395,39.4022,39.3628,39.3214,39.278,39.2326,39.1853,39.136,39.0848,39.0316,38.9765,38.9196,38.8607,38.8,38.7375,38.6732,38.6071,38.5392,38.4696,38.3983,38.3254,38.2507,38.1745,38.0967,38.0173,37.9365,37.8541,37.7704,37.6853,37.5988,37.5111,37.4222,37.332,37.2408,37.1485,37.0552,36.961,36.866,36.7701,36.6736,36.5764,36.4787,36.3805,36.2819,36.1831,36.0841,35.985,35.8859,35.787,35.6883,35.59,35.4922,35.3949,35.2984,35.2028,35.1082,35.0147,34.9225,34.8317,34.7425,34.655,34.5694,34.4858,34.4044,34.3254,34.2488,34.175,34.104,34.036,33.9711,33.9096,33.8516,33.7972,33.7466,33.7001,33.6576,33.6194,33.5856,33.5564,33.5319,33.5122,33.4974,33.4878,33.4833,33.4841,33.4903,33.5019,33.5192,33.542,33.5705,33.6048,33.6448,33.6907,33.7424,33.8,33.8634,33.9327,34.0078,34.0887,34.1754,34.2679,34.3661,34.47,34.5794,34.6943,34.8147,34.9404,35.0714,35.2076,35.3489,35.4951,35.6462,35.8021,35.9626,36.1277,36.2971
27.6797,27.2639,26.8435,26.4183,25.9884,25.5534,25.1133,24.668,24.2174,23.7613,23.2996,22.8322,22.359,21.8799,21.3949,20.9038,20.4066,19.9033,19.3939,18.8785,18.3572,17.83,17.2972,16.7592,16.2163,15.6691,15.1183,14.5648,14.0097,13.4545,12.901,12.3516,11.809,11.2768,10.7594,10.2621,9.79124,9.35436,8.96009,8.61792,8.33772,8.12892,7.99946,7.95467,7.99636,8.12253,8.32764,8.60356,8.9407,9.32901,9.75885,10.2215,10.7092,11.2156,11.7351,12.2635,12.797,13.3327,13.8684,14.402,14.9321,15.4576,15.9774,16.4909,16.9974,17.4966,17.9881,18.4717,18.9472,19.4146,19.8737,20.3246,20.7673,21.2019,21.6283,22.0467,22.4572,22.8599,23.2548,23.6422,24.0222,24.3948,24.7602,25.1186,25.4701,25.8148,26.1528,26.4843,26.8095,27.1283,27.441,27.7478,28.0486,28.3436,28.633,28.9169,29.1953,29.4684,29.7362,29.999,30.2567,30.5095,30.7575,31.0007,31.2393,31.4733,31.7029,31.928,32.1489,32.3654,32.5778,32.7861,32.9904,33.1907,33.3871,33.5797,33.7685,33.9535,34.1349,34.3127,34.4869,34.6577,34.8249,34.9888,35.1493,35.3065,35.4604,35.6111,35.7586,35.903,36.0442,36.1824,36.3175,36.4496,36.5788,36.705,36.8283,36.9487,37.0662,37.181,37.2929,37.4021,37.5085,37.6123,37.7133,37.8116,37.9073,38.0004,38.0909,38.1787,38.264,38.3468,38.427,38.5047,38.5799,38.6527,38.7229,38.7907,38.8561,38.9191,38.9796,39.0378,39.0936,39.147,39.198,39.2467,39.2931,39.3372,39.3789,39.4183,39.4555,39.4904,39.523,39.5533,39.5814,39.6073,39.6309,39.6523,39.6714,39.6884,39.7032,39.7158,39.7261,39.7344,39.7404,39.7443,39.746,39.7456,39.7431,39.7384,39.7316,39.7227,39.7117,39.6985,39.6833,39.6661,39.6467,39.6253,39.6018,39.5763,39.5487,39.5191,39.4876,39.454,39.4184,39.3808,39.3413,39.2998,39.2564,39.211,39.1637,39.1146,39.0635,39.0107,38.9559,38.8994,38.841,38.7809,38.719,38.6553,38.59,38.523,38.4543,38.384,38.3122,38.2387,38.1638,38.0873,38.0094,37.9301,37.8495,37.7675,37.6842,37.5998,37.5141,37.4273,37.3395,37.2507,37.161,37.0703,36.9789,36.8868,36.794,36.7006,36.6067,36.5124,36.4178,36.323,36.228,36.133,36.038,35.9433,35.8488,35.7547,35.6611,35.5681,35.4759,35.3846,35.2943,35.2051,35.1172,35.0308,34.9459,34.8627,34.7814,34.7021,34.6249,34.5501,34.4777,34.408,34.341,34.277,34.2161,34.1584,34.1041,34.0534,34.0064,33.9633,33.9241,33.8891,33.8585,33.8322,33.8105,33.7934,33.7812,33.7739,33.7716,33.7744,33.7824,33.7958,33.8145,33.8386,33.8682,33.9034,33.9442,33.9906,34.0426,34.1004,34.1638,34.2328,34.3076,34.3879,34.4739,34.5655,34.6626,34.7651,34.8732,34.9865,35.1052,35.2291,35.3581,35.4921,35.6311,35.775,35.9236,36.0769,36.2348,36.3971,36.5637
27.7278,27.3161,26.9,26.4794,26.0542,25.6242,25.1893,24.7496,24.3047,23.8547,23.3995,22.9389,22.473,22.0016,21.5247,21.0423,20.5544,20.061,19.5621,19.058,18.5488,18.0346,17.5159,16.9929,16.4663,15.9367,15.405,14.8721,14.3394,13.8085,13.2813,12.7602,12.2483,11.7489,11.2664,10.8058,10.3729,9.97435,9.6176,9.31044,9.06074,8.87575,8.76142,8.72163,8.7577,8.86812,9.04881,9.29366,9.59523,9.94549,10.3365,10.7607,11.2113,11.6823,12.1687,12.6661,13.1709,13.6801,14.1912,14.7022,15.2115,15.7177,16.2197,16.7167,17.2081,17.6932,18.1716,18.643,19.1072,19.564,20.0132,20.4549,20.8889,21.3153,21.7341,22.1453,22.549,22.9453,23.3342,23.7159,24.0904,24.458,24.8186,25.1724,25.5195,25.86,26.1941,26.5218,26.8434,27.1588,27.4683,27.7719,28.0698,28.362,28.6487,28.93,29.2059,29.4767,29.7423,30.0029,30.2586,30.5094,30.7555,30.997,31.2339,31.4662,31.6942,31.9179,32.1373,32.3525,32.5636,32.7706,32.9737,33.1729,33.3682,33.5598,33.7476,33.9317,34.1122,34.2892,34.4626,34.6326,34.7992,34.9624,35.1223,35.2789,35.4323,35.5824,35.7295,35.8734,36.0142,36.152,36.2868,36.4186,36.5475,36.6734,36.7965,36.9167,37.0341,37.1487,37.2606,37.3697,37.4761,37.5798,37.6808,37.7792,37.8749,37.9681,38.0586,38.1467,38.2321,38.3151,38.3955,38.4734,38.5489,38.6219,38.6925,38.7606,38.8263,38.8897,38.9506,39.0092,39.0654,39.1193,39.1709,39.2201,39.267,39.3116,39.354,39.3941,39.4319,39.4674,39.5007,39.5318,39.5606,39.5873,39.6117,39.6339,39.654,39.6718,39.6875,39.701,39.7124,39.7216,39.7287,39.7337,39.7365,39.7372,39.7359,39.7324,39.7268,39.7192,39.7094,39.6977,39.6838,39.6679,39.65,39.6301,39.6081,39.5842,39.5582,39.5302,39.5003,39.4684,39.4346,39.3988,39.3611,39.3215,39.28,39.2366,39.1914,39.1443,39.0954,39.0446,38.9921,38.9378,38.8817,38.8239,38.7644,38.7032,38.6404,38.5759,38.5099,38.4422,38.3731,38.3024,38.2302,38.1567,38.0817,38.0054,37.9278,37.8489,37.7687,37.6875,37.6051,37.5216,37.4372,37.3518,37.2655,37.1784,37.0905,37.002,36.9129,36.8232,36.7331,36.6427,36.5519,36.461,36.37,36.2789,36.188,36.0973,36.0069,35.9169,35.8275,35.7387,35.6506,35.5635,35.4774,35.3925,35.3088,35.2265,35.1459,35.0669,34.9897,34.9145,34.8415,34.7707,34.7024,34.6367,34.5736,34.5135,34.4563,34.4024,34.3517,34.3046,34.261,34.2212,34.1853,34.1534,34.1257,34.1023,34.0833,34.0689,34.0591,34.054,34.0539,34.0586,34.0685,34.0834,34.1036,34.129,34.1597,34.1958,34.2373,34.2843,34.3367,34.3946,34.458,34.5269,34.6013,34.6812,34.7665,34.8572,34.9533,35.0547,35.1614,35.2733,35.3903,35.5124,35.6395,35.7716,35.9085,36.0501,36.1964,36.3472,36.5025,36.6621,36.826
27.7833,27.376,26.9644,26.5486,26.1284,25.7037,25.2745,24.8405,24.4019,23.9584,23.51,23.0567,22.5985,22.1352,21.6669,21.1937,20.7155,20.2325,19.7447,19.2524,18.7558,18.2552,17.751,17.2437,16.7339,16.2223,15.71,15.198,14.6878,14.181,13.6798,13.1865,12.704,12.2359,11.7861,11.3593,10.9607,10.5962,10.2722,9.99489,9.77076,9.60541,9.50339,9.4676,9.499,9.59646,9.75687,9.97553,10.2466,10.5636,10.92,11.3093,11.7257,12.1636,12.6183,13.0858,13.5626,14.0455,14.5321,15.0204,15.5085,15.9951,16.4789,16.959,17.4346,17.905,18.3698,18.8285,19.2808,19.7264,20.1653,20.5972,21.022,21.4398,21.8505,22.2541,22.6506,23.0401,23.4226,23.7982,24.167,24.5291,24.8845,25.2334,25.5759,25.912,26.2419,26.5656,26.8833,27.1952,27.5012,27.8015,28.0962,28.3854,28.6692,28.9478,29.2211,29.4893,29.7526,30.0109,30.2644,30.5131,30.7572,30.9967,31.2318,31.4624,31.6887,31.9108,32.1287,32.3424,32.5521,32.7579,32.9597,33.1577,33.3518,33.5423,33.729,33.9122,34.0918,34.2678,34.4404,34.6096,34.7754,34.9379,35.0971,35.2531,35.4059,35.5555,35.702,35.8454,35.9858,36.1232,36.2576,36.389,36.5176,36.6433,36.7661,36.8861,37.0033,37.1177,37.2295,37.3385,37.4448,37.5484,37.6494,37.7478,37.8436,37.9368,38.0274,38.1155,38.2011,38.2842,38.3648,38.443,38.5187,38.592,38.6628,38.7313,38.7973,38.861,38.9224,38.9813,39.038,39.0923,39.1444,39.1941,39.2416,39.2868,39.3297,39.3704,39.4088,39.445,39.479,39.5108,39.5404,39.5678,39.593,39.616,39.6369,39.6557,39.6723,39.6867,39.6991,39.7093,39.7174,39.7234,39.7273,39.7292,39.729,39.7267,39.7223,39.7159,39.7075,39.697,39.6845,39.67,39.6535,39.635,39.6146,39.5921,39.5678,39.5414,39.5132,39.483,39.4509,39.4169,39.381,39.3432,39.3036,39.2622,39.2189,39.1739,39.127,39.0784,39.028,38.9759,38.9221,38.8667,38.8095,38.7508,38.6904,38.6284,38.5649,38.4999,38.4334,38.3655,38.2961,38.2253,38.1533,38.0799,38.0052,37.9294,37.8524,37.7742,37.695,37.6148,37.5337,37.4516,37.3688,37.2851,37.2008,37.1158,37.0303,36.9443,36.8579,36.7711,36.6842,36.5971,36.5099,36.4228,36.3358,36.249,36.1626,36.0766,35.9912,35.9065,35.8225,35.7395,35.6575,35.5767,35.4971,35.4189,35.3423,35.2674,35.1943,35.1232,35.0541,34.9873,34.9229,34.861,34.8018,34.7454,34.6919,34.6416,34.5945,34.5507,34.5105,34.4739,34.4412,34.4123,34.3875,34.3669,34.3505,34.3386,34.3312,34.3283,34.3302,34.3369,34.3485,34.365,34.3866,34.4132,34.4451,34.4821,34.5243,34.5718,34.6247,34.6828,34.7463,34.815,34.8891,34.9685,35.0532,35.1431,35.2383,35.3386,35.444,35.5546,35.6701,35.7906,35.9159,36.046,36.1809,36.3204,36.4644,36.6129,36.7658,36.9229,37.0842
27.8458,27.4431,27.0364,26.6257,26.2108,25.7917,25.3683,24.9405,24.5083,24.0717,23.6305,23.1849,22.7346,22.2799,21.8207,21.357,20.889,20.4168,19.9405,19.4605,18.977,18.4903,18.001,17.5096,17.0169,16.5236,16.0307,15.5396,15.0517,14.5687,14.0927,13.6262,13.1719,12.7332,12.3138,11.9179,11.5504,11.2161,10.9206,10.669,10.4665,10.3175,10.2257,10.1931,10.2206,10.3072,10.4505,10.6469,10.8917,11.1796,11.5051,11.8629,12.2478,12.6548,13.0797,13.5186,13.9682,14.4255,14.8881,15.3538,15.8208,16.2876,16.753,17.2158,17.6753,18.1307,18.5814,19.0269,19.4668,19.9009,20.3289,20.7506,21.1659,21.5747,21.9769,22.3725,22.7614,23.1438,23.5195,23.8888,24.2515,24.6078,24.9578,25.3015,25.639,25.9705,26.2959,26.6154,26.9291,27.2371,27.5394,27.8362,28.1276,28.4136,28.6944,28.97,29.2406,29.5062,29.7668,30.0227,30.2739,30.5204,30.7624,30.9999,31.233,31.4618,31.6864,31.9067,32.123,32.3352,32.5434,32.7477,32.9482,33.1449,33.3378,33.5271,33.7128,33.8949,34.0734,34.2485,34.4202,34.5886,34.7536,34.9153,35.0738,35.229,35.3812,35.5302,35.6761,35.819,35.9589,36.0958,36.2298,36.3609,36.4891,36.6145,36.737,36.8567,36.9737,37.088,37.1995,37.3084,37.4146,37.5182,37.6191,37.7175,37.8133,37.9065,37.9972,38.0854,38.1711,38.2543,38.3351,38.4134,38.4894,38.5629,38.634,38.7027,38.7691,38.8331,38.8948,38.9542,39.0113,39.066,39.1185,39.1688,39.2167,39.2625,39.306,39.3472,39.3863,39.4231,39.4578,39.4903,39.5206,39.5488,39.5748,39.5986,39.6203,39.6399,39.6574,39.6728,39.6861,39.6973,39.7064,39.7135,39.7185,39.7214,39.7223,39.7212,39.718,39.7129,39.7057,39.6965,39.6854,39.6722,39.6572,39.6401,39.6211,39.6002,39.5774,39.5526,39.526,39.4975,39.4671,39.4348,39.4007,39.3648,39.3271,39.2876,39.2463,39.2032,39.1584,39.1119,39.0637,39.0138,38.9622,38.9091,38.8543,38.7979,38.7399,38.6805,38.6195,38.557,38.4932,38.4279,38.3613,38.2933,38.224,38.1535,38.0818,38.009,37.935,37.86,37.7839,37.7069,37.629,37.5502,37.4707,37.3905,37.3095,37.2281,37.1461,37.0636,36.9808,36.8978,36.8145,36.7311,36.6478,36.5644,36.4813,36.3984,36.3159,36.2338,36.1524,36.0716,35.9916,35.9126,35.8346,35.7577,35.6821,35.608,35.5353,35.4644,35.3952,35.328,35.2628,35.1999,35.1392,35.0811,35.0256,34.9728,34.9229,34.876,34.8323,34.7919,34.755,34.7215,34.6918,34.6659,34.6439,34.626,34.6122,34.6027,34.5975,34.5969,34.6007,34.6093,34.6226,34.6407,34.6636,34.6915,34.7244,34.7623,34.8053,34.8534,34.9066,34.965,35.0285,35.0972,35.1711,35.2501,35.3342,35.4234,35.5177,35.617,35.7213,35.8305,35.9446,36.0635,36.1872,36.3155,36.4485,36.5859,36.7278,36.8741,37.0246,37.1794,37.3382
27.915,27.5171,27.1155,26.7101,26.3008,25.8875,25.4703,25.049,24.6236,24.194,23.7604,23.3227,22.8808,22.4349,21.9851,21.5313,21.0738,20.6127,20.1483,19.6808,19.2107,18.7383,18.2641,17.7888,17.3132,16.8382,16.3648,15.8943,15.4283,14.9685,14.5169,14.0759,13.6483,13.2371,12.8458,12.4782,12.1385,11.8311,11.5605,11.3311,11.1471,11.012,10.9287,10.8988,10.9229,11.0003,11.129,11.3062,11.5281,11.7904,12.0885,12.4179,12.7739,13.1523,13.5492,13.9611,14.3846,14.8172,15.2562,15.6997,16.1458,16.5929,17.0398,17.4853,17.9285,18.3685,18.8049,19.2369,19.6642,20.0864,20.5033,20.9144,21.3198,21.7192,22.1126,22.4998,22.8809,23.2557,23.6245,23.987,24.3434,24.6937,25.038,25.3763,25.7086,26.0351,26.3559,26.671,26.9804,27.2843,27.5828,27.8759,28.1638,28.4465,28.7241,28.9966,29.2642,29.527,29.785,30.0384,30.2871,30.5313,30.771,31.0064,31.2375,31.4643,31.687,31.9055,32.1201,32.3307,32.5373,32.7402,32.9392,33.1345,33.3262,33.5142,33.6987,33.8797,34.0572,34.2313,34.402,34.5694,34.7336,34.8945,35.0522,35.2067,35.3582,35.5065,35.6519,35.7942,35.9336,36.07,36.2035,36.3342,36.462,36.587,36.7092,36.8287,36.9454,37.0594,37.1708,37.2795,37.3855,37.489,37.5899,37.6882,37.7839,37.8772,37.9679,38.0562,38.142,38.2253,38.3062,38.3847,38.4608,38.5346,38.6059,38.6749,38.7416,38.8059,38.868,38.9277,38.9852,39.0404,39.0933,39.144,39.1925,39.2388,39.2828,39.3247,39.3643,39.4018,39.4371,39.4703,39.5013,39.5302,39.557,39.5816,39.6041,39.6246,39.643,39.6592,39.6735,39.6856,39.6957,39.7038,39.7099,39.7139,39.7159,39.7159,39.714,39.71,39.7041,39.6962,39.6864,39.6746,39.6609,39.6453,39.6278,39.6083,39.587,39.5639,39.5388,39.512,39.4833,39.4527,39.4204,39.3863,39.3504,39.3128,39.2735,39.2324,39.1896,39.1452,39.0991,39.0513,39.002,38.951,38.8985,38.8445,38.789,38.7319,38.6735,38.6136,38.5523,38.4897,38.4257,38.3605,38.294,38.2263,38.1575,38.0876,38.0166,37.9446,37.8717,37.7978,37.7231,37.6475,37.5713,37.4944,37.4168,37.3388,37.2602,37.1813,37.1021,37.0226,36.9429,36.8632,36.7835,36.7039,36.6245,36.5454,36.4667,36.3885,36.3109,36.234,36.1579,36.0827,36.0086,35.9356,35.8639,35.7936,35.7249,35.6577,35.5924,35.529,35.4676,35.4083,35.3514,35.2969,35.245,35.1957,35.1493,35.1058,35.0654,35.0283,34.9944,34.9641,34.9373,34.9142,34.8949,34.8796,34.8683,34.8611,34.8582,34.8597,34.8655,34.8759,34.8908,34.9104,34.9348,34.9639,34.9978,35.0366,35.0804,35.1291,35.1827,35.2413,35.305,35.3736,35.4473,35.5259,35.6095,35.6981,35.7916,35.8899,35.9932,36.1012,36.2139,36.3314,36.4534,36.5801,36.7112,36.8468,36.9866,37.1308,37.2791,37.4316,37.588
27.9906,27.5978,27.2015,26.8016,26.398,25.9908,25.58,25.1653,24.747,24.3249,23.899,23.4695,23.0363,22.5995,22.1593,21.7157,21.2689,20.8193,20.3669,19.9122,19.4556,18.9975,18.5386,18.0795,17.621,17.1641,16.7099,16.2597,15.815,15.3775,14.9493,14.5326,14.1301,13.7445,13.3791,13.0372,12.7226,12.4391,12.1904,11.9803,11.8122,11.689,11.6128,11.5851,11.6062,11.6757,11.7919,11.9524,12.1543,12.394,12.6677,12.9713,13.301,13.653,14.0238,14.4101,14.8089,15.2177,15.634,16.0558,16.4813,16.909,17.3375,17.7656,18.1925,18.6172,19.039,19.4574,19.8718,20.2819,20.6872,21.0876,21.4828,21.8725,22.2568,22.6354,23.0083,23.3755,23.7369,24.0925,24.4423,24.7863,25.1246,25.4573,25.7843,26.1057,26.4215,26.7319,27.037,27.3367,27.6311,27.9204,28.2046,28.4838,28.758,29.0273,29.2919,29.5518,29.807,30.0576,30.3038,30.5455,30.7829,31.0161,31.245,31.4698,31.6905,31.9072,32.1199,32.3288,32.5338,32.7351,32.9326,33.1265,33.3168,33.5036,33.6868,33.8666,34.043,34.216,34.3857,34.5521,34.7154,34.8754,35.0323,35.1861,35.3368,35.4845,35.6291,35.7709,35.9097,36.0455,36.1786,36.3088,36.4362,36.5608,36.6826,36.8018,36.9182,37.032,37.1431,37.2516,37.3575,37.4609,37.5616,37.6599,37.7556,37.8488,37.9396,38.0279,38.1137,38.1972,38.2782,38.3568,38.4331,38.507,38.5786,38.6479,38.7148,38.7795,38.8418,38.9019,38.9598,39.0154,39.0688,39.1199,39.1689,39.2156,39.2602,39.3026,39.3429,39.381,39.4169,39.4507,39.4825,39.5121,39.5396,39.565,39.5883,39.6096,39.6288,39.646,39.6612,39.6743,39.6854,39.6944,39.7015,39.7066,39.7097,39.7109,39.7101,39.7073,39.7026,39.696,39.6875,39.677,39.6647,39.6505,39.6344,39.6165,39.5967,39.5751,39.5516,39.5264,39.4993,39.4705,39.44,39.4076,39.3736,39.3378,39.3004,39.2613,39.2205,39.1781,39.1341,39.0885,39.0413,38.9926,38.9424,38.8906,38.8375,38.7828,38.7268,38.6694,38.6107,38.5507,38.4894,38.4268,38.3631,38.2982,38.2323,38.1652,38.0972,38.0282,37.9582,37.8874,37.8158,37.7435,37.6705,37.5968,37.5226,37.4479,37.3727,37.2972,37.2214,37.1455,37.0694,36.9932,36.9171,36.8412,36.7654,36.69,36.615,36.5406,36.4667,36.3935,36.3212,36.2498,36.1795,36.1103,36.0424,35.9759,35.9109,35.8475,35.7859,35.7261,35.6684,35.6128,35.5595,35.5085,35.46,35.4142,35.3711,35.3309,35.2938,35.2597,35.2289,35.2015,35.1776,35.1573,35.1407,35.1279,35.119,35.1141,35.1134,35.1169,35.1246,35.1368,35.1534,35.1745,35.2001,35.2304,35.2654,35.3051,35.3496,35.3989,35.453,35.5119,35.5757,35.6443,35.7178,35.7961,35.8793,35.9673,36.06,36.1575,36.2597,36.3666,36.4781,36.5942,36.7147,36.8398,36.9692,37.1029,37.2409,37.383,37.5293,37.6795,37.8337
28.0722,27.6846,27.2938,26.8996,26.5021,26.1012,25.6969,25.2891,24.878,24.4635,24.0457,23.6246,23.2002,22.7728,22.3424,21.9092,21.4734,21.0353,20.5951,20.1534,19.7104,19.2667,18.823,18.3799,17.9384,17.4993,17.0639,16.6334,16.2093,15.7933,15.3874,14.9937,14.6146,14.2528,13.9111,13.5927,13.3007,13.0384,12.8091,12.6159,12.4616,12.3485,12.2784,12.2525,12.2711,12.3336,12.4389,12.5849,12.7692,12.9888,13.2405,13.5209,13.8266,14.1543,14.5008,14.8631,15.2385,15.6245,16.0189,16.4198,16.8253,17.2339,17.6443,18.0552,18.4658,18.8751,19.2824,19.687,20.0884,20.4862,20.8799,21.2692,21.654,22.0339,22.4088,22.7786,23.1432,23.5024,23.8562,24.2046,24.5476,24.8852,25.2174,25.5442,25.8656,26.1817,26.4925,26.7981,27.0985,27.3938,27.6841,27.9694,28.2497,28.5252,28.796,29.062,29.3234,29.5802,29.8325,30.0804,30.3238,30.563,30.798,31.0288,31.2555,31.4781,31.6968,31.9115,32.1224,32.3294,32.5328,32.7324,32.9284,33.1208,33.3096,33.495,33.677,33.8555,34.0307,34.2026,34.3713,34.5367,34.6989,34.858,35.0141,35.167,35.317,35.4639,35.6079,35.749,35.8872,36.0225,36.155,36.2847,36.4116,36.5358,36.6573,36.7761,36.8922,37.0057,37.1166,37.2249,37.3306,37.4338,37.5344,37.6326,37.7282,37.8214,37.9121,38.0004,38.0863,38.1698,38.251,38.3298,38.4062,38.4803,38.5521,38.6216,38.6888,38.7537,38.8164,38.8768,38.935,38.991,39.0448,39.0964,39.1458,39.193,39.2381,39.2811,39.3219,39.3606,39.3972,39.4316,39.464,39.4943,39.5226,39.5488,39.5729,39.595,39.615,39.6331,39.6491,39.6632,39.6752,39.6853,39.6934,39.6996,39.7038,39.706,39.7064,39.7048,39.7013,39.6959,39.6887,39.6796,39.6686,39.6557,39.6411,39.6246,39.6063,39.5862,39.5643,39.5407,39.5153,39.4882,39.4593,39.4288,39.3965,39.3626,39.3271,39.2899,39.2511,39.2107,39.1687,39.1252,39.0802,39.0337,38.9857,38.9362,38.8854,38.8331,38.7795,38.7246,38.6684,38.6109,38.5522,38.4923,38.4313,38.3692,38.306,38.2418,38.1766,38.1106,38.0436,37.9758,37.9073,37.8381,37.7682,37.6977,37.6267,37.5553,37.4835,37.4113,37.339,37.2664,37.1938,37.1211,37.0486,36.9762,36.904,36.8322,36.7608,36.69,36.6198,36.5503,36.4817,36.414,36.3473,36.2818,36.2176,36.1548,36.0934,36.0337,35.9757,35.9195,35.8653,35.8133,35.7634,35.7158,35.6708,35.6283,35.5884,35.5515,35.5174,35.4864,35.4586,35.434,35.4129,35.3952,35.3812,35.3709,35.3643,35.3617,35.3631,35.3686,35.3782,35.3921,35.4102,35.4328,35.4598,35.4913,35.5273,35.5679,35.6131,35.663,35.7176,35.7768,35.8407,35.9094,35.9827,36.0608,36.1436,36.231,36.3231,36.4198,36.521,36.6269,36.7372,36.8519,36.9711,37.0946,37.2224,37.3544,37.4906,37.6308,37.7751,37.9232,38.0753
28.1595,27.7773,27.3921,27.0038,26.6125,26.218,25.8204,25.4198,25.0161,24.6094,24.1998,23.7872,23.3719,22.954,22.5336,22.1109,21.6862,21.2597,20.8319,20.403,19.9736,19.5443,19.1157,18.6885,18.2636,17.842,17.4248,17.0134,16.6091,16.2137,15.8289,15.4568,15.0996,14.7598,14.44,14.1428,13.8712,13.6279,13.4158,13.2374,13.095,12.9908,12.926,12.9016,12.9178,12.9743,13.07,13.2032,13.3719,13.5737,13.8057,14.0651,14.3489,14.6541,14.978,15.3179,15.6712,16.0356,16.4091,16.7897,17.1758,17.5658,17.9584,18.3525,18.747,19.141,19.5337,19.9246,20.3129,20.6983,21.0803,21.4585,21.8327,22.2026,22.568,22.9288,23.2848,23.6358,23.982,24.323,24.6591,24.99,25.3158,25.6366,25.9523,26.2629,26.5685,26.8691,27.1648,27.4555,27.7415,28.0226,28.299,28.5707,28.8379,29.1004,29.3585,29.6121,29.8614,30.1064,30.3471,30.5837,30.8161,31.0444,31.2688,31.4892,31.7057,31.9184,32.1274,32.3326,32.5341,32.732,32.9264,33.1172,33.3046,33.4885,33.6691,33.8464,34.0203,34.1911,34.3586,34.523,34.6842,34.8424,34.9975,35.1496,35.2987,35.4449,35.5881,35.7285,35.8661,36.0008,36.1327,36.2619,36.3884,36.5121,36.6332,36.7516,36.8674,36.9805,37.0911,37.1992,37.3047,37.4077,37.5082,37.6062,37.7017,37.7949,37.8856,37.9739,38.0598,38.1434,38.2246,38.3034,38.38,38.4543,38.5262,38.5959,38.6634,38.7286,38.7915,38.8523,38.9108,38.9672,39.0214,39.0734,39.1232,39.171,39.2166,39.26,39.3014,39.3407,39.3778,39.413,39.446,39.477,39.506,39.5329,39.5578,39.5807,39.6016,39.6205,39.6374,39.6523,39.6653,39.6764,39.6855,39.6927,39.698,39.7013,39.7028,39.7024,39.7001,39.6959,39.6899,39.6821,39.6725,39.661,39.6477,39.6327,39.6158,39.5973,39.5769,39.5549,39.5311,39.5056,39.4785,39.4497,39.4192,39.3871,39.3534,39.3181,39.2813,39.2429,39.2029,39.1615,39.1186,39.0742,39.0284,38.9812,38.9327,38.8828,38.8315,38.779,38.7253,38.6703,38.6142,38.5569,38.4986,38.4391,38.3787,38.3173,38.255,38.1917,38.1277,38.0629,37.9974,37.9312,37.8644,37.7971,37.7293,37.6611,37.5925,37.5236,37.4546,37.3854,37.3162,37.2469,37.1778,37.1089,37.0402,36.9719,36.9041,36.8368,36.7702,36.7043,36.6392,36.5751,36.5121,36.4502,36.3895,36.3302,36.2724,36.2163,36.1618,36.1091,36.0584,36.0097,35.9632,35.919,35.8772,35.8379,35.8013,35.7674,35.7364,35.7083,35.6834,35.6616,35.6432,35.6281,35.6166,35.6087,35.6044,35.604,35.6074,35.6148,35.6263,35.6418,35.6616,35.6856,35.7138,35.7465,35.7835,35.825,35.871,35.9215,35.9765,36.0361,36.1002,36.1689,36.2422,36.32,36.4024,36.4894,36.5808,36.6768,36.7772,36.882,36.9912,37.1048,37.2226,37.3447,37.471,37.6013,37.7358,37.8742,38.0165,38.1627,38.3127
28.2521,27.8755,27.496,27.1138,26.7287,26.3409,25.9502,25.5568,25.1607,24.7619,24.3606,23.9568,23.5506,23.1423,22.732,22.3199,21.9063,21.4915,21.0759,20.66,20.2442,19.829,19.4153,19.0037,18.5951,18.1905,17.791,17.3979,17.0126,16.6367,16.2719,15.9201,15.5833,15.2639,14.964,14.6862,14.433,14.2067,14.0098,13.8445,13.7127,13.6161,13.5559,13.5327,13.5469,13.598,13.6852,13.8071,13.9619,14.1477,14.362,14.6023,14.866,15.1507,15.4536,15.7725,16.1051,16.4491,16.8026,17.1638,17.5312,17.9031,18.2784,18.6559,19.0346,19.4135,19.7918,20.169,20.5443,20.9172,21.2874,21.6545,22.018,22.3778,22.7336,23.0852,23.4325,23.7753,24.1136,24.4472,24.776,25.1002,25.4195,25.7341,26.0439,26.3489,26.6491,26.9446,27.2354,27.5215,27.803,28.0799,28.3522,28.62,28.8834,29.1424,29.3971,29.6474,29.8936,30.1356,30.3734,30.6072,30.837,31.0629,31.2848,31.5029,31.7173,31.9278,32.1347,32.338,32.5377,32.7338,32.9265,33.1157,33.3016,33.484,33.6632,33.8391,34.0118,34.1813,34.3477,34.5109,34.6711,34.8283,34.9824,35.1336,35.2819,35.4272,35.5697,35.7094,35.8463,35.9804,36.1117,36.2403,36.3663,36.4895,36.6102,36.7282,36.8436,36.9564,37.0667,37.1745,37.2798,37.3825,37.4829,37.5807,37.6762,37.7692,37.8599,37.9481,38.0341,38.1176,38.1989,38.2779,38.3545,38.4289,38.5011,38.571,38.6386,38.7041,38.7673,38.8284,38.8872,38.9439,38.9985,39.0509,39.1012,39.1494,39.1955,39.2394,39.2813,39.3212,39.359,39.3947,39.4284,39.46,39.4897,39.5173,39.543,39.5667,39.5884,39.6081,39.6259,39.6418,39.6557,39.6677,39.6778,39.686,39.6923,39.6967,39.6993,39.7,39.6989,39.696,39.6912,39.6847,39.6763,39.6662,39.6543,39.6407,39.6253,39.6082,39.5894,39.5689,39.5467,39.5229,39.4974,39.4703,39.4416,39.4113,39.3795,39.346,39.3111,39.2746,39.2367,39.1973,39.1565,39.1142,39.0706,39.0256,38.9793,38.9317,38.8828,38.8327,38.7814,38.7289,38.6753,38.6206,38.5648,38.508,38.4503,38.3916,38.3321,38.2717,38.2105,38.1486,38.0861,38.0229,37.9591,37.8949,37.8302,37.7651,37.6997,37.6341,37.5683,37.5024,37.4364,37.3706,37.3048,37.2393,37.174,37.1092,37.0448,36.981,36.9178,36.8554,36.7939,36.7333,36.6737,36.6153,36.5581,36.5023,36.448,36.3953,36.3442,36.2949,36.2476,36.2022,36.159,36.118,36.0794,36.0433,36.0097,35.9788,35.9508,35.9256,35.9034,35.8844,35.8685,35.856,35.8469,35.8413,35.8393,35.841,35.8464,35.8557,35.869,35.8862,35.9074,35.9328,35.9624,35.9962,36.0342,36.0766,36.1233,36.1744,36.2299,36.2898,36.3542,36.423,36.4962,36.5739,36.6559,36.7424,36.8333,36.9286,37.0282,37.1321,37.2403,37.3527,37.4693,37.5901,37.7149,37.8437,37.9765,38.1132,38.2538,38.3981,38.5461
28.3497,27.9787,27.6052,27.2291,26.8504,26.4693,26.0857,25.6996,25.3112,24.9204,24.5275,24.1325,23.7356,23.3369,22.9368,22.5353,22.1328,21.7297,21.3264,20.9232,20.5207,20.1196,19.7205,19.3241,18.9314,18.5432,18.1608,17.7853,17.4181,17.0607,16.7147,16.3819,16.0641,15.7634,15.4819,15.2218,14.9851,14.7741,14.5908,14.4371,14.3147,14.2248,14.1685,14.1465,14.1587,14.205,14.2846,14.3964,14.5389,14.7103,14.9085,15.1315,15.3769,15.6426,15.9262,16.2255,16.5385,16.8632,17.1977,17.5404,17.8898,18.2443,18.6028,18.9642,19.3273,19.6914,20.0555,20.4191,20.7815,21.1421,21.5005,21.8563,22.2092,22.5588,22.9049,23.2473,23.5858,23.9203,24.2505,24.5765,24.8981,25.2153,25.5281,25.8364,26.1401,26.4394,26.7341,27.0244,27.3102,27.5915,27.8684,28.1409,28.409,28.6729,28.9324,29.1878,29.4389,29.6859,29.9289,30.1677,30.4027,30.6336,30.8607,31.084,31.3034,31.5192,31.7312,31.9396,32.1444,32.3457,32.5435,32.7378,32.9287,33.1163,33.3005,33.4814,33.6592,33.8337,34.005,34.1733,34.3384,34.5005,34.6596,34.8157,34.9689,35.1191,35.2665,35.411,35.5527,35.6916,35.8278,35.9612,36.0919,36.22,36.3454,36.4681,36.5883,36.7059,36.8209,36.9334,37.0433,37.1508,37.2558,37.3583,37.4585,37.5562,37.6515,37.7444,37.835,37.9232,38.0091,38.0927,38.174,38.253,38.3298,38.4043,38.4766,38.5467,38.6145,38.6802,38.7437,38.805,38.8642,38.9213,38.9762,39.029,39.0797,39.1283,39.1748,39.2193,39.2617,39.3021,39.3405,39.3768,39.4111,39.4434,39.4738,39.5021,39.5285,39.5529,39.5754,39.596,39.6146,39.6314,39.6462,39.6591,39.6702,39.6794,39.6868,39.6923,39.6959,39.6978,39.6978,39.6961,39.6925,39.6872,39.6802,39.6714,39.6609,39.6486,39.6347,39.619,39.6017,39.5828,39.5622,39.5399,39.5161,39.4907,39.4637,39.4352,39.4051,39.3735,39.3405,39.306,39.27,39.2326,39.1938,39.1537,39.1122,39.0694,39.0253,38.9799,38.9333,38.8856,38.8366,38.7866,38.7354,38.6832,38.63,38.5759,38.5208,38.4648,38.408,38.3504,38.292,38.233,38.1733,38.1131,38.0523,37.991,37.9294,37.8674,37.8051,37.7426,37.68,37.6173,37.5546,37.492,37.4296,37.3673,37.3054,37.2439,37.1829,37.1225,37.0627,37.0037,36.9456,36.8884,36.8322,36.7772,36.7234,36.671,36.6201,36.5707,36.5229,36.477,36.4329,36.3908,36.3507,36.3129,36.2774,36.2443,36.2137,36.1858,36.1606,36.1382,36.1187,36.1023,36.089,36.0789,36.0722,36.0689,36.069,36.0728,36.0802,36.0914,36.1063,36.1251,36.1479,36.1747,36.2055,36.2404,36.2795,36.3227,36.3702,36.4219,36.4779,36.5382,36.6028,36.6717,36.7449,36.8224,36.9042,36.9903,37.0807,37.1753,37.2742,37.3773,37.4845,37.5958,37.7113,37.8307,37.9542,38.0815,38.2128,38.3479,38.4867,38.6292,38.7754
28.4519,28.0866,27.7191,27.3493,26.9772,26.6028,26.2263,25.8477,25.467,25.0844,24.6999,24.3138,23.9261,23.5372,23.1471,22.7562,22.3649,21.9733,21.5821,21.1915,20.8022,20.4148,20.03,19.6484,19.2711,18.8988,18.5328,18.1741,17.8242,17.4842,17.1559,16.8408,16.5407,16.2574,15.9927,15.7486,15.527,15.3298,15.1587,15.0153,14.9011,14.8171,14.7643,14.7431,14.7536,14.7956,14.8685,14.9712,15.1025,15.2609,15.4447,15.6519,15.8805,16.1287,16.3943,16.6754,16.9701,17.2766,17.5931,17.9182,18.2503,18.5881,18.9303,19.276,19.624,19.9735,20.3237,20.6739,21.0235,21.3719,21.7186,22.0633,22.4055,22.7449,23.0813,23.4144,23.7441,24.07,24.3922,24.7105,25.0248,25.335,25.6411,25.9429,26.2406,26.534,26.8232,27.1081,27.3888,27.6652,27.9374,28.2054,28.4693,28.729,28.9847,29.2363,29.4838,29.7274,29.967,30.2027,30.4346,30.6627,30.887,31.1076,31.3245,31.5378,31.7475,31.9537,32.1563,32.3556,32.5514,32.7438,32.9329,33.1187,33.3013,33.4807,33.6569,33.8299,33.9999,34.1668,34.3307,34.4916,34.6496,34.8046,34.9568,35.106,35.2525,35.3961,35.537,35.6751,35.8106,35.9433,36.0734,36.2008,36.3256,36.4478,36.5675,36.6846,36.7992,36.9113,37.0209,37.128,37.2328,37.3351,37.435,37.5325,37.6276,37.7204,37.8109,37.8991,37.9849,38.0685,38.1498,38.2289,38.3057,38.3804,38.4528,38.523,38.591,38.6569,38.7207,38.7823,38.8417,38.8991,38.9544,39.0075,39.0586,39.1077,39.1547,39.1996,39.2425,39.2834,39.3223,39.3592,39.3942,39.4271,39.4581,39.4872,39.5143,39.5395,39.5627,39.5841,39.6036,39.6212,39.6369,39.6508,39.6628,39.673,39.6813,39.6879,39.6926,39.6956,39.6967,39.6962,39.6938,39.6898,39.684,39.6765,39.6673,39.6564,39.6439,39.6297,39.6138,39.5964,39.5773,39.5567,39.5345,39.5107,39.4855,39.4587,39.4304,39.4006,39.3694,39.3368,39.3027,39.2673,39.2306,39.1925,39.1531,39.1124,39.0705,39.0274,38.983,38.9376,38.891,38.8433,38.7946,38.7449,38.6942,38.6426,38.5901,38.5368,38.4826,38.4277,38.3722,38.3159,38.2591,38.2017,38.1438,38.0855,38.0269,37.9679,37.9087,37.8493,37.7898,37.7302,37.6707,37.6113,37.552,37.493,37.4344,37.3762,37.3184,37.2613,37.2049,37.1492,37.0943,37.0405,36.9876,36.9359,36.8855,36.8364,36.7887,36.7425,36.698,36.6553,36.6144,36.5754,36.5385,36.5037,36.4712,36.4411,36.4134,36.3883,36.3658,36.3462,36.3293,36.3155,36.3047,36.297,36.2926,36.2915,36.2937,36.2995,36.3088,36.3218,36.3384,36.3588,36.3831,36.4112,36.4432,36.4793,36.5193,36.5635,36.6117,36.664,36.7205,36.7812,36.846,36.915,36.9883,37.0657,37.1473,37.233,37.323,37.417,37.5152,37.6175,37.7238,37.8342,37.9485,38.0668,38.1889,38.3149,38.4447,38.5782,38.7154,38.8563,39.0006
28.5583,28.1989,27.8374,27.4739,27.1084,26.7409,26.3716,26.0004,25.6276,25.2531,24.8772,24.4999,24.1215,23.7422,23.3623,22.9819,22.6015,22.2214,21.8421,21.464,21.0876,20.7136,20.3426,19.9755,19.613,19.256,18.9057,18.5631,18.2294,17.906,17.5943,17.2958,17.012,16.7447,16.4955,16.266,16.0581,15.8733,15.7131,15.579,15.4721,15.3934,15.3437,15.3232,15.3321,15.3702,15.4369,15.5315,15.6527,15.7994,15.9699,16.1627,16.376,16.608,16.857,17.1211,17.3987,17.688,17.9875,18.2958,18.6114,18.9331,19.2597,19.5902,19.9235,20.2588,20.5954,20.9325,21.2695,21.6058,21.9409,22.2745,22.6061,22.9354,23.2621,23.5859,23.9067,24.2242,24.5382,24.8488,25.1556,25.4588,25.758,26.0534,26.3449,26.6324,26.9159,27.1954,27.4709,27.7423,28.0098,28.2733,28.5328,28.7883,29.04,29.2877,29.5316,29.7716,30.0079,30.2404,30.4692,30.6943,30.9157,31.1336,31.3479,31.5587,31.766,31.9699,32.1703,32.3674,32.5612,32.7517,32.939,33.123,33.3039,33.4816,33.6563,33.8279,33.9964,34.162,34.3246,34.4843,34.6411,34.795,34.946,35.0943,35.2398,35.3825,35.5226,35.6599,35.7945,35.9265,36.0559,36.1827,36.3069,36.4286,36.5477,36.6643,36.7785,36.8902,36.9994,37.1062,37.2106,37.3126,37.4123,37.5096,37.6046,37.6972,37.7876,37.8757,37.9615,38.045,38.1263,38.2054,38.2823,38.357,38.4296,38.4999,38.5681,38.6342,38.6982,38.76,38.8198,38.8774,38.933,38.9865,39.038,39.0875,39.1349,39.1803,39.2237,39.2651,39.3046,39.342,39.3776,39.4111,39.4428,39.4725,39.5003,39.5262,39.5503,39.5724,39.5927,39.6111,39.6277,39.6425,39.6555,39.6666,39.676,39.6835,39.6893,39.6934,39.6957,39.6962,39.6951,39.6922,39.6877,39.6815,39.6736,39.6641,39.6529,39.6401,39.6257,39.6098,39.5923,39.5732,39.5526,39.5304,39.5068,39.4817,39.4552,39.4272,39.3979,39.3671,39.335,39.3015,39.2667,39.2306,39.1933,39.1547,39.1149,39.074,39.0319,38.9887,38.9444,38.8991,38.8528,38.8055,38.7573,38.7082,38.6582,38.6075,38.556,38.5038,38.4509,38.3974,38.3433,38.2888,38.2338,38.1783,38.1226,38.0666,38.0103,37.9539,37.8975,37.841,37.7846,37.7283,37.6722,37.6163,37.5609,37.5058,37.4513,37.3974,37.3442,37.2917,37.2401,37.1895,37.1399,37.0914,37.0442,36.9983,36.9538,36.9108,36.8695,36.8299,36.792,36.7561,36.7222,36.6904,36.6609,36.6336,36.6087,36.5864,36.5667,36.5496,36.5354,36.524,36.5156,36.5102,36.5081,36.5091,36.5134,36.5212,36.5323,36.5471,36.5654,36.5873,36.613,36.6425,36.6757,36.7129,36.7539,36.7989,36.8479,36.9009,36.9579,37.0189,37.084,37.1532,37.2265,37.3038,37.3852,37.4707,37.5602,37.6537,37.7513,37.8528,37.9583,38.0678,38.181,38.2982,38.4191,38.5438,38.6722,38.8043,38.94,39.0792,39.2219
28.6686,28.3151,27.9597,27.6026,27.2437,26.8832,26.5211,26.1574,25.7924,25.4261,25.0586,24.6902,24.3211,23.9514,23.5815,23.2115,22.842,22.4732,22.1056,21.7396,21.3758,21.0149,20.6574,20.3042,19.956,19.6137,19.2784,18.951,18.6328,18.325,18.0288,17.7457,17.4772,17.2246,16.9896,16.7736,16.5781,16.4045,16.2542,16.1284,16.028,15.954,15.9069,15.887,15.8944,15.929,15.9902,16.0774,16.1895,16.3255,16.484,16.6636,16.8627,17.0799,17.3134,17.5617,17.8232,18.0964,18.3799,18.6722,18.9721,19.2784,19.5899,19.9057,20.2248,20.5464,20.8696,21.1939,21.5185,21.8429,22.1666,22.4892,22.8103,23.1295,23.4465,23.7611,24.073,24.382,24.688,24.9908,25.2902,25.5862,25.8786,26.1675,26.4527,26.7342,27.012,27.286,27.5562,27.8226,28.0853,28.3441,28.5992,28.8505,29.0981,29.3419,29.582,29.8185,30.0513,30.2805,30.5062,30.7282,30.9468,31.1619,31.3735,31.5817,31.7866,31.9881,32.1863,32.3812,32.5729,32.7615,32.9468,33.129,33.3082,33.4843,33.6573,33.8274,33.9945,34.1587,34.3199,34.4784,34.6339,34.7867,34.9367,35.0839,35.2284,35.3702,35.5093,35.6458,35.7796,35.9109,36.0396,36.1657,36.2893,36.4104,36.5289,36.6451,36.7587,36.87,36.9788,37.0853,37.1894,37.2911,37.3905,37.4875,37.5823,37.6748,37.765,37.853,37.9387,38.0222,38.1035,38.1826,38.2596,38.3343,38.407,38.4774,38.5458,38.6121,38.6762,38.7383,38.7983,38.8562,38.9121,38.966,39.0178,39.0677,39.1155,39.1614,39.2052,39.2472,39.2871,39.3252,39.3612,39.3954,39.4277,39.4581,39.4866,39.5132,39.538,39.5609,39.582,39.6013,39.6187,39.6344,39.6482,39.6603,39.6706,39.6792,39.686,39.6912,39.6945,39.6962,39.6963,39.6946,39.6913,39.6863,39.6797,39.6715,39.6617,39.6503,39.6374,39.6229,39.6069,39.5893,39.5703,39.5498,39.5278,39.5044,39.4796,39.4534,39.4258,39.3968,39.3666,39.335,39.3022,39.2681,39.2328,39.1963,39.1586,39.1198,39.0799,39.0389,38.9969,38.9539,38.9099,38.865,38.8192,38.7726,38.7252,38.6769,38.628,38.5784,38.5282,38.4774,38.426,38.3742,38.322,38.2694,38.2165,38.1634,38.1101,38.0566,38.0032,37.9497,37.8963,37.843,37.79,37.7372,37.6849,37.633,37.5816,37.5308,37.4807,37.4314,37.383,37.3355,37.2891,37.2438,37.1997,37.1569,37.1155,37.0756,37.0373,37.0007,36.9659,36.933,36.902,36.8731,36.8464,36.8219,36.7998,36.7802,36.763,36.7486,36.7368,36.7279,36.7218,36.7187,36.7187,36.7219,36.7282,36.7379,36.7509,36.7673,36.7872,36.8107,36.8378,36.8686,36.903,36.9413,36.9833,37.0291,37.0789,37.1325,37.19,37.2515,37.3169,37.3862,37.4596,37.5369,37.6181,37.7033,37.7925,37.8856,37.9825,38.0834,38.1881,38.2967,38.409,38.5251,38.6449,38.7684,38.8955,39.0261,39.1603,39.298,39.4391
28.7824,28.4348,28.0856,27.7349,27.3827,27.0292,26.6742,26.3181,25.9609,25.6027,25.2438,24.8842,24.5242,24.164,23.804,23.4443,23.0855,22.7277,22.3716,22.0175,21.666,21.3178,20.9734,20.6335,20.2991,19.9708,19.6498,19.3369,19.0333,18.7401,18.4586,18.1899,17.9354,17.6965,17.4745,17.2708,17.0866,16.9233,16.7819,16.6635,16.569,16.4991,16.4544,16.435,16.4411,16.4724,16.5286,16.609,16.7128,16.8391,16.9865,17.154,17.3402,17.5436,17.7628,17.9963,18.2428,18.5009,18.7691,19.0463,19.3313,19.6228,19.9199,20.2216,20.527,20.8352,21.1455,21.4572,21.7698,22.0825,22.395,22.7068,23.0175,23.3267,23.6342,23.9395,24.2426,24.5432,24.841,25.136,25.428,25.7168,26.0024,26.2847,26.5636,26.8391,27.1111,27.3795,27.6445,27.9058,28.1635,28.4177,28.6683,28.9153,29.1588,29.3986,29.635,29.8678,30.0971,30.323,30.5454,30.7644,30.98,31.1922,31.4011,31.6068,31.8091,32.0082,32.2041,32.3969,32.5865,32.7729,32.9564,33.1367,33.3141,33.4885,33.6599,33.8284,33.994,34.1568,34.3167,34.4738,34.6281,34.7797,34.9286,35.0747,35.2182,35.359,35.4972,35.6328,35.7659,35.8963,36.0243,36.1497,36.2726,36.3931,36.5111,36.6267,36.7399,36.8507,36.9591,37.0652,37.1689,37.2703,37.3694,37.4663,37.5608,37.6531,37.7432,37.831,37.9167,38.0001,38.0814,38.1605,38.2374,38.3122,38.3849,38.4555,38.524,38.5904,38.6548,38.7171,38.7773,38.8355,38.8917,38.9459,38.9981,39.0483,39.0965,39.1428,39.1871,39.2295,39.27,39.3086,39.3452,39.38,39.4129,39.4439,39.4731,39.5004,39.5259,39.5496,39.5714,39.5915,39.6098,39.6263,39.6411,39.6541,39.6654,39.6749,39.6828,39.6889,39.6934,39.6962,39.6973,39.6969,39.6947,39.691,39.6857,39.6788,39.6703,39.6603,39.6488,39.6357,39.6212,39.6051,39.5876,39.5687,39.5483,39.5266,39.5035,39.479,39.4531,39.426,39.3976,39.3679,39.337,39.3048,39.2715,39.237,39.2015,39.1648,39.127,39.0882,39.0484,39.0077,38.966,38.9234,38.88,38.8358,38.7908,38.7451,38.6987,38.6516,38.604,38.5558,38.5072,38.4581,38.4086,38.3588,38.3087,38.2584,38.2079,38.1573,38.1068,38.0562,38.0058,37.9555,37.9055,37.8557,37.8064,37.7575,37.7092,37.6615,37.6145,37.5683,37.5229,37.4785,37.4351,37.3929,37.3518,37.3121,37.2737,37.2369,37.2016,37.1679,37.136,37.106,37.0779,37.0518,37.0278,37.0061,36.9867,36.9696,36.9551,36.9431,36.9337,36.9271,36.9234,36.9225,36.9246,36.9298,36.9381,36.9496,36.9644,36.9825,37.0041,37.029,37.0575,37.0896,37.1252,37.1645,37.2075,37.2542,37.3047,37.359,37.417,37.4789,37.5446,37.6142,37.6876,37.7649,37.8461,37.9311,38.0199,38.1125,38.209,38.3092,38.4132,38.521,38.6324,38.7475,38.8662,38.9885,39.1144,39.2438,39.3766,39.5128,39.6524
28.8994,28.5577,28.2147,27.8705,27.525,27.1783,26.8306,26.482,26.1326,25.7825,25.4319,25.0811,24.7302,24.3794,24.0291,23.6796,23.3312,22.9843,22.6394,22.2969,21.9574,21.6214,21.2895,20.9626,20.6413,20.3265,20.0191,19.72,19.4301,19.1507,18.8828,18.6276,18.3862,18.1599,17.9499,17.7574,17.5836,17.4295,17.2962,17.1846,17.0953,17.0292,16.9865,16.9675,16.9723,17.0006,17.0522,17.1265,17.2227,17.3401,17.4775,17.6339,17.808,17.9987,18.2045,18.4243,18.6568,18.9006,19.1545,19.4174,19.6882,19.9657,20.2489,20.5371,20.8292,21.1245,21.4222,21.7218,22.0225,22.3239,22.6254,22.9265,23.227,23.5264,23.8243,24.1206,24.4149,24.707,24.9968,25.284,25.5685,25.8502,26.129,26.4047,26.6773,26.9467,27.2129,27.4758,27.7354,27.9916,28.2444,28.4938,28.7399,28.9826,29.2218,29.4577,29.6902,29.9193,30.1451,30.3676,30.5867,30.8026,31.0152,31.2246,31.4307,31.6337,31.8335,32.0301,32.2237,32.4142,32.6016,32.7861,32.9675,33.146,33.3215,33.4942,33.6639,33.8308,33.9949,34.1562,34.3147,34.4705,34.6236,34.774,34.9217,35.0667,35.2092,35.349,35.4863,35.621,35.7531,35.8828,36.01,36.1347,36.257,36.3768,36.4942,36.6093,36.722,36.8323,36.9403,37.0459,37.1493,37.2503,37.3492,37.4457,37.54,37.6321,37.722,37.8097,37.8952,37.9786,38.0598,38.1389,38.2158,38.2907,38.3635,38.4341,38.5027,38.5693,38.6338,38.6963,38.7568,38.8152,38.8717,38.9262,38.9787,39.0293,39.0779,39.1246,39.1693,39.2122,39.2532,39.2922,39.3294,39.3648,39.3983,39.4299,39.4597,39.4877,39.5139,39.5383,39.561,39.5818,39.6009,39.6183,39.6339,39.6479,39.6601,39.6706,39.6794,39.6866,39.6922,39.696,39.6983,39.699,39.698,39.6955,39.6914,39.6858,39.6787,39.67,39.6598,39.6482,39.6351,39.6205,39.6046,39.5872,39.5684,39.5483,39.5268,39.504,39.4799,39.4546,39.4279,39.4001,39.3711,39.3408,39.3095,39.277,39.2434,39.2088,39.1732,39.1365,39.0989,39.0604,39.021,38.9807,38.9396,38.8978,38.8552,38.8119,38.768,38.7234,38.6784,38.6328,38.5867,38.5403,38.4934,38.4463,38.399,38.3514,38.3038,38.256,38.2083,38.1606,38.113,38.0657,38.0186,37.9718,37.9254,37.8795,37.8342,37.7895,37.7455,37.7022,37.6599,37.6185,37.5781,37.5388,37.5007,37.464,37.4285,37.3946,37.3622,37.3314,37.3024,37.2752,37.2498,37.2265,37.2052,37.1861,37.1693,37.1548,37.1427,37.1332,37.1262,37.1219,37.1204,37.1217,37.1259,37.133,37.1433,37.1566,37.1731,37.1929,37.216,37.2424,37.2722,37.3056,37.3424,37.3827,37.4267,37.4743,37.5255,37.5804,37.639,37.7013,37.7674,37.8372,37.9107,37.988,38.0691,38.1539,38.2425,38.3347,38.4307,38.5304,38.6337,38.7407,38.8513,38.9655,39.0832,39.2044,39.3291,39.4572,39.5887,39.7236,39.8617
29.0191,28.6835,28.3467,28.0088,27.67,27.3303,26.9898,26.6486,26.3069,25.9649,25.6226,25.2804,24.9385,24.597,24.2563,23.9167,23.5786,23.2423,22.9083,22.577,22.249,21.9249,21.6052,21.2906,20.982,20.68,20.3854,20.0993,19.8225,19.556,19.3009,19.0582,18.829,18.6143,18.4154,18.2332,18.0689,17.9232,17.7973,17.6917,17.6072,17.5444,17.5036,17.4849,17.4884,17.5141,17.5615,17.6301,17.7194,17.8286,17.9567,18.1028,18.2659,18.4447,18.6382,18.8452,19.0645,19.2949,19.5354,19.7847,20.042,20.3061,20.5761,20.8513,21.1306,21.4135,21.6991,21.9868,22.276,22.5663,22.857,23.1478,23.4382,23.7278,24.0164,24.3037,24.5893,24.8731,25.1549,25.4344,25.7115,25.9861,26.258,26.5272,26.7934,27.0568,27.3171,27.5744,27.8286,28.0797,28.3276,28.5722,28.8137,29.052,29.2871,29.5189,29.7475,29.9729,30.1951,30.4142,30.63,30.8427,31.0523,31.2587,31.4621,31.6623,31.8595,32.0537,32.2449,32.4331,32.6184,32.8007,32.9802,33.1567,33.3304,33.5013,33.6693,33.8346,33.9972,34.157,34.3141,34.4685,34.6203,34.7694,34.9159,35.0599,35.2012,35.34,35.4763,35.6101,35.7414,35.8703,35.9967,36.1207,36.2422,36.3614,36.4782,36.5927,36.7048,36.8147,36.9222,37.0274,37.1304,37.2311,37.3296,37.4259,37.5199,37.6118,37.7015,37.7891,37.8744,37.9577,38.0389,38.1179,38.1948,38.2697,38.3425,38.4133,38.482,38.5486,38.6133,38.676,38.7367,38.7954,38.8521,38.9069,38.9597,39.0106,39.0596,39.1067,39.1519,39.1952,39.2366,39.2762,39.3139,39.3498,39.3839,39.4161,39.4466,39.4752,39.5021,39.5272,39.5506,39.5723,39.5922,39.6104,39.6269,39.6417,39.6548,39.6663,39.6761,39.6843,39.6908,39.6958,39.6991,39.7009,39.7012,39.6998,39.697,39.6926,39.6867,39.6794,39.6706,39.6603,39.6486,39.6355,39.6211,39.6052,39.588,39.5695,39.5496,39.5285,39.5061,39.4825,39.4576,39.4316,39.4044,39.3761,39.3466,39.3161,39.2845,39.2519,39.2184,39.1838,39.1484,39.112,39.0748,39.0368,38.998,38.9585,38.9182,38.8773,38.8358,38.7938,38.7512,38.7081,38.6646,38.6208,38.5766,38.5321,38.4874,38.4426,38.3976,38.3527,38.3077,38.2628,38.2181,38.1736,38.1293,38.0854,38.0419,37.9989,37.9565,37.9147,37.8736,37.8333,37.7939,37.7554,37.7179,37.6815,37.6464,37.6125,37.5799,37.5488,37.5193,37.4913,37.465,37.4405,37.4179,37.3972,37.3786,37.3621,37.3478,37.3358,37.3261,37.3189,37.3143,37.3122,37.3128,37.3162,37.3224,37.3316,37.3437,37.3588,37.377,37.3984,37.423,37.4509,37.482,37.5166,37.5546,37.596,37.6409,37.6893,37.7413,37.7968,37.856,37.9188,37.9852,38.0552,38.1289,38.2063,38.2873,38.372,38.4603,38.5522,38.6477,38.7469,38.8496,38.9559,39.0657,39.179,39.2958,39.416,39.5396,39.6666,39.7968,39.9304,40.0671
29.1414,28.8117,28.481,28.1496,27.8174,27.4846,27.1512,26.8175,26.4834,26.1493,25.8153,25.4816,25.1485,24.8161,24.4848,24.1549,23.8268,23.5009,23.1775,22.8571,22.5403,22.2276,21.9195,21.6169,21.3203,21.0304,20.7482,20.4743,20.2098,19.9555,19.7123,19.4812,19.2633,19.0595,18.8708,18.6981,18.5424,18.4045,18.2852,18.1851,18.105,18.0451,18.0059,17.9875,17.9899,18.013,18.0565,18.12,18.2029,18.3045,18.4241,18.5608,18.7136,18.8815,19.0635,19.2585,19.4655,19.6833,19.911,20.1476,20.392,20.6434,20.9008,21.1635,21.4306,21.7014,21.9753,22.2516,22.5297,22.8091,23.0893,23.3699,23.6504,23.9306,24.21,24.4884,24.7655,25.041,25.3148,25.5867,25.8565,26.1239,26.389,26.6516,26.9116,27.1689,27.4234,27.6751,27.924,28.1698,28.4127,28.6527,28.8896,29.1234,29.3543,29.582,29.8067,30.0284,30.247,30.4625,30.6751,30.8846,31.091,31.2945,31.495,31.6926,31.8872,32.0789,32.2677,32.4536,32.6366,32.8168,32.9942,33.1688,33.3406,33.5097,33.676,33.8397,34.0006,34.1589,34.3146,34.4676,34.6181,34.7659,34.9113,35.0541,35.1943,35.3321,35.4674,35.6003,35.7307,35.8587,35.9843,36.1075,36.2284,36.3469,36.4631,36.577,36.6885,36.7978,36.9049,37.0097,37.1123,37.2126,37.3108,37.4067,37.5005,37.5922,37.6816,37.769,37.8543,37.9374,38.0185,38.0974,38.1744,38.2492,38.3221,38.3929,38.4617,38.5285,38.5933,38.6561,38.717,38.7759,38.8329,38.8879,38.941,38.9923,39.0416,39.0891,39.1347,39.1784,39.2203,39.2603,39.2986,39.335,39.3696,39.4025,39.4335,39.4629,39.4904,39.5162,39.5403,39.5627,39.5834,39.6024,39.6198,39.6354,39.6495,39.6618,39.6726,39.6818,39.6894,39.6954,39.6998,39.7027,39.7041,39.7039,39.7023,39.6991,39.6945,39.6885,39.681,39.6721,39.6618,39.6501,39.6371,39.6227,39.6071,39.5901,39.5719,39.5524,39.5316,39.5097,39.4866,39.4624,39.437,39.4105,39.3829,39.3543,39.3247,39.2941,39.2626,39.2301,39.1967,39.1625,39.1275,39.0917,39.0551,39.0179,38.9799,38.9414,38.9023,38.8626,38.8225,38.7819,38.7409,38.6995,38.6579,38.616,38.574,38.5318,38.4895,38.4472,38.405,38.3628,38.3209,38.2791,38.2377,38.1966,38.1559,38.1157,38.0761,38.0372,37.9989,37.9615,37.9249,37.8893,37.8546,37.8211,37.7888,37.7577,37.7279,37.6996,37.6728,37.6475,37.624,37.6021,37.5822,37.5641,37.548,37.534,37.5222,37.5126,37.5053,37.5004,37.498,37.4981,37.5008,37.5063,37.5145,37.5255,37.5394,37.5563,37.5762,37.5991,37.6252,37.6545,37.687,37.7228,37.7619,37.8043,37.8502,37.8994,37.9522,38.0084,38.0681,38.1313,38.1981,38.2684,38.3423,38.4197,38.5007,38.5853,38.6734,38.765,38.8602,38.9588,39.061,39.1666,39.2757,39.3882,39.5041,39.6234,39.7459,39.8718,40.0009,40.1332,40.2686
29.2657,28.9419,28.6175,28.2924,27.9668,27.6408,27.3145,26.9881,26.6617,26.3354,26.0095,25.6842,25.3597,25.0362,24.7142,24.3938,24.0754,23.7595,23.4463,23.1365,22.8305,22.5288,22.232,21.9407,21.6555,21.3773,21.1067,20.8445,20.5915,20.3485,20.1166,19.8964,19.689,19.4952,19.3159,19.1519,19.0042,18.8733,18.7601,18.6651,18.5888,18.5316,18.4939,18.4756,18.477,18.4977,18.5376,18.5964,18.6734,18.7681,18.8798,19.0077,19.151,19.3087,19.48,19.6638,19.8592,20.0653,20.281,20.5054,20.7377,20.977,21.2224,21.4731,21.7285,21.9878,22.2503,22.5155,22.7828,23.0517,23.3217,23.5924,23.8633,24.1341,24.4045,24.6742,24.9428,25.2103,25.4762,25.7405,26.003,26.2634,26.5218,26.7778,27.0316,27.2828,27.5315,27.7776,28.0211,28.2618,28.4997,28.7349,28.9672,29.1966,29.4232,29.6469,29.8676,30.0855,30.3005,30.5126,30.7217,30.928,31.1314,31.3319,31.5296,31.7244,31.9163,32.1055,32.2918,32.4754,32.6562,32.8342,33.0096,33.1822,33.3521,33.5193,33.6839,33.8459,34.0053,34.162,34.3162,34.4679,34.617,34.7636,34.9076,35.0493,35.1884,35.3251,35.4594,35.5913,35.7208,35.848,35.9728,36.0952,36.2153,36.3332,36.4487,36.562,36.673,36.7818,36.8883,36.9927,37.0948,37.1948,37.2926,37.3882,37.4817,37.5731,37.6624,37.7496,37.8346,37.9177,37.9986,38.0775,38.1544,38.2292,38.3021,38.3729,38.4418,38.5087,38.5736,38.6366,38.6976,38.7568,38.814,38.8693,38.9227,38.9742,39.0239,39.0717,39.1177,39.1619,39.2042,39.2447,39.2834,39.3204,39.3556,39.389,39.4206,39.4506,39.4788,39.5053,39.5301,39.5532,39.5747,39.5945,39.6126,39.6292,39.6441,39.6574,39.6691,39.6792,39.6878,39.6948,39.7003,39.7043,39.7067,39.7077,39.7073,39.7053,39.702,39.6972,39.691,39.6834,39.6745,39.6643,39.6527,39.6398,39.6256,39.6102,39.5935,39.5756,39.5565,39.5363,39.5149,39.4924,39.4688,39.4441,39.4184,39.3917,39.364,39.3353,39.3058,39.2753,39.244,39.2119,39.179,39.1453,39.111,39.0759,39.0403,39.004,38.9672,38.9299,38.8922,38.854,38.8155,38.7766,38.7375,38.6982,38.6587,38.619,38.5794,38.5397,38.5001,38.4607,38.4214,38.3823,38.3436,38.3053,38.2673,38.2299,38.1931,38.1569,38.1215,38.0868,38.053,38.0201,37.9883,37.9575,37.9279,37.8996,37.8725,37.8469,37.8228,37.8002,37.7792,37.76,37.7426,37.7271,37.7135,37.7019,37.6925,37.6852,37.6802,37.6776,37.6773,37.6796,37.6844,37.6918,37.702,37.7148,37.7305,37.7491,37.7706,37.7951,37.8227,37.8533,37.8871,37.9241,37.9643,38.0078,38.0546,38.1047,38.1582,38.2151,38.2754,38.3391,38.4062,38.4768,38.5509,38.6284,38.7094,38.7939,38.8818,38.9732,39.068,39.1663,39.2679,39.373,39.4814,39.5931,39.7082,39.8266,39.9481,40.073,40.201,40.3321,40.4663
29.3918,29.074,28.7556,28.4369,28.1178,27.7986,27.4793,27.1601,26.8412,26.5226,26.2047,25.8876,25.5715,25.2568,24.9438,24.6326,24.3237,24.0175,23.7144,23.4147,23.1191,22.8279,22.5418,22.2614,21.9872,21.72,21.4604,21.2092,20.967,20.7348,20.5133,20.3033,20.1057,19.9211,19.7505,19.5946,19.4542,19.3298,19.2221,19.1317,19.059,19.0042,18.9677,18.9496,18.9499,18.9685,19.0051,19.0594,19.131,19.2193,19.3237,19.4435,19.578,19.7262,19.8875,20.0609,20.2455,20.4404,20.6448,20.8578,21.0786,21.3063,21.5403,21.7796,22.0237,22.2719,22.5236,22.7781,23.035,23.2936,23.5537,23.8147,24.0762,24.3379,24.5995,24.8606,25.1209,25.3804,25.6386,25.8954,26.1507,26.4042,26.6558,26.9054,27.1529,27.3982,27.6411,27.8816,28.1197,28.3553,28.5882,28.8186,29.0463,29.2713,29.4936,29.7132,29.9301,30.1441,30.3555,30.564,30.7698,30.9729,31.1731,31.3707,31.5654,31.7575,31.9468,32.1334,32.3173,32.4985,32.677,32.8529,33.0261,33.1967,33.3647,33.5301,33.693,33.8533,34.011,34.1662,34.3189,34.4691,34.6169,34.7621,34.905,35.0454,35.1835,35.3191,35.4524,35.5833,35.7119,35.8381,35.9621,36.0837,36.2031,36.3202,36.4351,36.5478,36.6582,36.7664,36.8725,36.9763,37.078,37.1776,37.275,37.3703,37.4635,37.5547,37.6437,37.7307,37.8156,37.8984,37.9793,38.0581,38.1349,38.2097,38.2826,38.3534,38.4224,38.4893,38.5544,38.6175,38.6787,38.738,38.7954,38.851,38.9047,38.9565,39.0065,39.0547,39.101,39.1455,39.1883,39.2293,39.2685,39.3059,39.3416,39.3756,39.4079,39.4384,39.4673,39.4944,39.5199,39.5438,39.566,39.5865,39.6055,39.6228,39.6386,39.6528,39.6654,39.6765,39.686,39.694,39.7006,39.7056,39.7092,39.7113,39.7119,39.7112,39.7091,39.7055,39.7006,39.6944,39.6868,39.6779,39.6677,39.6563,39.6436,39.6296,39.6145,39.5982,39.5807,39.5621,39.5424,39.5216,39.4997,39.4768,39.4529,39.4281,39.4022,39.3755,39.3479,39.3194,39.2901,39.2601,39.2293,39.1977,39.1655,39.1327,39.0992,39.0652,39.0307,38.9957,38.9603,38.9245,38.8883,38.8519,38.8153,38.7784,38.7414,38.7043,38.6672,38.6301,38.5931,38.5563,38.5196,38.4832,38.4471,38.4115,38.3762,38.3415,38.3074,38.2739,38.2412,38.2092,38.1781,38.1479,38.1188,38.0907,38.0638,38.0381,38.0138,37.9908,37.9692,37.9492,37.9309,37.9142,37.8992,37.8862,37.875,37.8658,37.8587,37.8538,37.851,37.8506,37.8525,37.8568,37.8636,37.873,37.885,37.8997,37.9171,37.9374,37.9605,37.9865,38.0155,38.0475,38.0826,38.1208,38.1621,38.2066,38.2543,38.3053,38.3595,38.417,38.4779,38.5421,38.6096,38.6805,38.7548,38.8325,38.9135,38.9979,39.0857,39.1769,39.2714,39.3693,39.4704,39.5749,39.6827,39.7938,39.9081,40.0256,40.1463,40.2701,40.3971,40.5271,40.6601
29.5195,29.2074,28.8952,28.5827,28.2701,27.9576,27.6452,27.3331,27.0215,26.7105,26.4004,26.0914,25.7836,25.4774,25.1731,24.8709,24.5713,24.2745,23.9809,23.6911,23.4055,23.1245,22.8486,22.5786,22.3148,22.058,21.8089,21.568,21.3361,21.114,20.9023,20.7017,20.5132,20.3372,20.1747,20.0263,19.8925,19.7741,19.6715,19.5852,19.5157,19.4631,19.4278,19.4098,19.4091,19.4256,19.4591,19.5094,19.5759,19.6583,19.7559,19.8682,19.9945,20.1339,20.2858,20.4494,20.6238,20.8083,21.0021,21.2043,21.4142,21.631,21.854,22.0825,22.3158,22.5534,22.7945,23.0388,23.2855,23.5343,23.7847,24.0363,24.2887,24.5415,24.7944,25.0471,25.2994,25.551,25.8016,26.051,26.2992,26.5458,26.7908,27.034,27.2754,27.5147,27.7519,27.9869,28.2196,28.45,28.6781,28.9036,29.1268,29.3474,29.5654,29.7809,29.9938,30.2041,30.4118,30.6168,30.8192,31.019,31.2162,31.4107,31.6026,31.7918,31.9785,32.1625,32.3439,32.5227,32.699,32.8727,33.0438,33.2124,33.3785,33.542,33.7031,33.8616,34.0177,34.1714,34.3226,34.4713,34.6177,34.7617,34.9033,35.0425,35.1794,35.3139,35.4461,35.5761,35.7037,35.8291,35.9522,36.073,36.1916,36.308,36.4222,36.5342,36.6441,36.7517,36.8573,36.9606,37.0619,37.161,37.2581,37.353,37.4459,37.5368,37.6255,37.7123,37.797,37.8797,37.9604,38.0391,38.1159,38.1907,38.2635,38.3344,38.4033,38.4704,38.5355,38.5987,38.6601,38.7196,38.7772,38.833,38.8869,38.939,38.9893,39.0378,39.0845,39.1294,39.1726,39.214,39.2537,39.2916,39.3278,39.3623,39.3952,39.4263,39.4558,39.4836,39.5097,39.5343,39.5572,39.5785,39.5983,39.6164,39.633,39.6481,39.6616,39.6736,39.6841,39.6931,39.7006,39.7067,39.7113,39.7145,39.7163,39.7167,39.7158,39.7135,39.7098,39.7048,39.6986,39.691,39.6822,39.6722,39.6609,39.6485,39.6349,39.6201,39.6042,39.5872,39.5691,39.55,39.5298,39.5087,39.4866,39.4635,39.4395,39.4147,39.389,39.3624,39.3351,39.3071,39.2783,39.2488,39.2187,39.188,39.1567,39.1249,39.0927,39.0599,39.0268,38.9933,38.9595,38.9255,38.8912,38.8568,38.8222,38.7876,38.753,38.7184,38.684,38.6496,38.6156,38.5817,38.5483,38.5152,38.4826,38.4505,38.419,38.3882,38.3581,38.3287,38.3003,38.2728,38.2462,38.2208,38.1965,38.1734,38.1516,38.1312,38.1122,38.0948,38.0789,38.0646,38.0522,38.0415,38.0327,38.0258,38.021,38.0183,38.0177,38.0194,38.0234,38.0297,38.0385,38.0498,38.0636,38.0801,38.0992,38.1211,38.1458,38.1733,38.2037,38.237,38.2734,38.3127,38.3551,38.4006,38.4493,38.5011,38.5561,38.6143,38.6757,38.7404,38.8083,38.8796,38.9541,39.0319,39.113,39.1974,39.2851,39.3761,39.4703,39.5678,39.6686,39.7726,39.8798,39.9902,40.1038,40.2205,40.3404,40.4633,40.5892,40.7182,40.8502
29.6482,29.342,29.0357,28.7294,28.4232,28.1173,27.8117,27.5066,27.2022,26.8987,26.5962,26.2951,25.9954,25.6975,25.4017,25.1083,24.8175,24.5298,24.2456,23.9652,23.6892,23.4179,23.1519,22.8917,22.6379,22.391,22.1517,21.9206,21.6984,21.4857,21.2831,21.0915,20.9113,20.7434,20.5884,20.4468,20.3192,20.2062,20.1083,20.0259,19.9592,19.9087,19.8744,19.8564,19.8548,19.8694,19.9,19.9465,20.0083,20.0852,20.1766,20.2818,20.4004,20.5316,20.6748,20.8293,20.9942,21.1688,21.3525,21.5445,21.7441,21.9505,22.1631,22.3812,22.6043,22.8316,23.0627,23.297,23.534,23.7733,24.0144,24.2568,24.5003,24.7444,24.9889,25.2335,25.4778,25.7216,25.9648,26.207,26.4482,26.6881,26.9265,27.1634,27.3986,27.632,27.8635,28.0931,28.3205,28.5458,28.7689,28.9898,29.2083,29.4245,29.6383,29.8497,30.0587,30.2652,30.4692,30.6707,30.8698,31.0663,31.2603,31.4518,31.6408,31.8273,32.0112,32.1927,32.3716,32.548,32.722,32.8935,33.0625,33.2291,33.3932,33.5549,33.7141,33.8709,34.0254,34.1774,34.3271,34.4744,34.6194,34.7621,34.9024,35.0404,35.1761,35.3095,35.4407,35.5696,35.6963,35.8207,35.943,36.063,36.1809,36.2965,36.41,36.5214,36.6306,36.7377,36.8427,36.9456,37.0463,37.1451,37.2417,37.3363,37.4289,37.5194,37.6079,37.6944,37.7789,37.8615,37.942,38.0206,38.0973,38.172,38.2448,38.3157,38.3847,38.4518,38.517,38.5803,38.6418,38.7014,38.7592,38.8152,38.8694,38.9218,38.9724,39.0212,39.0682,39.1135,39.1571,39.1989,39.239,39.2774,39.3141,39.3491,39.3825,39.4142,39.4443,39.4727,39.4995,39.5248,39.5484,39.5705,39.5909,39.6099,39.6273,39.6432,39.6576,39.6705,39.6819,39.6919,39.7004,39.7075,39.7131,39.7174,39.7203,39.7219,39.7221,39.721,39.7186,39.7148,39.7099,39.7036,39.6962,39.6875,39.6777,39.6667,39.6545,39.6413,39.6269,39.6115,39.595,39.5775,39.5591,39.5396,39.5192,39.498,39.4758,39.4528,39.4289,39.4043,39.3789,39.3528,39.3261,39.2986,39.2706,39.242,39.2128,39.1832,39.1531,39.1226,39.0917,39.0604,39.0289,38.9972,38.9653,38.9332,38.9011,38.8689,38.8367,38.8046,38.7726,38.7408,38.7092,38.6779,38.647,38.6164,38.5864,38.5569,38.5279,38.4997,38.4721,38.4454,38.4195,38.3946,38.3706,38.3477,38.326,38.3054,38.2862,38.2682,38.2517,38.2367,38.2233,38.2114,38.2013,38.193,38.1865,38.1819,38.1793,38.1787,38.1803,38.1841,38.1901,38.1984,38.2091,38.2223,38.2379,38.2561,38.2769,38.3004,38.3266,38.3556,38.3874,38.422,38.4596,38.5001,38.5436,38.5901,38.6396,38.6922,38.748,38.8069,38.8689,38.9341,39.0024,39.074,39.1488,39.2268,39.308,39.3924,39.48,39.5708,39.6648,39.7621,39.8624,39.966,40.0727,40.1825,40.2954,40.4114,40.5304,40.6525,40.7775,40.9055,41.0365
29.7778,29.4774,29.177,28.8768,28.5769,28.2774,27.9785,27.6803,27.383,27.0868,26.7918,26.4983,26.2065,25.9167,25.6291,25.3441,25.062,24.7831,24.5079,24.2366,23.9697,23.7077,23.4511,23.2003,22.956,22.7185,22.4886,22.2667,22.0535,21.8497,21.6557,21.4723,21.3001,21.1396,20.9915,20.8562,20.7344,20.6264,20.5328,20.4538,20.3899,20.3411,20.3077,20.2897,20.2872,20.3,20.328,20.3709,20.4284,20.5002,20.5857,20.6844,20.7959,20.9194,21.0544,21.2003,21.3562,21.5217,21.6959,21.8782,22.068,22.2646,22.4673,22.6755,22.8887,23.1063,23.3277,23.5525,23.7801,24.0102,24.2422,24.4758,24.7107,24.9464,25.1827,25.4192,25.6558,25.8921,26.1279,26.363,26.5973,26.8305,27.0625,27.2932,27.5224,27.75,27.9759,28.1999,28.4221,28.6424,28.8606,29.0768,29.2907,29.5026,29.7122,29.9195,30.1245,30.3272,30.5276,30.7256,30.9213,31.1146,31.3054,31.4939,31.68,31.8637,32.0449,32.2238,32.4002,32.5743,32.746,32.9152,33.0821,33.2466,33.4088,33.5686,33.726,33.8811,34.0339,34.1844,34.3325,34.4784,34.6219,34.7632,34.9023,35.039,35.1736,35.3059,35.436,35.5639,35.6896,35.8131,35.9345,36.0537,36.1707,36.2857,36.3985,36.5092,36.6178,36.7243,36.8287,36.9311,37.0314,37.1296,37.2259,37.3201,37.4123,37.5025,37.5908,37.677,37.7613,37.8437,37.9241,38.0026,38.0791,38.1538,38.2265,38.2974,38.3664,38.4335,38.4988,38.5622,38.6238,38.6836,38.7416,38.7977,38.8521,38.9048,38.9556,39.0047,39.0521,39.0977,39.1417,39.1839,39.2244,39.2633,39.3005,39.336,39.3699,39.4022,39.4328,39.4619,39.4893,39.5152,39.5395,39.5623,39.5835,39.6032,39.6214,39.6382,39.6534,39.6672,39.6795,39.6904,39.6999,39.708,39.7147,39.72,39.724,39.7266,39.728,39.728,39.7268,39.7243,39.7206,39.7157,39.7096,39.7023,39.6938,39.6842,39.6735,39.6617,39.6489,39.635,39.6201,39.6042,39.5874,39.5696,39.551,39.5314,39.511,39.4898,39.4678,39.445,39.4215,39.3974,39.3726,39.3471,39.3211,39.2945,39.2674,39.2399,39.2119,39.1836,39.1549,39.1259,39.0966,39.0671,39.0375,39.0078,38.9779,38.9481,38.9183,38.8886,38.859,38.8296,38.8005,38.7717,38.7432,38.7152,38.6876,38.6606,38.6342,38.6084,38.5834,38.5592,38.5358,38.5134,38.4919,38.4715,38.4523,38.4342,38.4174,38.4019,38.3878,38.3752,38.3641,38.3546,38.3468,38.3408,38.3365,38.3341,38.3337,38.3353,38.3389,38.3447,38.3527,38.3629,38.3755,38.3905,38.4079,38.4278,38.4502,38.4753,38.503,38.5334,38.5665,38.6025,38.6412,38.6829,38.7274,38.7749,38.8254,38.8788,38.9353,38.9949,39.0575,39.1232,39.192,39.2639,39.339,39.4171,39.4985,39.5829,39.6705,39.7612,39.855,39.952,40.052,40.1552,40.2614,40.3706,40.4829,40.5983,40.7165,40.8378,40.962,41.0891,41.219
29.908,29.6132,29.3186,29.0244,28.7307,28.4376,28.1453,27.8538,27.5634,27.2743,26.9866,26.7006,26.4165,26.1345,25.855,25.5782,25.3044,25.034,24.7673,24.5048,24.2467,23.9936,23.746,23.5042,23.2687,23.0402,22.8191,22.6059,22.4013,22.2058,22.0199,21.8442,21.6793,21.5257,21.384,21.2547,21.1381,21.0348,20.9451,20.8693,20.8078,20.7606,20.728,20.71,20.7066,20.7178,20.7432,20.7829,20.8363,20.9033,20.9833,21.076,21.1808,21.2972,21.4245,21.5623,21.7099,21.8666,22.0319,22.2051,22.3856,22.5728,22.7661,22.965,23.1688,23.377,23.5892,23.8048,24.0234,24.2445,24.4678,24.6929,24.9193,25.1469,25.3752,25.6039,25.8329,26.0619,26.2905,26.5187,26.7462,26.9729,27.1986,27.4231,27.6464,27.8682,28.0886,28.3073,28.5243,28.7395,28.9529,29.1644,29.3739,29.5813,29.7867,29.99,30.1911,30.3901,30.5868,30.7814,30.9736,31.1637,31.3514,31.5369,31.7201,31.9009,32.0795,32.2558,32.4297,32.6014,32.7708,32.9378,33.1026,33.265,33.4252,33.5831,33.7387,33.8921,34.0432,34.1921,34.3387,34.4831,34.6252,34.7652,34.9029,35.0384,35.1718,35.303,35.432,35.5589,35.6836,35.8062,35.9266,36.045,36.1613,36.2754,36.3875,36.4975,36.6055,36.7114,36.8153,36.9171,37.0169,37.1147,37.2106,37.3044,37.3963,37.4861,37.5741,37.6601,37.7442,37.8263,37.9065,37.9849,38.0613,38.1359,38.2086,38.2794,38.3484,38.4155,38.4809,38.5444,38.6061,38.666,38.7241,38.7805,38.8351,38.8879,38.9391,38.9885,39.0361,39.0821,39.1264,39.169,39.21,39.2493,39.2869,39.3229,39.3573,39.3901,39.4213,39.451,39.4791,39.5056,39.5306,39.554,39.576,39.5964,39.6154,39.6329,39.649,39.6636,39.6769,39.6887,39.6991,39.7081,39.7158,39.7222,39.7272,39.731,39.7335,39.7346,39.7346,39.7333,39.7308,39.7272,39.7223,39.7164,39.7093,39.7011,39.6918,39.6814,39.6701,39.6577,39.6444,39.6301,39.6148,39.5987,39.5817,39.5638,39.5452,39.5257,39.5055,39.4846,39.4629,39.4406,39.4177,39.3942,39.3702,39.3456,39.3206,39.2951,39.2692,39.243,39.2164,39.1896,39.1625,39.1353,39.1079,39.0804,39.0528,39.0253,38.9978,38.9705,38.9433,38.9162,38.8895,38.8631,38.837,38.8114,38.7863,38.7617,38.7377,38.7144,38.6919,38.6701,38.6492,38.6292,38.6102,38.5922,38.5754,38.5597,38.5453,38.5322,38.5204,38.5102,38.5014,38.4942,38.4886,38.4848,38.4827,38.4825,38.4842,38.4878,38.4935,38.5013,38.5112,38.5233,38.5377,38.5545,38.5736,38.5951,38.6192,38.6458,38.675,38.7068,38.7412,38.7785,38.8184,38.8612,38.9068,38.9553,39.0066,39.0609,39.1182,39.1784,39.2416,39.3078,39.3771,39.4494,39.5247,39.6031,39.6846,39.7691,39.8566,39.9473,40.0409,40.1377,40.2374,40.3402,40.446,40.5547,40.6664,40.7811,40.8987,41.0192,41.1426,41.2688,41.3978
30.0385,29.7492,29.4604,29.1721,28.8844,28.5976,28.3116,28.0268,27.7432,27.461,27.1804,26.9017,26.625,26.3506,26.0789,25.8099,25.5442,25.282,25.0236,24.7694,24.5198,24.2752,24.0361,23.8028,23.5759,23.3558,23.1431,22.9381,22.7415,22.5538,22.3754,22.207,22.049,21.9018,21.7661,21.6422,21.5305,21.4314,21.3454,21.2725,21.2132,21.1675,21.1356,21.1176,21.1134,21.1229,21.146,21.1826,21.2323,21.2948,21.3697,21.4567,21.5553,21.6649,21.7851,21.9153,22.055,22.2036,22.3604,22.525,22.6967,22.8751,23.0594,23.2493,23.4441,23.6434,23.8467,24.0535,24.2634,24.476,24.6909,24.9077,25.126,25.3456,25.5662,25.7874,26.009,26.2307,26.4524,26.6738,26.8947,27.115,27.3344,27.5529,27.7703,27.9865,28.2014,28.4148,28.6267,28.837,29.0456,29.2524,29.4574,29.6606,29.8618,30.0611,30.2583,30.4535,30.6467,30.8377,31.0267,31.2134,31.3981,31.5805,31.7608,31.9389,32.1148,32.2885,32.46,32.6292,32.7963,32.9611,33.1237,33.2842,33.4424,33.5984,33.7522,33.9038,34.0532,34.2005,34.3455,34.4884,34.6292,34.7677,34.9042,35.0385,35.1706,35.3007,35.4286,35.5544,35.6782,35.7998,35.9194,36.0369,36.1524,36.2657,36.3771,36.4864,36.5937,36.699,36.8023,36.9036,37.003,37.1003,37.1957,37.2891,37.3806,37.4702,37.5578,37.6436,37.7274,37.8093,37.8894,37.9675,38.0439,38.1183,38.191,38.2617,38.3307,38.3979,38.4632,38.5268,38.5886,38.6486,38.7069,38.7634,38.8182,38.8713,38.9227,38.9723,39.0203,39.0666,39.1112,39.1542,39.1956,39.2353,39.2734,39.3099,39.3448,39.3781,39.4098,39.44,39.4687,39.4959,39.5215,39.5456,39.5683,39.5895,39.6092,39.6275,39.6444,39.6599,39.6739,39.6866,39.698,39.708,39.7167,39.724,39.7301,39.7349,39.7384,39.7408,39.7419,39.7418,39.7405,39.738,39.7345,39.7298,39.724,39.7172,39.7093,39.7004,39.6904,39.6796,39.6677,39.655,39.6413,39.6268,39.6114,39.5952,39.5782,39.5605,39.542,39.5229,39.5031,39.4826,39.4616,39.44,39.4179,39.3953,39.3722,39.3487,39.3249,39.3007,39.2763,39.2515,39.2266,39.2015,39.1763,39.151,39.1257,39.1005,39.0753,39.0502,39.0253,39.0006,38.9762,38.9521,38.9284,38.9052,38.8824,38.8602,38.8386,38.8177,38.7975,38.7782,38.7596,38.742,38.7254,38.7098,38.6953,38.682,38.6699,38.6591,38.6497,38.6417,38.6351,38.6302,38.6268,38.6251,38.6252,38.6271,38.6308,38.6365,38.6442,38.6539,38.6657,38.6796,38.6958,38.7143,38.7351,38.7583,38.7839,38.812,38.8426,38.8758,38.9116,38.9501,38.9912,39.0351,39.0817,39.1312,39.1835,39.2386,39.2966,39.3575,39.4213,39.488,39.5577,39.6304,39.7061,39.7847,39.8663,39.9509,40.0385,40.1291,40.2226,40.3191,40.4186,40.5211,40.6265,40.7348,40.846,40.9601,41.077,41.1968,41.3194,41.4448,41.573
30.1689,29.8851,29.6019,29.3194,29.0377,28.757,28.4773,28.1989,27.9219,27.6464,27.3728,27.1011,26.8317,26.5647,26.3004,26.0391,25.7811,25.5268,25.2763,25.0302,24.7887,24.5522,24.3212,24.096,23.8772,23.6651,23.4602,23.263,23.074,22.8936,22.7223,22.5606,22.409,22.2679,22.1377,22.0188,21.9116,21.8165,21.7338,21.6637,21.6064,21.562,21.5308,21.5127,21.5077,21.5157,21.5366,21.5703,21.6164,21.6748,21.7449,21.8266,21.9193,22.0227,22.1362,22.2593,22.3915,22.5323,22.6812,22.8377,23.0011,23.171,23.3469,23.5282,23.7144,23.9052,24.1,24.2984,24.4999,24.7043,24.911,25.1199,25.3304,25.5423,25.7553,25.9691,26.1836,26.3983,26.6132,26.8279,27.0424,27.2564,27.4697,27.6823,27.894,28.1046,28.3141,28.5223,28.7291,28.9345,29.1384,29.3407,29.5413,29.7402,29.9373,30.1326,30.326,30.5175,30.707,30.8946,31.0802,31.2638,31.4453,31.6248,31.8022,31.9775,32.1507,32.3218,32.4908,32.6577,32.8224,32.9851,33.1456,33.3039,33.4602,33.6143,33.7663,33.9161,34.0639,34.2095,34.353,34.4944,34.6337,34.7709,34.9061,35.0391,35.1701,35.299,35.4258,35.5506,35.6733,35.794,35.9127,36.0293,36.144,36.2566,36.3672,36.4759,36.5825,36.6872,36.7899,36.8907,36.9895,37.0863,37.1813,37.2743,37.3654,37.4547,37.542,37.6274,37.711,37.7927,37.8726,37.9506,38.0268,38.1011,38.1736,38.2444,38.3133,38.3805,38.4459,38.5095,38.5714,38.6315,38.6899,38.7466,38.8016,38.8548,38.9064,38.9563,39.0046,39.0512,39.0962,39.1395,39.1812,39.2213,39.2598,39.2968,39.3322,39.366,39.3983,39.429,39.4583,39.486,39.5123,39.5371,39.5604,39.5823,39.6028,39.6219,39.6395,39.6558,39.6707,39.6843,39.6965,39.7074,39.7171,39.7254,39.7325,39.7383,39.7429,39.7464,39.7486,39.7496,39.7495,39.7483,39.746,39.7425,39.7381,39.7326,39.726,39.7185,39.71,39.7005,39.6902,39.6789,39.6668,39.6538,39.64,39.6255,39.6102,39.5941,39.5774,39.56,39.5419,39.5233,39.5041,39.4844,39.4641,39.4434,39.4223,39.4008,39.379,39.3568,39.3344,39.3117,39.2889,39.2659,39.2429,39.2198,39.1966,39.1736,39.1506,39.1277,39.1051,39.0826,39.0605,39.0387,39.0173,38.9964,38.9759,38.9561,38.9368,38.9182,38.9004,38.8834,38.8672,38.8519,38.8376,38.8243,38.8121,38.8011,38.7912,38.7827,38.7755,38.7697,38.7654,38.7626,38.7614,38.7618,38.764,38.7679,38.7737,38.7813,38.7909,38.8025,38.8162,38.8319,38.8499,38.87,38.8925,38.9173,38.9444,38.974,39.006,39.0406,39.0777,39.1173,39.1597,39.2046,39.2523,39.3027,39.3559,39.4118,39.4706,39.5321,39.5966,39.6639,39.734,39.8071,39.8831,39.962,40.0437,40.1285,40.2161,40.3066,40.4001,40.4965,40.5957,40.6979,40.8029,40.9108,41.0215,41.1351,41.2515,41.3706,41.4925,41.6171,41.7445
30.2991,30.0207,29.743,29.4662,29.1903,28.9155,28.642,28.3698,28.0992,27.8304,27.5634,27.2986,27.0362,26.7763,26.5193,26.2654,26.0148,25.768,25.5252,25.2867,25.0529,24.8242,24.601,24.3835,24.1723,23.9678,23.7704,23.5805,23.3986,23.2251,23.0605,22.9051,22.7594,22.6239,22.4988,22.3847,22.2817,22.1903,22.1106,22.0429,21.9875,21.9444,21.9137,21.8955,21.8897,21.8963,21.9152,21.9461,21.9889,22.0434,22.1091,22.1858,22.2731,22.3705,22.4777,22.5941,22.7193,22.8529,22.9943,23.143,23.2985,23.4605,23.6282,23.8014,23.9795,24.1621,24.3488,24.5391,24.7327,24.9291,25.128,25.3291,25.5321,25.7365,25.9423,26.149,26.3564,26.5644,26.7726,26.9808,27.189,27.3969,27.6043,27.8111,28.0171,28.2223,28.4265,28.6295,28.8314,29.032,29.2312,29.429,29.6252,29.8199,30.0129,30.2043,30.3939,30.5817,30.7677,30.9519,31.1341,31.3145,31.493,31.6695,31.844,32.0166,32.1871,32.3557,32.5222,32.6867,32.8491,33.0095,33.1679,33.3242,33.4785,33.6307,33.7809,33.929,34.0751,34.2191,34.361,34.501,34.6388,34.7747,34.9085,35.0403,35.1701,35.2978,35.4236,35.5473,35.669,35.7888,35.9065,36.0223,36.1361,36.2479,36.3578,36.4657,36.5717,36.6758,36.7779,36.8781,36.9764,37.0728,37.1673,37.2599,37.3506,37.4395,37.5265,37.6117,37.695,37.7764,37.8561,37.9339,38.0099,38.0842,38.1566,38.2273,38.2962,38.3633,38.4287,38.4924,38.5543,38.6146,38.6731,38.7299,38.785,38.8385,38.8903,38.9405,38.989,39.0359,39.0811,39.1248,39.1669,39.2074,39.2463,39.2837,39.3195,39.3538,39.3866,39.4179,39.4477,39.4761,39.503,39.5284,39.5524,39.575,39.5962,39.616,39.6344,39.6515,39.6672,39.6816,39.6947,39.7065,39.7171,39.7264,39.7345,39.7413,39.7469,39.7514,39.7547,39.7569,39.758,39.7579,39.7568,39.7546,39.7514,39.7472,39.742,39.7358,39.7287,39.7206,39.7117,39.7019,39.6913,39.6799,39.6676,39.6547,39.641,39.6266,39.6115,39.5958,39.5795,39.5626,39.5452,39.5273,39.5089,39.4901,39.4709,39.4513,39.4314,39.4112,39.3908,39.3702,39.3494,39.3285,39.3075,39.2865,39.2655,39.2446,39.2237,39.2031,39.1826,39.1624,39.1425,39.1229,39.1038,39.0851,39.0669,39.0493,39.0323,39.016,39.0005,38.9857,38.9718,38.9588,38.9467,38.9357,38.9257,38.9169,38.9093,38.903,38.898,38.8944,38.8922,38.8915,38.8924,38.8949,38.8991,38.905,38.9127,38.9223,38.9338,38.9472,38.9627,38.9802,38.9999,39.0217,39.0458,39.0721,39.1007,39.1318,39.1652,39.2011,39.2394,39.2803,39.3238,39.3699,39.4185,39.4699,39.524,39.5807,39.6402,39.7025,39.7675,39.8354,39.906,39.9795,40.0558,40.135,40.217,40.3018,40.3895,40.4801,40.5735,40.6697,40.7688,40.8707,40.9754,41.0829,41.1932,41.3063,41.4221,41.5406,41.6619,41.7858,41.9124
30.4288,30.1556,29.8834,29.6121,29.3419,29.0729,28.8054,28.5393,28.275,28.0125,27.7521,27.4939,27.2382,26.9852,26.7352,26.4884,26.245,26.0054,25.7699,25.5388,25.3124,25.0911,24.8752,24.6651,24.4612,24.2638,24.0735,23.8905,23.7152,23.5482,23.3898,23.2403,23.1003,22.9699,22.8497,22.7399,22.6408,22.5527,22.4759,22.4105,22.3568,22.3148,22.2846,22.2662,22.2597,22.265,22.2819,22.3103,22.35,22.4008,22.4624,22.5344,22.6165,22.7084,22.8096,22.9198,23.0384,23.1651,23.2994,23.4408,23.5889,23.7433,23.9034,24.0688,24.2391,24.414,24.5929,24.7754,24.9613,25.1501,25.3415,25.5352,25.7308,25.9281,26.1268,26.3266,26.5273,26.7286,26.9303,27.1323,27.3343,27.5362,27.7378,27.9389,28.1395,28.3393,28.5383,28.7363,28.9333,29.1292,29.3238,29.5171,29.7091,29.8996,30.0886,30.276,30.4619,30.6461,30.8285,31.0093,31.1883,31.3655,31.5409,31.7145,31.8862,32.056,32.2239,32.3899,32.554,32.7161,32.8762,33.0345,33.1907,33.345,33.4973,33.6476,33.796,33.9424,34.0867,34.2291,34.3696,34.508,34.6445,34.7789,34.9114,35.042,35.1705,35.2971,35.4218,35.5444,35.6652,35.7839,35.9008,36.0157,36.1287,36.2397,36.3488,36.4561,36.5614,36.6648,36.7663,36.866,36.9637,37.0596,37.1537,37.2459,37.3362,37.4247,37.5114,37.5962,37.6792,37.7605,37.8399,37.9176,37.9934,38.0675,38.1399,38.2105,38.2793,38.3464,38.4118,38.4755,38.5375,38.5978,38.6564,38.7134,38.7686,38.8223,38.8743,38.9247,38.9734,39.0206,39.0662,39.1101,39.1526,39.1934,39.2328,39.2706,39.3068,39.3416,39.3749,39.4067,39.4371,39.466,39.4934,39.5195,39.5441,39.5674,39.5893,39.6098,39.6289,39.6468,39.6633,39.6786,39.6925,39.7052,39.7167,39.7269,39.7359,39.7438,39.7504,39.7559,39.7603,39.7636,39.7657,39.7669,39.7669,39.7659,39.764,39.761,39.7571,39.7522,39.7465,39.7398,39.7323,39.724,39.7148,39.7049,39.6942,39.6828,39.6706,39.6578,39.6444,39.6304,39.6158,39.6006,39.585,39.5688,39.5522,39.5352,39.5179,39.5002,39.4822,39.4639,39.4455,39.4268,39.408,39.3891,39.3702,39.3512,39.3323,39.3135,39.2948,39.2762,39.2579,39.2399,39.2221,39.2047,39.1878,39.1713,39.1553,39.1399,39.1252,39.1111,39.0977,39.0852,39.0735,39.0627,39.0528,39.044,39.0363,39.0296,39.0242,39.02,39.0171,39.0156,39.0155,39.0169,39.0198,39.0244,39.0305,39.0384,39.048,39.0595,39.0728,39.0881,39.1053,39.1245,39.1459,39.1693,39.195,39.2228,39.253,39.2854,39.3202,39.3574,39.397,39.4391,39.4837,39.5308,39.5805,39.6328,39.6878,39.7453,39.8056,39.8685,39.9342,40.0026,40.0737,40.1476,40.2243,40.3038,40.386,40.471,40.5588,40.6494,40.7427,40.8389,40.9378,41.0395,41.1439,41.2511,41.361,41.4736,41.5889,41.7069,41.8275,41.9508,42.0767
30.5577,30.2897,30.0227,29.7569,29.4922,29.2289,28.9672,28.7071,28.4488,28.1925,27.9384,27.6867,27.4375,27.1912,26.9479,26.7078,26.4714,26.2388,26.0103,25.7862,25.5668,25.3525,25.1436,24.9405,24.7435,24.5529,24.3692,24.1927,24.0238,23.8629,23.7102,23.5663,23.4315,23.306,23.1903,23.0845,22.989,22.9041,22.8299,22.7666,22.7144,22.6734,22.6437,22.6252,22.618,22.622,22.637,22.6631,22.6999,22.7472,22.8048,22.8725,22.9498,23.0365,23.1321,23.2364,23.3488,23.469,23.5966,23.7311,23.8722,24.0193,24.1721,24.3302,24.4931,24.6605,24.832,25.0071,25.1856,25.3671,25.5513,25.7378,25.9264,26.1168,26.3086,26.5017,26.6959,26.8908,27.0862,27.2821,27.4781,27.6741,27.87,28.0656,28.2608,28.4554,28.6493,28.8424,29.0346,29.2258,29.4159,29.6049,29.7926,29.979,30.1641,30.3477,30.5298,30.7104,30.8894,31.0669,31.2426,31.4167,31.5891,31.7597,31.9286,32.0957,32.261,32.4244,32.586,32.7458,32.9037,33.0597,33.2139,33.3661,33.5165,33.665,33.8115,33.9561,34.0988,34.2396,34.3785,34.5155,34.6505,34.7836,34.9148,35.0441,35.1714,35.2969,35.4204,35.542,35.6617,35.7795,35.8955,36.0095,36.1216,36.2319,36.3403,36.4468,36.5514,36.6542,36.7551,36.8542,36.9514,37.0468,37.1404,37.2321,37.3221,37.4102,37.4965,37.5811,37.6638,37.7448,37.824,37.9015,37.9772,38.0511,38.1233,38.1938,38.2626,38.3297,38.3951,38.4588,38.5208,38.5812,38.6399,38.6969,38.7524,38.8062,38.8584,38.9089,38.9579,39.0053,39.0512,39.0955,39.1382,39.1795,39.2192,39.2574,39.2941,39.3293,39.3631,39.3954,39.4263,39.4557,39.4837,39.5104,39.5357,39.5596,39.5821,39.6033,39.6232,39.6418,39.6591,39.6751,39.6899,39.7035,39.7158,39.7269,39.7369,39.7457,39.7533,39.7599,39.7653,39.7696,39.7729,39.7751,39.7763,39.7765,39.7758,39.774,39.7714,39.7678,39.7634,39.7581,39.7519,39.745,39.7373,39.7288,39.7196,39.7097,39.6991,39.6879,39.6761,39.6637,39.6507,39.6372,39.6233,39.6089,39.5941,39.5788,39.5633,39.5474,39.5313,39.5149,39.4984,39.4816,39.4648,39.4479,39.4309,39.414,39.3971,39.3803,39.3637,39.3472,39.331,39.315,39.2994,39.2841,39.2693,39.255,39.2412,39.2279,39.2153,39.2034,39.1922,39.1818,39.1723,39.1637,39.156,39.1493,39.1437,39.1392,39.1358,39.1338,39.133,39.1335,39.1355,39.1389,39.1438,39.1503,39.1584,39.1681,39.1796,39.1929,39.2081,39.2251,39.244,39.265,39.2879,39.313,39.3402,39.3695,39.4011,39.435,39.4711,39.5096,39.5504,39.5937,39.6394,39.6876,39.7383,39.7915,39.8473,39.9057,39.9667,40.0304,40.0967,40.1656,40.2373,40.3116,40.3886,40.4684,40.5509,40.6361,40.724,40.8146,40.908,41.0041,41.1028,41.2043,41.3085,41.4154,41.525,41.6372,41.752,41.8695,41.9896,42.1122,42.2374
30.6857,30.4227,30.1609,29.9003,29.641,29.3833,29.1272,28.8728,28.6204,28.3701,28.1221,27.8766,27.6338,27.3938,27.157,26.9236,26.6937,26.4677,26.2459,26.0286,25.8159,25.6083,25.4061,25.2096,25.0191,24.835,24.6575,24.4872,24.3242,24.169,24.0218,23.8831,23.7532,23.6322,23.5206,23.4187,23.3265,23.2445,23.1727,23.1114,23.0606,23.0206,22.9912,22.9726,22.9647,22.9674,22.9808,23.0045,23.0386,23.0827,23.1367,23.2002,23.273,23.3547,23.4451,23.5438,23.6504,23.7645,23.8857,24.0137,24.1481,24.2884,24.4343,24.5854,24.7412,24.9015,25.0659,25.234,25.4054,25.5799,25.7571,25.9368,26.1186,26.3023,26.4875,26.6742,26.8619,27.0506,27.24,27.4299,27.6201,27.8105,28.0008,28.191,28.3809,28.5704,28.7593,28.9476,29.1351,29.3218,29.5075,29.6921,29.8757,30.0581,30.2392,30.4191,30.5975,30.7746,30.9502,31.1243,31.2969,31.4679,31.6373,31.805,31.9711,32.1355,32.2982,32.4591,32.6183,32.7758,32.9314,33.0853,33.2373,33.3876,33.536,33.6826,33.8273,33.9702,34.1113,34.2505,34.3878,34.5233,34.6569,34.7886,34.9185,35.0465,35.1727,35.297,35.4194,35.54,35.6587,35.7755,35.8905,36.0037,36.115,36.2244,36.3321,36.4378,36.5418,36.6439,36.7443,36.8428,36.9395,37.0343,37.1274,37.2188,37.3083,37.396,37.482,37.5662,37.6487,37.7294,37.8084,37.8856,37.9611,38.0349,38.107,38.1774,38.2461,38.3132,38.3785,38.4422,38.5043,38.5647,38.6235,38.6806,38.7362,38.7901,38.8425,38.8933,38.9425,38.9901,39.0362,39.0808,39.1239,39.1655,39.2055,39.2441,39.2812,39.3169,39.3511,39.3839,39.4153,39.4452,39.4738,39.5011,39.5269,39.5514,39.5746,39.5965,39.6171,39.6365,39.6545,39.6713,39.6869,39.7013,39.7145,39.7265,39.7374,39.7471,39.7557,39.7632,39.7696,39.775,39.7793,39.7827,39.785,39.7864,39.7868,39.7863,39.7848,39.7825,39.7794,39.7754,39.7706,39.765,39.7587,39.7516,39.7439,39.7355,39.7264,39.7167,39.7065,39.6956,39.6843,39.6725,39.6602,39.6475,39.6344,39.6209,39.6071,39.593,39.5787,39.5642,39.5495,39.5347,39.5197,39.5047,39.4897,39.4747,39.4598,39.445,39.4304,39.416,39.4018,39.3879,39.3743,39.3611,39.3484,39.3362,39.3244,39.3133,39.3028,39.293,39.2839,39.2757,39.2682,39.2617,39.2561,39.2515,39.248,39.2455,39.2443,39.2442,39.2455,39.248,39.252,39.2573,39.2642,39.2726,39.2826,39.2942,39.3076,39.3227,39.3396,39.3583,39.3789,39.4015,39.4261,39.4527,39.4814,39.5122,39.5452,39.5805,39.6179,39.6577,39.6997,39.7442,39.791,39.8402,39.8919,39.9461,40.0028,40.062,40.1237,40.1881,40.255,40.3245,40.3966,40.4714,40.5489,40.6289,40.7117,40.7971,40.8851,40.9758,41.0692,41.1653,41.264,41.3653,41.4693,41.5759,41.6852,41.797,41.9114,42.0284,42.148,42.2701,42.3947
30.8124,30.5544,30.2976,30.0421,29.7881,29.5357,29.2851,29.0364,28.7897,28.5452,28.3031,28.0635,27.8268,27.593,27.3624,27.1353,26.9118,26.6922,26.4768,26.2658,26.0596,25.8584,25.6625,25.4722,25.2879,25.1099,24.9384,24.7738,24.6164,24.4666,24.3246,24.1907,24.0653,23.9486,23.8409,23.7425,23.6535,23.5741,23.5046,23.4451,23.3956,23.3563,23.3273,23.3085,23.3,23.3016,23.3133,23.3349,23.3664,23.4075,23.458,23.5176,23.5862,23.6633,23.7488,23.8422,23.9432,24.0516,24.1668,24.2887,24.4167,24.5505,24.6898,24.8342,24.9834,25.1369,25.2945,25.4558,25.6205,25.7883,25.9588,26.1319,26.3071,26.4844,26.6633,26.8437,27.0253,27.208,27.3914,27.5755,27.7601,27.9449,28.1299,28.3148,28.4996,28.6841,28.8682,29.0518,29.2347,29.4169,29.5982,29.7787,29.9582,30.1366,30.3139,30.49,30.6649,30.8385,31.0107,31.1816,31.351,31.5189,31.6854,31.8503,32.0136,32.1753,32.3354,32.4939,32.6507,32.8058,32.9593,33.111,33.261,33.4092,33.5557,33.7004,33.8434,33.9846,34.124,34.2616,34.3974,34.5314,34.6636,34.794,34.9225,35.0493,35.1743,35.2974,35.4187,35.5382,35.6559,35.7718,35.8859,35.9982,36.1086,36.2173,36.3242,36.4292,36.5325,36.634,36.7337,36.8316,36.9278,37.0222,37.1148,37.2056,37.2947,37.3821,37.4677,37.5516,37.6338,37.7142,37.7929,37.87,37.9453,38.0189,38.0909,38.1612,38.2298,38.2968,38.3621,38.4258,38.4879,38.5483,38.6072,38.6644,38.7201,38.7741,38.8266,38.8776,38.927,38.9749,39.0213,39.0661,39.1095,39.1514,39.1918,39.2307,39.2683,39.3043,39.339,39.3722,39.4041,39.4346,39.4637,39.4915,39.5179,39.5431,39.5669,39.5894,39.6107,39.6307,39.6495,39.6671,39.6835,39.6986,39.7127,39.7255,39.7373,39.7479,39.7574,39.7659,39.7733,39.7797,39.7851,39.7895,39.7929,39.7954,39.797,39.7976,39.7974,39.7963,39.7944,39.7917,39.7882,39.784,39.779,39.7734,39.767,39.7601,39.7525,39.7443,39.7356,39.7263,39.7165,39.7063,39.6956,39.6846,39.6731,39.6614,39.6493,39.637,39.6245,39.6117,39.5988,39.5858,39.5728,39.5596,39.5465,39.5335,39.5205,39.5076,39.495,39.4825,39.4703,39.4584,39.4469,39.4357,39.425,39.4148,39.4051,39.3961,39.3876,39.3799,39.3729,39.3667,39.3613,39.3568,39.3532,39.3507,39.3492,39.3488,39.3495,39.3515,39.3547,39.3592,39.3651,39.3724,39.3812,39.3914,39.4033,39.4167,39.4319,39.4487,39.4673,39.4878,39.5101,39.5343,39.5604,39.5885,39.6187,39.651,39.6854,39.722,39.7607,39.8017,39.845,39.8905,39.9385,39.9887,40.0414,40.0965,40.154,40.2141,40.2766,40.3416,40.4092,40.4793,40.5519,40.6272,40.705,40.7854,40.8684,40.954,41.0423,41.1331,41.2265,41.3226,41.4212,41.5224,41.6262,41.7326,41.8416,41.9531,42.0672,42.1837,42.3028,42.4244,42.5484
30.9378,30.6845,30.4326,30.1821,29.9332,29.6861,29.4407,29.1974,28.9562,28.7174,28.481,28.2472,28.0163,27.7885,27.5639,27.3427,27.1253,26.9118,26.7025,26.4977,26.2976,26.1025,25.9126,25.7283,25.5498,25.3775,25.2116,25.0525,24.9004,24.7556,24.6184,24.4891,24.368,24.2553,24.1512,24.056,23.9699,23.8931,23.8256,23.7677,23.7195,23.681,23.6523,23.6333,23.6241,23.6246,23.6347,23.6544,23.6834,23.7217,23.7689,23.8249,23.8894,23.9622,24.043,24.1315,24.2273,24.3302,24.4398,24.5558,24.6778,24.8055,24.9386,25.0766,25.2194,25.3665,25.5176,25.6724,25.8307,25.992,26.1562,26.3229,26.4919,26.6629,26.8357,27.01,27.1857,27.3626,27.5403,27.7188,27.8979,28.0774,28.2571,28.4369,28.6167,28.7964,28.9757,29.1546,29.3331,29.5109,29.6881,29.8644,30.0399,30.2144,30.388,30.5605,30.7318,30.902,31.0709,31.2385,31.4048,31.5698,31.7333,31.8954,32.056,32.2151,32.3727,32.5287,32.6831,32.836,32.9872,33.1368,33.2847,33.431,33.5756,33.7185,33.8596,33.9991,34.1369,34.2729,34.4072,34.5397,34.6705,34.7995,34.9268,35.0523,35.1761,35.2981,35.4183,35.5368,35.6535,35.7684,35.8816,35.993,36.1026,36.2105,36.3166,36.4209,36.5235,36.6243,36.7234,36.8208,36.9164,37.0102,37.1024,37.1928,37.2814,37.3684,37.4537,37.5372,37.6191,37.6992,37.7777,37.8545,37.9297,38.0031,38.0749,38.1451,38.2136,38.2805,38.3458,38.4095,38.4716,38.532,38.5909,38.6482,38.704,38.7582,38.8108,38.862,38.9116,38.9597,39.0063,39.0514,39.095,39.1372,39.178,39.2173,39.2551,39.2916,39.3267,39.3604,39.3927,39.4237,39.4533,39.4816,39.5087,39.5344,39.5588,39.582,39.6039,39.6246,39.6441,39.6624,39.6795,39.6955,39.7103,39.724,39.7366,39.7482,39.7586,39.768,39.7764,39.7838,39.7902,39.7956,39.8001,39.8036,39.8063,39.8081,39.8091,39.8092,39.8085,39.8071,39.8049,39.8019,39.7983,39.794,39.789,39.7835,39.7773,39.7706,39.7633,39.7556,39.7474,39.7387,39.7296,39.7202,39.7104,39.7003,39.6899,39.6793,39.6685,39.6575,39.6464,39.6352,39.6239,39.6126,39.6014,39.5902,39.5791,39.5681,39.5573,39.5468,39.5366,39.5266,39.517,39.5079,39.4992,39.491,39.4833,39.4762,39.4698,39.464,39.459,39.4548,39.4515,39.449,39.4474,39.4469,39.4473,39.4489,39.4516,39.4555,39.4607,39.4671,39.4749,39.4841,39.4947,39.5068,39.5204,39.5357,39.5526,39.5711,39.5914,39.6135,39.6374,39.6632,39.6909,39.7205,39.7522,39.7859,39.8216,39.8595,39.8995,39.9418,39.9862,40.0329,40.0819,40.1332,40.1868,40.2429,40.3013,40.3621,40.4254,40.4911,40.5593,40.63,40.7032,40.7789,40.8571,40.9379,41.0212,41.107,41.1955,41.2864,41.3799,41.476,41.5746,41.6757,41.7794,41.8856,41.9943,42.1056,42.2193,42.3355,42.4541,42.5752,42.6987
31.0615,30.8129,30.5657,30.3201,30.0762,29.834,29.5939,29.3558,29.1199,28.8865,28.6556,28.4274,28.2021,27.98,27.7611,27.5458,27.3342,27.1266,26.9231,26.7241,26.5298,26.3404,26.1563,25.9776,25.8047,25.6378,25.4772,25.3232,25.1761,25.0361,24.9034,24.7784,24.6613,24.5522,24.4516,24.3594,24.276,24.2015,24.136,24.0796,24.0325,23.9947,23.9662,23.947,23.9372,23.9367,23.9454,23.9631,23.9899,24.0254,24.0696,24.1221,24.1829,24.2516,24.328,24.4118,24.5027,24.6005,24.7047,24.8152,24.9315,25.0534,25.1805,25.3125,25.4492,25.5901,25.7351,25.8837,26.0358,26.191,26.349,26.5096,26.6726,26.8376,27.0045,27.1731,27.343,27.5142,27.6865,27.8596,28.0333,28.2076,28.3823,28.5571,28.7321,28.907,29.0817,29.2561,29.4302,29.6038,29.7768,29.9491,30.1207,30.2914,30.4613,30.6302,30.7981,30.9649,31.1305,31.295,31.4583,31.6202,31.7809,31.9402,32.0981,32.2547,32.4097,32.5633,32.7155,32.866,33.0151,33.1626,33.3085,33.4528,33.5955,33.7366,33.876,34.0138,34.1499,34.2844,34.4171,34.5482,34.6776,34.8053,34.9313,35.0556,35.1782,35.299,35.4182,35.5356,35.6513,35.7652,35.8775,35.988,36.0968,36.2039,36.3092,36.4128,36.5147,36.6149,36.7134,36.8101,36.9052,36.9985,37.0902,37.1801,37.2684,37.3549,37.4398,37.523,37.6046,37.6845,37.7627,37.8393,37.9142,37.9875,38.0591,38.1292,38.1976,38.2644,38.3296,38.3933,38.4553,38.5158,38.5747,38.6321,38.6879,38.7422,38.795,38.8463,38.8961,38.9444,38.9912,39.0366,39.0805,39.123,39.164,39.2036,39.2419,39.2787,39.3142,39.3483,39.3811,39.4126,39.4427,39.4715,39.4991,39.5254,39.5504,39.5742,39.5967,39.6181,39.6383,39.6573,39.6752,39.6919,39.7075,39.722,39.7354,39.7478,39.7591,39.7694,39.7787,39.7871,39.7945,39.8009,39.8064,39.8111,39.8148,39.8177,39.8198,39.8211,39.8216,39.8214,39.8204,39.8188,39.8164,39.8135,39.8099,39.8057,39.8009,39.7956,39.7898,39.7835,39.7768,39.7697,39.7621,39.7543,39.7461,39.7376,39.7289,39.7199,39.7108,39.7015,39.6921,39.6826,39.6731,39.6636,39.6542,39.6448,39.6356,39.6265,39.6176,39.6089,39.6006,39.5925,39.5849,39.5776,39.5708,39.5646,39.5589,39.5537,39.5493,39.5455,39.5424,39.5402,39.5388,39.5382,39.5386,39.54,39.5425,39.5459,39.5506,39.5564,39.5634,39.5717,39.5813,39.5923,39.6048,39.6187,39.6341,39.6511,39.6697,39.6899,39.7119,39.7356,39.761,39.7884,39.8176,39.8487,39.8818,39.9168,39.954,39.9931,40.0344,40.0779,40.1235,40.1713,40.2213,40.2737,40.3283,40.3852,40.4445,40.5061,40.5701,40.6365,40.7054,40.7767,40.8504,40.9266,41.0052,41.0864,41.17,41.2561,41.3447,41.4359,41.5295,41.6256,41.7242,41.8253,41.9288,42.0349,42.1434,42.2544,42.3678,42.4836,42.6019,42.7225,42.8455
31.1834,30.9393,30.6967,30.4558,30.2167,29.9795,29.7443,29.5113,29.2806,29.0524,28.8267,28.6039,28.3841,28.1674,27.954,27.7443,27.5382,27.3362,27.1383,26.9448,26.7561,26.5722,26.3935,26.2202,26.0525,25.8907,25.7352,25.586,25.4435,25.308,25.1796,25.0586,24.9452,24.8396,24.7421,24.6528,24.5719,24.4995,24.4358,24.3809,24.3348,24.2976,24.2693,24.25,24.2396,24.238,24.2453,24.2613,24.2859,24.3189,24.3601,24.4095,24.4667,24.5315,24.6038,24.6832,24.7695,24.8623,24.9615,25.0667,25.1776,25.294,25.4155,25.5418,25.6727,25.8078,25.9468,26.0896,26.2357,26.385,26.5372,26.6919,26.8491,27.0084,27.1697,27.3326,27.4971,27.6628,27.8297,27.9976,28.1662,28.3354,28.5052,28.6752,28.8454,29.0157,29.186,29.356,29.5258,29.6952,29.8642,30.0326,30.2004,30.3674,30.5337,30.6991,30.8635,31.027,31.1895,31.3509,31.5112,31.6702,31.8281,31.9847,32.14,32.294,32.4466,32.5978,32.7476,32.896,33.0429,33.1883,33.3322,33.4746,33.6154,33.7547,33.8924,34.0285,34.163,34.2959,34.4272,34.5568,34.6849,34.8112,34.9359,35.059,35.1804,35.3001,35.4182,35.5345,35.6492,35.7623,35.8736,35.9832,36.0912,36.1975,36.302,36.4049,36.5062,36.6057,36.7035,36.7997,36.8942,36.987,37.0782,37.1677,37.2555,37.3417,37.4262,37.509,37.5903,37.6698,37.7478,37.8241,37.8988,37.9719,38.0434,38.1133,38.1816,38.2484,38.3135,38.3771,38.4391,38.4996,38.5586,38.616,38.6719,38.7263,38.7792,38.8306,38.8806,38.9291,38.9761,39.0217,39.0658,39.1086,39.1499,39.1899,39.2285,39.2657,39.3015,39.3361,39.3693,39.4012,39.4318,39.4611,39.4892,39.516,39.5416,39.566,39.5892,39.6112,39.632,39.6517,39.6703,39.6877,39.7041,39.7194,39.7336,39.7468,39.759,39.7702,39.7804,39.7897,39.798,39.8054,39.812,39.8176,39.8224,39.8264,39.8296,39.8321,39.8337,39.8347,39.8349,39.8345,39.8334,39.8318,39.8295,39.8266,39.8232,39.8193,39.8149,39.8101,39.8048,39.7992,39.7932,39.7868,39.7802,39.7733,39.7661,39.7588,39.7513,39.7437,39.736,39.7282,39.7205,39.7127,39.705,39.6974,39.69,39.6827,39.6756,39.6688,39.6623,39.6561,39.6503,39.6449,39.6401,39.6357,39.6319,39.6286,39.6261,39.6242,39.6231,39.6227,39.6232,39.6246,39.6269,39.6302,39.6345,39.6399,39.6464,39.654,39.6629,39.673,39.6845,39.6973,39.7115,39.7271,39.7443,39.7629,39.7832,39.8051,39.8287,39.8539,39.881,39.9098,39.9405,39.9731,40.0076,40.044,40.0824,40.1229,40.1654,40.2101,40.2568,40.3057,40.3569,40.4102,40.4657,40.5236,40.5837,40.6461,40.7109,40.778,40.8475,40.9194,40.9937,41.0704,41.1495,41.231,41.3149,41.4013,41.4902,41.5815,41.6752,41.7714,41.87,41.9711,42.0746,42.1805,42.2888,42.3996,42.5127,42.6282,42.7461,42.8664,42.989
31.3034,31.0636,30.8255,30.5892,30.3547,30.1222,29.8919,29.6637,29.438,29.2148,28.9943,28.7766,28.562,28.3505,28.1424,27.938,27.7372,27.5405,27.3479,27.1598,26.9763,26.7976,26.6241,26.4558,26.2931,26.1362,25.9854,25.8408,25.7027,25.5713,25.4469,25.3297,25.2198,25.1175,25.0229,24.9363,24.8577,24.7874,24.7253,24.6716,24.6265,24.5898,24.5618,24.5422,24.5313,24.5288,24.5347,24.549,24.5715,24.6021,24.6407,24.687,24.7408,24.8021,24.8704,24.9456,25.0275,25.1158,25.2102,25.3104,25.4163,25.5274,25.6435,25.7644,25.8898,26.0193,26.1527,26.2899,26.4304,26.574,26.7205,26.8697,27.0213,27.1751,27.3309,27.4885,27.6476,27.8082,27.9699,28.1327,28.2963,28.4607,28.6256,28.791,28.9567,29.1225,29.2884,29.4542,29.6198,29.7852,29.9502,30.1148,30.2788,30.4423,30.605,30.767,30.9281,31.0884,31.2478,31.4061,31.5634,31.7197,31.8748,32.0287,32.1814,32.3329,32.4831,32.6319,32.7795,32.9257,33.0704,33.2138,33.3557,33.4962,33.6352,33.7727,33.9087,34.0432,34.1761,34.3075,34.4373,34.5655,34.6922,34.8172,34.9407,35.0625,35.1827,35.3013,35.4183,35.5337,35.6474,35.7594,35.8698,35.9786,36.0857,36.1912,36.295,36.3972,36.4978,36.5966,36.6939,36.7895,36.8834,36.9757,37.0663,37.1554,37.2428,37.3285,37.4127,37.4952,37.5761,37.6553,37.733,37.8091,37.8836,37.9565,38.0278,38.0976,38.1658,38.2324,38.2975,38.361,38.423,38.4835,38.5424,38.5999,38.6559,38.7104,38.7634,38.8149,38.865,38.9136,38.9609,39.0067,39.0511,39.0941,39.1357,39.1759,39.2148,39.2524,39.2886,39.3235,39.3572,39.3895,39.4206,39.4504,39.4789,39.5063,39.5324,39.5574,39.5812,39.6038,39.6252,39.6456,39.6649,39.683,39.7001,39.7162,39.7312,39.7452,39.7582,39.7703,39.7814,39.7915,39.8008,39.8092,39.8167,39.8233,39.8292,39.8342,39.8385,39.842,39.8448,39.847,39.8484,39.8492,39.8493,39.8489,39.8479,39.8463,39.8442,39.8417,39.8387,39.8352,39.8314,39.8272,39.8227,39.8178,39.8127,39.8073,39.8018,39.796,39.7901,39.7841,39.7781,39.772,39.7659,39.7598,39.7538,39.748,39.7422,39.7367,39.7314,39.7264,39.7217,39.7173,39.7134,39.7098,39.7068,39.7043,39.7023,39.7009,39.7002,39.7002,39.701,39.7025,39.7049,39.7081,39.7123,39.7174,39.7235,39.7308,39.7391,39.7485,39.7592,39.7711,39.7843,39.7989,39.8148,39.8322,39.851,39.8713,39.8932,39.9167,39.9419,39.9687,39.9973,40.0276,40.0597,40.0937,40.1296,40.1674,40.2071,40.2488,40.2926,40.3384,40.3863,40.4363,40.4885,40.5428,40.5993,40.658,40.719,40.7823,40.8478,40.9156,40.9858,41.0582,41.1331,41.2102,41.2898,41.3717,41.456,41.5427,41.6318,41.7233,41.8172,41.9135,42.0121,42.1132,42.2166,42.3225,42.4307,42.5412,42.6541,42.7694,42.887,43.0069,43.1291
31.4212,31.1857,30.9519,30.72,30.49,30.2621,30.0363,29.8129,29.5919,29.3736,29.158,28.9452,28.7356,28.5292,28.3262,28.1267,27.9311,27.7394,27.552,27.3689,27.1903,27.0166,26.8479,26.6845,26.5265,26.3742,26.2278,26.0875,25.9535,25.8261,25.7055,25.5918,25.4852,25.3859,25.2941,25.21,25.1336,25.0651,25.0045,24.9521,24.9078,24.8717,24.8437,24.824,24.8125,24.8091,24.8138,24.8265,24.8471,24.8754,24.9114,24.9548,25.0055,25.0633,25.1279,25.1993,25.277,25.3609,25.4508,25.5463,25.6473,25.7535,25.8645,25.9803,26.1004,26.2246,26.3527,26.4845,26.6196,26.7578,26.899,27.0428,27.1891,27.3376,27.4882,27.6406,27.7946,27.9501,28.1069,28.2648,28.4236,28.5833,28.7436,28.9044,29.0657,29.2271,29.3888,29.5505,29.7121,29.8735,30.0347,30.1956,30.356,30.5159,30.6752,30.8338,30.9917,31.1488,31.3051,31.4605,31.615,31.7684,31.9208,32.0721,32.2223,32.3713,32.5191,32.6657,32.811,32.955,33.0978,33.2391,33.3791,33.5177,33.6549,33.7906,33.9249,34.0578,34.1891,34.319,34.4474,34.5742,34.6995,34.8232,34.9454,35.0661,35.1851,35.3026,35.4185,35.5329,35.6456,35.7567,35.8662,35.9741,36.0804,36.1851,36.2882,36.3897,36.4895,36.5877,36.6843,36.7793,36.8727,36.9645,37.0547,37.1432,37.2302,37.3155,37.3993,37.4814,37.562,37.641,37.7184,37.7942,37.8685,37.9412,38.0123,38.0819,38.1499,38.2165,38.2814,38.3449,38.4069,38.4673,38.5263,38.5838,38.6398,38.6944,38.7475,38.7991,38.8493,38.8981,38.9455,38.9915,39.0361,39.0794,39.1213,39.1618,39.201,39.2389,39.2755,39.3108,39.3448,39.3775,39.409,39.4393,39.4683,39.4962,39.5229,39.5484,39.5727,39.5959,39.618,39.639,39.6589,39.6778,39.6956,39.7124,39.7281,39.7429,39.7567,39.7696,39.7816,39.7926,39.8028,39.8121,39.8205,39.8282,39.835,39.8411,39.8464,39.851,39.8549,39.8581,39.8607,39.8627,39.864,39.8648,39.865,39.8647,39.864,39.8627,39.8611,39.859,39.8565,39.8537,39.8506,39.8472,39.8436,39.8397,39.8357,39.8315,39.8272,39.8227,39.8183,39.8138,39.8093,39.8049,39.8006,39.7964,39.7924,39.7886,39.7851,39.7818,39.7788,39.7762,39.7741,39.7723,39.7711,39.7703,39.7702,39.7706,39.7718,39.7736,39.7761,39.7795,39.7837,39.7887,39.7947,39.8016,39.8096,39.8186,39.8287,39.8399,39.8523,39.866,39.8809,39.8972,39.9148,39.9338,39.9543,39.9763,39.9998,40.0249,40.0516,40.0799,40.11,40.1418,40.1753,40.2107,40.2479,40.287,40.328,40.371,40.416,40.4629,40.5119,40.563,40.6162,40.6715,40.729,40.7886,40.8504,40.9145,40.9808,41.0493,41.1201,41.1932,41.2686,41.3463,41.4263,41.5086,41.5933,41.6803,41.7697,41.8614,41.9554,42.0518,42.1506,42.2517,42.3551,42.4608,42.5689,42.6794,42.7921,42.9071,43.0244,43.144,43.2658
31.5366,31.3052,31.0757,30.848,30.6223,30.3988,30.1776,29.9587,29.7423,29.5286,29.3177,29.1097,28.9048,28.7032,28.5051,28.3105,28.1197,27.9329,27.7502,27.5719,27.3981,27.2291,27.0651,26.9062,26.7526,26.6046,26.4624,26.3262,26.1961,26.0725,25.9553,25.8449,25.7414,25.645,25.5558,25.4739,25.3996,25.3328,25.2737,25.2224,25.1788,25.1432,25.1154,25.0955,25.0834,25.0792,25.0827,25.0938,25.1126,25.1388,25.1723,25.213,25.2608,25.3153,25.3765,25.4441,25.5179,25.5977,25.6833,25.7744,25.8708,25.9723,26.0785,26.1893,26.3045,26.4236,26.5467,26.6733,26.8033,26.9364,27.0724,27.2111,27.3523,27.4957,27.6413,27.7887,27.9378,28.0884,28.2404,28.3936,28.5478,28.703,28.8588,29.0153,29.1722,29.3295,29.4871,29.6447,29.8025,29.9601,30.1175,30.2748,30.4316,30.5881,30.744,30.8994,31.0542,31.2082,31.3615,31.514,31.6656,31.8164,31.9661,32.1149,32.2626,32.4092,32.5546,32.699,32.8421,32.984,33.1247,33.2641,33.4022,33.5389,33.6743,33.8084,33.941,34.0722,34.2021,34.3304,34.4574,34.5828,34.7068,34.8292,34.9502,35.0696,35.1876,35.304,35.4188,35.5321,35.6439,35.7541,35.8627,35.9697,36.0752,36.1791,36.2814,36.3822,36.4813,36.5789,36.6749,36.7693,36.8622,36.9534,37.0431,37.1312,37.2177,37.3026,37.386,37.4678,37.548,37.6267,37.7038,37.7794,37.8534,37.9259,37.9968,38.0662,38.1342,38.2006,38.2654,38.3288,38.3908,38.4512,38.5101,38.5676,38.6237,38.6783,38.7315,38.7832,38.8336,38.8825,38.9301,38.9763,39.0211,39.0645,39.1067,39.1475,39.187,39.2252,39.2621,39.2977,39.3321,39.3652,39.3972,39.4279,39.4574,39.4857,39.5129,39.5389,39.5638,39.5876,39.6103,39.6319,39.6524,39.6719,39.6904,39.7079,39.7244,39.74,39.7546,39.7682,39.781,39.7929,39.8039,39.8141,39.8235,39.8321,39.8399,39.847,39.8533,39.859,39.8639,39.8682,39.8719,39.875,39.8775,39.8795,39.8809,39.8819,39.8824,39.8824,39.8821,39.8813,39.8802,39.8788,39.8771,39.8751,39.8729,39.8705,39.8679,39.8652,39.8624,39.8595,39.8566,39.8537,39.8509,39.8481,39.8454,39.8429,39.8405,39.8384,39.8365,39.8349,39.8337,39.8328,39.8324,39.8324,39.8329,39.8339,39.8355,39.8377,39.8406,39.8442,39.8485,39.8537,39.8596,39.8664,39.8742,39.8829,39.8926,39.9033,39.9152,39.9281,39.9423,39.9576,39.9743,39.9922,40.0115,40.0321,40.0542,40.0778,40.1029,40.1295,40.1577,40.1875,40.2191,40.2523,40.2872,40.324,40.3625,40.4029,40.4452,40.4894,40.5355,40.5837,40.6338,40.6859,40.7401,40.7964,40.8548,40.9153,40.978,41.0429,41.1099,41.1791,41.2506,41.3243,41.4003,41.4785,41.559,41.6417,41.7268,41.8141,41.9038,41.9957,42.09,42.1865,42.2854,42.3865,42.4899,42.5957,42.7037,42.814,42.9265,43.0414,43.1584,43.2777,43.3992
31.6496,31.4222,31.1967,30.9731,30.7516,30.5324,30.3154,30.1009,29.889,29.6797,29.4733,29.2699,29.0696,28.8726,28.679,28.4891,28.3029,28.1207,27.9426,27.7689,27.5996,27.4351,27.2754,27.1208,26.9714,26.8275,26.6893,26.5569,26.4305,26.3103,26.1965,26.0892,25.9886,25.8948,25.808,25.7283,25.6558,25.5906,25.5329,25.4826,25.4398,25.4045,25.3769,25.3567,25.3442,25.3391,25.3415,25.3512,25.3682,25.3924,25.4237,25.4618,25.5067,25.5582,25.6161,25.6802,25.7503,25.8262,25.9078,25.9947,26.0867,26.1837,26.2854,26.3916,26.502,26.6164,26.7345,26.8563,26.9814,27.1096,27.2407,27.3745,27.5108,27.6494,27.7901,27.9327,28.0771,28.2231,28.3705,28.5192,28.6689,28.8197,28.9712,29.1235,29.2763,29.4295,29.5831,29.7369,29.8908,30.0447,30.1986,30.3522,30.5057,30.6588,30.8115,30.9637,31.1154,31.2664,31.4168,31.5665,31.7154,31.8634,32.0106,32.1568,32.3021,32.4464,32.5896,32.7317,32.8727,33.0125,33.1512,33.2887,33.4249,33.5598,33.6935,33.8258,33.9568,34.0865,34.2148,34.3417,34.4672,34.5913,34.7139,34.8351,34.9549,35.0732,35.19,35.3053,35.4191,35.5314,35.6422,35.7514,35.8592,35.9654,36.07,36.1732,36.2747,36.3748,36.4733,36.5702,36.6656,36.7594,36.8517,36.9424,37.0316,37.1192,37.2053,37.2898,37.3728,37.4542,37.5341,37.6124,37.6893,37.7646,37.8384,37.9106,37.9814,38.0506,38.1184,38.1847,38.2494,38.3128,38.3746,38.435,38.4939,38.5514,38.6075,38.6622,38.7154,38.7672,38.8177,38.8668,38.9145,38.9608,39.0058,39.0495,39.0919,39.1329,39.1727,39.2112,39.2484,39.2844,39.3191,39.3526,39.3849,39.4161,39.446,39.4748,39.5025,39.529,39.5544,39.5787,39.602,39.6242,39.6454,39.6655,39.6847,39.7028,39.72,39.7363,39.7517,39.7661,39.7797,39.7924,39.8043,39.8153,39.8256,39.8351,39.8439,39.8519,39.8592,39.8659,39.8719,39.8772,39.882,39.8862,39.8899,39.893,39.8956,39.8977,39.8994,39.9007,39.9016,39.9022,39.9024,39.9023,39.9019,39.9013,39.9005,39.8996,39.8984,39.8972,39.8959,39.8945,39.8931,39.8917,39.8904,39.8892,39.8881,39.8872,39.8864,39.8859,39.8857,39.8858,39.8862,39.887,39.8883,39.89,39.8922,39.8949,39.8983,39.9022,39.9068,39.9121,39.9182,39.9251,39.9327,39.9413,39.9508,39.9612,39.9726,39.9851,39.9986,40.0133,40.0291,40.0461,40.0644,40.0839,40.1048,40.1271,40.1508,40.1759,40.2025,40.2306,40.2603,40.2916,40.3246,40.3592,40.3956,40.4336,40.4735,40.5152,40.5587,40.6041,40.6514,40.7007,40.7519,40.8051,40.8603,40.9176,40.9769,41.0383,41.1018,41.1675,41.2352,41.3052,41.3773,41.4517,41.5282,41.6069,41.6879,41.7711,41.8566,41.9442,42.0342,42.1264,42.2209,42.3176,42.4165,42.5178,42.6213,42.727,42.835,42.9452,43.0576,43.1722,43.2891,43.4081,43.5294
31.76,31.5364,31.3148,31.0952,30.8777,30.6625,30.4497,30.2394,30.0317,29.8267,29.6246,29.4256,29.2297,29.037,28.8479,28.6624,28.4806,28.3028,28.1291,27.9596,27.7947,27.6343,27.4788,27.3283,27.1829,27.0429,26.9084,26.7796,26.6566,26.5397,26.429,26.3246,26.2267,26.1354,26.0509,25.9732,25.9025,25.8388,25.7822,25.7329,25.6908,25.6559,25.6283,25.608,25.5949,25.5891,25.5904,25.5987,25.6141,25.6364,25.6655,25.7012,25.7435,25.7921,25.8468,25.9076,25.9743,26.0465,26.1242,26.2072,26.2951,26.3879,26.4852,26.587,26.6929,26.8027,26.9163,27.0334,27.1538,27.2773,27.4037,27.5328,27.6645,27.7984,27.9345,28.0726,28.2125,28.354,28.497,28.6413,28.7867,28.9333,29.0806,29.2288,29.3776,29.5269,29.6767,29.8267,29.977,30.1273,30.2777,30.4279,30.578,30.7279,30.8774,31.0266,31.1752,31.3234,31.4709,31.6179,31.7641,31.9095,32.0542,32.198,32.3409,32.4828,32.6238,32.7638,32.9027,33.0405,33.1772,33.3128,33.4471,33.5803,33.7123,33.8429,33.9724,34.1005,34.2273,34.3528,34.4769,34.5996,34.721,34.8409,34.9595,35.0766,35.1923,35.3065,35.4193,35.5306,35.6404,35.7488,35.8557,35.961,36.0649,36.1672,36.2681,36.3674,36.4652,36.5615,36.6563,36.7495,36.8413,36.9315,37.0201,37.1073,37.1929,37.277,37.3596,37.4406,37.5202,37.5982,37.6748,37.7498,37.8233,37.8954,37.9659,38.035,38.1026,38.1688,38.2334,38.2966,38.3584,38.4188,38.4777,38.5352,38.5912,38.6459,38.6992,38.7511,38.8017,38.8509,38.8987,38.9452,38.9904,39.0343,39.0768,39.1181,39.1581,39.1969,39.2344,39.2707,39.3058,39.3397,39.3723,39.4039,39.4342,39.4635,39.4916,39.5186,39.5445,39.5694,39.5932,39.616,39.6377,39.6585,39.6783,39.6971,39.715,39.732,39.748,39.7632,39.7776,39.7911,39.8038,39.8157,39.8268,39.8372,39.8469,39.8558,39.8641,39.8717,39.8787,39.8851,39.891,39.8962,39.901,39.9052,39.909,39.9123,39.9152,39.9177,39.9198,39.9216,39.9231,39.9243,39.9252,39.926,39.9265,39.9269,39.9272,39.9274,39.9275,39.9276,39.9277,39.9278,39.928,39.9283,39.9288,39.9294,39.9303,39.9314,39.9327,39.9344,39.9365,39.9389,39.9418,39.9452,39.949,39.9534,39.9585,39.9641,39.9704,39.9774,39.9852,39.9937,40.0031,40.0133,40.0245,40.0366,40.0497,40.0638,40.079,40.0953,40.1128,40.1314,40.1513,40.1725,40.1949,40.2188,40.244,40.2706,40.2987,40.3284,40.3595,40.3923,40.4266,40.4626,40.5003,40.5397,40.5809,40.6238,40.6685,40.7151,40.7636,40.814,40.8662,40.9205,40.9767,41.0349,41.0952,41.1575,41.2218,41.2883,41.3568,41.4275,41.5003,41.5753,41.6524,41.7317,41.8131,41.8968,41.9826,42.0707,42.161,42.2535,42.3481,42.4451,42.5442,42.6455,42.7491,42.8548,42.9628,43.0729,43.1852,43.2997,43.4164,43.5353,43.6562
31.8676,31.6477,31.4298,31.2141,31.0005,30.7892,30.5804,30.3741,30.1704,29.9696,29.7716,29.5767,29.385,29.1966,29.0116,28.8303,28.6527,28.4791,28.3095,28.1442,27.9833,27.8269,27.6753,27.5286,27.387,27.2506,27.1197,26.9942,26.8745,26.7607,26.6529,26.5512,26.4559,26.3669,26.2845,26.2087,26.1396,26.0773,26.0219,25.9734,25.9319,25.8974,25.8699,25.8493,25.8358,25.8292,25.8295,25.8366,25.8504,25.8709,25.8979,25.9314,25.9711,26.017,26.0688,26.1265,26.1898,26.2586,26.3327,26.4119,26.4959,26.5847,26.6779,26.7755,26.8771,26.9826,27.0918,27.2045,27.3205,27.4395,27.5615,27.6861,27.8133,27.9428,28.0745,28.2082,28.3438,28.481,28.6197,28.7598,28.9012,29.0436,29.187,29.3312,29.4762,29.6217,29.7678,29.9142,30.0609,30.2078,30.3547,30.5017,30.6485,30.7953,30.9417,31.0879,31.2336,31.379,31.5238,31.668,31.8116,31.9545,32.0967,32.2381,32.3787,32.5184,32.6573,32.7951,32.932,33.0678,33.2026,33.3363,33.4689,33.6003,33.7306,33.8597,33.9875,34.1141,34.2395,34.3635,34.4863,34.6077,34.7278,34.8465,34.9639,35.0799,35.1945,35.3077,35.4194,35.5298,35.6387,35.7461,35.8521,35.9566,36.0597,36.1613,36.2614,36.3601,36.4572,36.5529,36.647,36.7397,36.8309,36.9205,37.0087,37.0954,37.1806,37.2642,37.3464,37.4271,37.5063,37.5841,37.6603,37.7351,37.8083,37.8802,37.9505,38.0194,38.0868,38.1528,38.2174,38.2805,38.3422,38.4025,38.4613,38.5188,38.5749,38.6296,38.6829,38.7349,38.7855,38.8348,38.8827,38.9294,38.9747,39.0188,39.0616,39.1031,39.1433,39.1823,39.2201,39.2567,39.2921,39.3263,39.3594,39.3913,39.422,39.4517,39.4803,39.5077,39.5341,39.5595,39.5838,39.6071,39.6295,39.6508,39.6712,39.6907,39.7092,39.7269,39.7436,39.7596,39.7746,39.7889,39.8024,39.8151,39.8271,39.8383,39.8489,39.8587,39.8679,39.8765,39.8845,39.8919,39.8987,39.905,39.9108,39.9161,39.921,39.9255,39.9295,39.9332,39.9365,39.9395,39.9422,39.9447,39.947,39.949,39.9509,39.9526,39.9543,39.9558,39.9573,39.9589,39.9604,39.962,39.9637,39.9655,39.9674,39.9696,39.9719,39.9746,39.9775,39.9808,39.9844,39.9885,39.993,39.9979,40.0034,40.0095,40.0161,40.0234,40.0313,40.04,40.0494,40.0596,40.0706,40.0825,40.0953,40.109,40.1238,40.1395,40.1563,40.1742,40.1933,40.2136,40.235,40.2577,40.2818,40.3071,40.3339,40.362,40.3916,40.4227,40.4553,40.4894,40.5251,40.5625,40.6015,40.6422,40.6846,40.7288,40.7748,40.8225,40.8721,40.9236,40.9769,41.0322,41.0894,41.1486,41.2098,41.273,41.3382,41.4054,41.4747,41.5461,41.6196,41.6952,41.7729,41.8527,41.9347,42.0188,42.1051,42.1935,42.2841,42.3769,42.4719,42.569,42.6683,42.7697,42.8734,42.9792,43.0871,43.1973,43.3095,43.4239,43.5405,43.6591,43.7799
31.9724,31.756,31.5418,31.3296,31.1198,30.9123,30.7072,30.5048,30.305,30.1081,29.9141,29.7232,29.5354,29.351,29.1701,28.9927,28.8191,28.6495,28.4838,28.3224,28.1653,28.0128,27.8649,27.7218,27.5838,27.4508,27.3231,27.2009,27.0843,26.9733,26.8682,26.7691,26.6761,26.5894,26.5089,26.4349,26.3673,26.3063,26.252,26.2043,26.1634,26.1292,26.1017,26.081,26.0669,26.0596,26.0589,26.0648,26.0772,26.096,26.1211,26.1524,26.1897,26.233,26.2821,26.3369,26.3971,26.4626,26.5332,26.6088,26.6892,26.7742,26.8635,26.9571,27.0547,27.1561,27.2611,27.3696,27.4813,27.5961,27.7138,27.8342,27.9572,28.0825,28.2099,28.3394,28.4708,28.6039,28.7386,28.8747,29.0121,29.1506,29.2902,29.4306,29.5719,29.7138,29.8562,29.9992,30.1424,30.2859,30.4296,30.5734,30.7171,30.8608,31.0043,31.1476,31.2905,31.4331,31.5752,31.7168,31.8579,31.9984,32.1382,32.2773,32.4156,32.5532,32.6899,32.8257,32.9605,33.0945,33.2274,33.3593,33.4901,33.6199,33.7485,33.876,34.0023,34.1274,34.2513,34.374,34.4954,34.6155,34.7344,34.8519,34.9681,35.083,35.1965,35.3087,35.4194,35.5288,35.6368,35.7433,35.8485,35.9522,36.0545,36.1553,36.2547,36.3527,36.4492,36.5442,36.6377,36.7298,36.8205,36.9096,36.9973,37.0835,37.1682,37.2515,37.3333,37.4136,37.4925,37.5699,37.6458,37.7203,37.7933,37.8649,37.935,38.0037,38.071,38.1368,38.2013,38.2643,38.3259,38.3861,38.4449,38.5023,38.5584,38.6131,38.6665,38.7185,38.7692,38.8185,38.8666,38.9134,38.9589,39.0031,39.046,39.0877,39.1282,39.1675,39.2055,39.2424,39.2781,39.3126,39.346,39.3783,39.4094,39.4395,39.4684,39.4963,39.5232,39.549,39.5739,39.5977,39.6206,39.6425,39.6635,39.6836,39.7027,39.721,39.7385,39.7551,39.7709,39.7859,39.8001,39.8136,39.8264,39.8385,39.8499,39.8606,39.8707,39.8802,39.8891,39.8975,39.9053,39.9126,39.9194,39.9258,39.9318,39.9373,39.9425,39.9473,39.9518,39.956,39.9599,39.9636,39.9671,39.9704,39.9736,39.9766,39.9796,39.9825,39.9854,39.9882,39.9912,39.9942,39.9973,40.0005,40.004,40.0076,40.0115,40.0156,40.0201,40.0249,40.03,40.0356,40.0417,40.0482,40.0553,40.063,40.0712,40.0801,40.0896,40.0999,40.1109,40.1227,40.1353,40.1488,40.1632,40.1786,40.1949,40.2122,40.2306,40.2501,40.2708,40.2926,40.3156,40.3398,40.3654,40.3922,40.4204,40.45,40.4811,40.5136,40.5476,40.5831,40.6202,40.6589,40.6992,40.7412,40.7848,40.8302,40.8774,40.9263,40.977,41.0296,41.084,41.1403,41.1985,41.2586,41.3207,41.3848,41.4508,41.5189,41.5889,41.661,41.7352,41.8114,41.8897,41.9701,42.0526,42.1372,42.2239,42.3128,42.4037,42.4968,42.592,42.6894,42.7889,42.8905,42.9943,43.1001,43.2081,43.3183,43.4305,43.5448,43.6612,43.7798,43.9003
32.0741,31.8612,31.6504,31.4418,31.2355,31.0316,30.8302,30.6314,30.4354,30.2422,30.052,29.8648,29.6809,29.5003,29.3231,29.1496,28.9798,28.8139,28.652,28.4943,28.3408,28.1919,28.0475,27.9079,27.7731,27.6434,27.5189,27.3996,27.2858,27.1776,27.0751,26.9784,26.8876,26.8029,26.7243,26.6519,26.5857,26.526,26.4726,26.4257,26.3852,26.3513,26.3239,26.3029,26.2885,26.2805,26.2789,26.2836,26.2946,26.3118,26.335,26.3643,26.3994,26.4403,26.4868,26.5387,26.596,26.6584,26.7258,26.7981,26.875,26.9563,27.042,27.1318,27.2256,27.3231,27.4242,27.5287,27.6364,27.7471,27.8608,27.9771,28.096,28.2172,28.3407,28.4662,28.5936,28.7228,28.8536,28.9858,29.1194,29.2542,29.3901,29.5269,29.6646,29.803,29.942,30.0815,30.2215,30.3618,30.5023,30.643,30.7837,30.9244,31.0651,31.2055,31.3457,31.4856,31.6252,31.7643,31.9029,32.041,32.1785,32.3153,32.4515,32.5869,32.7215,32.8554,32.9883,33.1203,33.2514,33.3816,33.5107,33.6388,33.7658,33.8918,34.0166,34.1402,34.2628,34.3841,34.5042,34.6231,34.7407,34.857,34.9721,35.0859,35.1983,35.3095,35.4193,35.5277,35.6348,35.7405,35.8448,35.9477,36.0492,36.1493,36.248,36.3452,36.4411,36.5355,36.6284,36.7199,36.81,36.8987,36.9858,37.0716,37.1559,37.2387,37.3201,37.4001,37.4786,37.5557,37.6313,37.7055,37.7783,37.8496,37.9195,37.988,38.0551,38.1208,38.1851,38.2479,38.3094,38.3696,38.4283,38.4857,38.5418,38.5965,38.6499,38.7019,38.7526,38.8021,38.8502,38.8971,38.9427,38.9871,39.0302,39.0721,39.1128,39.1523,39.1906,39.2277,39.2637,39.2985,39.3322,39.3648,39.3963,39.4267,39.4561,39.4844,39.5117,39.538,39.5634,39.5877,39.6111,39.6335,39.6551,39.6757,39.6955,39.7144,39.7325,39.7498,39.7663,39.782,39.797,39.8112,39.8248,39.8377,39.8499,39.8615,39.8724,39.8828,39.8926,39.9019,39.9107,39.919,39.9268,39.9342,39.9412,39.9478,39.954,39.9599,39.9655,39.9709,39.976,39.9809,39.9856,39.9901,39.9945,39.9989,40.0031,40.0073,40.0115,40.0158,40.0201,40.0244,40.0289,40.0336,40.0384,40.0435,40.0488,40.0545,40.0604,40.0667,40.0734,40.0805,40.0881,40.0961,40.1047,40.1139,40.1237,40.1342,40.1453,40.1571,40.1697,40.1831,40.1973,40.2123,40.2283,40.2452,40.2631,40.282,40.3019,40.323,40.3451,40.3685,40.393,40.4187,40.4458,40.4741,40.5037,40.5348,40.5672,40.6011,40.6365,40.6734,40.7118,40.7518,40.7934,40.8366,40.8815,40.9281,40.9765,41.0265,41.0784,41.132,41.1875,41.2448,41.3039,41.365,41.428,41.4929,41.5598,41.6287,41.6995,41.7723,41.8472,41.924,42.0029,42.0839,42.1669,42.252,42.3392,42.4284,42.5198,42.6132,42.7087,42.8063,42.906,43.0078,43.1117,43.2177,43.3258,43.4359,43.5481,43.6624,43.7788,43.8972,44.0176
32.1727,31.9631,31.7556,31.5503,31.3475,31.147,30.9491,30.7539,30.5614,30.3718,30.1852,30.0016,29.8213,29.6443,29.4708,29.3009,29.1347,28.9723,28.814,28.6597,28.5097,28.3641,28.2231,28.0867,27.9551,27.8284,27.7068,27.5904,27.4793,27.3737,27.2735,27.1791,27.0904,27.0075,26.9306,26.8597,26.7949,26.7363,26.6838,26.6376,26.5976,26.564,26.5366,26.5154,26.5005,26.4919,26.4894,26.493,26.5027,26.5184,26.5399,26.5673,26.6003,26.6389,26.6829,26.7322,26.7867,26.8462,26.9106,26.9796,27.0532,27.1312,27.2134,27.2997,27.3898,27.4836,27.5809,27.6816,27.7855,27.8924,28.0022,28.1147,28.2297,28.3471,28.4667,28.5884,28.712,28.8375,28.9645,29.0931,29.223,29.3542,29.4866,29.6199,29.7541,29.8892,30.0249,30.1612,30.298,30.4352,30.5727,30.7104,30.8482,30.986,31.1239,31.2616,31.3992,31.5366,31.6736,31.8103,31.9465,32.0823,32.2176,32.3522,32.4862,32.6196,32.7522,32.8841,33.0152,33.1454,33.2747,33.4031,33.5306,33.6571,33.7825,33.907,34.0303,34.1526,34.2737,34.3937,34.5126,34.6302,34.7466,34.8618,34.9758,35.0885,35.1999,35.3101,35.4189,35.5264,35.6326,35.7374,35.8409,35.943,36.0438,36.1431,36.2411,36.3377,36.4329,36.5267,36.619,36.71,36.7995,36.8877,36.9744,37.0596,37.1435,37.2259,37.3069,37.3865,37.4647,37.5414,37.6167,37.6906,37.7631,37.8342,37.9039,37.9722,38.0391,38.1046,38.1688,38.2315,38.2929,38.353,38.4116,38.469,38.525,38.5797,38.6331,38.6851,38.7359,38.7854,38.8336,38.8806,38.9263,38.9708,39.0141,39.0562,39.097,39.1367,39.1752,39.2126,39.2488,39.284,39.318,39.3509,39.3827,39.4135,39.4433,39.472,39.4997,39.5264,39.5522,39.577,39.6009,39.6239,39.646,39.6672,39.6875,39.7071,39.7258,39.7437,39.7608,39.7773,39.7929,39.8079,39.8222,39.8358,39.8488,39.8612,39.873,39.8843,39.895,39.9052,39.9148,39.9241,39.9329,39.9412,39.9492,39.9569,39.9642,39.9711,39.9779,39.9843,39.9905,39.9966,40.0025,40.0082,40.0138,40.0194,40.0249,40.0303,40.0358,40.0414,40.047,40.0527,40.0586,40.0646,40.0708,40.0773,40.0841,40.0911,40.0985,40.1062,40.1144,40.123,40.132,40.1416,40.1517,40.1624,40.1737,40.1857,40.1983,40.2117,40.2258,40.2407,40.2564,40.273,40.2905,40.3089,40.3284,40.3488,40.3702,40.3928,40.4164,40.4412,40.4672,40.4945,40.5229,40.5527,40.5838,40.6163,40.6501,40.6854,40.7221,40.7603,40.8,40.8413,40.8842,40.9286,40.9748,41.0225,41.072,41.1232,41.1761,41.2308,41.2873,41.3457,41.4058,41.4678,41.5317,41.5975,41.6652,41.7349,41.8065,41.88,41.9555,42.0331,42.1126,42.1941,42.2777,42.3633,42.4509,42.5406,42.6323,42.7261,42.8219,42.9198,43.0198,43.1218,43.2258,43.3319,43.4401,43.5503,43.6625,43.7768,43.8931,44.0114,44.1318
32.2681,32.0616,31.8573,31.6553,31.4556,31.2585,31.0639,30.8721,30.683,30.4968,30.3136,30.1335,29.9566,29.783,29.613,29.4465,29.2837,29.1247,28.9697,28.8187,28.672,28.5296,28.3916,28.2583,28.1297,28.0059,27.887,27.7733,27.6647,27.5614,27.4636,27.3712,27.2845,27.2034,27.1281,27.0586,26.9951,26.9374,26.8858,26.8402,26.8007,26.7672,26.7399,26.7185,26.7032,26.6939,26.6906,26.6932,26.7017,26.7159,26.7359,26.7614,26.7924,26.8289,26.8705,26.9174,26.9693,27.026,27.0875,27.1535,27.224,27.2988,27.3777,27.4606,27.5473,27.6376,27.7314,27.8285,27.9287,28.032,28.1381,28.2469,28.3583,28.472,28.588,28.706,28.826,28.9479,29.0714,29.1964,29.3229,29.4506,29.5796,29.7096,29.8406,29.9724,30.1049,30.2381,30.3718,30.506,30.6406,30.7754,30.9104,31.0456,31.1807,31.3159,31.4509,31.5858,31.7204,31.8547,31.9887,32.1222,32.2553,32.3878,32.5198,32.6512,32.7819,32.9118,33.0411,33.1695,33.2971,33.4239,33.5497,33.6747,33.7986,33.9216,34.0435,34.1644,34.2842,34.4029,34.5205,34.6369,34.7522,34.8663,34.9792,35.0908,35.2012,35.3104,35.4183,35.5249,35.6302,35.7342,35.8368,35.9382,36.0382,36.1368,36.2341,36.33,36.4246,36.5178,36.6095,36.6999,36.789,36.8766,36.9628,37.0476,37.131,37.213,37.2936,37.3729,37.4507,37.5271,37.6021,37.6757,37.7479,37.8188,37.8882,37.9563,38.023,38.0884,38.1523,38.215,38.2763,38.3362,38.3948,38.4521,38.5081,38.5627,38.6161,38.6682,38.719,38.7685,38.8168,38.8639,38.9097,38.9543,38.9977,39.0399,39.0809,39.1208,39.1596,39.1971,39.2336,39.269,39.3033,39.3365,39.3687,39.3998,39.4299,39.459,39.4871,39.5143,39.5405,39.5657,39.5901,39.6135,39.6361,39.6579,39.6788,39.6989,39.7182,39.7367,39.7545,39.7716,39.7879,39.8036,39.8186,39.833,39.8468,39.8599,39.8725,39.8846,39.8961,39.9072,39.9178,39.9279,39.9376,39.947,39.9559,39.9646,39.9729,39.9809,39.9887,39.9962,40.0035,40.0107,40.0177,40.0246,40.0314,40.0381,40.0448,40.0516,40.0583,40.0651,40.072,40.079,40.0862,40.0936,40.1012,40.109,40.1171,40.1255,40.1343,40.1435,40.1531,40.1631,40.1736,40.1846,40.1962,40.2084,40.2211,40.2346,40.2487,40.2635,40.2791,40.2956,40.3128,40.3309,40.3499,40.3698,40.3907,40.4126,40.4355,40.4596,40.4847,40.511,40.5384,40.5671,40.597,40.6281,40.6606,40.6945,40.7297,40.7663,40.8043,40.8438,40.8849,40.9274,40.9715,41.0172,41.0645,41.1135,41.1641,41.2164,41.2704,41.3262,41.3837,41.443,41.5041,41.5671,41.6319,41.6985,41.7671,41.8375,41.9099,41.9841,42.0604,42.1386,42.2187,42.3008,42.3849,42.4711,42.5592,42.6493,42.7414,42.8356,42.9317,43.0299,43.1301,43.2323,43.3366,43.4428,43.5511,43.6614,43.7737,43.888,44.0043,44.1225,44.2428
32.3602,32.1567,31.9554,31.7564,31.5599,31.3659,31.1746,30.9859,30.8,30.617,30.4371,30.2602,30.0866,29.9164,29.7495,29.5863,29.4267,29.2709,29.1191,28.9712,28.8276,28.6882,28.5532,28.4227,28.2969,28.1758,28.0595,27.9482,27.842,27.741,27.6453,27.5549,27.4699,27.3905,27.3167,27.2486,27.1862,27.1295,27.0787,27.0337,26.9945,26.9613,26.9339,26.9123,26.8967,26.8868,26.8827,26.8843,26.8916,26.9045,26.9229,26.9467,26.9759,27.0103,27.0498,27.0943,27.1437,27.1978,27.2566,27.3198,27.3874,27.4591,27.5349,27.6146,27.698,27.785,27.8755,27.9692,28.066,28.1658,28.2685,28.3738,28.4816,28.5919,28.7044,28.819,28.9355,29.0539,29.174,29.2957,29.4189,29.5433,29.6691,29.7959,29.9237,30.0524,30.1819,30.3121,30.443,30.5743,30.706,30.8381,30.9704,31.1029,31.2355,31.3681,31.5007,31.6332,31.7655,31.8975,32.0292,32.1606,32.2916,32.4221,32.5521,32.6815,32.8104,32.9385,33.066,33.1927,33.3187,33.4438,33.5681,33.6915,33.814,33.9355,34.056,34.1756,34.2941,34.4116,34.5279,34.6432,34.7573,34.8703,34.9821,35.0928,35.2022,35.3104,35.4174,35.5231,35.6275,35.7307,35.8326,35.9332,36.0324,36.1304,36.227,36.3222,36.4162,36.5087,36.6,36.6898,36.7783,36.8654,36.9511,37.0355,37.1185,37.2001,37.2803,37.3591,37.4366,37.5127,37.5874,37.6607,37.7326,37.8032,37.8725,37.9403,38.0068,38.072,38.1358,38.1983,38.2594,38.3193,38.3778,38.435,38.4909,38.5455,38.5989,38.651,38.7018,38.7514,38.7997,38.8468,38.8927,38.9374,38.981,39.0233,39.0645,39.1046,39.1435,39.1813,39.218,39.2536,39.2881,39.3216,39.3541,39.3855,39.416,39.4454,39.4739,39.5014,39.5281,39.5538,39.5786,39.6025,39.6256,39.6478,39.6693,39.6899,39.7098,39.7289,39.7473,39.765,39.782,39.7983,39.814,39.8291,39.8436,39.8575,39.8709,39.8838,39.8961,39.908,39.9195,39.9305,39.9411,39.9513,39.9612,39.9708,39.9801,39.9892,39.9979,40.0065,40.0149,40.0231,40.0313,40.0393,40.0472,40.0551,40.063,40.0709,40.0789,40.0869,40.0951,40.1034,40.1118,40.1205,40.1294,40.1385,40.148,40.1578,40.1679,40.1784,40.1894,40.2008,40.2128,40.2252,40.2382,40.2518,40.266,40.2809,40.2965,40.3128,40.3298,40.3477,40.3664,40.3859,40.4064,40.4278,40.4501,40.4735,40.4979,40.5233,40.5499,40.5776,40.6065,40.6365,40.6678,40.7004,40.7342,40.7694,40.806,40.8439,40.8832,40.924,40.9663,41.0101,41.0555,41.1023,41.1508,41.2009,41.2527,41.3061,41.3612,41.418,41.4765,41.5368,41.5989,41.6628,41.7285,41.796,41.8654,41.9366,42.0097,42.0848,42.1617,42.2405,42.3213,42.404,42.4887,42.5753,42.6639,42.7545,42.8471,42.9416,43.0381,43.1366,43.2371,43.3396,43.444,43.5505,43.6589,43.7693,43.8816,43.996,44.1123,44.2305,44.3507
32.4488,32.2482,32.0498,31.8538,31.6602,31.4692,31.2809,31.0952,30.9124,30.7325,30.5557,30.3819,30.2114,30.0442,29.8805,29.7203,29.5638,29.411,29.2621,29.1172,28.9765,28.8399,28.7077,28.5799,28.4567,28.3381,28.2243,28.1154,28.0114,27.9125,27.8187,27.7301,27.6469,27.569,27.4966,27.4297,27.3683,27.3126,27.2625,27.218,27.1792,27.1461,27.1187,27.097,27.081,27.0705,27.0657,27.0664,27.0726,27.0842,27.1011,27.1234,27.1508,27.1832,27.2207,27.263,27.3101,27.3618,27.4179,27.4785,27.5433,27.6122,27.6851,27.7617,27.8421,27.926,28.0132,28.1037,28.1973,28.2938,28.3932,28.4952,28.5998,28.7067,28.8159,28.9272,29.0404,29.1556,29.2725,29.391,29.5109,29.6323,29.7549,29.8787,30.0035,30.1293,30.2559,30.3832,30.5112,30.6398,30.7688,30.8983,31.028,31.158,31.2881,31.4183,31.5485,31.6787,31.8087,31.9386,32.0682,32.1975,32.3265,32.455,32.5831,32.7107,32.8377,32.9641,33.0898,33.2149,33.3392,33.4628,33.5856,33.7075,33.8285,33.9487,34.0679,34.1862,34.3034,34.4197,34.5349,34.649,34.762,34.8739,34.9847,35.0944,35.2028,35.3101,35.4162,35.521,35.6246,35.727,35.8281,35.9279,36.0265,36.1237,36.2196,36.3143,36.4076,36.4996,36.5902,36.6795,36.7675,36.8541,36.9393,37.0232,37.1058,37.187,37.2668,37.3453,37.4224,37.4981,37.5725,37.6455,37.7172,37.7876,37.8565,37.9242,37.9905,38.0555,38.1191,38.1815,38.2425,38.3022,38.3606,38.4177,38.4736,38.5282,38.5815,38.6335,38.6844,38.734,38.7823,38.8295,38.8755,38.9203,38.9639,39.0064,39.0477,39.0879,39.127,39.165,39.2019,39.2377,39.2725,39.3063,39.339,39.3707,39.4015,39.4313,39.4601,39.488,39.515,39.5411,39.5663,39.5907,39.6143,39.637,39.6589,39.6801,39.7005,39.7202,39.7392,39.7574,39.7751,39.7921,39.8084,39.8242,39.8394,39.854,39.8682,39.8818,39.8949,39.9076,39.9199,39.9317,39.9432,39.9544,39.9652,39.9757,39.9859,39.9959,40.0057,40.0153,40.0247,40.034,40.0432,40.0523,40.0613,40.0703,40.0794,40.0885,40.0976,40.1068,40.1162,40.1257,40.1354,40.1453,40.1555,40.1659,40.1767,40.1878,40.1992,40.2111,40.2234,40.2362,40.2495,40.2633,40.2777,40.2927,40.3083,40.3246,40.3416,40.3593,40.3778,40.3971,40.4172,40.4382,40.4601,40.4829,40.5067,40.5315,40.5573,40.5841,40.6121,40.6412,40.6714,40.7029,40.7355,40.7694,40.8046,40.8411,40.879,40.9182,40.9589,41.0009,41.0445,41.0895,41.136,41.1841,41.2337,41.285,41.3378,41.3923,41.4485,41.5063,41.5659,41.6272,41.6902,41.755,41.8216,41.89,41.9602,42.0322,42.1061,42.1819,42.2595,42.339,42.4204,42.5038,42.589,42.6762,42.7653,42.8563,42.9493,43.0442,43.1411,43.24,43.3407,43.4435,43.5482,43.6548,43.7634,43.8739,43.9864,44.1008,44.2172,44.3354,44.4556
32.534,32.336,32.1404,31.9472,31.7564,31.5683,31.3828,31.2001,31.0201,30.8432,30.6692,30.4984,30.3308,30.1666,30.0058,29.8485,29.6948,29.5449,29.3988,29.2567,29.1187,28.9848,28.8551,28.7299,28.6091,28.4929,28.3814,28.2746,28.1727,28.0758,27.9838,27.897,27.8153,27.7389,27.6678,27.602,27.5417,27.4867,27.4373,27.3933,27.3549,27.322,27.2945,27.2726,27.2562,27.2452,27.2397,27.2395,27.2447,27.2551,27.2707,27.2914,27.3171,27.3478,27.3833,27.4236,27.4684,27.5178,27.5716,27.6297,27.6918,27.7581,27.8281,27.902,27.9794,28.0603,28.1446,28.2321,28.3226,28.416,28.5123,28.6112,28.7126,28.8163,28.9224,29.0306,29.1407,29.2528,29.3666,29.482,29.599,29.7174,29.8371,29.9579,30.0799,30.2028,30.3267,30.4513,30.5766,30.7026,30.829,30.9559,31.0832,31.2107,31.3385,31.4664,31.5944,31.7223,31.8502,31.9779,32.1055,32.2328,32.3598,32.4865,32.6127,32.7385,32.8637,32.9884,33.1125,33.236,33.3588,33.4809,33.6022,33.7227,33.8423,33.9611,34.0791,34.196,34.3121,34.4271,34.5412,34.6542,34.7662,34.8771,34.9869,35.0955,35.203,35.3094,35.4146,35.5186,35.6214,35.723,35.8233,35.9224,36.0203,36.1168,36.2121,36.3061,36.3988,36.4902,36.5803,36.6691,36.7565,36.8426,36.9274,37.0109,37.093,37.1738,37.2532,37.3313,37.4081,37.4835,37.5575,37.6303,37.7017,37.7717,37.8405,37.9079,37.974,38.0388,38.1023,38.1644,38.2253,38.2849,38.3432,38.4003,38.456,38.5105,38.5638,38.6159,38.6667,38.7163,38.7647,38.8119,38.8579,38.9028,38.9465,38.989,39.0305,39.0708,39.1101,39.1482,39.1853,39.2214,39.2564,39.2904,39.3234,39.3554,39.3864,39.4165,39.4457,39.4739,39.5013,39.5278,39.5534,39.5782,39.6022,39.6254,39.6478,39.6694,39.6904,39.7106,39.7301,39.749,39.7672,39.7848,39.8018,39.8182,39.8341,39.8494,39.8642,39.8786,39.8925,39.906,39.919,39.9317,39.944,39.956,39.9677,39.9791,39.9902,40.0012,40.0119,40.0225,40.0329,40.0432,40.0534,40.0635,40.0737,40.0838,40.0939,40.1041,40.1144,40.1248,40.1353,40.146,40.1569,40.1681,40.1795,40.1912,40.2032,40.2156,40.2283,40.2415,40.2551,40.2692,40.2839,40.299,40.3148,40.3311,40.3481,40.3658,40.3841,40.4033,40.4231,40.4438,40.4653,40.4877,40.511,40.5352,40.5603,40.5865,40.6137,40.6419,40.6713,40.7017,40.7333,40.7661,40.8001,40.8353,40.8719,40.9097,40.9488,40.9893,41.0312,41.0745,41.1193,41.1655,41.2132,41.2625,41.3133,41.3656,41.4196,41.4752,41.5324,41.5913,41.6518,41.7141,41.778,41.8438,41.9112,41.9805,42.0515,42.1244,42.199,42.2755,42.3539,42.4341,42.5161,42.6001,42.6859,42.7736,42.8632,42.9548,43.0482,43.1436,43.2408,43.34,43.4411,43.5441,43.6491,43.756,43.8647,43.9754,44.088,44.2026,44.319,44.4373,44.5575
32.6155,32.4201,32.2271,32.0366,31.8485,31.6631,31.4803,31.3003,31.1231,30.9489,30.7777,30.6097,30.4449,30.2834,30.1253,29.9707,29.8198,29.6725,29.5291,29.3896,29.2541,29.1227,28.9956,28.8727,28.7542,28.6402,28.5309,28.4261,28.3262,28.231,28.1408,28.0556,27.9754,27.9003,27.8304,27.7657,27.7062,27.6521,27.6032,27.5597,27.5216,27.4888,27.4614,27.4393,27.4225,27.411,27.4048,27.4038,27.408,27.4173,27.4316,27.4509,27.4751,27.504,27.5377,27.576,27.6189,27.6661,27.7176,27.7733,27.833,27.8967,27.9642,28.0354,28.1101,28.1882,28.2696,28.3542,28.4419,28.5324,28.6257,28.7216,28.82,28.9209,29.0239,29.1291,29.2364,29.3455,29.4564,29.5689,29.6831,29.7986,29.9155,30.0336,30.1528,30.2731,30.3943,30.5163,30.6391,30.7625,30.8865,31.011,31.1359,31.2611,31.3866,31.5123,31.6381,31.7639,31.8897,32.0155,32.141,32.2664,32.3916,32.5164,32.6409,32.7649,32.8885,33.0116,33.1341,33.256,33.3773,33.4979,33.6178,33.7369,33.8553,33.9728,34.0894,34.2052,34.3201,34.434,34.5469,34.6589,34.7698,34.8797,34.9885,35.0962,35.2028,35.3083,35.4127,35.5159,35.6179,35.7187,35.8183,35.9167,36.0138,36.1097,36.2043,36.2977,36.3898,36.4807,36.5702,36.6584,36.7454,36.831,36.9153,36.9983,37.08,37.1604,37.2395,37.3172,37.3936,37.4687,37.5424,37.6149,37.686,37.7558,37.8243,37.8915,37.9574,38.0219,38.0852,38.1472,38.208,38.2674,38.3256,38.3826,38.4382,38.4927,38.5459,38.5979,38.6487,38.6983,38.7467,38.7939,38.84,38.8849,38.9287,38.9713,39.0129,39.0534,39.0927,39.131,39.1683,39.2045,39.2397,39.274,39.3072,39.3394,39.3708,39.4011,39.4306,39.4592,39.4869,39.5137,39.5397,39.5649,39.5893,39.6129,39.6358,39.6579,39.6793,39.7,39.7201,39.7395,39.7583,39.7765,39.7941,39.8111,39.8276,39.8436,39.8591,39.8742,39.8888,39.903,39.9168,39.9303,39.9434,39.9562,39.9688,39.981,39.9931,40.0049,40.0166,40.0281,40.0394,40.0507,40.0619,40.0731,40.0842,40.0954,40.1066,40.1179,40.1293,40.1408,40.1525,40.1643,40.1764,40.1887,40.2013,40.2143,40.2275,40.2411,40.2551,40.2696,40.2845,40.2999,40.3158,40.3323,40.3493,40.367,40.3853,40.4043,40.4241,40.4445,40.4657,40.4878,40.5106,40.5344,40.559,40.5846,40.6111,40.6386,40.6672,40.6967,40.7274,40.7592,40.7922,40.8263,40.8616,40.8981,40.9359,40.975,41.0154,41.0572,41.1003,41.1449,41.1908,41.2383,41.2872,41.3375,41.3895,41.4429,41.498,41.5546,41.6129,41.6728,41.7343,41.7975,41.8625,41.9291,41.9975,42.0676,42.1394,42.2131,42.2885,42.3658,42.4448,42.5257,42.6084,42.693,42.7794,42.8677,42.9578,43.0499,43.1438,43.2395,43.3372,43.4368,43.5382,43.6416,43.7468,43.8539,43.9629,44.0738,44.1865,44.3012,44.4177,44.5361,44.6563
32.6934,32.5005,32.3099,32.1219,31.9364,31.7535,31.5732,31.3958,31.2213,31.0497,30.8811,30.7157,30.5535,30.3946,30.2391,30.0871,29.9387,29.7939,29.653,29.5159,29.3828,29.2538,29.1289,29.0083,28.892,28.7801,28.6727,28.5698,28.4717,28.3783,28.2897,28.2059,28.1271,28.0533,27.9845,27.9207,27.8621,27.8087,27.7604,27.7173,27.6795,27.6468,27.6193,27.597,27.5799,27.568,27.5611,27.5594,27.5626,27.5708,27.584,27.6019,27.6246,27.652,27.684,27.7205,27.7614,27.8066,27.856,27.9094,27.9669,28.0282,28.0932,28.1619,28.234,28.3095,28.3883,28.4702,28.5551,28.6428,28.7334,28.8265,28.9221,29.0202,29.1204,29.2228,29.3273,29.4336,29.5418,29.6516,29.763,29.8758,29.9901,30.1055,30.2222,30.3399,30.4586,30.5781,30.6985,30.8195,30.9412,31.0633,31.186,31.309,31.4323,31.5559,31.6796,31.8034,31.9273,32.0511,32.1748,32.2983,32.4217,32.5448,32.6675,32.7899,32.9119,33.0334,33.1544,33.2748,33.3947,33.5139,33.6324,33.7502,33.8673,33.9836,34.099,34.2136,34.3273,34.4401,34.552,34.6629,34.7729,34.8818,34.9896,35.0965,35.2022,35.3068,35.4103,35.5127,35.6139,35.714,35.8129,35.9106,36.007,36.1023,36.1963,36.2891,36.3806,36.4709,36.5599,36.6476,36.7341,36.8192,36.9031,36.9856,37.0669,37.1469,37.2255,37.3029,37.3789,37.4537,37.5271,37.5993,37.6701,37.7397,37.8079,37.8749,37.9405,38.0049,38.068,38.1298,38.1904,38.2497,38.3078,38.3646,38.4202,38.4746,38.5277,38.5797,38.6304,38.68,38.7284,38.7756,38.8217,38.8667,38.9105,38.9532,38.9949,39.0354,39.0749,39.1134,39.1508,39.1872,39.2226,39.257,39.2904,39.3229,39.3545,39.3851,39.4149,39.4437,39.4718,39.4989,39.5253,39.5509,39.5756,39.5997,39.6229,39.6455,39.6674,39.6886,39.7091,39.7291,39.7484,39.7671,39.7853,39.8029,39.8201,39.8367,39.8529,39.8686,39.8839,39.8988,39.9134,39.9276,39.9415,39.9551,39.9684,39.9815,39.9944,40.0071,40.0196,40.0321,40.0444,40.0566,40.0688,40.0809,40.0931,40.1052,40.1175,40.1298,40.1423,40.1549,40.1677,40.1806,40.1938,40.2073,40.2211,40.2352,40.2496,40.2644,40.2797,40.2954,40.3115,40.3282,40.3453,40.3631,40.3814,40.4004,40.42,40.4403,40.4613,40.4831,40.5057,40.529,40.5532,40.5783,40.6042,40.6311,40.659,40.6878,40.7177,40.7486,40.7806,40.8137,40.8479,40.8834,40.92,40.9578,40.9969,41.0372,41.0789,41.1219,41.1662,41.212,41.2591,41.3077,41.3578,41.4093,41.4623,41.5169,41.573,41.6307,41.69,41.7509,41.8134,41.8776,41.9435,42.011,42.0803,42.1512,42.224,42.2984,42.3746,42.4526,42.5324,42.614,42.6973,42.7825,42.8696,42.9584,43.0491,43.1416,43.236,43.3322,43.4303,43.5303,43.6321,43.7358,43.8413,43.9487,44.0579,44.169,44.2819,44.3967,44.5134,44.6318,44.7521
32.7675,32.5769,32.3887,32.203,32.0199,31.8394,31.6616,31.4866,31.3145,31.1454,30.9793,30.8163,30.6565,30.5001,30.347,30.1974,30.0514,29.9091,29.7704,29.6357,29.5048,29.378,29.2552,29.1367,29.0224,28.9124,28.8069,28.7058,28.6094,28.5175,28.4304,28.348,28.2705,28.1978,28.13,28.0672,28.0094,27.9566,27.9089,27.8662,27.8286,27.796,27.7685,27.746,27.7286,27.7162,27.7088,27.7063,27.7087,27.7159,27.7279,27.7446,27.7659,27.7918,27.8222,27.857,27.8961,27.9394,27.9868,28.0381,28.0934,28.1525,28.2152,28.2815,28.3513,28.4243,28.5006,28.5799,28.6623,28.7474,28.8353,28.9258,29.0188,29.1142,29.2119,29.3116,29.4134,29.5172,29.6227,29.7299,29.8388,29.9491,30.0608,30.1738,30.288,30.4033,30.5195,30.6367,30.7548,30.8735,30.993,31.113,31.2335,31.3544,31.4757,31.5972,31.7189,31.8408,31.9628,32.0848,32.2067,32.3285,32.4501,32.5715,32.6927,32.8135,32.9339,33.0539,33.1734,33.2925,33.4109,33.5288,33.646,33.7625,33.8784,33.9934,34.1077,34.2212,34.3338,34.4456,34.5564,34.6663,34.7753,34.8833,34.9902,35.0962,35.201,35.3048,35.4076,35.5092,35.6096,35.709,35.8072,35.9042,36.0,36.0946,36.188,36.2802,36.3712,36.4609,36.5493,36.6366,36.7225,36.8072,36.8906,36.9727,37.0536,37.1332,37.2114,37.2884,37.3641,37.4385,37.5117,37.5835,37.6541,37.7233,37.7913,37.858,37.9235,37.9877,38.0506,38.1122,38.1726,38.2318,38.2897,38.3464,38.4019,38.4562,38.5092,38.5611,38.6118,38.6614,38.7098,38.757,38.8031,38.8481,38.8919,38.9347,38.9764,39.0171,39.0567,39.0952,39.1328,39.1693,39.2049,39.2395,39.2731,39.3058,39.3376,39.3685,39.3985,39.4276,39.4559,39.4834,39.5101,39.536,39.5612,39.5856,39.6092,39.6322,39.6545,39.6762,39.6972,39.7176,39.7375,39.7567,39.7754,39.7936,39.8114,39.8286,39.8454,39.8618,39.8777,39.8933,39.9086,39.9235,39.9381,39.9525,39.9666,39.9805,39.9942,40.0078,40.0211,40.0344,40.0476,40.0608,40.0739,40.0869,40.1001,40.1132,40.1265,40.1398,40.1533,40.167,40.1808,40.1949,40.2092,40.2238,40.2387,40.2539,40.2695,40.2855,40.3019,40.3188,40.3362,40.354,40.3725,40.3914,40.411,40.4313,40.4521,40.4737,40.496,40.5191,40.5429,40.5676,40.593,40.6194,40.6467,40.6749,40.704,40.7342,40.7653,40.7975,40.8308,40.8652,40.9007,40.9374,40.9753,41.0143,41.0547,41.0963,41.1391,41.1834,41.2289,41.2758,41.3242,41.3739,41.4251,41.4777,41.5319,41.5875,41.6447,41.7035,41.7638,41.8257,41.8892,41.9543,42.0211,42.0896,42.1597,42.2316,42.3051,42.3804,42.4573,42.5361,42.6166,42.6989,42.7829,42.8687,42.9564,43.0458,43.1371,43.2301,43.325,43.4217,43.5202,43.6206,43.7228,43.8268,43.9326,44.0403,44.1498,44.2611,44.3743,44.4893,44.606,44.7246,44.845
32.8378,32.6494,32.4635,32.28,32.0991,31.9209,31.7454,31.5727,31.4029,31.236,31.0722,30.9116,30.7541,30.5999,30.4491,30.3018,30.158,30.0179,29.8814,29.7488,29.62,29.4952,29.3745,29.2579,29.1454,29.0373,28.9335,28.8341,28.7392,28.6488,28.5631,28.482,28.4056,28.334,28.2672,28.2053,28.1482,28.096,28.0487,28.0064,27.969,27.9365,27.9089,27.8863,27.8686,27.8558,27.8478,27.8446,27.8462,27.8524,27.8634,27.8789,27.899,27.9235,27.9524,27.9856,28.023,28.0645,28.11,28.1594,28.2127,28.2697,28.3303,28.3944,28.4618,28.5326,28.6065,28.6835,28.7634,28.8461,28.9316,29.0196,29.1101,29.203,29.2982,29.3955,29.4948,29.5961,29.6991,29.8039,29.9103,30.0183,30.1276,30.2382,30.3501,30.4631,30.5771,30.6921,30.808,30.9246,31.0419,31.1598,31.2783,31.3972,31.5165,31.6361,31.756,31.8761,31.9962,32.1164,32.2366,32.3568,32.4768,32.5966,32.7162,32.8355,32.9545,33.073,33.1912,33.3088,33.426,33.5425,33.6585,33.7738,33.8885,34.0024,34.1156,34.228,34.3395,34.4503,34.5601,34.6691,34.7771,34.8841,34.9902,35.0953,35.1994,35.3024,35.4043,35.5052,35.6049,35.7036,35.8011,35.8974,35.9926,36.0866,36.1794,36.271,36.3614,36.4506,36.5386,36.6253,36.7107,36.795,36.8779,36.9596,37.0401,37.1192,37.1971,37.2738,37.3491,37.4232,37.496,37.5675,37.6378,37.7068,37.7745,37.841,37.9062,37.9702,38.0329,38.0944,38.1546,38.2136,38.2714,38.328,38.3833,38.4375,38.4905,38.5423,38.5929,38.6424,38.6908,38.738,38.7841,38.8291,38.873,38.9158,38.9576,38.9983,39.0379,39.0766,39.1142,39.1509,39.1866,39.2214,39.2552,39.2881,39.32,39.3512,39.3814,39.4108,39.4394,39.4672,39.4941,39.5204,39.5459,39.5706,39.5947,39.618,39.6408,39.6628,39.6843,39.7052,39.7255,39.7452,39.7645,39.7832,39.8015,39.8193,39.8367,39.8537,39.8703,39.8865,39.9024,39.9181,39.9334,39.9485,39.9633,39.978,39.9925,40.0068,40.021,40.0352,40.0492,40.0632,40.0772,40.0912,40.1053,40.1194,40.1336,40.148,40.1624,40.1771,40.192,40.2071,40.2225,40.2382,40.2541,40.2705,40.2872,40.3043,40.3219,40.3399,40.3585,40.3775,40.3971,40.4173,40.4381,40.4596,40.4817,40.5045,40.5281,40.5524,40.5775,40.6034,40.6301,40.6578,40.6863,40.7157,40.7462,40.7776,40.81,40.8435,40.878,40.9137,40.9505,40.9884,41.0275,41.0678,41.1094,41.1522,41.1963,41.2417,41.2884,41.3365,41.386,41.4369,41.4892,41.5429,41.5982,41.6549,41.7131,41.7729,41.8342,41.8971,41.9616,42.0277,42.0954,42.1648,42.2358,42.3085,42.3829,42.459,42.5367,42.6162,42.6975,42.7804,42.8652,42.9517,43.0399,43.1299,43.2217,43.3153,43.4107,43.5079,43.6069,43.7077,43.8103,43.9147,44.0208,44.1288,44.2386,44.3502,44.4636,44.5788,44.6957,44.8145,44.935
32.9043,32.7179,32.534,32.3527,32.1739,31.9978,31.8244,31.6539,31.4862,31.3215,31.1599,31.0014,30.8461,30.6941,30.5454,30.4002,30.2585,30.1204,29.986,29.8553,29.7285,29.6056,29.4867,29.3719,29.2612,29.1547,29.0525,28.9547,28.8612,28.7722,28.6878,28.6079,28.5326,28.462,28.3961,28.3349,28.2785,28.2268,28.18,28.138,28.1008,28.0684,28.0408,28.018,28.0,27.9867,27.9782,27.9744,27.9752,27.9806,27.9906,28.005,28.0239,28.0471,28.0746,28.1063,28.1421,28.182,28.2257,28.2734,28.3247,28.3798,28.4384,28.5004,28.5657,28.6344,28.7061,28.7808,28.8585,28.9389,29.0221,29.1078,29.196,29.2866,29.3794,29.4743,29.5713,29.6703,29.771,29.8735,29.9777,30.0833,30.1904,30.2989,30.4086,30.5194,30.6313,30.7442,30.858,30.9725,31.0879,31.2038,31.3204,31.4374,31.5549,31.6727,31.7908,31.9091,32.0275,32.1461,32.2647,32.3832,32.5017,32.62,32.7381,32.856,32.9735,33.0907,33.2075,33.3239,33.4398,33.5551,33.6699,33.784,33.8976,34.0104,34.1225,34.2338,34.3444,34.4542,34.5631,34.6711,34.7782,34.8844,34.9896,35.0939,35.1972,35.2994,35.4006,35.5007,35.5998,35.6977,35.7946,35.8903,35.9848,36.0782,36.1705,36.2615,36.3514,36.44,36.5275,36.6137,36.6987,36.7825,36.865,36.9463,37.0263,37.1051,37.1826,37.2589,37.3339,37.4076,37.4801,37.5514,37.6214,37.6901,37.7575,37.8238,37.8887,37.9525,38.015,38.0763,38.1363,38.1952,38.2528,38.3092,38.3645,38.4185,38.4714,38.5231,38.5737,38.6231,38.6714,38.7186,38.7647,38.8097,38.8536,38.8964,38.9382,38.979,39.0187,39.0574,39.0952,39.132,39.1678,39.2027,39.2366,39.2697,39.3019,39.3332,39.3636,39.3933,39.4221,39.4501,39.4774,39.5039,39.5297,39.5548,39.5792,39.6029,39.626,39.6485,39.6704,39.6917,39.7125,39.7327,39.7524,39.7717,39.7904,39.8088,39.8267,39.8443,39.8615,39.8784,39.8949,39.9112,39.9272,39.943,39.9586,39.974,39.9892,40.0043,40.0193,40.0342,40.0491,40.064,40.0788,40.0937,40.1087,40.1237,40.1389,40.1541,40.1696,40.1853,40.2011,40.2173,40.2337,40.2504,40.2674,40.2849,40.3027,40.3209,40.3396,40.3588,40.3784,40.3986,40.4194,40.4408,40.4628,40.4854,40.5087,40.5327,40.5575,40.583,40.6093,40.6365,40.6645,40.6933,40.7231,40.7538,40.7855,40.8181,40.8518,40.8865,40.9223,40.9592,40.9972,41.0363,41.0767,41.1182,41.1609,41.2049,41.2502,41.2968,41.3447,41.394,41.4446,41.4966,41.55,41.6049,41.6612,41.719,41.7783,41.8391,41.9014,41.9653,42.0307,42.0978,42.1664,42.2367,42.3086,42.3822,42.4574,42.5342,42.6128,42.6931,42.775,42.8587,42.9441,43.0313,43.1202,43.2108,43.3032,43.3973,43.4933,43.5909,43.6904,43.7916,43.8946,43.9994,44.1059,44.2143,44.3244,44.4362,44.5499,44.6653,44.7824,44.9014,45.022
32.9668,32.7824,32.6004,32.421,32.2442,32.0701,31.8988,31.7302,31.5646,31.4019,31.2423,31.0858,30.9325,30.7824,30.6357,30.4925,30.3527,30.2165,30.084,29.9552,29.8302,29.7091,29.5919,29.4788,29.3697,29.2648,29.1641,29.0676,28.9755,28.8878,28.8045,28.7257,28.6514,28.5817,28.5166,28.4562,28.4004,28.3492,28.3028,28.261,28.224,28.1917,28.1641,28.1411,28.1228,28.1092,28.1002,28.0958,28.0959,28.1005,28.1095,28.1229,28.1407,28.1627,28.1889,28.2192,28.2535,28.2918,28.334,28.3799,28.4296,28.4828,28.5395,28.5996,28.663,28.7296,28.7993,28.8719,28.9475,29.0258,29.1068,29.1904,29.2764,29.3648,29.4554,29.5482,29.643,29.7398,29.8384,29.9387,30.0407,30.1443,30.2493,30.3556,30.4633,30.5721,30.682,30.7929,30.9047,31.0174,31.1308,31.2449,31.3597,31.4749,31.5906,31.7067,31.8231,31.9398,32.0567,32.1736,32.2907,32.4077,32.5247,32.6416,32.7583,32.8748,32.991,33.1069,33.2225,33.3376,33.4523,33.5665,33.6801,33.7931,33.9056,34.0174,34.1285,34.2388,34.3484,34.4572,34.5652,34.6724,34.7786,34.884,34.9884,35.0919,35.1944,35.2959,35.3963,35.4958,35.5941,35.6914,35.7876,35.8827,35.9767,36.0695,36.1612,36.2517,36.341,36.4292,36.5161,36.6019,36.6864,36.7697,36.8518,36.9327,37.0123,37.0907,37.1679,37.2438,37.3184,37.3919,37.464,37.535,37.6047,37.6731,37.7403,37.8063,37.871,37.9345,37.9968,38.0579,38.1178,38.1764,38.2339,38.2902,38.3453,38.3992,38.452,38.5036,38.5541,38.6035,38.6517,38.6988,38.7449,38.7898,38.8337,38.8766,38.9184,38.9592,38.999,39.0378,39.0756,39.1125,39.1484,39.1834,39.2175,39.2507,39.283,39.3145,39.3451,39.375,39.404,39.4323,39.4598,39.4866,39.5127,39.5381,39.5628,39.5869,39.6103,39.6332,39.6555,39.6772,39.6984,39.719,39.7392,39.7589,39.7782,39.7971,39.8156,39.8337,39.8514,39.8689,39.8861,39.903,39.9196,39.9361,39.9523,39.9684,39.9844,40.0002,40.016,40.0317,40.0473,40.063,40.0787,40.0944,40.1102,40.1262,40.1422,40.1584,40.1748,40.1914,40.2082,40.2254,40.2428,40.2605,40.2786,40.297,40.3159,40.3352,40.355,40.3752,40.396,40.4173,40.4392,40.4618,40.4849,40.5087,40.5332,40.5584,40.5843,40.611,40.6386,40.6669,40.6961,40.7262,40.7571,40.7891,40.8219,40.8558,40.8907,40.9266,40.9636,41.0017,41.0409,41.0813,41.1228,41.1655,41.2095,41.2546,41.3011,41.3488,41.3979,41.4483,41.5,41.5531,41.6076,41.6636,41.721,41.7798,41.8401,41.902,41.9653,42.0302,42.0966,42.1646,42.2342,42.3053,42.3781,42.4525,42.5286,42.6062,42.6856,42.7666,42.8493,42.9337,43.0199,43.1077,43.1972,43.2885,43.3814,43.4762,43.5726,43.6708,43.7707,43.8724,43.9759,44.081,44.188,44.2967,44.4071,44.5193,44.6332,44.7488,44.8662,44.9853,45.1062
33.0254,32.8427,32.6626,32.485,32.3101,32.1378,31.9683,31.8016,31.6378,31.477,31.3193,31.1647,31.0132,30.865,30.7202,30.5787,30.4408,30.3064,30.1756,30.0485,29.9252,29.8057,29.6901,29.5785,29.4709,29.3674,29.2681,29.1729,29.0821,28.9955,28.9133,28.8355,28.7622,28.6933,28.629,28.5691,28.5139,28.4632,28.4171,28.3757,28.3388,28.3065,28.2788,28.2557,28.2372,28.2232,28.2138,28.2088,28.2082,28.2121,28.2203,28.2327,28.2495,28.2703,28.2953,28.3244,28.3573,28.3942,28.4348,28.4792,28.5272,28.5787,28.6337,28.692,28.7536,28.8183,28.8861,28.9569,29.0305,29.1068,29.1858,29.2673,29.3513,29.4377,29.5263,29.617,29.7098,29.8046,29.9011,29.9995,30.0995,30.201,30.3041,30.4085,30.5142,30.6211,30.7291,30.8382,30.9482,31.0591,31.1708,31.2831,31.3962,31.5097,31.6238,31.7383,31.8531,31.9682,32.0836,32.1991,32.3147,32.4303,32.5459,32.6614,32.7768,32.892,33.007,33.1217,33.236,33.35,33.4635,33.5766,33.6891,33.8011,33.9125,34.0233,34.1334,34.2428,34.3515,34.4594,34.5666,34.6729,34.7783,34.8829,34.9865,35.0892,35.191,35.2918,35.3915,35.4903,35.588,35.6847,35.7803,35.8748,35.9681,36.0604,36.1515,36.2415,36.3303,36.418,36.5045,36.5897,36.6738,36.7567,36.8384,36.9188,36.9981,37.0761,37.1529,37.2284,37.3027,37.3758,37.4477,37.5183,37.5877,37.6559,37.7228,37.7886,37.8531,37.9163,37.9784,38.0393,38.099,38.1574,38.2147,38.2709,38.3258,38.3796,38.4323,38.4838,38.5341,38.5834,38.6316,38.6787,38.7246,38.7696,38.8135,38.8563,38.8981,38.9389,38.9787,39.0176,39.0554,39.0924,39.1284,39.1635,39.1977,39.231,39.2635,39.2951,39.3259,39.3559,39.3852,39.4137,39.4414,39.4685,39.4948,39.5205,39.5455,39.5699,39.5937,39.6169,39.6395,39.6616,39.6832,39.7042,39.7249,39.745,39.7648,39.7841,39.8031,39.8217,39.8401,39.8581,39.8758,39.8933,39.9106,39.9276,39.9446,39.9613,39.9779,39.9945,40.011,40.0274,40.0438,40.0603,40.0768,40.0933,40.11,40.1267,40.1436,40.1607,40.178,40.1955,40.2133,40.2314,40.2497,40.2685,40.2875,40.307,40.3269,40.3472,40.3681,40.3894,40.4112,40.4336,40.4567,40.4803,40.5045,40.5295,40.5551,40.5814,40.6085,40.6364,40.6651,40.6946,40.725,40.7562,40.7884,40.8215,40.8556,40.8906,40.9267,40.9638,41.002,41.0413,41.0817,41.1232,41.1659,41.2098,41.2549,41.3012,41.3488,41.3977,41.4479,41.4994,41.5522,41.6065,41.6621,41.7191,41.7775,41.8374,41.8988,41.9616,42.0259,42.0918,42.1592,42.2281,42.2986,42.3707,42.4443,42.5196,42.5965,42.675,42.7551,42.8369,42.9204,43.0055,43.0923,43.1808,43.271,43.3629,43.4565,43.5518,43.6488,43.7475,43.848,43.9501,44.054,44.1596,44.267,44.376,44.4868,44.5993,44.7135,44.8295,44.9471,45.0664,45.1875
33.0799,32.8989,32.7205,32.5446,32.3713,32.2008,32.033,31.8681,31.706,31.547,31.3909,31.238,31.0883,30.9418,30.7987,30.6589,30.5226,30.3898,30.2607,30.1352,30.0134,29.8954,29.7813,29.6711,29.5649,29.4627,29.3646,29.2707,29.1809,29.0955,29.0142,28.9374,28.8649,28.7968,28.7331,28.6739,28.6191,28.5689,28.5231,28.4819,28.4451,28.4129,28.3852,28.362,28.3432,28.3289,28.319,28.3135,28.3123,28.3155,28.3229,28.3345,28.3502,28.3701,28.3939,28.4218,28.4535,28.489,28.5283,28.5712,28.6177,28.6677,28.721,28.7777,28.8376,28.9006,28.9666,29.0356,29.1073,29.1819,29.259,29.3387,29.4208,29.5053,29.592,29.6808,29.7717,29.8646,29.9593,30.0557,30.1539,30.2536,30.3548,30.4574,30.5613,30.6665,30.7727,30.8801,30.9884,31.0976,31.2076,31.3184,31.4298,31.5418,31.6543,31.7673,31.8806,31.9943,32.1082,32.2223,32.3366,32.4509,32.5652,32.6794,32.7936,32.9075,33.0213,33.1348,33.2481,33.3609,33.4734,33.5854,33.6969,33.8079,33.9184,34.0282,34.1374,34.2459,34.3537,34.4608,34.5671,34.6726,34.7772,34.881,34.9839,35.0859,35.187,35.2871,35.3862,35.4843,35.5814,35.6775,35.7725,35.8664,35.9592,36.0509,36.1415,36.231,36.3193,36.4065,36.4925,36.5773,36.6609,36.7434,36.8246,36.9047,36.9835,37.0612,37.1376,37.2128,37.2868,37.3596,37.4311,37.5014,37.5705,37.6384,37.7051,37.7706,37.8348,37.8979,37.9597,38.0204,38.0798,38.1381,38.1952,38.2512,38.306,38.3596,38.4122,38.4636,38.5138,38.563,38.6111,38.6581,38.704,38.7489,38.7927,38.8355,38.8773,38.9181,38.9579,38.9968,39.0347,39.0717,39.1078,39.1429,39.1772,39.2106,39.2432,39.275,39.306,39.3362,39.3656,39.3943,39.4222,39.4495,39.476,39.502,39.5273,39.5519,39.576,39.5995,39.6225,39.6449,39.6669,39.6883,39.7094,39.7299,39.7501,39.7699,39.7894,39.8085,39.8273,39.8459,39.8641,39.8822,39.9001,39.9177,39.9352,39.9526,39.9699,39.9872,40.0043,40.0215,40.0386,40.0558,40.0731,40.0904,40.1078,40.1254,40.1432,40.1611,40.1793,40.1977,40.2163,40.2353,40.2546,40.2743,40.2943,40.3148,40.3356,40.357,40.3788,40.4012,40.4241,40.4475,40.4716,40.4963,40.5217,40.5477,40.5744,40.6019,40.6301,40.6591,40.6889,40.7196,40.7511,40.7835,40.8168,40.8511,40.8863,40.9226,40.9598,40.9981,41.0374,41.0779,41.1194,41.1621,41.206,41.251,41.2973,41.3448,41.3935,41.4435,41.4948,41.5474,41.6013,41.6566,41.7133,41.7714,41.8309,41.8918,41.9542,42.018,42.0834,42.1502,42.2185,42.2884,42.3598,42.4328,42.5073,42.5834,42.6612,42.7405,42.8215,42.904,42.9882,43.0741,43.1616,43.2508,43.3417,43.4342,43.5284,43.6243,43.7218,43.8211,43.9221,44.0247,44.1291,44.2352,44.3429,44.4524,44.5635,44.6764,44.7909,44.9072,45.0251,45.1447,45.266
33.1304,32.9509,32.774,32.5997,32.428,32.2591,32.0929,31.9295,31.7691,31.6116,31.4572,31.3059,31.1577,31.0128,30.8712,30.733,30.5982,30.4669,30.3392,30.2152,30.0948,29.9782,29.8654,29.7565,29.6516,29.5506,29.4537,29.3608,29.2721,29.1876,29.1073,29.0313,28.9596,28.8922,28.8291,28.7704,28.7161,28.6663,28.6208,28.5798,28.5432,28.511,28.4832,28.4598,28.4408,28.4262,28.4159,28.4099,28.4082,28.4107,28.4174,28.4282,28.443,28.4619,28.4848,28.5115,28.5421,28.5764,28.6144,28.656,28.7011,28.7496,28.8015,28.8566,28.915,28.9764,29.0408,29.1081,29.1782,29.251,29.3264,29.4044,29.4848,29.5675,29.6524,29.7395,29.8287,29.9198,30.0128,30.1075,30.2039,30.3019,30.4014,30.5024,30.6046,30.7081,30.8128,30.9185,31.0252,31.1329,31.2413,31.3506,31.4605,31.5711,31.6821,31.7937,31.9057,32.018,32.1306,32.2434,32.3563,32.4694,32.5825,32.6955,32.8085,32.9214,33.034,33.1465,33.2586,33.3704,33.4819,33.5929,33.7035,33.8135,33.9231,34.032,34.1403,34.248,34.355,34.4613,34.5668,34.6715,34.7754,34.8785,34.9807,35.082,35.1824,35.2818,35.3803,35.4778,35.5743,35.6697,35.7642,35.8575,35.9498,36.041,36.1311,36.22,36.3079,36.3946,36.4801,36.5645,36.6477,36.7298,36.8106,36.8903,36.9687,37.046,37.1221,37.1969,37.2706,37.343,37.4142,37.4843,37.5531,37.6207,37.6871,37.7523,37.8163,37.8791,37.9407,38.0012,38.0604,38.1185,38.1754,38.2312,38.2858,38.3393,38.3917,38.443,38.4931,38.5422,38.5901,38.6371,38.6829,38.7277,38.7715,38.8143,38.856,38.8968,38.9366,38.9755,39.0134,39.0504,39.0865,39.1217,39.1561,39.1896,39.2223,39.2542,39.2853,39.3156,39.3452,39.374,39.4021,39.4296,39.4564,39.4825,39.5081,39.533,39.5573,39.5811,39.6044,39.6272,39.6495,39.6713,39.6927,39.7136,39.7342,39.7545,39.7744,39.7939,39.8132,39.8323,39.8511,39.8697,39.8881,39.9063,39.9244,39.9424,39.9603,39.9782,39.996,40.0138,40.0317,40.0496,40.0676,40.0856,40.1038,40.1222,40.1407,40.1595,40.1785,40.1977,40.2173,40.2371,40.2573,40.2779,40.2989,40.3203,40.3421,40.3644,40.3873,40.4106,40.4345,40.459,40.4841,40.5099,40.5363,40.5634,40.5912,40.6197,40.649,40.6792,40.7101,40.7419,40.7745,40.808,40.8425,40.8779,40.9143,40.9517,40.99,41.0295,41.07,41.1115,41.1542,41.1981,41.2431,41.2892,41.3366,41.3852,41.4351,41.4862,41.5386,41.5923,41.6473,41.7037,41.7614,41.8206,41.8811,41.943,42.0064,42.0713,42.1376,42.2054,42.2746,42.3455,42.4178,42.4917,42.5671,42.6441,42.7226,42.8028,42.8846,42.9679,43.0529,43.1395,43.2277,43.3176,43.4091,43.5023,43.5971,43.6936,43.7918,43.8916,43.9931,44.0963,44.2012,44.3077,44.4159,44.5258,44.6373,44.7505,44.8654,44.982,45.1002,45.2201,45.3416
33.1767,32.9987,32.8232,32.6503,32.4801,32.3126,32.1478,31.986,31.827,31.671,31.518,31.3681,31.2214,31.0779,30.9378,30.801,30.6676,30.5377,30.4113,30.2886,30.1695,30.0542,29.9426,29.8349,29.7311,29.6312,29.5353,29.4435,29.3557,29.2721,29.1926,29.1173,29.0463,28.9795,28.917,28.8588,28.8049,28.7554,28.7102,28.6694,28.6329,28.6007,28.5729,28.5494,28.5302,28.5153,28.5046,28.4982,28.4959,28.4978,28.5038,28.5139,28.528,28.546,28.5679,28.5936,28.6231,28.6563,28.6931,28.7335,28.7773,28.8246,28.8751,28.9288,28.9857,29.0457,29.1086,29.1744,29.2429,29.3142,29.3881,29.4644,29.5432,29.6243,29.7077,29.7932,29.8807,29.9702,30.0616,30.1547,30.2496,30.346,30.444,30.5433,30.644,30.746,30.8492,30.9534,31.0587,31.1649,31.2719,31.3798,31.4883,31.5975,31.7073,31.8175,31.9282,32.0393,32.1506,32.2622,32.374,32.4859,32.5978,32.7098,32.8216,32.9334,33.0451,33.1565,33.2676,33.3785,33.489,33.5991,33.7087,33.8179,33.9266,34.0347,34.1422,34.2491,34.3553,34.4608,34.5655,34.6695,34.7728,34.8751,34.9767,35.0773,35.1771,35.2759,35.3738,35.4707,35.5666,35.6615,35.7554,35.8482,35.94,36.0306,36.1202,36.2087,36.2961,36.3823,36.4674,36.5514,36.6342,36.7158,36.7963,36.8755,36.9536,37.0305,37.1062,37.1808,37.2541,37.3262,37.3971,37.4668,37.5353,37.6027,37.6688,37.7337,37.7975,37.86,37.9214,37.9816,38.0407,38.0986,38.1553,38.2109,38.2653,38.3187,38.3709,38.422,38.472,38.5209,38.5688,38.6156,38.6614,38.7061,38.7498,38.7925,38.8342,38.8749,38.9147,38.9536,38.9915,39.0285,39.0647,39.0999,39.1343,39.1679,39.2006,39.2326,39.2638,39.2942,39.3239,39.3529,39.3812,39.4088,39.4358,39.4621,39.4879,39.513,39.5376,39.5617,39.5853,39.6083,39.6309,39.6531,39.6748,39.6961,39.7171,39.7377,39.758,39.778,39.7978,39.8173,39.8366,39.8556,39.8746,39.8933,39.912,39.9306,39.9491,39.9675,39.986,40.0045,40.023,40.0416,40.0602,40.079,40.098,40.1171,40.1364,40.1559,40.1757,40.1958,40.2162,40.2369,40.2579,40.2794,40.3013,40.3236,40.3463,40.3696,40.3934,40.4177,40.4426,40.4681,40.4942,40.521,40.5484,40.5765,40.6054,40.635,40.6654,40.6966,40.7286,40.7614,40.7952,40.8298,40.8654,40.9019,40.9394,40.9779,41.0174,41.0579,41.0996,41.1423,41.1861,41.231,41.2771,41.3244,41.3729,41.4226,41.4736,41.5258,41.5793,41.634,41.6901,41.7476,41.8064,41.8666,41.9281,41.9911,42.0555,42.1213,42.1886,42.2573,42.3276,42.3993,42.4726,42.5473,42.6237,42.7015,42.7809,42.8619,42.9445,43.0286,43.1144,43.2017,43.2907,43.3813,43.4735,43.5673,43.6628,43.7599,43.8587,43.9591,44.0611,44.1648,44.2702,44.3772,44.4859,44.5962,44.7081,44.8218,44.937,45.0539,45.1725,45.2927,45.4145
33.219,33.0422,32.868,32.6964,32.5275,32.3613,32.1979,32.0373,31.8797,31.725,31.5733,31.4248,31.2794,31.1372,30.9984,30.8628,30.7307,30.602,30.4769,30.3554,30.2375,30.1232,30.0128,29.9061,29.8033,29.7045,29.6095,29.5186,29.4317,29.3488,29.2701,29.1955,29.1251,29.0589,28.9969,28.9391,28.8856,28.8364,28.7914,28.7507,28.7143,28.6822,28.6543,28.6307,28.6113,28.5961,28.5851,28.5783,28.5756,28.5769,28.5823,28.5917,28.605,28.6223,28.6433,28.6681,28.6967,28.7288,28.7646,28.8038,28.8465,28.8925,28.9418,28.9943,29.0499,29.1085,29.1701,29.2345,29.3016,29.3715,29.4439,29.5189,29.5962,29.6758,29.7577,29.8417,29.9278,30.0158,30.1057,30.1974,30.2908,30.3858,30.4823,30.5803,30.6796,30.7801,30.8819,30.9848,31.0887,31.1936,31.2993,31.4059,31.5132,31.6211,31.7296,31.8387,31.9482,32.0581,32.1683,32.2788,32.3894,32.5002,32.6111,32.7221,32.8329,32.9437,33.0544,33.1649,33.2751,33.385,33.4947,33.6039,33.7127,33.8211,33.9289,34.0363,34.143,34.2491,34.3546,34.4594,34.5634,34.6668,34.7693,34.871,34.9719,35.072,35.1711,35.2693,35.3666,35.463,35.5583,35.6527,35.7461,35.8384,35.9296,36.0198,36.109,36.197,36.2839,36.3697,36.4544,36.5379,36.6203,36.7015,36.7816,36.8605,36.9382,37.0148,37.0901,37.1643,37.2373,37.3091,37.3797,37.4491,37.5173,37.5844,37.6502,37.7149,37.7784,37.8407,37.9018,37.9618,38.0206,38.0783,38.1348,38.1902,38.2445,38.2976,38.3497,38.4006,38.4505,38.4993,38.547,38.5937,38.6393,38.684,38.7276,38.7702,38.8119,38.8525,38.8923,38.9311,38.969,39.006,39.0421,39.0774,39.1118,39.1454,39.1783,39.2103,39.2415,39.2721,39.3019,39.331,39.3594,39.3872,39.4143,39.4408,39.4667,39.4921,39.5169,39.5412,39.565,39.5883,39.6112,39.6337,39.6557,39.6774,39.6987,39.7197,39.7404,39.7608,39.7809,39.8009,39.8206,39.8402,39.8596,39.8788,39.898,39.9171,39.9362,39.9552,39.9743,39.9934,40.0125,40.0317,40.0511,40.0705,40.0902,40.11,40.1301,40.1503,40.1709,40.1918,40.2129,40.2345,40.2564,40.2787,40.3014,40.3246,40.3483,40.3724,40.3971,40.4224,40.4483,40.4747,40.5018,40.5295,40.558,40.5871,40.617,40.6476,40.6791,40.7113,40.7444,40.7783,40.8131,40.8488,40.8855,40.9231,40.9617,41.0013,41.0419,41.0835,41.1262,41.17,41.215,41.261,41.3082,41.3566,41.4062,41.457,41.509,41.5623,41.6169,41.6727,41.7299,41.7884,41.8482,41.9094,41.972,42.036,42.1014,42.1682,42.2364,42.3062,42.3774,42.45,42.5242,42.5999,42.6771,42.7558,42.836,42.9179,43.0012,43.0862,43.1727,43.2608,43.3505,43.4418,43.5347,43.6292,43.7254,43.8231,43.9225,44.0235,44.1261,44.2304,44.3362,44.4438,44.5529,44.6637,44.7761,44.8901,45.0058,45.123,45.2419,45.3625,45.4846
33.257,33.0814,32.9084,32.738,32.5703,32.4052,32.243,32.0836,31.9272,31.7737,31.6232,31.4759,31.3317,31.1907,31.0529,30.9186,30.7876,30.66,30.536,30.4155,30.2986,30.1855,30.076,29.9703,29.8684,29.7704,29.6763,29.5862,29.5,29.4179,29.3398,29.2659,29.196,29.1303,29.0687,29.0114,28.9582,28.9092,28.8645,28.8239,28.7876,28.7555,28.7276,28.7038,28.6843,28.6688,28.6575,28.6503,28.6472,28.648,28.6529,28.6616,28.6743,28.6908,28.7111,28.7351,28.7627,28.794,28.8288,28.867,28.9086,28.9536,29.0018,29.0531,29.1075,29.1649,29.2252,29.2884,29.3543,29.4229,29.494,29.5676,29.6436,29.722,29.8025,29.8852,29.9699,30.0566,30.1452,30.2356,30.3276,30.4213,30.5165,30.6132,30.7112,30.8105,30.911,31.0126,31.1153,31.219,31.3235,31.4289,31.535,31.6418,31.7492,31.8572,31.9656,32.0744,32.1836,32.293,32.4027,32.5125,32.6224,32.7324,32.8424,32.9522,33.062,33.1716,33.281,33.3901,33.4989,33.6073,33.7154,33.823,33.9301,34.0366,34.1427,34.2481,34.3529,34.457,34.5604,34.6631,34.765,34.8661,34.9664,35.0659,35.1644,35.2621,35.3589,35.4547,35.5495,35.6434,35.7362,35.8281,35.9189,36.0086,36.0973,36.1848,36.2713,36.3567,36.441,36.5241,36.6061,36.6869,36.7666,36.8451,36.9225,36.9987,37.0737,37.1475,37.2202,37.2917,37.362,37.4311,37.499,37.5657,37.6313,37.6957,37.7589,37.821,37.8819,37.9416,38.0002,38.0577,38.114,38.1692,38.2233,38.2762,38.3281,38.3789,38.4286,38.4772,38.5248,38.5713,38.6169,38.6614,38.7049,38.7474,38.789,38.8296,38.8693,38.908,38.9459,38.9829,39.019,39.0542,39.0887,39.1223,39.1551,39.1872,39.2185,39.2491,39.279,39.3082,39.3367,39.3646,39.3918,39.4185,39.4446,39.4701,39.4951,39.5196,39.5437,39.5672,39.5903,39.6131,39.6354,39.6574,39.679,39.7003,39.7214,39.7421,39.7627,39.783,39.8032,39.8232,39.843,39.8628,39.8824,39.9021,39.9217,39.9412,39.9608,39.9805,40.0002,40.0201,40.0401,40.0602,40.0805,40.101,40.1218,40.1428,40.1641,40.1857,40.2076,40.2299,40.2527,40.2758,40.2993,40.3234,40.3479,40.373,40.3986,40.4247,40.4515,40.4789,40.5069,40.5356,40.5651,40.5952,40.6261,40.6577,40.6901,40.7234,40.7575,40.7925,40.8283,40.8651,40.9028,40.9415,40.9811,41.0218,41.0635,41.1062,41.15,41.1949,41.2409,41.288,41.3363,41.3858,41.4365,41.4883,41.5414,41.5958,41.6514,41.7083,41.7665,41.8261,41.8869,41.9492,42.0128,42.0777,42.1441,42.2119,42.2812,42.3518,42.424,42.4976,42.5727,42.6492,42.7273,42.8069,42.888,42.9707,43.0549,43.1406,43.2279,43.3168,43.4073,43.4993,43.5929,43.6881,43.7849,43.8833,43.9833,44.0849,44.1881,44.2929,44.3993,44.5074,44.617,44.7283,44.8411,44.9556,45.0717,45.1893,45.3086,45.4295,45.5519
33.2909,33.1163,32.9443,32.775,32.6083,32.4443,32.2832,32.1249,31.9695,31.817,31.6676,31.5213,31.3782,31.2382,31.1015,30.9682,30.8382,30.7116,30.5885,30.469,30.3531,30.2408,30.1322,30.0274,29.9263,29.8291,29.7357,29.6463,29.5608,29.4793,29.4018,29.3284,29.259,29.1938,29.1326,29.0756,29.0227,28.974,28.9294,28.889,28.8527,28.8206,28.7926,28.7688,28.7491,28.7334,28.7218,28.7143,28.7107,28.7112,28.7155,28.7237,28.7358,28.7517,28.7712,28.7945,28.8214,28.8518,28.8857,28.9231,28.9637,29.0077,29.0549,29.1052,29.1586,29.2149,29.2741,29.3362,29.4009,29.4683,29.5383,29.6107,29.6856,29.7627,29.8421,29.9236,30.0071,30.0926,30.18,30.2691,30.36,30.4525,30.5465,30.642,30.7389,30.837,30.9364,31.0369,31.1385,31.2411,31.3445,31.4488,31.5539,31.6597,31.7661,31.873,31.9804,32.0883,32.1965,32.305,32.4137,32.5227,32.6317,32.7408,32.8499,32.9589,33.0679,33.1767,33.2853,33.3936,33.5016,33.6093,33.7167,33.8235,33.93,34.0359,34.1412,34.246,34.3501,34.4536,34.5564,34.6585,34.7599,34.8604,34.9601,35.059,35.1571,35.2542,35.3505,35.4458,35.5401,35.6335,35.7259,35.8172,35.9076,35.9969,36.0851,36.1723,36.2583,36.3433,36.4271,36.5099,36.5915,36.6719,36.7513,36.8294,36.9064,36.9823,37.0569,37.1305,37.2028,37.2739,37.3439,37.4127,37.4804,37.5468,37.6121,37.6762,37.7392,37.801,37.8616,37.9211,37.9795,38.0367,38.0928,38.1478,38.2016,38.2544,38.3061,38.3567,38.4062,38.4547,38.5021,38.5485,38.5939,38.6383,38.6817,38.7241,38.7655,38.8061,38.8456,38.8843,38.9221,38.9591,38.9951,39.0303,39.0648,39.0984,39.1312,39.1633,39.1946,39.2253,39.2552,39.2845,39.3131,39.3411,39.3684,39.3952,39.4214,39.4471,39.4723,39.497,39.5212,39.545,39.5683,39.5913,39.6139,39.6361,39.658,39.6797,39.701,39.7221,39.743,39.7637,39.7843,39.8047,39.8249,39.8451,39.8653,39.8854,39.9054,39.9255,39.9457,39.9659,39.9862,40.0066,40.0272,40.0479,40.0689,40.0901,40.1115,40.1332,40.1552,40.1775,40.2002,40.2233,40.2468,40.2707,40.295,40.3199,40.3453,40.3712,40.3976,40.4247,40.4523,40.4806,40.5096,40.5392,40.5696,40.6007,40.6325,40.6651,40.6986,40.7328,40.7679,40.8039,40.8408,40.8786,40.9174,40.9571,40.9978,41.0395,41.0822,41.126,41.1709,41.2168,41.2639,41.3121,41.3615,41.412,41.4637,41.5166,41.5708,41.6262,41.6829,41.7408,41.8001,41.8606,41.9225,41.9858,42.0504,42.1164,42.1838,42.2525,42.3227,42.3944,42.4674,42.542,42.618,42.6955,42.7744,42.8549,42.9369,43.0204,43.1054,43.1919,43.28,43.3697,43.4609,43.5537,43.648,43.7439,43.8414,43.9404,44.0411,44.1433,44.2471,44.3525,44.4595,44.5681,44.6782,44.79,44.9033,45.0183,45.1348,45.2529,45.3725,45.4938,45.6166
33.3205,33.1468,32.9758,32.8073,32.6416,32.4786,32.3183,32.161,32.0065,31.855,31.7065,31.5612,31.4189,31.2799,31.1441,31.0116,30.8825,30.7568,30.6346,30.5159,30.4008,30.2893,30.1815,30.0774,29.977,29.8805,29.7878,29.699,29.6141,29.5331,29.4562,29.3832,29.3143,29.2494,29.1886,29.1318,29.0792,29.0306,28.9862,28.9459,28.9097,28.8776,28.8496,28.8256,28.8057,28.7899,28.7781,28.7702,28.7663,28.7664,28.7703,28.778,28.7895,28.8048,28.8238,28.8464,28.8726,28.9023,28.9354,28.972,29.0118,29.0549,29.1012,29.1506,29.2031,29.2584,29.3167,29.3777,29.4415,29.5079,29.5768,29.6482,29.722,29.7981,29.8764,29.9568,30.0393,30.1237,30.21,30.2981,30.3879,30.4793,30.5723,30.6668,30.7626,30.8597,30.9581,31.0576,31.1582,31.2598,31.3623,31.4656,31.5697,31.6746,31.78,31.8861,31.9926,32.0996,32.207,32.3146,32.4225,32.5306,32.6389,32.7472,32.8555,32.9638,33.072,33.1801,33.2879,33.3956,33.5029,33.61,33.7166,33.8228,33.9286,34.0339,34.1386,34.2428,34.3464,34.4493,34.5515,34.6531,34.7538,34.8539,34.9531,35.0515,35.149,35.2457,35.3414,35.4362,35.5301,35.623,35.715,35.8059,35.8958,35.9847,36.0725,36.1592,36.2449,36.3295,36.4129,36.4953,36.5765,36.6566,36.7356,36.8134,36.89,36.9655,37.0399,37.113,37.1851,37.2559,37.3256,37.3941,37.4614,37.5276,37.5926,37.6564,37.7191,37.7807,37.841,37.9003,37.9584,38.0154,38.0712,38.126,38.1796,38.2322,38.2837,38.3341,38.3834,38.4317,38.479,38.5252,38.5704,38.6147,38.6579,38.7002,38.7415,38.7819,38.8214,38.86,38.8977,38.9346,38.9706,39.0058,39.0401,39.0737,39.1066,39.1386,39.17,39.2006,39.2306,39.2599,39.2885,39.3166,39.344,39.3709,39.3973,39.4231,39.4484,39.4732,39.4976,39.5215,39.5451,39.5683,39.5911,39.6135,39.6357,39.6576,39.6793,39.7007,39.7219,39.743,39.7639,39.7846,39.8053,39.8259,39.8465,39.867,39.8876,39.9081,39.9288,39.9495,39.9703,39.9913,40.0125,40.0338,40.0553,40.0771,40.0992,40.1215,40.1442,40.1672,40.1906,40.2144,40.2387,40.2633,40.2885,40.3141,40.3403,40.367,40.3943,40.4222,40.4508,40.4799,40.5098,40.5403,40.5716,40.6036,40.6364,40.67,40.7044,40.7396,40.7757,40.8127,40.8505,40.8894,40.9291,40.9699,41.0116,41.0543,41.0981,41.1429,41.1888,41.2358,41.2839,41.3332,41.3836,41.4352,41.488,41.5419,41.5971,41.6536,41.7113,41.7703,41.8306,41.8922,41.9551,42.0193,42.0849,42.1519,42.2203,42.29,42.3612,42.4338,42.5078,42.5833,42.6602,42.7386,42.8184,42.8998,42.9826,43.067,43.1528,43.2402,43.3291,43.4195,43.5115,43.605,43.7001,43.7967,43.8949,43.9946,44.0959,44.1987,44.3032,44.4092,44.5167,44.6259,44.7366,44.8488,44.9627,45.0781,45.1951,45.3136,45.4337,45.5553,45.6785
33.3458,33.173,33.0027,32.8351,32.6701,32.5079,32.3485,32.1919,32.0383,31.8876,31.7399,31.5953,31.4539,31.3157,31.1807,31.0489,30.9206,30.7957,30.6742,30.5562,30.4418,30.331,30.2238,30.1203,30.0206,29.9247,29.8325,29.7442,29.6598,29.5793,29.5028,29.4302,29.3617,29.2971,29.2366,29.1801,29.1277,29.0793,29.035,28.9948,28.9586,28.9265,28.8984,28.8744,28.8544,28.8383,28.8263,28.8182,28.814,28.8137,28.8172,28.8245,28.8356,28.8504,28.8688,28.8908,28.9164,28.9455,28.9779,29.0138,29.0529,29.0953,29.1408,29.1894,29.241,29.2956,29.353,29.4131,29.476,29.5415,29.6095,29.68,29.7529,29.828,29.9054,29.9849,30.0664,30.1499,30.2353,30.3225,30.4113,30.5019,30.5939,30.6874,30.7824,30.8786,30.9761,31.0747,31.1744,31.2751,31.3768,31.4793,31.5825,31.6866,31.7912,31.8964,32.0022,32.1084,32.215,32.3219,32.4291,32.5364,32.6439,32.7516,32.8592,32.9668,33.0743,33.1817,33.289,33.396,33.5027,33.6091,33.7152,33.8208,33.926,34.0307,34.1349,34.2385,34.3416,34.4439,34.5457,34.6467,34.747,34.8465,34.9452,35.0431,35.1402,35.2364,35.3317,35.4261,35.5195,35.612,35.7035,35.794,35.8835,35.972,36.0594,36.1457,36.231,36.3152,36.3983,36.4803,36.5611,36.6409,36.7195,36.797,36.8733,36.9484,37.0225,37.0953,37.167,37.2375,37.3069,37.3751,37.4421,37.508,37.5727,37.6363,37.6987,37.76,37.8201,37.8791,37.937,37.9937,38.0493,38.1038,38.1572,38.2096,38.2608,38.311,38.3602,38.4083,38.4553,38.5014,38.5465,38.5905,38.6336,38.6758,38.717,38.7572,38.7966,38.8351,38.8727,38.9095,38.9454,38.9805,39.0148,39.0483,39.0811,39.1132,39.1445,39.1751,39.2051,39.2344,39.2631,39.2912,39.3187,39.3456,39.372,39.3979,39.4234,39.4483,39.4728,39.4969,39.5206,39.544,39.567,39.5897,39.6121,39.6343,39.6562,39.6779,39.6994,39.7207,39.742,39.7631,39.7841,39.8051,39.826,39.847,39.868,39.889,39.9101,39.9313,39.9527,39.9741,39.9958,40.0177,40.0398,40.0622,40.0849,40.1079,40.1312,40.1549,40.179,40.2034,40.2284,40.2538,40.2797,40.3061,40.333,40.3605,40.3887,40.4174,40.4467,40.4768,40.5075,40.5389,40.5711,40.604,40.6377,40.6722,40.7075,40.7437,40.7807,40.8187,40.8575,40.8973,40.9381,40.9798,41.0226,41.0663,41.1111,41.157,41.2039,41.2519,41.3011,41.3514,41.4028,41.4554,41.5092,41.5642,41.6205,41.6779,41.7367,41.7967,41.858,41.9206,41.9845,42.0498,42.1164,42.1844,42.2537,42.3244,42.3966,42.4701,42.5451,42.6215,42.6993,42.7786,42.8593,42.9416,43.0253,43.1105,43.1972,43.2854,43.3751,43.4663,43.559,43.6533,43.7491,43.8465,43.9453,44.0458,44.1477,44.2512,44.3563,44.4629,44.5711,44.6808,44.792,44.9049,45.0192,45.1351,45.2526,45.3716,45.4921,45.6142,45.7378
33.367,33.1948,33.0252,32.8582,32.6939,32.5324,32.3736,32.2178,32.0648,31.9148,31.7678,31.6239,31.4831,31.3455,31.2112,31.0801,30.9524,30.8281,30.7072,30.5899,30.476,30.3658,30.2592,30.1562,30.057,29.9616,29.8699,29.7821,29.6981,29.618,29.5418,29.4696,29.4013,29.337,29.2767,29.2204,29.1682,29.1199,29.0757,29.0356,28.9994,28.9673,28.9392,28.9151,28.8949,28.8788,28.8665,28.8582,28.8537,28.8531,28.8563,28.8633,28.8739,28.8883,28.9063,28.9278,28.9529,28.9814,29.0133,29.0485,29.087,29.1288,29.1736,29.2215,29.2725,29.3263,29.3829,29.4424,29.5045,29.5692,29.6365,29.7062,29.7783,29.8526,29.9292,30.0079,30.0886,30.1713,30.2559,30.3422,30.4303,30.52,30.6113,30.704,30.7982,30.8936,30.9903,31.0882,31.1871,31.2871,31.388,31.4897,31.5923,31.6956,31.7995,31.9041,32.0091,32.1146,32.2206,32.3268,32.4333,32.5401,32.6469,32.7539,32.8609,32.9679,33.0749,33.1817,33.2884,33.3948,33.501,33.6068,33.7123,33.8175,33.9221,34.0263,34.13,34.2331,34.3357,34.4376,34.5388,34.6394,34.7392,34.8383,34.9365,35.034,35.1306,35.2264,35.3213,35.4153,35.5083,35.6004,35.6915,35.7816,35.8707,35.9588,36.0458,36.1318,36.2167,36.3005,36.3833,36.4649,36.5454,36.6248,36.7031,36.7802,36.8562,36.931,37.0047,37.0772,37.1486,37.2188,37.2879,37.3558,37.4225,37.4881,37.5525,37.6158,37.678,37.739,37.7988,37.8575,37.9151,37.9716,38.027,38.0813,38.1344,38.1865,38.2376,38.2876,38.3365,38.3844,38.4312,38.4771,38.522,38.5659,38.6088,38.6508,38.6918,38.7319,38.7712,38.8095,38.847,38.8836,38.9195,38.9545,38.9887,39.0222,39.0549,39.0869,39.1181,39.1487,39.1787,39.208,39.2367,39.2648,39.2923,39.3193,39.3458,39.3717,39.3972,39.4223,39.4469,39.4711,39.495,39.5185,39.5417,39.5645,39.5872,39.6095,39.6317,39.6536,39.6754,39.697,39.7185,39.74,39.7613,39.7826,39.804,39.8253,39.8467,39.8681,39.8897,39.9113,39.9331,39.9551,39.9773,39.9997,40.0224,40.0453,40.0686,40.0921,40.1161,40.1404,40.1651,40.1903,40.2159,40.242,40.2686,40.2957,40.3234,40.3517,40.3806,40.4101,40.4403,40.4711,40.5027,40.5349,40.568,40.6018,40.6364,40.6718,40.708,40.7451,40.7831,40.822,40.8618,40.9026,40.9443,40.987,41.0307,41.0755,41.1212,41.1681,41.216,41.2651,41.3153,41.3666,41.419,41.4727,41.5275,41.5835,41.6408,41.6993,41.759,41.8201,41.8824,41.946,42.0109,42.0772,42.1448,42.2137,42.2841,42.3558,42.4288,42.5033,42.5792,42.6566,42.7353,42.8155,42.8972,42.9803,43.0649,43.1509,43.2385,43.3275,43.418,43.5101,43.6036,43.6986,43.7952,43.8933,43.9929,44.094,44.1966,44.3008,44.4065,44.5138,44.6226,44.7329,44.8447,44.9581,45.073,45.1894,45.3074,45.4268,45.5478,45.6703,45.7944
33.3838,33.2122,33.0431,32.8767,32.7129,32.552,32.3938,32.2384,32.086,31.9366,31.7901,31.6468,31.5066,31.3695,31.2357,31.1052,30.978,30.8542,30.7338,30.6169,30.5036,30.3938,30.2876,30.1851,30.0863,29.9912,29.9,29.8125,29.7288,29.649,29.5732,29.5012,29.4332,29.3691,29.309,29.2529,29.2007,29.1526,29.1085,29.0684,29.0322,29.0001,28.972,28.9478,28.9275,28.9112,28.8988,28.8903,28.8856,28.8847,28.8876,28.8943,28.9046,28.9186,28.9362,28.9573,28.982,29.01,29.0415,29.0762,29.1142,29.1554,29.1997,29.247,29.2974,29.3506,29.4067,29.4655,29.527,29.5911,29.6577,29.7267,29.7981,29.8718,29.9477,30.0257,30.1058,30.1878,30.2717,30.3574,30.4448,30.5338,30.6244,30.7165,30.81,30.9048,31.0008,31.098,31.1963,31.2956,31.3959,31.497,31.599,31.7017,31.805,31.9089,32.0134,32.1183,32.2237,32.3293,32.4353,32.5415,32.6478,32.7542,32.8607,32.9672,33.0736,33.1799,33.2861,33.392,33.4977,33.6031,33.7081,33.8128,33.917,34.0207,34.124,34.2266,34.3287,34.4302,34.531,34.6311,34.7305,34.8292,34.9271,35.0241,35.1204,35.2157,35.3102,35.4038,35.4964,35.5881,35.6789,35.7686,35.8574,35.9451,36.0317,36.1174,36.2019,36.2854,36.3678,36.4491,36.5293,36.6083,36.6862,36.763,36.8387,36.9132,36.9866,37.0588,37.1299,37.1998,37.2685,37.3361,37.4026,37.4679,37.532,37.595,37.6569,37.7176,37.7772,37.8356,37.8929,37.9492,38.0043,38.0583,38.1112,38.1631,38.2139,38.2636,38.3123,38.36,38.4066,38.4523,38.497,38.5407,38.5834,38.6252,38.6661,38.706,38.7451,38.7833,38.8206,38.8571,38.8928,38.9277,38.9618,38.9952,39.0278,39.0597,39.0909,39.1215,39.1514,39.1807,39.2093,39.2374,39.265,39.292,39.3185,39.3445,39.37,39.3951,39.4198,39.4441,39.4681,39.4917,39.515,39.5381,39.5608,39.5834,39.6057,39.6279,39.6499,39.6718,39.6935,39.7153,39.7369,39.7586,39.7802,39.8019,39.8236,39.8455,39.8674,39.8895,39.9117,39.9342,39.9568,39.9797,40.0029,40.0264,40.0502,40.0743,40.0988,40.1237,40.1491,40.1749,40.2011,40.2279,40.2552,40.283,40.3115,40.3405,40.3701,40.4004,40.4313,40.463,40.4954,40.5285,40.5623,40.597,40.6324,40.6687,40.7058,40.7438,40.7827,40.8226,40.8633,40.905,40.9477,40.9914,41.036,41.0818,41.1285,41.1764,41.2253,41.2754,41.3265,41.3788,41.4323,41.4869,41.5428,41.5998,41.6581,41.7176,41.7784,41.8404,41.9037,41.9683,42.0343,42.1015,42.1701,42.24,42.3113,42.384,42.4581,42.5335,42.6104,42.6886,42.7683,42.8494,42.932,43.016,43.1014,43.1884,43.2767,43.3666,43.458,43.5508,43.6451,43.741,43.8383,43.9371,44.0374,44.1393,44.2426,44.3475,44.4539,44.5618,44.6712,44.7821,44.8945,45.0085,45.124,45.2409,45.3594,45.4794,45.6009,45.7239,45.8483
33.3963,33.2251,33.0565,32.8905,32.7272,32.5666,32.4089,32.254,32.102,31.953,31.807,31.664,31.5242,31.3876,31.2542,31.1241,30.9973,30.8738,30.7539,30.6374,30.5244,30.4149,30.3091,30.207,30.1085,30.0137,29.9227,29.8355,29.7521,29.6726,29.5969,29.5251,29.4573,29.3934,29.3334,29.2774,29.2254,29.1773,29.1333,29.0932,29.057,29.0249,28.9967,28.9724,28.9521,28.9357,28.9232,28.9145,28.9096,28.9085,28.9112,28.9176,28.9277,28.9414,28.9587,28.9795,29.0037,29.0314,29.0625,29.0968,29.1344,29.1752,29.219,29.2659,29.3158,29.3685,29.4241,29.4824,29.5434,29.607,29.6731,29.7416,29.8125,29.8857,29.961,30.0385,30.118,30.1995,30.2828,30.368,30.4548,30.5433,30.6334,30.7249,30.8178,30.9121,31.0076,31.1042,31.202,31.3008,31.4005,31.5012,31.6026,31.7048,31.8076,31.911,32.015,32.1195,32.2243,32.3295,32.435,32.5407,32.6466,32.7525,32.8586,32.9646,33.0706,33.1764,33.2822,33.3877,33.4929,33.5979,33.7025,33.8067,33.9105,34.0139,34.1167,34.219,34.3207,34.4218,34.5222,34.6219,34.721,34.8192,34.9168,35.0134,35.1093,35.2043,35.2985,35.3917,35.484,35.5753,35.6657,35.7551,35.8435,35.9309,36.0172,36.1025,36.1867,36.2698,36.3519,36.4329,36.5127,36.5914,36.6691,36.7455,36.8209,36.8951,36.9681,37.04,37.1108,37.1804,37.2488,37.3161,37.3823,37.4473,37.5111,37.5738,37.6354,37.6958,37.7551,37.8133,37.8704,37.9263,37.9812,38.0349,38.0876,38.1392,38.1897,38.2392,38.2877,38.3351,38.3815,38.427,38.4714,38.5149,38.5574,38.599,38.6397,38.6795,38.7184,38.7564,38.7936,38.8299,38.8655,38.9002,38.9342,38.9674,39.0,39.0318,39.0629,39.0934,39.1232,39.1524,39.181,39.2091,39.2366,39.2636,39.29,39.3161,39.3416,39.3668,39.3915,39.4159,39.44,39.4637,39.4871,39.5102,39.5332,39.5558,39.5784,39.6007,39.6229,39.645,39.667,39.689,39.7109,39.7328,39.7548,39.7768,39.7989,39.821,39.8434,39.8658,39.8885,39.9113,39.9344,39.9578,39.9815,40.0054,40.0297,40.0544,40.0795,40.105,40.1309,40.1573,40.1842,40.2116,40.2395,40.268,40.2971,40.3269,40.3572,40.3882,40.42,40.4524,40.4855,40.5194,40.5541,40.5896,40.6259,40.663,40.701,40.7399,40.7797,40.8204,40.8621,40.9047,40.9483,40.9929,41.0385,41.0852,41.1329,41.1818,41.2317,41.2827,41.3349,41.3882,41.4426,41.4983,41.5551,41.6131,41.6724,41.7329,41.7947,41.8577,41.9221,41.9877,42.0546,42.1228,42.1924,42.2633,42.3356,42.4092,42.4842,42.5606,42.6384,42.7176,42.7982,42.8803,42.9637,43.0486,43.135,43.2228,43.312,43.4027,43.4949,43.5886,43.6837,43.7803,43.8784,43.978,44.0791,44.1817,44.2857,44.3913,44.4984,44.6069,44.717,44.8285,44.9416,45.0561,45.1722,45.2897,45.4088,45.5293,45.6513,45.7747,45.8997
33.4046,33.2337,33.0653,32.8996,32.7366,32.5764,32.4189,32.2643,32.1127,31.9639,31.8182,31.6756,31.5361,31.3997,31.2666,31.1368,31.0103,30.8871,30.7674,30.6512,30.5385,30.4293,30.3237,30.2218,30.1235,30.029,29.9382,29.8511,29.7679,29.6885,29.613,29.5414,29.4737,29.4099,29.35,29.2941,29.2421,29.1941,29.1501,29.11,29.0739,29.0417,29.0135,28.9891,28.9687,28.9522,28.9396,28.9308,28.9258,28.9245,28.927,28.9332,28.9431,28.9566,28.9736,28.9942,29.0182,29.0456,29.0764,29.1104,29.1477,29.1881,29.2317,29.2782,29.3277,29.3801,29.4353,29.4933,29.5539,29.617,29.6827,29.7509,29.8213,29.8941,29.969,30.0461,30.1252,30.2063,30.2892,30.3739,30.4603,30.5484,30.638,30.7291,30.8217,30.9155,31.0106,31.1068,31.2042,31.3026,31.4019,31.5021,31.6031,31.7049,31.8073,31.9104,32.0139,32.118,32.2225,32.3273,32.4324,32.5377,32.6432,32.7488,32.8544,32.9601,33.0657,33.1712,33.2766,33.3817,33.4866,33.5912,33.6955,33.7994,33.9028,34.0058,34.1083,34.2102,34.3116,34.4123,34.5124,34.6118,34.7105,34.8084,34.9056,35.002,35.0975,35.1922,35.286,35.3789,35.4709,35.5619,35.6519,35.741,35.8291,35.9161,36.0022,36.0871,36.171,36.2538,36.3356,36.4162,36.4958,36.5742,36.6515,36.7276,36.8027,36.8766,36.9493,37.0209,37.0914,37.1607,37.2288,37.2958,37.3616,37.4263,37.4899,37.5523,37.6136,37.6737,37.7327,37.7906,37.8474,37.9031,37.9576,38.0111,38.0635,38.1149,38.1651,38.2144,38.2626,38.3098,38.3559,38.4011,38.4453,38.4886,38.5309,38.5723,38.6127,38.6523,38.691,38.7288,38.7658,38.802,38.8374,38.872,38.9058,38.9389,38.9713,39.0029,39.034,39.0643,39.094,39.1232,39.1517,39.1797,39.2071,39.2341,39.2606,39.2866,39.3121,39.3373,39.362,39.3865,39.4105,39.4343,39.4578,39.4811,39.5041,39.5269,39.5495,39.572,39.5944,39.6167,39.6389,39.6611,39.6832,39.7054,39.7276,39.7499,39.7723,39.7948,39.8175,39.8403,39.8633,39.8866,39.9101,39.9339,39.958,39.9824,40.0072,40.0324,40.058,40.084,40.1105,40.1375,40.1649,40.193,40.2215,40.2507,40.2805,40.3109,40.3419,40.3736,40.4061,40.4392,40.4732,40.5078,40.5433,40.5796,40.6167,40.6547,40.6935,40.7332,40.7739,40.8155,40.858,40.9016,40.9461,40.9916,41.0382,41.0858,41.1345,41.1843,41.2351,41.2871,41.3403,41.3945,41.45,41.5066,41.5644,41.6235,41.6837,41.7452,41.808,41.872,41.9373,42.0039,42.0719,42.1411,42.2116,42.2835,42.3568,42.4314,42.5073,42.5847,42.6634,42.7436,42.8251,42.9081,42.9924,43.0782,43.1655,43.2542,43.3443,43.4358,43.5289,43.6234,43.7193,43.8167,43.9156,44.016,44.1178,44.2212,44.326,44.4322,44.54,44.6493,44.76,44.8722,44.9859,45.1011,45.2177,45.3358,45.4554,45.5765,45.699,45.823,45.9485
33.4085,33.2378,33.0696,32.9041,32.7413,32.5812,32.4239,32.2695,32.118,31.9695,31.824,31.6815,31.5422,31.406,31.2731,31.1434,31.017,30.8941,30.7745,30.6584,30.5458,30.4368,30.3314,30.2296,30.1314,30.037,29.9463,29.8594,29.7763,29.697,29.6216,29.55,29.4824,29.4186,29.3588,29.3029,29.251,29.203,29.1589,29.1188,29.0827,29.0505,29.0222,28.9979,28.9774,28.9608,28.9481,28.9392,28.9341,28.9327,28.9351,28.9412,28.9509,28.9643,28.9811,29.0015,29.0253,29.0526,29.0831,29.117,29.1541,29.1943,29.2376,29.2839,29.3332,29.3853,29.4403,29.4979,29.5583,29.6212,29.6866,29.7545,29.8247,29.8972,29.9718,30.0486,30.1274,30.2082,30.2908,30.3752,30.4614,30.5491,30.6385,30.7293,30.8215,30.915,31.0098,31.1058,31.2028,31.3009,31.4,31.4999,31.6006,31.7021,31.8042,31.9069,32.0102,32.114,32.2181,32.3226,32.4274,32.5325,32.6377,32.743,32.8483,32.9537,33.059,33.1642,33.2693,33.3741,33.4788,33.5831,33.687,33.7906,33.8938,33.9965,34.0987,34.2003,34.3014,34.4018,34.5016,34.6007,34.6991,34.7968,34.8937,34.9897,35.085,35.1793,35.2728,35.3654,35.4571,35.5478,35.6376,35.7264,35.8141,35.9009,35.9866,36.0713,36.1549,36.2374,36.3188,36.3992,36.4784,36.5565,36.6335,36.7094,36.7841,36.8577,36.9301,37.0014,37.0716,37.1406,37.2084,37.2751,37.3407,37.405,37.4683,37.5304,37.5914,37.6512,37.7099,37.7675,37.824,37.8794,37.9337,37.9869,38.039,38.0901,38.1401,38.1891,38.237,38.2839,38.3298,38.3748,38.4187,38.4617,38.5038,38.5449,38.5852,38.6245,38.663,38.7006,38.7374,38.7734,38.8085,38.8429,38.8766,38.9095,38.9417,38.9733,39.0041,39.0344,39.064,39.093,39.1214,39.1493,39.1767,39.2035,39.2299,39.2559,39.2814,39.3066,39.3313,39.3558,39.3799,39.4037,39.4272,39.4505,39.4736,39.4965,39.5193,39.5419,39.5644,39.5868,39.6092,39.6316,39.6539,39.6763,39.6988,39.7213,39.744,39.7668,39.7897,39.8129,39.8363,39.8599,39.8838,39.908,39.9325,39.9574,39.9826,40.0083,40.0343,40.0609,40.0879,40.1154,40.1434,40.172,40.2012,40.231,40.2614,40.2924,40.3242,40.3566,40.3897,40.4236,40.4582,40.4937,40.5299,40.567,40.6049,40.6436,40.6833,40.7239,40.7654,40.8079,40.8513,40.8957,40.9411,40.9875,41.035,41.0836,41.1332,41.1839,41.2357,41.2887,41.3427,41.398,41.4544,41.512,41.5708,41.6308,41.6921,41.7546,41.8183,41.8833,41.9496,42.0172,42.0861,42.1563,42.2278,42.3007,42.3749,42.4505,42.5274,42.6057,42.6854,42.7665,42.849,42.9329,43.0181,43.1049,43.193,43.2826,43.3736,43.466,43.5599,43.6552,43.752,43.8502,43.9499,44.0511,44.1537,44.2578,44.3633,44.4704,44.5788,44.6888,44.8002,44.9131,45.0274,45.1432,45.2605,45.3792,45.4994,45.6211,45.7441,45.8687,45.9946
33.4081,33.2375,33.0694,32.9039,32.7412,32.5811,32.4239,32.2696,32.1181,31.9696,31.8242,31.6817,31.5425,31.4064,31.2735,31.1438,31.0175,30.8946,30.7751,30.6591,30.5465,30.4375,30.3321,30.2304,30.1323,30.0379,29.9472,29.8603,29.7772,29.6979,29.6225,29.551,29.4833,29.4196,29.3598,29.3039,29.2519,29.2039,29.1599,29.1197,29.0836,29.0514,29.023,28.9986,28.9781,28.9615,28.9487,28.9398,28.9346,28.9332,28.9355,28.9415,28.9512,28.9644,28.9812,29.0015,29.0252,29.0523,29.0828,29.1165,29.1535,29.1936,29.2368,29.283,29.3321,29.3841,29.439,29.4965,29.5567,29.6195,29.6848,29.7525,29.8225,29.8949,29.9694,30.046,30.1246,30.2052,30.2877,30.372,30.4579,30.5455,30.6347,30.7253,30.8174,30.9107,31.0053,31.1011,31.198,31.2959,31.3947,31.4944,31.595,31.6962,31.7982,31.9007,32.0038,32.1074,32.2113,32.3156,32.4202,32.525,32.63,32.7351,32.8403,32.9454,33.0505,33.1555,33.2603,33.365,33.4694,33.5734,33.6772,33.7805,33.8835,33.9859,34.0879,34.1893,34.2901,34.3903,34.4898,34.5887,34.6868,34.7842,34.8809,34.9767,35.0716,35.1658,35.259,35.3513,35.4427,35.5332,35.6227,35.7112,35.7987,35.8851,35.9706,36.0549,36.1383,36.2205,36.3016,36.3817,36.4606,36.5385,36.6152,36.6907,36.7652,36.8384,36.9106,36.9816,37.0514,37.1201,37.1877,37.2541,37.3193,37.3834,37.4463,37.5081,37.5688,37.6284,37.6868,37.7441,37.8003,37.8553,37.9093,37.9622,38.0141,38.0649,38.1146,38.1633,38.2109,38.2575,38.3032,38.3479,38.3915,38.4343,38.4761,38.517,38.557,38.596,38.6343,38.6717,38.7082,38.744,38.7789,38.8131,38.8466,38.8793,38.9114,38.9427,38.9734,39.0035,39.0329,39.0618,39.0901,39.1179,39.1451,39.1719,39.1982,39.2241,39.2496,39.2747,39.2994,39.3238,39.3479,39.3717,39.3952,39.4186,39.4417,39.4647,39.4875,39.5102,39.5328,39.5554,39.5779,39.6004,39.623,39.6455,39.6682,39.691,39.7139,39.7369,39.7602,39.7836,39.8073,39.8312,39.8555,39.88,39.9049,39.9302,39.9559,39.982,40.0085,40.0355,40.063,40.0911,40.1196,40.1488,40.1785,40.2089,40.2399,40.2716,40.304,40.337,40.3709,40.4054,40.4408,40.4769,40.5139,40.5517,40.5904,40.63,40.6704,40.7118,40.7542,40.7975,40.8417,40.887,40.9333,40.9806,41.029,41.0785,41.129,41.1806,41.2334,41.2873,41.3423,41.3985,41.4559,41.5144,41.5742,41.6352,41.6974,41.7609,41.8256,41.8916,41.9589,42.0275,42.0973,42.1685,42.241,42.3149,42.3901,42.4666,42.5445,42.6238,42.7044,42.7864,42.8698,42.9547,43.0409,43.1285,43.2175,43.308,43.3999,43.4932,43.5879,43.6841,43.7818,43.8808,43.9813,44.0833,44.1867,44.2916,44.3979,44.5057,44.6149,44.7255,44.8377,44.9512,45.0662,45.1827,45.3006,45.42,45.5408,45.663,45.7867,45.9118,46.0383
33.4035,33.2327,33.0646,32.899,32.7362,32.5761,32.4189,32.2644,32.1129,31.9644,31.8188,31.6763,31.537,31.4008,31.2678,31.1382,31.0118,30.8888,30.7692,30.6531,30.5405,30.4314,30.326,30.2241,30.126,30.0315,29.9408,29.8538,29.7707,29.6914,29.6159,29.5443,29.4766,29.4128,29.3529,29.297,29.245,29.197,29.1529,29.1127,29.0765,29.0442,29.0159,28.9915,28.9709,28.9543,28.9415,28.9325,28.9273,28.9259,28.9282,28.9342,28.9438,28.957,28.9738,28.9941,29.0178,29.0449,29.0754,29.1091,29.146,29.1861,29.2293,29.2755,29.3246,29.3766,29.4314,29.4889,29.5491,29.6119,29.6772,29.7448,29.8149,29.8872,29.9617,30.0382,30.1169,30.1974,30.2799,30.3641,30.45,30.5376,30.6267,30.7173,30.8092,30.9025,30.9971,31.0928,31.1896,31.2874,31.3862,31.4858,31.5863,31.6875,31.7893,31.8918,31.9947,32.0982,32.202,32.3062,32.4107,32.5154,32.6203,32.7252,32.8302,32.9353,33.0402,33.145,33.2497,33.3542,33.4584,33.5623,33.6659,33.7691,33.8718,33.9741,34.0759,34.1771,34.2777,34.3777,34.4771,34.5757,34.6737,34.7708,34.8672,34.9628,35.0576,35.1515,35.2445,35.3366,35.4277,35.5179,35.6072,35.6954,35.7826,35.8688,35.954,36.0381,36.1212,36.2031,36.284,36.3638,36.4424,36.52,36.5964,36.6717,36.7458,36.8188,36.8907,36.9614,37.0309,37.0993,37.1666,37.2326,37.2976,37.3614,37.424,37.4855,37.5459,37.6051,37.6632,37.7202,37.7761,37.8309,37.8846,37.9372,37.9887,38.0392,38.0886,38.137,38.1843,38.2307,38.276,38.3204,38.3638,38.4063,38.4478,38.4884,38.5281,38.5669,38.6049,38.642,38.6784,38.7139,38.7486,38.7826,38.8158,38.8483,38.8801,38.9113,38.9418,38.9717,39.0009,39.0296,39.0578,39.0854,39.1125,39.1392,39.1654,39.1912,39.2165,39.2415,39.2662,39.2905,39.3146,39.3384,39.3619,39.3852,39.4084,39.4314,39.4542,39.477,39.4997,39.5224,39.545,39.5676,39.5903,39.613,39.6359,39.6588,39.6819,39.7052,39.7287,39.7524,39.7764,39.8006,39.8252,39.8501,39.8753,39.901,39.927,39.9535,39.9805,40.008,40.036,40.0645,40.0936,40.1232,40.1535,40.1845,40.216,40.2483,40.2813,40.315,40.3495,40.3847,40.4208,40.4576,40.4953,40.5339,40.5733,40.6136,40.6549,40.697,40.7402,40.7843,40.8294,40.8755,40.9227,40.9709,41.0202,41.0705,41.1219,41.1745,41.2282,41.283,41.3389,41.3961,41.4544,41.5139,41.5747,41.6366,41.6998,41.7643,41.83,41.8969,41.9652,42.0347,42.1056,42.1777,42.2512,42.326,42.4022,42.4797,42.5586,42.6388,42.7204,42.8034,42.8877,42.9735,43.0606,43.1492,43.2391,43.3305,43.4233,43.5175,43.6131,43.7101,43.8086,43.9085,44.0099,44.1127,44.2169,44.3225,44.4296,44.5381,44.6481,44.7595,44.8724,44.9866,45.1024,45.2195,45.3381,45.4581,45.5795,45.7024,45.8266,45.9523,46.0794
33.3945,33.2236,33.0552,32.8895,32.7265,32.5662,32.4087,32.2541,32.1024,31.9537,31.8079,31.6653,31.5257,31.3894,31.2562,31.1263,30.9998,30.8766,30.7569,30.6406,30.5278,30.4186,30.3129,30.2109,30.1126,30.018,29.9271,29.84,29.7567,29.6773,29.6017,29.53,29.4622,29.3983,29.3383,29.2823,29.2302,29.1821,29.1379,29.0977,29.0615,29.0292,29.0008,28.9764,28.9558,28.9392,28.9263,28.9174,28.9122,28.9108,28.9131,28.9192,28.9288,28.9421,28.9589,28.9793,29.0031,29.0303,29.0608,29.0946,29.1317,29.1718,29.2151,29.2614,29.3106,29.3627,29.4176,29.4753,29.5356,29.5984,29.6638,29.7316,29.8017,29.8741,29.9487,30.0254,30.1041,30.1848,30.2673,30.3516,30.4376,30.5253,30.6144,30.7051,30.7971,30.8905,30.9851,31.0809,31.1777,31.2756,31.3744,31.4741,31.5745,31.6757,31.7776,31.88,31.983,32.0864,32.1903,32.2945,32.3989,32.5036,32.6084,32.7133,32.8182,32.9232,33.0281,33.1328,33.2375,33.3418,33.446,33.5498,33.6532,33.7563,33.8589,33.9611,34.0627,34.1638,34.2643,34.3641,34.4633,34.5618,34.6596,34.7566,34.8528,34.9482,35.0427,35.1364,35.2292,35.3211,35.4121,35.502,35.5911,35.6791,35.7661,35.852,35.937,36.0208,36.1036,36.1853,36.266,36.3455,36.4239,36.5011,36.5773,36.6523,36.7261,36.7988,36.8704,36.9408,37.01,37.0781,37.1451,37.2109,37.2755,37.339,37.4013,37.4625,37.5226,37.5815,37.6393,37.696,37.7515,37.806,37.8594,37.9117,37.9629,38.013,38.0621,38.1102,38.1572,38.2033,38.2483,38.2924,38.3355,38.3777,38.4189,38.4592,38.4986,38.5372,38.5749,38.6117,38.6478,38.683,38.7175,38.7512,38.7842,38.8164,38.848,38.8789,38.9092,38.9389,38.968,38.9965,39.0244,39.0519,39.0788,39.1053,39.1314,39.157,39.1823,39.2072,39.2317,39.256,39.28,39.3037,39.3272,39.3505,39.3736,39.3966,39.4195,39.4423,39.465,39.4877,39.5104,39.5331,39.5559,39.5788,39.6018,39.6249,39.6482,39.6716,39.6953,39.7193,39.7435,39.768,39.7928,39.8181,39.8436,39.8696,39.8961,39.9229,39.9503,39.9782,40.0066,40.0356,40.0651,40.0953,40.1261,40.1576,40.1897,40.2226,40.2562,40.2905,40.3256,40.3615,40.3982,40.4357,40.4741,40.5133,40.5535,40.5946,40.6366,40.6795,40.7235,40.7684,40.8143,40.8613,40.9093,40.9583,41.0084,41.0597,41.112,41.1654,41.22,41.2757,41.3326,41.3907,41.45,41.5105,41.5721,41.6351,41.6992,41.7646,41.8313,41.8992,41.9685,42.039,42.1108,42.184,42.2584,42.3342,42.4113,42.4898,42.5696,42.6508,42.7334,42.8173,42.9026,42.9893,43.0774,43.1669,43.2577,43.35,43.4437,43.5388,43.6353,43.7332,43.8326,43.9334,44.0356,44.1392,44.2442,44.3507,44.4586,44.5679,44.6786,44.7908,44.9044,45.0194,45.1358,45.2536,45.3729,45.4936,45.6156,45.7391,45.864,45.9903,46.118
33.3812,33.21,33.0413,32.8753,32.712,32.5514,32.3936,32.2387,32.0867,31.9376,31.7915,31.6486,31.5087,31.372,31.2386,31.1084,30.9815,30.8581,30.738,30.6214,30.5084,30.3989,30.293,30.1907,30.0921,29.9973,29.9062,29.8188,29.7353,29.6557,29.5799,29.508,29.44,29.376,29.3159,29.2597,29.2075,29.1593,29.1151,29.0748,29.0385,29.0062,28.9778,28.9533,28.9328,28.9161,28.9033,28.8944,28.8893,28.888,28.8904,28.8965,28.9063,28.9197,28.9367,28.9572,28.9811,29.0085,29.0392,29.0732,29.1104,29.1508,29.1942,29.2407,29.2902,29.3425,29.3976,29.4555,29.516,29.5791,29.6447,29.7127,29.7831,29.8557,29.9306,30.0075,30.0864,30.1673,30.25,30.3345,30.4208,30.5086,30.598,30.6888,30.7811,30.8746,30.9694,31.0653,31.1623,31.2603,31.3593,31.4591,31.5597,31.661,31.763,31.8655,31.9686,32.0721,32.1761,32.2803,32.3848,32.4895,32.5944,32.6993,32.8043,32.9093,33.0142,33.1189,33.2235,33.3279,33.432,33.5358,33.6392,33.7422,33.8447,33.9468,34.0484,34.1494,34.2497,34.3495,34.4486,34.5469,34.6446,34.7414,34.8375,34.9328,35.0272,35.1207,35.2133,35.305,35.3958,35.4856,35.5744,35.6622,35.749,35.8347,35.9194,36.0031,36.0856,36.1671,36.2475,36.3267,36.4048,36.4819,36.5577,36.6324,36.706,36.7785,36.8497,36.9198,36.9888,37.0566,37.1232,37.1887,37.2531,37.3162,37.3783,37.4391,37.4989,37.5575,37.615,37.6713,37.7265,37.7807,37.8337,37.8857,37.9366,37.9864,38.0352,38.0829,38.1297,38.1754,38.2201,38.2638,38.3066,38.3485,38.3894,38.4294,38.4685,38.5067,38.5441,38.5807,38.6164,38.6514,38.6855,38.719,38.7517,38.7837,38.815,38.8457,38.8757,38.9052,38.934,38.9623,38.99,39.0173,39.0441,39.0704,39.0962,39.1217,39.1468,39.1716,39.196,39.2201,39.244,39.2676,39.2911,39.3143,39.3374,39.3603,39.3832,39.406,39.4287,39.4514,39.4742,39.497,39.5198,39.5428,39.5659,39.5891,39.6125,39.6362,39.6601,39.6842,39.7086,39.7334,39.7585,39.784,39.8098,39.8361,39.8629,39.8901,39.9179,39.9462,39.975,40.0044,40.0344,40.065,40.0963,40.1283,40.161,40.1944,40.2285,40.2634,40.2991,40.3356,40.373,40.4111,40.4502,40.4902,40.531,40.5728,40.6156,40.6593,40.704,40.7497,40.7964,40.8442,40.893,40.9429,40.9939,41.046,41.0992,41.1535,41.209,41.2656,41.3234,41.3824,41.4426,41.504,41.5667,41.6305,41.6956,41.762,41.8296,41.8986,41.9688,42.0402,42.113,42.1872,42.2626,42.3394,42.4175,42.4969,42.5777,42.6599,42.7434,42.8283,42.9145,43.0022,43.0912,43.1816,43.2734,43.3666,43.4612,43.5573,43.6547,43.7535,43.8537,43.9553,44.0584,44.1629,44.2687,44.376,44.4847,44.5948,44.7064,44.8193,44.9336,45.0494,45.1666,45.2851,45.4051,45.5264,45.6492,45.7733,45.8989,46.0258,46.1541
33.3637,33.192,33.0229,32.8565,32.6927,32.5317,32.3735,32.2181,32.0656,31.9161,31.7696,31.6262,31.4859,31.3488,31.2149,31.0843,30.957,30.8331,30.7127,30.5957,30.4823,30.3724,30.2661,30.1635,30.0646,29.9694,29.8779,29.7903,29.7065,29.6266,29.5505,29.4784,29.4102,29.3459,29.2856,29.2293,29.177,29.1287,29.0843,29.0439,29.0076,28.9752,28.9468,28.9223,28.9018,28.8852,28.8724,28.8636,28.8586,28.8574,28.8599,28.8662,28.8762,28.8898,28.9069,28.9277,28.9518,28.9795,29.0104,29.0447,29.0822,29.1229,29.1667,29.2135,29.2633,29.3159,29.3714,29.4296,29.4905,29.554,29.6199,29.6883,29.759,29.832,29.9072,29.9844,30.0637,30.145,30.228,30.3129,30.3995,30.4876,30.5773,30.6685,30.7611,30.8549,30.95,31.0462,31.1435,31.2417,31.3409,31.441,31.5418,31.6434,31.7456,31.8483,31.9516,32.0553,32.1594,32.2638,32.3684,32.4733,32.5783,32.6833,32.7884,32.8935,32.9984,33.1033,33.2079,33.3123,33.4165,33.5203,33.6237,33.7267,33.8293,33.9313,34.0329,34.1338,34.2341,34.3338,34.4328,34.5311,34.6287,34.7254,34.8214,34.9165,35.0108,35.1042,35.1967,35.2883,35.3789,35.4685,35.5571,35.6447,35.7313,35.8169,35.9014,35.9848,36.0672,36.1484,36.2285,36.3075,36.3854,36.4622,36.5378,36.6123,36.6856,36.7577,36.8287,36.8985,36.9672,37.0347,37.1011,37.1662,37.2303,37.2931,37.3548,37.4154,37.4748,37.5331,37.5902,37.6462,37.7012,37.755,37.8077,37.8593,37.9098,37.9593,38.0078,38.0552,38.1016,38.1469,38.1913,38.2347,38.2772,38.3187,38.3592,38.3989,38.4377,38.4756,38.5127,38.5489,38.5843,38.619,38.6528,38.686,38.7184,38.7501,38.7811,38.8115,38.8413,38.8705,38.8991,38.9271,38.9546,38.9816,39.0082,39.0342,39.0599,39.0852,39.1101,39.1347,39.159,39.183,39.2067,39.2302,39.2535,39.2767,39.2997,39.3225,39.3453,39.3681,39.3908,39.4135,39.4363,39.4591,39.482,39.505,39.5282,39.5515,39.5751,39.5988,39.6228,39.6472,39.6718,39.6967,39.7221,39.7478,39.7739,39.8005,39.8276,39.8551,39.8832,39.9118,39.9411,39.9709,40.0013,40.0324,40.0641,40.0966,40.1298,40.1637,40.1984,40.2338,40.2701,40.3072,40.3451,40.384,40.4237,40.4643,40.5058,40.5484,40.5918,40.6363,40.6817,40.7282,40.7757,40.8243,40.8739,40.9246,40.9764,41.0294,41.0834,41.1386,41.195,41.2525,41.3113,41.3712,41.4323,41.4946,41.5582,41.623,41.6891,41.7564,41.825,41.8949,41.9661,42.0385,42.1123,42.1874,42.2638,42.3415,42.4206,42.501,42.5828,42.6659,42.7504,42.8363,42.9235,43.0121,43.1021,43.1935,43.2862,43.3804,43.4759,43.5728,43.6711,43.7708,43.872,43.9745,44.0784,44.1837,44.2905,44.3986,44.5081,44.6191,44.7314,44.8451,44.9602,45.0768,45.1947,45.314,45.4347,45.5567,45.6802,45.805,45.9312,46.0588,46.1877
33.3418,33.1696,33.0,32.833,32.6687,32.5071,32.3483,32.1923,32.0393,31.8892,31.7422,31.5982,31.4574,31.3197,31.1853,31.0541,30.9263,30.8019,30.6809,30.5634,30.4495,30.3391,30.2323,30.1293,30.0299,29.9343,29.8424,29.7544,29.6703,29.59,29.5136,29.4412,29.3727,29.3081,29.2476,29.1911,29.1386,29.0901,29.0456,29.0051,28.9687,28.9362,28.9078,28.8833,28.8628,28.8463,28.8337,28.8249,28.8201,28.819,28.8218,28.8283,28.8385,28.8523,28.8698,28.8908,28.9153,28.9433,28.9746,29.0093,29.0472,29.0883,29.1325,29.1797,29.2299,29.283,29.339,29.3977,29.459,29.5229,29.5894,29.6582,29.7295,29.8029,29.8786,29.9563,30.0361,30.1178,30.2014,30.2867,30.3737,30.4624,30.5525,30.6441,30.7371,30.8314,30.9268,31.0234,31.1211,31.2198,31.3193,31.4198,31.5209,31.6228,31.7253,31.8284,31.9319,32.0359,32.1403,32.2449,32.3498,32.4549,32.5601,32.6653,32.7706,32.8758,32.9809,33.0859,33.1907,33.2952,33.3995,33.5034,33.6069,33.7099,33.8125,33.9146,34.0162,34.1171,34.2175,34.3172,34.4161,34.5144,34.6119,34.7086,34.8045,34.8996,34.9937,35.087,35.1794,35.2708,35.3613,35.4508,35.5393,35.6268,35.7132,35.7986,35.8829,35.9661,36.0482,36.1293,36.2092,36.288,36.3656,36.4421,36.5175,36.5917,36.6647,36.7366,36.8073,36.8769,36.9453,37.0125,37.0785,37.1434,37.2071,37.2696,37.331,37.3913,37.4503,37.5083,37.5651,37.6208,37.6753,37.7288,37.7812,37.8324,37.8826,37.9318,37.9799,38.0269,38.0729,38.118,38.162,38.205,38.2471,38.2883,38.3285,38.3678,38.4062,38.4438,38.4805,38.5164,38.5515,38.5858,38.6194,38.6522,38.6842,38.7156,38.7464,38.7765,38.8059,38.8348,38.8631,38.8908,38.9181,38.9448,38.9711,38.997,39.0224,39.0475,39.0722,39.0966,39.1206,39.1445,39.168,39.1914,39.2145,39.2376,39.2604,39.2832,39.3059,39.3286,39.3513,39.374,39.3967,39.4195,39.4424,39.4655,39.4887,39.5121,39.5357,39.5596,39.5837,39.6081,39.6329,39.658,39.6836,39.7095,39.7359,39.7627,39.79,39.8179,39.8463,39.8753,39.9048,39.935,39.9658,39.9973,40.0295,40.0624,40.0961,40.1305,40.1657,40.2017,40.2385,40.2762,40.3147,40.3541,40.3945,40.4358,40.478,40.5212,40.5653,40.6105,40.6567,40.7039,40.7522,40.8015,40.852,40.9035,40.9561,41.0099,41.0648,41.1209,41.1781,41.2366,41.2962,41.357,41.419,41.4823,41.5468,41.6125,41.6796,41.7478,41.8174,41.8882,41.9604,42.0338,42.1086,42.1846,42.262,42.3407,42.4208,42.5022,42.585,42.6691,42.7545,42.8414,42.9296,43.0191,43.1101,43.2024,43.2961,43.3912,43.4876,43.5855,43.6847,43.7854,43.8874,43.9908,44.0956,44.2018,44.3094,44.4184,44.5288,44.6405,44.7537,44.8682,44.9842,45.1015,45.2202,45.3402,45.4617,45.5845,45.7086,45.8342,45.9611,46.0893,46.2189
33.3158,33.1429,32.9726,32.8049,32.6399,32.4776,32.3181,32.1615,32.0078,31.857,31.7093,31.5646,31.4231,31.2847,31.1496,31.0178,30.8893,30.7643,30.6427,30.5245,30.41,30.299,30.1917,30.0881,29.9881,29.892,29.7997,29.7112,29.6266,29.5458,29.4691,29.3963,29.3274,29.2626,29.2018,29.145,29.0922,29.0436,28.9989,28.9583,28.9218,28.8893,28.8608,28.8364,28.816,28.7995,28.787,28.7784,28.7737,28.7729,28.7759,28.7826,28.7931,28.8073,28.8252,28.8466,28.8715,28.8999,28.9317,28.9668,29.0052,29.0468,29.0915,29.1393,29.1901,29.2438,29.3003,29.3596,29.4215,29.4861,29.5531,29.6226,29.6944,29.7685,29.8448,29.9232,30.0035,30.0859,30.17,30.2559,30.3436,30.4328,30.5235,30.6157,30.7092,30.804,30.9,30.9971,31.0953,31.1945,31.2945,31.3954,31.497,31.5993,31.7022,31.8057,31.9096,32.014,32.1187,32.2237,32.3289,32.4343,32.5398,32.6453,32.7509,32.8563,32.9617,33.0669,33.1718,33.2766,33.381,33.485,33.5886,33.6918,33.7946,33.8967,33.9984,34.0994,34.1998,34.2995,34.3985,34.4968,34.5942,34.6909,34.7868,34.8818,34.9759,35.0692,35.1615,35.2528,35.3432,35.4325,35.5209,35.6082,35.6945,35.7797,35.8639,35.9469,36.0289,36.1097,36.1894,36.268,36.3454,36.4217,36.4968,36.5707,36.6435,36.7151,36.7856,36.8548,36.9229,36.9898,37.0556,37.1202,37.1835,37.2458,37.3068,37.3667,37.4255,37.4831,37.5396,37.5949,37.6491,37.7022,37.7542,37.8051,37.855,37.9038,37.9515,37.9981,38.0438,38.0884,38.1321,38.1748,38.2165,38.2573,38.2971,38.3361,38.3741,38.4113,38.4477,38.4832,38.5179,38.5519,38.585,38.6175,38.6492,38.6803,38.7107,38.7404,38.7696,38.7981,38.8261,38.8536,38.8805,38.907,38.933,38.9586,38.9837,39.0085,39.033,39.0571,39.081,39.1046,39.128,39.1511,39.1741,39.197,39.2197,39.2424,39.265,39.2875,39.3101,39.3327,39.3554,39.3782,39.4011,39.4241,39.4473,39.4708,39.4944,39.5183,39.5426,39.5671,39.592,39.6173,39.643,39.6691,39.6957,39.7227,39.7503,39.7784,39.8071,39.8364,39.8662,39.8968,39.928,39.9598,39.9924,40.0258,40.0599,40.0948,40.1304,40.1669,40.2043,40.2425,40.2816,40.3217,40.3626,40.4045,40.4474,40.4912,40.5361,40.5819,40.6289,40.6768,40.7258,40.776,40.8272,40.8795,40.933,40.9876,41.0433,41.1002,41.1583,41.2176,41.2781,41.3399,41.4028,41.467,41.5324,41.5991,41.6671,41.7363,41.8068,41.8786,41.9517,42.0261,42.1018,42.1789,42.2573,42.337,42.418,42.5004,42.5841,42.6692,42.7557,42.8435,42.9326,43.0232,43.1151,43.2084,43.303,43.3991,43.4965,43.5953,43.6955,43.7971,43.9,44.0043,44.11,44.2171,44.3256,44.4355,44.5467,44.6593,44.7733,44.8887,45.0055,45.1236,45.243,45.3639,45.4861,45.6097,45.7346,45.8608,45.9885,46.1174,46.2477
33.2854,33.1118,32.9406,32.7722,32.6063,32.4433,32.283,32.1255,31.971,31.8194,31.6709,31.5254,31.383,31.2439,31.108,30.9754,30.8461,30.7203,30.598,30.4791,30.3638,30.2522,30.1441,30.0398,29.9393,29.8425,29.7496,29.6606,29.5754,29.4942,29.4169,29.3437,29.2744,29.2092,29.1481,29.091,29.038,28.9891,28.9443,28.9036,28.8669,28.8344,28.8059,28.7815,28.7611,28.7447,28.7324,28.724,28.7195,28.7189,28.7222,28.7293,28.7402,28.7548,28.7731,28.7949,28.8204,28.8493,28.8816,28.9173,28.9563,28.9986,29.0439,29.0924,29.1439,29.1982,29.2555,29.3154,29.3781,29.4434,29.5112,29.5814,29.654,29.7288,29.8058,29.8849,29.9661,30.0491,30.134,30.2207,30.309,30.3989,30.4903,30.5832,30.6774,30.7728,30.8695,30.9673,31.0661,31.1658,31.2665,31.3679,31.4701,31.5729,31.6764,31.7803,31.8848,31.9896,32.0948,32.2002,32.3058,32.4116,32.5175,32.6233,32.7292,32.835,32.9407,33.0461,33.1514,33.2563,33.361,33.4652,33.5691,33.6725,33.7753,33.8777,33.9794,34.0806,34.181,34.2808,34.3799,34.4782,34.5757,34.6724,34.7683,34.8633,34.9574,35.0506,35.1428,35.2341,35.3244,35.4137,35.5019,35.5892,35.6753,35.7604,35.8444,35.9273,36.009,36.0897,36.1692,36.2476,36.3248,36.4008,36.4757,36.5494,36.6219,36.6933,36.7635,36.8325,36.9003,36.9669,37.0323,37.0966,37.1597,37.2216,37.2823,37.3419,37.4003,37.4575,37.5137,37.5686,37.6225,37.6752,37.7269,37.7774,37.8269,37.8752,37.9226,37.9689,38.0141,38.0584,38.1017,38.1439,38.1853,38.2256,38.2651,38.3037,38.3413,38.3781,38.4141,38.4492,38.4836,38.5171,38.5499,38.582,38.6134,38.6441,38.6741,38.7035,38.7323,38.7605,38.7881,38.8152,38.8418,38.868,38.8937,38.9189,38.9438,38.9683,38.9925,39.0164,39.04,39.0634,39.0865,39.1095,39.1322,39.1549,39.1775,39.2,39.2224,39.2448,39.2673,39.2898,39.3124,39.3351,39.3579,39.3809,39.4041,39.4275,39.4512,39.4752,39.4995,39.5241,39.5491,39.5744,39.6003,39.6265,39.6533,39.6805,39.7083,39.7366,39.7656,39.7951,39.8253,39.8562,39.8877,39.9199,39.9529,39.9866,40.0212,40.0565,40.0926,40.1296,40.1675,40.2062,40.2459,40.2865,40.328,40.3705,40.414,40.4585,40.5041,40.5506,40.5982,40.6469,40.6967,40.7475,40.7995,40.8526,40.9069,40.9623,41.0189,41.0766,41.1356,41.1958,41.2571,41.3198,41.3836,41.4487,41.5151,41.5827,41.6516,41.7217,41.7932,41.866,41.9401,42.0154,42.0921,42.1702,42.2495,42.3302,42.4122,42.4956,42.5804,42.6664,42.7539,42.8427,42.9328,43.0243,43.1172,43.2115,43.3071,43.4041,43.5025,43.6023,43.7034,43.8059,43.9098,44.0151,44.1217,44.2297,44.3391,44.4498,44.562,44.6755,44.7903,44.9065,45.0241,45.1431,45.2633,45.385,45.508,45.6323,45.758,45.885,46.0134,46.143,46.274
33.2509,33.0763,32.9043,32.7349,32.5681,32.4041,32.2429,32.0845,31.929,31.7765,31.627,31.4806,31.3373,31.1972,31.0604,30.9269,30.7967,30.67,30.5468,30.4271,30.311,30.1985,30.0897,29.9846,29.8833,29.7859,29.6923,29.6026,29.5168,29.435,29.3572,29.2834,29.2137,29.1481,29.0866,29.0292,28.9759,28.9267,28.8817,28.8408,28.8041,28.7714,28.7429,28.7186,28.6983,28.682,28.6698,28.6617,28.6575,28.6572,28.6608,28.6683,28.6797,28.6947,28.7135,28.7359,28.7619,28.7915,28.8245,28.8609,28.9006,28.9435,28.9897,29.0389,29.0911,29.1463,29.2044,29.2652,29.3287,29.3949,29.4635,29.5346,29.6081,29.6838,29.7617,29.8417,29.9237,30.0076,30.0933,30.1808,30.27,30.3608,30.453,30.5467,30.6417,30.7379,30.8354,30.9339,31.0334,31.1339,31.2352,31.3373,31.4402,31.5437,31.6477,31.7523,31.8573,31.9627,32.0684,32.1744,32.2805,32.3868,32.4931,32.5994,32.7057,32.8119,32.9179,33.0238,33.1293,33.2346,33.3395,33.4441,33.5482,33.6518,33.7549,33.8574,33.9594,34.0606,34.1613,34.2612,34.3604,34.4588,34.5564,34.6531,34.7491,34.8441,34.9382,35.0314,35.1236,35.2148,35.3051,35.3943,35.4825,35.5696,35.6556,35.7406,35.8244,35.9072,35.9888,36.0692,36.1486,36.2267,36.3037,36.3796,36.4542,36.5277,36.6,36.6711,36.741,36.8097,36.8772,36.9436,37.0087,37.0726,37.1354,37.197,37.2574,37.3166,37.3747,37.4316,37.4873,37.5419,37.5954,37.6478,37.699,37.7492,37.7983,37.8463,37.8932,37.9391,37.984,38.0278,38.0707,38.1125,38.1534,38.1934,38.2325,38.2706,38.3078,38.3442,38.3798,38.4145,38.4484,38.4816,38.514,38.5457,38.5766,38.6069,38.6365,38.6655,38.694,38.7218,38.7491,38.7758,38.8021,38.8279,38.8532,38.8781,38.9027,38.9269,38.9508,38.9744,38.9977,39.0208,39.0436,39.0663,39.0889,39.1113,39.1337,39.156,39.1782,39.2005,39.2228,39.2452,39.2676,39.2902,39.313,39.3359,39.359,39.3824,39.4061,39.43,39.4543,39.479,39.504,39.5295,39.5554,39.5818,39.6087,39.6361,39.664,39.6926,39.7218,39.7516,39.782,39.8131,39.845,39.8776,39.9109,39.945,39.9799,40.0157,40.0523,40.0897,40.1281,40.1673,40.2075,40.2486,40.2908,40.3338,40.378,40.4231,40.4692,40.5165,40.5648,40.6141,40.6646,40.7162,40.769,40.8229,40.8779,40.9341,40.9915,41.0501,41.1099,41.171,41.2332,41.2967,41.3615,41.4275,41.4947,41.5633,41.6331,41.7042,41.7767,41.8504,41.9254,42.0018,42.0795,42.1585,42.2388,42.3205,42.4035,42.4879,42.5736,42.6607,42.7491,42.8389,42.9301,43.0226,43.1165,43.2117,43.3083,43.4063,43.5057,43.6064,43.7085,43.812,43.9168,44.023,44.1306,44.2395,44.3498,44.4615,44.5745,44.6889,44.8046,44.9217,45.0402,45.1599,45.2811,45.4035,45.5273,45.6525,45.7789,45.9067,46.0358,46.1663,46.298
33.2122,33.0365,32.8635,32.693,32.5252,32.3601,32.1978,32.0383,31.8818,31.7282,31.5776,31.4302,31.2858,31.1447,31.0068,30.8723,30.7411,30.6134,30.4892,30.3685,30.2515,30.1381,30.0284,29.9224,29.8203,29.722,29.6276,29.5372,29.4507,29.3683,29.2898,29.2155,29.1453,29.0792,29.0172,28.9594,28.9058,28.8563,28.8111,28.77,28.7331,28.7005,28.6719,28.6476,28.6274,28.6113,28.5993,28.5914,28.5875,28.5876,28.5917,28.5996,28.6114,28.6271,28.6464,28.6695,28.6962,28.7264,28.7602,28.7973,28.8379,28.8817,28.9287,28.9788,29.032,29.0881,29.1471,29.2089,29.2734,29.3405,29.4102,29.4823,29.5567,29.6335,29.7124,29.7934,29.8764,29.9613,30.048,30.1365,30.2267,30.3184,30.4116,30.5062,30.6021,30.6993,30.7976,30.897,30.9974,31.0987,31.2008,31.3037,31.4073,31.5116,31.6164,31.7217,31.8273,31.9334,32.0397,32.1463,32.253,32.3598,32.4667,32.5735,32.6803,32.787,32.8935,32.9997,33.1057,33.2114,33.3167,33.4215,33.526,33.6299,33.7332,33.836,33.9382,34.0397,34.1405,34.2406,34.3399,34.4385,34.5362,34.633,34.729,34.8241,34.9183,35.0115,35.1037,35.1949,35.2851,35.3743,35.4624,35.5495,35.6354,35.7203,35.804,35.8866,35.9681,36.0484,36.1276,36.2055,36.2824,36.358,36.4324,36.5057,36.5777,36.6485,36.7182,36.7866,36.8539,36.9199,36.9847,37.0483,37.1108,37.172,37.2321,37.291,37.3487,37.4052,37.4606,37.5149,37.568,37.6199,37.6708,37.7206,37.7692,37.8168,37.8633,37.9088,37.9532,37.9967,38.0391,38.0805,38.121,38.1606,38.1992,38.2369,38.2737,38.3096,38.3447,38.379,38.4125,38.4452,38.4772,38.5085,38.539,38.5689,38.5981,38.6267,38.6547,38.6821,38.709,38.7353,38.7612,38.7866,38.8116,38.8361,38.8603,38.8842,38.9077,38.931,38.954,38.9768,38.9993,39.0218,39.044,39.0662,39.0883,39.1104,39.1324,39.1545,39.1766,39.1988,39.2211,39.2435,39.2662,39.289,39.312,39.3354,39.359,39.3829,39.4072,39.4318,39.4569,39.4824,39.5084,39.5349,39.5619,39.5894,39.6175,39.6462,39.6756,39.7056,39.7363,39.7677,39.7998,39.8327,39.8664,39.9008,39.9361,39.9723,40.0093,40.0472,40.086,40.1257,40.1664,40.2081,40.2507,40.2944,40.3391,40.3848,40.4316,40.4795,40.5285,40.5785,40.6297,40.6821,40.7355,40.7902,40.846,40.903,40.9612,41.0207,41.0813,41.1432,41.2063,41.2707,41.3363,41.4032,41.4714,41.5409,41.6117,41.6837,41.7571,41.8318,41.9078,41.9852,42.0638,42.1438,42.2252,42.3078,42.3919,42.4772,42.564,42.652,42.7415,42.8323,42.9244,43.018,43.1128,43.2091,43.3067,43.4057,43.506,43.6077,43.7108,43.8152,43.9211,44.0282,44.1367,44.2466,44.3579,44.4704,44.5844,44.6997,44.8163,44.9343,45.0536,45.1743,45.2962,45.4196,45.5442,45.6702,45.7974,45.926,46.0559,46.1871,46.3196
33.1693,32.9925,32.8182,32.6466,32.4776,32.3113,32.1478,31.9872,31.8294,31.6746,31.5229,31.3742,31.2287,31.0864,30.9473,30.8116,30.6793,30.5505,30.4251,30.3034,30.1853,30.0708,29.9601,29.8532,29.7501,29.6509,29.5557,29.4644,29.3772,29.294,29.2148,29.1399,29.069,29.0024,28.9399,28.8817,28.8277,28.7779,28.7324,28.6912,28.6542,28.6214,28.5929,28.5686,28.5485,28.5326,28.5208,28.5132,28.5097,28.5102,28.5147,28.5232,28.5356,28.5518,28.5719,28.5956,28.6231,28.6542,28.6888,28.7268,28.7683,28.813,28.861,28.9121,28.9664,29.0235,29.0836,29.1465,29.2121,29.2804,29.3512,29.4244,29.5,29.5779,29.6579,29.7401,29.8242,29.9103,29.9981,30.0877,30.179,30.2718,30.3661,30.4617,30.5587,30.6569,30.7562,30.8566,30.9579,31.0602,31.1633,31.2671,31.3716,31.4767,31.5823,31.6884,31.7948,31.9016,32.0087,32.116,32.2234,32.3308,32.4383,32.5458,32.6531,32.7603,32.8674,32.9741,33.0806,33.1867,33.2924,33.3977,33.5024,33.6067,33.7104,33.8135,33.9159,34.0177,34.1188,34.2191,34.3186,34.4173,34.5152,34.6122,34.7083,34.8034,34.8977,34.9909,35.0832,35.1744,35.2646,35.3538,35.4419,35.5289,35.6147,35.6995,35.7832,35.8656,35.947,36.0272,36.1061,36.184,36.2606,36.336,36.4102,36.4832,36.555,36.6256,36.695,36.7632,36.8301,36.8959,36.9604,37.0237,37.0858,37.1467,37.2065,37.265,37.3223,37.3785,37.4335,37.4874,37.5401,37.5917,37.6421,37.6915,37.7397,37.7869,37.833,37.878,37.922,37.965,38.007,38.048,38.088,38.1271,38.1652,38.2025,38.2388,38.2743,38.309,38.3428,38.3758,38.4081,38.4396,38.4704,38.5005,38.5299,38.5587,38.5868,38.6144,38.6413,38.6678,38.6937,38.7192,38.7442,38.7687,38.7929,38.8167,38.8402,38.8634,38.8863,38.9089,38.9313,38.9536,38.9757,38.9977,39.0195,39.0414,39.0632,39.085,39.1068,39.1287,39.1507,39.1728,39.1951,39.2175,39.2402,39.2631,39.2863,39.3099,39.3337,39.358,39.3826,39.4077,39.4332,39.4592,39.4857,39.5128,39.5405,39.5687,39.5976,39.6271,39.6573,39.6882,39.7198,39.7522,39.7854,39.8193,39.8541,39.8898,39.9263,39.9637,40.002,40.0412,40.0814,40.1226,40.1648,40.208,40.2522,40.2974,40.3438,40.3912,40.4397,40.4893,40.5401,40.5919,40.645,40.6992,40.7546,40.8112,40.869,40.928,40.9882,41.0497,41.1125,41.1764,41.2417,41.3082,41.376,41.4451,41.5155,41.5873,41.6603,41.7346,41.8103,41.8872,41.9655,42.0452,42.1262,42.2085,42.2922,42.3772,42.4636,42.5514,42.6404,42.7309,42.8227,42.9159,43.0104,43.1063,43.2036,43.3022,43.4022,43.5035,43.6062,43.7103,43.8157,43.9225,44.0307,44.1402,44.251,44.3632,44.4767,44.5916,44.7078,44.8254,44.9443,45.0645,45.186,45.3089,45.4331,45.5586,45.6854,45.8135,45.9429,46.0736,46.2055,46.3388
33.1222,32.9442,32.7686,32.5957,32.4254,32.2578,32.093,31.931,31.7719,31.6158,31.4627,31.3127,31.1658,31.0222,30.8819,30.7449,30.6113,30.4812,30.3547,30.2317,30.1124,29.9968,29.885,29.777,29.6728,29.5726,29.4764,29.3842,29.2961,29.2121,29.1322,29.0565,28.985,28.9177,28.8547,28.796,28.7416,28.6915,28.6457,28.6042,28.5671,28.5343,28.5057,28.4815,28.4615,28.4458,28.4343,28.427,28.4239,28.4249,28.4299,28.439,28.452,28.469,28.4898,28.5143,28.5427,28.5746,28.6102,28.6492,28.6917,28.7375,28.7866,28.8389,28.8943,28.9527,29.0139,29.0781,29.1449,29.2144,29.2865,29.361,29.4379,29.517,29.5984,29.6818,29.7672,29.8545,29.9436,30.0345,30.127,30.221,30.3165,30.4133,30.5115,30.6108,30.7113,30.8127,30.9152,31.0185,31.1226,31.2274,31.3329,31.439,31.5455,31.6525,31.7598,31.8675,31.9754,32.0834,32.1916,32.2998,32.408,32.5161,32.6241,32.732,32.8396,32.9469,33.0539,33.1605,33.2667,33.3724,33.4777,33.5823,33.6864,33.7899,33.8926,33.9947,34.096,34.1966,34.2964,34.3953,34.4933,34.5905,34.6868,34.7821,34.8764,34.9697,35.062,35.1533,35.2436,35.3327,35.4208,35.5078,35.5936,35.6783,35.7619,35.8443,35.9255,36.0055,36.0844,36.162,36.2384,36.3137,36.3877,36.4605,36.5321,36.6024,36.6715,36.7394,36.8061,36.8715,36.9357,36.9987,37.0605,37.1211,37.1804,37.2386,37.2956,37.3514,37.406,37.4595,37.5118,37.5629,37.613,37.6619,37.7097,37.7564,37.8021,37.8467,37.8902,37.9328,37.9743,38.0148,38.0544,38.093,38.1306,38.1674,38.2033,38.2383,38.2725,38.3058,38.3384,38.3701,38.4012,38.4315,38.4611,38.49,38.5183,38.546,38.5731,38.5996,38.6256,38.651,38.676,38.7006,38.7247,38.7485,38.7719,38.7949,38.8177,38.8402,38.8625,38.8845,38.9064,38.9281,38.9498,38.9713,38.9928,39.0143,39.0358,39.0574,39.079,39.1008,39.1227,39.1447,39.167,39.1895,39.2123,39.2354,39.2588,39.2825,39.3067,39.3313,39.3563,39.3818,39.4078,39.4344,39.4615,39.4892,39.5175,39.5465,39.5762,39.6065,39.6376,39.6695,39.7021,39.7355,39.7697,39.8048,39.8408,39.8776,39.9154,39.9541,39.9938,40.0344,40.0761,40.1187,40.1624,40.2072,40.253,40.2999,40.3479,40.397,40.4473,40.4987,40.5513,40.605,40.66,40.7161,40.7734,40.832,40.8918,40.9529,41.0152,41.0788,41.1436,41.2097,41.2771,41.3459,41.4159,41.4872,41.5598,41.6338,41.7091,41.7857,41.8637,41.943,42.0236,42.1056,42.1889,42.2736,42.3597,42.4471,42.5358,42.6259,42.7174,42.8102,42.9045,43.0,43.0969,43.1952,43.2949,43.3959,43.4982,43.602,43.707,43.8135,43.9213,44.0304,44.1409,44.2527,44.3658,44.4803,44.5962,44.7134,44.8318,44.9517,45.0728,45.1952,45.319,45.4441,45.5704,45.6981,45.8271,45.9573,46.0888,46.2216,46.3557
33.0711,32.8916,32.7147,32.5403,32.3686,32.1995,32.0332,31.8698,31.7092,31.5517,31.3971,31.2456,31.0974,30.9523,30.8105,30.6721,30.5372,30.4057,30.2778,30.1535,30.0329,29.916,29.8029,29.6937,29.5884,29.4871,29.3898,29.2966,29.2075,29.1226,29.0418,28.9653,28.8931,28.8252,28.7616,28.7024,28.6475,28.597,28.5509,28.5092,28.4719,28.439,28.4104,28.3863,28.3664,28.351,28.3398,28.3328,28.3301,28.3316,28.3372,28.347,28.3607,28.3784,28.4001,28.4256,28.4548,28.4878,28.5244,28.5646,28.6082,28.6552,28.7056,28.7591,28.8157,28.8754,28.9381,29.0036,29.0718,29.1427,29.2161,29.2921,29.3704,29.4509,29.5337,29.6185,29.7053,29.7941,29.8846,29.9768,30.0707,30.1661,30.2629,30.361,30.4605,30.5611,30.6628,30.7655,30.8691,30.9736,31.0789,31.1848,31.2914,31.3985,31.5061,31.6141,31.7224,31.831,31.9398,32.0487,32.1577,32.2668,32.3757,32.4846,32.5934,32.7019,32.8102,32.9181,33.0257,33.1329,33.2397,33.3459,33.4516,33.5568,33.6613,33.7651,33.8683,33.9707,34.0724,34.1732,34.2733,34.3725,34.4707,34.5681,34.6645,34.76,34.8545,34.9479,35.0403,35.1317,35.222,35.3112,35.3992,35.4862,35.572,35.6567,35.7401,35.8224,35.9036,35.9835,36.0622,36.1397,36.216,36.291,36.3648,36.4374,36.5087,36.5788,36.6477,36.7153,36.7817,36.8468,36.9107,36.9734,37.0349,37.0951,37.1541,37.2119,37.2685,37.3239,37.3781,37.4312,37.4831,37.5338,37.5834,37.6319,37.6793,37.7255,37.7707,37.8149,37.8579,37.9,37.941,37.981,38.0201,38.0582,38.0954,38.1317,38.167,38.2015,38.2352,38.268,38.3001,38.3313,38.3619,38.3917,38.4208,38.4492,38.477,38.5041,38.5307,38.5568,38.5822,38.6072,38.6318,38.6558,38.6795,38.7028,38.7257,38.7484,38.7707,38.7927,38.8146,38.8362,38.8577,38.8791,38.9003,38.9215,38.9427,38.9638,38.985,39.0063,39.0276,39.0491,39.0707,39.0926,39.1146,39.1369,39.1595,39.1824,39.2056,39.2293,39.2533,39.2778,39.3028,39.3282,39.3542,39.3808,39.4079,39.4356,39.464,39.4931,39.5229,39.5534,39.5846,39.6166,39.6494,39.6831,39.7176,39.7529,39.7892,39.8264,39.8645,39.9036,39.9436,39.9847,40.0268,40.0699,40.1141,40.1594,40.2057,40.2532,40.3018,40.3515,40.4024,40.4544,40.5077,40.5621,40.6178,40.6746,40.7327,40.7921,40.8527,40.9145,40.9777,41.0421,41.1078,41.1748,41.2431,41.3127,41.3836,41.4559,41.5294,41.6043,41.6806,41.7582,41.8371,41.9174,41.999,42.082,42.1664,42.2521,42.3391,42.4276,42.5174,42.6085,42.701,42.7949,42.8901,42.9867,43.0847,43.184,43.2847,43.3867,43.4901,43.5949,43.701,43.8084,43.9172,44.0274,44.1389,44.2517,44.3658,44.4813,44.5981,44.7163,44.8357,44.9565,45.0786,45.202,45.3266,45.4526,45.5799,45.7084,45.8383,45.9694,46.1018,46.2354,46.3703
33.0159,32.8349,32.6564,32.4805,32.3072,32.1365,31.9687,31.8036,31.6415,31.4823,31.3262,31.1731,31.0232,30.8766,30.7333,30.5933,30.4568,30.3238,30.1944,30.0687,29.9467,29.8284,29.714,29.6035,29.4969,29.3944,29.2959,29.2016,29.1114,29.0255,28.9438,28.8664,28.7934,28.7248,28.6605,28.6007,28.5453,28.4944,28.448,28.406,28.3685,28.3355,28.307,28.2829,28.2632,28.248,28.2371,28.2306,28.2284,28.2304,28.2367,28.2471,28.2617,28.2803,28.3028,28.3293,28.3596,28.3937,28.4315,28.4729,28.5178,28.5661,28.6178,28.6727,28.7308,28.7919,28.856,28.923,28.9927,29.0651,29.1401,29.2176,29.2975,29.3796,29.4639,29.5503,29.6387,29.7289,29.821,29.9148,30.0101,30.107,30.2053,30.3049,30.4057,30.5077,30.6108,30.7149,30.8198,30.9256,31.0321,31.1393,31.247,31.3553,31.464,31.5731,31.6825,31.7922,31.902,32.0119,32.1218,32.2317,32.3416,32.4513,32.5609,32.6702,32.7792,32.8878,32.9961,33.104,33.2113,33.3181,33.4244,33.53,33.635,33.7394,33.843,33.9458,34.0478,34.149,34.2494,34.3488,34.4474,34.545,34.6416,34.7373,34.8319,34.9255,35.0181,35.1095,35.1999,35.2891,35.3772,35.4642,35.55,35.6346,35.718,35.8002,35.8813,35.9611,36.0397,36.117,36.1931,36.268,36.3416,36.414,36.4851,36.5549,36.6235,36.6909,36.757,36.8218,36.8854,36.9478,37.0089,37.0687,37.1274,37.1848,37.241,37.296,37.3499,37.4025,37.454,37.5043,37.5534,37.6014,37.6484,37.6942,37.7389,37.7825,37.8251,37.8666,37.9072,37.9467,37.9853,38.0229,38.0595,38.0952,38.1301,38.1641,38.1972,38.2295,38.261,38.2917,38.3217,38.351,38.3795,38.4074,38.4347,38.4613,38.4874,38.5129,38.5378,38.5623,38.5863,38.6099,38.6331,38.6559,38.6783,38.7004,38.7223,38.7439,38.7653,38.7865,38.8076,38.8285,38.8493,38.8701,38.8909,38.9117,38.9325,38.9534,38.9745,38.9956,39.017,39.0385,39.0603,39.0823,39.1047,39.1274,39.1505,39.1739,39.1978,39.2222,39.2471,39.2724,39.2984,39.3249,39.352,39.3797,39.4082,39.4373,39.4671,39.4977,39.5291,39.5612,39.5942,39.6281,39.6628,39.6984,39.735,39.7724,39.8109,39.8503,39.8907,39.9322,39.9747,40.0183,40.063,40.1087,40.1556,40.2036,40.2528,40.3031,40.3546,40.4073,40.4612,40.5163,40.5726,40.6302,40.6891,40.7492,40.8105,40.8732,40.9372,41.0024,41.0689,41.1368,41.206,41.2765,41.3483,41.4215,41.496,41.5719,41.6491,41.7277,41.8076,41.8889,41.9715,42.0555,42.1409,42.2276,42.3157,42.4051,42.496,42.5882,42.6817,42.7766,42.8729,42.9706,43.0696,43.17,43.2717,43.3748,43.4793,43.585,43.6922,43.8007,43.9105,44.0217,44.1342,44.248,44.3632,44.4797,44.5975,44.7166,44.837,44.9588,45.0818,45.2062,45.3318,45.4587,45.5869,45.7164,45.8471,45.9791,46.1123,46.2468,46.3826
32.9568,32.7741,32.5939,32.4163,32.2413,32.0689,31.8993,31.7326,31.5687,31.4078,31.2499,31.0951,30.9435,30.7952,30.6502,30.5085,30.3704,30.2357,30.1047,29.9774,29.8538,29.734,29.6181,29.5062,29.3982,29.2944,29.1946,29.0991,29.0078,28.9207,28.838,28.7597,28.6858,28.6164,28.5514,28.491,28.435,28.3837,28.3368,28.2946,28.2569,28.2238,28.1953,28.1712,28.1518,28.1368,28.1263,28.1202,28.1185,28.1212,28.1282,28.1394,28.1548,28.1744,28.1979,28.2255,28.257,28.2923,28.3314,28.3741,28.4203,28.4701,28.5232,28.5797,28.6393,28.702,28.7677,28.8364,28.9078,28.9819,29.0585,29.1377,29.2193,29.3031,29.3891,29.4772,29.5672,29.6592,29.7529,29.8483,29.9453,30.0438,30.1437,30.2449,30.3473,30.4508,30.5554,30.6609,30.7673,30.8744,30.9823,31.0909,31.1999,31.3095,31.4194,31.5297,31.6403,31.7511,31.8619,31.9729,32.0839,32.1948,32.3056,32.4162,32.5267,32.6368,32.7466,32.8561,32.9651,33.0736,33.1816,33.2891,33.396,33.5022,33.6077,33.7126,33.8166,33.9199,34.0224,34.124,34.2247,34.3245,34.4233,34.5212,34.6181,34.714,34.8088,34.9025,34.9952,35.0868,35.1772,35.2666,35.3547,35.4417,35.5275,35.6121,35.6955,35.7777,35.8586,35.9383,36.0168,36.094,36.17,36.2446,36.3181,36.3902,36.4611,36.5307,36.5991,36.6661,36.732,36.7965,36.8598,36.9218,36.9825,37.0421,37.1003,37.1574,37.2132,37.2678,37.3212,37.3734,37.4244,37.4743,37.523,37.5705,37.617,37.6623,37.7065,37.7497,37.7917,37.8328,37.8728,37.9118,37.9498,37.9868,38.023,38.0581,38.0924,38.1259,38.1584,38.1902,38.2211,38.2513,38.2807,38.3094,38.3374,38.3647,38.3914,38.4175,38.443,38.4679,38.4923,38.5163,38.5397,38.5628,38.5854,38.6077,38.6296,38.6512,38.6726,38.6937,38.7146,38.7353,38.7559,38.7764,38.7968,38.8171,38.8375,38.8579,38.8783,38.8988,38.9195,38.9403,38.9613,38.9826,39.004,39.0258,39.0479,39.0704,39.0932,39.1165,39.1402,39.1644,39.1891,39.2144,39.2402,39.2667,39.2937,39.3215,39.3499,39.379,39.4089,39.4396,39.4711,39.5033,39.5365,39.5705,39.6054,39.6413,39.6781,39.7158,39.7546,39.7943,39.8351,39.8769,39.9199,39.9639,40.009,40.0552,40.1026,40.1511,40.2009,40.2518,40.3039,40.3572,40.4117,40.4675,40.5245,40.5828,40.6424,40.7033,40.7654,40.8289,40.8936,40.9597,41.0271,41.0958,41.1659,41.2373,41.3101,41.3842,41.4596,41.5364,41.6146,41.6942,41.7751,41.8573,41.941,42.026,42.1124,42.2001,42.2893,42.3798,42.4717,42.5649,42.6595,42.7555,42.8529,42.9516,43.0517,43.1531,43.2559,43.3601,43.4656,43.5724,43.6806,43.7902,43.9011,44.0133,44.1268,44.2417,44.3579,44.4754,44.5942,44.7144,44.8358,44.9585,45.0826,45.2079,45.3345,45.4623,45.5915,45.7219,45.8535,45.9864,46.1206,46.256,46.3926
32.8936,32.7092,32.5272,32.3477,32.1709,31.9967,31.8252,31.6566,31.4909,31.3281,31.1683,31.0117,30.8582,30.7081,30.5612,30.4177,30.2778,30.1414,30.0086,29.8795,29.7543,29.6328,29.5153,29.4018,29.2924,29.1871,29.086,28.9891,28.8965,28.8083,28.7245,28.6452,28.5703,28.5,28.4343,28.3731,28.3166,28.2647,28.2175,28.1749,28.1371,28.1038,28.0753,28.0514,28.0321,28.0174,28.0073,28.0017,28.0006,28.004,28.0117,28.0238,28.0402,28.0607,28.0854,28.1142,28.1469,28.1835,28.224,28.2681,28.3159,28.3672,28.422,28.4801,28.5414,28.6058,28.6733,28.7437,28.8169,28.8928,28.9713,29.0523,29.1357,29.2214,29.3092,29.3992,29.4911,29.5848,29.6804,29.7776,29.8763,29.9766,30.0782,30.1811,30.2851,30.3903,30.4965,30.6036,30.7115,30.8202,30.9296,31.0396,31.1501,31.261,31.3723,31.4839,31.5957,31.7077,31.8198,31.9319,32.044,32.156,32.2678,32.3794,32.4908,32.6019,32.7126,32.8228,32.9327,33.042,33.1507,33.2589,33.3664,33.4733,33.5794,33.6848,33.7894,33.8931,33.996,34.0981,34.1992,34.2993,34.3985,34.4967,34.5939,34.69,34.7851,34.879,34.9719,35.0636,35.1541,35.2435,35.3318,35.4188,35.5046,35.5892,35.6726,35.7547,35.8356,35.9152,35.9936,36.0707,36.1465,36.221,36.2942,36.3662,36.4368,36.5062,36.5743,36.6411,36.7066,36.7709,36.8338,36.8955,36.9559,37.0151,37.073,37.1296,37.185,37.2392,37.2922,37.3439,37.3945,37.4439,37.4921,37.5392,37.5851,37.63,37.6737,37.7163,37.7578,37.7983,37.8378,37.8762,37.9137,37.9502,37.9857,38.0204,38.0541,38.0869,38.1189,38.1501,38.1804,38.21,38.2388,38.2669,38.2943,38.3211,38.3471,38.3726,38.3975,38.4219,38.4457,38.4691,38.492,38.5144,38.5365,38.5582,38.5796,38.6006,38.6215,38.642,38.6624,38.6826,38.7027,38.7227,38.7426,38.7625,38.7824,38.8023,38.8224,38.8425,38.8627,38.8832,38.9038,38.9247,38.9458,38.9673,38.9891,39.0113,39.0339,39.0569,39.0804,39.1044,39.129,39.1541,39.1798,39.2061,39.2331,39.2608,39.2892,39.3183,39.3483,39.379,39.4105,39.4429,39.4761,39.5103,39.5454,39.5814,39.6185,39.6565,39.6955,39.7356,39.7767,39.8189,39.8622,39.9066,39.9522,39.9989,40.0467,40.0958,40.146,40.1975,40.2502,40.3041,40.3593,40.4158,40.4735,40.5325,40.5928,40.6544,40.7173,40.7815,40.8471,40.914,40.9823,41.0519,41.1228,41.1951,41.2688,41.3438,41.4202,41.498,41.5771,41.6576,41.7395,41.8228,41.9075,41.9935,42.081,42.1698,42.2599,42.3515,42.4444,42.5388,42.6344,42.7315,42.8299,42.9297,43.0309,43.1334,43.2373,43.3426,43.4491,43.5571,43.6664,43.777,43.8889,44.0022,44.1168,44.2328,44.35,44.4686,44.5884,44.7096,44.8321,44.9558,45.0808,45.2071,45.3347,45.4636,45.5937,45.725,45.8576,45.9915,46.1265,46.2628,46.4004
32.8265,32.6402,32.4563,32.2748,32.096,31.9199,31.7464,31.5758,31.4081,31.2433,31.0815,30.9229,30.7674,30.6152,30.4664,30.321,30.1791,30.0408,29.9061,29.7752,29.6481,29.5249,29.4057,29.2905,29.1794,29.0726,28.9699,28.8716,28.7777,28.6882,28.6032,28.5227,28.4468,28.3756,28.309,28.2471,28.19,28.1375,28.0899,28.047,28.0089,27.9756,27.947,27.9232,27.9041,27.8897,27.88,27.875,27.8745,27.8786,27.8872,27.9002,27.9176,27.9393,27.9652,27.9952,28.0293,28.0674,28.1094,28.1551,28.2045,28.2575,28.314,28.3739,28.437,28.5033,28.5727,28.645,28.7201,28.798,28.8785,28.9615,29.0469,29.1345,29.2244,29.3163,29.4102,29.5059,29.6034,29.7025,29.8032,29.9053,30.0088,30.1135,30.2194,30.3263,30.4342,30.5431,30.6527,30.763,30.874,30.9855,31.0975,31.2099,31.3227,31.4357,31.5488,31.6621,31.7755,31.8888,32.0021,32.1153,32.2282,32.3409,32.4533,32.5654,32.677,32.7882,32.8989,33.009,33.1186,33.2275,33.3357,33.4433,33.55,33.656,33.7612,33.8655,33.9689,34.0714,34.1729,34.2735,34.3731,34.4716,34.5691,34.6655,34.7608,34.855,34.948,35.0399,35.1306,35.2201,35.3084,35.3955,35.4814,35.566,35.6493,35.7314,35.8123,35.8918,35.9701,36.047,36.1227,36.197,36.2701,36.3418,36.4123,36.4814,36.5493,36.6158,36.681,36.7449,36.8076,36.8689,36.9289,36.9877,37.0452,37.1015,37.1565,37.2103,37.2628,37.3141,37.3642,37.4131,37.4609,37.5074,37.5529,37.5971,37.6403,37.6824,37.7234,37.7633,37.8022,37.8401,37.877,37.9129,37.9479,37.9819,38.015,38.0472,38.0786,38.1092,38.1389,38.1679,38.1961,38.2235,38.2503,38.2764,38.3019,38.3268,38.351,38.3748,38.398,38.4207,38.443,38.4649,38.4863,38.5074,38.5282,38.5487,38.5689,38.589,38.6088,38.6284,38.648,38.6674,38.6869,38.7062,38.7256,38.7451,38.7647,38.7843,38.8041,38.8242,38.8444,38.8649,38.8857,38.9068,38.9283,38.9501,38.9724,38.9952,39.0185,39.0423,39.0666,39.0915,39.1171,39.1433,39.1702,39.1977,39.2261,39.2552,39.2851,39.3158,39.3474,39.3798,39.4132,39.4475,39.4827,39.5189,39.5561,39.5944,39.6337,39.674,39.7155,39.758,39.8017,39.8465,39.8924,39.9396,39.9879,40.0375,40.0883,40.1403,40.1936,40.2481,40.3039,40.361,40.4194,40.4791,40.5401,40.6025,40.6662,40.7312,40.7976,40.8653,40.9344,41.0048,41.0767,41.1499,41.2245,41.3004,41.3778,41.4565,41.5366,41.6181,41.701,41.7853,41.871,41.9581,42.0466,42.1364,42.2277,42.3203,42.4143,42.5097,42.6065,42.7046,42.8042,42.905,43.0073,43.1109,43.2159,43.3223,43.4299,43.539,43.6494,43.7611,43.8741,43.9885,44.1042,44.2212,44.3395,44.4591,44.5801,44.7023,44.8258,44.9506,45.0766,45.2039,45.3325,45.4624,45.5935,45.7258,45.8594,45.9942,46.1302,46.2674,46.4059
32.7556,32.5672,32.3812,32.1977,32.0168,31.8385,31.663,31.4902,31.3203,31.1534,30.9895,30.8287,30.6711,30.5167,30.3658,30.2183,30.0743,29.9339,29.7972,29.6643,29.5353,29.4102,29.2891,29.1721,29.0593,28.9507,28.8465,28.7466,28.6512,28.5604,28.4741,28.3924,28.3154,28.2431,28.1756,28.1129,28.0551,28.0021,27.9539,27.9107,27.8723,27.8389,27.8103,27.7866,27.7678,27.7537,27.7445,27.74,27.7403,27.7451,27.7546,27.7687,27.7872,27.81,27.8372,27.8687,27.9042,27.9439,27.9874,28.0349,28.0861,28.1409,28.1992,28.261,28.3261,28.3945,28.4659,28.5402,28.6175,28.6975,28.7801,28.8652,28.9527,29.0425,29.1345,29.2286,29.3246,29.4224,29.522,29.6232,29.7259,29.83,29.9355,30.0422,30.15,30.2589,30.3687,30.4793,30.5907,30.7028,30.8155,30.9287,31.0423,31.1563,31.2706,31.3851,31.4997,31.6145,31.7292,31.8438,31.9584,32.0728,32.1869,32.3007,32.4143,32.5274,32.64,32.7522,32.8638,32.9748,33.0852,33.195,33.304,33.4122,33.5197,33.6263,33.7321,33.837,33.9409,34.044,34.146,34.247,34.3469,34.4458,34.5437,34.6404,34.736,34.8304,34.9236,35.0157,35.1066,35.1962,35.2847,35.3718,35.4577,35.5424,35.6257,35.7078,35.7886,35.8681,35.9462,36.0231,36.0986,36.1728,36.2457,36.3172,36.3874,36.4563,36.5239,36.5902,36.6551,36.7187,36.781,36.842,36.9017,36.9601,37.0172,37.073,37.1276,37.1809,37.233,37.2839,37.3335,37.3819,37.4292,37.4752,37.5201,37.5639,37.6065,37.648,37.6884,37.7278,37.7661,37.8034,37.8397,37.875,37.9093,37.9427,37.9752,38.0068,38.0376,38.0675,38.0966,38.1249,38.1524,38.1792,38.2054,38.2308,38.2556,38.2799,38.3035,38.3266,38.3491,38.3712,38.3929,38.4141,38.4349,38.4554,38.4755,38.4954,38.515,38.5344,38.5537,38.5727,38.5917,38.6106,38.6295,38.6483,38.6672,38.6861,38.7052,38.7243,38.7437,38.7633,38.7831,38.8031,38.8235,38.8442,38.8654,38.8869,38.9089,38.9313,38.9543,38.9778,39.0019,39.0266,39.052,39.078,39.1048,39.1322,39.1605,39.1895,39.2194,39.2501,39.2817,39.3142,39.3476,39.382,39.4173,39.4537,39.4911,39.5295,39.5691,39.6097,39.6514,39.6943,39.7383,39.7835,39.8298,39.8774,39.9262,39.9763,40.0276,40.0801,40.1339,40.1891,40.2455,40.3032,40.3623,40.4227,40.4844,40.5475,40.612,40.6778,40.745,40.8135,40.8834,40.9548,41.0275,41.1016,41.1771,41.254,41.3323,41.412,41.4931,41.5756,41.6595,41.7448,41.8316,41.9197,42.0092,42.1001,42.1924,42.2862,42.3813,42.4777,42.5756,42.6749,42.7755,42.8775,42.9809,43.0856,43.1917,43.2992,43.408,43.5181,43.6296,43.7425,43.8566,43.9721,44.0889,44.207,44.3264,44.4471,44.5691,44.6924,44.817,44.9428,45.0699,45.1983,45.3279,45.4588,45.5909,45.7243,45.8588,45.9946,46.1316,46.2698,46.4092
32.6809,32.4903,32.3021,32.1164,31.9333,31.7527,31.5749,31.3999,31.2277,31.0584,30.8922,30.7291,30.5693,30.4126,30.2594,30.1097,29.9634,29.8209,29.682,29.547,29.4158,29.2887,29.1656,29.0467,28.932,28.8216,28.7156,28.6141,28.5171,28.4248,28.3371,28.2541,28.1759,28.1025,28.0341,27.9705,27.9119,27.8582,27.8096,27.766,27.7273,27.6938,27.6652,27.6416,27.623,27.6093,27.6006,27.5967,27.5977,27.6035,27.6139,27.629,27.6487,27.6729,27.7015,27.7344,27.7716,27.8129,27.8582,27.9075,27.9606,28.0173,28.0777,28.1416,28.2088,28.2793,28.3529,28.4295,28.509,28.5912,28.6761,28.7635,28.8533,28.9455,29.0397,29.1361,29.2343,29.3344,29.4362,29.5396,29.6446,29.7509,29.8585,29.9673,30.0772,30.188,30.2998,30.4124,30.5257,30.6397,30.7542,30.8692,30.9846,31.1003,31.2162,31.3323,31.4485,31.5647,31.6808,31.7969,31.9128,32.0285,32.1439,32.259,32.3737,32.4879,32.6016,32.7148,32.8275,32.9394,33.0507,33.1613,33.2712,33.3802,33.4884,33.5958,33.7022,33.8077,33.9122,34.0158,34.1183,34.2198,34.3202,34.4195,34.5177,34.6148,34.7106,34.8053,34.8988,34.9911,35.0822,35.172,35.2605,35.3478,35.4338,35.5184,35.6018,35.6839,35.7646,35.844,35.9221,35.9988,36.0742,36.1483,36.221,36.2923,36.3623,36.431,36.4983,36.5643,36.6289,36.6922,36.7542,36.8148,36.8741,36.9321,36.9889,37.0443,37.0984,37.1513,37.2029,37.2533,37.3024,37.3503,37.397,37.4426,37.4869,37.5301,37.5722,37.6131,37.653,37.6917,37.7294,37.7661,37.8018,37.8364,37.8701,37.9029,37.9347,37.9657,37.9958,38.025,38.0534,38.081,38.1079,38.134,38.1595,38.1843,38.2084,38.2319,38.2549,38.2773,38.2991,38.3205,38.3415,38.362,38.3822,38.402,38.4215,38.4407,38.4597,38.4785,38.4971,38.5155,38.5339,38.5522,38.5704,38.5887,38.607,38.6254,38.6439,38.6625,38.6814,38.7004,38.7198,38.7394,38.7593,38.7796,38.8004,38.8215,38.8431,38.8652,38.8879,38.9111,38.9349,38.9594,38.9845,39.0104,39.0369,39.0643,39.0924,39.1213,39.1511,39.1818,39.2133,39.2458,39.2793,39.3138,39.3492,39.3857,39.4233,39.4619,39.5016,39.5425,39.5845,39.6276,39.672,39.7175,39.7643,39.8123,39.8615,39.9121,39.9639,40.0169,40.0713,40.127,40.1841,40.2424,40.3022,40.3633,40.4257,40.4895,40.5547,40.6213,40.6893,40.7587,40.8295,40.9017,40.9753,41.0503,41.1267,41.2045,41.2838,41.3645,41.4466,41.5301,41.615,41.7014,41.7891,41.8783,41.9689,42.0609,42.1543,42.2491,42.3453,42.4429,42.5419,42.6423,42.744,42.8472,42.9517,43.0575,43.1648,43.2734,43.3833,43.4946,43.6072,43.7212,43.8365,43.9531,44.071,44.1902,44.3107,44.4326,44.5557,44.6801,44.8057,44.9326,45.0608,45.1903,45.3209,45.4529,45.586,45.7204,45.856,45.9928,46.1308,46.2699,46.4103
32.6024,32.4095,32.219,32.031,31.8454,31.6625,31.4823,31.3048,31.1302,30.9585,30.7899,30.6243,30.462,30.303,30.1473,29.9952,29.8466,29.7016,29.5605,29.4231,29.2898,29.1604,29.0352,28.9142,28.7975,28.6852,28.5773,28.474,28.3754,28.2814,28.1922,28.1078,28.0283,27.9538,27.8843,27.8198,27.7603,27.706,27.6568,27.6128,27.5739,27.5401,27.5115,27.4881,27.4697,27.4565,27.4483,27.4451,27.4468,27.4535,27.465,27.4813,27.5023,27.5279,27.558,27.5925,27.6314,27.6745,27.7217,27.7729,27.828,27.8869,27.9494,28.0155,28.085,28.1578,28.2337,28.3127,28.3946,28.4793,28.5666,28.6565,28.7487,28.8433,28.94,29.0388,29.1395,29.242,29.3462,29.452,29.5592,29.6678,29.7777,29.8887,30.0008,30.1139,30.2278,30.3424,30.4578,30.5737,30.6902,30.807,30.9243,31.0417,31.1594,31.2772,31.395,31.5128,31.6306,31.7481,31.8655,31.9826,32.0993,32.2157,32.3316,32.447,32.5619,32.6762,32.7899,32.9029,33.0152,33.1267,33.2374,33.3472,33.4562,33.5643,33.6715,33.7776,33.8828,33.9869,34.09,34.192,34.2929,34.3926,34.4912,34.5886,34.6848,34.7798,34.8736,34.9661,35.0574,35.1473,35.236,35.3234,35.4095,35.4942,35.5776,35.6597,35.7404,35.8197,35.8977,35.9744,36.0496,36.1235,36.1961,36.2672,36.337,36.4054,36.4725,36.5381,36.6025,36.6654,36.7271,36.7873,36.8463,36.9039,36.9602,37.0152,37.0689,37.1213,37.1724,37.2223,37.2709,37.3183,37.3645,37.4095,37.4533,37.4959,37.5374,37.5777,37.617,37.6551,37.6922,37.7282,37.7632,37.7972,37.8303,37.8624,37.8935,37.9238,37.9532,37.9817,38.0094,38.0363,38.0625,38.0879,38.1127,38.1367,38.1601,38.1829,38.2052,38.2268,38.248,38.2687,38.2889,38.3087,38.3282,38.3473,38.3661,38.3846,38.4029,38.421,38.4389,38.4567,38.4744,38.4921,38.5097,38.5274,38.5451,38.5629,38.5808,38.5989,38.6172,38.6357,38.6545,38.6736,38.6931,38.713,38.7332,38.754,38.7752,38.7969,38.8192,38.8421,38.8656,38.8898,38.9147,38.9403,38.9666,38.9938,39.0217,39.0506,39.0802,39.1108,39.1424,39.1749,39.2083,39.2428,39.2784,39.315,39.3526,39.3914,39.4314,39.4724,39.5147,39.5581,39.6028,39.6487,39.6958,39.7442,39.7939,39.8449,39.8971,39.9507,40.0057,40.062,40.1196,40.1786,40.239,40.3007,40.3639,40.4285,40.4944,40.5618,40.6306,40.7008,40.7724,40.8455,40.92,40.9959,41.0732,41.152,41.2322,41.3139,41.397,41.4815,41.5675,41.6549,41.7437,41.834,41.9256,42.0187,42.1132,42.2091,42.3064,42.4052,42.5053,42.6068,42.7097,42.814,42.9196,43.0266,43.135,43.2448,43.3559,43.4683,43.5821,43.6972,43.8137,43.9314,44.0505,44.1708,44.2925,44.4155,44.5397,44.6652,44.792,44.92,45.0493,45.1798,45.3116,45.4446,45.5788,45.7142,45.8508,45.9887,46.1277,46.2679,46.4092
32.5203,32.325,32.132,31.9415,31.7534,31.568,31.3852,31.2051,31.0279,30.8537,30.6824,30.5143,30.3494,30.1877,30.0295,29.8748,29.7237,29.5762,29.4326,29.2928,29.1571,29.0254,28.8979,28.7747,28.6558,28.5414,28.4316,28.3264,28.2259,28.1302,28.0394,27.9535,27.8727,27.7969,27.7262,27.6607,27.6004,27.5453,27.4955,27.451,27.4118,27.3779,27.3493,27.326,27.3079,27.2951,27.2874,27.285,27.2876,27.2952,27.3079,27.3254,27.3478,27.3749,27.4066,27.4428,27.4835,27.5285,27.5778,27.6311,27.6884,27.7495,27.8144,27.8828,27.9547,28.03,28.1084,28.1899,28.2744,28.3617,28.4516,28.5441,28.639,28.7361,28.8354,28.9368,29.0401,29.1451,29.2519,29.3602,29.4699,29.581,29.6932,29.8066,29.9211,30.0364,30.1525,30.2694,30.3869,30.505,30.6235,30.7423,30.8615,30.9809,31.1004,31.22,31.3395,31.459,31.5784,31.6975,31.8164,31.935,32.0531,32.1709,32.2881,32.4048,32.5209,32.6364,32.7512,32.8652,32.9785,33.091,33.2026,33.3134,33.4232,33.5321,33.64,33.7469,33.8527,33.9574,34.0611,34.1636,34.265,34.3652,34.4642,34.562,34.6586,34.7539,34.848,34.9407,35.0322,35.1224,35.2112,35.2987,35.3849,35.4697,35.5531,35.6352,35.7159,35.7952,35.8731,35.9496,36.0248,36.0985,36.1709,36.2418,36.3114,36.3796,36.4464,36.5118,36.5758,36.6384,36.6997,36.7596,36.8182,36.8754,36.9313,36.9858,37.039,37.091,37.1416,37.191,37.2391,37.2859,37.3316,37.376,37.4192,37.4612,37.5021,37.5418,37.5804,37.6179,37.6544,37.6897,37.7241,37.7574,37.7898,37.8211,37.8516,37.8811,37.9098,37.9376,37.9646,37.9908,38.0162,38.0409,38.0649,38.0882,38.1108,38.1329,38.1544,38.1753,38.1957,38.2156,38.2351,38.2542,38.2729,38.2913,38.3093,38.3271,38.3447,38.3621,38.3793,38.3964,38.4134,38.4304,38.4474,38.4644,38.4814,38.4986,38.5159,38.5334,38.5511,38.569,38.5873,38.6059,38.6248,38.6442,38.664,38.6842,38.705,38.7263,38.7483,38.7708,38.794,38.8178,38.8424,38.8677,38.8938,38.9208,38.9486,38.9772,39.0068,39.0373,39.0687,39.1012,39.1346,39.1691,39.2047,39.2414,39.2792,39.3181,39.3582,39.3995,39.442,39.4857,39.5306,39.5768,39.6243,39.6731,39.7232,39.7746,39.8274,39.8815,39.937,39.9938,40.0521,40.1117,40.1727,40.2351,40.299,40.3643,40.431,40.4992,40.5687,40.6398,40.7123,40.7862,40.8616,40.9384,41.0167,41.0964,41.1776,41.2603,41.3444,41.43,41.517,41.6054,41.6953,41.7866,41.8794,41.9736,42.0692,42.1662,42.2647,42.3645,42.4658,42.5685,42.6725,42.778,42.8848,42.993,43.1025,43.2135,43.3257,43.4394,43.5543,43.6706,43.7882,43.9071,44.0274,44.1489,44.2717,44.3958,44.5212,44.6479,44.7758,44.905,45.0354,45.167,45.2999,45.434,45.5693,45.7058,45.8435,45.9823,46.1224,46.2636,46.406
32.4346,32.2367,32.0411,31.848,31.6573,31.4691,31.2836,31.1009,30.9209,30.7439,30.5699,30.3991,30.2314,30.067,29.9061,29.7486,29.5948,29.4447,29.2984,29.1561,29.0178,28.8836,28.7537,28.6281,28.5069,28.3903,28.2783,28.1711,28.0687,27.9712,27.8786,27.7911,27.7088,27.6316,27.5597,27.4931,27.4319,27.3761,27.3256,27.2806,27.2411,27.207,27.1784,27.1552,27.1374,27.125,27.118,27.1163,27.1198,27.1286,27.1424,27.1613,27.1851,27.2138,27.2473,27.2854,27.328,27.3751,27.4264,27.482,27.5416,27.6052,27.6725,27.7435,27.818,27.8959,27.977,28.0612,28.1484,28.2384,28.3311,28.4263,28.524,28.624,28.726,28.8302,28.9362,29.0439,29.1534,29.2643,29.3767,29.4903,29.6051,29.7211,29.8379,29.9557,30.0742,30.1934,30.3132,30.4334,30.5541,30.6751,30.7963,30.9177,31.0392,31.1606,31.282,31.4033,31.5244,31.6452,31.7657,31.8858,32.0054,32.1246,32.2432,32.3613,32.4787,32.5954,32.7113,32.8265,32.9409,33.0544,33.167,33.2787,33.3894,33.4991,33.6078,33.7154,33.8219,33.9273,34.0316,34.1347,34.2366,34.3373,34.4368,34.535,34.632,34.7276,34.822,34.915,35.0067,35.0971,35.1861,35.2737,35.36,35.4449,35.5284,35.6104,35.6911,35.7704,35.8482,35.9247,35.9997,36.0733,36.1455,36.2163,36.2856,36.3535,36.42,36.4852,36.5489,36.6112,36.6721,36.7316,36.7898,36.8466,36.902,36.9561,37.0089,37.0603,37.1105,37.1593,37.2069,37.2532,37.2982,37.3421,37.3847,37.4261,37.4663,37.5054,37.5434,37.5802,37.616,37.6507,37.6843,37.7169,37.7486,37.7792,37.809,37.8378,37.8657,37.8927,37.9189,37.9444,37.969,37.9929,38.0161,38.0386,38.0605,38.0818,38.1025,38.1226,38.1422,38.1614,38.1801,38.1984,38.2163,38.2339,38.2512,38.2682,38.285,38.3017,38.3181,38.3345,38.3508,38.367,38.3833,38.3996,38.416,38.4325,38.4491,38.466,38.483,38.5004,38.5181,38.5361,38.5545,38.5733,38.5925,38.6123,38.6326,38.6535,38.675,38.6971,38.7199,38.7434,38.7677,38.7927,38.8185,38.8452,38.8728,38.9012,38.9306,38.961,38.9924,39.0247,39.0582,39.0927,39.1283,39.165,39.2029,39.2419,39.2822,39.3236,39.3663,39.4103,39.4555,39.502,39.5499,39.599,39.6495,39.7014,39.7546,39.8092,39.8652,39.9226,39.9814,40.0417,40.1033,40.1664,40.231,40.297,40.3645,40.4334,40.5038,40.5757,40.649,40.7238,40.8001,40.8779,40.9571,41.0378,41.12,41.2036,41.2888,41.3753,41.4634,41.5529,41.6439,41.7363,41.8302,41.9255,42.0222,42.1204,42.22,42.321,42.4234,42.5273,42.6325,42.7391,42.8471,42.9565,43.0673,43.1794,43.2929,43.4077,43.5239,43.6413,43.7601,43.8803,44.0017,44.1244,44.2484,44.3737,44.5003,44.6281,44.7572,44.8875,45.019,45.1518,45.2858,45.421,45.5574,45.695,45.8338,45.9738,46.1149,46.2572,46.4007
32.3454,32.1448,31.9465,31.7505,31.557,31.3661,31.1777,30.9921,30.8093,30.6294,30.4525,30.2787,30.1081,29.9409,29.777,29.6167,29.46,29.3071,29.158,29.0129,28.8719,28.7351,28.6026,28.4744,28.3508,28.2319,28.1176,28.0082,27.9037,27.8042,27.7098,27.6206,27.5367,27.4581,27.3849,27.3171,27.2549,27.1982,27.1471,27.1015,27.0616,27.0274,26.9987,26.9757,26.9582,26.9463,26.94,26.9391,26.9436,26.9534,26.9686,26.9889,27.0143,27.0447,27.08,27.12,27.1648,27.214,27.2677,27.3257,27.3878,27.4539,27.5238,27.5975,27.6747,27.7554,27.8394,27.9265,28.0166,28.1095,28.2052,28.3033,28.404,28.5068,28.6119,28.7189,28.8278,28.9384,29.0507,29.1645,29.2796,29.396,29.5135,29.6321,29.7515,29.8718,29.9929,30.1145,30.2367,30.3593,30.4822,30.6054,30.7288,30.8523,30.9758,31.0993,31.2226,31.3457,31.4686,31.5912,31.7133,31.8351,31.9563,32.077,32.1971,32.3165,32.4352,32.5532,32.6704,32.7868,32.9023,33.0169,33.1305,33.2431,33.3548,33.4654,33.5749,33.6833,33.7905,33.8966,34.0016,34.1053,34.2077,34.309,34.4089,34.5076,34.6049,34.701,34.7956,34.889,34.9809,35.0715,35.1607,35.2485,35.3349,35.4198,35.5034,35.5855,35.6662,35.7454,35.8232,35.8995,35.9744,36.0479,36.1199,36.1905,36.2596,36.3273,36.3935,36.4583,36.5217,36.5837,36.6442,36.7034,36.7612,36.8175,36.8725,36.9262,36.9784,37.0294,37.079,37.1273,37.1743,37.22,37.2645,37.3077,37.3497,37.3905,37.4301,37.4685,37.5058,37.542,37.577,37.611,37.6439,37.6758,37.7067,37.7366,37.7656,37.7936,37.8208,37.847,37.8725,37.8971,37.9209,37.944,37.9664,37.9881,38.0092,38.0296,38.0495,38.0688,38.0876,38.1059,38.1238,38.1413,38.1584,38.1752,38.1917,38.2079,38.2239,38.2397,38.2554,38.271,38.2865,38.302,38.3175,38.3331,38.3487,38.3645,38.3805,38.3966,38.413,38.4297,38.4468,38.4642,38.482,38.5002,38.5189,38.5382,38.558,38.5784,38.5994,38.6211,38.6434,38.6666,38.6905,38.7152,38.7407,38.7671,38.7944,38.8226,38.8518,38.882,38.9133,38.9456,38.9789,39.0134,39.049,39.0857,39.1237,39.1628,39.2032,39.2448,39.2877,39.3319,39.3774,39.4242,39.4723,39.5219,39.5727,39.625,39.6787,39.7338,39.7903,39.8483,39.9077,39.9685,40.0308,40.0946,40.1599,40.2266,40.2948,40.3645,40.4357,40.5084,40.5826,40.6583,40.7355,40.8142,40.8944,40.9761,41.0592,41.1439,41.23,41.3177,41.4068,41.4974,41.5894,41.683,41.778,41.8744,41.9723,42.0716,42.1724,42.2746,42.3782,42.4832,42.5897,42.6975,42.8067,42.9173,43.0293,43.1426,43.2573,43.3734,43.4907,43.6094,43.7295,43.8508,43.9734,44.0974,44.2226,44.3491,44.4768,44.6059,44.7361,44.8676,45.0003,45.1343,45.2694,45.4058,45.5434,45.6821,45.822,45.9631,46.1053,46.2487,46.3932
32.2527,32.0493,31.8481,31.6493,31.4528,31.2589,31.0676,30.8789,30.6931,30.5101,30.3302,30.1533,29.9797,29.8093,29.6424,29.4791,29.3194,29.1634,29.0114,28.8634,28.7195,28.5798,28.4446,28.3138,28.1875,28.0661,27.9494,27.8376,27.7309,27.6293,27.533,27.442,27.3563,27.2762,27.2016,27.1326,27.0692,27.0116,26.9598,26.9137,26.8734,26.8389,26.8102,26.7873,26.7702,26.7588,26.7532,26.7531,26.7587,26.7697,26.7862,26.8081,26.8352,26.8674,26.9046,26.9468,26.9938,27.0454,27.1015,27.162,27.2267,27.2956,27.3683,27.4449,27.5251,27.6087,27.6957,27.7858,27.879,27.975,28.0738,28.1751,28.2788,28.3848,28.4929,28.6031,28.715,28.8287,28.944,29.0607,29.1787,29.298,29.4184,29.5397,29.6619,29.7849,29.9086,30.0328,30.1575,30.2825,30.4078,30.5334,30.659,30.7847,30.9104,31.0359,31.1613,31.2864,31.4111,31.5355,31.6595,31.7829,31.9058,32.0281,32.1497,32.2706,32.3907,32.51,32.6285,32.7461,32.8628,32.9785,33.0932,33.2069,33.3195,33.431,33.5413,33.6506,33.7586,33.8654,33.971,34.0754,34.1784,34.2802,34.3807,34.4798,34.5776,34.674,34.769,34.8626,34.9549,35.0457,35.1351,35.223,35.3095,35.3946,35.4782,35.5603,35.641,35.7202,35.7979,35.8742,35.949,36.0223,36.0941,36.1645,36.2334,36.3008,36.3668,36.4313,36.4944,36.556,36.6162,36.6749,36.7323,36.7882,36.8428,36.8959,36.9477,36.9981,37.0472,37.095,37.1414,37.1865,37.2304,37.273,37.3144,37.3545,37.3934,37.4312,37.4678,37.5032,37.5375,37.5708,37.603,37.6341,37.6642,37.6933,37.7215,37.7487,37.7751,37.8005,37.8251,37.8489,37.8719,37.8942,37.9157,37.9366,37.9568,37.9764,37.9954,38.0138,38.0318,38.0492,38.0663,38.0829,38.0991,38.1151,38.1307,38.1461,38.1613,38.1762,38.1911,38.2059,38.2206,38.2353,38.25,38.2648,38.2797,38.2947,38.3099,38.3254,38.3411,38.3571,38.3734,38.3902,38.4074,38.425,38.4431,38.4618,38.481,38.5009,38.5214,38.5426,38.5645,38.5872,38.6107,38.6351,38.6603,38.6863,38.7134,38.7414,38.7703,38.8004,38.8314,38.8636,38.8968,38.9312,38.9668,39.0036,39.0415,39.0808,39.1212,39.163,39.2061,39.2505,39.2962,39.3433,39.3917,39.4416,39.4929,39.5456,39.5997,39.6553,39.7123,39.7708,39.8308,39.8922,39.9552,40.0196,40.0856,40.153,40.222,40.2925,40.3645,40.4381,40.5131,40.5897,40.6678,40.7474,40.8286,40.9112,40.9954,41.0811,41.1683,41.257,41.3472,41.4388,41.532,41.6267,41.7228,41.8204,41.9194,42.0199,42.1219,42.2253,42.3301,42.4363,42.544,42.6531,42.7635,42.8753,42.9885,43.1031,43.2191,43.3363,43.455,43.5749,43.6962,43.8188,43.9426,44.0678,44.1943,44.322,44.451,44.5812,44.7127,44.8454,44.9793,45.1144,45.2508,45.3883,45.527,45.6669,45.808,45.9502,46.0935,46.238,46.3836
32.1567,31.9503,31.7461,31.5442,31.3447,31.1477,30.9532,30.7614,30.5723,30.3862,30.203,30.0229,29.846,29.6724,29.5023,29.3357,29.1728,29.0137,28.8586,28.7075,28.5605,28.4179,28.2797,28.146,28.0171,27.8929,27.7736,27.6594,27.5503,27.4465,27.3481,27.2551,27.1676,27.0858,27.0097,26.9394,26.8749,26.8163,26.7636,26.7169,26.6762,26.6415,26.6128,26.5901,26.5733,26.5625,26.5575,26.5584,26.5651,26.5774,26.5954,26.6188,26.6477,26.6819,26.7212,26.7657,26.815,26.8691,26.9278,26.991,27.0586,27.1303,27.206,27.2856,27.3689,27.4557,27.5459,27.6393,27.7357,27.835,27.9371,28.0417,28.1487,28.258,28.3694,28.4827,28.5979,28.7148,28.8332,28.953,29.0742,29.1965,29.3198,29.4441,29.5692,29.695,29.8214,29.9483,30.0756,30.2032,30.3311,30.4591,30.5871,30.7151,30.843,30.9707,31.0981,31.2253,31.352,31.4783,31.6041,31.7293,31.8539,31.9779,32.1011,32.2235,32.3451,32.4658,32.5857,32.7045,32.8224,32.9393,33.0551,33.1699,33.2835,33.3959,33.5072,33.6173,33.7261,33.8337,33.94,34.045,34.1487,34.2511,34.352,34.4517,34.5499,34.6467,34.7421,34.836,34.9285,35.0196,35.1092,35.1973,35.284,35.3691,35.4528,35.535,35.6157,35.6949,35.7725,35.8487,35.9234,35.9965,36.0682,36.1384,36.207,36.2742,36.3399,36.4041,36.4668,36.5281,36.5879,36.6463,36.7032,36.7587,36.8127,36.8654,36.9167,36.9666,37.0151,37.0623,37.1081,37.1527,37.1959,37.2379,37.2786,37.318,37.3563,37.3933,37.4292,37.4639,37.4975,37.53,37.5614,37.5917,37.621,37.6494,37.6767,37.7031,37.7286,37.7532,37.777,37.7999,37.822,37.8434,37.8641,37.8841,37.9034,37.9221,37.9402,37.9577,37.9748,37.9913,38.0075,38.0232,38.0385,38.0536,38.0683,38.0828,38.0971,38.1112,38.1252,38.1391,38.153,38.1669,38.1807,38.1947,38.2088,38.223,38.2375,38.2522,38.2671,38.2824,38.298,38.3141,38.3306,38.3476,38.365,38.3831,38.4018,38.4211,38.441,38.4617,38.4832,38.5054,38.5285,38.5524,38.5772,38.603,38.6297,38.6574,38.6861,38.7159,38.7468,38.7788,38.8119,38.8462,38.8817,38.9185,38.9565,38.9957,39.0363,39.0782,39.1214,39.166,39.2119,39.2593,39.3081,39.3583,39.4099,39.463,39.5175,39.5736,39.6311,39.6902,39.7507,39.8128,39.8764,39.9415,40.0081,40.0763,40.146,40.2173,40.2902,40.3645,40.4405,40.5179,40.597,40.6775,40.7596,40.8433,40.9285,41.0152,41.1034,41.1932,41.2845,41.3773,41.4716,41.5674,41.6646,41.7634,41.8636,41.9653,42.0685,42.1731,42.2791,42.3866,42.4955,42.6058,42.7175,42.8306,42.9451,43.0609,43.1781,43.2967,43.4166,43.5378,43.6603,43.7842,43.9093,44.0357,44.1634,44.2924,44.4226,44.5541,44.6868,44.8208,44.9559,45.0923,45.2298,45.3685,45.5084,45.6495,45.7917,45.9351,46.0796,46.2253,46.372
32.0575,31.848,31.6406,31.4356,31.2328,31.0325,30.8347,30.6396,30.4472,30.2577,30.0711,29.8876,29.7073,29.5303,29.3568,29.1868,29.0205,28.8581,28.6996,28.5452,28.395,28.2492,28.1079,27.9713,27.8393,27.7123,27.5903,27.4735,27.3619,27.2557,27.155,27.0599,26.9705,26.8869,26.8092,26.7375,26.6717,26.6121,26.5586,26.5112,26.47,26.4351,26.4063,26.3838,26.3674,26.3571,26.3529,26.3548,26.3626,26.3764,26.3959,26.4211,26.4519,26.4881,26.5297,26.5765,26.6283,26.6851,26.7466,26.8127,26.8832,26.958,27.0369,27.1197,27.2063,27.2964,27.39,27.4868,27.5867,27.6895,27.795,27.9031,28.0136,28.1263,28.2411,28.3579,28.4765,28.5967,28.7185,28.8416,28.966,29.0914,29.2179,29.3453,29.4734,29.6021,29.7314,29.8611,29.9912,30.1215,30.252,30.3825,30.513,30.6434,30.7737,30.9037,31.0333,31.1626,31.2914,31.4197,31.5474,31.6745,31.8008,31.9265,32.0513,32.1753,32.2985,32.4207,32.5419,32.6621,32.7813,32.8994,33.0164,33.1322,33.2469,33.3604,33.4726,33.5835,33.6932,33.8016,33.9086,34.0143,34.1186,34.2216,34.3231,34.4232,34.5219,34.6191,34.7149,34.8092,34.902,34.9933,35.0832,35.1715,35.2583,35.3435,35.4273,35.5095,35.5902,35.6694,35.747,35.8231,35.8976,35.9706,36.0421,36.1121,36.1805,36.2474,36.3128,36.3767,36.4391,36.5,36.5594,36.6174,36.6739,36.7289,36.7825,36.8347,36.8854,36.9348,36.9827,37.0293,37.0746,37.1185,37.1611,37.2024,37.2424,37.2811,37.3187,37.355,37.3901,37.4241,37.4569,37.4886,37.5192,37.5487,37.5772,37.6047,37.6312,37.6567,37.6814,37.7051,37.728,37.75,37.7712,37.7917,37.8115,37.8305,37.8489,37.8667,37.8838,37.9005,37.9166,37.9322,37.9474,37.9622,37.9766,37.9907,38.0045,38.0181,38.0315,38.0447,38.0578,38.0708,38.0837,38.0967,38.1097,38.1228,38.1361,38.1495,38.1631,38.177,38.1911,38.2056,38.2205,38.2358,38.2516,38.2679,38.2847,38.3021,38.3202,38.3388,38.3582,38.3784,38.3993,38.421,38.4436,38.4671,38.4915,38.5169,38.5432,38.5706,38.5991,38.6286,38.6593,38.6911,38.7241,38.7583,38.7937,38.8304,38.8684,38.9077,38.9483,38.9903,39.0337,39.0784,39.1246,39.1722,39.2212,39.2718,39.3237,39.3772,39.4322,39.4887,39.5468,39.6063,39.6674,39.7301,39.7943,39.8601,39.9275,39.9964,40.0669,40.1389,40.2126,40.2878,40.3646,40.443,40.5229,40.6045,40.6876,40.7722,40.8584,40.9462,41.0355,41.1263,41.2187,41.3127,41.4081,41.505,41.6035,41.7034,41.8049,41.9078,42.0122,42.118,42.2253,42.334,42.4442,42.5558,42.6687,42.7831,42.8989,43.016,43.1345,43.2543,43.3755,43.498,43.6219,43.747,43.8734,44.0011,44.1301,44.2604,44.3919,44.5246,44.6586,44.7938,44.9302,45.0678,45.2066,45.3465,45.4877,45.6299,45.7734,45.9179,46.0636,46.2104,46.3583
31.9551,31.7424,31.5317,31.3233,31.1172,30.9135,30.7122,30.5136,30.3177,30.1246,29.9345,29.7474,29.5635,29.383,29.2058,29.0323,28.8625,28.6965,28.5345,28.3767,28.2231,28.0739,27.9293,27.7895,27.6544,27.5244,27.3995,27.2798,27.1656,27.0568,26.9537,26.8564,26.765,26.6795,26.6,26.5268,26.4597,26.3989,26.3445,26.2964,26.2548,26.2195,26.1907,26.1683,26.1523,26.1427,26.1393,26.1423,26.1513,26.1665,26.1877,26.2147,26.2475,26.286,26.33,26.3793,26.4338,26.4933,26.5578,26.6269,26.7006,26.7787,26.8609,26.9472,27.0372,27.1309,27.2281,27.3285,27.432,27.5385,27.6476,27.7594,27.8735,27.9899,28.1084,28.2288,28.3509,28.4747,28.5999,28.7265,28.8542,28.983,29.1128,29.2433,29.3746,29.5064,29.6387,29.7714,29.9044,30.0375,30.1707,30.3039,30.437,30.5699,30.7025,30.8349,30.9668,31.0983,31.2293,31.3596,31.4893,31.6183,31.7466,31.874,32.0006,32.1262,32.2509,32.3747,32.4973,32.619,32.7395,32.8588,32.977,33.094,33.2097,33.3242,33.4374,33.5493,33.6599,33.7691,33.8769,33.9833,34.0883,34.1918,34.2939,34.3946,34.4937,34.5914,34.6875,34.7822,34.8753,34.9669,35.057,35.1455,35.2324,35.3178,35.4016,35.4839,35.5646,35.6438,35.7213,35.7973,35.8718,35.9446,36.0159,36.0857,36.1539,36.2205,36.2856,36.3492,36.4113,36.4718,36.5308,36.5883,36.6444,36.6989,36.752,36.8037,36.8539,36.9027,36.95,36.996,37.0407,37.0839,37.1258,37.1665,37.2058,37.2438,37.2806,37.3162,37.3505,37.3837,37.4157,37.4466,37.4764,37.5051,37.5327,37.5593,37.5849,37.6096,37.6333,37.6561,37.6781,37.6992,37.7195,37.739,37.7578,37.7759,37.7934,37.8102,37.8264,37.842,37.8572,37.8718,37.886,37.8998,37.9133,37.9264,37.9393,37.9519,37.9643,37.9765,37.9887,38.0007,38.0128,38.0248,38.0369,38.0491,38.0615,38.074,38.0867,38.0998,38.1131,38.1268,38.1409,38.1554,38.1704,38.186,38.2021,38.2188,38.2362,38.2542,38.273,38.2925,38.3129,38.3341,38.3562,38.3792,38.4031,38.4281,38.4541,38.4811,38.5092,38.5385,38.5689,38.6005,38.6333,38.6674,38.7027,38.7393,38.7773,38.8166,38.8573,38.8993,38.9428,38.9877,39.0341,39.0819,39.1312,39.1821,39.2344,39.2883,39.3437,39.4006,39.4592,39.5193,39.5809,39.6442,39.7091,39.7755,39.8436,39.9132,39.9845,40.0573,40.1318,40.2079,40.2856,40.3649,40.4458,40.5282,40.6123,40.698,40.7852,40.8741,40.9645,41.0564,41.1499,41.245,41.3416,41.4397,41.5394,41.6405,41.7432,41.8473,41.953,42.0601,42.1686,42.2786,42.3901,42.5029,42.6172,42.7329,42.8499,42.9684,43.0882,43.2093,43.3318,43.4557,43.5808,43.7073,43.835,43.9641,44.0944,44.2259,44.3587,44.4928,44.628,44.7645,44.9022,45.0411,45.1811,45.3223,45.4647,45.6082,45.7529,45.8986,46.0455,46.1935,46.3426
31.8497,31.6336,31.4195,31.2076,30.998,30.7907,30.5859,30.3836,30.184,29.9872,29.7933,29.6025,29.4149,29.2305,29.0496,28.8723,28.6988,28.529,28.3634,28.2019,28.0447,27.892,27.7439,27.6006,27.4623,27.329,27.201,27.0784,26.9613,26.8499,26.7442,26.6445,26.5509,26.4634,26.3821,26.3072,26.2387,26.1767,26.1213,26.0725,26.0303,25.9948,25.9659,25.9437,25.9281,25.9191,25.9166,25.9206,25.931,25.9478,25.9707,25.9997,26.0347,26.0755,26.1219,26.1739,26.2313,26.2938,26.3614,26.4338,26.5108,26.5924,26.6781,26.768,26.8617,26.9592,27.0601,27.1643,27.2717,27.382,27.4951,27.6107,27.7287,27.8489,27.9712,28.0953,28.2212,28.3487,28.4776,28.6077,28.739,28.8713,29.0045,29.1384,29.2729,29.408,29.5434,29.6792,29.8151,29.9512,30.0872,30.2232,30.359,30.4945,30.6297,30.7645,30.8988,31.0326,31.1658,31.2983,31.43,31.561,31.6912,31.8205,31.9488,32.0762,32.2025,32.3278,32.452,32.5751,32.6969,32.8176,32.9371,33.0552,33.1721,33.2877,33.4019,33.5147,33.6261,33.7362,33.8448,33.9519,34.0576,34.1618,34.2645,34.3657,34.4653,34.5634,34.66,34.755,34.8485,34.9403,35.0306,35.1193,35.2065,35.292,35.3759,35.4582,35.5389,35.6181,35.6956,35.7715,35.8458,35.9185,35.9896,36.0592,36.1271,36.1935,36.2583,36.3216,36.3833,36.4434,36.502,36.5591,36.6147,36.6687,36.7213,36.7724,36.8221,36.8703,36.9171,36.9625,37.0064,37.049,37.0903,37.1302,37.1688,37.2061,37.2421,37.2769,37.3105,37.3428,37.374,37.4041,37.433,37.4608,37.4876,37.5133,37.538,37.5617,37.5845,37.6064,37.6274,37.6475,37.6669,37.6854,37.7033,37.7204,37.7368,37.7526,37.7678,37.7824,37.7965,37.8102,37.8234,37.8362,37.8486,37.8607,37.8725,37.8841,37.8955,37.9068,37.9179,37.929,37.9401,37.9512,37.9623,37.9736,37.985,37.9966,38.0084,38.0206,38.033,38.0459,38.0591,38.0728,38.087,38.1018,38.1171,38.1331,38.1498,38.1671,38.1853,38.2042,38.2239,38.2446,38.2661,38.2886,38.3121,38.3366,38.3621,38.3888,38.4166,38.4455,38.4756,38.507,38.5396,38.5735,38.6087,38.6452,38.6831,38.7224,38.7631,38.8053,38.8488,38.8939,38.9404,38.9885,39.0381,39.0892,39.1419,39.1961,39.2519,39.3093,39.3683,39.429,39.4912,39.555,39.6205,39.6877,39.7564,39.8268,39.8988,39.9725,40.0478,40.1247,40.2033,40.2835,40.3654,40.4488,40.5339,40.6206,40.7089,40.7988,40.8903,40.9834,41.078,41.1743,41.272,41.3714,41.4722,41.5746,41.6785,41.7839,41.8908,41.9992,42.1091,42.2204,42.3331,42.4473,42.5629,42.6799,42.7983,42.9181,43.0392,43.1617,43.2856,43.4108,43.5373,43.6651,43.7941,43.9245,44.0562,44.189,44.3232,44.4585,44.5951,44.7329,44.8719,45.0121,45.1534,45.2959,45.4395,45.5843,45.7302,45.8772,46.0254,46.1746,46.3249
31.7414,31.5217,31.3041,31.0886,30.8753,30.6643,30.4557,30.2496,30.0462,29.8455,29.6477,29.453,29.2614,29.0731,28.8882,28.707,28.5294,28.3558,28.1862,28.0209,27.8599,27.7034,27.5517,27.4048,27.263,27.1263,26.995,26.8692,26.7491,26.6348,26.5265,26.4242,26.3282,26.2385,26.1553,26.0787,26.0087,25.9454,25.8889,25.8393,25.7965,25.7606,25.7317,25.7096,25.6945,25.6862,25.6846,25.6898,25.7016,25.72,25.7448,25.7759,25.8131,25.8564,25.9056,25.9604,26.0208,26.0865,26.1574,26.2332,26.3138,26.399,26.4885,26.5822,26.6798,26.7812,26.8862,26.9944,27.1058,27.2202,27.3373,27.457,27.579,27.7033,27.8296,27.9577,28.0875,28.2188,28.3515,28.4854,28.6204,28.7564,28.8931,29.0305,29.1685,29.3069,29.4456,29.5846,29.7237,29.8627,30.0017,30.1406,30.2791,30.4174,30.5552,30.6925,30.8293,30.9655,31.1009,31.2357,31.3696,31.5027,31.6348,31.766,31.8962,32.0253,32.1534,32.2803,32.406,32.5305,32.6538,32.7759,32.8966,33.016,33.134,33.2507,33.3659,33.4797,33.5921,33.703,33.8124,33.9203,34.0267,34.1316,34.2349,34.3366,34.4368,34.5354,34.6324,34.7277,34.8215,34.9137,35.0042,35.0931,35.1804,35.2661,35.3501,35.4325,35.5132,35.5923,35.6697,35.7456,35.8198,35.8923,35.9633,36.0326,36.1003,36.1664,36.2309,36.2938,36.3551,36.4149,36.4731,36.5297,36.5848,36.6384,36.6904,36.741,36.7901,36.8377,36.8839,36.9286,36.9719,37.0138,37.0544,37.0936,37.1314,37.168,37.2032,37.2372,37.2699,37.3015,37.3318,37.361,37.389,37.4159,37.4418,37.4666,37.4903,37.5131,37.5349,37.5558,37.5759,37.595,37.6133,37.6309,37.6477,37.6637,37.6791,37.6939,37.708,37.7216,37.7347,37.7473,37.7594,37.7711,37.7825,37.7936,37.8044,37.8149,37.8253,37.8355,37.8456,37.8556,37.8657,37.8757,37.8859,37.8961,37.9066,37.9172,37.9281,37.9393,37.9508,37.9628,37.9751,37.988,38.0014,38.0153,38.0298,38.045,38.061,38.0776,38.095,38.1133,38.1324,38.1524,38.1733,38.1953,38.2182,38.2423,38.2674,38.2936,38.321,38.3496,38.3794,38.4105,38.4429,38.4766,38.5116,38.5481,38.5859,38.6251,38.6658,38.708,38.7517,38.7968,38.8436,38.8918,38.9416,38.993,39.046,39.1006,39.1569,39.2147,39.2742,39.3354,39.3982,39.4626,39.5287,39.5965,39.666,39.7371,39.8099,39.8844,39.9605,40.0383,40.1178,40.199,40.2818,40.3662,40.4523,40.5401,40.6294,40.7204,40.813,40.9073,41.0031,41.1005,41.1995,41.3,41.4021,41.5057,41.6109,41.7176,41.8258,41.9355,42.0466,42.1593,42.2733,42.3889,42.5058,42.6242,42.7439,42.8651,42.9876,43.1115,43.2367,43.3633,43.4911,43.6203,43.7508,43.8825,44.0155,44.1498,44.2853,44.422,44.5599,44.699,44.8394,44.9808,45.1235,45.2673,45.4122,45.5583,45.7055,45.8538,46.0032,46.1536,46.3052
31.6302,31.407,31.1857,30.9664,30.7492,30.5343,30.3218,30.1117,29.9043,29.6996,29.4977,29.2988,29.1031,28.9107,28.7217,28.5363,28.3546,28.1768,28.0032,27.8337,27.6688,27.5084,27.3527,27.202,27.0565,26.9162,26.7814,26.6523,26.529,26.4116,26.3004,26.1954,26.0969,26.0049,25.9196,25.8411,25.7695,25.7048,25.6472,25.5966,25.5533,25.517,25.488,25.4661,25.4514,25.4438,25.4433,25.4497,25.463,25.4831,25.5099,25.5432,25.5829,25.6288,25.6808,25.7387,25.8023,25.8713,25.9457,26.0252,26.1096,26.1986,26.2921,26.3898,26.4916,26.5971,26.7062,26.8188,26.9344,27.0531,27.1745,27.2984,27.4247,27.5532,27.6836,27.8159,27.9498,28.0852,28.2219,28.3597,28.4986,28.6383,28.7788,28.9199,29.0614,29.2033,29.3454,29.4877,29.63,29.7722,29.9143,30.0561,30.1976,30.3386,30.4792,30.6191,30.7585,30.8971,31.0349,31.1719,31.3081,31.4433,31.5775,31.7106,31.8427,31.9737,32.1035,32.232,32.3594,32.4854,32.6102,32.7336,32.8557,32.9763,33.0955,33.2133,33.3296,33.4445,33.5578,33.6696,33.7798,33.8885,33.9957,34.1012,34.2051,34.3074,34.4081,34.5072,34.6046,34.7004,34.7945,34.887,34.9778,35.0669,35.1543,35.2401,35.3242,35.4067,35.4874,35.5665,35.6439,35.7196,35.7937,35.8661,35.9368,36.0059,36.0734,36.1392,36.2034,36.266,36.3269,36.3862,36.444,36.5002,36.5548,36.6079,36.6594,36.7094,36.7579,36.8049,36.8504,36.8945,36.9371,36.9783,37.0181,37.0566,37.0937,37.1294,37.1639,37.197,37.2289,37.2596,37.289,37.3173,37.3444,37.3704,37.3953,37.4192,37.442,37.4638,37.4846,37.5045,37.5235,37.5416,37.5589,37.5754,37.5911,37.6061,37.6204,37.6341,37.6472,37.6597,37.6716,37.6831,37.6941,37.7048,37.7151,37.725,37.7347,37.7441,37.7534,37.7625,37.7716,37.7805,37.7895,37.7985,37.8076,37.8168,37.8262,37.8359,37.8458,37.856,37.8666,37.8775,37.889,37.9009,37.9134,37.9265,37.9402,37.9546,37.9697,37.9855,38.0022,38.0198,38.0382,38.0575,38.0779,38.0992,38.1216,38.1451,38.1698,38.1956,38.2225,38.2508,38.2803,38.311,38.3432,38.3766,38.4115,38.4478,38.4855,38.5247,38.5654,38.6076,38.6513,38.6966,38.7434,38.7919,38.8419,38.8936,38.9469,39.0019,39.0585,39.1168,39.1768,39.2384,39.3018,39.3668,39.4336,39.5021,39.5722,39.6441,39.7177,39.793,39.87,39.9487,40.0291,40.1112,40.1949,40.2804,40.3675,40.4563,40.5468,40.6389,40.7326,40.828,40.925,41.0236,41.1238,41.2256,41.329,41.4339,41.5403,41.6483,41.7578,41.8688,41.9814,42.0953,42.2108,42.3277,42.446,42.5657,42.6869,42.8094,42.9334,43.0586,43.1852,43.3132,43.4425,43.573,43.7049,43.8381,43.9725,44.1081,44.245,44.3831,44.5224,44.6629,44.8046,44.9474,45.0914,45.2365,45.3828,45.5302,45.6787,45.8283,45.9789,46.1307,46.2835
31.5165,31.2894,31.0642,30.8411,30.6199,30.401,30.1844,29.9702,29.7585,29.5496,29.3435,29.1403,28.9402,28.7435,28.5501,28.3603,28.1743,27.9922,27.8142,27.6405,27.4713,27.3067,27.147,26.9923,26.8428,26.6988,26.5603,26.4276,26.3008,26.1802,26.0659,25.9581,25.8569,25.7624,25.6749,25.5944,25.521,25.4548,25.396,25.3445,25.3005,25.2638,25.2347,25.213,25.1988,25.1919,25.1924,25.2002,25.2151,25.237,25.2659,25.3015,25.3438,25.3925,25.4476,25.5086,25.5756,25.6483,25.7264,25.8097,25.898,25.9912,26.0888,26.1908,26.2969,26.4069,26.5204,26.6374,26.7576,26.8807,27.0066,27.135,27.2657,27.3986,27.5335,27.6701,27.8083,27.9479,28.0888,28.2307,28.3736,28.5173,28.6617,28.8065,28.9518,29.0973,29.2429,29.3887,29.5343,29.6798,29.825,29.9699,30.1144,30.2583,30.4017,30.5444,30.6863,30.8275,30.9678,31.1072,31.2456,31.383,31.5193,31.6545,31.7885,31.9213,32.0529,32.1832,32.3122,32.4398,32.5661,32.6909,32.8143,32.9363,33.0567,33.1757,33.2931,33.409,33.5233,33.636,33.7471,33.8566,33.9645,34.0707,34.1753,34.2782,34.3794,34.4789,34.5768,34.673,34.7675,34.8602,34.9513,35.0406,35.1283,35.2142,35.2984,35.3809,35.4616,35.5407,35.618,35.6937,35.7676,35.8398,35.9104,35.9793,36.0465,36.112,36.1758,36.238,36.2986,36.3575,36.4148,36.4705,36.5247,36.5772,36.6282,36.6776,36.7255,36.7718,36.8167,36.8601,36.902,36.9425,36.9816,37.0193,37.0555,37.0905,37.1241,37.1564,37.1874,37.2172,37.2457,37.2731,37.2993,37.3243,37.3482,37.3711,37.3929,37.4137,37.4335,37.4523,37.4702,37.4873,37.5035,37.5189,37.5335,37.5474,37.5606,37.5732,37.5851,37.5965,37.6073,37.6177,37.6276,37.6371,37.6462,37.655,37.6635,37.6719,37.68,37.688,37.6959,37.7037,37.7116,37.7195,37.7275,37.7356,37.744,37.7525,37.7614,37.7706,37.7801,37.7901,37.8006,37.8116,37.8231,37.8353,37.8481,37.8616,37.8759,37.8909,37.9068,37.9236,37.9413,37.96,37.9797,38.0004,38.0222,38.0452,38.0693,38.0946,38.1211,38.1489,38.178,38.2085,38.2403,38.2736,38.3082,38.3443,38.3819,38.421,38.4617,38.5039,38.5477,38.593,38.64,38.6886,38.7389,38.7909,38.8445,38.8998,38.9568,39.0155,39.076,39.1382,39.2021,39.2677,39.3351,39.4043,39.4751,39.5478,39.6221,39.6983,39.7761,39.8557,39.937,40.0201,40.1048,40.1913,40.2795,40.3694,40.4609,40.5542,40.6491,40.7456,40.8438,40.9437,41.0451,41.1482,41.2528,41.359,41.4668,41.5761,41.687,41.7993,41.9132,42.0286,42.1454,42.2637,42.3834,42.5046,42.6272,42.7511,42.8765,43.0032,43.1312,43.2606,43.3913,43.5233,43.6566,43.7912,43.927,44.0641,44.2023,44.3419,44.4826,44.6245,44.7675,44.9118,45.0571,45.2036,45.3513,45.5,45.6498,45.8007,45.9527,46.1058,46.2599
31.4002,31.1692,30.94,30.7128,30.4875,30.2644,30.0435,29.825,29.609,29.3957,29.1851,28.9774,28.7729,28.5715,28.3736,28.1793,27.9887,27.802,27.6195,27.4413,27.2677,27.0987,26.9346,26.7757,26.622,26.4739,26.3315,26.195,26.0647,25.9406,25.823,25.7121,25.6081,25.511,25.4211,25.3384,25.2632,25.1954,25.1352,25.0827,25.038,25.0009,24.9717,24.9502,24.9364,24.9304,24.932,24.9411,24.9577,24.9816,25.0127,25.0508,25.0959,25.1476,25.2058,25.2703,25.3408,25.4173,25.4993,25.5867,25.6793,25.7767,25.8788,25.9853,26.096,26.2105,26.3288,26.4505,26.5753,26.7032,26.8337,26.9669,27.1023,27.2398,27.3792,27.5204,27.6631,27.8071,27.9523,28.0985,28.2456,28.3934,28.5418,28.6906,28.8397,28.9889,29.1383,29.2876,29.4367,29.5855,29.7341,29.8821,30.0297,30.1766,30.3229,30.4684,30.613,30.7568,30.8996,31.0415,31.1822,31.3219,31.4604,31.5976,31.7337,31.8684,32.0018,32.1339,32.2646,32.3938,32.5216,32.6479,32.7727,32.896,33.0177,33.1378,33.2564,33.3733,33.4886,33.6022,33.7142,33.8246,33.9332,34.0401,34.1453,34.2489,34.3506,34.4507,34.549,34.6456,34.7404,34.8335,34.9248,35.0144,35.1022,35.1882,35.2725,35.3551,35.4359,35.5149,35.5922,35.6677,35.7415,35.8136,35.8839,35.9526,36.0195,36.0847,36.1482,36.2101,36.2702,36.3287,36.3856,36.4408,36.4944,36.5464,36.5968,36.6456,36.6929,36.7386,36.7828,36.8255,36.8667,36.9064,36.9447,36.9816,37.0171,37.0512,37.0839,37.1154,37.1455,37.1743,37.2019,37.2283,37.2535,37.2776,37.3005,37.3223,37.3431,37.3628,37.3816,37.3993,37.4162,37.4321,37.4472,37.4615,37.475,37.4877,37.4998,37.5112,37.5219,37.5321,37.5418,37.5509,37.5597,37.568,37.5759,37.5835,37.5909,37.598,37.605,37.6118,37.6185,37.6252,37.6319,37.6386,37.6455,37.6525,37.6597,37.6672,37.6749,37.683,37.6915,37.7005,37.7099,37.7199,37.7305,37.7417,37.7536,37.7662,37.7796,37.7938,37.8089,37.8248,37.8418,37.8597,37.8787,37.8988,37.9199,37.9423,37.9658,37.9906,38.0167,38.0441,38.0728,38.1029,38.1344,38.1673,38.2018,38.2377,38.2751,38.3141,38.3547,38.3969,38.4407,38.4862,38.5333,38.5821,38.6326,38.6848,38.7387,38.7943,38.8517,38.9109,38.9718,39.0345,39.099,39.1652,39.2333,39.3031,39.3747,39.4481,39.5232,39.6002,39.6789,39.7594,39.8417,39.9257,40.0115,40.099,40.1882,40.2792,40.3719,40.4663,40.5624,40.6601,40.7596,40.8606,40.9633,41.0677,41.1736,41.2812,41.3903,41.501,41.6132,41.7269,41.8422,41.959,42.0772,42.1969,42.3181,42.4407,42.5647,42.6901,42.8169,42.9451,43.0746,43.2055,43.3376,43.4711,43.6058,43.7419,43.8791,44.0177,44.1574,44.2983,44.4405,44.5838,44.7283,44.8739,45.0207,45.1686,45.3176,45.4678,45.6189,45.7712,45.9245,46.0789,46.2343
31.2815,31.0465,30.8132,30.5817,30.3522,30.1247,29.8994,29.6765,29.4559,29.238,29.0227,28.8104,28.6011,28.395,28.1923,27.9932,27.7978,27.6064,27.4191,27.2362,27.0578,26.8842,26.7156,26.5522,26.3941,26.2417,26.0952,25.9547,25.8205,25.6928,25.5717,25.4575,25.3504,25.2506,25.1581,25.0731,24.9959,24.9264,24.8648,24.8112,24.7656,24.7282,24.6988,24.6774,24.6642,24.659,24.6617,24.6723,24.6907,24.7167,24.7502,24.791,24.8389,24.8938,24.9554,25.0235,25.0979,25.1783,25.2645,25.3562,25.4532,25.5552,25.662,25.7733,25.8887,26.0082,26.1313,26.258,26.3878,26.5206,26.6561,26.7941,26.9344,27.0768,27.221,27.3669,27.5142,27.6628,27.8126,27.9632,28.1147,28.2668,28.4193,28.5722,28.7253,28.8784,29.0315,29.1845,29.3372,29.4896,29.6415,29.7929,29.9436,30.0936,30.2428,30.3912,30.5387,30.6851,30.8306,30.9749,31.1181,31.26,31.4007,31.5402,31.6783,31.815,31.9503,32.0842,32.2166,32.3474,32.4768,32.6046,32.7308,32.8555,32.9784,33.0998,33.2195,33.3375,33.4538,33.5684,33.6813,33.7925,33.9019,34.0095,34.1154,34.2196,34.3219,34.4225,34.5212,34.6182,34.7134,34.8068,34.8984,34.9882,35.0762,35.1624,35.2468,35.3293,35.4101,35.4891,35.5664,35.6418,35.7155,35.7874,35.8575,35.9259,35.9925,36.0574,36.1206,36.1821,36.2418,36.2999,36.3562,36.411,36.464,36.5155,36.5653,36.6135,36.6601,36.7051,36.7486,36.7906,36.8311,36.87,36.9076,36.9436,36.9783,37.0115,37.0434,37.0739,37.1031,37.131,37.1576,37.183,37.2072,37.2303,37.2522,37.2729,37.2926,37.3112,37.3289,37.3455,37.3612,37.376,37.39,37.4031,37.4154,37.427,37.4378,37.448,37.4576,37.4666,37.475,37.4829,37.4904,37.4975,37.5042,37.5106,37.5167,37.5226,37.5283,37.5339,37.5394,37.5449,37.5504,37.5559,37.5616,37.5674,37.5735,37.5798,37.5864,37.5934,37.6008,37.6086,37.617,37.6259,37.6355,37.6457,37.6566,37.6682,37.6807,37.694,37.7082,37.7234,37.7395,37.7567,37.7749,37.7943,37.8148,37.8365,37.8595,37.8837,37.9092,37.9361,37.9644,37.9941,38.0253,38.0579,38.0921,38.1278,38.1651,38.204,38.2445,38.2866,38.3305,38.376,38.4232,38.4721,38.5228,38.5753,38.6295,38.6855,38.7432,38.8028,38.8642,38.9274,38.9925,39.0593,39.128,39.1985,39.2708,39.345,39.421,39.4988,39.5784,39.6598,39.743,39.828,39.9148,40.0034,40.0937,40.1858,40.2796,40.3752,40.4725,40.5715,40.6721,40.7745,40.8785,40.9841,41.0914,41.2003,41.3108,41.4228,41.5365,41.6516,41.7683,41.8865,42.0062,42.1274,42.2501,42.3741,42.4996,42.6265,42.7548,42.8844,43.0154,43.1478,43.2814,43.4164,43.5526,43.6902,43.8289,43.9689,44.1101,44.2526,44.3962,44.5409,44.6869,44.834,44.9822,45.1315,45.2819,45.4335,45.586,45.7397,45.8944,46.0501,46.2069
31.1606,30.9214,30.6838,30.448,30.2141,29.9821,29.7522,29.5246,29.2993,29.0766,28.8565,28.6393,28.4251,28.2141,28.0064,27.8023,27.6019,27.4054,27.2132,27.0253,26.8419,26.6634,26.49,26.3218,26.1592,26.0022,25.8513,25.7066,25.5683,25.4366,25.3119,25.1942,25.0839,24.981,24.8858,24.7984,24.719,24.6477,24.5846,24.5298,24.4834,24.4454,24.4158,24.3947,24.382,24.3776,24.3816,24.3938,24.414,24.4422,24.4782,24.5218,24.5728,24.6311,24.6963,24.7682,24.8466,24.9313,25.0219,25.1182,25.2199,25.3268,25.4385,25.5547,25.6753,25.7999,25.9282,26.06,26.195,26.333,26.4736,26.6168,26.7622,26.9096,27.0589,27.2097,27.3619,27.5153,27.6697,27.825,27.981,28.1375,28.2944,28.4515,28.6087,28.7659,28.9229,29.0797,29.2361,29.3921,29.5475,29.7022,29.8562,30.0094,30.1617,30.313,30.4634,30.6126,30.7607,30.9076,31.0532,31.1976,31.3406,31.4822,31.6224,31.7611,31.8984,32.0341,32.1682,32.3008,32.4318,32.5611,32.6888,32.8148,32.9391,33.0617,33.1825,33.3017,33.419,33.5346,33.6484,33.7604,33.8706,33.979,34.0856,34.1903,34.2932,34.3943,34.4936,34.5909,34.6865,34.7802,34.8721,34.9621,35.0503,35.1366,35.2211,35.3037,35.3845,35.4635,35.5406,35.616,35.6895,35.7612,35.8311,35.8992,35.9656,36.0302,36.093,36.154,36.2134,36.271,36.3269,36.3811,36.4336,36.4844,36.5336,36.5812,36.6272,36.6715,36.7143,36.7555,36.7952,36.8334,36.8701,36.9053,36.9391,36.9715,37.0024,37.032,37.0602,37.0872,37.1128,37.1372,37.1604,37.1824,37.2032,37.2228,37.2414,37.2589,37.2754,37.2909,37.3055,37.3191,37.3318,37.3438,37.3549,37.3652,37.3748,37.3838,37.3921,37.3998,37.407,37.4136,37.4198,37.4256,37.4311,37.4362,37.441,37.4456,37.4501,37.4544,37.4586,37.4628,37.467,37.4713,37.4758,37.4804,37.4852,37.4903,37.4957,37.5015,37.5078,37.5145,37.5218,37.5296,37.5381,37.5472,37.5571,37.5677,37.5792,37.5916,37.6049,37.6192,37.6345,37.6508,37.6683,37.6869,37.7067,37.7277,37.7501,37.7737,37.7987,37.8251,37.8529,37.8822,37.913,37.9453,37.9792,38.0147,38.0517,38.0905,38.1309,38.173,38.2168,38.2624,38.3097,38.3588,38.4096,38.4623,38.5168,38.5731,38.6313,38.6913,38.7532,38.8169,38.8825,38.9499,39.0193,39.0905,39.1635,39.2385,39.3153,39.3939,39.4744,39.5568,39.641,39.727,39.8148,39.9045,39.9959,40.0891,40.1841,40.2809,40.3794,40.4796,40.5816,40.6852,40.7905,40.8975,41.0062,41.1164,41.2283,41.3418,41.4569,41.5735,41.6916,41.8113,41.9325,42.0551,42.1793,42.3048,42.4318,42.5602,42.69,42.8212,42.9537,43.0876,43.2228,43.3593,43.497,43.6361,43.7763,43.9179,44.0606,44.2045,44.3496,44.4959,44.6433,44.7919,44.9415,45.0923,45.2442,45.3972,45.5512,45.7062,45.8623,46.0194,46.1776
31.0376,30.7941,30.5521,30.3118,30.0733,29.8366,29.602,29.3696,29.1394,28.9117,28.6867,28.4644,28.245,28.0288,27.8159,27.6065,27.4009,27.1992,27.0017,26.8086,26.6201,26.4364,26.2579,26.0847,25.9172,25.7555,25.5999,25.4506,25.308,25.1722,25.0435,24.9222,24.8083,24.7023,24.6041,24.5141,24.4324,24.3591,24.2944,24.2383,24.191,24.1524,24.1227,24.1017,24.0896,24.0862,24.0914,24.1053,24.1275,24.1581,24.1967,24.2433,24.2976,24.3594,24.4284,24.5044,24.5871,24.6763,24.7716,24.8727,24.9794,25.0913,25.2082,25.3298,25.4557,25.5856,25.7194,25.8566,25.9971,26.1405,26.2866,26.4351,26.5859,26.7386,26.893,27.0489,27.2062,27.3646,27.5239,27.684,27.8447,28.0057,28.1671,28.3286,28.4901,28.6514,28.8125,28.9732,29.1334,29.2931,29.4521,29.6103,29.7677,29.9241,30.0796,30.234,30.3872,30.5393,30.6901,30.8396,30.9878,31.1346,31.2799,31.4238,31.5661,31.7069,31.8461,31.9837,32.1197,32.254,32.3866,32.5175,32.6466,32.774,32.8997,33.0235,33.1456,33.2658,33.3842,33.5008,33.6155,33.7284,33.8394,33.9485,34.0558,34.1612,34.2647,34.3663,34.466,34.5638,34.6597,34.7537,34.8459,34.9361,35.0245,35.1109,35.1955,35.2782,35.359,35.4379,35.515,35.5902,35.6636,35.7351,35.8048,35.8727,35.9387,36.0029,36.0654,36.126,36.1849,36.2421,36.2975,36.3511,36.4031,36.4533,36.5019,36.5488,36.5941,36.6378,36.6798,36.7203,36.7592,36.7965,36.8324,36.8667,36.8996,36.9311,36.9611,36.9897,37.017,37.0429,37.0675,37.0909,37.113,37.1339,37.1536,37.1721,37.1895,37.2059,37.2212,37.2355,37.2489,37.2613,37.2728,37.2835,37.2933,37.3024,37.3107,37.3184,37.3254,37.3318,37.3377,37.343,37.3479,37.3524,37.3565,37.3603,37.3638,37.367,37.3702,37.3731,37.3761,37.379,37.3819,37.3849,37.388,37.3914,37.3949,37.3988,37.403,37.4075,37.4126,37.4181,37.4242,37.4309,37.4382,37.4463,37.4551,37.4647,37.4751,37.4865,37.4989,37.5122,37.5266,37.5421,37.5587,37.5766,37.5956,37.616,37.6376,37.6606,37.685,37.7109,37.7382,37.7671,37.7974,37.8294,37.863,37.8982,37.935,37.9736,38.0139,38.0559,38.0997,38.1453,38.1927,38.2419,38.293,38.3459,38.4006,38.4573,38.5158,38.5763,38.6386,38.7029,38.769,38.8371,38.9071,38.979,39.0528,39.1285,39.2061,39.2856,39.3671,39.4504,39.5355,39.6226,39.7115,39.8022,39.8948,39.9892,40.0854,40.1833,40.2831,40.3846,40.4878,40.5928,40.6995,40.8079,40.9179,41.0296,41.1429,41.2578,41.3743,41.4924,41.612,41.7332,41.8559,41.9801,42.1057,42.2328,42.3614,42.4913,42.6227,42.7554,42.8895,43.0249,43.1617,43.2997,43.439,43.5796,43.7214,43.8645,44.0088,44.1542,44.3008,44.4486,44.5976,44.7476,44.8988,45.0511,45.2044,45.3588,45.5143,45.6708,45.8284,45.9869,46.1464
30.9128,30.6648,30.4183,30.1733,29.9301,29.6886,29.4491,29.2116,28.9764,28.7436,28.5133,28.2857,28.061,27.8394,27.6211,27.4062,27.1951,26.9879,26.7849,26.5863,26.3923,26.2033,26.0194,25.841,25.6682,25.5014,25.3409,25.1869,25.0397,24.8995,24.7666,24.6413,24.5238,24.4143,24.313,24.2202,24.136,24.0606,23.9941,23.9367,23.8883,23.8491,23.8192,23.7984,23.7869,23.7844,23.7911,23.8066,23.831,23.8641,23.9056,23.9553,24.0131,24.0787,24.1518,24.2321,24.3193,24.4132,24.5134,24.6197,24.7316,24.8489,24.9713,25.0984,25.23,25.3656,25.505,25.648,25.7942,25.9433,26.095,26.2492,26.4055,26.5637,26.7235,26.8848,27.0474,27.2109,27.3753,27.5403,27.7059,27.8717,28.0377,28.2037,28.3696,28.5352,28.7004,28.8652,29.0294,29.1928,29.3555,29.5173,29.6781,29.8379,29.9966,30.1541,30.3104,30.4653,30.6189,30.7712,30.9219,31.0712,31.2189,31.365,31.5096,31.6525,31.7937,31.9332,32.071,32.207,32.3413,32.4738,32.6044,32.7333,32.8603,32.9854,33.1087,33.23,33.3495,33.4671,33.5828,33.6965,33.8083,33.9182,34.0262,34.1322,34.2363,34.3384,34.4386,34.5368,34.6331,34.7274,34.8199,34.9103,34.9988,35.0854,35.1701,35.2528,35.3336,35.4125,35.4895,35.5646,35.6378,35.7091,35.7786,35.8462,35.9119,35.9758,36.0378,36.0981,36.1565,36.2132,36.268,36.3212,36.3725,36.4222,36.4701,36.5164,36.5609,36.6038,36.6451,36.6848,36.7229,36.7594,36.7944,36.8279,36.8598,36.8903,36.9194,36.947,36.9733,36.9982,37.0217,37.044,37.065,37.0848,37.1033,37.1207,37.137,37.1522,37.1663,37.1793,37.1914,37.2026,37.2128,37.2222,37.2307,37.2385,37.2455,37.2519,37.2575,37.2626,37.2671,37.2711,37.2746,37.2777,37.2804,37.2828,37.285,37.2869,37.2886,37.2902,37.2918,37.2933,37.2949,37.2965,37.2983,37.3003,37.3026,37.3051,37.308,37.3113,37.3151,37.3194,37.3242,37.3297,37.3359,37.3428,37.3505,37.359,37.3684,37.3787,37.3901,37.4024,37.4159,37.4305,37.4463,37.4633,37.4815,37.5011,37.5221,37.5444,37.5682,37.5935,37.6203,37.6486,37.6786,37.7102,37.7434,37.7783,37.8149,37.8533,37.8935,37.9354,37.9792,38.0248,38.0722,38.1216,38.1728,38.2259,38.281,38.3379,38.3968,38.4577,38.5205,38.5853,38.652,38.7207,38.7913,38.864,38.9385,39.015,39.0935,39.1739,39.2563,39.3405,39.4267,39.5148,39.6048,39.6966,39.7903,39.8859,39.9833,40.0825,40.1836,40.2864,40.391,40.4973,40.6053,40.7151,40.8265,40.9397,41.0544,41.1708,41.2888,41.4084,41.5296,41.6523,41.7765,41.9023,42.0295,42.1582,42.2883,42.4198,42.5528,42.6871,42.8228,42.9598,43.0981,43.2377,43.3786,43.5208,43.6642,43.8088,43.9547,44.1017,44.2499,44.3992,44.5497,44.7013,44.854,45.0078,45.1627,45.3186,45.4755,45.6335,45.7925,45.9525,46.1135
30.7862,30.5337,30.2825,30.0327,29.7846,29.5381,29.2935,29.0509,28.8104,28.5723,28.3365,28.1035,27.8732,27.646,27.422,27.2015,26.9846,26.7717,26.5629,26.3585,26.1589,25.9641,25.7746,25.5906,25.4124,25.2402,25.0745,24.9154,24.7633,24.6184,24.4811,24.3516,24.2301,24.117,24.0124,23.9166,23.8297,23.752,23.6836,23.6247,23.5752,23.5354,23.5052,23.4846,23.4736,23.4722,23.4803,23.4978,23.5244,23.5601,23.6046,23.6577,23.7192,23.7888,23.8662,23.9511,24.0431,24.1421,24.2475,24.3592,24.4767,24.5997,24.7278,24.8608,24.9982,25.1398,25.2853,25.4342,25.5863,25.7414,25.8991,26.0591,26.2212,26.3851,26.5506,26.7175,26.8855,27.0544,27.224,27.3942,27.5647,27.7355,27.9063,28.0769,28.2473,28.4174,28.5869,28.7558,28.924,29.0914,29.2579,29.4233,29.5877,29.7509,29.9129,30.0736,30.2329,30.3909,30.5473,30.7023,30.8557,31.0074,31.1576,31.3061,31.4528,31.5979,31.7411,31.8826,32.0223,32.1601,32.296,32.4301,32.5623,32.6926,32.821,32.9474,33.0719,33.1944,33.315,33.4335,33.5502,33.6648,33.7774,33.8881,33.9967,34.1034,34.2081,34.3107,34.4114,34.51,34.6067,34.7014,34.794,34.8847,34.9734,35.0601,35.1449,35.2276,35.3084,35.3873,35.4642,35.5391,35.6122,35.6833,35.7525,35.8198,35.8852,35.9487,36.0104,36.0702,36.1281,36.1843,36.2386,36.2912,36.3419,36.391,36.4382,36.4838,36.5276,36.5698,36.6103,36.6492,36.6864,36.7221,36.7562,36.7887,36.8197,36.8493,36.8773,36.9039,36.9292,36.953,36.9755,36.9966,37.0165,37.0351,37.0525,37.0687,37.0837,37.0977,37.1105,37.1223,37.1332,37.143,37.1519,37.16,37.1672,37.1736,37.1793,37.1842,37.1885,37.1922,37.1953,37.1979,37.2,37.2016,37.2029,37.2039,37.2046,37.2051,37.2054,37.2056,37.2057,37.2058,37.206,37.2063,37.2067,37.2073,37.2081,37.2093,37.2109,37.2129,37.2153,37.2183,37.2219,37.2262,37.2311,37.2368,37.2433,37.2507,37.259,37.2682,37.2785,37.2898,37.3023,37.316,37.3308,37.3469,37.3644,37.3832,37.4034,37.425,37.4482,37.4729,37.4991,37.5269,37.5564,37.5876,37.6204,37.655,37.6914,37.7296,37.7696,37.8114,37.8551,37.9007,37.9482,37.9977,38.049,38.1024,38.1577,38.215,38.2743,38.3356,38.3988,38.4641,38.5314,38.6007,38.6721,38.7454,38.8207,38.8981,38.9774,39.0587,39.142,39.2272,39.3144,39.4036,39.4947,39.5877,39.6826,39.7793,39.878,39.9785,40.0808,40.185,40.2909,40.3986,40.5081,40.6193,40.7322,40.8468,40.963,41.0809,41.2005,41.3216,41.4443,41.5686,41.6944,41.8217,41.9505,42.0808,42.2125,42.3457,42.4803,42.6162,42.7535,42.8921,43.0321,43.1733,43.3159,43.4597,43.6047,43.7509,43.8984,44.047,44.1968,44.3477,44.4998,44.6529,44.8072,44.9625,45.1189,45.2764,45.4348,45.5943,45.7548,45.9163,46.0787
30.6581,30.4009,30.1449,29.8902,29.637,29.3854,29.1356,28.8877,28.6417,28.398,28.1567,27.9179,27.6819,27.4488,27.219,26.9925,26.7696,26.5507,26.3359,26.1255,25.9198,25.719,25.5236,25.3337,25.1497,24.9719,24.8007,24.6362,24.4789,24.3291,24.187,24.0529,23.9273,23.8102,23.7021,23.603,23.5133,23.4332,23.3628,23.3022,23.2515,23.211,23.1805,23.1601,23.1497,23.1494,23.159,23.1785,23.2075,23.246,23.2937,23.3504,23.4159,23.4897,23.5717,23.6614,23.7586,23.8628,23.9738,24.0912,24.2145,24.3435,24.4778,24.6169,24.7606,24.9085,25.0602,25.2154,25.3738,25.5351,25.6989,25.865,26.0332,26.2031,26.3744,26.5471,26.7207,26.8952,27.0703,27.2458,27.4215,27.5973,27.773,27.9485,28.1236,28.2981,28.4721,28.6453,28.8176,28.989,29.1593,29.3285,29.4965,29.6633,29.8286,29.9926,30.155,30.316,30.4754,30.6331,30.7892,30.9435,31.0961,31.247,31.396,31.5432,31.6886,31.832,31.9736,32.1132,32.2509,32.3866,32.5203,32.6521,32.7818,32.9095,33.0353,33.159,33.2806,33.4002,33.5178,33.6333,33.7468,33.8582,33.9676,34.0749,34.1801,34.2833,34.3844,34.4835,34.5805,34.6755,34.7685,34.8594,34.9482,35.0351,35.1199,35.2027,35.2835,35.3623,35.4391,35.5139,35.5867,35.6576,35.7265,35.7935,35.8586,35.9217,35.983,36.0423,36.0998,36.1555,36.2092,36.2612,36.3114,36.3597,36.4063,36.4512,36.4943,36.5357,36.5754,36.6134,36.6498,36.6846,36.7177,36.7493,36.7794,36.8079,36.8349,36.8605,36.8846,36.9074,36.9287,36.9487,36.9674,36.9849,37.001,37.016,37.0298,37.0425,37.0541,37.0646,37.0741,37.0826,37.0901,37.0968,37.1026,37.1077,37.1119,37.1154,37.1183,37.1205,37.1222,37.1233,37.1239,37.1241,37.124,37.1235,37.1227,37.1217,37.1205,37.1193,37.1179,37.1166,37.1152,37.114,37.113,37.1122,37.1116,37.1114,37.1115,37.1121,37.1132,37.1149,37.1172,37.1201,37.1238,37.1282,37.1335,37.1397,37.1468,37.1549,37.1641,37.1744,37.1858,37.1985,37.2124,37.2276,37.2441,37.2621,37.2815,37.3025,37.3249,37.3489,37.3746,37.4019,37.4308,37.4616,37.494,37.5283,37.5644,37.6023,37.6421,37.6838,37.7275,37.7731,37.8206,37.8701,37.9217,37.9752,38.0308,38.0884,38.1481,38.2098,38.2735,38.3394,38.4072,38.4772,38.5492,38.6232,38.6994,38.7775,38.8577,38.9399,39.0242,39.1105,39.1987,39.289,39.3812,39.4753,39.5714,39.6694,39.7693,39.8711,39.9748,40.0803,40.1876,40.2968,40.4077,40.5203,40.6347,40.7508,40.8686,40.9881,41.1092,41.2319,41.3562,41.4821,41.6095,41.7384,41.8689,42.0008,42.1342,42.269,42.4052,42.5428,42.6817,42.822,42.9636,43.1066,43.2507,43.3962,43.5429,43.6908,43.8398,43.9901,44.1415,44.2941,44.4477,44.6025,44.7583,44.9153,45.0732,45.2322,45.3922,45.5533,45.7153,45.8782,46.0422
30.5287,30.2666,30.0057,29.7459,29.4876,29.2307,28.9755,28.722,28.4705,28.2211,27.9739,27.7292,27.4872,27.2481,27.0121,26.7794,26.5503,26.3251,26.1039,25.8872,25.6752,25.4682,25.2665,25.0704,24.8804,24.6966,24.5195,24.3493,24.1865,24.0314,23.8842,23.7454,23.6152,23.494,23.382,23.2795,23.1868,23.104,23.0313,22.969,22.9171,22.8757,22.8449,22.8247,22.815,22.8158,22.8271,22.8486,22.8802,22.9217,22.9728,23.0333,23.1029,23.1813,23.2681,23.363,23.4656,23.5755,23.6924,23.8158,23.9453,24.0806,24.2213,24.3669,24.5171,24.6716,24.8299,24.9917,25.1566,25.3244,25.4947,25.6672,25.8416,26.0177,26.1952,26.3738,26.5533,26.7335,26.9142,27.0952,27.2763,27.4573,27.6381,27.8185,27.9984,28.1776,28.3561,28.5337,28.7102,28.8857,29.06,29.2331,29.4048,29.5751,29.7439,29.9111,30.0768,30.2408,30.4032,30.5637,30.7225,30.8795,31.0347,31.1879,31.3392,31.4886,31.6361,31.7815,31.925,32.0664,32.2058,32.3432,32.4785,32.6117,32.7429,32.872,32.9989,33.1238,33.2465,33.3672,33.4857,33.6022,33.7165,33.8286,33.9387,34.0467,34.1525,34.2562,34.3578,34.4573,34.5547,34.65,34.7432,34.8343,34.9233,35.0103,35.0951,35.178,35.2587,35.3375,35.4141,35.4888,35.5615,35.6321,35.7008,35.7674,35.8321,35.8949,35.9557,36.0146,36.0716,36.1267,36.1799,36.2313,36.2808,36.3285,36.3744,36.4185,36.4608,36.5014,36.5403,36.5775,36.613,36.6468,36.679,36.7097,36.7387,36.7662,36.7922,36.8167,36.8397,36.8613,36.8815,36.9004,36.9179,36.9341,36.949,36.9627,36.9752,36.9866,36.9968,37.006,37.0141,37.0213,37.0274,37.0327,37.0371,37.0407,37.0435,37.0455,37.0469,37.0476,37.0478,37.0474,37.0465,37.0452,37.0435,37.0415,37.0392,37.0367,37.034,37.0312,37.0283,37.0254,37.0226,37.0199,37.0173,37.015,37.013,37.0113,37.01,37.0091,37.0088,37.0091,37.01,37.0116,37.0139,37.017,37.021,37.026,37.0319,37.0388,37.0468,37.056,37.0663,37.0779,37.0909,37.1051,37.1208,37.1379,37.1565,37.1766,37.1983,37.2217,37.2467,37.2734,37.3018,37.3321,37.3641,37.398,37.4338,37.4715,37.5111,37.5527,37.5962,37.6418,37.6894,37.739,37.7907,37.8444,37.9002,37.9582,38.0182,38.0803,38.1446,38.2109,38.2794,38.35,38.4227,38.4975,38.5744,38.6534,38.7345,38.8176,38.9029,38.9902,39.0795,39.1708,39.2642,39.3596,39.4569,39.5562,39.6574,39.7605,39.8655,39.9724,40.0812,40.1917,40.3041,40.4183,40.5342,40.6518,40.7712,40.8922,41.0149,41.1392,41.2652,41.3927,41.5218,41.6524,41.7845,41.9181,42.0532,42.1896,42.3275,42.4668,42.6075,42.7495,42.8928,43.0374,43.1833,43.3304,43.4788,43.6284,43.7791,43.931,44.0841,44.2383,44.3936,44.55,44.7075,44.866,45.0256,45.1862,45.3478,45.5104,45.6739,45.8384,46.0039
30.3982,30.1312,29.8651,29.6002,29.3365,29.0742,28.8134,28.5543,28.297,28.0416,27.7885,27.5377,27.2894,27.044,26.8016,26.5625,26.3268,26.095,25.8673,25.644,25.4253,25.2117,25.0035,24.8009,24.6044,24.4143,24.231,24.0548,23.8861,23.7254,23.5728,23.4289,23.2939,23.1682,23.0522,22.9459,22.8499,22.7643,22.6892,22.625,22.5717,22.5294,22.4982,22.4782,22.4692,22.4712,22.4842,22.5079,22.5422,22.5869,22.6417,22.7063,22.7803,22.8635,22.9555,23.0559,23.1642,23.2801,23.4032,23.533,23.6691,23.811,23.9585,24.1109,24.268,24.4294,24.5946,24.7632,24.935,25.1096,25.2866,25.4657,25.6467,25.8292,26.013,26.1979,26.3835,26.5696,26.7561,26.9427,27.1294,27.3157,27.5017,27.6872,27.872,28.056,28.2391,28.4212,28.6021,28.7818,28.9602,29.1371,29.3126,29.4865,29.6588,29.8295,29.9984,30.1656,30.3309,30.4944,30.6559,30.8156,30.9732,31.1289,31.2826,31.4342,31.5838,31.7313,31.8767,32.0199,32.1611,32.3001,32.437,32.5717,32.7043,32.8347,32.9629,33.089,33.2128,33.3345,33.454,33.5713,33.6865,33.7994,33.9102,34.0188,34.1252,34.2294,34.3315,34.4314,34.5292,34.6248,34.7182,34.8095,34.8987,34.9858,35.0707,35.1536,35.2343,35.3129,35.3895,35.464,35.5364,35.6068,35.6752,35.7415,35.8059,35.8682,35.9286,35.987,36.0435,36.098,36.1507,36.2014,36.2503,36.2973,36.3424,36.3858,36.4273,36.4671,36.5051,36.5414,36.576,36.6089,36.6402,36.6698,36.6978,36.7243,36.7492,36.7725,36.7944,36.8149,36.8339,36.8515,36.8678,36.8827,36.8964,36.9088,36.92,36.93,36.9389,36.9466,36.9534,36.9591,36.9638,36.9676,36.9705,36.9726,36.9739,36.9745,36.9743,36.9735,36.9721,36.9702,36.9678,36.9649,36.9616,36.958,36.9541,36.95,36.9457,36.9413,36.9369,36.9324,36.928,36.9237,36.9196,36.9158,36.9122,36.909,36.9062,36.9038,36.902,36.9008,36.9003,36.9005,36.9014,36.9032,36.9059,36.9095,36.9141,36.9198,36.9266,36.9346,36.9439,36.9544,36.9662,36.9795,36.9942,37.0104,37.0281,37.0474,37.0684,37.091,37.1153,37.1414,37.1693,37.1991,37.2307,37.2642,37.2996,37.337,37.3764,37.4178,37.4613,37.5068,37.5544,37.6041,37.6559,37.7099,37.7659,37.8242,37.8846,37.9471,38.0119,38.0788,38.1478,38.2191,38.2925,38.368,38.4458,38.5256,38.6076,38.6917,38.778,38.8663,38.9567,39.0492,39.1438,39.2403,39.3389,39.4395,39.542,39.6465,39.753,39.8613,39.9715,40.0835,40.1974,40.3131,40.4306,40.5498,40.6708,40.7934,40.9178,41.0437,41.1713,41.3005,41.4313,41.5636,41.6974,41.8327,41.9695,42.1077,42.2474,42.3884,42.5308,42.6745,42.8196,42.9659,43.1135,43.2624,43.4125,43.5638,43.7162,43.8699,44.0246,44.1805,44.3375,44.4956,44.6547,44.8149,44.9761,45.1383,45.3015,45.4657,45.6308,45.7969,45.9639
30.2668,29.9947,29.7234,29.4532,29.1841,28.9162,28.6497,28.3847,28.1214,27.8599,27.6006,27.3434,27.0888,26.8368,26.5878,26.3419,26.0995,25.8608,25.6262,25.396,25.1704,24.9498,24.7347,24.5253,24.322,24.1252,23.9353,23.7527,23.5779,23.4111,23.2528,23.1034,22.9633,22.8329,22.7124,22.6022,22.5026,22.4139,22.3363,22.27,22.2152,22.1719,22.1403,22.1204,22.1121,22.1154,22.1302,22.1563,22.1935,22.2416,22.3002,22.3691,22.4479,22.5363,22.6337,22.7399,22.8544,22.9766,23.1063,23.2428,23.3858,23.5348,23.6894,23.8491,24.0134,24.182,24.3544,24.5302,24.7092,24.8908,25.0748,25.2609,25.4487,25.6379,25.8282,26.0195,26.2113,26.4036,26.5961,26.7886,26.9809,27.1728,27.3641,27.5548,27.7447,27.9336,28.1214,28.3081,28.4934,28.6774,28.8599,29.0408,29.2201,29.3978,29.5737,29.7477,29.92,30.0903,30.2587,30.4251,30.5894,30.7518,30.912,31.0702,31.2262,31.38,31.5318,31.6813,31.8286,31.9738,32.1167,32.2574,32.3959,32.5321,32.6661,32.7978,32.9273,33.0545,33.1795,33.3022,33.4227,33.5409,33.6569,33.7706,33.8821,33.9913,34.0983,34.2031,34.3056,34.406,34.5041,34.6,34.6937,34.7852,34.8745,34.9616,35.0466,35.1295,35.2101,35.2887,35.3651,35.4395,35.5117,35.5818,35.6499,35.7159,35.7798,35.8418,35.9017,35.9596,36.0155,36.0695,36.1215,36.1716,36.2198,36.2661,36.3105,36.3531,36.3938,36.4327,36.4699,36.5053,36.5389,36.5708,36.6011,36.6297,36.6567,36.682,36.7058,36.7281,36.7488,36.768,36.7858,36.8022,36.8172,36.8308,36.8432,36.8542,36.8641,36.8727,36.8802,36.8865,36.8918,36.896,36.8993,36.9016,36.903,36.9036,36.9033,36.9023,36.9006,36.8982,36.8952,36.8917,36.8876,36.8831,36.8782,36.873,36.8674,36.8617,36.8558,36.8497,36.8436,36.8375,36.8315,36.8256,36.8199,36.8144,36.8092,36.8044,36.8001,36.7962,36.7929,36.7901,36.7881,36.7868,36.7863,36.7867,36.788,36.7902,36.7935,36.7979,36.8035,36.8103,36.8183,36.8277,36.8385,36.8507,36.8644,36.8796,36.8964,36.9149,36.935,36.9569,36.9805,37.006,37.0333,37.0625,37.0936,37.1267,37.1618,37.1989,37.2381,37.2793,37.3226,37.3681,37.4157,37.4655,37.5174,37.5716,37.6279,37.6864,37.7472,37.8102,37.8754,37.9429,38.0125,38.0844,38.1586,38.2349,38.3134,38.3942,38.4771,38.5622,38.6495,38.7389,38.8304,38.9241,39.0198,39.1177,39.2175,39.3194,39.4233,39.5292,39.6371,39.7469,39.8586,39.9722,40.0876,40.2049,40.3239,40.4448,40.5674,40.6917,40.8177,40.9453,41.0746,41.2056,41.3381,41.4721,41.6077,41.7447,41.8833,42.0233,42.1647,42.3075,42.4516,42.5971,42.744,42.8921,43.0415,43.1921,43.3439,43.497,43.6512,43.8066,43.9631,44.1207,44.2794,44.4391,44.6,44.7618,44.9247,45.0886,45.2534,45.4192,45.586,45.7537,45.9222
30.1347,29.8574,29.5809,29.3052,29.0304,28.7568,28.4844,28.2134,27.944,27.6763,27.4105,27.1468,26.8855,26.6267,26.3708,26.118,25.8685,25.6227,25.3809,25.1434,24.9106,24.6827,24.4603,24.2437,24.0332,23.8294,23.6326,23.4432,23.2617,23.0886,22.9242,22.769,22.6234,22.4878,22.3626,22.2481,22.1447,22.0527,21.9723,21.9038,21.8473,21.803,21.7709,21.7511,21.7436,21.7483,21.765,21.7936,21.8339,21.8856,21.9483,22.0219,22.1057,22.1995,22.3028,22.4152,22.5361,22.6651,22.8017,22.9454,23.0958,23.2522,23.4142,23.5815,23.7534,23.9295,24.1095,24.2929,24.4793,24.6684,24.8597,25.0529,25.2477,25.4438,25.641,25.8388,26.0372,26.2358,26.4345,26.6329,26.8311,27.0286,27.2255,27.4215,27.6166,27.8105,28.0031,28.1944,28.3843,28.5726,28.7593,28.9444,29.1276,29.309,29.4885,29.6661,29.8416,30.0152,30.1866,30.356,30.5232,30.6882,30.8511,31.0117,31.1701,31.3263,31.4801,31.6317,31.781,31.9281,32.0728,32.2151,32.3552,32.4929,32.6283,32.7614,32.8922,33.0206,33.1467,33.2704,33.3919,33.511,33.6278,33.7423,33.8545,33.9643,34.0719,34.1772,34.2802,34.3809,34.4794,34.5756,34.6695,34.7612,34.8506,34.9379,35.0229,35.1057,35.1864,35.2648,35.3411,35.4152,35.4872,35.5571,35.6248,35.6905,35.754,35.8155,35.8749,35.9323,35.9877,36.0411,36.0925,36.1419,36.1894,36.2349,36.2786,36.3204,36.3603,36.3983,36.4346,36.469,36.5017,36.5326,36.5619,36.5894,36.6153,36.6395,36.6622,36.6832,36.7028,36.7208,36.7373,36.7524,36.7661,36.7784,36.7894,36.7991,36.8075,36.8147,36.8207,36.8256,36.8294,36.8321,36.8339,36.8346,36.8345,36.8334,36.8316,36.829,36.8256,36.8216,36.817,36.8118,36.806,36.7999,36.7933,36.7864,36.7791,36.7717,36.7641,36.7563,36.7485,36.7408,36.7331,36.7255,36.7181,36.7109,36.7041,36.6977,36.6917,36.6862,36.6813,36.677,36.6734,36.6706,36.6686,36.6675,36.6673,36.6682,36.6701,36.6731,36.6774,36.6829,36.6897,36.6979,36.7076,36.7187,36.7313,36.7455,36.7614,36.7789,36.7982,36.8193,36.8422,36.867,36.8937,36.9223,36.9529,36.9856,37.0203,37.0571,37.096,37.137,37.1802,37.2256,37.2732,37.323,37.3751,37.4294,37.486,37.5449,37.606,37.6694,37.7352,37.8032,37.8735,37.946,38.0209,38.098,38.1774,38.2591,38.3429,38.429,38.5174,38.6079,38.7006,38.7954,38.8924,38.9915,39.0927,39.196,39.3013,39.4086,39.5179,39.6292,39.7424,39.8576,39.9746,40.0935,40.2142,40.3367,40.4609,40.5869,40.7147,40.8441,40.9751,41.1078,41.2421,41.3779,41.5152,41.6541,41.7945,41.9362,42.0795,42.2241,42.3701,42.5174,42.666,42.8159,42.9671,43.1195,43.2732,43.428,43.584,43.7412,43.8994,44.0588,44.2193,44.3808,44.5433,44.7069,44.8715,45.037,45.2035,45.371,45.5394,45.7087,45.8789
30.0022,29.7196,29.4377,29.1564,28.8759,28.5964,28.318,28.0408,27.7651,27.4909,27.2185,26.9481,26.6799,26.4141,26.151,25.891,25.6341,25.3809,25.1316,24.8865,24.6461,24.4106,24.1806,23.9563,23.7383,23.527,23.3229,23.1263,22.9378,22.7579,22.587,22.4256,22.2741,22.133,22.0027,21.8836,21.7761,21.6805,21.5971,21.5262,21.4679,21.4224,21.3898,21.3701,21.3634,21.3695,21.3883,21.4196,21.4631,21.5187,21.5859,21.6643,21.7536,21.8532,21.9627,22.0817,22.2095,22.3456,22.4896,22.6409,22.7989,22.9632,23.1331,23.3083,23.4882,23.6723,23.8602,24.0515,24.2457,24.4424,24.6413,24.8419,25.0441,25.2474,25.4515,25.6562,25.8613,26.0664,26.2714,26.4761,26.6802,26.8836,27.0861,27.2875,27.4878,27.6869,27.8845,28.0806,28.275,28.4678,28.6588,28.8479,29.0351,29.2203,29.4035,29.5846,29.7635,29.9403,30.1149,30.2872,30.4573,30.6251,30.7906,30.9537,31.1145,31.273,31.429,31.5827,31.734,31.8829,32.0293,32.1734,32.3151,32.4543,32.5912,32.7256,32.8576,32.9872,33.1144,33.2392,33.3616,33.4816,33.5992,33.7145,33.8274,33.9379,34.046,34.1518,34.2552,34.3564,34.4551,34.5516,34.6458,34.7377,34.8272,34.9145,34.9996,35.0824,35.163,35.2413,35.3174,35.3913,35.4631,35.5326,35.6,35.6653,35.7284,35.7895,35.8484,35.9053,35.9601,36.0128,36.0636,36.1123,36.1591,36.2039,36.2467,36.2877,36.3267,36.3639,36.3992,36.4327,36.4644,36.4943,36.5225,36.5489,36.5737,36.5968,36.6183,36.6381,36.6564,36.6732,36.6884,36.7022,36.7145,36.7255,36.7351,36.7433,36.7503,36.7561,36.7606,36.764,36.7662,36.7674,36.7676,36.7667,36.765,36.7623,36.7588,36.7545,36.7495,36.7438,36.7375,36.7305,36.7231,36.7152,36.7069,36.6982,36.6892,36.68,36.6707,36.6612,36.6516,36.6421,36.6326,36.6233,36.6142,36.6053,36.5968,36.5886,36.5809,36.5738,36.5672,36.5613,36.5561,36.5517,36.5481,36.5455,36.5438,36.5432,36.5437,36.5454,36.5483,36.5525,36.558,36.565,36.5734,36.5833,36.5949,36.6081,36.6229,36.6395,36.6579,36.6782,36.7003,36.7244,36.7504,36.7784,36.8085,36.8407,36.875,36.9114,36.9501,36.9909,37.034,37.0793,37.1269,37.1767,37.2289,37.2834,37.3403,37.3994,37.461,37.5248,37.591,37.6596,37.7305,37.8038,37.8794,37.9573,38.0376,38.1202,38.205,38.2922,38.3816,38.4732,38.5671,38.6631,38.7614,38.8618,38.9644,39.069,39.1758,39.2846,39.3954,39.5082,39.623,39.7397,39.8584,39.9789,40.1013,40.2255,40.3515,40.4793,40.6087,40.7399,40.8727,41.0072,41.1433,41.2809,41.4201,41.5608,41.703,41.8467,41.9918,42.1382,42.286,42.4352,42.5857,42.7375,42.8905,43.0448,43.2003,43.3569,43.5147,43.6737,43.8338,43.9949,44.1572,44.3205,44.4848,44.6501,44.8164,44.9837,45.1519,45.3211,45.4912,45.6621,45.834
29.8695,29.5816,29.294,29.0071,28.7208,28.4353,28.1507,27.8672,27.5849,27.3041,27.0249,26.7475,26.4722,26.1992,25.9287,25.6611,25.3967,25.1357,24.8786,24.6256,24.3772,24.1338,23.8957,23.6635,23.4375,23.2183,23.0064,22.8022,22.6063,22.4192,22.2413,22.0732,21.9155,21.7685,21.6327,21.5087,21.3967,21.2973,21.2106,21.137,21.0767,21.0299,20.9967,20.9772,20.9712,20.9788,20.9998,21.034,21.0811,21.1408,21.2127,21.2964,21.3914,21.4972,21.6134,21.7393,21.8745,22.0182,22.17,22.3293,22.4955,22.668,22.8463,23.0298,23.2181,23.4105,23.6067,23.8062,24.0085,24.2132,24.4199,24.6283,24.8381,25.0488,25.2602,25.472,25.6839,25.8957,26.1072,26.3182,26.5284,26.7378,26.946,27.1531,27.3588,27.563,27.7656,27.9666,28.1657,28.363,28.5583,28.7516,28.9429,29.1319,29.3188,29.5035,29.6859,29.8659,30.0437,30.219,30.392,30.5625,30.7306,30.8963,31.0595,31.2202,31.3785,31.5342,31.6875,31.8383,31.9865,32.1323,32.2756,32.4163,32.5546,32.6904,32.8236,32.9544,33.0827,33.2086,33.3319,33.4528,33.5713,33.6873,33.8008,33.912,34.0207,34.1269,34.2308,34.3323,34.4314,34.5282,34.6226,34.7146,34.8043,34.8917,34.9767,35.0595,35.14,35.2182,35.2941,35.3678,35.4393,35.5085,35.5756,35.6405,35.7032,35.7637,35.8221,35.8785,35.9327,35.9848,36.0349,36.0829,36.1289,36.1729,36.215,36.255,36.2932,36.3295,36.3638,36.3963,36.427,36.4559,36.4829,36.5083,36.5319,36.5538,36.5741,36.5927,36.6097,36.6252,36.6391,36.6515,36.6625,36.672,36.6802,36.687,36.6925,36.6967,36.6997,36.7016,36.7022,36.7018,36.7003,36.6979,36.6945,36.6901,36.6849,36.6789,36.6722,36.6647,36.6567,36.648,36.6388,36.6291,36.619,36.6085,36.5977,36.5867,36.5755,36.5642,36.5528,36.5415,36.5302,36.5191,36.5082,36.4975,36.4872,36.4773,36.4679,36.459,36.4507,36.4431,36.4362,36.4302,36.425,36.4208,36.4175,36.4154,36.4144,36.4146,36.4161,36.4189,36.4231,36.4287,36.4359,36.4447,36.4551,36.4672,36.481,36.4966,36.5141,36.5335,36.5548,36.5781,36.6034,36.6308,36.6604,36.692,36.7259,36.762,36.8003,36.8409,36.8838,36.929,36.9766,37.0265,37.0788,37.1335,37.1906,37.2501,37.312,37.3763,37.443,37.5122,37.5837,37.6577,37.7341,37.8128,37.894,37.9775,38.0633,38.1515,38.242,38.3349,38.4299,38.5273,38.6268,38.7286,38.8325,38.9386,39.0468,39.1571,39.2695,39.3839,39.5003,39.6187,39.739,39.8612,39.9854,40.1113,40.2391,40.3686,40.4999,40.6329,40.7675,40.9039,41.0418,41.1813,41.3224,41.465,41.6091,41.7546,41.9016,42.0499,42.1996,42.3507,42.5031,42.6568,42.8117,42.9678,43.1252,43.2837,43.4434,43.6042,43.7661,43.9291,44.0932,44.2583,44.4244,44.5915,44.7596,44.9286,45.0986,45.2695,45.4412,45.6139,45.7874
29.7369,29.4435,29.1503,28.8576,28.5653,28.2736,27.9827,27.6928,27.4038,27.1162,26.83,26.5455,26.2628,25.9823,25.7042,25.4289,25.1565,24.8875,24.6222,24.361,24.1043,23.8524,23.606,23.3653,23.131,22.9035,22.6834,22.4711,22.2673,22.0724,21.8872,21.712,21.5475,21.3941,21.2525,21.1231,21.0064,20.9027,20.8125,20.7361,20.6736,20.6254,20.5915,20.5721,20.567,20.5762,20.5995,20.6367,20.6876,20.7517,20.8286,20.9179,21.0191,21.1316,21.2549,21.3882,21.5312,21.683,21.8431,22.0108,22.1856,22.3668,22.5539,22.7462,22.9432,23.1444,23.3492,23.5573,23.768,23.9811,24.196,24.4124,24.63,24.8483,25.0672,25.2863,25.5053,25.724,25.9422,26.1596,26.3762,26.5916,26.8057,27.0185,27.2296,27.4392,27.6469,27.8528,28.0567,28.2585,28.4582,28.6558,28.851,29.044,29.2347,29.4229,29.6088,29.7921,29.973,30.1514,30.3273,30.5006,30.6714,30.8396,31.0052,31.1682,31.3287,31.4865,31.6418,31.7944,31.9445,32.0919,32.2368,32.3791,32.5187,32.6559,32.7904,32.9224,33.0518,33.1786,33.3029,33.4247,33.544,33.6607,33.7749,33.8867,33.9959,34.1027,34.207,34.3089,34.4083,34.5053,34.5999,34.6921,34.7819,34.8693,34.9544,35.0371,35.1174,35.1955,35.2712,35.3447,35.4159,35.4848,35.5515,35.616,35.6782,35.7383,35.7961,35.8519,35.9055,35.9569,36.0063,36.0536,36.0989,36.1421,36.1833,36.2225,36.2597,36.295,36.3284,36.3599,36.3895,36.4173,36.4433,36.4675,36.4899,36.5106,36.5296,36.547,36.5627,36.5769,36.5894,36.6005,36.61,36.6181,36.6248,36.6301,36.6341,36.6367,36.6382,36.6384,36.6375,36.6354,36.6323,36.6281,36.623,36.6169,36.61,36.6022,36.5937,36.5845,36.5746,36.5641,36.553,36.5415,36.5295,36.5172,36.5046,36.4917,36.4786,36.4654,36.4522,36.439,36.4258,36.4128,36.4001,36.3876,36.3754,36.3637,36.3524,36.3417,36.3317,36.3223,36.3137,36.3059,36.2991,36.2932,36.2883,36.2846,36.2821,36.2807,36.2807,36.2821,36.2849,36.2892,36.2951,36.3026,36.3118,36.3228,36.3355,36.3501,36.3666,36.3851,36.4055,36.4281,36.4527,36.4794,36.5084,36.5395,36.5729,36.6086,36.6466,36.687,36.7297,36.7748,36.8223,36.8723,36.9247,36.9796,37.0369,37.0967,37.159,37.2238,37.291,37.3608,37.433,37.5077,37.5849,37.6645,37.7465,37.831,37.9179,38.0072,38.0988,38.1928,38.2891,38.3877,38.4886,38.5918,38.6972,38.8047,38.9144,39.0263,39.1403,39.2563,39.3744,39.4944,39.6165,39.7404,39.8663,39.994,40.1236,40.255,40.3881,40.523,40.6595,40.7977,40.9376,41.079,41.222,41.3665,41.5125,41.66,41.8089,41.9592,42.1109,42.2639,42.4182,42.5738,42.7306,42.8887,43.048,43.2084,43.37,43.5327,43.6965,43.8614,44.0273,44.1942,44.3622,44.5311,44.701,44.8718,45.0435,45.2162,45.3897,45.5641,45.7393
29.6046,29.3056,29.0068,28.7081,28.4098,28.1118,27.8145,27.5179,27.2222,26.9275,26.6342,26.3423,26.0521,25.7639,25.4779,25.1945,24.9139,24.6365,24.3628,24.093,23.8275,23.567,23.3117,23.0622,22.8191,22.5828,22.354,22.1331,21.9209,21.7179,21.5246,21.3419,21.1701,21.01,20.8621,20.7269,20.605,20.4968,20.4027,20.3231,20.2583,20.2085,20.1739,20.1545,20.1503,20.1612,20.187,20.2275,20.2824,20.3513,20.4336,20.5289,20.6367,20.7563,20.8871,21.0284,21.1796,21.34,21.5089,21.6856,21.8695,22.0599,22.2562,22.4577,22.6639,22.8743,23.0881,23.3051,23.5246,23.7463,23.9697,24.1944,24.4201,24.6463,24.8729,25.0995,25.3258,25.5515,25.7766,26.0007,26.2236,26.4452,26.6653,26.8839,27.1006,27.3155,27.5285,27.7393,27.948,28.1545,28.3587,28.5605,28.7599,28.9568,29.1512,29.3431,29.5324,29.7191,29.9032,30.0846,30.2634,30.4395,30.613,30.7837,30.9517,31.1171,31.2797,31.4396,31.5969,31.7514,31.9032,32.0524,32.1988,32.3426,32.4837,32.6221,32.7579,32.8911,33.0216,33.1494,33.2747,33.3973,33.5174,33.6348,33.7497,33.8621,33.9719,34.0791,34.1839,34.2861,34.3858,34.483,34.5778,34.6701,34.76,34.8475,34.9325,35.0151,35.0954,35.1733,35.2488,35.322,35.3929,35.4615,35.5278,35.5918,35.6536,35.7131,35.7705,35.8256,35.8785,35.9293,35.978,36.0246,36.069,36.1114,36.1517,36.19,36.2263,36.2607,36.293,36.3235,36.352,36.3787,36.4035,36.4265,36.4478,36.4672,36.485,36.501,36.5154,36.5282,36.5394,36.549,36.5571,36.5637,36.5688,36.5726,36.575,36.5761,36.5759,36.5745,36.5719,36.5681,36.5633,36.5574,36.5505,36.5427,36.5339,36.5244,36.514,36.5029,36.4912,36.4788,36.4659,36.4524,36.4386,36.4243,36.4098,36.3949,36.38,36.3648,36.3497,36.3345,36.3194,36.3045,36.2898,36.2754,36.2613,36.2477,36.2346,36.222,36.2101,36.1989,36.1885,36.179,36.1704,36.1628,36.1563,36.1509,36.1467,36.1438,36.1423,36.1421,36.1435,36.1464,36.151,36.1572,36.1651,36.1749,36.1865,36.2,36.2155,36.233,36.2525,36.2742,36.2981,36.3242,36.3525,36.3831,36.416,36.4513,36.489,36.529,36.5716,36.6166,36.6641,36.7141,36.7666,36.8216,36.8792,36.9393,37.002,37.0672,37.135,37.2054,37.2783,37.3537,37.4317,37.5122,37.5952,37.6806,37.7686,37.8589,37.9518,38.047,38.1446,38.2445,38.3468,38.4514,38.5582,38.6673,38.7786,38.892,39.0076,39.1253,39.2451,39.3669,39.4907,39.6164,39.7441,39.8737,40.0051,40.1384,40.2734,40.4102,40.5487,40.6888,40.8306,40.974,41.1189,41.2654,41.4134,41.5629,41.7138,41.8661,42.0197,42.1747,42.331,42.4886,42.6474,42.8074,42.9687,43.131,43.2946,43.4592,43.6249,43.7917,43.9595,44.1283,44.2981,44.4689,44.6406,44.8133,44.9868,45.1613,45.3366,45.5127,45.6897
29.473,29.1684,28.8637,28.559,28.2545,27.9502,27.6463,27.343,27.0403,26.7385,26.4377,26.1383,25.8403,25.5442,25.2501,24.9583,24.6693,24.3833,24.1007,23.8219,23.5474,23.2777,23.0132,22.7545,22.502,22.2565,22.0184,21.7885,21.5673,21.3556,21.1539,20.963,20.7835,20.6161,20.4613,20.3199,20.1924,20.0792,19.981,19.898,19.8306,19.7791,19.7436,19.7242,19.7209,19.7336,19.7621,19.8062,19.8654,19.9393,20.0275,20.1293,20.2441,20.3713,20.5102,20.66,20.82,20.9895,21.1677,21.3539,21.5474,21.7475,21.9535,22.1647,22.3805,22.6004,22.8237,23.05,23.2787,23.5093,23.7415,23.9748,24.2088,24.4432,24.6777,24.9119,25.1457,25.3787,25.6107,25.8416,26.071,26.299,26.5252,26.7496,26.972,27.1924,27.4106,27.6265,27.84,28.0512,28.2598,28.466,28.6695,28.8704,29.0686,29.2641,29.4569,29.647,29.8343,30.0188,30.2005,30.3794,30.5555,30.7287,30.8992,31.0668,31.2317,31.3937,31.5529,31.7093,31.8629,32.0137,32.1617,32.307,32.4495,32.5893,32.7263,32.8606,32.9922,33.121,33.2472,33.3707,33.4916,33.6097,33.7253,33.8382,33.9485,34.0562,34.1614,34.2639,34.3639,34.4614,34.5564,34.6488,34.7387,34.8262,34.9112,34.9938,35.0739,35.1516,35.2269,35.2998,35.3704,35.4386,35.5045,35.5681,35.6293,35.6883,35.7451,35.7996,35.8519,35.902,35.9499,35.9957,36.0393,36.0809,36.1203,36.1577,36.193,36.2264,36.2577,36.2871,36.3145,36.34,36.3637,36.3855,36.4055,36.4237,36.4401,36.4548,36.4678,36.4792,36.4889,36.4971,36.5037,36.5088,36.5124,36.5146,36.5154,36.5148,36.513,36.5099,36.5055,36.5001,36.4935,36.4858,36.4771,36.4674,36.4568,36.4454,36.4332,36.4202,36.4065,36.3922,36.3773,36.3619,36.3461,36.3299,36.3133,36.2965,36.2795,36.2624,36.2452,36.2281,36.211,36.1941,36.1774,36.161,36.145,36.1294,36.1143,36.0998,36.086,36.073,36.0607,36.0493,36.0389,36.0295,36.0212,36.0141,36.0083,36.0037,36.0006,35.9989,35.9988,36.0002,36.0034,36.0082,36.0149,36.0234,36.0338,36.0462,36.0606,36.0771,36.0957,36.1166,36.1396,36.165,36.1926,36.2227,36.2551,36.2899,36.3273,36.3671,36.4094,36.4543,36.5017,36.5517,36.6043,36.6595,36.7174,36.7778,36.8409,36.9066,36.975,37.0459,37.1195,37.1957,37.2745,37.3559,37.4398,37.5263,37.6154,37.7069,37.8009,37.8974,37.9963,38.0976,38.2013,38.3074,38.4157,38.5264,38.6392,38.7543,38.8716,38.991,39.1125,39.2361,39.3617,39.4893,39.6188,39.7503,39.8836,40.0188,40.1558,40.2945,40.435,40.5771,40.7209,40.8663,41.0133,41.1618,41.3118,41.4633,41.6162,41.7705,41.9262,42.0832,42.2416,42.4012,42.562,42.724,42.8873,43.0516,43.2171,43.3837,43.5514,43.7201,43.8899,44.0606,44.2323,44.405,44.5786,44.7531,44.9285,45.1048,45.2819,45.4598,45.6386
29.3423,29.032,28.7214,28.4107,28.0998,27.7891,27.4785,27.1683,26.8585,26.5494,26.2411,25.9339,25.628,25.3237,25.0212,24.7209,24.423,24.1281,23.8363,23.5483,23.2643,22.985,22.7109,22.4424,22.1802,21.9249,21.6771,21.4375,21.2069,20.9858,20.7751,20.5755,20.3877,20.2124,20.0503,19.9021,19.7685,19.65,19.5472,19.4605,19.3902,19.3368,19.3003,19.2809,19.2786,19.2933,19.3247,19.3725,19.4363,19.5158,19.6101,19.7189,19.8413,19.9766,20.1241,20.2829,20.4524,20.6315,20.8197,21.0159,21.2196,21.4299,21.6461,21.8674,22.0934,22.3232,22.5564,22.7923,23.0305,23.2704,23.5116,23.7538,23.9964,24.2392,24.4818,24.7239,24.9653,25.2057,25.4449,25.6826,25.9188,26.1531,26.3856,26.6159,26.8441,27.07,27.2935,27.5145,27.733,27.9488,28.162,28.3725,28.5801,28.785,28.9871,29.1862,29.3825,29.5759,29.7664,29.954,30.1386,30.3203,30.499,30.6748,30.8477,31.0177,31.1847,31.3487,31.5099,31.6682,31.8236,31.976,32.1256,32.2724,32.4163,32.5574,32.6956,32.831,32.9637,33.0935,33.2206,33.345,33.4666,33.5855,33.7017,33.8151,33.926,34.0341,34.1396,34.2425,34.3428,34.4405,34.5356,34.6281,34.7181,34.8056,34.8905,34.973,35.0529,35.1304,35.2055,35.2781,35.3483,35.4162,35.4816,35.5447,35.6055,35.6639,35.7201,35.7739,35.8256,35.8749,35.9221,35.9671,36.0099,36.0505,36.089,36.1255,36.1598,36.1921,36.2224,36.2507,36.277,36.3013,36.3238,36.3444,36.3631,36.3799,36.395,36.4084,36.42,36.4299,36.4382,36.4448,36.4499,36.4534,36.4554,36.456,36.4552,36.4529,36.4494,36.4445,36.4384,36.4312,36.4228,36.4132,36.4027,36.3912,36.3787,36.3653,36.3511,36.3362,36.3206,36.3043,36.2874,36.27,36.2521,36.2338,36.2152,36.1964,36.1773,36.1581,36.1389,36.1197,36.1005,36.0816,36.0628,36.0444,36.0263,36.0087,35.9916,35.9751,35.9593,35.9443,35.9301,35.9168,35.9045,35.8933,35.8832,35.8743,35.8667,35.8605,35.8557,35.8524,35.8507,35.8506,35.8523,35.8557,35.861,35.8682,35.8774,35.8886,35.9019,35.9174,35.9351,35.955,35.9772,36.0018,36.0288,36.0582,36.0901,36.1245,36.1614,36.2009,36.2431,36.2878,36.3352,36.3852,36.4379,36.4933,36.5514,36.6122,36.6757,36.7419,36.8108,36.8824,36.9567,37.0337,37.1133,37.1956,37.2805,37.3681,37.4582,37.551,37.6462,37.744,37.8443,37.947,38.0522,38.1597,38.2696,38.3819,38.4964,38.6132,38.7322,38.8533,38.9766,39.102,39.2295,39.359,39.4905,39.6239,39.7591,39.8963,40.0353,40.176,40.3185,40.4627,40.6085,40.756,40.905,41.0556,41.2077,41.3613,41.5162,41.6726,41.8304,41.9895,42.1499,42.3116,42.4744,42.6385,42.8038,42.9702,43.1377,43.3064,43.476,43.6467,43.8185,43.9912,44.1648,44.3394,44.5149,44.6913,44.8686,45.0467,45.2257,45.4055,45.586
29.2127,28.8967,28.5802,28.2633,27.9461,27.6288,27.3115,26.9942,26.6772,26.3606,26.0447,25.7295,25.4155,25.1028,24.7917,24.4825,24.1756,23.8714,23.5702,23.2725,22.9787,22.6894,22.4051,22.1264,21.854,21.5884,21.3303,21.0805,20.8398,20.6088,20.3885,20.1795,19.9827,19.799,19.629,19.4735,19.3333,19.2089,19.1011,19.0103,18.937,18.8814,18.8438,18.8244,18.8231,18.8398,18.8743,18.9262,18.9951,19.0804,19.1815,19.2977,19.4282,19.5723,19.729,19.8975,20.077,20.2664,20.4651,20.672,20.8864,21.1074,21.3343,21.5664,21.8028,22.0431,22.2865,22.5325,22.7805,23.03,23.2806,23.5319,23.7834,24.0348,24.2857,24.5359,24.7851,25.033,25.2795,25.5243,25.7672,26.008,26.2467,26.4831,26.7171,26.9486,27.1774,27.4036,27.627,27.8476,28.0653,28.2801,28.492,28.7009,28.9068,29.1096,29.3094,29.5061,29.6998,29.8904,30.078,30.2624,30.4438,30.6222,30.7974,30.9697,31.1388,31.305,31.4681,31.6282,31.7853,31.9395,32.0906,32.2388,32.3841,32.5265,32.6659,32.8025,32.9362,33.067,33.195,33.3202,33.4425,33.5621,33.6789,33.7929,33.9042,34.0128,34.1187,34.2219,34.3224,34.4203,34.5155,34.6081,34.6981,34.7856,34.8704,34.9528,35.0326,35.1098,35.1846,35.2569,35.3268,35.3942,35.4592,35.5218,35.5821,35.6399,35.6954,35.7486,35.7996,35.8482,35.8946,35.9387,35.9806,36.0204,36.058,36.0934,36.1268,36.158,36.1872,36.2143,36.2395,36.2626,36.2838,36.3031,36.3205,36.3361,36.3498,36.3617,36.3719,36.3803,36.3871,36.3922,36.3957,36.3976,36.398,36.3969,36.3944,36.3904,36.3851,36.3785,36.3706,36.3615,36.3512,36.3398,36.3273,36.3139,36.2995,36.2841,36.268,36.251,36.2333,36.215,36.196,36.1765,36.1566,36.1362,36.1155,36.0945,36.0733,36.052,36.0307,36.0093,35.988,35.9669,35.946,35.9255,35.9053,35.8856,35.8664,35.8479,35.8301,35.813,35.7968,35.7815,35.7673,35.7541,35.7421,35.7314,35.722,35.714,35.7075,35.7025,35.6991,35.6975,35.6976,35.6996,35.7035,35.7094,35.7173,35.7273,35.7394,35.7538,35.7705,35.7894,35.8108,35.8346,35.8609,35.8896,35.921,35.9549,35.9914,36.0306,36.0725,36.1171,36.1644,36.2144,36.2673,36.3228,36.3812,36.4423,36.5062,36.5729,36.6424,36.7147,36.7897,36.8675,36.948,37.0313,37.1172,37.2059,37.2972,37.3911,37.4876,37.5867,37.6884,37.7926,37.8992,38.0084,38.1199,38.2338,38.35,38.4685,38.5893,38.7123,38.8374,38.9647,39.0941,39.2255,39.3589,39.4943,39.6316,39.7708,39.9118,40.0547,40.1992,40.3455,40.4934,40.643,40.7941,40.9469,41.1011,41.2568,41.4139,41.5724,41.7323,41.8935,42.056,42.2198,42.3848,42.551,42.7183,42.8868,43.0564,43.2271,43.3988,43.5715,43.7453,43.92,44.0956,44.2722,44.4496,44.628,44.8071,44.9872,45.168,45.3496,45.532
29.0848,28.7629,28.4404,28.1173,27.7937,27.4697,27.1455,26.8211,26.4968,26.1726,25.8489,25.5257,25.2033,24.882,24.562,24.2438,23.9276,23.6137,23.3027,22.995,22.691,22.3913,22.0964,21.8071,21.5238,21.2473,20.9784,20.7178,20.4664,20.2249,19.9942,19.7752,19.5688,19.3759,19.1974,19.034,18.8866,18.7559,18.6426,18.5473,18.4705,18.4126,18.3738,18.3543,18.3541,18.373,18.4108,18.4671,18.5414,18.6331,18.7414,18.8657,19.005,19.1584,19.325,19.5039,19.694,19.8944,20.1042,20.3224,20.5481,20.7805,21.0186,21.2619,21.5094,21.7605,22.0145,22.2709,22.5291,22.7886,23.0489,23.3095,23.5701,23.8303,24.0898,24.3483,24.6054,24.861,25.1149,25.3668,25.6165,25.864,26.1091,26.3516,26.5914,26.8285,27.0627,27.2941,27.5225,27.7478,27.9701,28.1893,28.4053,28.6182,28.8279,29.0344,29.2377,29.4378,29.6346,29.8283,30.0187,30.206,30.39,30.5708,30.7485,30.923,31.0943,31.2625,31.4275,31.5895,31.7483,31.9041,32.0568,32.2064,32.3531,32.4967,32.6373,32.775,32.9097,33.0415,33.1703,33.2963,33.4194,33.5396,33.657,33.7716,33.8834,33.9923,34.0986,34.202,34.3028,34.4008,34.4962,34.5889,34.6789,34.7663,34.8511,34.9332,35.0128,35.0899,35.1644,35.2363,35.3058,35.3728,35.4373,35.4994,35.5591,35.6163,35.6712,35.7237,35.7739,35.8218,35.8673,35.9106,35.9517,35.9905,36.0271,36.0615,36.0938,36.124,36.152,36.178,36.202,36.2239,36.2439,36.2618,36.2779,36.2921,36.3044,36.3149,36.3235,36.3305,36.3357,36.3392,36.3411,36.3414,36.3401,36.3373,36.333,36.3273,36.3202,36.3117,36.302,36.291,36.2788,36.2655,36.2511,36.2356,36.2192,36.2018,36.1836,36.1646,36.1448,36.1243,36.1033,36.0816,36.0595,36.037,36.0141,35.9909,35.9676,35.9441,35.9205,35.8969,35.8735,35.8501,35.8271,35.8043,35.782,35.7601,35.7388,35.7181,35.6981,35.679,35.6607,35.6434,35.6271,35.6119,35.598,35.5853,35.5741,35.5642,35.5559,35.5492,35.5442,35.5409,35.5394,35.5399,35.5423,35.5467,35.5533,35.562,35.573,35.5862,35.6018,35.6199,35.6403,35.6633,35.6888,35.7169,35.7477,35.7811,35.8172,35.8561,35.8977,35.9421,35.9893,36.0394,36.0923,36.1481,36.2067,36.2682,36.3325,36.3997,36.4698,36.5427,36.6185,36.6971,36.7786,36.8628,36.9498,37.0396,37.1321,37.2272,37.3251,37.4256,37.5287,37.6344,37.7426,37.8533,37.9665,38.0821,38.2,38.3204,38.443,38.5678,38.6949,38.8241,38.9554,39.0889,39.2243,39.3617,39.5011,39.6424,39.7855,39.9304,40.0771,40.2256,40.3757,40.5274,40.6807,40.8356,40.992,41.1499,41.3092,41.4699,41.6319,41.7953,41.96,42.1259,42.293,42.4614,42.6309,42.8015,42.9732,43.1459,43.3197,43.4945,43.6703,43.847,44.0247,44.2033,44.3827,44.563,44.7441,44.9261,45.1088,45.2923,45.4766
28.9586,28.6309,28.3024,27.973,27.643,27.3123,26.9811,26.6495,26.3177,25.9859,25.6541,25.3227,24.9918,24.6617,24.3327,24.0052,23.6793,23.3556,23.0345,22.7164,22.4018,22.0912,21.7854,21.4848,21.1902,20.9023,20.622,20.3499,20.0871,19.8343,19.5926,19.3629,19.1462,18.9434,18.7556,18.5836,18.4283,18.2907,18.1715,18.0713,17.9907,17.9302,17.89,17.8704,17.8713,17.8925,17.9339,17.995,18.0751,18.1737,18.2899,18.4228,18.5716,18.7351,18.9123,19.1022,19.3038,19.5159,19.7375,19.9676,20.2052,20.4495,20.6995,20.9544,21.2135,21.4759,21.741,22.0082,22.277,22.5467,22.8169,23.0872,23.3571,23.6264,23.8945,24.1614,24.4266,24.6901,24.9514,25.2105,25.4672,25.7214,25.9728,26.2215,26.4672,26.71,26.9496,27.1862,27.4195,27.6496,27.8765,28.1,28.3202,28.5371,28.7506,28.9608,29.1676,29.371,29.571,29.7677,29.961,30.151,30.3376,30.521,30.701,30.8777,31.0512,31.2213,31.3883,31.5521,31.7126,31.87,32.0242,32.1753,32.3232,32.4681,32.6099,32.7486,32.8843,33.017,33.1468,33.2735,33.3973,33.5182,33.6361,33.7512,33.8634,33.9728,34.0793,34.1831,34.284,34.3822,34.4777,34.5704,34.6604,34.7477,34.8324,34.9144,34.9938,35.0705,35.1447,35.2163,35.2854,35.3519,35.416,35.4775,35.5366,35.5932,35.6474,35.6992,35.7487,35.7957,35.8405,35.8829,35.923,35.9609,35.9965,36.0299,36.0611,36.0901,36.117,36.1418,36.1646,36.1852,36.2039,36.2205,36.2352,36.248,36.2588,36.2678,36.275,36.2804,36.284,36.2859,36.2861,36.2847,36.2817,36.2772,36.2711,36.2636,36.2546,36.2443,36.2327,36.2197,36.2056,36.1903,36.1738,36.1563,36.1378,36.1184,36.0981,36.0769,36.055,36.0324,36.0091,35.9853,35.9609,35.9362,35.9111,35.8856,35.86,35.8342,35.8084,35.7826,35.7568,35.7312,35.7059,35.6809,35.6563,35.6321,35.6086,35.5857,35.5635,35.5422,35.5218,35.5023,35.484,35.4667,35.4508,35.4361,35.4229,35.4111,35.401,35.3924,35.3857,35.3807,35.3776,35.3764,35.3773,35.3803,35.3855,35.3929,35.4026,35.4147,35.4292,35.4461,35.4657,35.4878,35.5125,35.5399,35.5701,35.603,35.6386,35.6772,35.7185,35.7628,35.8099,35.86,35.913,35.9689,36.0278,36.0897,36.1545,36.2222,36.2929,36.3665,36.4431,36.5226,36.6049,36.6902,36.7783,36.8692,36.9629,37.0594,37.1586,37.2605,37.3651,37.4723,37.5822,37.6945,37.8094,37.9268,38.0465,38.1687,38.2932,38.4199,38.549,38.6802,38.8136,38.949,39.0866,39.2261,39.3676,39.511,39.6563,39.8034,39.9523,40.1029,40.2552,40.4092,40.5647,40.7218,40.8804,41.0405,41.2021,41.365,41.5293,41.6949,41.8618,42.0299,42.1993,42.3698,42.5414,42.7142,42.8881,43.063,43.2389,43.4158,43.5937,43.7725,43.9522,44.1328,44.3143,44.4966,44.6797,44.8636,45.0483,45.2337,45.4199
28.8346,28.5011,28.1665,27.8308,27.4943,27.1568,26.8186,26.4798,26.1405,25.8008,25.4609,25.1211,24.7816,24.4426,24.1043,23.7672,23.4315,23.0977,22.7661,22.4372,22.1116,21.7898,21.4725,21.1602,20.8537,20.5538,20.2614,19.9772,19.7023,19.4376,19.1841,18.9429,18.715,18.5016,18.3037,18.1223,17.9586,17.8134,17.6876,17.582,17.4972,17.4338,17.392,17.3722,17.3743,17.3981,17.4434,17.5096,17.5961,17.7022,17.8269,17.9692,18.1281,18.3024,18.4911,18.6929,18.9066,19.1311,19.3652,19.608,19.8583,20.1151,20.3775,20.6446,20.9157,21.1898,21.4665,21.7449,22.0245,22.3048,22.5852,22.8654,23.1448,23.4233,23.7003,23.9758,24.2492,24.5206,24.7895,25.0559,25.3196,25.5805,25.8384,26.0932,26.3449,26.5933,26.8384,27.0802,27.3185,27.5534,27.7848,28.0127,28.237,28.4579,28.6752,28.889,29.0992,29.3059,29.5091,29.7088,29.905,30.0977,30.2869,30.4727,30.655,30.834,31.0095,31.1817,31.3505,31.5161,31.6783,31.8372,31.9929,32.1454,32.2947,32.4408,32.5837,32.7235,32.8602,32.9938,33.1243,33.2518,33.3763,33.4978,33.6163,33.7319,33.8445,33.9542,34.0611,34.165,34.2662,34.3645,34.46,34.5527,34.6427,34.7299,34.8144,34.8963,34.9754,35.0519,35.1257,35.197,35.2656,35.3317,35.3952,35.4562,35.5146,35.5706,35.6241,35.6752,35.7238,35.7701,35.8139,35.8554,35.8946,35.9315,35.9661,35.9984,36.0285,36.0564,36.0822,36.1057,36.1272,36.1466,36.1639,36.1792,36.1924,36.2038,36.2131,36.2206,36.2262,36.23,36.232,36.2323,36.2308,36.2277,36.2229,36.2166,36.2087,36.1993,36.1885,36.1762,36.1626,36.1477,36.1315,36.1142,36.0957,36.0761,36.0555,36.0339,36.0114,35.988,35.9639,35.9391,35.9136,35.8875,35.8608,35.8338,35.8063,35.7786,35.7506,35.7225,35.6943,35.6662,35.6381,35.6101,35.5825,35.5551,35.5282,35.5017,35.4759,35.4507,35.4263,35.4027,35.38,35.3584,35.3378,35.3185,35.3004,35.2837,35.2684,35.2547,35.2426,35.2322,35.2236,35.2168,35.212,35.2092,35.2085,35.21,35.2137,35.2197,35.2281,35.239,35.2523,35.2683,35.2868,35.308,35.3319,35.3586,35.3881,35.4205,35.4557,35.4938,35.5349,35.579,35.6261,35.6761,35.7292,35.7854,35.8445,35.9067,35.972,36.0403,36.1116,36.186,36.2633,36.3437,36.427,36.5133,36.6025,36.6947,36.7896,36.8875,36.9881,37.0915,37.1976,37.3064,37.4179,37.532,37.6486,37.7678,37.8894,38.0135,38.1399,38.2687,38.3997,38.533,38.6684,38.806,38.9457,39.0874,39.2311,39.3767,39.5242,39.6735,39.8247,39.9775,40.1321,40.2883,40.4462,40.6056,40.7665,40.9289,41.0927,41.2579,41.4244,41.5923,41.7615,41.9319,42.1034,42.2762,42.4501,42.6251,42.8011,42.9782,43.1563,43.3353,43.5153,43.6963,43.8781,44.0607,44.2443,44.4286,44.6137,44.7997,44.9863,45.1737,45.3618
28.7131,28.3738,28.0331,27.6911,27.348,27.0037,26.6585,26.3123,25.9654,25.6178,25.2698,24.9215,24.5732,24.225,23.8774,23.5305,23.1847,22.8404,22.4981,22.1582,21.8212,21.4877,21.1584,20.8339,20.515,20.2025,19.8973,19.6003,19.3126,19.0351,18.769,18.5155,18.2756,18.0507,17.8419,17.6504,17.4773,17.3238,17.1908,17.0792,16.9897,16.9231,16.8796,16.8595,16.8628,16.8894,16.9389,17.0108,17.1042,17.2184,17.3523,17.5048,17.6747,17.8608,18.0617,18.2761,18.5028,18.7406,18.9881,19.2442,19.5077,19.7777,20.0531,20.3331,20.6166,20.903,21.1915,21.4815,21.7723,22.0634,22.3543,22.6446,22.9338,23.2216,23.5077,23.7918,24.0736,24.3529,24.6296,24.9034,25.1741,25.4418,25.7061,25.9672,26.2247,26.4788,26.7294,26.9763,27.2196,27.4592,27.6952,27.9274,28.1559,28.3807,28.6018,28.8192,29.0328,29.2428,29.4491,29.6518,29.8508,30.0461,30.2379,30.4261,30.6108,30.7919,30.9695,31.1437,31.3144,31.4816,31.6455,31.806,31.9631,32.117,32.2675,32.4148,32.5588,32.6996,32.8373,32.9717,33.1031,33.2313,33.3564,33.4785,33.5975,33.7135,33.8266,33.9366,34.0437,34.1479,34.2492,34.3476,34.4432,34.5359,34.6258,34.713,34.7973,34.8789,34.9578,35.034,35.1074,35.1783,35.2464,35.312,35.375,35.4354,35.4932,35.5485,35.6013,35.6516,35.6994,35.7448,35.7878,35.8284,35.8666,35.9024,35.936,35.9672,35.9962,36.0229,36.0475,36.0698,36.09,36.108,36.1239,36.1378,36.1497,36.1595,36.1674,36.1733,36.1773,36.1795,36.1798,36.1784,36.1752,36.1703,36.1637,36.1555,36.1458,36.1345,36.1217,36.1075,36.0919,36.0749,36.0567,36.0373,36.0166,35.9949,35.9721,35.9483,35.9236,35.898,35.8716,35.8444,35.8166,35.7882,35.7592,35.7298,35.7,35.6698,35.6395,35.609,35.5784,35.5478,35.5172,35.4869,35.4568,35.427,35.3977,35.3688,35.3406,35.313,35.2863,35.2603,35.2354,35.2115,35.1887,35.1671,35.1469,35.128,35.1107,35.0949,35.0808,35.0684,35.0579,35.0493,35.0427,35.0382,35.0358,35.0357,35.0379,35.0425,35.0496,35.0592,35.0713,35.0861,35.1036,35.1239,35.147,35.1729,35.2017,35.2335,35.2683,35.3061,35.3469,35.3907,35.4377,35.4878,35.541,35.5973,35.6567,35.7193,35.7851,35.8539,35.9259,36.001,36.0792,36.1605,36.2448,36.3322,36.4226,36.5159,36.6122,36.7114,36.8135,36.9185,37.0262,37.1366,37.2498,37.3657,37.4841,37.6052,37.7287,37.8547,37.9831,38.1139,38.2471,38.3825,38.5201,38.6598,38.8017,38.9456,39.0915,39.2394,39.3892,39.5409,39.6943,39.8495,40.0064,40.165,40.3251,40.4869,40.6501,40.8148,40.981,41.1485,41.3174,41.4876,41.6591,41.8318,42.0056,42.1807,42.3568,42.5341,42.7123,42.8916,43.0719,43.2532,43.4354,43.6184,43.8024,43.9872,44.1728,44.3592,44.5464,44.7344,44.923,45.1124,45.3025
28.5945,28.2493,27.9025,27.5542,27.2045,26.8535,26.5012,26.1476,25.7931,25.4375,25.0813,24.7244,24.3671,24.0097,23.6525,23.2956,22.9395,22.5846,22.2312,21.8799,21.5311,21.1856,20.8439,20.5066,20.1748,19.8491,19.5304,19.2199,18.9186,18.6275,18.3479,18.0811,17.8284,17.591,17.3704,17.1678,16.9845,16.8218,16.6809,16.5627,16.4681,16.3978,16.3523,16.3319,16.3366,16.3662,16.4203,16.4982,16.5993,16.7223,16.8662,17.0298,17.2116,17.4103,17.6244,17.8524,18.0931,18.3449,18.6065,18.8767,19.1543,19.4381,19.7272,20.0204,20.3169,20.616,20.9168,21.2187,21.521,21.8232,22.1249,22.4254,22.7246,23.022,23.3172,23.6101,23.9003,24.1877,24.4721,24.7532,25.0311,25.3055,25.5764,25.8436,26.1071,26.3669,26.6228,26.8749,27.1232,27.3675,27.6079,27.8445,28.0771,28.3058,28.5306,28.7515,28.9686,29.1818,29.3912,29.5968,29.7985,29.9966,30.1909,30.3814,30.5684,30.7516,30.9313,31.1073,31.2798,31.4488,31.6143,31.7763,31.9348,32.09,32.2418,32.3902,32.5353,32.6771,32.8157,32.951,33.0831,33.212,33.3378,33.4604,33.5799,33.6964,33.8098,33.9201,34.0275,34.1319,34.2333,34.3318,34.4273,34.52,34.6098,34.6968,34.781,34.8623,34.9409,35.0168,35.0899,35.1603,35.228,35.293,35.3554,35.4152,35.4723,35.5269,35.579,35.6285,35.6755,35.72,35.7621,35.8017,35.8389,35.8737,35.9062,35.9363,35.9641,35.9897,36.0129,36.034,36.0528,36.0695,36.0841,36.0965,36.1069,36.1152,36.1215,36.1258,36.1282,36.1287,36.1274,36.1242,36.1192,36.1125,36.1041,36.094,36.0823,36.0691,36.0543,36.0381,36.0204,36.0014,35.9811,35.9595,35.9367,35.9127,35.8877,35.8617,35.8346,35.8067,35.778,35.7485,35.7183,35.6874,35.6561,35.6242,35.5919,35.5594,35.5265,35.4935,35.4604,35.4273,35.3943,35.3615,35.3289,35.2966,35.2648,35.2335,35.2028,35.1727,35.1435,35.1152,35.0879,35.0616,35.0365,35.0126,34.9901,34.969,34.9495,34.9316,34.9154,34.901,34.8885,34.878,34.8696,34.8633,34.8592,34.8575,34.8581,34.8612,34.8669,34.8751,34.886,34.8997,34.9161,34.9354,34.9576,34.9827,35.0109,35.0421,35.0763,35.1137,35.1542,35.1979,35.2448,35.2948,35.3481,35.4046,35.4644,35.5274,35.5936,35.6631,35.7357,35.8116,35.8907,35.9729,36.0583,36.1468,36.2383,36.333,36.4306,36.5313,36.6349,36.7414,36.8507,36.9629,37.0779,37.1955,37.3159,37.4388,37.5643,37.6924,37.8229,37.9558,38.0911,38.2286,38.3684,38.5104,38.6546,38.8008,38.949,39.0992,39.2514,39.4054,39.5612,39.7188,39.878,40.039,40.2016,40.3657,40.5313,40.6985,40.867,41.0369,41.2082,41.3808,41.5546,41.7297,41.9059,42.0832,42.2617,42.4412,42.6218,42.8034,42.9859,43.1694,43.3538,43.5391,43.7252,43.9122,44.0999,44.2884,44.4777,44.6677,44.8585,45.0499,45.2419
28.479,28.128,27.7752,27.4206,27.0644,26.7065,26.3471,25.9862,25.6239,25.2604,24.8958,24.5303,24.164,23.7973,23.4302,23.0633,22.6967,22.3308,21.9662,21.6031,21.2423,20.8843,20.5297,20.1792,19.8338,19.4943,19.1615,18.8367,18.521,18.2154,17.9215,17.6405,17.3738,17.123,16.8894,16.6747,16.4803,16.3076,16.1579,16.0323,15.932,15.8576,15.8099,15.789,15.7951,15.828,15.8871,15.9718,16.0811,16.2139,16.3688,16.5443,16.7391,16.9514,17.1797,17.4223,17.6778,17.9446,18.2213,18.5064,18.7987,19.0971,19.4003,19.7074,20.0174,20.3296,20.6431,20.9572,21.2713,21.5849,21.8975,22.2086,22.5178,22.8248,23.1293,23.431,23.7298,24.0253,24.3174,24.606,24.8909,25.1721,25.4495,25.7229,25.9923,26.2577,26.519,26.7763,27.0294,27.2784,27.5233,27.7641,28.0008,28.2334,28.4619,28.6863,28.9067,29.1231,29.3355,29.5439,29.7485,29.9491,30.1458,30.3388,30.5279,30.7132,30.8949,31.0728,31.2471,31.4177,31.5847,31.7482,31.9082,32.0646,32.2176,32.3671,32.5133,32.656,32.7955,32.9316,33.0644,33.194,33.3203,33.4435,33.5635,33.6803,33.7941,33.9047,34.0123,34.1168,34.2183,34.3169,34.4124,34.5051,34.5948,34.6816,34.7655,34.8466,34.9249,35.0004,35.073,35.143,35.2102,35.2747,35.3365,35.3956,35.4521,35.506,35.5572,35.6059,35.6521,35.6957,35.7368,35.7754,35.8116,35.8454,35.8767,35.9057,35.9323,35.9566,35.9786,35.9983,36.0158,36.0311,36.0442,36.0552,36.0641,36.0708,36.0756,36.0783,36.079,36.0778,36.0747,36.0697,36.0629,36.0544,36.0441,36.0321,36.0184,36.0032,35.9864,35.9681,35.9483,35.9272,35.9047,35.8809,35.8558,35.8296,35.8023,35.7739,35.7446,35.7143,35.6831,35.6512,35.6186,35.5853,35.5514,35.517,35.4823,35.4471,35.4117,35.3762,35.3405,35.3049,35.2693,35.2338,35.1987,35.1638,35.1294,35.0956,35.0623,35.0298,34.998,34.9672,34.9374,34.9087,34.8811,34.8549,34.8301,34.8067,34.7849,34.7648,34.7464,34.73,34.7154,34.7029,34.6926,34.6844,34.6786,34.6751,34.6741,34.6757,34.6799,34.6867,34.6964,34.7088,34.7241,34.7424,34.7637,34.788,34.8154,34.846,34.8797,34.9167,34.9569,35.0004,35.0471,35.0972,35.1506,35.2073,35.2674,35.3308,35.3975,35.4676,35.541,35.6176,35.6976,35.7808,35.8673,35.9569,36.0498,36.1457,36.2448,36.3469,36.4521,36.5602,36.6713,36.7852,36.902,37.0216,37.1438,37.2688,37.3964,37.5265,37.6591,37.7942,37.9317,38.0715,38.2136,38.3579,38.5043,38.6529,38.8035,38.9561,39.1107,39.2671,39.4254,39.5854,39.7471,39.9105,40.0755,40.2421,40.4102,40.5798,40.7508,40.9232,41.0969,41.2719,41.4481,41.6256,41.8042,41.9839,42.1648,42.3467,42.5296,42.7134,42.8983,43.084,43.2707,43.4582,43.6466,43.8357,44.0256,44.2163,44.4077,44.5998,44.7926,44.9861,45.1802
28.367,28.0102,27.6514,27.2906,26.9279,26.5632,26.1967,25.8284,25.4585,25.087,24.714,24.3398,23.9645,23.5883,23.2114,22.8342,22.4569,22.0799,21.7037,21.3287,20.9555,20.5846,20.2167,19.8526,19.493,19.139,18.7915,18.4516,18.1206,17.7997,17.4904,17.1941,16.9124,16.647,16.3995,16.1716,15.9649,15.7811,15.6216,15.4879,15.3811,15.3022,15.2519,15.2305,15.2381,15.2746,15.3393,15.4314,15.5498,15.6931,15.86,16.0487,16.2574,16.4845,16.7281,16.9865,17.2578,17.5406,17.8331,18.134,18.4418,18.7553,19.0734,19.3949,19.7189,20.0446,20.3711,20.6978,21.024,21.3492,21.6728,21.9946,22.314,22.6308,22.9446,23.2553,23.5625,23.8662,24.1661,24.4621,24.7541,25.042,25.3258,25.6054,25.8807,26.1516,26.4183,26.6806,26.9386,27.1923,27.4416,27.6866,27.9272,28.1636,28.3957,28.6236,28.8473,29.0668,29.2822,29.4935,29.7007,29.9038,30.103,30.2982,30.4895,30.6769,30.8605,31.0402,31.2162,31.3884,31.557,31.7219,31.8832,32.0409,32.195,32.3456,32.4928,32.6365,32.7767,32.9136,33.0471,33.1773,33.3043,33.4279,33.5483,33.6655,33.7796,33.8905,33.9982,34.1029,34.2045,34.303,34.3985,34.4911,34.5806,34.6673,34.751,34.8318,34.9097,34.9848,35.057,35.1265,35.1931,35.257,35.3182,35.3767,35.4325,35.4856,35.536,35.5839,35.6291,35.6718,35.712,35.7496,35.7847,35.8174,35.8476,35.8754,35.9008,35.9238,35.9445,35.9629,35.979,35.9929,36.0045,36.014,36.0213,36.0265,36.0296,36.0306,36.0297,36.0267,36.0218,36.0151,36.0064,35.9959,35.9837,35.9697,35.9541,35.9368,35.9179,35.8975,35.8756,35.8522,35.8275,35.8014,35.7741,35.7456,35.7159,35.6852,35.6534,35.6207,35.5871,35.5526,35.5175,35.4816,35.4452,35.4083,35.3709,35.3332,35.2952,35.257,35.2187,35.1803,35.1421,35.104,35.0662,35.0287,34.9916,34.9551,34.9192,34.8841,34.8498,34.8164,34.784,34.7527,34.7227,34.694,34.6667,34.641,34.6169,34.5944,34.5739,34.5552,34.5385,34.524,34.5116,34.5016,34.4939,34.4886,34.486,34.4859,34.4886,34.494,34.5023,34.5135,34.5276,34.5449,34.5652,34.5887,34.6153,34.6453,34.6785,34.715,34.7549,34.7981,34.8448,34.8949,34.9484,35.0053,35.0657,35.1295,35.1968,35.2675,35.3416,35.4191,35.5,35.5842,35.6718,35.7627,35.8568,35.9542,36.0547,36.1584,36.2651,36.375,36.4878,36.6036,36.7222,36.8437,36.968,37.095,37.2247,37.357,37.4918,37.6291,37.7689,37.911,38.0555,38.2021,38.351,38.502,38.6551,38.8101,38.9672,39.1261,39.2868,39.4493,39.6136,39.7795,39.9471,40.1162,40.2868,40.4589,40.6324,40.8073,40.9835,41.1609,41.3397,41.5196,41.7006,41.8828,42.066,42.2503,42.4356,42.6219,42.809,42.9971,43.1861,43.3759,43.5665,43.7578,43.95,44.1428,44.3364,44.5307,44.7256,44.9211,45.1173
28.259,27.8965,27.5317,27.1647,26.7955,26.4241,26.0505,25.6749,25.2973,24.9178,24.5365,24.1536,23.7691,23.3834,22.9966,22.609,22.221,21.8327,21.4448,21.0576,20.6716,20.2875,19.9059,19.5276,19.1534,18.7843,18.4213,18.0656,17.7184,17.3812,17.0555,16.7429,16.445,16.1638,15.901,15.6586,15.4384,15.2423,15.0721,14.9293,14.8153,14.7313,14.678,14.6559,14.6652,14.7056,14.7764,14.8766,15.0051,15.1602,15.3401,15.5432,15.7672,16.0103,16.2704,16.5456,16.8339,17.1336,17.443,17.7605,18.0846,18.4139,18.7474,19.0839,19.4223,19.7619,20.1017,20.4412,20.7798,21.1167,21.4517,21.7842,22.1139,22.4405,22.7637,23.0833,23.3991,23.7109,24.0185,24.3219,24.621,24.9156,25.2058,25.4914,25.7725,26.0491,26.321,26.5883,26.8511,27.1093,27.3629,27.612,27.8566,28.0968,28.3324,28.5637,28.7906,29.0132,29.2315,29.4455,29.6553,29.8609,30.0625,30.2599,30.4533,30.6427,30.8281,31.0096,31.1873,31.3611,31.5311,31.6974,31.86,32.0189,32.1741,32.3258,32.4739,32.6184,32.7595,32.8971,33.0313,33.1621,33.2896,33.4137,33.5345,33.652,33.7663,33.8774,33.9853,34.0901,34.1917,34.2902,34.3857,34.4781,34.5675,34.6539,34.7373,34.8178,34.8954,34.97,35.0418,35.1107,35.1769,35.2402,35.3007,35.3584,35.4135,35.4658,35.5154,35.5624,35.6068,35.6485,35.6876,35.7242,35.7583,35.7898,35.8188,35.8454,35.8696,35.8913,35.9107,35.9277,35.9424,35.9548,35.965,35.9729,35.9786,35.9822,35.9836,35.9829,35.9802,35.9755,35.9688,35.9602,35.9496,35.9372,35.923,35.907,35.8893,35.8699,35.8489,35.8263,35.8022,35.7766,35.7496,35.7212,35.6915,35.6606,35.6286,35.5954,35.5611,35.5259,35.4898,35.4528,35.415,35.3766,35.3375,35.298,35.2579,35.2175,35.1768,35.1359,35.0948,35.0538,35.0128,34.972,34.9314,34.8912,34.8514,34.8121,34.7735,34.7357,34.6987,34.6626,34.6276,34.5937,34.5611,34.5299,34.5001,34.4718,34.4453,34.4205,34.3976,34.3767,34.3578,34.3411,34.3267,34.3146,34.305,34.298,34.2935,34.2918,34.2929,34.2968,34.3037,34.3136,34.3266,34.3427,34.362,34.3846,34.4105,34.4398,34.4724,34.5085,34.548,34.5911,34.6376,34.6877,34.7413,34.7985,34.8592,34.9235,34.9913,35.0626,35.1375,35.2159,35.2978,35.3831,35.4718,35.5639,35.6594,35.7582,35.8602,35.9655,36.074,36.1855,36.3002,36.4179,36.5385,36.662,36.7884,36.9175,37.0494,37.1839,37.321,37.4606,37.6027,37.7473,37.8941,38.0432,38.1946,38.3481,38.5036,38.6612,38.8208,38.9823,39.1456,39.3107,39.4775,39.646,39.8162,39.9879,40.1611,40.3357,40.5118,40.6892,40.868,41.048,41.2292,41.4117,41.5952,41.7799,41.9656,42.1523,42.34,42.5287,42.7182,42.9087,43.1,43.2921,43.485,43.6786,43.873,44.0681,44.2639,44.4603,44.6574,44.855,45.0533
28.1551,27.787,27.4164,27.0432,26.6676,26.2896,25.909,25.5261,25.1409,24.7534,24.3638,23.9722,23.5786,23.1834,22.7866,22.3886,21.9897,21.5901,21.1902,20.7906,20.3916,19.994,19.5983,19.2053,18.816,18.4312,18.052,17.6797,17.3156,16.9611,16.6179,16.2877,15.9725,15.6741,15.3947,15.1364,14.9013,14.6916,14.5094,14.3564,14.2343,14.1444,14.0877,14.0649,14.076,14.1207,14.1983,14.3076,14.4471,14.6151,14.8096,15.0283,15.269,15.5295,15.8074,16.1006,16.4071,16.7248,17.052,17.3869,17.728,18.0739,18.4234,18.7753,19.1286,19.4824,19.8359,20.1885,20.5395,20.8884,21.2348,21.5781,21.9182,22.2547,22.5872,22.9158,23.24,23.5599,23.8753,24.186,24.492,24.7933,25.0898,25.3815,25.6683,25.9503,26.2274,26.4997,26.7671,27.0298,27.2877,27.5408,27.7893,28.033,28.2722,28.5068,28.7368,28.9624,29.1835,29.4002,29.6125,29.8206,30.0244,30.224,30.4194,30.6107,30.798,30.9812,31.1605,31.3358,31.5073,31.6749,31.8387,31.9987,32.155,32.3077,32.4567,32.6021,32.7439,32.8822,33.017,33.1484,33.2763,33.4008,33.522,33.6398,33.7543,33.8656,33.9736,34.0785,34.1801,34.2786,34.374,34.4662,34.5554,34.6416,34.7247,34.8048,34.882,34.9562,35.0275,35.0958,35.1614,35.224,35.2839,35.3409,35.3952,35.4467,35.4955,35.5416,35.585,35.6257,35.6638,35.6993,35.7323,35.7627,35.7905,35.8158,35.8387,35.8591,35.8771,35.8927,35.906,35.9169,35.9255,35.9319,35.936,35.9379,35.9376,35.9352,35.9307,35.9242,35.9156,35.9051,35.8926,35.8782,35.8619,35.8439,35.8241,35.8025,35.7793,35.7545,35.7282,35.7003,35.6709,35.6402,35.6081,35.5748,35.5402,35.5045,35.4678,35.43,35.3912,35.3516,35.3112,35.2701,35.2284,35.1861,35.1433,35.1001,35.0566,35.0129,34.9691,34.9252,34.8814,34.8377,34.7943,34.7513,34.7087,34.6666,34.6252,34.5845,34.5447,34.5059,34.4682,34.4316,34.3963,34.3624,34.33,34.2992,34.2702,34.2429,34.2176,34.1943,34.1732,34.1543,34.1377,34.1236,34.112,34.103,34.0967,34.0933,34.0927,34.0951,34.1005,34.109,34.1208,34.1358,34.1541,34.1757,34.2008,34.2294,34.2615,34.2971,34.3363,34.3791,34.4255,34.4756,34.5293,34.5867,34.6478,34.7126,34.781,34.853,34.9287,35.008,35.0908,35.1773,35.2672,35.3606,35.4575,35.5578,35.6614,35.7684,35.8785,35.9919,36.1085,36.2281,36.3507,36.4764,36.6049,36.7362,36.8703,37.0072,37.1466,37.2886,37.4332,37.5802,37.7295,37.8812,38.035,38.1911,38.3493,38.5095,38.6717,38.8358,39.0017,39.1695,39.339,39.5101,39.6829,39.8572,40.0331,40.2104,40.3891,40.5691,40.7505,40.9331,41.1169,41.3019,41.488,41.6752,41.8634,42.0526,42.2428,42.4339,42.6259,42.8188,43.0125,43.2069,43.4022,43.5981,43.7948,43.9922,44.1902,44.3888,44.588,44.7878,44.9882
28.0559,27.6822,27.3058,26.9267,26.5448,26.1601,25.7727,25.3826,24.9899,24.5945,24.1966,23.7963,23.3937,22.989,22.5823,22.1738,21.7639,21.3528,20.9409,20.5287,20.1165,19.7051,19.295,18.8871,18.4821,18.081,17.685,17.2953,16.9133,16.5405,16.1787,15.8298,15.4957,15.1788,14.8812,14.6055,14.354,14.1292,13.9335,13.769,13.6378,13.5413,13.4808,13.457,13.47,13.5195,13.6047,13.7241,13.876,14.0583,14.2687,14.5047,14.7636,15.0429,15.3401,15.6527,15.9785,16.3154,16.6613,17.0145,17.3734,17.7365,18.1025,18.4703,18.8388,19.2072,19.5747,19.9405,20.3042,20.6651,21.0229,21.3772,21.7276,22.0739,22.4158,22.7532,23.0859,23.4138,23.7368,24.0548,24.3677,24.6755,24.9783,25.2758,25.5683,25.8556,26.1378,26.4149,26.6869,26.954,27.216,27.4731,27.7253,27.9726,28.2152,28.453,28.6861,28.9145,29.1383,29.3577,29.5725,29.7829,29.9889,30.1906,30.388,30.5812,30.7702,30.9551,31.1359,31.3127,31.4855,31.6543,31.8193,31.9804,32.1378,32.2914,32.4412,32.5874,32.73,32.8689,33.0043,33.1361,33.2645,33.3894,33.5109,33.629,33.7437,33.8551,33.9632,34.0681,34.1697,34.2681,34.3633,34.4554,34.5444,34.6302,34.713,34.7928,34.8695,34.9432,35.014,35.0818,35.1467,35.2087,35.2679,35.3242,35.3776,35.4283,35.4762,35.5214,35.5638,35.6035,35.6406,35.675,35.7068,35.736,35.7626,35.7867,35.8082,35.8273,35.8439,35.858,35.8698,35.8792,35.8863,35.891,35.8935,35.8937,35.8917,35.8875,35.8812,35.8728,35.8623,35.8498,35.8353,35.8189,35.8006,35.7804,35.7585,35.7348,35.7093,35.6822,35.6536,35.6233,35.5916,35.5584,35.5239,35.4881,35.451,35.4127,35.3733,35.3329,35.2915,35.2492,35.2061,35.1622,35.1177,35.0726,35.027,34.981,34.9346,34.8881,34.8413,34.7946,34.7478,34.7013,34.6549,34.609,34.5634,34.5185,34.4742,34.4306,34.388,34.3463,34.3057,34.2663,34.2283,34.1917,34.1566,34.1231,34.0915,34.0617,34.0339,34.0082,33.9846,33.9634,33.9446,33.9283,33.9147,33.9037,33.8955,33.8902,33.888,33.8887,33.8927,33.8998,33.9102,33.924,33.9413,33.962,33.9862,34.0141,34.0456,34.0807,34.1195,34.1621,34.2084,34.2585,34.3124,34.37,34.4315,34.4967,34.5657,34.6385,34.715,34.7952,34.8791,34.9667,35.0579,35.1527,35.2511,35.3529,35.4582,35.5668,35.6788,35.7941,35.9126,36.0343,36.159,36.2868,36.4175,36.5511,36.6876,36.8268,36.9687,37.1132,37.2602,37.4098,37.5617,37.7159,37.8724,38.0311,38.192,38.3549,38.5197,38.6866,38.8552,39.0257,39.1979,39.3718,39.5473,39.7243,39.9029,40.0829,40.2643,40.447,40.631,40.8163,41.0027,41.1903,41.3791,41.5688,41.7596,41.9514,42.1441,42.3377,42.5322,42.7275,42.9236,43.1205,43.3181,43.5164,43.7154,43.915,44.1153,44.3162,44.5176,44.7196,44.9222
27.9616,27.5825,27.2005,26.8154,26.4273,26.0362,25.642,25.2449,24.8447,24.4415,24.0355,23.6266,23.215,22.8009,22.3842,21.9654,21.5445,21.1219,20.698,20.273,19.8475,19.4221,18.9973,18.574,18.1529,17.7351,17.3216,16.9137,16.513,16.1209,15.7394,15.3704,15.0161,14.6791,14.3617,14.0668,13.7971,13.5555,13.3447,13.1673,13.0256,12.9216,12.8566,12.8316,12.8468,12.9018,12.9954,13.1262,13.2919,13.4902,13.7182,13.9731,14.2519,14.5517,14.8697,15.2031,15.5496,15.9066,16.2723,16.6447,17.0221,17.403,17.786,18.1701,18.5542,18.9374,19.319,19.6982,20.0746,20.4477,20.8169,21.1821,21.5428,21.8989,22.2501,22.5963,22.9374,23.2732,23.6037,23.9288,24.2485,24.5627,24.8715,25.1749,25.4728,25.7654,26.0525,26.3343,26.6109,26.8821,27.1482,27.4091,27.665,27.9158,28.1616,28.4025,28.6385,28.8698,29.0963,29.3181,29.5353,29.748,29.9561,30.1598,30.3591,30.5541,30.7448,30.9312,31.1135,31.2917,31.4658,31.6359,31.802,31.9642,32.1225,32.2769,32.4276,32.5745,32.7177,32.8573,32.9932,33.1255,33.2542,33.3795,33.5013,33.6196,33.7345,33.846,33.9541,34.059,34.1605,34.2588,34.3539,34.4457,34.5344,34.62,34.7024,34.7817,34.858,34.9312,35.0014,35.0687,35.1329,35.1942,35.2526,35.3081,35.3608,35.4106,35.4576,35.5018,35.5432,35.5819,35.6179,35.6512,35.6818,35.7098,35.7351,35.7579,35.7781,35.7958,35.8109,35.8236,35.8339,35.8417,35.8472,35.8503,35.8511,35.8495,35.8458,35.8398,35.8316,35.8213,35.8089,35.7944,35.7779,35.7594,35.739,35.7167,35.6925,35.6665,35.6388,35.6094,35.5784,35.5458,35.5116,35.4759,35.4389,35.4005,35.3608,35.3199,35.2779,35.2348,35.1906,35.1456,35.0997,35.053,35.0056,34.9576,34.9091,34.8602,34.8109,34.7613,34.7116,34.6619,34.6122,34.5626,34.5133,34.4643,34.4157,34.3678,34.3205,34.2739,34.2283,34.1837,34.1402,34.0979,34.057,34.0175,33.9797,33.9435,33.9091,33.8767,33.8463,33.818,33.7921,33.7685,33.7473,33.7288,33.713,33.7,33.6898,33.6827,33.6786,33.6777,33.6801,33.6858,33.6949,33.7074,33.7235,33.7433,33.7667,33.7937,33.8246,33.8592,33.8977,33.94,33.9862,34.0364,34.0904,34.1483,34.2101,34.2759,34.3455,34.419,34.4964,34.5776,34.6626,34.7514,34.8439,34.9401,35.04,35.1434,35.2504,35.3609,35.4748,35.592,35.7125,35.8363,35.9632,36.0932,36.2263,36.3623,36.5011,36.6428,36.7872,36.9343,37.0839,37.236,37.3906,37.5475,37.7068,37.8682,38.0318,38.1974,38.3651,38.5347,38.7061,38.8794,39.0544,39.231,39.4093,39.5891,39.7705,39.9532,40.1374,40.3228,40.5096,40.6976,40.8867,41.077,41.2684,41.4608,41.6542,41.8486,42.0438,42.24,42.437,42.6348,42.8334,43.0327,43.2327,43.4334,43.6348,43.8368,44.0393,44.2425,44.4462,44.6504,44.8552
27.8726,27.4883,27.1007,26.7099,26.3158,25.9183,25.5176,25.1134,24.706,24.2952,23.8811,23.4638,23.0434,22.6198,22.1934,21.7642,21.3324,20.8984,20.4623,20.0246,19.5858,19.1462,18.7065,18.2675,17.83,17.3949,16.9634,16.5367,16.1163,15.704,15.3015,14.9112,14.5352,14.1764,13.8374,13.5214,13.2316,12.9712,12.7434,12.5513,12.3978,12.285,12.2149,12.1885,12.206,12.2671,12.3703,12.5139,12.6951,12.9112,13.1589,13.4347,13.7353,14.0574,14.3977,14.7535,15.1218,15.5003,15.8867,16.279,16.6756,17.0748,17.4754,17.8761,18.276,18.6742,19.07,19.4628,19.8519,20.237,20.6177,20.9936,21.3646,21.7303,22.0907,22.4456,22.7949,23.1385,23.4763,23.8084,24.1347,24.4552,24.77,25.079,25.3823,25.6799,25.9719,26.2583,26.5391,26.8145,27.0845,27.3491,27.6085,27.8626,28.1116,28.3555,28.5944,28.8284,29.0574,29.2817,29.5012,29.716,29.9262,30.1318,30.3329,30.5296,30.7219,30.9098,31.0936,31.273,31.4484,31.6196,31.7868,31.9499,32.1091,32.2644,32.4158,32.5635,32.7073,32.8474,32.9837,33.1165,33.2456,33.3711,33.4931,33.6116,33.7266,33.8382,33.9464,34.0512,34.1526,34.2508,34.3456,34.4373,34.5256,34.6108,34.6929,34.7717,34.8475,34.9202,34.9898,35.0564,35.12,35.1806,35.2382,35.2929,35.3447,35.3936,35.4397,35.4829,35.5233,35.5609,35.5958,35.6279,35.6573,35.6841,35.7081,35.7296,35.7484,35.7647,35.7784,35.7896,35.7983,35.8045,35.8083,35.8098,35.8088,35.8055,35.8,35.7921,35.7821,35.7698,35.7554,35.7389,35.7203,35.6997,35.6771,35.6526,35.6262,35.598,35.5679,35.5361,35.5027,35.4676,35.4309,35.3927,35.3531,35.3121,35.2698,35.2262,35.1814,35.1355,35.0886,35.0407,34.9919,34.9423,34.892,34.8411,34.7896,34.7376,34.6853,34.6327,34.58,34.5272,34.4744,34.4217,34.3693,34.3172,34.2655,34.2145,34.1641,34.1145,34.0658,34.0181,33.9716,33.9263,33.8824,33.84,33.7993,33.7602,33.7231,33.6879,33.6548,33.624,33.5954,33.5693,33.5458,33.525,33.5069,33.4917,33.4796,33.4705,33.4646,33.4619,33.4626,33.4668,33.4745,33.4858,33.5008,33.5195,33.542,33.5683,33.5985,33.6326,33.6707,33.7128,33.7589,33.809,33.8632,33.9214,33.9836,34.0499,34.1202,34.1945,34.2728,34.3551,34.4412,34.5313,34.6252,34.7228,34.8243,34.9294,35.0381,35.1505,35.2663,35.3856,35.5082,35.6342,35.7634,35.8957,36.0312,36.1696,36.311,36.4552,36.6022,36.7519,36.9042,37.059,37.2163,37.376,37.538,37.7023,37.8687,38.0372,38.2077,38.3801,38.5544,38.7305,38.9084,39.0879,39.2691,39.4517,39.6359,39.8215,40.0085,40.1967,40.3863,40.577,40.7689,40.962,41.156,41.3511,41.5472,41.7442,41.9421,42.1409,42.3404,42.5408,42.7419,42.9437,43.1462,43.3493,43.5531,43.7574,43.9623,44.1678,44.3738,44.5803,44.7873
27.7893,27.3998,27.0069,26.6105,26.2105,25.8069,25.3997,24.9888,24.5743,24.156,23.7341,23.3085,22.8794,22.4467,22.0106,21.5712,21.1287,20.6832,20.2351,19.7848,19.3324,18.8787,18.424,17.9692,17.5149,17.0622,16.6121,16.166,15.7252,15.2916,14.8671,14.454,14.0548,13.6724,13.3099,12.9707,12.6585,12.377,12.13,11.9213,11.7541,11.6313,11.5552,11.527,11.5472,11.6152,11.7294,11.8874,12.0862,12.3223,12.5918,12.8908,13.2152,13.5615,13.926,14.3055,14.6971,15.0981,15.5061,15.9192,16.3356,16.7536,17.172,17.5897,18.0056,18.4189,18.829,19.2352,19.637,20.0341,20.4261,20.8127,21.1938,21.5691,21.9384,22.3018,22.6591,23.0103,23.3553,23.6942,24.027,24.3536,24.6741,24.9886,25.297,25.5996,25.8962,26.187,26.4721,26.7514,27.0252,27.2934,27.5561,27.8135,28.0655,28.3123,28.5539,28.7904,29.0219,29.2485,29.4702,29.6871,29.8992,30.1066,30.3095,30.5078,30.7016,30.891,31.0761,31.2568,31.4333,31.6056,31.7738,31.9378,32.0979,32.2539,32.4061,32.5543,32.6987,32.8393,32.9761,33.1092,33.2386,33.3644,33.4866,33.6052,33.7203,33.8319,33.94,34.0447,34.1461,34.244,34.3386,34.43,34.518,34.6028,34.6844,34.7628,34.8381,34.9102,34.9792,35.0451,35.108,35.1679,35.2247,35.2786,35.3295,35.3775,35.4225,35.4647,35.5041,35.5406,35.5743,35.6053,35.6334,35.6589,35.6816,35.7017,35.7192,35.734,35.7462,35.7559,35.763,35.7676,35.7697,35.7695,35.7668,35.7617,35.7543,35.7445,35.7325,35.7183,35.7019,35.6833,35.6626,35.6398,35.6151,35.5883,35.5596,35.529,35.4966,35.4624,35.4264,35.3888,35.3496,35.3088,35.2666,35.2229,35.1778,35.1315,35.0839,35.0352,34.9854,34.9346,34.8829,34.8303,34.777,34.723,34.6685,34.6134,34.558,34.5023,34.4464,34.3904,34.3344,34.2786,34.2229,34.1677,34.1128,34.0586,34.005,33.9522,33.9003,33.8495,33.7998,33.7515,33.7045,33.6591,33.6153,33.5734,33.5333,33.4953,33.4594,33.4258,33.3947,33.366,33.34,33.3167,33.2964,33.279,33.2647,33.2535,33.2457,33.2413,33.2403,33.2429,33.2492,33.2591,33.2729,33.2905,33.3121,33.3376,33.3671,33.4007,33.4385,33.4803,33.5263,33.5764,33.6307,33.6892,33.7519,33.8188,33.8898,33.9649,34.0442,34.1275,34.2148,34.3062,34.4015,34.5008,34.6038,34.7107,34.8213,34.9356,35.0534,35.1748,35.2997,35.4279,35.5595,35.6942,35.8321,35.9731,36.117,36.2639,36.4136,36.566,36.7211,36.8787,37.0388,37.2014,37.3663,37.5334,37.7027,37.8741,38.0476,38.2229,38.4002,38.5792,38.76,38.9425,39.1266,39.3122,39.4992,39.6877,39.8776,40.0687,40.2611,40.4547,40.6494,40.8452,41.0421,41.2399,41.4387,41.6384,41.839,42.0404,42.2426,42.4455,42.6492,42.8535,43.0585,43.2641,43.4703,43.6771,43.8844,44.0922,44.3005,44.5093,44.7185
27.712,27.3176,26.9195,26.5177,26.112,25.7025,25.289,24.8716,24.4502,24.0247,23.5951,23.1615,22.7239,22.2822,21.8366,21.3872,20.9341,20.4775,20.0175,19.5546,19.0889,18.621,18.1513,17.6805,17.2094,16.7387,16.2697,15.8035,15.3417,14.8859,14.4383,14.0011,13.5771,13.1692,12.7811,12.4164,12.0793,11.7742,11.5054,11.2775,11.0946,10.9601,10.8769,10.8466,10.8698,10.9458,11.0725,11.2472,11.466,11.7246,12.0185,12.343,12.6937,13.0662,13.4567,13.8615,14.2776,14.7022,15.1328,15.5673,16.0039,16.4412,16.8777,17.3124,17.7444,18.1728,18.5971,19.0167,19.4311,19.84,20.2431,20.6403,21.0312,21.4157,21.7939,22.1655,22.5306,22.8892,23.2412,23.5866,23.9256,24.2581,24.5842,24.9039,25.2174,25.5246,25.8258,26.1208,26.4099,26.693,26.9704,27.242,27.508,27.7684,28.0234,28.2729,28.5171,28.7561,28.99,29.2187,29.4425,29.6613,29.8753,30.0845,30.289,30.4888,30.6841,30.8748,31.0611,31.243,31.4206,31.5939,31.763,31.9279,32.0888,32.2455,32.3983,32.5471,32.692,32.833,32.9702,33.1036,33.2333,33.3593,33.4816,33.6003,33.7154,33.827,33.9351,34.0397,34.1408,34.2386,34.3329,34.4239,34.5116,34.596,34.6771,34.755,34.8297,34.9012,34.9696,35.0348,35.097,35.156,35.2121,35.2651,35.3151,35.3621,35.4062,35.4473,35.4856,35.521,35.5535,35.5832,35.6101,35.6343,35.6557,35.6744,35.6904,35.7037,35.7144,35.7225,35.728,35.731,35.7314,35.7294,35.7249,35.718,35.7087,35.697,35.6831,35.6668,35.6483,35.6276,35.6048,35.5798,35.5528,35.5237,35.4927,35.4597,35.4249,35.3882,35.3497,35.3095,35.2677,35.2243,35.1793,35.1329,35.0851,35.0359,34.9854,34.9338,34.8811,34.8273,34.7725,34.7169,34.6605,34.6035,34.5458,34.4876,34.429,34.37,34.3109,34.2516,34.1924,34.1332,34.0743,34.0157,33.9576,33.9,33.8431,33.7871,33.7319,33.6779,33.625,33.5734,33.5233,33.4747,33.4279,33.3828,33.3398,33.2988,33.26,33.2236,33.1897,33.1584,33.1298,33.104,33.0813,33.0615,33.045,33.0318,33.022,33.0157,33.013,33.0139,33.0187,33.0273,33.0398,33.0563,33.0769,33.1016,33.1305,33.1635,33.2008,33.2424,33.2883,33.3385,33.393,33.4518,33.5149,33.5824,33.6541,33.7301,33.8104,33.8948,33.9834,34.0762,34.173,34.2738,34.3786,34.4873,34.5998,34.7161,34.8361,34.9597,35.0868,35.2174,35.3514,35.4887,35.6291,35.7727,35.9194,36.069,36.2214,36.3767,36.5346,36.6951,36.8582,37.0237,37.1915,37.3616,37.5339,37.7083,37.8848,38.0632,38.2434,38.4255,38.6093,38.7948,38.9819,39.1705,39.3605,39.552,39.7448,39.9389,40.1342,40.3307,40.5283,40.7269,40.9266,41.1272,41.3288,41.5313,41.7345,41.9386,42.1435,42.349,42.5553,42.7622,42.9697,43.1778,43.3865,43.5957,43.8055,44.0157,44.2263,44.4374,44.6489
27.6409,27.2418,26.8388,26.4318,26.0207,25.6055,25.186,24.7623,24.3342,23.9017,23.4648,23.0234,22.5775,22.1272,21.6724,21.2133,20.7498,20.2822,19.8106,19.3353,18.8565,18.3745,17.8899,17.4032,16.9151,16.4265,15.9382,15.4516,14.9681,14.4894,14.0176,13.5551,13.1046,12.6695,12.2535,11.8608,11.496,11.1642,10.8707,10.6208,10.4195,10.2713,10.1797,10.1469,10.1735,10.2587,10.4,10.5938,10.8354,11.1196,11.4408,11.7937,12.173,12.574,12.9922,13.424,13.8659,14.315,14.7689,15.2254,15.6827,16.1393,16.5941,17.0459,17.4939,17.9373,18.3757,18.8084,19.2352,19.6557,20.0697,20.477,20.8775,21.2711,21.6578,22.0374,22.41,22.7757,23.1344,23.4862,23.8311,24.1693,24.5007,24.8255,25.1437,25.4555,25.7609,26.06,26.3529,26.6397,26.9205,27.1953,27.4644,27.7277,27.9854,28.2376,28.4843,28.7256,28.9617,29.1925,29.4182,29.6389,29.8546,30.0655,30.2715,30.4728,30.6694,30.8614,31.0488,31.2318,31.4104,31.5847,31.7546,31.9203,32.0819,32.2393,32.3926,32.5419,32.6872,32.8286,32.9662,33.0999,33.2297,33.3559,33.4783,33.5971,33.7122,33.8237,33.9316,34.0361,34.137,34.2345,34.3285,34.4192,34.5064,34.5904,34.671,34.7484,34.8225,34.8933,34.961,35.0255,35.0869,35.1452,35.2003,35.2524,35.3015,35.3475,35.3906,35.4307,35.4678,35.502,35.5334,35.5618,35.5875,35.6103,35.6303,35.6476,35.6621,35.6739,35.6831,35.6896,35.6934,35.6947,35.6934,35.6896,35.6833,35.6745,35.6633,35.6496,35.6337,35.6154,35.5948,35.5719,35.5469,35.5197,35.4903,35.4589,35.4255,35.3901,35.3528,35.3136,35.2725,35.2297,35.1852,35.1391,35.0914,35.0421,34.9915,34.9394,34.886,34.8314,34.7757,34.7188,34.661,34.6023,34.5427,34.4824,34.4215,34.36,34.2982,34.2359,34.1734,34.1108,34.0482,33.9857,33.9234,33.8614,33.7999,33.7389,33.6786,33.6191,33.5606,33.5032,33.447,33.3921,33.3386,33.2868,33.2368,33.1886,33.1424,33.0984,33.0566,33.0173,32.9805,32.9465,32.9152,32.8868,32.8615,32.8394,32.8206,32.8052,32.7933,32.785,32.7805,32.7798,32.783,32.7901,32.8014,32.8167,32.8363,32.8602,32.8883,32.9208,32.9577,32.999,33.0448,33.095,33.1497,33.2089,33.2725,33.3406,33.4131,33.49,33.5713,33.657,33.7469,33.8411,33.9395,34.042,34.1486,34.2592,34.3737,34.4921,34.6143,34.7402,34.8697,35.0027,35.1392,35.2791,35.4222,35.5686,35.718,35.8704,36.0257,36.1839,36.3447,36.5082,36.6743,36.8428,37.0137,37.1869,37.3623,37.5398,37.7193,37.9008,38.0842,38.2694,38.4563,38.6449,38.835,39.0267,39.2198,39.4143,39.6101,39.8072,40.0055,40.2049,40.4055,40.607,40.8096,41.0131,41.2175,41.4227,41.6288,41.8356,42.0432,42.2514,42.4603,42.6698,42.8799,43.0906,43.3018,43.5135,43.7257,43.9383,44.1513,44.3648,44.5786
27.5766,27.173,26.7652,26.3532,25.937,25.5163,25.0911,24.6613,24.2269,23.7877,23.3437,22.8949,22.4411,21.9824,21.5188,21.0502,20.5768,20.0986,19.6157,19.1282,18.6365,18.1408,17.6415,17.1391,16.6342,16.1275,15.6199,15.1127,14.6071,14.1049,13.608,13.119,12.6406,12.1763,11.7301,11.3066,10.9111,10.5493,10.2274,9.95203,9.72927,9.56481,9.46314,9.42715,9.45777,9.55384,9.71226,9.92831,10.1961,10.5093,10.8612,11.2455,11.6562,12.0879,12.5358,12.996,13.4648,13.9393,14.417,14.8958,15.374,15.8502,16.3231,16.7919,17.2557,17.7139,18.166,18.6116,19.0504,19.4822,19.9067,20.3239,20.7337,21.136,21.5307,21.9181,22.2979,22.6704,23.0355,23.3933,23.7439,24.0874,24.4239,24.7535,25.0763,25.3924,25.7018,26.0047,26.3013,26.5915,26.8755,27.1535,27.4255,27.6916,27.9519,28.2065,28.4555,28.699,28.9371,29.1699,29.3975,29.6199,29.8373,30.0496,30.2571,30.4597,30.6576,30.8507,31.0393,31.2233,31.4028,31.5779,31.7486,31.915,32.0772,32.2352,32.389,32.5388,32.6845,32.8263,32.964,33.0979,33.228,33.3542,33.4767,33.5954,33.7105,33.8219,33.9297,34.0339,34.1346,34.2318,34.3255,34.4157,34.5025,34.586,34.6661,34.7429,34.8163,34.8865,34.9535,35.0173,35.0779,35.1353,35.1895,35.2407,35.2888,35.3338,35.3758,35.4148,35.4508,35.4838,35.5139,35.5411,35.5654,35.5869,35.6055,35.6213,35.6344,35.6446,35.6522,35.6571,35.6592,35.6588,35.6557,35.6501,35.6419,35.6312,35.6181,35.6024,35.5844,35.564,35.5413,35.5162,35.4889,35.4594,35.4278,35.394,35.3581,35.3202,35.2804,35.2386,35.1949,35.1494,35.1022,35.0533,35.0028,34.9507,34.8971,34.8421,34.7857,34.728,34.6692,34.6092,34.5482,34.4863,34.4235,34.3599,34.2957,34.2309,34.1656,34.1,34.0341,33.968,33.902,33.836,33.7701,33.7047,33.6396,33.5751,33.5113,33.4484,33.3864,33.3254,33.2658,33.2074,33.1506,33.0954,33.0421,32.9906,32.9412,32.894,32.8492,32.8068,32.7671,32.7301,32.696,32.665,32.6371,32.6125,32.5913,32.5736,32.5596,32.5493,32.5429,32.5404,32.5419,32.5476,32.5575,32.5717,32.5903,32.6132,32.6406,32.6726,32.709,32.7501,32.7958,32.846,32.9009,32.9605,33.0246,33.0934,33.1667,33.2446,33.327,33.4139,33.5052,33.6009,33.7009,33.8052,33.9136,34.0262,34.1429,34.2635,34.3879,34.5162,34.6482,34.7838,34.9229,35.0655,35.2114,35.3605,35.5128,35.6681,35.8264,35.9876,36.1515,36.3181,36.4873,36.659,36.833,37.0093,37.1879,37.3686,37.5513,37.736,37.9226,38.111,38.301,38.4928,38.6861,38.8809,39.0771,39.2747,39.4736,39.6738,39.8751,40.0776,40.2811,40.4856,40.6911,40.8975,41.1048,41.3129,41.5218,41.7314,41.9417,42.1527,42.3643,42.5764,42.7892,43.0024,43.2162,43.4304,43.6451,43.8601,44.0756,44.2914,44.5076
27.5192,27.1113,26.6991,26.2825,25.8613,25.4354,25.0048,24.5693,24.1288,23.6833,23.2326,22.7766,22.3153,21.8487,21.3766,20.899,20.416,19.9276,19.4338,18.9347,18.4305,17.9215,17.4078,16.89,16.3685,15.844,15.3172,14.7893,14.2615,13.7353,13.2128,12.6962,12.1885,11.6933,11.2146,10.7575,10.3278,9.93216,9.57787,9.27274,9.02458,8.84061,8.72675,8.68684,8.72217,8.83123,9.00992,9.25212,9.55038,9.89671,10.2831,10.7021,11.1469,11.6116,12.091,12.5808,13.0775,13.578,14.0799,14.5813,15.0804,15.5759,16.0668,16.5522,17.0315,17.5041,17.9695,18.4276,18.878,19.3205,19.7552,20.1818,20.6004,21.011,21.4135,21.8081,22.1948,22.5737,22.9449,23.3084,23.6644,24.013,24.3543,24.6884,25.0155,25.3356,25.6488,25.9554,26.2553,26.5488,26.8359,27.1167,27.3914,27.6601,27.9228,28.1797,28.4309,28.6765,28.9166,29.1512,29.3804,29.6045,29.8233,30.0371,30.2459,30.4497,30.6488,30.843,31.0325,31.2175,31.3978,31.5737,31.7451,31.9122,32.0749,32.2334,32.3877,32.5378,32.6839,32.8259,32.9639,33.0979,33.2281,33.3544,33.4768,33.5955,33.7105,33.8217,33.9293,34.0333,34.1337,34.2305,34.3238,34.4136,34.4999,34.5829,34.6624,34.7386,34.8114,34.8809,34.9471,35.0101,35.0698,35.1264,35.1797,35.2299,35.277,35.321,35.3619,35.3997,35.4346,35.4664,35.4952,35.5211,35.5441,35.5641,35.5813,35.5956,35.6072,35.6159,35.6218,35.625,35.6255,35.6233,35.6184,35.6109,35.6009,35.5882,35.5731,35.5554,35.5353,35.5127,35.4878,35.4605,35.431,35.3991,35.3651,35.3289,35.2905,35.2501,35.2077,35.1632,35.1169,35.0687,35.0187,34.967,34.9135,34.8585,34.8019,34.7439,34.6844,34.6237,34.5617,34.4985,34.4343,34.369,34.3029,34.236,34.1684,34.1001,34.0314,33.9623,33.8929,33.8233,33.7536,33.684,33.6146,33.5455,33.4768,33.4087,33.3413,33.2747,33.2091,33.1446,33.0814,33.0195,32.9592,32.9005,32.8437,32.7888,32.7361,32.6856,32.6376,32.5921,32.5493,32.5093,32.4723,32.4385,32.4079,32.3807,32.357,32.337,32.3207,32.3083,32.2999,32.2956,32.2955,32.2996,32.3082,32.3211,32.3386,32.3606,32.3873,32.4186,32.4547,32.4955,32.5411,32.5914,32.6465,32.7065,32.7711,32.8406,32.9148,32.9937,33.0773,33.1655,33.2582,33.3555,33.4572,33.5633,33.6738,33.7884,33.9072,34.0301,34.157,34.2877,34.4223,34.5606,34.7024,34.8478,34.9965,35.1486,35.3039,35.4623,35.6236,35.7879,35.955,36.1248,36.2972,36.472,36.6493,36.8289,37.0108,37.1947,37.3808,37.5687,37.7586,37.9502,38.1435,38.3385,38.5351,38.7331,38.9325,39.1333,39.3354,39.5387,39.7431,39.9486,40.1552,40.3628,40.5713,40.7807,40.9909,41.2019,41.4136,41.6261,41.8392,42.0529,42.2672,42.4821,42.6975,42.9134,43.1297,43.3465,43.5637,43.7812,43.9991,44.2174,44.4359
27.4691,27.0572,26.6408,26.2198,25.7939,25.3632,24.9275,24.4866,24.0405,23.589,23.1319,22.6693,22.2009,21.7267,21.2466,20.7605,20.2685,19.7703,19.2661,18.756,18.2399,17.718,17.1905,16.6578,16.1202,15.5783,15.0327,14.4843,13.9343,13.3841,12.8355,12.2908,11.7527,11.2249,10.7115,10.218,9.75056,9.31676,8.92516,8.5852,8.3067,8.09906,7.97017,7.92534,7.96635,8.09117,8.29426,8.56749,8.90125,9.28551,9.71065,10.1679,10.6497,11.1495,11.6619,12.1824,12.7076,13.2345,13.7607,14.2844,14.8041,15.3186,15.8271,16.3287,16.8229,17.3093,17.7875,18.2575,18.7189,19.1718,19.616,20.0516,20.4785,20.8969,21.3068,21.7082,22.1014,22.4863,22.8632,23.232,23.5931,23.9464,24.2922,24.6306,24.9616,25.2854,25.6022,25.9121,26.2153,26.5117,26.8017,27.0852,27.3624,27.6335,27.8985,28.1575,28.4107,28.6582,28.9,29.1363,29.3672,29.5927,29.8129,30.028,30.238,30.443,30.643,30.8383,31.0287,31.2144,31.3956,31.5721,31.7442,31.9118,32.075,32.2339,32.3886,32.539,32.6853,32.8275,32.9657,33.0998,33.23,33.3563,33.4787,33.5973,33.7121,33.8232,33.9305,34.0342,34.1342,34.2307,34.3235,34.4129,34.4987,34.5811,34.66,34.7355,34.8076,34.8764,34.9418,35.004,35.0629,35.1185,35.1709,35.2201,35.2662,35.3091,35.3489,35.3855,35.4192,35.4497,35.4773,35.5018,35.5234,35.542,35.5578,35.5706,35.5805,35.5876,35.5919,35.5934,35.5922,35.5882,35.5815,35.5721,35.5601,35.5455,35.5283,35.5086,35.4863,35.4616,35.4345,35.4049,35.373,35.3388,35.3024,35.2637,35.2228,35.1798,35.1347,35.0876,35.0385,34.9875,34.9347,34.8801,34.8237,34.7657,34.7061,34.6449,34.5824,34.5184,34.4532,34.3867,34.3192,34.2506,34.181,34.1107,34.0396,33.9678,33.8955,33.8228,33.7497,33.6765,33.6032,33.5299,33.4568,33.384,33.3116,33.2397,33.1686,33.0983,33.0289,32.9607,32.8938,32.8282,32.7643,32.702,32.6416,32.5832,32.527,32.4732,32.4218,32.373,32.327,32.284,32.244,32.2072,32.1738,32.144,32.1177,32.0952,32.0766,32.0621,32.0516,32.0454,32.0435,32.0461,32.0532,32.0648,32.0812,32.1023,32.1282,32.1589,32.1945,32.2351,32.2806,32.331,32.3864,32.4467,32.512,32.5822,32.6573,32.7373,32.8221,32.9116,33.0059,33.1048,33.2084,33.3164,33.4289,33.5457,33.6668,33.7921,33.9214,34.0548,34.192,34.333,34.4777,34.626,34.7777,34.9329,35.0912,35.2527,35.4173,35.5848,35.7551,35.9282,36.1039,36.2821,36.4628,36.6457,36.8309,37.0183,37.2077,37.399,37.5922,37.7872,37.9839,38.1822,38.3821,38.5834,38.7861,38.9901,39.1954,39.4019,39.6095,39.8182,40.0279,40.2386,40.4501,40.6625,40.8757,41.0897,41.3044,41.5197,41.7357,41.9522,42.1693,42.3869,42.605,42.8236,43.0425,43.2619,43.4816,43.7017,43.9221,44.1427,44.3637
27.4266,27.011,26.5906,26.1655,25.7354,25.3001,24.8597,24.4138,23.9624,23.5053,23.0424,22.5735,22.0985,21.6173,21.1297,20.6357,20.1351,19.6279,19.1139,18.5933,18.0659,17.5319,16.9913,16.4444,15.8914,15.3328,14.7689,14.2007,13.6289,13.055,12.4803,11.9071,11.338,10.7764,10.2264,9.69369,9.18486,8.70825,8.27374,7.89274,7.57765,7.34085,7.19314,7.142,7.19002,7.33436,7.56729,7.87775,8.25316,8.6809,9.14939,9.64856,10.17,10.7067,11.2533,11.8053,12.3592,12.9124,13.4626,14.0082,14.5479,15.0808,15.6061,16.1231,16.6315,17.131,17.6214,18.1026,18.5744,19.0369,19.4901,19.934,20.3687,20.7944,21.2111,21.6189,22.018,22.4086,22.7907,23.1645,23.5303,23.888,24.2379,24.5801,24.9149,25.2422,25.5623,25.8753,26.1813,26.4806,26.7731,27.0591,27.3386,27.6119,27.879,28.14,28.395,28.6442,28.8877,29.1255,29.3578,29.5846,29.8062,30.0224,30.2335,30.4395,30.6405,30.8366,31.0278,31.2143,31.3961,31.5732,31.7458,31.9139,32.0775,32.2368,32.3918,32.5425,32.689,32.8313,32.9696,33.1037,33.2339,33.3601,33.4824,33.6009,33.7155,33.8263,33.9333,34.0367,34.1363,34.2323,34.3247,34.4135,34.4988,34.5806,34.6589,34.7337,34.8051,34.8731,34.9377,34.999,35.057,35.1117,35.1631,35.2113,35.2563,35.2981,35.3367,35.3722,35.4046,35.4339,35.4601,35.4833,35.5035,35.5207,35.5349,35.5462,35.5545,35.56,35.5626,35.5624,35.5594,35.5535,35.545,35.5337,35.5197,35.5031,35.4839,35.462,35.4376,35.4107,35.3813,35.3494,35.3152,35.2785,35.2396,35.1984,35.1549,35.1093,35.0615,35.0117,34.9598,34.906,34.8503,34.7927,34.7333,34.6722,34.6095,34.5452,34.4794,34.4122,34.3437,34.2739,34.2029,34.1309,34.0579,33.984,33.9093,33.8339,33.758,33.6815,33.6048,33.5278,33.4507,33.3736,33.2967,33.2201,33.1438,33.0681,32.9931,32.919,32.8458,32.7737,32.703,32.6336,32.5659,32.4999,32.4358,32.3738,32.314,32.2566,32.2018,32.1496,32.1003,32.054,32.0109,31.9712,31.9349,31.9022,31.8733,31.8482,31.8272,31.8104,31.7978,31.7896,31.7859,31.7868,31.7924,31.8028,31.818,31.8381,31.8632,31.8933,31.9285,31.9688,32.0142,32.0647,32.1203,32.1811,32.247,32.318,32.3941,32.4752,32.5613,32.6523,32.7482,32.8488,32.9542,33.0643,33.1789,33.298,33.4215,33.5493,33.6812,33.8173,33.9573,34.1012,34.2488,34.4001,34.555,34.7132,34.8748,35.0396,35.2075,35.3783,35.552,35.7285,35.9076,36.0892,36.2733,36.4598,36.6484,36.8392,37.0321,37.2269,37.4236,37.622,37.8221,38.0239,38.2271,38.4318,38.6379,38.8452,39.0538,39.2636,39.4745,39.6864,39.8992,40.113,40.3277,40.5432,40.7594,40.9764,41.194,41.4123,41.6312,41.8506,42.0705,42.2909,42.5117,42.733,42.9546,43.1766,43.3989,43.6215,43.8444,44.0676,44.291
27.3919,26.9728,26.5489,26.12,25.6859,25.2466,24.8017,24.3512,23.895,23.4328,22.9644,22.4898,22.0087,21.5211,21.0266,20.5252,20.0168,19.5012,18.9782,18.4479,17.9101,17.3648,16.812,16.2518,15.6843,15.1098,14.5287,13.9414,13.3488,12.7517,12.1516,11.5502,10.9499,10.3538,9.76591,9.19163,8.6379,8.1136,7.62992,7.20042,6.84073,6.56738,6.39554,6.33613,6.39307,6.56218,6.83227,7.18792,7.61238,8.08983,8.60648,9.15099,9.71432,10.2894,10.8708,11.4542,12.0366,12.6155,13.1889,13.7556,14.3145,14.8647,15.4059,15.9374,16.4591,16.9709,17.4725,17.964,18.4455,18.9169,19.3783,19.8299,20.2718,20.7041,21.1271,21.5407,21.9453,22.341,22.7279,23.1063,23.4763,23.838,24.1917,24.5375,24.8756,25.2061,25.5292,25.845,26.1537,26.4554,26.7504,27.0386,27.3203,27.5955,27.8644,28.1272,28.3839,28.6347,28.8796,29.1188,29.3524,29.5805,29.8031,30.0204,30.2325,30.4394,30.6412,30.838,31.03,31.2171,31.3994,31.5771,31.7501,31.9186,32.0826,32.2421,32.3973,32.5482,32.6948,32.8372,32.9755,33.1097,33.2398,33.3659,33.488,33.6062,33.7206,33.8311,33.9378,34.0407,34.14,34.2355,34.3274,34.4157,34.5003,34.5815,34.6591,34.7332,34.8038,34.871,34.9348,34.9952,35.0522,35.106,35.1564,35.2035,35.2474,35.2881,35.3255,35.3598,35.3909,35.4189,35.4438,35.4656,35.4843,35.5,35.5127,35.5224,35.5292,35.533,35.5339,35.5319,35.5271,35.5194,35.5089,35.4957,35.4797,35.4611,35.4397,35.4157,35.3891,35.3599,35.3282,35.294,35.2574,35.2183,35.1768,35.133,35.087,35.0386,34.9882,34.9355,34.8808,34.8241,34.7654,34.7048,34.6424,34.5782,34.5123,34.4448,34.3758,34.3052,34.2333,34.1601,34.0856,34.01,33.9334,33.8559,33.7776,33.6985,33.6188,33.5386,33.458,33.3772,33.2962,33.2152,33.1344,33.0538,32.9736,32.8939,32.815,32.7368,32.6597,32.5837,32.5089,32.4357,32.3641,32.2942,32.2263,32.1605,32.097,32.0359,31.9775,31.9218,31.8691,31.8195,31.7731,31.7302,31.6909,31.6553,31.6236,31.5959,31.5724,31.5532,31.5384,31.5282,31.5226,31.5218,31.5258,31.5348,31.5488,31.5679,31.5922,31.6217,31.6564,31.6964,31.7418,31.7924,31.8484,31.9096,31.9762,32.0481,32.1251,32.2074,32.2949,32.3874,32.4849,32.5874,32.6948,32.807,32.9239,33.0453,33.1713,33.3017,33.4364,33.5752,33.7181,33.865,34.0157,34.1702,34.3282,34.4898,34.6547,34.8228,34.9941,35.1684,35.3456,35.5256,35.7082,35.8934,36.0811,36.2711,36.4633,36.6577,36.8541,37.0525,37.2527,37.4547,37.6583,37.8635,38.0703,38.2784,38.4879,38.6987,38.9107,39.1238,39.338,39.5531,39.7693,39.9863,40.2041,40.4227,40.6421,40.8621,41.0828,41.304,41.5258,41.7481,41.9709,42.1941,42.4177,42.6417,42.8661,43.0907,43.3156,43.5408,43.7663,43.9919,44.2178
27.3653,26.9431,26.5159,26.0836,25.6459,25.2028,24.754,24.2994,23.8387,23.3719,22.8986,22.4188,21.9323,21.4387,20.9381,20.43,19.9145,19.3913,18.8601,18.321,17.7737,17.2181,16.6541,16.0817,15.5009,14.9118,14.3146,13.7096,13.0973,12.4785,11.854,11.2254,10.5945,9.96405,9.33769,8.72037,8.11884,7.54221,7.00261,6.51582,6.1013,5.78126,5.57761,5.50703,5.57574,5.77722,6.09456,6.50557,6.98783,7.52163,8.09103,8.68373,9.29046,9.90433,10.5203,11.1345,11.7444,12.3477,12.9432,13.5296,14.1063,14.6727,15.2285,15.7734,16.3073,16.8302,17.3421,17.843,18.3331,18.8126,19.2815,19.74,20.1884,20.6267,21.0553,21.4742,21.8837,22.284,22.6753,23.0577,23.4315,23.7969,24.154,24.503,24.844,25.1774,25.5031,25.8215,26.1326,26.4366,26.7336,27.0238,27.3074,27.5844,27.855,28.1194,28.3776,28.6297,28.876,29.1164,29.3511,29.5802,29.8039,30.0221,30.235,30.4426,30.6452,30.8427,31.0352,31.2228,31.4057,31.5837,31.7571,31.9259,32.0902,32.2499,32.4053,32.5562,32.7029,32.8453,32.9836,33.1177,33.2476,33.3736,33.4955,33.6134,33.7275,33.8376,33.944,34.0465,34.1452,34.2402,34.3316,34.4192,34.5033,34.5837,34.6606,34.7339,34.8038,34.8701,34.9331,34.9925,35.0486,35.1014,35.1507,35.1968,35.2395,35.279,35.3153,35.3483,35.3781,35.4048,35.4283,35.4486,35.4659,35.4801,35.4912,35.4993,35.5044,35.5066,35.5057,35.502,35.4953,35.4858,35.4734,35.4582,35.4402,35.4194,35.3959,35.3698,35.3409,35.3095,35.2754,35.2388,35.1997,35.1581,35.1141,35.0677,35.0189,34.9679,34.9146,34.8592,34.8016,34.7419,34.6802,34.6166,34.551,34.4837,34.4145,34.3437,34.2713,34.1974,34.122,34.0453,33.9673,33.8881,33.8078,33.7266,33.6445,33.5616,33.478,33.394,33.3095,33.2247,33.1397,33.0547,32.9698,32.8852,32.8009,32.7171,32.6341,32.5518,32.4706,32.3905,32.3117,32.2344,32.1587,32.0849,32.013,31.9433,31.8759,31.8111,31.7489,31.6896,31.6333,31.5802,31.5305,31.4843,31.4418,31.4032,31.3686,31.3382,31.3121,31.2904,31.2733,31.261,31.2534,31.2508,31.2533,31.2608,31.2736,31.2917,31.3151,31.3439,31.3782,31.418,31.4632,31.514,31.5703,31.6321,31.6994,31.7721,31.8503,31.9338,32.0227,32.1168,32.2161,32.3206,32.43,32.5444,32.6636,32.7876,32.9162,33.0493,33.1868,33.3286,33.4745,33.6245,33.7784,33.9361,34.0975,34.2625,34.4308,34.6025,34.7773,34.9552,35.136,35.3196,35.5059,35.6947,35.886,36.0797,36.2756,36.4737,36.6738,36.8758,37.0797,37.2853,37.4925,37.7014,37.9116,38.1233,38.3364,38.5506,38.766,38.9826,39.2001,39.4186,39.6381,39.8583,40.0794,40.3012,40.5237,40.7469,40.9706,41.1949,41.4196,41.6449,41.8706,42.0967,42.3231,42.5499,42.7769,43.0043,43.2319,43.4597,43.6877,43.9159,44.1442
27.347,26.922,26.4919,26.0565,25.6157,25.1692,24.7169,24.2585,23.794,23.323,22.8454,22.361,21.8696,21.3709,20.8647,20.3508,19.829,19.299,18.7606,18.2137,17.6579,17.0931,16.5192,15.9359,15.3432,14.7411,14.1294,13.5083,12.8781,12.2392,11.5922,10.9381,10.2782,9.61479,8.95066,8.29009,7.63914,7.00648,6.40449,5.85057,5.36829,4.98738,4.74029,4.65394,4.73893,4.98437,5.36307,5.8423,6.3921,6.98869,7.61448,8.25693,8.9072,9.5591,10.2083,10.8517,11.4872,12.1133,12.7289,13.3333,13.9261,14.5071,15.0759,15.6327,16.1775,16.7103,17.2312,17.7405,18.2384,18.7249,19.2004,19.6651,20.1191,20.5628,20.9962,21.4198,21.8337,22.238,22.6331,23.0191,23.3963,23.7648,24.1249,24.4767,24.8204,25.1563,25.4844,25.8049,26.1181,26.4241,26.723,27.015,27.3002,27.5788,27.8509,28.1166,28.3761,28.6295,28.8768,29.1183,29.354,29.584,29.8085,30.0275,30.2411,30.4494,30.6526,30.8506,31.0436,31.2317,31.4149,31.5933,31.7669,31.9359,32.1003,32.2602,32.4156,32.5667,32.7133,32.8557,32.9938,33.1277,33.2575,33.3832,33.5049,33.6225,33.7362,33.846,33.9518,34.0539,34.1521,34.2466,34.3373,34.4243,34.5077,34.5874,34.6635,34.7361,34.8051,34.8706,34.9326,34.9911,35.0462,35.0979,35.1462,35.1911,35.2327,35.271,35.306,35.3378,35.3663,35.3916,35.4136,35.4326,35.4483,35.461,35.4705,35.477,35.4804,35.4808,35.4782,35.4727,35.4641,35.4527,35.4383,35.4211,35.401,35.3782,35.3525,35.3241,35.293,35.2592,35.2228,35.1838,35.1422,35.0981,35.0514,35.0024,34.9509,34.8971,34.841,34.7827,34.7221,34.6595,34.5947,34.5279,34.4592,34.3886,34.3162,34.242,34.1662,34.0888,34.0099,33.9295,33.8479,33.765,33.681,33.596,33.51,33.4232,33.3357,33.2477,33.1592,33.0703,32.9812,32.8921,32.8031,32.7142,32.6257,32.5378,32.4505,32.364,32.2785,32.1942,32.1112,32.0297,31.9499,31.8719,31.7959,31.7222,31.6508,31.582,31.516,31.4529,31.3929,31.3362,31.283,31.2334,31.1876,31.1459,31.1083,31.075,31.0461,31.0219,31.0025,30.9879,30.9783,30.9738,30.9746,30.9807,30.9922,31.0092,31.0318,31.0599,31.0938,31.1333,31.1785,31.2294,31.286,31.3484,31.4164,31.4901,31.5694,31.6543,31.7447,31.8405,31.9417,32.0481,32.1598,32.2765,32.3982,32.5247,32.656,32.792,32.9324,33.0773,33.2264,33.3796,33.5369,33.698,33.8629,34.0313,34.2033,34.3785,34.557,34.7386,34.9231,35.1105,35.3005,35.4932,35.6883,35.8858,36.0855,36.2873,36.4912,36.697,36.9046,37.1139,37.3248,37.5373,37.7513,37.9666,38.1832,38.401,38.6199,38.84,39.061,39.2829,39.5057,39.7293,39.9537,40.1787,40.4044,40.6307,40.8576,41.0849,41.3128,41.541,41.7696,41.9986,42.2279,42.4575,42.6873,42.9174,43.1477,43.3781,43.6087,43.8395,44.0703
27.3372,26.9098,26.4772,26.0391,25.5954,25.146,24.6906,24.2291,23.7611,23.2866,22.8052,22.3169,21.8212,21.318,20.8071,20.2881,19.7609,19.2251,18.6805,18.1269,17.5639,16.9912,16.4087,15.8161,15.2131,14.5996,13.9754,13.3404,12.6945,12.038,11.3709,10.694,10.0079,9.3141,8.61458,7.9125,7.21268,6.52248,5.85324,5.2225,4.65695,4.19515,3.88607,3.77609,3.88515,4.19302,4.65301,5.2159,5.84288,6.50704,7.19067,7.88225,8.57425,9.26176,9.9415,10.6113,11.2698,11.9159,12.5493,13.1694,13.7763,14.3698,14.95,15.517,16.0711,16.6123,17.1411,17.6575,18.162,18.6546,19.1357,19.6056,20.0645,20.5127,20.9504,21.3779,21.7955,22.2033,22.6017,22.9908,23.3708,23.7421,24.1047,24.4589,24.8049,25.1429,25.4731,25.7956,26.1105,26.4182,26.7187,27.0122,27.2988,27.5787,27.8521,28.119,28.3795,28.6339,28.8822,29.1246,29.3611,29.5919,29.8171,30.0367,30.2509,30.4598,30.6634,30.8619,31.0552,31.2436,31.4271,31.6057,31.7795,31.9487,32.1132,32.2731,32.4285,32.5795,32.7261,32.8683,33.0062,33.14,33.2695,33.3949,33.5162,33.6335,33.7468,33.8561,33.9615,34.063,34.1606,34.2545,34.3446,34.4309,34.5136,34.5925,34.6679,34.7396,34.8077,34.8723,34.9333,34.9909,35.0449,35.0956,35.1428,35.1866,35.227,35.264,35.2978,35.3282,35.3554,35.3793,35.3999,35.4173,35.4316,35.4427,35.4506,35.4554,35.4572,35.4558,35.4514,35.444,35.4336,35.4202,35.4038,35.3846,35.3624,35.3374,35.3096,35.2789,35.2455,35.2094,35.1705,35.129,35.0849,35.0382,34.9889,34.9372,34.883,34.8263,34.7674,34.7061,34.6425,34.5768,34.5089,34.439,34.367,34.2931,34.2173,34.1397,34.0604,33.9794,33.8969,33.8129,33.7276,33.6409,33.5531,33.4641,33.3742,33.2835,33.1919,33.0998,33.0071,32.9141,32.8208,32.7275,32.6341,32.541,32.4482,32.3559,32.2642,32.1734,32.0835,31.9948,31.9075,31.8216,31.7375,31.6552,31.575,31.4971,31.4216,31.3487,31.2786,31.2116,31.1478,31.0873,31.0305,30.9774,30.9282,30.8832,30.8424,30.8062,30.7745,30.7476,30.7257,30.7088,30.6971,30.6907,30.6898,30.6943,30.7045,30.7204,30.7421,30.7695,30.8029,30.8421,30.8873,30.9384,30.9955,31.0584,31.1273,31.202,31.2825,31.3688,31.4608,31.5584,31.6615,31.7701,31.884,32.0031,32.1274,32.2567,32.3909,32.5298,32.6733,32.8214,32.9738,33.1304,33.2911,33.4558,33.6242,33.7964,33.972,34.1511,34.3333,34.5187,34.7071,34.8984,35.0923,35.2889,35.4879,35.6892,35.8928,36.0986,36.3063,36.516,36.7274,36.9406,37.1553,37.3716,37.5892,37.8083,38.0285,38.25,38.4725,38.6961,38.9206,39.146,39.3723,39.5993,39.827,40.0553,40.2843,40.5138,40.7438,40.9743,41.2052,41.4365,41.6681,41.9,42.1322,42.3646,42.5973,42.8301,43.0631,43.2962,43.5295,43.7628,43.9962
27.3362,26.9067,26.4718,26.0315,25.5854,25.1335,24.6755,24.2113,23.7405,23.2629,22.7784,22.2867,21.7876,21.2807,20.7658,20.2427,19.711,19.1704,18.6207,18.0615,17.4926,16.9135,16.324,15.7237,15.1123,14.4894,13.8549,13.2084,12.5496,11.8783,11.1946,10.4984,9.79008,9.0701,8.33957,7.60033,6.85544,6.11003,5.37278,4.65862,3.99379,3.42387,3.02138,2.87265,3.02082,3.42245,3.99089,4.65336,5.36403,6.09647,6.83553,7.57237,8.30173,9.02039,9.72642,10.4187,11.0964,11.7594,12.4074,13.0405,13.6589,14.2627,14.8522,15.4276,15.9893,16.5375,17.0726,17.5949,18.1047,18.6023,19.088,19.5622,20.0251,20.477,20.9182,21.349,21.7696,22.1803,22.5814,22.973,23.3554,23.7289,24.0937,24.4499,24.7978,25.1376,25.4694,25.7934,26.1099,26.419,26.7208,27.0155,27.3033,27.5844,27.8587,28.1266,28.388,28.6433,28.8923,29.1354,29.3726,29.604,29.8297,30.0498,30.2645,30.4738,30.6777,30.8765,31.0701,31.2587,31.4423,31.6211,31.795,31.9642,32.1287,32.2886,32.4439,32.5947,32.7412,32.8832,33.0209,33.1543,33.2836,33.4086,33.5295,33.6464,33.7592,33.868,33.9729,34.0738,34.1708,34.2641,34.3535,34.4391,34.521,34.5991,34.6736,34.7445,34.8117,34.8753,34.9354,34.9919,35.0449,35.0944,35.1405,35.1831,35.2223,35.2581,35.2906,35.3197,35.3454,35.3679,35.3871,35.403,35.4157,35.4252,35.4315,35.4346,35.4346,35.4315,35.4253,35.416,35.4036,35.3883,35.3699,35.3486,35.3243,35.2971,35.267,35.2341,35.1984,35.1598,35.1185,35.0745,35.0278,34.9785,34.9266,34.8721,34.8151,34.7556,34.6937,34.6294,34.5628,34.494,34.4229,34.3497,34.2745,34.1972,34.118,34.0369,33.954,33.8695,33.7833,33.6955,33.6064,33.5158,33.4241,33.3312,33.2372,33.1423,33.0467,32.9503,32.8534,32.7561,32.6585,32.5608,32.4631,32.3655,32.2682,32.1714,32.0753,31.98,31.8856,31.7924,31.7005,31.6102,31.5216,31.4349,31.3503,31.268,31.1882,31.1111,31.0369,30.9657,30.8979,30.8336,30.7729,30.7162,30.6635,30.615,30.571,30.5317,30.4971,30.4674,30.4429,30.4236,30.4097,30.4013,30.3986,30.4016,30.4104,30.4251,30.4459,30.4726,30.5055,30.5445,30.5897,30.641,30.6985,30.7621,30.8318,30.9076,30.9894,31.0772,31.1709,31.2703,31.3755,31.4863,31.6026,31.7243,31.8513,31.9835,32.1206,32.2627,32.4094,32.5608,32.7167,32.8768,33.0412,33.2095,33.3817,33.5576,33.7371,33.9201,34.1063,34.2956,34.488,34.6833,34.8812,35.0818,35.2848,35.4902,35.6979,35.9076,36.1193,36.3329,36.5483,36.7654,36.984,37.2041,37.4256,37.6484,37.8725,38.0976,38.3238,38.551,38.7792,39.0081,39.2378,39.4683,39.6994,39.9311,40.1634,40.3962,40.6294,40.8631,41.0971,41.3314,41.5661,41.801,42.0361,42.2714,42.5069,42.7425,42.9782,43.2141,43.4499,43.6859,43.9218
27.344,26.9127,26.4761,26.0339,25.5859,25.1319,24.6718,24.2054,23.7323,23.2523,22.7653,22.271,21.769,21.2592,20.7413,20.2148,19.6797,19.1354,18.5817,18.0183,17.4448,16.8608,16.2659,15.6597,15.042,14.4121,13.7697,13.1145,12.4459,11.7635,11.0671,10.3562,9.63066,8.89034,8.13537,7.36628,6.58425,5.79167,4.99316,4.19787,3.42477,2.71574,2.1649,1.94276,2.16462,2.71484,3.42264,4.19359,4.9856,5.77947,6.56586,7.33998,8.09931,8.84252,9.56898,10.2785,10.971,11.6467,12.3059,12.9488,13.5759,14.1875,14.7839,15.3657,15.9331,16.4866,17.0265,17.5533,18.0672,18.5686,19.0578,19.5353,20.0013,20.4561,20.9,21.3333,21.7563,22.1692,22.5724,22.966,23.3503,23.7255,24.092,24.4498,24.7991,25.1403,25.4734,25.7987,26.1164,26.4266,26.7294,27.0251,27.3139,27.5957,27.8709,28.1395,28.4016,28.6575,28.9072,29.1508,29.3885,29.6203,29.8464,30.0669,30.2819,30.4914,30.6956,30.8945,31.0883,31.277,31.4607,31.6395,31.8134,31.9825,32.1469,32.3067,32.4618,32.6125,32.7587,32.9004,33.0378,33.1709,33.2998,33.4244,33.5449,33.6612,33.7735,33.8818,33.9861,34.0864,34.1828,34.2753,34.364,34.4488,34.5299,34.6072,34.6809,34.7508,34.8171,34.8797,34.9388,34.9942,35.0462,35.0945,35.1394,35.1808,35.2188,35.2533,35.2844,35.3122,35.3365,35.3575,35.3752,35.3896,35.4008,35.4086,35.4133,35.4147,35.4129,35.408,35.3999,35.3887,35.3744,35.357,35.3366,35.3132,35.2867,35.2573,35.225,35.1898,35.1517,35.1107,35.0669,35.0204,34.9711,34.9191,34.8644,34.8071,34.7473,34.6849,34.62,34.5527,34.483,34.411,34.3367,34.2603,34.1816,34.1009,34.0182,33.9336,33.8471,33.7588,33.6689,33.5773,33.4843,33.3898,33.294,33.1971,33.099,32.9999,32.9,32.7994,32.6981,32.5964,32.4944,32.3922,32.2899,32.1878,32.0859,31.9845,31.8838,31.7838,31.6848,31.5869,31.4904,31.3954,31.3022,31.2109,31.1217,31.0349,30.9507,30.8692,30.7906,30.7153,30.6433,30.5749,30.5103,30.4497,30.3934,30.3414,30.294,30.2514,30.2137,30.1812,30.154,30.1322,30.116,30.1055,30.1009,30.1023,30.1097,30.1232,30.143,30.1691,30.2015,30.2403,30.2854,30.337,30.3949,30.4592,30.5299,30.6068,30.69,30.7794,30.8748,30.9763,31.0836,31.1968,31.3156,31.44,31.5699,31.705,31.8453,31.9906,32.1407,32.2956,32.455,32.6189,32.787,32.9591,33.1352,33.3151,33.4986,33.6856,33.8759,34.0694,34.2659,34.4652,34.6674,34.8721,35.0793,35.2888,35.5006,35.7144,35.9302,36.1479,36.3673,36.5884,36.811,37.0351,37.2605,37.4872,37.7151,37.944,38.174,38.4049,38.6367,38.8692,39.1025,39.3365,39.5711,39.8062,40.0418,40.2779,40.5144,40.7513,40.9885,41.2259,41.4636,41.7016,41.9397,42.1779,42.4162,42.6547,42.8932,43.1317,43.3703,43.6088,43.8474
27.3608,26.9282,26.4901,26.0464,25.5969,25.1414,24.6797,24.2116,23.7368,23.255,22.7662,22.2699,21.7659,21.254,20.7338,20.205,19.6674,19.1205,18.5641,17.9978,17.4211,16.8338,16.2353,15.6253,15.0033,14.3688,13.7213,13.0604,12.3855,11.696,10.9914,10.2711,9.53448,8.78104,8.01021,7.22152,6.41467,5.58968,4.74723,3.88955,3.02277,2.16526,1.3855,0.985527,1.38538,2.16469,3.02111,3.88587,4.74039,5.5783,6.39719,7.19621,7.9752,8.73433,9.47394,10.1945,10.8964,11.5803,12.2466,12.8959,13.5286,14.1452,14.7462,15.3321,15.9034,16.4603,17.0035,17.5332,18.0498,18.5538,19.0455,19.5252,19.9933,20.4501,20.8959,21.331,21.7557,22.1702,22.5748,22.9699,23.3555,23.7321,24.0997,24.4586,24.8091,25.1513,25.4854,25.8116,26.1301,26.4411,26.7447,27.0411,27.3305,27.6129,27.8887,28.1578,28.4204,28.6767,28.9268,29.1708,29.4088,29.6409,29.8672,30.0879,30.3031,30.5127,30.717,30.916,31.1098,31.2985,31.4822,31.6609,31.8347,32.0037,32.1679,32.3274,32.4824,32.6327,32.7786,32.92,33.0571,33.1897,33.3181,33.4423,33.5623,33.6781,33.7898,33.8975,34.0011,34.1007,34.1964,34.2882,34.3761,34.4601,34.5404,34.6168,34.6896,34.7586,34.8238,34.8855,34.9435,34.9979,35.0486,35.0959,35.1396,35.1797,35.2164,35.2496,35.2794,35.3057,35.3286,35.3482,35.3644,35.3772,35.3867,35.3929,35.3959,35.3955,35.392,35.3852,35.3753,35.3621,35.3459,35.3265,35.304,35.2784,35.2498,35.2182,35.1835,35.1459,35.1054,35.062,35.0157,34.9666,34.9146,34.8599,34.8025,34.7424,34.6797,34.6143,34.5465,34.4761,34.4032,34.328,34.2505,34.1706,34.0886,34.0044,33.9181,33.8299,33.7397,33.6477,33.5539,33.4584,33.3614,33.2629,33.163,33.0619,32.9596,32.8563,32.752,32.647,32.5413,32.435,32.3284,32.2216,32.1147,32.0079,31.9013,31.7952,31.6896,31.5848,31.481,31.3784,31.2771,31.1773,31.0793,30.9832,30.8894,30.7979,30.709,30.6229,30.5399,30.4601,30.3838,30.3112,30.2426,30.178,30.1178,30.0621,30.0112,29.9652,29.9244,29.8889,29.8588,29.8345,29.8159,29.8032,29.7967,29.7963,29.8023,29.8146,29.8334,29.8587,29.8907,29.9292,29.9744,30.0262,30.0847,30.1497,30.2214,30.2996,30.3842,30.4752,30.5726,30.6761,30.7858,30.9014,31.0229,31.1502,31.283,31.4213,31.5648,31.7135,31.8672,32.0257,32.1889,32.3566,32.5286,32.7047,32.8849,33.0689,33.2565,33.4477,33.6422,33.8399,34.0407,34.2444,34.4508,34.6598,34.8712,35.085,35.301,35.5191,35.7391,35.961,36.1846,36.4098,36.6365,36.8646,37.094,37.3247,37.5564,37.7893,38.0231,38.2577,38.4932,38.7295,38.9664,39.2039,39.442,39.6806,39.9197,40.1591,40.399,40.6391,40.8795,41.1201,41.3609,41.6019,41.8429,42.0841,42.3254,42.5667,42.808,43.0493,43.2905,43.5318,43.7729
27.3867,26.9531,26.514,26.0693,25.6187,25.1622,24.6994,24.2301,23.7541,23.2712,22.7811,22.2836,21.7784,21.2651,20.7436,20.2135,19.6745,19.1261,18.5682,18.0003,17.4221,16.833,16.2328,15.6209,14.9969,14.3603,13.7106,13.0473,12.3697,11.6773,10.9695,10.2455,9.50473,8.74639,7.96971,7.17385,6.35796,5.52109,4.66227,3.78045,2.87453,1.94333,0.9856,0.0,0.985541,1.94287,2.87302,3.77697,4.65566,5.50997,6.34076,7.14885,7.93501,8.69999,9.4445,10.1692,10.8748,11.5619,12.2311,12.8829,13.518,14.1367,14.7398,15.3276,15.9005,16.4591,17.0038,17.535,18.0531,18.5584,19.0514,19.5323,20.0015,20.4594,20.9063,21.3424,21.768,22.1834,22.589,22.9849,23.3713,23.7486,24.117,24.4766,24.8277,25.1705,25.5052,25.832,26.151,26.4625,26.7666,27.0634,27.3532,27.636,27.9121,28.1815,28.4444,28.701,28.9513,29.1954,29.4336,29.6658,29.8923,30.113,30.3282,30.5378,30.7421,30.941,31.1348,31.3233,31.5068,31.6853,31.8589,32.0277,32.1917,32.3509,32.5055,32.6555,32.801,32.942,33.0786,33.2108,33.3387,33.4623,33.5817,33.6969,33.808,33.915,34.018,34.1169,34.2118,34.3028,34.3899,34.4731,34.5525,34.628,34.6998,34.7678,34.8321,34.8926,34.9495,35.0028,35.0524,35.0985,35.1409,35.1798,35.2152,35.2471,35.2754,35.3003,35.3218,35.3398,35.3545,35.3657,35.3736,35.3782,35.3794,35.3773,35.3719,35.3633,35.3514,35.3364,35.3181,35.2966,35.272,35.2443,35.2135,35.1796,35.1426,35.1027,35.0597,35.0138,34.9649,34.9132,34.8586,34.8012,34.7409,34.678,34.6123,34.544,34.473,34.3995,34.3235,34.245,34.1641,34.0809,33.9954,33.9076,33.8178,33.7258,33.6319,33.536,33.4383,33.3389,33.2378,33.1352,33.0312,32.9258,32.8191,32.7114,32.6027,32.4931,32.3829,32.272,32.1607,32.0492,31.9375,31.8259,31.7144,31.6034,31.4929,31.3832,31.2744,31.1668,31.0605,30.9558,30.8529,30.7519,30.6531,30.5568,30.4631,30.3723,30.2846,30.2003,30.1195,30.0425,29.9696,29.9009,29.8367,29.7772,29.7226,29.6731,29.6289,29.5903,29.5573,29.5302,29.5092,29.4943,29.4857,29.4836,29.488,29.4991,29.5169,29.5415,29.5729,29.6112,29.6565,29.7086,29.7676,29.8335,29.9062,29.9857,30.0719,30.1647,30.264,30.3698,30.4819,30.6001,30.7244,30.8546,30.9906,31.1322,31.2792,31.4315,31.5889,31.7512,31.9183,32.0899,32.266,32.4463,32.6307,32.8189,33.0109,33.2064,33.4053,33.6074,33.8126,34.0207,34.2315,34.4449,34.6608,34.879,35.0994,35.3218,35.5461,35.7723,36.0001,36.2296,36.4604,36.6927,36.9262,37.1609,37.3967,37.6334,37.8711,38.1097,38.3489,38.5889,38.8295,39.0707,39.3124,39.5545,39.797,40.0399,40.2831,40.5265,40.7701,41.0139,41.2579,41.5019,41.7461,41.9902,42.2344,42.4786,42.7227,42.9668,43.2108,43.4547,43.6985
27.4219,26.9876,26.5479,26.1025,25.6514,25.1942,24.7308,24.2609,23.7844,23.3009,22.8103,22.3123,21.8066,21.2929,20.7709,20.2404,19.701,19.1524,18.5943,18.0262,17.4478,16.8588,16.2586,15.6469,15.0232,14.3871,13.7381,13.0756,12.3992,11.7082,11.0022,10.2805,9.54264,8.78796,8.01597,7.22621,6.41837,5.59249,4.74926,3.89091,3.02359,2.16568,1.38567,0.985614,1.38555,2.16511,3.02192,3.88722,4.74239,5.58107,6.40083,7.20081,7.98083,8.74107,9.48185,10.2036,10.9068,11.592,12.2597,12.9103,13.5444,14.1624,14.7649,15.3522,15.9249,16.4833,17.0279,17.559,18.0771,18.5824,19.0755,19.5566,20.026,20.4841,20.9311,21.3675,21.7934,22.2091,22.6149,23.011,23.3977,23.7753,24.1439,24.5038,24.8551,25.1982,25.5331,25.8601,26.1793,26.491,26.7952,27.0922,27.3821,27.6651,27.9412,28.2107,28.4737,28.7303,28.9806,29.2248,29.4629,29.6951,29.9215,30.1421,30.3572,30.5667,30.7708,30.9696,31.1631,31.3514,31.5347,31.7129,31.8862,32.0546,32.2182,32.3771,32.5313,32.6809,32.8259,32.9664,33.1025,33.2341,33.3615,33.4845,33.6033,33.7178,33.8282,33.9345,34.0367,34.1348,34.229,34.3191,34.4054,34.4877,34.5661,34.6407,34.7115,34.7785,34.8417,34.9012,34.957,35.0091,35.0575,35.1023,35.1435,35.1811,35.2152,35.2457,35.2726,35.2961,35.3161,35.3326,35.3456,35.3553,35.3615,35.3643,35.3638,35.3599,35.3527,35.3422,35.3284,35.3114,35.2911,35.2675,35.2408,35.2109,35.1778,35.1416,35.1023,35.06,35.0145,34.9661,34.9147,34.8603,34.803,34.7428,34.6797,34.6139,34.5452,34.4739,34.3998,34.3231,34.2439,34.1621,34.0778,33.9911,33.9021,33.8107,33.7172,33.6215,33.5237,33.4239,33.3223,33.2188,33.1136,33.0068,32.8984,32.7887,32.6777,32.5654,32.4522,32.338,32.223,32.1075,31.9914,31.8749,31.7584,31.6418,31.5253,31.4093,31.2937,31.1789,31.065,30.9523,30.8409,30.731,30.623,30.5169,30.4131,30.3117,30.2131,30.1173,30.0248,29.9357,29.8503,29.7687,29.6914,29.6184,29.55,29.4865,29.428,29.3749,29.3273,29.2854,29.2494,29.2195,29.1958,29.1786,29.1679,29.1639,29.1668,29.1765,29.1933,29.2171,29.2481,29.2862,29.3315,29.384,29.4436,29.5104,29.5842,29.6651,29.7529,29.8476,29.9491,30.0572,30.1718,30.2929,30.4201,30.5535,30.6927,30.8378,30.9884,31.1444,31.3056,31.4719,31.6431,31.8189,31.9993,32.1839,32.3727,32.5653,32.7618,32.9618,33.1653,33.3719,33.5817,33.7943,34.0097,34.2277,34.4481,34.6708,34.8957,35.1226,35.3514,35.5819,35.8141,36.0479,36.283,36.5195,36.7572,36.996,37.2359,37.4767,37.7183,37.9608,38.2039,38.4477,38.6921,38.9369,39.1822,39.4279,39.674,39.9203,40.1669,40.4137,40.6606,40.9076,41.1547,41.4019,41.6491,41.8963,42.1434,42.3905,42.6375,42.8844,43.1311,43.3777,43.6241
27.4662,27.0317,26.5918,26.1462,25.6949,25.2376,24.7741,24.3042,23.8277,23.3443,22.8538,22.356,21.8506,21.3372,20.8157,20.2858,19.7471,19.1994,18.6422,18.0753,17.4984,16.9109,16.3127,15.7032,15.0822,14.4491,13.8035,13.1452,12.4736,11.7883,11.089,10.3755,9.64732,8.90454,8.14727,7.37604,6.59205,5.79771,4.99764,4.20104,3.42688,2.71706,2.16574,1.94344,2.16546,2.71616,3.42473,4.19673,4.99003,5.78542,6.57353,7.34955,8.11093,8.85634,9.58513,10.297,10.9921,11.6704,12.3323,12.9779,13.6078,14.2222,14.8215,15.4061,15.9764,16.5327,17.0755,17.6051,18.1218,18.626,19.118,19.5981,20.0667,20.5241,20.9706,21.4064,21.8318,22.2471,22.6525,23.0484,23.4348,23.8121,24.1805,24.5402,24.8914,25.2343,25.569,25.8959,26.215,26.5265,26.8306,27.1275,27.4173,27.7001,27.9761,28.2455,28.5083,28.7648,29.0149,29.2589,29.4968,29.7288,29.9549,30.1754,30.3902,30.5994,30.8032,31.0017,31.1949,31.3829,31.5657,31.7436,31.9165,32.0845,32.2476,32.406,32.5597,32.7088,32.8533,32.9932,33.1287,33.2598,33.3864,33.5088,33.6269,33.7408,33.8504,33.9559,34.0573,34.1547,34.248,34.3372,34.4226,34.5039,34.5814,34.655,34.7248,34.7907,34.8528,34.9112,34.9658,35.0168,35.064,35.1075,35.1474,35.1837,35.2164,35.2455,35.271,35.293,35.3115,35.3264,35.3379,35.3459,35.3504,35.3515,35.3492,35.3435,35.3345,35.3221,35.3063,35.2872,35.2649,35.2392,35.2104,35.1782,35.1429,35.1044,35.0627,35.0179,34.97,34.919,34.865,34.8079,34.7478,34.6848,34.6189,34.5501,34.4785,34.404,34.3268,34.2469,34.1644,34.0792,33.9915,33.9013,33.8087,33.7137,33.6164,33.5169,33.4152,33.3115,33.2058,33.0982,32.9888,32.8777,32.765,32.6508,32.5352,32.4184,32.3005,32.1816,32.0619,31.9414,31.8204,31.699,31.5773,31.4557,31.3341,31.2128,31.0921,30.972,30.8529,30.7348,30.6181,30.503,30.3896,30.2783,30.1692,30.0626,29.9588,29.858,29.7604,29.6664,29.5761,29.4898,29.4078,29.3303,29.2576,29.1899,29.1275,29.0706,29.0193,28.974,28.9348,28.902,28.8756,28.8559,28.8431,28.8372,28.8384,28.8468,28.8625,28.8856,28.916,28.954,28.9993,29.0522,29.1125,29.1802,29.2553,29.3377,29.4273,29.524,29.6277,29.7383,29.8556,29.9795,30.1099,30.2465,30.3893,30.5379,30.6923,30.8523,31.0176,31.1881,31.3635,31.5437,31.7284,31.9176,32.1109,32.3082,32.5093,32.714,32.9221,33.1335,33.3479,33.5653,33.7854,34.008,34.2331,34.4605,34.69,34.9215,35.1548,35.3899,35.6266,35.8648,36.1043,36.3451,36.5871,36.8301,37.0742,37.3191,37.5648,37.8112,38.0583,38.3059,38.5541,38.8027,39.0517,39.301,39.5506,39.8005,40.0505,40.3006,40.5509,40.8012,41.0515,41.3019,41.5522,41.8024,42.0525,42.3025,42.5524,42.802,43.0516,43.3009,43.55
27.5199,27.0855,26.6457,26.2004,25.7494,25.2924,24.8294,24.36,23.884,23.4013,22.9116,22.4147,21.9103,21.3982,20.878,20.3496,19.8127,19.2669,18.712,18.1477,17.5735,16.9894,16.3948,15.7895,15.1732,14.5456,13.9063,13.2552,12.5919,11.9163,11.2284,10.5282,9.81593,9.0923,8.35835,7.61593,6.86813,6.12012,5.38057,4.66448,3.9981,3.42703,3.02384,2.87487,3.02328,3.4256,3.99517,4.65917,5.37174,6.10641,6.848,7.58766,8.32006,9.04199,9.75148,10.4473,11.1289,11.7957,12.4477,13.0849,13.7074,14.3154,14.9091,15.4888,16.0548,16.6072,17.1466,17.6731,18.1871,18.6888,19.1787,19.6569,20.1237,20.5795,21.0245,21.459,21.8833,22.2975,22.702,23.0969,23.4825,23.8591,24.2268,24.5859,24.9365,25.2788,25.613,25.9394,26.2581,26.5691,26.8729,27.1693,27.4587,27.7412,28.0168,28.2858,28.5483,28.8043,29.0541,29.2977,29.5353,29.7669,29.9927,30.2127,30.4271,30.6359,30.8393,31.0374,31.2301,31.4176,31.6001,31.7774,31.9498,32.1172,32.2799,32.4377,32.5908,32.7393,32.8832,33.0225,33.1573,33.2877,33.4137,33.5353,33.6527,33.7658,33.8746,33.9793,34.0799,34.1763,34.2687,34.3571,34.4415,34.5219,34.5983,34.6709,34.7396,34.8044,34.8654,34.9227,34.9761,35.0258,35.0718,35.1141,35.1526,35.1876,35.2189,35.2465,35.2706,35.2911,35.308,35.3213,35.3312,35.3375,35.3404,35.3397,35.3356,35.3281,35.3172,35.3028,35.2851,35.264,35.2396,35.2118,35.1807,35.1464,35.1087,35.0679,35.0238,34.9765,34.9261,34.8725,34.8158,34.7561,34.6932,34.6274,34.5586,34.4868,34.4121,34.3346,34.2542,34.171,34.0851,33.9966,33.9054,33.8116,33.7154,33.6166,33.5156,33.4122,33.3065,33.1988,33.0889,32.9771,32.8634,32.748,32.6308,32.5121,32.3919,32.2705,32.1478,32.024,31.8994,31.7739,31.6479,31.5213,31.3945,31.2676,31.1408,31.0142,30.888,30.7626,30.638,30.5145,30.3923,30.2717,30.1528,30.036,29.9215,29.8096,29.7004,29.5943,29.4915,29.3923,29.2969,29.2057,29.1189,29.0368,28.9595,28.8875,28.8209,28.7599,28.7049,28.6561,28.6136,28.5776,28.5485,28.5262,28.5111,28.5032,28.5028,28.5098,28.5244,28.5466,28.5766,28.6143,28.6599,28.7131,28.7742,28.8429,28.9193,29.0033,29.0947,29.1936,29.2997,29.4129,29.5331,29.6601,29.7937,29.9338,30.0802,30.2327,30.3911,30.5552,30.7247,30.8995,31.0794,31.2641,31.4535,31.6473,31.8454,32.0475,32.2534,32.4629,32.6759,32.8922,33.1115,33.3337,33.5587,33.7862,34.0161,34.2483,34.4825,34.7187,34.9568,35.1965,35.4377,35.6804,35.9244,36.1697,36.416,36.6633,36.9116,37.1607,37.4105,37.661,37.9121,38.1637,38.4157,38.6681,38.9209,39.1739,39.4271,39.6805,39.934,40.1876,40.4412,40.6948,40.9484,41.2019,41.4553,41.7086,41.9617,42.2147,42.4674,42.72,42.9723,43.2243,43.4761
27.5828,27.1489,26.7097,26.265,25.8147,25.3586,24.8964,24.4281,23.9533,23.4719,22.9836,22.4883,21.9857,21.4756,20.9576,20.4317,19.8975,19.3548,18.8033,18.2428,17.6729,17.0936,16.5044,15.9051,15.2957,14.6758,14.0453,13.4041,12.7523,12.09,11.4174,10.7351,10.044,9.34535,8.64132,7.93507,7.23144,6.53782,5.86559,5.23233,4.66476,4.20149,3.8915,3.78121,3.89057,4.19933,4.66077,5.22564,5.85509,6.52216,7.2091,7.90435,8.60036,9.29216,9.97644,10.651,11.3144,11.9657,12.6043,13.2299,13.8422,14.4412,15.027,15.5997,16.1594,16.7063,17.2407,17.7628,18.2727,18.7709,19.2574,19.7326,20.1968,20.6501,21.0929,21.5254,21.9477,22.3602,22.7631,23.1566,23.5409,23.9162,24.2828,24.6407,24.9903,25.3317,25.6651,25.9906,26.3085,26.6189,26.9219,27.2176,27.5064,27.7882,28.0633,28.3317,28.5935,28.849,29.0983,29.3413,29.5783,29.8094,30.0347,30.2542,30.468,30.6763,30.8792,31.0766,31.2688,31.4558,31.6376,31.8144,31.9861,32.153,32.315,32.4722,32.6246,32.7724,32.9156,33.0542,33.1883,33.318,33.4432,33.564,33.6806,33.7928,33.9009,34.0047,34.1044,34.1999,34.2913,34.3787,34.4621,34.5415,34.6169,34.6884,34.756,34.8197,34.8796,34.9356,34.9878,35.0363,35.081,35.1219,35.1592,35.1927,35.2226,35.2488,35.2714,35.2903,35.3057,35.3174,35.3256,35.3303,35.3314,35.329,35.3231,35.3137,35.3008,35.2845,35.2648,35.2417,35.2151,35.1852,35.1519,35.1153,35.0754,35.0321,34.9856,34.9359,34.8829,34.8267,34.7673,34.7048,34.6392,34.5705,34.4987,34.424,34.3462,34.2655,34.1819,34.0955,34.0062,33.9142,33.8194,33.7221,33.6221,33.5196,33.4147,33.3074,33.1977,33.0858,32.9718,32.8557,32.7377,32.6177,32.4961,32.3727,32.2479,32.1216,31.9941,31.8654,31.7357,31.6051,31.4739,31.3421,31.21,31.0777,30.9454,30.8133,30.6817,30.5506,30.4204,30.2913,30.1635,30.0372,29.9127,29.7902,29.6701,29.5525,29.4378,29.3261,29.2179,29.1134,29.0128,28.9164,28.8246,28.7376,28.6556,28.579,28.5081,28.443,28.384,28.3314,28.2855,28.2463,28.2142,28.1893,28.1718,28.1619,28.1597,28.1652,28.1787,28.2001,28.2296,28.2672,28.3129,28.3666,28.4285,28.4983,28.5761,28.6618,28.7553,28.8564,28.965,29.081,29.2042,29.3345,29.4716,29.6153,29.7656,29.9221,30.0846,30.253,30.427,30.6063,30.7909,30.9803,31.1745,31.3732,31.5762,31.7833,31.9942,32.2088,32.4268,32.6481,32.8725,33.0997,33.3297,33.5622,33.7971,34.0342,34.2733,34.5144,34.7572,35.0016,35.2476,35.4949,35.7435,35.9933,36.2441,36.4958,36.7484,37.0017,37.2557,37.5104,37.7655,38.0211,38.277,38.5333,38.7898,39.0466,39.3035,39.5604,39.8175,40.0745,40.3315,40.5885,40.8453,41.1021,41.3586,41.615,41.8712,42.1271,42.3828,42.6382,42.8933,43.1481,43.4025
27.655,27.2219,26.7837,26.3401,25.8909,25.4361,24.9753,24.5085,24.0354,23.5559,23.0697,22.5767,22.0766,21.5692,21.0543,20.5318,20.0013,19.4627,18.9157,18.3602,17.796,17.2228,16.6406,16.0491,15.4483,14.8382,14.2188,13.5902,12.9526,12.3066,11.6527,10.992,10.3259,9.65648,8.9868,8.3211,7.66547,7.02863,6.423,5.866,5.38128,4.99858,4.75041,4.66368,4.74903,4.99552,5.37597,5.85759,6.41039,7.01052,7.64035,8.28729,8.94246,9.59963,10.2544,10.9037,11.5453,12.1777,12.7998,13.4109,14.0105,14.5983,15.1741,15.7378,16.2896,16.8294,17.3573,17.8736,18.3783,18.8716,19.3539,19.8252,20.2857,20.7358,21.1755,21.6052,22.025,22.4352,22.8359,23.2274,23.6098,23.9834,24.3483,24.7048,25.053,25.3931,25.7252,26.0496,26.3663,26.6756,26.9776,27.2725,27.5603,27.8413,28.1155,28.3831,28.6442,28.8989,29.1474,29.3897,29.626,29.8564,30.0809,30.2997,30.5129,30.7205,30.9227,31.1195,31.311,31.4973,31.6784,31.8545,32.0256,32.1917,32.353,32.5094,32.6612,32.8082,32.9506,33.0884,33.2217,33.3506,33.475,33.595,33.7107,33.822,33.9291,34.032,34.1308,34.2253,34.3158,34.4022,34.4845,34.5629,34.6372,34.7076,34.774,34.8366,34.8952,34.9501,35.001,35.0482,35.0916,35.1312,35.167,35.1992,35.2276,35.2523,35.2734,35.2908,35.3045,35.3147,35.3212,35.3241,35.3235,35.3193,35.3116,35.3003,35.2855,35.2673,35.2455,35.2203,35.1916,35.1595,35.124,35.0851,35.0428,34.9972,34.9483,34.896,34.8404,34.7816,34.7196,34.6543,34.5858,34.5142,34.4395,34.3617,34.2808,34.1969,34.1101,34.0203,33.9276,33.8321,33.7338,33.6328,33.5291,33.4227,33.3139,33.2026,33.0888,32.9728,32.8545,32.7341,32.6116,32.4871,32.3608,32.2328,32.1031,31.972,31.8394,31.7057,31.5708,31.4351,31.2985,31.1614,31.0238,30.886,30.7481,30.6104,30.473,30.3363,30.2003,30.0653,29.9317,29.7995,29.6692,29.5409,29.4149,29.2915,29.171,29.0536,28.9398,28.8297,28.7236,28.6219,28.5248,28.4327,28.3458,28.2645,28.189,28.1195,28.0565,28.0,27.9504,27.9079,27.8728,27.8451,27.8251,27.813,27.809,27.813,27.8253,27.846,27.875,27.9124,27.9583,28.0126,28.0753,28.1463,28.2256,28.3131,28.4087,28.5122,28.6235,28.7425,28.8689,29.0026,29.1434,29.291,29.4453,29.606,29.7729,29.9458,30.1244,30.3085,30.4979,30.6924,30.8916,31.0954,31.3035,31.5157,31.7318,31.9516,32.1749,32.4014,32.631,32.8634,33.0986,33.3362,33.5762,33.8183,34.0625,34.3085,34.5563,34.8056,35.0563,35.3084,35.5617,35.816,36.0714,36.3276,36.5846,36.8423,37.1005,37.3594,37.6186,37.8783,38.1382,38.3984,38.6588,38.9193,39.1798,39.4405,39.7011,39.9616,40.2221,40.4824,40.7425,41.0025,41.2622,41.5217,41.7809,42.0399,42.2985,42.5567,42.8147,43.0722,43.3294
27.7363,27.3045,26.8676,26.4254,25.9778,25.5247,25.0659,24.6011,24.1303,23.6532,23.1697,22.6796,22.1826,21.6788,21.1677,20.6494,20.1235,19.59,19.0486,18.4993,17.9419,17.3763,16.8024,16.2203,15.6299,15.0314,14.425,13.811,13.19,12.5626,11.93,11.2936,10.6553,10.0179,9.38496,8.7616,8.15458,7.57305,7.0292,6.53882,6.12146,5.79935,5.59444,5.52342,5.59253,5.79523,6.11458,6.52835,7.01408,7.552,8.12613,8.72409,9.33657,9.95663,10.5791,11.2003,11.8174,12.4282,13.0314,13.6257,14.2104,14.7849,15.3489,15.9021,16.4443,16.9755,17.4956,18.0048,18.5032,18.9907,19.4676,19.934,20.3901,20.8361,21.2721,21.6983,22.1149,22.5221,22.9201,23.3091,23.6891,24.0605,24.4234,24.7779,25.1243,25.4627,25.7933,26.1161,26.4315,26.7394,27.0401,27.3338,27.6204,27.9003,28.1734,28.44,28.7001,28.9539,29.2014,29.4429,29.6783,29.9078,30.1315,30.3495,30.5618,30.7686,30.97,31.166,31.3567,31.5422,31.7225,31.8978,32.068,32.2334,32.3938,32.5495,32.7004,32.8466,32.9882,33.1251,33.2576,33.3855,33.509,33.6281,33.7429,33.8533,33.9595,34.0614,34.1591,34.2527,34.3421,34.4275,34.5087,34.5859,34.6592,34.7284,34.7937,34.855,34.9125,34.966,35.0157,35.0616,35.1036,35.1418,35.1763,35.207,35.2339,35.2572,35.2767,35.2925,35.3046,35.3131,35.318,35.3192,35.3168,35.3108,35.3012,35.288,35.2713,35.251,35.2272,35.1999,35.1691,35.1348,35.097,35.0558,35.0112,34.9632,34.9117,34.8569,34.7988,34.7373,34.6725,34.6045,34.5331,34.4586,34.3809,34.3,34.216,34.1289,34.0387,33.9456,33.8494,33.7504,33.6485,33.5437,33.4362,33.3261,33.2132,33.0979,32.98,32.8597,32.7371,32.6122,32.4852,32.3562,32.2251,32.0923,31.9578,31.8216,31.684,31.5451,31.405,31.2639,31.1219,30.9793,30.8361,30.6926,30.549,30.4055,30.2623,30.1196,29.9776,29.8367,29.697,29.5588,29.4224,29.288,29.156,29.0266,28.9001,28.7768,28.657,28.5411,28.4294,28.3221,28.2196,28.1222,28.0301,27.9438,27.8636,27.7896,27.7222,27.6617,27.6083,27.5623,27.5239,27.4934,27.4708,27.4565,27.4505,27.453,27.4641,27.4839,27.5124,27.5497,27.5959,27.6508,27.7144,27.7867,27.8677,27.9571,28.055,28.1611,28.2752,28.3973,28.5271,28.6644,28.809,28.9607,29.1193,29.2844,29.456,29.6336,29.8171,30.0062,30.2007,30.4003,30.6047,30.8138,31.0273,31.2449,31.4664,31.6916,31.9202,32.1521,32.3871,32.6249,32.8654,33.1083,33.3536,33.6009,33.8502,34.1013,34.3541,34.6084,34.8641,35.121,35.379,35.6381,35.8981,36.1589,36.4203,36.6824,36.9451,37.2081,37.4716,37.7353,37.9993,38.2635,38.5277,38.792,39.0564,39.3207,39.5849,39.8489,40.1129,40.3766,40.6401,40.9033,41.1662,41.4288,41.6911,41.9531,42.2146,42.4758,42.7366,42.9969,43.2568
27.8268,27.3965,26.9613,26.521,26.0754,25.6244,25.1679,24.7057,24.2376,23.7635,23.2833,22.7967,22.3036,21.804,21.2975,20.7842,20.2638,19.7362,19.2014,18.6593,18.1098,17.5529,16.9887,16.4172,15.8387,15.2533,14.6616,14.0639,13.4612,12.8545,12.245,11.6346,11.0258,10.4217,9.82633,9.24517,8.68518,8.15531,7.66679,7.23324,6.87035,6.59466,6.4214,6.36149,6.41887,6.58933,6.86167,7.22043,7.6488,8.13089,8.65288,9.20337,9.77324,10.3554,10.9442,11.5356,12.1262,12.7136,13.2959,13.8717,14.4397,14.9994,15.5499,16.091,16.6223,17.1436,17.6548,18.1558,18.6467,19.1275,19.5981,20.0588,20.5097,20.9508,21.3824,21.8045,22.2173,22.6209,23.0156,23.4015,23.7787,24.1475,24.5078,24.8601,25.2043,25.5406,25.8692,26.1902,26.5039,26.8102,27.1093,27.4015,27.6867,27.9652,28.2371,28.5024,28.7613,29.014,29.2604,29.5008,29.7351,29.9636,30.1863,30.4033,30.6147,30.8206,31.021,31.2161,31.4058,31.5904,31.7699,31.9442,32.1136,32.278,32.4376,32.5924,32.7424,32.8876,33.0283,33.1643,33.2958,33.4228,33.5454,33.6635,33.7773,33.8867,33.9919,34.0928,34.1895,34.282,34.3703,34.4546,34.5347,34.6108,34.6828,34.7509,34.8149,34.8751,34.9312,34.9835,35.0319,35.0764,35.1171,35.1539,35.1869,35.2162,35.2416,35.2633,35.2813,35.2955,35.306,35.3128,35.3159,35.3154,35.3112,35.3033,35.2919,35.2768,35.2581,35.2358,35.2099,35.1805,35.1475,35.111,35.071,35.0275,34.9805,34.93,34.8761,34.8187,34.758,34.6938,34.6263,34.5554,34.4812,34.4037,34.323,34.239,34.1518,34.0615,33.968,33.8714,33.7718,33.6692,33.5636,33.4551,33.3438,33.2297,33.1128,32.9933,32.8713,32.7467,32.6197,32.4903,32.3587,32.225,32.0892,31.9515,31.8119,31.6707,31.5279,31.3837,31.2382,31.0917,30.9441,30.7958,30.6469,30.4977,30.3482,30.1987,30.0494,29.9006,29.7526,29.6054,29.4595,29.3151,29.1724,29.0317,28.8934,28.7578,28.625,28.4956,28.3697,28.2478,28.1301,28.017,27.9088,27.8059,27.7085,27.617,27.5317,27.453,27.3811,27.3164,27.259,27.2093,27.1676,27.134,27.1088,27.0921,27.0841,27.085,27.0949,27.1138,27.1419,27.1791,27.2255,27.281,27.3457,27.4194,27.5021,27.5937,27.6939,27.8028,27.92,28.0454,28.1787,28.3199,28.4686,28.6246,28.7876,28.9574,29.1338,29.3164,29.505,29.6993,29.8991,30.1041,30.314,30.5286,30.7476,30.9708,31.1979,31.4287,31.663,31.9005,32.141,32.3843,32.6303,32.8787,33.1293,33.382,33.6366,33.893,34.1509,34.4103,34.671,34.9328,35.1958,35.4596,35.7243,35.9897,36.2558,36.5224,36.7894,37.0568,37.3245,37.5924,37.8605,38.1287,38.3969,38.665,38.9332,39.2012,39.469,39.7366,40.004,40.2712,40.538,40.8045,41.0707,41.3365,41.6019,41.8668,42.1314,42.3954,42.659,42.9222,43.1848
27.9263,27.4979,27.0647,26.6266,26.1834,25.735,25.2813,24.8221,24.3572,23.8866,23.4102,22.9277,22.4391,21.9443,21.4431,20.9355,20.4214,19.9006,19.3733,18.8393,18.2987,17.7516,17.1981,16.6385,16.073,15.502,14.9262,14.3463,13.7632,13.1783,12.5931,12.0099,11.4312,10.8606,10.3023,9.76187,9.24607,8.76326,8.32339,7.93791,7.61926,7.37987,7.23059,7.17889,7.22738,7.37319,7.60858,7.92246,8.30217,8.73504,9.20944,9.71523,10.2439,10.7885,11.3435,11.9043,12.4674,13.0302,13.5903,14.146,14.6961,15.2395,15.7754,16.3032,16.8224,17.3327,17.8338,18.3257,18.8082,19.2812,19.7448,20.199,20.6439,21.0795,21.5059,21.9233,22.3317,22.7313,23.1222,23.5045,23.8784,24.244,24.6015,24.951,25.2927,25.6266,25.9529,26.2718,26.5834,26.8878,27.1852,27.4756,27.7592,28.0361,28.3064,28.5703,28.8278,29.0791,29.3243,29.5634,29.7965,30.0238,30.2454,30.4612,30.6715,30.8763,31.0757,31.2697,31.4585,31.642,31.8205,31.9938,32.1622,32.3257,32.4843,32.638,32.787,32.9313,33.071,33.206,33.3365,33.4625,33.5841,33.7012,33.8139,33.9223,34.0264,34.1262,34.2218,34.3132,34.4004,34.4835,34.5625,34.6374,34.7082,34.775,34.8379,34.8967,34.9516,35.0025,35.0496,35.0927,35.132,35.1674,35.199,35.2267,35.2507,35.2708,35.2872,35.2998,35.3086,35.3137,35.3151,35.3128,35.3068,35.2971,35.2837,35.2667,35.246,35.2217,35.1938,35.1622,35.1271,35.0883,35.046,35.0002,34.9508,34.8978,34.8414,34.7815,34.7181,34.6512,34.5809,34.5072,34.4301,34.3496,34.2658,34.1787,34.0883,33.9947,33.8979,33.7979,33.6947,33.5885,33.4792,33.3669,33.2517,33.1336,33.0127,32.8891,32.7628,32.6338,32.5023,32.3684,32.2322,32.0937,31.953,31.8103,31.6657,31.5193,31.3712,31.2217,31.0707,30.9185,30.7653,30.6112,30.4565,30.3012,30.1457,29.9901,29.8346,29.6796,29.5252,29.3716,29.2193,29.0684,28.9192,28.7721,28.6273,28.4851,28.346,28.2101,28.0779,27.9497,27.8258,27.7066,27.5925,27.4838,27.3808,27.2839,27.1934,27.1097,27.0331,26.9639,26.9024,26.8489,26.8036,26.7668,26.7388,26.7197,26.7096,26.7088,26.7174,26.7355,26.7631,26.8002,26.847,26.9032,26.969,27.0443,27.1288,27.2226,27.3255,27.4372,27.5576,27.6866,27.8238,27.969,28.122,28.2825,28.4503,28.625,28.8064,28.9943,29.1882,29.388,29.5934,29.804,30.0196,30.2399,30.4647,30.6937,30.9266,31.1632,31.4033,31.6465,31.8928,32.1418,32.3934,32.6474,32.9036,33.1618,33.4218,33.6835,33.9468,34.2114,34.4772,34.7441,35.012,35.2808,35.5503,35.8204,36.0911,36.3622,36.6337,36.9055,37.1775,37.4497,37.7219,37.9941,38.2663,38.5384,38.8103,39.0821,39.3536,39.6248,39.8957,40.1663,40.4365,40.7064,40.9758,41.2447,41.5132,41.7812,42.0487,42.3157,42.5822,42.8481,43.1135
28.0346,27.6085,27.1777,26.7422,26.3017,25.8563,25.4057,24.9499,24.4888,24.0222,23.5501,23.0723,22.5887,22.0994,21.6041,21.1029,20.5957,20.0825,19.5633,19.0383,18.5075,17.971,17.4292,16.8823,16.3308,15.7753,15.2164,14.6551,14.0925,13.5302,12.97,12.4142,11.8656,11.3279,10.8054,10.3034,9.82833,9.38775,8.99029,8.64544,8.36307,8.15261,8.02201,7.97655,8.01805,8.14445,8.35019,8.6271,8.96551,9.35535,9.78691,10.2514,10.7411,11.2494,11.771,12.3013,12.8366,13.374,13.9112,14.446,14.9772,15.5033,16.0235,16.5369,17.043,17.5414,18.0316,18.5134,18.9867,19.4513,19.9071,20.3541,20.7922,21.2217,21.6424,22.0544,22.4579,22.8528,23.2394,23.6178,23.9879,24.3501,24.7043,25.0507,25.3894,25.7206,26.0444,26.3608,26.6701,26.9723,27.2675,27.556,27.8377,28.1128,28.3814,28.6436,28.8996,29.1493,29.393,29.6307,29.8624,30.0884,30.3087,30.5233,30.7323,30.9359,31.1341,31.327,31.5146,31.697,31.8743,32.0466,32.2139,32.3763,32.5338,32.6865,32.8344,32.9777,33.1163,33.2502,33.3797,33.5046,33.625,33.7411,33.8527,33.96,34.063,34.1616,34.2561,34.3463,34.4324,34.5143,34.5921,34.6657,34.7354,34.8009,34.8625,34.92,34.9736,35.0232,35.0688,35.1106,35.1484,35.1824,35.2125,35.2387,35.2611,35.2797,35.2944,35.3054,35.3125,35.3159,35.3156,35.3115,35.3036,35.2921,35.2768,35.2578,35.2351,35.2088,35.1787,35.145,35.1077,35.0667,35.0221,34.9739,34.9221,34.8667,34.8077,34.7452,34.6791,34.6095,34.5365,34.4599,34.3799,34.2964,34.2095,34.1193,34.0257,33.9287,33.8285,33.725,33.6183,33.5084,33.3954,33.2793,33.1602,33.0381,32.9131,32.7852,32.6546,32.5212,32.3852,32.2467,32.1057,31.9623,31.8167,31.669,31.5192,31.3675,31.2141,31.059,30.9025,30.7446,30.5856,30.4256,30.2648,30.1034,29.9417,29.7798,29.618,29.4565,29.2956,29.1355,28.9765,28.8189,28.663,28.5092,28.3576,28.2088,28.0629,27.9204,27.7816,27.6468,27.5165,27.391,27.2707,27.1559,27.047,26.9444,26.8485,26.7596,26.678,26.6042,26.5383,26.4808,26.4318,26.3917,26.3607,26.339,26.3269,26.3243,26.3316,26.3488,26.3759,26.413,26.4601,26.5172,26.5842,26.6611,26.7477,26.8439,26.9495,27.0643,27.1882,27.3209,27.4621,27.6116,27.7692,27.9345,28.1072,28.2872,28.4739,28.6673,28.8668,29.0723,29.2835,29.5,29.7215,29.9478,30.1786,30.4136,30.6526,30.8952,31.1412,31.3904,31.6426,31.8975,32.155,32.4148,32.6766,32.9405,33.2061,33.4733,33.7419,34.0118,34.2829,34.5549,34.8279,35.1017,35.376,35.651,35.9264,36.2022,36.4782,36.7545,37.0308,37.3072,37.5836,37.86,38.1362,38.4122,38.688,38.9635,39.2387,39.5136,39.788,40.0621,40.3357,40.6089,40.8815,41.1537,41.4253,41.6963,41.9668,42.2368,42.5061,42.7748,43.043
28.1517,27.7281,27.3,26.8674,26.4301,25.988,25.541,25.0891,24.6321,24.1699,23.7026,23.2299,22.7519,22.2685,21.7797,21.2855,20.7859,20.2809,19.7706,19.2553,18.7349,18.2099,17.6805,17.1471,16.6104,16.071,15.5297,14.9876,14.4461,13.9067,13.3715,12.8429,12.3238,11.8178,11.3291,10.8629,10.425,10.022,9.66141,9.35101,9.09868,8.91168,8.79595,8.75536,8.79119,8.90192,9.08343,9.32954,9.63277,9.98506,10.3784,10.8051,11.2584,11.7323,12.2216,12.722,13.2296,13.7416,14.2554,14.7688,15.2803,15.7885,16.2922,16.7906,17.2829,17.7685,18.247,18.7181,19.1814,19.6368,20.0841,20.5232,20.9541,21.3768,21.7912,22.1974,22.5954,22.9853,23.3672,23.7411,24.1071,24.4653,24.8158,25.1588,25.4943,25.8224,26.1433,26.457,26.7637,27.0634,27.3564,27.6426,27.9222,28.1953,28.4619,28.7223,28.9765,29.2245,29.4665,29.7026,29.9329,30.1573,30.3761,30.5894,30.7971,30.9993,31.1962,31.3878,31.5741,31.7554,31.9315,32.1026,32.2687,32.4299,32.5862,32.7378,32.8846,33.0267,33.1641,33.297,33.4252,33.549,33.6683,33.7832,33.8937,33.9998,34.1016,34.1991,34.2924,34.3814,34.4663,34.5469,34.6235,34.6959,34.7642,34.8285,34.8887,34.9449,34.9971,35.0454,35.0896,35.1299,35.1663,35.1988,35.2274,35.2521,35.2729,35.2899,35.303,35.3123,35.3178,35.3195,35.3173,35.3114,35.3017,35.2883,35.2711,35.2501,35.2254,35.197,35.1648,35.129,35.0894,35.0462,34.9993,34.9487,34.8944,34.8366,34.775,34.7099,34.6412,34.5689,34.493,34.4135,34.3306,34.2441,34.1541,34.0607,33.9638,33.8636,33.7599,33.6529,33.5427,33.4291,33.3123,33.1924,33.0693,32.9431,32.8139,32.6818,32.5468,32.409,32.2684,32.1252,31.9794,31.8311,31.6805,31.5276,31.3726,31.2156,31.0566,30.896,30.7337,30.57,30.4051,30.239,30.0721,29.9045,29.7364,29.568,29.3996,29.2315,29.0639,28.897,28.7312,28.5667,28.4039,28.2431,28.0846,27.9287,27.7759,27.6265,27.4808,27.3392,27.2022,27.0701,26.9432,26.8221,26.7071,26.5986,26.497,26.4026,26.3159,26.2371,26.1667,26.1049,26.0521,26.0085,25.9744,25.9501,25.9356,25.9313,25.9372,25.9535,25.9801,26.0172,26.0648,26.1228,26.1911,26.2698,26.3585,26.4573,26.5658,26.684,26.8115,26.9482,27.0937,27.2478,27.4102,27.5805,27.7586,27.9439,28.1363,28.3354,28.5408,28.7523,28.9696,29.1922,29.4199,29.6525,29.8895,30.1307,30.3759,30.6247,30.877,31.1324,31.3907,31.6517,31.9151,32.1808,32.4485,32.7181,32.9894,33.2622,33.5364,33.8118,34.0882,34.3655,34.6436,34.9225,35.2018,35.4817,35.7618,36.0423,36.323,36.6037,36.8845,37.1652,37.4459,37.7263,38.0066,38.2866,38.5663,38.8456,39.1245,39.403,39.6811,39.9586,40.2357,40.5122,40.7881,41.0634,41.3382,41.6123,41.8858,42.1587,42.4309,42.7024,42.9733
28.2774,27.8566,27.4316,27.0021,26.5683,26.1298,25.6868,25.2391,24.7866,24.3294,23.8672,23.4002,22.9282,22.4513,21.9695,21.4828,20.9913,20.495,19.9943,19.4891,18.9798,18.4668,17.9504,17.4312,16.9097,16.3869,15.8636,15.341,14.8207,14.3042,13.7937,13.2916,12.801,12.3252,11.8683,11.435,11.0306,10.661,10.3325,10.0514,9.82424,9.65655,9.55288,9.51614,9.54726,9.64508,9.80645,10.0266,10.2997,10.6192,10.9784,11.3709,11.7907,12.2322,12.6907,13.1621,13.6427,14.1294,14.6198,15.1117,15.6033,16.0931,16.5798,17.0625,17.5403,18.0126,18.4788,18.9385,19.3913,19.8369,20.2751,20.7059,21.129,21.5443,21.952,22.3519,22.744,23.1284,23.505,23.8741,24.2355,24.5895,24.936,25.2752,25.6071,25.9319,26.2496,26.5603,26.8641,27.1612,27.4515,27.7353,28.0125,28.2834,28.5479,28.8063,29.0585,29.3046,29.5448,29.7792,30.0077,30.2306,30.4478,30.6595,30.8657,31.0665,31.2619,31.4521,31.6371,31.817,31.9918,32.1616,32.3265,32.4864,32.6415,32.7918,32.9374,33.0783,33.2145,33.3462,33.4733,33.5958,33.7139,33.8276,33.9369,34.0418,34.1424,34.2387,34.3307,34.4185,34.5021,34.5815,34.6567,34.7279,34.7949,34.8578,34.9167,34.9715,35.0224,35.0692,35.112,35.1509,35.1858,35.2168,35.2438,35.2669,35.2862,35.3015,35.313,35.3206,35.3244,35.3243,35.3204,35.3127,35.3011,35.2858,35.2666,35.2437,35.2169,35.1864,35.1522,35.1141,35.0724,35.0268,34.9776,34.9246,34.8679,34.8076,34.7435,34.6757,34.6043,34.5292,34.4505,34.3682,34.2823,34.1928,34.0997,34.0031,33.903,33.7993,33.6922,33.5817,33.4678,33.3506,33.23,33.1061,32.9791,32.8488,32.7154,32.579,32.4396,32.2972,32.152,32.0041,31.8534,31.7002,31.5445,31.3864,31.226,31.0635,30.899,30.7326,30.5645,30.3949,30.2239,30.0517,29.8784,29.7044,29.5298,29.3548,29.1797,29.0048,28.8302,28.6564,28.4835,28.3119,28.142,27.9739,27.8082,27.6451,27.4851,27.3284,27.1756,27.0269,26.8829,26.7439,26.6103,26.4826,26.3611,26.2464,26.1388,26.0387,25.9465,25.8626,25.7873,25.7211,25.6642,25.617,25.5797,25.5525,25.5357,25.5295,25.534,25.5494,25.5756,25.6127,25.6608,25.7198,25.7896,25.8701,25.9612,26.0627,26.1744,26.2961,26.4276,26.5685,26.7185,26.8775,27.0449,27.2206,27.4042,27.5953,27.7936,27.9987,28.2104,28.4281,28.6517,28.8808,29.1149,29.354,29.5975,29.8452,30.0968,30.3521,30.6108,30.8725,31.1371,31.4043,31.674,31.9457,32.2195,32.495,32.7722,33.0507,33.3305,33.6114,33.8933,34.176,34.4594,34.7434,35.0278,35.3126,35.5976,35.8828,36.1681,36.4534,36.7387,37.0238,37.3087,37.5934,37.8777,38.1617,38.4453,38.7285,39.0112,39.2933,39.575,39.856,40.1365,40.4163,40.6956,40.9741,41.252,41.5292,41.8057,42.0815,42.3566,42.6309,42.9046
28.4115,27.9938,27.572,27.1461,26.716,26.2816,25.8429,25.3997,24.9522,24.5001,24.0436,23.5825,23.117,22.647,22.1726,21.6939,21.211,20.724,20.2331,19.7387,19.241,18.7404,18.2374,17.7327,17.2268,16.7209,16.2157,15.7128,15.2134,14.7195,14.2331,13.7567,13.2932,12.8458,12.4185,12.0153,11.6412,11.3011,11.0005,10.7447,10.5387,10.3871,10.2933,10.2597,10.2868,10.3738,10.5182,10.7163,10.9633,11.2541,11.583,11.9445,12.3334,12.7448,13.1743,13.6179,14.0723,14.5344,15.0017,15.4721,15.9437,16.4148,16.8843,17.351,17.8139,18.2724,18.7258,19.1736,19.6154,20.0507,20.4794,20.9013,21.3161,21.7237,22.1241,22.5173,22.9031,23.2815,23.6527,24.0165,24.3731,24.7224,25.0646,25.3997,25.7278,26.0489,26.3631,26.6705,26.9713,27.2654,27.5529,27.834,28.1087,28.3771,28.6393,28.8954,29.1455,29.3896,29.6278,29.8603,30.087,30.3081,30.5236,30.7336,30.9382,31.1374,31.3313,31.52,31.7035,31.882,32.0554,32.2238,32.3873,32.5459,32.6997,32.8487,32.9929,33.1325,33.2675,33.3979,33.5237,33.645,33.7619,33.8743,33.9823,34.0859,34.1852,34.2803,34.371,34.4575,34.5398,34.6179,34.6918,34.7616,34.8273,34.8889,34.9464,34.9998,35.0492,35.0946,35.136,35.1734,35.2068,35.2362,35.2617,35.2833,35.3009,35.3146,35.3244,35.3303,35.3324,35.3305,35.3248,35.3152,35.3018,35.2845,35.2634,35.2385,35.2097,35.1771,35.1407,35.1005,35.0565,35.0087,34.9571,34.9017,34.8426,34.7797,34.7131,34.6427,34.5686,34.4907,34.4092,34.324,34.2351,34.1425,34.0463,33.9465,33.8431,33.7361,33.6255,33.5115,33.3939,33.2729,33.1485,33.0208,32.8896,32.7553,32.6177,32.4769,32.333,32.1861,32.0362,31.8834,31.7279,31.5696,31.4087,31.2453,31.0795,30.9115,30.7413,30.5691,30.3951,30.2194,30.0422,29.8637,29.684,29.5034,29.3222,29.1404,28.9584,28.7764,28.5948,28.4138,28.2336,28.0547,27.8773,27.7018,27.5286,27.358,27.1905,27.0264,26.8661,26.71,26.5587,26.4125,26.2718,26.1372,26.009,25.8877,25.7738,25.6677,25.5698,25.4805,25.4002,25.3293,25.2682,25.2171,25.1763,25.1463,25.127,25.1189,25.1219,25.1363,25.162,25.1993,25.2479,25.308,25.3794,25.462,25.5556,25.6601,25.7752,25.9007,26.0362,26.1817,26.3366,26.5006,26.6735,26.8548,27.0443,27.2414,27.4459,27.6574,27.8755,28.0998,28.3301,28.5658,28.8067,29.0525,29.3027,29.5572,29.8155,30.0775,30.3427,30.6111,30.8822,31.1558,31.4318,31.7098,31.9897,32.2713,32.5544,32.8389,33.1244,33.411,33.6984,33.9866,34.2753,34.5645,34.8541,35.1439,35.4339,35.7239,36.0139,36.3038,36.5936,36.8831,37.1724,37.4612,37.7497,38.0378,38.3253,38.6123,38.8988,39.1846,39.4699,39.7544,40.0383,40.3216,40.604,40.8858,41.1668,41.4471,41.7266,42.0054,42.2833,42.5605,42.8369
28.5537,28.1394,27.7212,27.2991,26.873,26.4429,26.0088,25.5705,25.1282,24.6817,24.2312,23.7765,23.3178,22.8551,22.3885,21.9182,21.4442,20.9668,20.4863,20.0029,19.5171,19.0293,18.54,18.05,17.5599,17.0709,16.5839,16.1004,15.6217,15.1498,14.6867,14.2349,13.797,13.3762,12.9761,12.6005,12.2535,11.9397,11.6634,11.4293,11.2414,11.1033,11.0178,10.9867,11.0104,11.0881,11.2181,11.3972,11.6216,11.8871,12.189,12.5226,12.8832,13.2666,13.6688,14.0862,14.5154,14.9536,15.3984,15.8476,16.2992,16.7518,17.2039,17.6543,18.1022,18.5466,18.9869,19.4224,19.8527,20.2774,20.6961,21.1087,21.5148,21.9143,22.3071,22.6931,23.0722,23.4444,23.8097,24.1679,24.5193,24.8637,25.2013,25.532,25.8559,26.1731,26.4836,26.7875,27.0849,27.3758,27.6604,27.9386,28.2105,28.4763,28.736,28.9897,29.2375,29.4794,29.7155,29.9459,30.1706,30.3897,30.6034,30.8116,31.0145,31.212,31.4043,31.5914,31.7733,31.9502,32.1221,32.2891,32.4511,32.6083,32.7607,32.9083,33.0512,33.1894,33.323,33.4521,33.5766,33.6966,33.8121,33.9232,34.0299,34.1322,34.2302,34.3239,34.4133,34.4985,34.5795,34.6562,34.7288,34.7972,34.8615,34.9217,34.9778,35.0298,35.0777,35.1217,35.1615,35.1974,35.2293,35.2572,35.2811,35.3011,35.3171,35.3292,35.3373,35.3415,35.3418,35.3381,35.3306,35.3192,35.3039,35.2847,35.2616,35.2346,35.2038,35.1691,35.1306,35.0881,35.0419,34.9918,34.9379,34.8801,34.8185,34.7531,34.6839,34.6108,34.534,34.4534,34.369,34.2809,34.189,34.0934,33.994,33.891,33.7843,33.6739,33.5599,33.4423,33.3211,33.1963,33.068,32.9363,32.8012,32.6626,32.5207,32.3756,32.2272,32.0757,31.921,31.7634,31.6029,31.4395,31.2734,31.1046,30.9334,30.7597,30.5838,30.4057,30.2256,30.0438,29.8603,29.6753,29.4891,29.3018,29.1136,28.9249,28.7358,28.5467,28.3577,28.1693,27.9817,27.7952,27.6101,27.427,27.246,27.0676,26.8923,26.7204,26.5523,26.3886,26.2296,26.0759,25.9278,25.786,25.6507,25.5226,25.4021,25.2896,25.1857,25.0907,25.0051,24.9293,24.8637,24.8085,24.7642,24.7311,24.7093,24.6991,24.7006,24.714,24.7393,24.7767,24.826,24.8873,24.9604,25.0452,25.1415,25.2492,25.3679,25.4975,25.6375,25.7877,25.9477,26.1173,26.2959,26.4832,26.6788,26.8823,27.0934,27.3115,27.5364,27.7676,28.0048,28.2475,28.4954,28.7482,29.0054,29.2669,29.5322,29.801,30.0731,30.3482,30.626,30.9062,31.1887,31.4732,31.7594,32.0472,32.3364,32.6269,32.9183,33.2107,33.5038,33.7975,34.0916,34.3862,34.6809,34.9758,35.2708,35.5657,35.8605,36.1551,36.4494,36.7433,37.0369,37.3301,37.6227,37.9148,38.2063,38.4972,38.7874,39.077,39.3658,39.6539,39.9413,40.2279,40.5137,40.7987,41.0828,41.3662,41.6487,41.9304,42.2112,42.4912,42.7703
28.704,28.2932,27.8789,27.4608,27.039,26.6135,26.1842,25.7512,25.3144,24.8738,24.4295,23.9815,23.5299,23.0748,22.6164,22.1547,21.69,21.2226,20.7527,20.2806,19.8069,19.3321,18.8567,18.3814,17.9072,17.435,16.966,16.5015,16.043,15.5924,15.1517,14.7231,14.3094,13.9134,13.5383,13.1877,12.8652,12.5746,12.3198,12.1044,11.9321,11.8055,11.727,11.6979,11.7185,11.7883,11.9058,12.0684,12.2731,12.5163,12.794,13.1023,13.4372,13.7948,14.1715,14.564,14.9692,15.3845,15.8074,16.2359,16.668,17.1021,17.5368,17.971,18.4036,18.8338,19.2606,19.6837,20.1022,20.516,20.9244,21.3274,21.7245,22.1155,22.5004,22.8789,23.251,23.6166,23.9756,24.3281,24.6739,25.0131,25.3458,25.6718,25.9914,26.3044,26.611,26.9111,27.2049,27.4925,27.7738,28.0489,28.3179,28.5809,28.8379,29.089,29.3343,29.5738,29.8077,30.0358,30.2585,30.4756,30.6872,30.8935,31.0945,31.2903,31.4808,31.6662,31.8465,32.0217,32.192,32.3574,32.5179,32.6736,32.8245,32.9706,33.1121,33.2489,33.3811,33.5088,33.6319,33.7505,33.8646,33.9744,34.0797,34.1807,34.2773,34.3696,34.4577,34.5415,34.621,34.6964,34.7676,34.8346,34.8975,34.9562,35.0109,35.0614,35.1079,35.1504,35.1887,35.2231,35.2534,35.2798,35.3021,35.3204,35.3348,35.3452,35.3516,35.3541,35.3526,35.3472,35.3378,35.3245,35.3073,35.2861,35.2611,35.2321,35.1992,35.1624,35.1217,35.0771,35.0286,34.9762,34.9199,34.8597,34.7957,34.7277,34.6559,34.5802,34.5007,34.4173,34.3301,34.239,34.1441,34.0455,33.943,33.8367,33.7266,33.6129,33.4954,33.3742,33.2493,33.1208,32.9886,32.8529,32.7137,32.5709,32.4248,32.2752,32.1223,31.9661,31.8067,31.6442,31.4786,31.3101,31.1387,30.9645,30.7876,30.6083,30.4265,30.2424,30.0562,29.8681,29.6782,29.4866,29.2937,29.0995,28.9044,28.7086,28.5122,28.3157,28.1193,27.9232,27.7278,27.5335,27.3406,27.1494,26.9605,26.774,26.5906,26.4106,26.2345,26.0627,25.8958,25.7342,25.5784,25.4289,25.2863,25.151,25.0236,24.9045,24.7942,24.6932,24.602,24.521,24.4507,24.3913,24.3432,24.3068,24.2823,24.2699,24.2699,24.2823,24.3073,24.3448,24.3949,24.4574,24.5324,24.6196,24.7189,24.83,24.9526,25.0865,25.2312,25.3866,25.5521,25.7274,25.912,26.1057,26.3078,26.5181,26.736,26.9612,27.1932,27.4316,27.676,27.926,28.1812,28.4413,28.7058,28.9745,29.247,29.523,29.8021,30.0842,30.3688,30.6559,30.945,31.2361,31.5288,31.823,32.1184,32.415,32.7124,33.0107,33.3095,33.6088,33.9085,34.2084,34.5085,34.8086,35.1085,35.4084,35.708,36.0073,36.3062,36.6046,36.9026,37.2,37.4968,37.793,38.0885,38.3833,38.6773,38.9706,39.2631,39.5547,39.8455,40.1355,40.4246,40.7128,41.0001,41.2865,41.572,41.8567,42.1404,42.4231,42.705
28.8619,28.455,28.0447,27.6309,27.2137,26.793,26.3689,25.9413,25.5102,25.0758,24.638,24.197,23.7528,23.3056,22.8556,22.4028,21.9477,21.4903,21.0312,20.5707,20.1093,19.6475,19.186,18.7256,18.2671,17.8115,17.3601,16.9141,16.4752,16.045,15.6256,15.2191,14.8279,14.4549,14.1029,13.7749,13.4743,13.2044,12.9685,12.7696,12.6107,12.494,12.4213,12.3939,12.4118,12.4747,12.5813,12.7295,12.9168,13.1401,13.3963,13.6817,13.9931,14.3268,14.6798,15.049,15.4315,15.8248,16.2267,16.635,17.0479,17.4639,17.8815,18.2995,18.7169,19.1327,19.5461,19.9564,20.3631,20.7656,21.1635,21.5566,21.9444,22.3267,22.7033,23.0741,23.4389,23.7976,24.1502,24.4965,24.8366,25.1703,25.4978,25.819,26.1339,26.4425,26.7449,27.0411,27.3311,27.6151,27.893,28.1648,28.4307,28.6907,28.9449,29.1933,29.4359,29.6729,29.9043,30.1302,30.3505,30.5655,30.7751,30.9793,31.1783,31.3721,31.5608,31.7444,31.9229,32.0965,32.2651,32.4288,32.5877,32.7418,32.8911,33.0357,33.1757,33.311,33.4417,33.5679,33.6896,33.8067,33.9195,34.0278,34.1317,34.2312,34.3265,34.4174,34.504,34.5864,34.6646,34.7385,34.8083,34.8738,34.9353,34.9926,35.0457,35.0948,35.1398,35.1807,35.2176,35.2504,35.2791,35.3039,35.3246,35.3413,35.354,35.3627,35.3674,35.3681,35.3649,35.3576,35.3464,35.3313,35.3121,35.289,35.262,35.231,35.196,35.1571,35.1142,35.0674,35.0167,34.9619,34.9033,34.8407,34.7742,34.7037,34.6293,34.551,34.4687,34.3825,34.2925,34.1985,34.1006,33.9988,33.8932,33.7836,33.6703,33.5531,33.4321,33.3073,33.1787,33.0464,32.9104,32.7707,32.6273,32.4804,32.3299,32.1759,32.0184,31.8575,31.6933,31.5258,31.3552,31.1814,31.0047,30.825,30.6425,30.4574,30.2696,30.0795,29.8871,29.6926,29.4961,29.2979,29.0981,28.8969,28.6947,28.4915,28.2878,28.0837,27.8795,27.6756,27.4723,27.27,27.0689,26.8695,26.6722,26.4774,26.2856,26.0972,25.9127,25.7326,25.5573,25.3875,25.2236,25.0662,24.9158,24.773,24.6382,24.5121,24.3952,24.2879,24.1908,24.1043,24.0289,23.965,23.913,23.8732,23.8459,23.8313,23.8296,23.841,23.8656,23.9033,23.9542,24.0183,24.0953,24.1851,24.2875,24.4023,24.5291,24.6676,24.8175,24.9782,25.1496,25.331,25.5221,25.7224,25.9315,26.1488,26.374,26.6065,26.846,27.0919,27.3439,27.6015,27.8643,28.132,28.4041,28.6803,28.9602,29.2435,29.53,29.8192,30.111,30.405,30.701,30.9988,31.2981,31.5988,31.9006,32.2034,32.507,32.8112,33.1159,33.4209,33.7262,34.0316,34.337,34.6423,34.9473,35.2522,35.5566,35.8606,36.1642,36.4671,36.7695,37.0712,37.3723,37.6725,37.972,38.2707,38.5686,38.8655,39.1616,39.4568,39.7511,40.0444,40.3368,40.6283,40.9187,41.2082,41.4967,41.7843,42.0708,42.3564,42.641
29.0274,28.6245,28.2185,27.8092,27.3967,26.9811,26.5623,26.1403,25.7153,25.2873,24.8563,24.4224,23.9859,23.5467,23.1053,22.6617,22.2162,21.7692,21.321,20.8721,20.423,19.9743,19.5267,19.0809,18.6378,18.1986,17.7643,17.3364,16.9162,16.5056,16.1064,15.7206,15.3506,14.9988,14.6678,14.3605,14.0797,13.8282,13.609,13.4245,13.2772,13.169,13.1014,13.0753,13.0908,13.1476,13.2446,13.3801,13.552,13.7577,13.9944,14.2592,14.549,14.8608,15.1918,15.539,15.9001,16.2725,16.6542,17.043,17.4374,17.8356,18.2364,18.6384,19.0406,19.4421,19.8419,20.2395,20.6342,21.0253,21.4126,21.7955,22.1738,22.5472,22.9154,23.2782,23.6355,23.9871,24.3329,24.6729,25.0069,25.335,25.6571,25.9731,26.2832,26.5872,26.8852,27.1773,27.4633,27.7435,28.0178,28.2862,28.5488,28.8057,29.0568,29.3023,29.5422,29.7766,30.0054,30.2288,30.4468,30.6594,30.8668,31.0689,31.2658,31.4576,31.6443,31.826,32.0026,32.1744,32.3412,32.5032,32.6604,32.8128,32.9605,33.1035,33.2419,33.3757,33.5049,33.6295,33.7497,33.8653,33.9766,34.0834,34.1859,34.284,34.3777,34.4672,34.5524,34.6333,34.71,34.7825,34.8508,34.9149,34.9749,35.0307,35.0823,35.1299,35.1734,35.2128,35.2481,35.2793,35.3065,35.3296,35.3487,35.3637,35.3747,35.3817,35.3847,35.3837,35.3786,35.3696,35.3565,35.3395,35.3184,35.2934,35.2643,35.2313,35.1942,35.1532,35.1082,35.0591,35.0061,34.9491,34.8881,34.8231,34.754,34.681,34.604,34.5231,34.4381,34.3491,34.2562,34.1593,34.0584,33.9535,33.8447,33.7319,33.6152,33.4946,33.3701,33.2417,33.1095,32.9733,32.8334,32.6897,32.5422,32.3911,32.2362,32.0777,31.9157,31.7501,31.581,31.4086,31.2328,31.0538,30.8716,30.6864,30.4982,30.3072,30.1135,29.9172,29.7184,29.5174,29.3143,29.1093,28.9025,28.6942,28.4847,28.2741,28.0627,27.8509,27.6388,27.4268,27.2154,27.0047,26.7952,26.5873,26.3814,26.178,25.9774,25.7803,25.5871,25.3982,25.2143,25.0359,24.8635,24.6978,24.5392,24.3884,24.246,24.1125,23.9886,23.8746,23.7713,23.679,23.5984,23.5297,23.4735,23.4301,23.3998,23.3828,23.3795,23.3898,23.414,23.4521,23.504,23.5696,23.6488,23.7415,23.8473,23.9661,24.0974,24.2408,24.3961,24.5627,24.7402,24.9282,25.1261,25.3335,25.5498,25.7747,26.0075,26.2477,26.495,26.7488,27.0087,27.2743,27.545,27.8205,28.1005,28.3844,28.6721,28.963,29.2569,29.5536,29.8526,30.1538,30.4569,30.7615,31.0676,31.3749,31.6833,31.9924,32.3022,32.6125,32.9231,33.234,33.5449,33.8558,34.1666,34.4772,34.7874,35.0972,35.4066,35.7154,36.0236,36.3311,36.6379,36.9439,37.2491,37.5535,37.857,38.1596,38.4613,38.762,39.0617,39.3605,39.6582,39.9549,40.2506,40.5452,40.8388,41.1314,41.4229,41.7133,42.0028,42.2911,42.5784
29.2002,28.8015,28.3999,27.9953,27.5878,27.1774,26.7641,26.348,25.9292,25.5077,25.0837,24.6572,24.2284,23.7976,23.3649,22.9305,22.4949,22.0583,21.6211,21.1838,20.747,20.3113,19.8773,19.446,19.0181,18.5948,18.1771,17.7665,17.3644,16.9724,16.5922,16.2259,15.8755,15.5433,15.2317,14.9431,14.6801,14.4452,14.2407,14.0689,13.9319,13.8311,13.7678,13.7428,13.7561,13.8075,13.896,14.0202,14.1783,14.3682,14.5874,14.8334,15.1035,15.3952,15.7056,16.0325,16.3733,16.7259,17.0882,17.4584,17.8348,18.2158,18.6,18.9863,19.3736,19.7608,20.1472,20.532,20.9146,21.2944,21.6708,22.0435,22.4122,22.7764,23.136,23.4906,23.8402,24.1844,24.5234,24.8568,25.1846,25.5068,25.8233,26.134,26.439,26.7383,27.0317,27.3194,27.6013,27.8776,28.1481,28.4129,28.672,28.9256,29.1736,29.4161,29.6531,29.8846,30.1107,30.3315,30.547,30.7573,30.9623,31.1621,31.3569,31.5466,31.7312,31.9109,32.0856,32.2554,32.4204,32.5806,32.736,32.8867,33.0327,33.174,33.3108,33.4429,33.5705,33.6936,33.8122,33.9263,34.036,34.1413,34.2422,34.3388,34.4311,34.5191,34.6028,34.6822,34.7574,34.8284,34.8952,34.9578,35.0163,35.0706,35.1207,35.1667,35.2087,35.2465,35.2802,35.3098,35.3354,35.3569,35.3743,35.3877,35.397,35.4023,35.4035,35.4007,35.3939,35.383,35.3681,35.3491,35.3262,35.2991,35.2681,35.233,35.1939,35.1507,35.1035,35.0523,34.997,34.9377,34.8743,34.8068,34.7354,34.6598,34.5802,34.4966,34.4089,34.3171,34.2213,34.1215,34.0176,33.9096,33.7977,33.6817,33.5616,33.4376,33.3096,33.1776,33.0416,32.9017,32.7579,32.6101,32.4585,32.3031,32.1439,31.9809,31.8142,31.6439,31.4699,31.2925,31.1115,30.9272,30.7396,30.5488,30.3549,30.1579,29.9581,29.7556,29.5504,29.3428,29.133,28.921,28.7071,28.4916,28.2746,28.0564,27.8373,27.6174,27.3973,27.1771,26.9572,26.738,26.5198,26.3031,26.0883,25.8759,25.6664,25.4601,25.2578,25.0598,24.8669,24.6795,24.4982,24.3237,24.1566,23.9975,23.847,23.7058,23.5743,23.4534,23.3434,23.2451,23.1588,23.0852,23.0245,22.9773,22.9438,22.9244,22.9193,22.9286,22.9524,22.9909,23.0438,23.1112,23.1929,23.2886,23.3981,23.5211,23.6572,23.8061,23.9671,24.14,24.3241,24.519,24.7241,24.939,25.1631,25.3958,25.6366,25.885,26.1405,26.4026,26.6707,26.9445,27.2235,27.5072,27.7953,28.0873,28.3829,28.6816,28.9833,29.2876,29.5941,29.9026,30.2129,30.5246,30.8376,31.1517,31.4666,31.7822,32.0983,32.4148,32.7314,33.0482,33.3648,33.6813,33.9976,34.3135,34.6289,34.9438,35.258,35.5716,35.8845,36.1966,36.5078,36.8182,37.1277,37.4362,37.7437,38.0502,38.3557,38.6601,38.9635,39.2657,39.5669,39.867,40.1659,40.4638,40.7605,41.0561,41.3506,41.644,41.9362,42.2274,42.5174
29.38,28.9856,28.5886,28.1889,27.7865,27.3815,26.9739,26.5639,26.1514,25.7367,25.3197,24.9007,24.4799,24.0575,23.6336,23.2086,22.7828,22.3566,21.9305,21.5048,21.0802,20.6573,20.2368,19.8196,19.4065,18.9986,18.5971,18.2031,17.8182,17.4438,17.0816,16.7335,16.4014,16.0873,15.7934,15.5218,15.2749,15.0548,14.8635,14.7029,14.5748,14.4805,14.421,14.3968,14.4081,14.4546,14.5355,14.6496,14.7955,14.9711,15.1745,15.4034,15.6556,15.9285,16.22,16.5277,16.8495,17.1834,17.5273,17.8796,18.2387,18.603,18.9712,19.3421,19.7146,20.0879,20.4609,20.833,21.2035,21.5718,21.9374,22.2999,22.6587,23.0137,23.3645,23.7108,24.0525,24.3893,24.7211,25.0478,25.3693,25.6854,25.9961,26.3014,26.6011,26.8954,27.1841,27.4673,27.745,28.0171,28.2836,28.5447,28.8003,29.0504,29.2951,29.5344,29.7683,29.997,30.2203,30.4384,30.6513,30.859,31.0616,31.2591,31.4515,31.639,31.8215,31.9991,32.1718,32.3396,32.5027,32.661,32.8145,32.9634,33.1076,33.2472,33.3822,33.5127,33.6386,33.76,33.877,33.9896,34.0977,34.2014,34.3008,34.3958,34.4866,34.573,34.6552,34.7331,34.8068,34.8762,34.9415,35.0026,35.0595,35.1122,35.1608,35.2053,35.2457,35.2819,35.314,35.342,35.366,35.3858,35.4016,35.4133,35.4209,35.4244,35.4239,35.4193,35.4107,35.398,35.3812,35.3603,35.3354,35.3064,35.2734,35.2362,35.195,35.1497,35.1004,35.0469,34.9894,34.9277,34.862,34.7921,34.7182,34.6401,34.5579,34.4716,34.3812,34.2867,34.188,34.0852,33.9783,33.8673,33.7522,33.6329,33.5096,33.3821,33.2506,33.115,32.9753,32.8316,32.6838,32.532,32.3763,32.2166,32.053,31.8855,31.7142,31.5391,31.3603,31.1778,30.9917,30.802,30.6089,30.4124,30.2127,30.0098,29.8038,29.5949,29.3833,29.169,28.9523,28.7333,28.5123,28.2893,28.0647,27.8388,27.6117,27.3837,27.1553,26.9266,26.698,26.47,26.2429,26.0172,25.7932,25.5715,25.3526,25.1369,24.9251,24.7177,24.5153,24.3185,24.1279,23.9443,23.7681,23.6002,23.4412,23.2917,23.1525,23.0241,22.9072,22.8023,22.7101,22.6311,22.5658,22.5146,22.4778,22.4558,22.4488,22.457,22.4806,22.5194,22.5736,22.6429,22.7272,22.8263,22.9398,23.0674,23.2087,23.3632,23.5305,23.71,23.9012,24.1035,24.3163,24.5391,24.7713,25.0123,25.2616,25.5186,25.7826,26.0533,26.3302,26.6126,26.9001,27.1923,27.4888,27.7891,28.0929,28.3998,28.7094,29.0215,29.3357,29.6517,29.9693,30.2883,30.6083,30.9293,31.2509,31.5731,31.8956,32.2183,32.5411,32.8638,33.1862,33.5084,33.8301,34.1514,34.472,34.792,35.1112,35.4296,35.7472,36.0639,36.3796,36.6943,37.008,37.3206,37.6321,37.9425,38.2518,38.56,38.867,39.1728,39.4774,39.7808,40.083,40.3841,40.6839,40.9826,41.28,41.5763,41.8713,42.1652,42.4579
29.5665,29.1766,28.7844,28.3896,27.9925,27.5931,27.1914,26.7875,26.3815,25.9736,25.5639,25.1525,24.7397,24.3257,23.9108,23.4952,23.0793,22.6635,22.2482,21.8341,21.4215,21.0112,20.604,20.2006,19.8019,19.4089,19.0228,18.6448,18.2762,17.9185,17.5732,17.2421,16.9269,16.6295,16.3519,16.0959,15.8635,15.6567,15.4771,15.3266,15.2064,15.1177,15.0614,15.0379,15.0474,15.0895,15.1636,15.2686,15.4034,15.5661,15.7552,15.9685,16.2041,16.4599,16.7337,17.0236,17.3276,17.6437,17.9702,18.3054,18.6478,18.9959,19.3486,19.7045,20.0627,20.4221,20.782,21.1415,21.5001,21.8569,22.2117,22.5638,22.9128,23.2585,23.6004,23.9383,24.272,24.6012,24.9258,25.2456,25.5605,25.8704,26.1752,26.4748,26.7693,27.0584,27.3422,27.6208,27.894,28.1618,28.4243,28.6815,28.9334,29.1799,29.4212,29.6572,29.888,30.1136,30.334,30.5492,30.7594,30.9645,31.1645,31.3596,31.5496,31.7348,31.915,32.0905,32.261,32.4268,32.5879,32.7442,32.8959,33.0429,33.1852,33.323,33.4563,33.585,33.7092,33.8289,33.9442,34.0551,34.1616,34.2637,34.3615,34.455,34.5441,34.629,34.7096,34.7859,34.8581,34.926,34.9897,35.0492,35.1045,35.1557,35.2027,35.2456,35.2844,35.319,35.3495,35.3759,35.3982,35.4164,35.4305,35.4405,35.4464,35.4482,35.4459,35.4395,35.429,35.4145,35.3958,35.3731,35.3462,35.3153,35.2802,35.241,35.1977,35.1503,35.0987,35.0431,34.9833,34.9193,34.8512,34.7789,34.7025,34.6219,34.5371,34.4482,34.3551,34.2577,34.1562,34.0505,33.9406,33.8265,33.7083,33.5858,33.4591,33.3282,33.1932,33.054,32.9106,32.763,32.6114,32.4556,32.2957,32.1318,31.9638,31.7918,31.6158,31.4359,31.2522,31.0646,30.8733,30.6783,30.4796,30.2774,30.0718,29.8629,29.6508,29.4355,29.2173,28.9963,28.7726,28.5465,28.3181,28.0877,27.8554,27.6215,27.3862,27.15,26.913,26.6756,26.4382,26.2012,25.9649,25.7298,25.4963,25.265,25.0363,24.8109,24.5892,24.3719,24.1596,23.953,23.7527,23.5594,23.3738,23.1967,23.0287,22.8706,22.723,22.5867,22.4624,22.3507,22.2522,22.1676,22.0972,22.0417,22.0014,21.9767,21.9678,21.9749,21.9982,22.0375,22.093,22.1645,22.2517,22.3544,22.4722,22.6048,22.7517,22.9124,23.0863,23.2729,23.4716,23.6817,23.9027,24.134,24.3748,24.6246,24.8827,25.1487,25.4218,25.7015,25.9873,26.2787,26.5751,26.8762,27.1814,27.4903,27.8025,28.1177,28.4355,28.7556,29.0777,29.4014,29.7265,30.0528,30.3801,30.708,31.0365,31.3654,31.6944,32.0234,32.3524,32.681,33.0094,33.3372,33.6645,33.9911,34.317,34.6421,34.9663,35.2896,35.6118,35.9331,36.2533,36.5723,36.8902,37.207,37.5225,37.8368,38.1499,38.4618,38.7724,39.0817,39.3897,39.6965,40.002,40.3062,40.6092,40.9108,41.2112,41.5103,41.8082,42.1048,42.4002
29.7595,29.3743,28.9869,28.5973,28.2056,27.8118,27.4161,27.0184,26.6191,26.2181,25.8157,25.412,25.0073,24.6018,24.1958,23.7895,23.3835,22.978,22.5736,22.1708,21.7701,21.3722,20.9778,20.5878,20.203,19.8245,19.4532,19.0904,18.7373,18.3953,18.0659,17.7507,17.4512,17.1692,16.9064,16.6646,16.4454,16.2506,16.0816,15.9399,15.8268,15.7431,15.6896,15.6666,15.6744,15.7125,15.7804,15.8773,16.0019,16.153,16.329,16.5281,16.7485,16.9884,17.2459,17.5191,17.8063,18.1057,18.4156,18.7345,19.061,19.3936,19.7312,20.0725,20.4167,20.7626,21.1096,21.4567,21.8034,22.1489,22.4929,22.8347,23.1739,23.5101,23.8431,24.1726,24.4981,24.8196,25.1369,25.4497,25.758,26.0615,26.3603,26.6542,26.9431,27.227,27.5058,27.7795,28.0481,28.3116,28.5699,28.8231,29.0711,29.314,29.5517,29.7843,30.0118,30.2342,30.4516,30.664,30.8713,31.0736,31.2711,31.4636,31.6512,31.8339,32.0119,32.185,32.3534,32.5171,32.676,32.8303,32.98,33.125,33.2655,33.4014,33.5329,33.6598,33.7822,33.9002,34.0138,34.123,34.2278,34.3283,34.4244,34.5162,34.6038,34.687,34.766,34.8408,34.9113,34.9776,35.0397,35.0977,35.1514,35.201,35.2464,35.2877,35.3248,35.3579,35.3867,35.4115,35.4321,35.4486,35.461,35.4693,35.4735,35.4735,35.4694,35.4613,35.449,35.4326,35.412,35.3874,35.3586,35.3256,35.2886,35.2473,35.202,35.1524,35.0987,35.0408,34.9787,34.9125,34.842,34.7673,34.6884,34.6053,34.518,34.4264,34.3306,34.2305,34.1261,34.0175,33.9046,33.7875,33.666,33.5403,33.4103,33.276,33.1375,32.9947,32.8476,32.6963,32.5407,32.3809,32.2169,32.0487,31.8763,31.6998,31.5192,31.3345,31.1458,30.9532,30.7566,30.5562,30.352,30.1441,29.9326,29.7176,29.4992,29.2775,29.0527,28.8248,28.5942,28.3608,28.125,27.8869,27.6467,27.4048,27.1613,26.9165,26.6709,26.4246,26.1781,25.9317,25.686,25.4412,25.198,24.9567,24.718,24.4823,24.2504,24.0229,23.8003,23.5834,23.3728,23.1694,22.9739,22.787,22.6095,22.4422,22.2859,22.1412,22.009,21.89,21.7849,21.6942,21.6186,21.5586,21.5145,21.4869,21.476,21.482,21.505,21.545,21.6019,21.6757,21.7661,21.8728,21.9953,22.1333,22.2862,22.4535,22.6345,22.8287,23.0354,23.254,23.4836,23.7238,23.9737,24.2327,24.5002,24.7756,25.0581,25.3473,25.6425,25.9432,26.2489,26.5591,26.8733,27.1911,27.5121,27.8358,28.162,28.4903,28.8204,29.152,29.4848,29.8186,30.1532,30.4883,30.8237,31.1593,31.4949,31.8303,32.1655,32.5002,32.8345,33.168,33.5009,33.833,34.1641,34.4943,34.8235,35.1516,35.4786,35.8045,36.1291,36.4525,36.7746,37.0955,37.415,37.7333,38.0501,38.3657,38.6799,38.9927,39.3041,39.6142,39.9229,40.2303,40.5363,40.841,41.1443,41.4463,41.7469,42.0463,42.3443
29.9587,29.5782,29.1958,28.8115,28.4252,28.0372,27.6476,27.2563,26.8636,26.4697,26.0746,25.6787,25.282,24.885,24.4879,24.091,23.6948,23.2995,22.9058,22.5141,22.125,21.7392,21.3574,20.9804,20.609,20.2442,19.8871,19.5388,19.2004,18.8733,18.5588,18.2583,17.9735,17.7057,17.4566,17.2276,17.0204,16.8364,16.6769,16.5432,16.4363,16.357,16.3059,16.2834,16.2895,16.3239,16.3863,16.4757,16.5912,16.7317,16.8957,17.0817,17.2881,17.5133,17.7556,18.0133,18.2848,18.5684,18.8626,19.166,19.4772,19.795,20.118,20.4453,20.7758,21.1086,21.4428,21.7778,22.1127,22.4471,22.7803,23.1118,23.4412,23.7681,24.0922,24.4131,24.7305,25.0442,25.3541,25.6598,25.9613,26.2584,26.551,26.839,27.1223,27.4009,27.6746,27.9434,28.2073,28.4663,28.7203,28.9693,29.2134,29.4524,29.6865,29.9156,30.1397,30.3589,30.5732,30.7825,30.9869,31.1864,31.3811,31.571,31.7561,31.9363,32.1119,32.2827,32.4488,32.6103,32.7671,32.9193,33.0669,33.2099,33.3484,33.4824,33.612,33.737,33.8576,33.9739,34.0857,34.1931,34.2962,34.395,34.4894,34.5796,34.6654,34.7471,34.8244,34.8976,34.9665,35.0312,35.0917,35.148,35.2001,35.2481,35.2919,35.3316,35.3671,35.3984,35.4256,35.4487,35.4677,35.4825,35.4932,35.4998,35.5022,35.5005,35.4946,35.4847,35.4705,35.4523,35.4299,35.4033,35.3725,35.3376,35.2985,35.2553,35.2078,35.1561,35.1003,35.0402,34.9758,34.9073,34.8345,34.7574,34.676,34.5904,34.5005,34.4063,34.3077,34.2049,34.0977,33.9862,33.8704,33.7501,33.6256,33.4966,33.3633,33.2257,33.0836,32.9372,32.7865,32.6314,32.4719,32.308,32.1399,31.9674,31.7907,31.6097,31.4244,31.235,31.0413,30.8436,30.6418,30.436,30.2262,30.0126,29.7952,29.574,29.3494,29.1212,28.8897,28.6549,28.4171,28.1765,27.9331,27.6873,27.4391,27.189,26.9371,26.6837,26.4291,26.1738,25.9179,25.6621,25.4066,25.1519,24.8985,24.6469,24.3978,24.1516,23.9091,23.6708,23.4374,23.2097,22.9885,22.7745,22.5685,22.3713,22.1838,22.0068,21.8411,21.6876,21.5471,21.4203,21.308,21.211,21.1297,21.0648,21.0169,20.9862,20.9732,20.978,21.0007,21.0415,21.1001,21.1765,21.2703,21.3813,21.5089,21.6527,21.8121,21.9865,22.1752,22.3776,22.5928,22.8203,23.0592,23.3087,23.5683,23.8371,24.1145,24.3997,24.6921,24.9911,25.2961,25.6066,25.9218,26.2415,26.565,26.892,27.2219,27.5545,27.8893,28.226,28.5644,28.904,29.2446,29.586,29.928,30.2703,30.6128,30.9552,31.2974,31.6394,31.9808,32.3216,32.6618,33.0011,33.3396,33.6771,34.0135,34.3489,34.6831,35.016,35.3478,35.6782,36.0073,36.335,36.6613,36.9863,37.3098,37.6319,37.9526,38.2718,38.5895,38.9058,39.2207,39.5341,39.846,40.1565,40.4656,40.7732,41.0794,41.3842,41.6876,41.9896,42.2903
30.1638,29.7882,29.4109,29.0319,28.6512,28.2691,27.8855,27.5007,27.1147,26.7278,26.3401,25.9519,25.5634,25.1749,24.7866,24.399,24.0124,23.6272,23.244,22.8632,22.4855,22.1114,21.7418,21.3773,21.0188,20.6673,20.3237,19.9891,19.6647,19.3515,19.051,18.7643,18.493,18.2383,18.0018,17.7846,17.5883,17.4141,17.2632,17.1366,17.0353,16.9599,16.9109,16.8887,16.8932,16.9243,16.9815,17.0642,17.1714,17.3021,17.4551,17.6291,17.8226,18.0342,18.2624,18.5056,18.7623,19.031,19.3104,19.599,19.8957,20.1991,20.5082,20.8218,21.1391,21.4591,21.7809,22.104,22.4274,22.7507,23.0733,23.3947,23.7143,24.0319,24.347,24.6594,24.9686,25.2745,25.5769,25.8755,26.1702,26.4608,26.7471,27.0292,27.3068,27.5798,27.8483,28.1121,28.3713,28.6256,28.8752,29.12,29.36,29.5952,29.8255,30.051,30.2717,30.4875,30.6985,30.9047,31.1061,31.3028,31.4946,31.6818,31.8642,32.042,32.215,32.3834,32.5472,32.7064,32.861,33.011,33.1565,33.2975,33.434,33.566,33.6936,33.8167,33.9355,34.0498,34.1599,34.2655,34.3668,34.4639,34.5566,34.645,34.7292,34.8091,34.8848,34.9563,35.0236,35.0866,35.1455,35.2002,35.2507,35.297,35.3392,35.3772,35.411,35.4407,35.4663,35.4877,35.505,35.5181,35.5271,35.5319,35.5326,35.5291,35.5215,35.5097,35.4937,35.4736,35.4493,35.4208,35.3881,35.3512,35.3102,35.2648,35.2153,35.1615,35.1035,35.0412,34.9746,34.9038,34.8286,34.7491,34.6653,34.5772,34.4847,34.3879,34.2867,34.1811,34.0711,33.9567,33.8379,33.7147,33.587,33.4548,33.3183,33.1772,33.0317,32.8818,32.7273,32.5684,32.405,32.2372,32.065,31.8883,31.7071,31.5216,31.3317,31.1375,30.9389,30.7361,30.529,30.3178,30.1025,29.8831,29.6597,29.4325,29.2015,28.9668,28.7285,28.4868,28.2419,27.9938,27.7428,27.4891,27.2329,26.9745,26.714,26.4518,26.1882,25.9235,25.6582,25.3925,25.127,24.8621,24.5983,24.3361,24.0762,23.8191,23.5654,23.316,23.0714,22.8325,22.6,22.3749,22.1578,21.9498,21.7517,21.5644,21.3889,21.2259,21.0765,20.9414,20.8216,20.7177,20.6304,20.5604,20.5082,20.4743,20.459,20.4626,20.4852,20.5268,20.5873,20.6665,20.7641,20.8798,21.0129,21.163,21.3295,21.5115,21.7085,21.9196,22.144,22.3809,22.6296,22.8892,23.1589,23.438,23.7257,24.0213,24.3241,24.6334,24.9486,25.2691,25.5944,25.9238,26.2569,26.5933,26.9325,27.2741,27.6178,27.9631,28.3098,28.6576,29.0062,29.3553,29.7048,30.0545,30.404,30.7534,31.1023,31.4508,31.7985,32.1455,32.4916,32.8368,33.1808,33.5238,33.8655,34.206,34.5452,34.883,35.2194,35.5544,35.8879,36.22,36.5505,36.8796,37.2071,37.533,37.8574,38.1803,38.5016,38.8213,39.1395,39.4562,39.7713,40.0849,40.397,40.7075,41.0166,41.3242,41.6303,41.935,42.2383
30.3747,30.004,29.6318,29.2581,28.8831,28.5069,28.1295,27.7511,27.372,26.9921,26.6118,26.2313,25.8509,25.4707,25.0912,24.7128,24.3357,23.9604,23.5875,23.2174,22.8507,22.4881,22.1302,21.7778,21.4318,21.0929,20.7622,20.4406,20.1293,19.8293,19.5418,19.2681,19.0093,18.7667,18.5417,18.3354,18.149,17.9837,17.8405,17.7204,17.624,17.5521,17.505,17.4829,17.486,17.514,17.5664,17.6429,17.7424,17.8642,18.0071,18.17,18.3517,18.5506,18.7656,18.9952,19.2381,19.4928,19.7581,20.0328,20.3156,20.6053,20.9009,21.2014,21.5059,21.8134,22.1232,22.4346,22.7468,23.0592,23.3713,23.6826,23.9926,24.3009,24.6071,24.9109,25.212,25.5101,25.805,26.0964,26.3842,26.6682,26.9483,27.2243,27.4961,27.7636,28.0268,28.2855,28.5397,28.7894,29.0345,29.275,29.5109,29.742,29.9685,30.1903,30.4074,30.6198,30.8275,31.0305,31.2288,31.4225,31.6115,31.7959,31.9756,32.1507,32.3212,32.4871,32.6485,32.8053,32.9576,33.1055,33.2488,33.3876,33.5221,33.6521,33.7776,33.8988,34.0157,34.1282,34.2363,34.3401,34.4397,34.5349,34.6259,34.7126,34.795,34.8732,34.9472,35.017,35.0826,35.144,35.2012,35.2542,35.303,35.3477,35.3882,35.4246,35.4568,35.4848,35.5087,35.5284,35.544,35.5554,35.5626,35.5657,35.5646,35.5594,35.55,35.5364,35.5186,35.4966,35.4704,35.44,35.4054,35.3665,35.3234,35.2761,35.2245,35.1686,35.1084,35.0439,34.9751,34.902,34.8245,34.7426,34.6564,34.5658,34.4708,34.3714,34.2675,34.1592,34.0464,33.9291,33.8074,33.6811,33.5503,33.415,33.2752,33.1308,32.9818,32.8283,32.6702,32.5076,32.3403,32.1685,31.9922,31.8113,31.6258,31.4358,31.2413,31.0422,30.8388,30.6309,30.4186,30.2019,29.981,29.7559,29.5265,29.2932,29.0558,28.8145,28.5695,28.3208,28.0687,27.8132,27.5545,27.2929,27.0285,26.7615,26.4924,26.2212,25.9484,25.6742,25.3991,25.1235,24.8477,24.5723,24.2978,24.0247,23.7536,23.4851,23.22,22.9589,22.7026,22.4519,22.2077,21.9708,21.7422,21.5227,21.3134,21.1152,20.9292,20.7562,20.5973,20.4534,20.3254,20.2142,20.1204,20.0449,19.9883,19.9509,19.9333,19.9356,19.958,20.0006,20.0632,20.1456,20.2474,20.3681,20.5073,20.6643,20.8383,21.0286,21.2344,21.4549,21.6891,21.9361,22.1952,22.4654,22.7459,23.0359,23.3345,23.6409,23.9545,24.2746,24.6004,24.9314,25.2669,25.6065,25.9495,26.2956,26.6443,26.9951,27.3478,27.7019,28.0572,28.4133,28.7699,29.127,29.4841,29.8411,30.1979,30.5542,30.9099,31.2649,31.619,31.9722,32.3242,32.6752,33.0249,33.3733,33.7203,34.0659,34.4101,34.7527,35.0939,35.4334,35.7713,36.1077,36.4424,36.7755,37.1069,37.4367,37.7648,38.0913,38.4161,38.7392,39.0608,39.3807,39.6989,40.0156,40.3307,40.6442,40.9561,41.2664,41.5752,41.8826,42.1884
30.5909,30.2252,29.8582,29.49,29.1207,28.7504,28.3792,28.0073,27.6349,27.2621,26.8892,26.5164,26.1439,25.7721,25.4013,25.0318,24.6641,24.2985,23.9357,23.576,23.22,22.8684,22.5219,22.1812,21.847,21.5203,21.2018,20.8926,20.5937,20.306,20.0308,19.769,19.5219,19.2905,19.0761,18.8797,18.7024,18.5452,18.409,18.2947,18.2028,18.1339,18.0884,18.0665,18.0681,18.0932,18.1414,18.212,18.3046,18.4181,18.5518,18.7044,18.875,19.0622,19.2649,19.4818,19.7116,19.9532,20.2052,20.4666,20.7361,21.0128,21.2955,21.5834,21.8754,22.1709,22.469,22.7689,23.0701,23.3719,23.6737,23.9751,24.2756,24.5747,24.8721,25.1674,25.4603,25.7506,26.038,26.3222,26.6031,26.8805,27.1542,27.4241,27.69,27.952,28.2097,28.4633,28.7126,28.9575,29.198,29.4341,29.6657,29.8928,30.1154,30.3334,30.5469,30.7557,30.9601,31.1598,31.355,31.5456,31.7316,31.9131,32.0901,32.2625,32.4304,32.5938,32.7527,32.9071,33.0571,33.2026,33.3437,33.4804,33.6127,33.7406,33.8641,33.9834,34.0982,34.2088,34.315,34.417,34.5147,34.6081,34.6973,34.7822,34.8629,34.9394,35.0116,35.0797,35.1436,35.2033,35.2588,35.3101,35.3573,35.4002,35.4391,35.4737,35.5042,35.5306,35.5528,35.5708,35.5847,35.5944,35.5999,35.6012,35.5984,35.5914,35.5802,35.5647,35.5451,35.5213,35.4932,35.4609,35.4243,35.3835,35.3384,35.2891,35.2354,35.1774,35.1151,35.0484,34.9774,34.902,34.8222,34.738,34.6493,34.5562,34.4587,34.3567,34.2502,34.1392,34.0236,33.9035,33.7788,33.6496,33.5157,33.3773,33.2342,33.0865,32.9341,32.777,32.6153,32.449,32.2779,32.1021,31.9217,31.7366,31.5468,31.3523,31.1532,30.9494,30.7411,30.5281,30.3106,30.0885,29.862,29.6311,29.3959,29.1563,28.9126,28.6648,28.4129,28.1573,27.8978,27.6348,27.3684,27.0987,26.8261,26.5506,26.2726,25.9924,25.7102,25.4264,25.1413,24.8555,24.5692,24.283,23.9974,23.713,23.4304,23.1502,22.8732,22.6,22.3315,22.0685,21.812,21.5628,21.3219,21.0903,20.8691,20.6594,20.4622,20.2785,20.1095,19.9561,19.8194,19.7003,19.5997,19.5183,19.4568,19.4158,19.3956,19.3967,19.4191,19.4628,19.5277,19.6135,19.7199,19.8462,19.992,20.1564,20.3386,20.5379,20.7532,20.9837,21.2283,21.4862,21.7564,22.0379,22.3297,22.6311,22.9411,23.259,23.5839,23.9151,24.252,24.5938,24.94,25.29,25.6432,25.9993,26.3577,26.718,27.0799,27.4429,27.8069,28.1714,28.5363,28.9013,29.2661,29.6306,29.9946,30.358,30.7205,31.082,31.4425,31.8019,32.1599,32.5167,32.872,33.2258,33.5782,33.9289,34.278,34.6255,34.9712,35.3153,35.6577,35.9983,36.3371,36.6742,37.0095,37.3431,37.6749,38.0049,38.3332,38.6598,38.9846,39.3077,39.6291,39.9488,40.2668,40.5831,40.8979,41.2109,41.5224,41.8323,42.1406
30.8123,30.4516,30.0899,29.7272,29.3636,28.9992,28.6342,28.2688,27.9031,27.5374,27.1718,26.8066,26.442,26.0785,25.7162,25.3556,24.997,24.641,24.2879,23.9383,23.5928,23.2519,22.9163,22.5868,22.264,21.9487,21.6419,21.3444,21.0572,20.7811,20.5173,20.2667,20.0304,19.8095,19.6048,19.4176,19.2486,19.0987,18.9689,18.8597,18.7719,18.7057,18.6616,18.6397,18.6401,18.6624,18.7065,18.7719,18.858,18.9639,19.089,19.2321,19.3924,19.5687,19.7599,19.9649,20.1826,20.4117,20.6511,20.8999,21.1568,21.421,21.6913,21.967,22.2472,22.531,22.8176,23.1065,23.3969,23.6883,23.98,24.2716,24.5627,24.8527,25.1413,25.4282,25.7131,25.9956,26.2754,26.5525,26.8265,27.0972,27.3645,27.6283,27.8884,28.1446,28.397,28.6453,28.8896,29.1297,29.3655,29.5972,29.8245,30.0474,30.266,30.4801,30.6899,30.8952,31.0961,31.2925,31.4844,31.6719,31.8549,32.0335,32.2076,32.3773,32.5425,32.7033,32.8597,33.0116,33.1592,33.3024,33.4412,33.5757,33.7058,33.8316,33.953,34.0702,34.1831,34.2917,34.396,34.496,34.5918,34.6834,34.7707,34.8539,34.9328,35.0075,35.078,35.1443,35.2065,35.2644,35.3182,35.3678,35.4133,35.4546,35.4917,35.5247,35.5535,35.5782,35.5987,35.615,35.6271,35.6351,35.6389,35.6385,35.6339,35.6251,35.612,35.5948,35.5734,35.5477,35.5177,35.4835,35.445,35.4022,35.3552,35.3038,35.248,35.1879,35.1235,35.0547,34.9814,34.9038,34.8217,34.7351,34.6441,34.5486,34.4485,34.344,34.2348,34.1211,34.0028,33.8799,33.7523,33.6201,33.4832,33.3417,33.1954,33.0443,32.8886,32.7281,32.5628,32.3927,32.2178,32.0381,31.8537,31.6644,31.4703,31.2714,31.0677,30.8592,30.646,30.428,30.2053,29.9778,29.7458,29.5091,29.2679,29.0222,28.7721,28.5177,28.2591,27.9964,27.7297,27.4591,27.1849,26.9072,26.6262,26.3421,26.0552,25.7657,25.474,25.1804,24.8852,24.5889,24.2919,23.9947,23.6977,23.4017,23.1072,22.8149,22.5255,22.2397,21.9585,21.6827,21.4132,21.151,20.8973,20.653,20.4192,20.1972,19.9881,19.793,19.6132,19.4497,19.3036,19.1761,19.068,18.9803,18.9136,18.8687,18.8459,18.8456,18.8679,18.9129,18.9804,19.0701,19.1815,19.314,19.4669,19.6394,19.8305,20.0394,20.265,20.5063,20.7622,21.0316,21.3135,21.6069,21.9108,22.2242,22.5462,22.876,23.2127,23.5556,23.9039,24.257,24.6142,24.9749,25.3386,25.7049,26.0732,26.4432,26.8145,27.1867,27.5595,27.9326,28.3057,28.6787,29.0514,29.4234,29.7947,30.165,30.5344,30.9025,31.2694,31.6349,31.999,32.3615,32.7225,33.0817,33.4393,33.7951,34.1492,34.5014,34.8518,35.2004,35.5471,35.8919,36.2348,36.5759,36.9151,37.2524,37.5879,37.9214,38.2532,38.5831,38.9111,39.2374,39.5618,39.8845,40.2054,40.5246,40.8421,41.1579,41.472,41.7844,42.0952
31.0386,30.683,30.3265,29.9693,29.6114,29.253,28.8942,28.5353,28.1763,27.8175,27.4592,27.1015,26.7448,26.3893,26.0354,25.6835,25.3339,24.9872,24.6436,24.3038,23.9684,23.6378,23.3128,22.9939,22.682,22.3778,22.082,21.7956,21.5193,21.2542,21.0011,20.761,20.5347,20.3233,20.1278,19.9488,19.7874,19.6443,19.5203,19.4159,19.3316,19.2679,19.225,19.2031,19.2021,19.2219,19.2623,19.3228,19.4028,19.5017,19.6188,19.7531,19.9039,20.07,20.2505,20.4443,20.6504,20.8678,21.0954,21.3321,21.5771,21.8293,22.0878,22.3518,22.6205,22.893,23.1686,23.4467,23.7266,24.0078,24.2897,24.5717,24.8535,25.1346,25.4146,25.6931,25.9699,26.2446,26.5171,26.7869,27.054,27.3181,27.579,27.8366,28.0908,28.3413,28.5882,28.8313,29.0705,29.3057,29.5369,29.764,29.9869,30.2056,30.4202,30.6304,30.8364,31.0381,31.2354,31.4284,31.6171,31.8014,31.9813,32.1569,32.3281,32.4949,32.6574,32.8156,32.9694,33.1188,33.264,33.4048,33.5413,33.6735,33.8014,33.925,34.0443,34.1594,34.2702,34.3768,34.4791,34.5772,34.6711,34.7608,34.8463,34.9276,35.0047,35.0776,35.1463,35.2109,35.2713,35.3275,35.3796,35.4275,35.4712,35.5108,35.5462,35.5775,35.6046,35.6275,35.6463,35.6609,35.6713,35.6775,35.6796,35.6774,35.6711,35.6605,35.6457,35.6266,35.6033,35.5758,35.544,35.5079,35.4675,35.4227,35.3737,35.3203,35.2625,35.2003,35.1338,35.0628,34.9874,34.9075,34.8231,34.7342,34.6408,34.5429,34.4404,34.3333,34.2215,34.1052,33.9841,33.8584,33.728,33.5929,33.453,33.3083,33.1588,33.0045,32.8454,32.6815,32.5126,32.3389,32.1602,31.9767,31.7882,31.5948,31.3965,31.1932,30.985,30.7718,30.5537,30.3307,30.1028,29.8701,29.6325,29.3901,29.143,28.8912,28.6347,28.3738,28.1083,27.8385,27.5645,27.2864,27.0044,26.7185,26.4291,26.1363,25.8404,25.5416,25.2403,24.9367,24.6312,24.3243,24.0163,23.7078,23.3993,23.0913,22.7845,22.4797,22.1774,21.8787,21.5842,21.2949,21.0119,20.7362,20.4688,20.211,19.964,19.7289,19.5071,19.2998,19.1084,18.934,18.778,18.6414,18.5253,18.4307,18.3585,18.3093,18.2836,18.2819,18.3043,18.3508,18.4212,18.5152,18.6321,18.7713,18.932,19.1133,19.3142,19.5335,19.7702,20.023,20.2909,20.5726,20.867,21.1731,21.4897,21.8158,22.1504,22.4927,22.8417,23.1966,23.5568,23.9215,24.29,24.6618,25.0363,25.413,25.7915,26.1714,26.5522,26.9336,27.3153,27.6971,28.0786,28.4597,28.8402,29.2198,29.5984,29.9758,30.352,30.7267,31.1,31.4717,31.8417,32.21,32.5765,32.9412,33.304,33.6649,34.0238,34.3808,34.7358,35.0888,35.4398,35.7888,36.1358,36.4808,36.8238,37.1648,37.5039,37.8409,38.176,38.5092,38.8405,39.1699,39.4973,39.823,40.1468,40.4687,40.7889,41.1073,41.424,41.7389,42.0522
31.2695,30.919,30.5678,30.2161,29.8639,29.5115,29.1589,28.8063,28.454,28.1022,27.751,27.4007,27.0517,26.7042,26.3586,26.0152,25.6744,25.3366,25.0023,24.6721,24.3463,24.0257,23.7107,23.4022,23.1006,22.8068,22.5216,22.2456,21.9798,21.7249,21.4818,21.2514,21.0345,20.832,20.6448,20.4735,20.3191,20.1822,20.0634,19.9632,19.8822,19.8207,19.7789,19.7568,19.7546,19.7721,19.809,19.8648,19.9393,20.0317,20.1413,20.2675,20.4093,20.5659,20.7363,20.9197,21.115,21.3213,21.5376,21.763,21.9965,22.2373,22.4845,22.7373,22.9949,23.2565,23.5214,23.7891,24.0588,24.33,24.6022,24.8749,25.1475,25.4198,25.6913,25.9616,26.2304,26.4975,26.7625,27.0252,27.2854,27.5428,27.7974,28.0488,28.297,28.5419,28.7833,29.021,29.2551,29.4854,29.7118,29.9343,30.1529,30.3674,30.5778,30.7841,30.9862,31.1842,31.378,31.5675,31.7528,31.9339,32.1107,32.2832,32.4515,32.6155,32.7752,32.9306,33.0818,33.2287,33.3713,33.5097,33.6438,33.7737,33.8993,34.0207,34.1379,34.2509,34.3596,34.4641,34.5645,34.6606,34.7525,34.8403,34.9239,35.0033,35.0786,35.1497,35.2166,35.2794,35.338,35.3925,35.4428,35.4889,35.5309,35.5688,35.6025,35.6321,35.6574,35.6787,35.6957,35.7086,35.7173,35.7218,35.722,35.7181,35.71,35.6976,35.6811,35.6602,35.6351,35.6057,35.572,35.534,35.4917,35.445,35.394,35.3386,35.2788,35.2146,35.1459,35.0728,34.9952,34.9131,34.8265,34.7353,34.6395,34.5392,34.4342,34.3246,34.2103,34.0913,33.9676,33.8392,33.7059,33.5679,33.425,33.2773,33.1247,32.9672,32.8048,32.6374,32.465,32.2877,32.1053,31.9179,31.7255,31.528,31.3255,31.1178,30.9051,30.6873,30.4644,30.2365,30.0035,29.7654,29.5224,29.2743,29.0213,28.7634,28.5006,28.2331,27.9609,27.6841,27.4028,27.1171,26.8272,26.5332,26.2354,25.9338,25.6288,25.3206,25.0095,24.6959,24.3799,24.0622,23.7431,23.423,23.1026,22.7824,22.463,22.1452,21.8298,21.5174,21.2092,20.9059,20.6088,20.3188,20.0371,19.7651,19.5039,19.2549,19.0196,18.7993,18.5954,18.4093,18.2425,18.096,17.9713,17.8693,17.7911,17.7373,17.7086,17.7055,17.728,17.7762,17.8498,17.9485,18.0715,18.2182,18.3875,18.5784,18.7898,19.0204,19.269,19.5343,19.815,20.1098,20.4176,20.737,21.067,21.4064,21.7542,22.1095,22.4713,22.8389,23.2113,23.588,23.9682,24.3513,24.7369,25.1243,25.5131,25.903,26.2934,26.6842,27.075,27.4655,27.8555,28.2447,28.633,29.0202,29.4061,29.7907,30.1736,30.555,30.9346,31.3125,31.6884,32.0625,32.4345,32.8045,33.1725,33.5384,33.9022,34.2638,34.6234,34.9808,35.336,35.6892,36.0402,36.389,36.7358,37.0805,37.423,37.7635,38.102,38.4384,38.7728,39.1053,39.4357,39.7642,40.0908,40.4155,40.7384,41.0594,41.3786,41.696,42.0117
31.5048,31.1594,30.8135,30.4672,30.1208,29.7742,29.4278,29.0816,28.7359,28.3909,28.0468,27.7039,27.3624,27.0228,26.6852,26.3501,26.0178,25.6888,25.3635,25.0424,24.7261,24.415,24.1098,23.811,23.5194,23.2355,22.9602,22.6941,22.4381,22.1928,21.9591,21.7378,21.5296,21.3354,21.1558,20.9917,20.8437,20.7124,20.5984,20.5021,20.4241,20.3645,20.3235,20.3014,20.298,20.3132,20.3467,20.3984,20.4676,20.5539,20.6566,20.7751,20.9086,21.0563,21.2173,21.3908,21.5759,21.7718,21.9774,22.192,22.4147,22.6446,22.881,23.123,23.3699,23.621,23.8756,24.1331,24.3929,24.6545,24.9172,25.1807,25.4445,25.7081,25.9712,26.2333,26.4943,26.7538,27.0114,27.267,27.5203,27.7712,28.0193,28.2646,28.5069,28.746,28.9819,29.2143,29.4433,29.6686,29.8903,30.1082,30.3222,30.5324,30.7387,30.941,31.1393,31.3335,31.5236,31.7097,31.8916,32.0694,32.243,32.4124,32.5777,32.7388,32.8956,33.0483,33.1968,33.3411,33.4812,33.6171,33.7488,33.8764,33.9997,34.1188,34.2338,34.3446,34.4512,34.5537,34.652,34.7461,34.8361,34.9219,35.0036,35.0811,35.1545,35.2237,35.2888,35.3498,35.4066,35.4593,35.5079,35.5523,35.5925,35.6286,35.6606,35.6884,35.7121,35.7316,35.7469,35.758,35.765,35.7677,35.7663,35.7606,35.7507,35.7366,35.7182,35.6955,35.6686,35.6374,35.6018,35.5619,35.5177,35.4691,35.4161,35.3588,35.2969,35.2307,35.1599,35.0847,35.005,34.9207,34.8318,34.7384,34.6403,34.5376,34.4302,34.3181,34.2013,34.0797,33.9534,33.8222,33.6862,33.5453,33.3995,33.2487,33.093,32.9324,32.7667,32.5959,32.4201,32.2392,32.0532,31.862,31.6657,31.4642,31.2575,31.0455,30.8284,30.606,30.3784,30.1456,29.9075,29.6642,29.4157,29.162,28.9031,28.6392,28.3702,28.0961,27.8172,27.5333,27.2448,26.9515,26.6538,26.3517,26.0453,25.735,25.4209,25.1033,24.7823,24.4584,24.132,23.8032,23.4728,23.141,22.8084,22.4756,22.1433,21.8122,21.4831,21.1568,20.8342,20.5163,20.2044,19.8994,19.6027,19.3156,19.0394,18.7757,18.526,18.2917,18.0744,17.8757,17.6972,17.5401,17.406,17.296,17.2112,17.1525,17.1205,17.1158,17.1386,17.1888,17.266,17.3699,17.4997,17.6545,17.8333,18.0347,18.2575,18.5004,18.7619,19.0406,19.335,19.6439,19.9657,20.2993,20.6434,20.9968,21.3585,21.7274,22.1025,22.4831,22.8682,23.2572,23.6494,24.0441,24.4409,24.8392,25.2386,25.6386,26.0389,26.4391,26.839,27.2383,27.6368,28.0342,28.4304,28.8252,29.2184,29.61,29.9997,30.3877,30.7736,31.1576,31.5394,31.9191,32.2967,32.672,33.0451,33.4159,33.7845,34.1508,34.5148,34.8765,35.236,35.5932,35.9481,36.3008,36.6513,36.9995,37.3456,37.6894,38.0312,38.3708,38.7083,39.0437,39.3771,39.7084,40.0378,40.3652,40.6907,41.0142,41.3359,41.6557,41.9737
31.7442,31.4039,31.0633,30.7225,30.3817,30.0411,29.7007,29.3608,29.0217,28.6834,28.3463,28.0106,27.6765,27.3445,27.0148,26.6878,26.3638,26.0433,25.7267,25.4146,25.1072,24.8053,24.5094,24.22,23.9378,23.6634,23.3975,23.1408,22.894,22.6577,22.4328,22.22,22.0199,21.8333,21.661,21.5034,21.3613,21.2351,21.1255,21.0328,20.9574,20.8995,20.8593,20.837,20.8324,20.8455,20.876,20.9236,20.9879,21.0685,21.1648,21.2761,21.4018,21.5411,21.6933,21.8576,22.0331,22.219,22.4146,22.6189,22.8313,23.0508,23.2768,23.5085,23.7451,23.9861,24.2307,24.4785,24.7286,24.9808,25.2343,25.4888,25.7439,25.999,26.2538,26.508,26.7612,27.0131,27.2635,27.5121,27.7586,28.0029,28.2446,28.4838,28.7202,28.9536,29.1839,29.411,29.6348,29.8551,30.072,30.2852,30.4948,30.7007,30.9028,31.101,31.2954,31.4858,31.6723,31.8548,32.0333,32.2077,32.3781,32.5444,32.7066,32.8647,33.0187,33.1686,33.3144,33.4561,33.5936,33.727,33.8562,33.9814,34.1024,34.2192,34.3319,34.4405,34.545,34.6454,34.7416,34.8337,34.9216,35.0055,35.0852,35.1609,35.2323,35.2997,35.363,35.4221,35.4771,35.528,35.5748,35.6174,35.6559,35.6903,35.7205,35.7466,35.7685,35.7863,35.7999,35.8093,35.8145,35.8155,35.8123,35.8049,35.7932,35.7773,35.7571,35.7327,35.7039,35.6709,35.6335,35.5917,35.5456,35.4951,35.4402,35.3808,35.317,35.2487,35.1759,35.0986,35.0168,34.9303,34.8392,34.7435,34.6432,34.5381,34.4284,34.3138,34.1945,34.0704,33.9414,33.8075,33.6688,33.5251,33.3764,33.2227,33.064,32.9002,32.7312,32.5572,32.378,32.1936,32.0039,31.809,31.6089,31.4034,31.1926,30.9765,30.755,30.5281,30.2958,30.0581,29.815,29.5665,29.3126,29.0534,28.7888,28.5188,28.2436,27.9631,27.6774,27.3867,27.0908,26.7901,26.4845,26.1743,25.8595,25.5404,25.2171,24.89,24.5592,24.225,23.8878,23.548,23.206,22.8623,22.5173,22.1718,21.8262,21.4814,21.1382,20.7974,20.46,20.1269,19.7995,19.4788,19.1663,18.8633,18.5712,18.2918,18.0266,17.7774,17.5457,17.3334,17.1422,16.9736,16.8292,16.7105,16.6185,16.5545,16.519,16.5127,16.5358,16.5882,16.6696,16.7793,16.9166,17.0804,17.2695,17.4824,17.7177,17.9739,18.2493,18.5424,18.8516,19.1754,19.5123,19.8609,20.2198,20.5879,20.964,21.3471,21.736,22.13,22.5282,22.9299,23.3344,23.741,24.1492,24.5586,24.9686,25.3789,25.7891,26.1989,26.6079,27.0161,27.423,27.8286,28.2327,28.635,29.0355,29.4341,29.8307,30.2251,30.6173,31.0073,31.395,31.7803,32.1633,32.5438,32.922,33.2977,33.671,34.0418,34.4103,34.7763,35.1398,35.501,35.8598,36.2163,36.5703,36.9221,37.2716,37.6188,37.9637,38.3064,38.647,38.9853,39.3216,39.6557,39.9878,40.3178,40.6458,40.9719,41.296,41.6181,41.9384
31.9875,31.6522,31.3169,30.9816,30.6464,30.3116,29.9773,29.6437,29.3109,28.9793,28.649,28.3204,27.9936,27.6691,27.3471,27.0279,26.712,26.3998,26.0916,25.788,25.4894,25.1963,24.9093,24.6288,24.3556,24.0902,23.8333,23.5854,23.3472,23.1195,22.9028,22.6979,22.5054,22.3259,22.1601,22.0086,21.8719,21.7505,21.6449,21.5554,21.4824,21.4261,21.3866,21.364,21.3582,21.3693,21.3969,21.4408,21.5005,21.5758,21.666,21.7706,21.889,22.0205,22.1643,22.3199,22.4863,22.6629,22.8489,23.0435,23.246,23.4556,23.6716,23.8934,24.1202,24.3515,24.5865,24.8247,25.0655,25.3085,25.5531,25.7989,26.0453,26.2921,26.5389,26.7852,27.0308,27.2753,27.5185,27.7601,27.9998,28.2376,28.473,28.7061,28.9365,29.1642,29.389,29.6108,29.8294,30.0448,30.2568,30.4654,30.6705,30.872,31.0699,31.264,31.4544,31.641,31.8238,32.0027,32.1777,32.3488,32.5159,32.679,32.8382,32.9933,33.1444,33.2915,33.4345,33.5735,33.7084,33.8392,33.966,34.0887,34.2073,34.3219,34.4323,34.5387,34.641,34.7392,34.8333,34.9233,35.0093,35.0912,35.1689,35.2426,35.3122,35.3777,35.4391,35.4964,35.5496,35.5986,35.6436,35.6845,35.7212,35.7538,35.7823,35.8066,35.8268,35.8428,35.8547,35.8623,35.8658,35.8651,35.8601,35.8509,35.8375,35.8198,35.7979,35.7716,35.7411,35.7062,35.667,35.6234,35.5754,35.523,35.4661,35.4048,35.339,35.2688,35.1939,35.1146,35.0306,34.942,34.8488,34.7508,34.6482,34.5409,34.4287,34.3118,34.19,34.0634,33.9318,33.7954,33.6539,33.5074,33.3559,33.1993,33.0376,32.8707,32.6986,32.5213,32.3388,32.1509,31.9577,31.7592,31.5553,31.3459,31.1311,30.9108,30.685,30.4536,30.2168,29.9743,29.7263,29.4727,29.2135,28.9488,28.6785,28.4026,28.1213,27.8344,27.5421,27.2444,26.9414,26.6332,26.3199,26.0015,25.6783,25.3504,25.0181,24.6814,24.3406,23.9962,23.6482,23.2973,22.9436,22.5878,22.2302,21.8716,21.5125,21.1537,20.796,20.4402,20.0874,19.7386,19.395,19.058,18.7287,18.4089,18.1001,17.8039,17.5222,17.2569,17.0097,16.7827,16.5777,16.3965,16.241,16.1127,16.013,15.9431,15.9038,15.8958,15.9193,15.9742,16.0602,16.1765,16.3222,16.496,16.6964,16.922,17.1709,17.4415,17.732,18.0406,18.3656,18.7053,19.0581,19.4225,19.7971,20.1806,20.5717,20.9695,21.3727,21.7806,22.1922,22.6069,23.0239,23.4426,23.8625,24.2831,24.7039,25.1245,25.5447,25.964,26.3823,26.7993,27.2147,27.6285,28.0403,28.4502,28.858,29.2635,29.6668,30.0676,30.4661,30.862,31.2555,31.6463,32.0346,32.4204,32.8035,33.184,33.5619,33.9373,34.31,34.6802,35.0478,35.4129,35.7755,36.1356,36.4932,36.8484,37.2012,37.5517,37.8998,38.2455,38.589,38.9303,39.2693,39.6061,39.9409,40.2734,40.604,40.9324,41.2589,41.5834,41.9059
32.2344,31.9043,31.5741,31.2442,30.9147,30.5856,30.2572,29.9298,29.6034,29.2783,28.9548,28.633,28.3134,27.9962,27.6816,27.3701,27.0621,26.7578,26.4578,26.1624,25.8722,25.5875,25.309,25.0372,24.7725,24.5156,24.2671,24.0276,23.7976,23.5778,23.3689,23.1714,22.9859,22.8131,22.6534,22.5075,22.3758,22.2588,22.1568,22.0703,21.9994,21.9444,21.9055,21.8826,21.8758,21.8849,21.9097,21.9501,22.0056,22.0758,22.1604,22.2587,22.3702,22.4943,22.6303,22.7776,22.9354,23.1032,23.2801,23.4654,23.6585,23.8587,24.0653,24.2775,24.4949,24.7167,24.9424,25.1715,25.4033,25.6374,25.8733,26.1105,26.3486,26.5873,26.8261,27.0647,27.3027,27.5399,27.776,28.0107,28.2438,28.4751,28.7043,28.9313,29.1558,29.3778,29.5971,29.8135,30.027,30.2374,30.4446,30.6485,30.8491,31.0462,31.2398,31.4299,31.6163,31.7991,31.9781,32.1534,32.3249,32.4926,32.6564,32.8163,32.9723,33.1244,33.2726,33.4168,33.557,33.6933,33.8255,33.9538,34.0781,34.1983,34.3145,34.4267,34.5349,34.639,34.7391,34.8351,34.9271,35.0151,35.099,35.1788,35.2546,35.3263,35.394,35.4576,35.5171,35.5725,35.6239,35.6711,35.7143,35.7534,35.7883,35.8191,35.8459,35.8684,35.8869,35.9011,35.9112,35.9172,35.9189,35.9164,35.9097,35.8988,35.8836,35.8642,35.8405,35.8124,35.7801,35.7434,35.7023,35.6569,35.607,35.5528,35.494,35.4308,35.3631,35.2908,35.214,35.1325,35.0465,34.9558,34.8604,34.7603,34.6555,34.5459,34.4314,34.3121,34.1879,34.0588,33.9248,33.7857,33.6416,33.4924,33.3381,33.1786,33.014,32.8441,32.6689,32.4884,32.3026,32.1114,31.9147,31.7126,31.505,31.2918,31.073,30.8486,30.6186,30.3829,30.1415,29.8944,29.6416,29.383,29.1186,28.8485,28.5726,28.2909,28.0034,27.7103,27.4114,27.1069,26.7969,26.4813,26.1602,25.8339,25.5023,25.1657,24.8242,24.478,24.1274,23.7726,23.4138,23.0516,22.6862,22.3181,21.9479,21.576,21.2031,20.83,20.4574,20.0862,19.7175,19.3524,18.992,18.6377,18.291,17.9535,17.6268,17.3128,17.0135,16.7308,16.4669,16.2239,16.004,15.8091,15.6413,15.5025,15.3943,15.3179,15.2745,15.2646,15.2887,15.3466,15.4378,15.5615,15.7164,15.9013,16.1143,16.3537,16.6176,16.9039,17.2107,17.5359,17.8778,18.2345,18.6041,18.9852,19.3763,19.7758,20.1826,20.5956,21.0136,21.4358,21.8612,22.2891,22.7189,23.1499,23.5816,24.0135,24.4451,24.8762,25.3063,25.7353,26.1627,26.5885,27.0124,27.4342,27.8539,28.2712,28.6862,29.0986,29.5085,29.9157,30.3203,30.7221,31.1212,31.5175,31.9111,32.3018,32.6898,33.0751,33.4575,33.8372,34.2142,34.5885,34.9601,35.329,35.6953,36.059,36.4201,36.7787,37.1347,37.4883,37.8395,38.1882,38.5346,38.8786,39.2204,39.5599,39.8972,40.2323,40.5652,40.8961,41.2248,41.5516,41.8763
32.4848,32.1597,31.8347,31.5102,31.1861,30.8628,30.5403,30.2189,29.8987,29.5801,29.2631,28.9482,28.6355,28.3254,28.0181,27.7141,27.4136,27.1171,26.8249,26.5374,26.2552,25.9787,25.7083,25.4446,25.1881,24.9393,24.6988,24.4672,24.2449,24.0327,23.831,23.6404,23.4615,23.2948,23.1409,23.0001,22.873,22.76,22.6614,22.5776,22.5087,22.4549,22.4164,22.3932,22.3853,22.3925,22.4148,22.4518,22.5033,22.5688,22.648,22.7404,22.8454,22.9625,23.0912,23.2307,23.3804,23.5398,23.7081,23.8846,24.0688,24.2599,24.4574,24.6605,24.8688,25.0816,25.2984,25.5185,25.7416,25.9671,26.1945,26.4234,26.6534,26.8841,27.1151,27.3461,27.5768,27.8068,28.0359,28.2638,28.4903,28.7152,28.9382,29.1591,29.3778,29.5942,29.808,30.0191,30.2274,30.4328,30.6352,30.8344,31.0304,31.2232,31.4125,31.5985,31.7809,31.9598,32.1351,32.3067,32.4747,32.6389,32.7994,32.9561,33.109,33.258,33.4032,33.5445,33.6819,33.8154,33.945,34.0707,34.1924,34.3101,34.4239,34.5337,34.6396,34.7414,34.8393,34.9331,35.023,35.1088,35.1906,35.2685,35.3422,35.412,35.4777,35.5394,35.597,35.6505,35.7,35.7455,35.7868,35.8241,35.8572,35.8863,35.9113,35.9321,35.9487,35.9613,35.9696,35.9738,35.9738,35.9696,35.9612,35.9485,35.9316,35.9104,35.8849,35.8551,35.821,35.7825,35.7396,35.6923,35.6407,35.5845,35.5239,35.4588,35.3891,35.3149,35.2361,35.1526,35.0645,34.9718,34.8743,34.772,34.665,34.5532,34.4364,34.3148,34.1883,34.0567,33.9202,33.7786,33.6319,33.4801,33.323,33.1608,32.9933,32.8204,32.6422,32.4586,32.2696,32.0751,31.875,31.6694,31.4581,31.2412,31.0186,30.7902,30.5561,30.3162,30.0704,29.8187,29.5611,29.2976,29.0281,28.7527,28.4713,28.1839,27.8905,27.5912,27.2859,26.9747,26.6576,26.3347,26.0061,25.6718,25.3319,24.9867,24.6361,24.2805,23.92,23.5548,23.1853,22.8118,22.4346,22.0542,21.6711,21.2858,20.8989,20.5111,20.1234,19.7364,19.3514,18.9693,18.5915,18.2193,17.8542,17.498,17.1525,16.8195,16.5013,16.2001,15.9181,15.6577,15.4214,15.2115,15.0303,14.8799,14.7622,14.6787,14.6307,14.6189,14.6438,14.705,14.8021,14.934,15.0994,15.2965,15.5235,15.7782,16.0584,16.3618,16.6862,17.0294,17.3894,17.7641,18.1516,18.5503,18.9585,19.3748,19.7979,20.2266,20.6598,21.0966,21.5361,21.9775,22.4202,22.8637,23.3072,23.7505,24.1931,24.6346,25.0747,25.5132,25.9498,26.3843,26.8166,27.2465,27.6738,28.0986,28.5206,28.9398,29.3562,29.7696,30.1802,30.5878,30.9925,31.3941,31.7928,32.1886,32.5813,32.9711,33.358,33.742,34.1232,34.5014,34.8769,35.2495,35.6194,35.9866,36.3511,36.7129,37.0722,37.4288,37.783,38.1346,38.4838,38.8306,39.175,39.517,39.8568,40.1943,40.5297,40.8628,41.1938,41.5227,41.8496
32.7384,32.4182,32.0984,31.7792,31.4606,31.1429,30.8262,30.5107,30.1967,29.8843,29.5739,29.2655,28.9596,28.6564,28.3563,28.0594,27.7663,27.4772,27.1926,26.9128,26.6383,26.3696,26.107,25.8511,25.6023,25.3612,25.1283,24.9041,24.6891,24.4839,24.289,24.1049,23.9321,23.7712,23.6225,23.4866,23.3637,23.2544,23.1589,23.0775,23.0104,22.9577,22.9196,22.896,22.887,22.8925,22.9123,22.9461,22.9938,23.0549,23.129,23.2158,23.3148,23.4253,23.547,23.6791,23.8212,23.9726,24.1327,24.3008,24.4765,24.659,24.8478,25.0422,25.2418,25.4459,25.654,25.8656,26.0801,26.2973,26.5164,26.7373,26.9593,27.1823,27.4057,27.6293,27.8527,28.0757,28.2979,28.5191,28.7391,28.9576,29.1744,29.3894,29.6023,29.813,30.0214,30.2272,30.4304,30.6308,30.8283,31.0229,31.2144,31.4027,31.5878,31.7696,31.9481,32.1231,32.2946,32.4626,32.627,32.7877,32.9449,33.0983,33.248,33.394,33.5362,33.6745,33.8091,33.9399,34.0667,34.1898,34.3089,34.4241,34.5355,34.6429,34.7464,34.8459,34.9415,35.0332,35.1209,35.2046,35.2843,35.3601,35.4318,35.4996,35.5633,35.6231,35.6788,35.7305,35.7781,35.8217,35.8612,35.8967,35.928,35.9553,35.9785,35.9975,36.0125,36.0232,36.0299,36.0323,36.0306,36.0246,36.0145,36.0001,35.9814,35.9585,35.9312,35.8997,35.8638,35.8235,35.7788,35.7297,35.6762,35.6182,35.5558,35.4888,35.4172,35.341,35.2603,35.1749,35.0848,34.99,34.8904,34.7861,34.6769,34.5628,34.4439,34.32,34.1911,34.0572,33.9183,33.7742,33.6249,33.4705,33.3108,33.1458,32.9755,32.7998,32.6187,32.432,32.2399,32.0421,31.8387,31.6297,31.4149,31.1944,30.968,30.7357,30.4976,30.2535,30.0034,29.7472,29.485,29.2167,28.9423,28.6617,28.3749,28.0819,27.7827,27.4773,27.1657,26.8479,26.524,26.1939,25.8578,25.5157,25.1677,24.8139,24.4544,24.0894,23.7191,23.3437,22.9635,22.5787,22.1897,21.7969,21.4008,21.002,20.6009,20.1983,19.7951,19.392,18.9902,18.5906,18.1947,17.8039,17.4197,17.0438,16.6783,16.3252,15.9868,15.6655,15.3639,15.0846,14.8304,14.604,14.408,14.2447,14.1165,14.0252,13.9722,13.9583,13.984,14.0491,14.1529,14.2942,14.4713,14.6822,14.9246,15.1961,15.4942,15.8162,16.1597,16.5223,16.9015,17.2954,17.7018,18.1189,18.5451,18.9788,19.4187,19.8636,20.3124,20.7641,21.2179,21.6731,22.1289,22.5848,23.0404,23.495,23.9485,24.4004,24.8505,25.2985,25.7441,26.1873,26.6279,27.0657,27.5006,27.9326,28.3616,28.7875,29.2102,29.6298,30.0463,30.4595,30.8696,31.2765,31.6802,32.0808,32.4782,32.8725,33.2637,33.6519,34.037,34.4192,34.7984,35.1746,35.548,35.9186,36.2864,36.6514,37.0137,37.3734,37.7304,38.0848,38.4368,38.7862,39.1331,39.4777,39.8199,40.1598,40.4974,40.8328,41.166,41.497,41.8259
32.995,32.6798,32.365,32.051,31.7378,31.4257,31.1147,30.8051,30.497,30.1908,29.8867,29.5848,29.2855,28.989,28.6957,28.4059,28.1199,27.838,27.5606,27.2882,27.0211,26.7598,26.5047,26.2562,26.0148,25.781,25.5552,25.3381,25.13,24.9314,24.7429,24.5648,24.3978,24.2422,24.0985,23.967,23.8481,23.7422,23.6495,23.5703,23.5047,23.453,23.4152,23.3913,23.3813,23.385,23.4025,23.4333,23.4773,23.5342,23.6037,23.6852,23.7783,23.8827,23.9977,24.1229,24.2577,24.4015,24.5538,24.714,24.8816,25.0558,25.2363,25.4224,25.6135,25.8092,26.009,26.2123,26.4187,26.6277,26.8389,27.0519,27.2662,27.4816,27.6976,27.9139,28.1302,28.3462,28.5617,28.7763,28.9899,29.2021,29.4129,29.622,29.8291,30.0343,30.2372,30.4377,30.6358,30.8313,31.024,31.2139,31.4009,31.5848,31.7656,31.9433,32.1177,32.2888,32.4565,32.6208,32.7817,32.939,33.0927,33.2429,33.3894,33.5322,33.6714,33.8069,33.9386,34.0665,34.1907,34.311,34.4276,34.5403,34.6491,34.7541,34.8552,34.9525,35.0458,35.1352,35.2207,35.3023,35.3799,35.4536,35.5234,35.5891,35.6509,35.7087,35.7625,35.8122,35.858,35.8997,35.9374,35.9711,36.0006,36.0261,36.0475,36.0648,36.078,36.087,36.0919,36.0926,36.0892,36.0815,36.0696,36.0535,36.0331,36.0084,35.9794,35.9461,35.9085,35.8664,35.82,35.7691,35.7138,35.654,35.5897,35.5208,35.4474,35.3693,35.2867,35.1993,35.1072,35.0104,34.9088,34.8024,34.6911,34.5749,34.4538,34.3277,34.1966,34.0603,33.919,33.7725,33.6208,33.4638,33.3015,33.1339,32.9608,32.7823,32.5983,32.4087,32.2135,32.0126,31.806,31.5937,31.3755,31.1514,30.9213,30.6853,30.4433,30.1951,29.9408,29.6803,29.4136,29.1407,28.8614,28.5757,28.2837,27.9853,27.6804,27.3691,27.0513,26.7271,26.3965,26.0594,25.716,25.3662,25.0101,24.6479,24.2796,23.9054,23.5254,23.1399,22.749,22.353,21.9523,21.5472,21.1381,20.7256,20.3103,19.8927,19.4738,19.0543,18.6352,18.2178,17.8032,17.393,16.9887,16.5923,16.2057,15.8311,15.4711,15.1283,14.8055,14.5057,14.2319,13.9872,13.7747,13.5972,13.4573,13.3571,13.2984,13.2823,13.3092,13.3788,13.4902,13.6421,13.8324,14.0587,14.3183,14.6084,14.9261,15.2684,15.6326,16.0159,16.4157,16.8299,17.2561,17.6926,18.1375,18.5892,19.0465,19.508,19.9727,20.4396,20.9079,21.3769,21.8459,22.3144,22.7819,23.2479,23.7123,24.1745,24.6344,25.0918,25.5464,25.9981,26.4468,26.8924,27.3348,27.7739,28.2097,28.6421,29.0711,29.4966,29.9188,30.3376,30.7529,31.1649,31.5735,31.9787,32.3807,32.7793,33.1748,33.567,33.956,34.3419,34.7247,35.1045,35.4813,35.8552,36.2261,36.5942,36.9595,37.3221,37.6819,38.0391,38.3936,38.7456,39.095,39.442,39.7866,40.1287,40.4686,40.8061,41.1414,41.4745,41.8054
33.2544,32.944,32.6343,32.3255,32.0176,31.7109,31.4055,31.1016,30.7995,30.4993,30.2013,29.9057,29.6129,29.3229,29.0363,28.7532,28.4741,28.1991,27.9288,27.6635,27.4035,27.1492,26.9012,26.6598,26.4254,26.1985,25.9796,25.7691,25.5674,25.3751,25.1926,25.0203,24.8586,24.708,24.5688,24.4414,24.3262,24.2234,24.1333,24.0561,23.9921,23.9412,23.9036,23.8793,23.8682,23.8703,23.8855,23.9135,23.9541,24.0071,24.072,24.1485,24.2362,24.3347,24.4435,24.562,24.6899,24.8266,24.9715,25.1241,25.2838,25.4502,25.6227,25.8008,25.9839,26.1715,26.3633,26.5586,26.7571,26.9582,27.1617,27.367,27.5738,27.7818,27.9905,28.1997,28.4091,28.6183,28.8271,29.0353,29.2425,29.4486,29.6534,29.8566,30.0581,30.2577,30.4552,30.6505,30.8435,31.0341,31.222,31.4072,31.5897,31.7692,31.9458,32.1193,32.2897,32.4569,32.6208,32.7815,32.9387,33.0925,33.2429,33.3897,33.533,33.6728,33.8089,33.9414,34.0702,34.1953,34.3167,34.4344,34.5484,34.6585,34.7649,34.8674,34.9662,35.061,35.1521,35.2393,35.3226,35.402,35.4775,35.5491,35.6168,35.6805,35.7403,35.7961,35.848,35.8959,35.9398,35.9796,36.0155,36.0473,36.0751,36.0988,36.1184,36.1339,36.1453,36.1526,36.1558,36.1548,36.1496,36.1402,36.1266,36.1087,36.0866,36.0602,36.0295,35.9945,35.9551,35.9113,35.8631,35.8105,35.7534,35.6918,35.6257,35.555,35.4797,35.3998,35.3152,35.226,35.1319,35.0332,34.9296,34.8211,34.7078,34.5895,34.4663,34.338,34.2046,34.0661,33.9225,33.7736,33.6195,33.4601,33.2953,33.125,32.9493,32.7681,32.5813,32.3888,32.1907,31.9868,31.777,31.5614,31.3399,31.1124,30.8788,30.6391,30.3933,30.1412,29.8829,29.6182,29.3471,29.0696,28.7856,28.4951,28.198,27.8943,27.5839,27.2668,26.9431,26.6126,26.2754,25.9315,25.5809,25.2237,24.8598,24.4893,24.1124,23.7292,23.3397,22.9441,22.5427,22.1356,21.7232,21.3059,20.8839,20.4578,20.0281,19.5955,19.1607,18.7245,18.288,17.8522,17.4184,16.9882,16.5631,16.1451,15.7363,15.3391,14.956,14.59,14.2442,13.9219,13.6265,13.3617,13.1308,12.9373,12.7842,12.6742,12.6092,12.5906,12.6188,12.6936,12.8139,12.9779,13.1831,13.4267,13.7055,14.0162,14.3555,14.7199,15.1064,15.5119,15.9337,16.3693,16.8164,17.273,17.7373,18.2076,18.6827,19.1611,19.642,20.1243,20.6072,21.0901,21.5723,22.0533,22.5327,23.0101,23.4851,23.9576,24.4272,24.8938,25.3572,25.8173,26.274,26.7272,27.1768,27.6229,28.0653,28.504,28.9391,29.3705,29.7982,30.2223,30.6428,31.0596,31.473,31.8828,32.2891,32.6919,33.0914,33.4875,33.8803,34.2699,34.6562,35.0394,35.4195,35.7965,36.1705,36.5416,36.9097,37.2751,37.6376,37.9974,38.3545,38.7089,39.0608,39.4101,39.7569,40.1013,40.4432,40.7828,41.1202,41.4552,41.788
33.5164,33.2108,32.9061,32.6023,32.2996,31.9983,31.6984,31.4002,31.1038,30.8095,30.5175,30.2281,29.9414,29.6579,29.3777,29.1012,28.8286,28.5604,28.2968,28.0383,27.7851,27.5377,27.2964,27.0617,26.834,26.6137,26.4012,26.197,26.0015,25.815,25.6381,25.4711,25.3144,25.1685,25.0336,24.91,24.7982,24.6983,24.6106,24.5353,24.4725,24.4223,24.3849,24.3602,24.3481,24.3487,24.3617,24.387,24.4243,24.4735,24.5341,24.6059,24.6885,24.7814,24.8842,24.9966,25.1179,25.2477,25.3855,25.5309,25.6832,25.8421,26.0069,26.1773,26.3527,26.5326,26.7166,26.9042,27.095,27.2886,27.4845,27.6824,27.8819,28.0827,28.2843,28.4866,28.6891,28.8917,29.094,29.2957,29.4968,29.6968,29.8956,30.0931,30.2889,30.4831,30.6753,30.8654,31.0534,31.239,31.4222,31.6028,31.7807,31.9559,32.1282,32.2976,32.464,32.6272,32.7874,32.9443,33.0979,33.2483,33.3952,33.5388,33.6789,33.8155,33.9485,34.078,34.204,34.3263,34.4449,34.5599,34.6712,34.7788,34.8826,34.9827,35.0791,35.1716,35.2603,35.3453,35.4264,35.5036,35.577,35.6465,35.7121,35.7738,35.8316,35.8855,35.9354,35.9814,36.0234,36.0614,36.0954,36.1254,36.1513,36.1732,36.1911,36.2049,36.2145,36.2201,36.2215,36.2188,36.2119,36.2008,36.1854,36.1659,36.1421,36.114,36.0815,36.0448,36.0037,35.9582,35.9082,35.8539,35.795,35.7317,35.6637,35.5913,35.5142,35.4324,35.346,35.2549,35.159,35.0583,34.9527,34.8423,34.727,34.6066,34.4813,34.3509,34.2154,34.0747,33.9288,33.7777,33.6212,33.4594,33.2921,33.1194,32.9411,32.7572,32.5677,32.3725,32.1715,31.9646,31.7518,31.5331,31.3084,31.0775,30.8406,30.5973,30.3478,30.092,29.8297,29.561,29.2857,29.0038,28.7153,28.42,28.118,27.8092,27.4935,27.1709,26.8413,26.5048,26.1613,25.8108,25.4532,25.0887,24.7172,24.3387,23.9534,23.5613,23.1625,22.7571,22.3453,21.9274,21.5036,21.0741,20.6393,20.1997,19.7557,19.308,18.8573,18.4043,17.95,17.4956,17.0422,16.5913,16.1447,15.7042,15.2721,14.8508,14.4432,14.0523,13.6816,13.3347,13.0156,12.7283,12.477,12.2655,12.0975,11.9762,11.9041,11.8827,11.9126,11.9935,12.124,12.3018,12.524,12.7871,13.0874,13.421,13.7839,14.1724,14.583,15.0123,15.4574,15.9156,16.3845,16.862,17.3463,17.8357,18.3289,18.8246,19.3218,19.8195,20.3171,20.8139,21.3092,21.8026,22.2938,22.7823,23.268,23.7504,24.2296,24.7052,25.1772,25.6455,26.11,26.5706,27.0272,27.48,27.9288,28.3737,28.8146,29.2516,29.6848,30.114,30.5394,30.961,31.3789,31.7931,32.2036,32.6105,33.0139,33.4138,33.8102,34.2032,34.5929,34.9794,35.3626,35.7427,36.1196,36.4936,36.8645,37.2325,37.5976,37.9599,38.3194,38.6763,39.0304,39.382,39.731,40.0774,40.4215,40.7631,41.1024,41.4393,41.774
33.7808,33.4799,33.1801,32.8813,32.5838,32.2877,31.9932,31.7005,31.4097,31.1212,30.8351,30.5516,30.271,29.9937,29.7197,29.4495,29.1834,28.9216,28.6645,28.4125,28.1658,27.9249,27.6901,27.4619,27.2405,27.0264,26.8201,26.6218,26.432,26.2511,26.0794,25.9175,25.7655,25.6239,25.4929,25.3729,25.2642,25.167,25.0815,25.0079,24.9463,24.8968,24.8594,24.8342,24.8212,24.8202,24.8312,24.8539,24.8882,24.9337,24.9903,25.0576,25.1353,25.2229,25.3201,25.4265,25.5415,25.6648,25.7959,25.9344,26.0797,26.2313,26.3888,26.5518,26.7198,26.8922,27.0688,27.2489,27.4323,27.6185,27.8072,27.9979,28.1903,28.384,28.5788,28.7742,28.9701,29.1661,29.362,29.5576,29.7525,29.9465,30.1395,30.3313,30.5216,30.7103,30.8972,31.0822,31.2652,31.4459,31.6244,31.8004,31.9738,32.1447,32.3127,32.478,32.6403,32.7997,32.9561,33.1093,33.2593,33.4062,33.5497,33.6899,33.8268,33.9603,34.0903,34.2168,34.3398,34.4592,34.5751,34.6874,34.7961,34.9011,35.0024,35.1,35.1939,35.2841,35.3705,35.4532,35.5321,35.6071,35.6784,35.7458,35.8093,35.869,35.9248,35.9767,36.0246,36.0687,36.1088,36.1449,36.1771,36.2053,36.2294,36.2495,36.2656,36.2776,36.2856,36.2894,36.2891,36.2846,36.276,36.2632,36.2462,36.2249,36.1994,36.1696,36.1355,36.0971,36.0542,36.007,35.9554,35.8993,35.8387,35.7736,35.704,35.6297,35.5508,35.4673,35.3791,35.2861,35.1883,35.0858,34.9783,34.866,34.7486,34.6263,34.499,34.3665,34.2289,34.0861,33.938,33.7847,33.6259,33.4618,33.2921,33.117,32.9362,32.7498,32.5577,32.3597,32.156,31.9463,31.7306,31.5089,31.281,31.047,30.8067,30.5601,30.3071,30.0476,29.7816,29.5089,29.2296,28.9435,28.6506,28.3508,28.0441,27.7303,27.4095,27.0815,26.7464,26.404,26.0544,25.6975,25.3333,24.9617,24.5828,24.1966,23.8031,23.4024,22.9946,22.5796,22.1578,21.7293,21.2941,20.8527,20.4054,19.9524,19.4943,19.0317,18.565,18.0952,17.6231,17.1497,16.6763,16.2044,15.7355,15.2718,14.8153,14.3687,13.935,13.5174,13.1197,12.746,12.4007,12.0884,11.814,11.5821,11.3971,11.263,11.1827,11.1582,11.1902,11.2782,11.4206,11.6144,11.856,12.1413,12.4656,12.8245,13.2135,13.6281,14.0646,14.5193,14.989,15.4709,15.9625,16.4617,16.9665,17.4754,17.9869,18.5,19.0136,19.5268,20.039,20.5495,21.0578,21.5635,22.0662,22.5657,23.0616,23.5539,24.0423,24.5267,25.0071,25.4833,25.9553,26.423,26.8865,27.3458,27.8008,28.2516,28.6981,29.1405,29.5788,30.013,30.4432,30.8694,31.2916,31.71,32.1245,32.5353,32.9424,33.3459,33.7458,34.1422,34.5351,34.9247,35.3109,35.6939,36.0737,36.4503,36.8239,37.1945,37.5621,37.9268,38.2887,38.6478,39.0041,39.3578,39.7089,40.0574,40.4034,40.7469,41.0881,41.4268,41.7633
34.0474,33.7512,33.4562,33.1623,32.8699,32.5789,32.2897,32.0024,31.7171,31.4342,31.1538,30.8761,30.6014,30.33,30.0621,29.7981,29.5381,29.2825,29.0317,28.7859,28.5455,28.3108,28.0822,27.86,27.6447,27.4366,27.236,27.0433,26.859,26.6833,26.5166,26.3593,26.2117,26.0742,25.9469,25.8303,25.7244,25.6297,25.5462,25.4741,25.4136,25.3646,25.3273,25.3017,25.2877,25.2852,25.2942,25.3144,25.3457,25.3879,25.4407,25.5037,25.5767,25.6593,25.7511,25.8518,25.9609,26.078,26.2027,26.3346,26.4731,26.6178,26.7683,26.9242,27.085,27.2503,27.4197,27.5926,27.7689,27.948,28.1295,28.3132,28.4987,28.6856,28.8737,29.0625,29.2519,29.4415,29.6312,29.8205,30.0094,30.1976,30.3848,30.571,30.7558,30.9392,31.1209,31.3008,31.4788,31.6548,31.8285,31.9999,32.1689,32.3354,32.4993,32.6604,32.8188,32.9742,33.1268,33.2763,33.4228,33.5661,33.7063,33.8432,33.9768,34.1071,34.234,34.3575,34.4776,34.5942,34.7073,34.8169,34.9229,35.0253,35.1241,35.2192,35.3107,35.3985,35.4826,35.563,35.6396,35.7125,35.7816,35.8469,35.9083,35.966,36.0198,36.0697,36.1157,36.1579,36.1961,36.2303,36.2606,36.287,36.3093,36.3277,36.342,36.3522,36.3584,36.3605,36.3585,36.3523,36.342,36.3275,36.3088,36.2859,36.2587,36.2272,36.1914,36.1513,36.1068,36.0579,36.0046,35.9468,35.8845,35.8177,35.7463,35.6704,35.5897,35.5045,35.4144,35.3197,35.2201,35.1157,35.0064,34.8921,34.7729,34.6487,34.5193,34.3849,34.2452,34.1004,33.9502,33.7947,33.6337,33.4673,33.2954,33.1179,32.9348,32.7459,32.5512,32.3507,32.1443,31.9319,31.7134,31.4888,31.258,31.0209,30.7775,30.5276,30.2712,30.0082,29.7386,29.4622,29.179,28.8889,28.5918,28.2877,27.9764,27.658,27.3322,26.9992,26.6587,26.3107,25.9552,25.5922,25.2215,24.8432,24.4572,24.0636,23.6622,23.2532,22.8366,22.4125,21.9809,21.542,21.096,20.643,20.1833,19.7173,19.2453,18.7678,18.2854,17.7989,17.3089,16.8165,16.323,15.8296,15.338,14.8502,14.3685,13.8954,13.434,12.9879,12.561,12.158,11.7837,11.4435,11.143,10.8879,10.6834,10.5344,10.4447,10.4166,10.4512,10.5477,10.7039,10.9163,11.1803,11.4907,11.8422,12.2292,12.6467,13.0897,13.554,14.0357,14.5313,15.0379,15.553,16.0743,16.6,17.1286,17.6586,18.1891,18.719,19.2475,19.7741,20.2982,20.8192,21.3369,21.8509,22.361,22.867,23.3688,23.8661,24.359,24.8474,25.3312,25.8105,26.2851,26.7551,27.2206,27.6815,28.138,28.59,29.0375,29.4808,29.9197,30.3544,30.7849,31.2113,31.6337,32.0521,32.4665,32.8772,33.2841,33.6873,34.0869,34.4829,34.8754,35.2646,35.6503,36.0328,36.412,36.7881,37.1611,37.5311,37.8981,38.2622,38.6235,38.982,39.3377,39.6908,40.0412,40.3891,40.7345,41.0774,41.4179,41.7561
34.316,34.0245,33.7342,33.4452,33.1576,32.8718,32.5877,32.3056,32.0257,31.7483,31.4734,31.2014,30.9324,30.6668,30.4048,30.1466,29.8926,29.643,29.3981,29.1583,28.9239,28.6952,28.4725,28.2562,28.0466,27.844,27.6489,27.4616,27.2824,27.1116,26.9496,26.7967,26.6533,26.5195,26.3957,26.2821,26.179,26.0865,26.0049,25.9342,25.8746,25.8261,25.7888,25.7627,25.7477,25.7438,25.7509,25.7688,25.7973,25.8362,25.8853,25.9442,26.0128,26.0906,26.1774,26.2726,26.3761,26.4873,26.6059,26.7314,26.8634,27.0015,27.1454,27.2944,27.4484,27.6067,27.7691,27.9352,28.1045,28.2767,28.4514,28.6283,28.8071,28.9874,29.1688,29.3512,29.5343,29.7177,29.9011,30.0845,30.2675,30.4499,30.6315,30.8121,30.9915,31.1696,31.3462,31.5211,31.6942,31.8654,32.0344,32.2013,32.3659,32.528,32.6877,32.8447,32.9991,33.1507,33.2995,33.4453,33.5882,33.728,33.8648,33.9983,34.1287,34.2559,34.3797,34.5003,34.6174,34.7312,34.8415,34.9483,35.0516,35.1514,35.2477,35.3404,35.4294,35.5148,35.5966,35.6747,35.7491,35.8197,35.8867,35.9498,36.0092,36.0648,36.1166,36.1645,36.2086,36.2488,36.2851,36.3175,36.346,36.3705,36.3911,36.4076,36.4202,36.4287,36.4331,36.4335,36.4298,36.4219,36.4099,36.3937,36.3734,36.3488,36.3199,36.2868,36.2493,36.2076,36.1614,36.1109,36.0559,35.9964,35.9325,35.864,35.7909,35.7132,35.6309,35.5439,35.4521,35.3556,35.2543,35.1481,35.037,34.9209,34.7998,34.6737,34.5425,34.4061,34.2645,34.1176,33.9654,33.8078,33.6447,33.4762,33.3021,33.1223,32.9368,32.7456,32.5485,32.3456,32.1366,31.9216,31.7004,31.4731,31.2394,30.9994,30.7529,30.4999,30.2404,29.9741,29.701,29.421,29.1342,28.8402,28.5392,28.2309,27.9153,27.5924,27.262,26.924,26.5785,26.2252,25.8641,25.4952,25.1184,24.7337,24.3409,23.9401,23.5313,23.1144,22.6894,22.2564,21.8155,21.3666,20.91,20.4458,19.9742,19.4955,19.0099,18.518,18.0202,17.5171,17.0094,16.4982,15.9844,15.4694,14.9548,14.4425,13.9346,13.4338,12.9434,12.4669,12.0087,11.5736,11.1673,10.7959,10.4658,10.184,9.95687,9.79051,9.68967,9.65753,9.69527,9.80195,9.97463,10.2088,10.4986,10.8377,11.2196,11.6379,12.0866,12.5604,13.0544,13.5645,14.0872,14.6193,15.1584,15.7023,16.2491,16.7974,17.3459,17.8936,18.4396,18.9833,19.524,20.0612,20.5947,21.124,21.6489,22.1693,22.685,23.1958,23.7018,24.2028,24.6989,25.19,25.6761,26.1573,26.6336,27.105,27.5715,28.0334,28.4905,28.9429,29.3909,29.8343,30.2732,30.7079,31.1382,31.5644,31.9864,32.4044,32.8185,33.2286,33.635,34.0376,34.4365,34.8318,35.2237,35.6121,35.9971,36.3788,36.7573,37.1326,37.5048,37.874,38.2403,38.6036,38.964,39.3217,39.6767,40.029,40.3786,40.7258,41.0704,41.4125,41.7523
34.5866,34.2996,34.0139,33.7296,33.447,33.166,32.887,32.6101,32.3354,32.0632,31.7938,31.5272,31.2638,31.0038,30.7474,30.495,30.2467,30.0028,29.7637,29.5297,29.301,29.0779,28.8609,28.6501,28.446,28.2488,28.0589,27.8766,27.7022,27.5361,27.3785,27.2297,27.0901,26.9599,26.8393,26.7286,26.628,26.5376,26.4577,26.3883,26.3295,26.2814,26.2441,26.2175,26.2016,26.1963,26.2015,26.2171,26.2429,26.2787,26.3243,26.3794,26.4438,26.517,26.5989,26.689,26.7871,26.8926,27.0053,27.1248,27.2506,27.3824,27.5198,27.6624,27.8097,27.9614,28.1171,28.2765,28.4391,28.6046,28.7727,28.943,29.1153,29.2891,29.4642,29.6403,29.8171,29.9944,30.1719,30.3493,30.5265,30.7032,30.8793,31.0545,31.2286,31.4015,31.5729,31.7429,31.9111,32.0776,32.242,32.4044,32.5646,32.7224,32.8779,33.0309,33.1813,33.329,33.474,33.6162,33.7555,33.8918,34.0252,34.1554,34.2826,34.4066,34.5273,34.6449,34.7591,34.87,34.9775,35.0816,35.1823,35.2795,35.3732,35.4633,35.5499,35.633,35.7124,35.7882,35.8603,35.9288,35.9936,36.0546,36.1119,36.1655,36.2152,36.2612,36.3033,36.3416,36.376,36.4065,36.4332,36.4559,36.4746,36.4894,36.5002,36.5069,36.5097,36.5083,36.5029,36.4934,36.4797,36.4618,36.4398,36.4136,36.3831,36.3483,36.3092,36.2658,36.218,36.1658,36.1092,36.0481,35.9825,35.9124,35.8377,35.7584,35.6744,35.5857,35.4922,35.394,35.2909,35.183,35.0701,34.9523,34.8294,34.7015,34.5684,34.4301,34.2866,34.1378,33.9836,33.824,33.6589,33.4883,33.3121,33.1302,32.9425,32.749,32.5496,32.3443,32.1329,31.9154,31.6917,31.4617,31.2254,30.9826,30.7333,30.4773,30.2147,29.9452,29.6689,29.3856,29.0952,28.7976,28.4928,28.1807,27.861,27.5339,27.199,26.8565,26.5061,26.1478,25.7815,25.407,25.0244,24.6336,24.2344,23.8269,23.4109,22.9865,22.5536,22.1122,21.6623,21.204,20.7373,20.2623,19.7793,19.2883,18.7897,18.2837,17.7709,17.2517,16.7267,16.1969,15.6631,15.1265,14.5887,14.0515,13.5169,12.9876,12.4668,11.9582,11.4663,10.9965,10.5549,10.1484,9.78467,9.47194,9.21832,9.0314,8.91738,8.88044,8.92211,9.0411,9.2335,9.49331,9.81321,10.1852,10.6015,11.0544,11.5372,12.0439,12.5694,13.1093,13.6599,14.2183,14.7817,15.3483,15.9162,16.4842,17.0509,17.6155,18.1773,18.7356,19.29,19.84,20.3854,20.9258,21.4612,21.9914,22.5163,23.0359,23.55,24.0588,24.5621,25.0601,25.5528,26.0401,26.5223,26.9993,27.4712,27.9381,28.4,28.8571,29.3094,29.7571,30.2001,30.6386,31.0727,31.5024,31.9279,32.3492,32.7664,33.1796,33.5889,33.9943,34.396,34.794,35.1884,35.5793,35.9667,36.3508,36.7315,37.109,37.4834,37.8546,38.2228,38.5881,38.9505,39.31,39.6667,40.0207,40.3721,40.7209,41.0671,41.4109,41.7522
34.8588,34.5763,34.2952,34.0156,33.7376,33.4615,33.1874,32.9155,32.646,32.379,32.1147,31.8535,31.5955,31.3409,31.09,30.843,30.6002,30.3619,30.1284,29.8998,29.6766,29.459,29.2473,29.0419,28.8429,28.6508,28.4658,28.2883,28.1185,27.9567,27.8033,27.6584,27.5224,27.3955,27.2779,27.1699,27.0716,26.9832,26.9048,26.8365,26.7785,26.7308,26.6934,26.6663,26.6494,26.6428,26.6462,26.6596,26.6829,26.7157,26.758,26.8094,26.8697,26.9386,27.0158,27.101,27.1939,27.2941,27.4012,27.5149,27.6348,27.7605,27.8917,28.0279,28.1689,28.3142,28.4635,28.6164,28.7725,28.9316,29.0933,29.2572,29.4231,29.5906,29.7595,29.9294,30.1002,30.2715,30.4431,30.6148,30.7863,30.9575,31.1281,31.2979,31.4668,31.6345,31.801,31.9661,32.1295,32.2913,32.4511,32.6091,32.7649,32.9185,33.0698,33.2188,33.3652,33.5091,33.6504,33.7889,33.9246,34.0574,34.1874,34.3143,34.4383,34.5591,34.6768,34.7913,34.9026,35.0106,35.1153,35.2167,35.3147,35.4093,35.5004,35.5881,35.6723,35.7529,35.83,35.9035,35.9734,36.0397,36.1023,36.1612,36.2164,36.2679,36.3156,36.3596,36.3998,36.4362,36.4687,36.4973,36.5221,36.543,36.56,36.573,36.582,36.587,36.588,36.585,36.5779,36.5667,36.5514,36.5319,36.5082,36.4803,36.4482,36.4118,36.3711,36.3261,36.2767,36.2229,36.1647,36.102,36.0348,35.963,35.8867,35.8058,35.7201,35.6298,35.5347,35.4348,35.3301,35.2204,35.1059,34.9863,34.8617,34.732,34.5971,34.4571,34.3117,34.1611,34.005,33.8435,33.6765,33.5039,33.3256,33.1416,32.9519,32.7562,32.5546,32.3471,32.1334,31.9135,31.6874,31.4549,31.216,30.9706,30.7186,30.4598,30.1943,29.9219,29.6425,29.356,29.0623,28.7614,28.453,28.1372,27.8137,27.4826,27.1436,26.7968,26.4419,26.0788,25.7076,25.328,24.94,24.5434,24.1382,23.7244,23.3017,22.8702,22.4298,21.9805,21.5222,21.0549,20.5787,20.0936,19.5996,19.097,18.5859,18.0666,17.5393,17.0045,16.4628,15.9149,15.3614,14.8037,14.2429,13.6807,13.1191,12.5607,12.0085,11.4663,10.9387,10.4313,9.95076,9.50497,9.10283,8.75415,8.46913,8.25752,8.12756,8.08485,8.13147,8.2656,8.48189,8.77234,9.12744,9.53719,9.99201,10.4831,11.0029,11.5448,12.1033,12.6741,13.2534,13.8382,14.4262,15.0153,15.6041,16.1912,16.7757,17.3567,17.9337,18.5061,19.0736,19.6358,20.1925,20.7435,21.2888,21.8283,22.3619,22.8896,23.4115,23.9275,24.4377,24.9421,25.4409,25.9341,26.4217,26.904,27.3808,27.8525,28.3189,28.7803,29.2368,29.6884,30.1352,30.5773,31.0148,31.4479,31.8766,32.301,32.7211,33.1372,33.5493,33.9574,34.3616,34.7621,35.1589,35.5521,35.9418,36.328,36.7109,37.0905,37.4668,37.84,38.2101,38.5772,38.9413,39.3025,39.661,40.0166,40.3696,40.7199,41.0677,41.4129,41.7556
35.1327,34.8545,34.5779,34.3028,34.0295,33.7581,33.4888,33.2218,32.9572,32.6953,32.4361,32.18,31.9272,31.6779,31.4323,31.1906,30.9531,30.7202,30.4919,30.2687,30.0507,29.8383,29.6317,29.4313,29.2373,29.05,28.8697,28.6966,28.5312,28.3735,28.224,28.0828,27.9502,27.8264,27.7116,27.606,27.5099,27.4233,27.3463,27.2791,27.2218,27.1743,27.1368,27.1092,27.0914,27.0834,27.0852,27.0965,27.1172,27.1472,27.1863,27.2342,27.2906,27.3554,27.4282,27.5087,27.5966,27.6916,27.7934,27.9015,28.0157,28.1356,28.2609,28.3911,28.526,28.6651,28.8081,28.9548,29.1047,29.2575,29.413,29.5707,29.7304,29.8918,30.0547,30.2186,30.3835,30.549,30.7148,30.8809,31.0468,31.2125,31.3778,31.5423,31.7061,31.8688,32.0303,32.1905,32.3492,32.5063,32.6617,32.8152,32.9667,33.1161,33.2634,33.4083,33.5508,33.6909,33.8284,33.9632,34.0954,34.2248,34.3514,34.475,34.5957,34.7134,34.828,34.9395,35.0479,35.1531,35.255,35.3536,35.449,35.5409,35.6295,35.7147,35.7964,35.8747,35.9494,36.0206,36.0882,36.1523,36.2127,36.2695,36.3227,36.3721,36.4178,36.4598,36.4981,36.5325,36.5631,36.5899,36.6129,36.632,36.6471,36.6584,36.6657,36.669,36.6683,36.6635,36.6548,36.6419,36.6249,36.6038,36.5785,36.549,36.5153,36.4773,36.435,36.3884,36.3375,36.2821,36.2223,36.158,36.0892,36.0159,35.938,35.8555,35.7682,35.6763,35.5796,35.4781,35.3718,35.2605,35.1443,35.0231,34.8968,34.7654,34.6288,34.487,34.3399,34.1874,34.0296,33.8662,33.6974,33.5229,33.3427,33.1567,32.965,32.7673,32.5636,32.3539,32.138,31.9159,31.6875,31.4527,31.2114,30.9635,30.709,30.4476,30.1794,29.9042,29.6219,29.3325,29.0358,28.7316,28.42,28.1007,27.7737,27.4389,27.0961,26.7452,26.3861,26.0187,25.6428,25.2584,24.8654,24.4635,24.0528,23.633,23.2042,22.7661,22.3188,21.8621,21.3959,20.9203,20.4352,19.9405,19.4364,18.9229,18.4,17.868,17.3271,16.7776,16.2199,15.6545,15.0822,14.5039,13.9206,13.3338,12.7454,12.1576,11.5734,10.9964,10.4312,9.88361,9.36063,8.87095,8.42483,8.03407,7.71144,7.4697,7.32004,7.27024,7.3232,7.47629,7.72198,8.04934,8.44584,8.89892,9.397,9.92999,10.4894,11.0684,11.6612,12.2635,12.8716,13.4829,14.095,14.7062,15.3152,15.9209,16.5224,17.1191,17.7106,18.2963,18.8761,19.4498,20.0172,20.5782,21.1327,21.6808,22.2226,22.7579,23.2869,23.8096,24.3261,24.8366,25.341,25.8396,26.3323,26.8194,27.3009,27.7769,28.2475,28.7129,29.1732,29.6284,30.0787,30.5242,30.9649,31.4011,31.8328,32.26,32.6829,33.1016,33.5163,33.9268,34.3335,34.7363,35.1353,35.5307,35.9225,36.3107,36.6955,37.077,37.4552,37.8302,38.2021,38.5708,38.9366,39.2995,39.6595,40.0167,40.3712,40.723,41.0721,41.4187,41.7628
35.4079,35.1341,34.8618,34.5912,34.3225,34.0557,33.7911,33.5288,33.2691,33.012,32.7578,32.5067,32.2589,32.0147,31.7741,31.5376,31.3052,31.0774,30.8542,30.636,30.4231,30.2157,30.014,29.8184,29.629,29.4463,29.2704,29.1017,28.9403,28.7866,28.6407,28.5029,28.3735,28.2526,28.1405,28.0372,27.943,27.8581,27.7824,27.7162,27.6595,27.6122,27.5746,27.5464,27.5277,27.5185,27.5185,27.5278,27.5462,27.5735,27.6095,27.654,27.7067,27.7675,27.8361,27.9121,27.9953,28.0854,28.182,28.2848,28.3936,28.5079,28.6274,28.7518,28.8808,29.014,29.151,29.2917,29.4355,29.5823,29.7317,29.8834,30.0372,30.1926,30.3496,30.5077,30.6668,30.8266,30.9869,31.1474,31.3079,31.4683,31.6282,31.7876,31.9463,32.104,32.2607,32.4161,32.5702,32.7227,32.8736,33.0227,33.17,33.3152,33.4584,33.5993,33.7379,33.8742,34.008,34.1393,34.2679,34.3938,34.517,34.6374,34.7549,34.8694,34.981,35.0895,35.1949,35.2972,35.3964,35.4923,35.5849,35.6743,35.7603,35.843,35.9223,35.9981,36.0705,36.1394,36.2048,36.2667,36.325,36.3796,36.4307,36.4781,36.5218,36.5618,36.5981,36.6306,36.6594,36.6843,36.7054,36.7227,36.7361,36.7456,36.7511,36.7527,36.7503,36.7439,36.7335,36.719,36.7004,36.6776,36.6508,36.6197,36.5844,36.5448,36.501,36.4528,36.4003,36.3434,36.282,36.2162,36.1459,36.071,35.9916,35.9075,35.8187,35.7252,35.627,35.5239,35.416,35.3032,35.1854,35.0625,34.9346,34.8016,34.6634,34.5199,34.3711,34.217,34.0574,33.8923,33.7217,33.5454,33.3634,33.1756,32.9819,32.7823,32.5767,32.3649,32.147,31.9228,31.6923,31.4553,31.2117,30.9615,30.7046,30.4408,30.1701,29.8923,29.6074,29.3152,29.0156,28.7085,28.3938,28.0714,27.7412,27.4029,27.0566,26.702,26.339,25.9676,25.5876,25.1988,24.8011,24.3943,23.9785,23.5534,23.1188,22.6747,22.221,21.7575,21.2842,20.8009,20.3076,19.8042,19.2907,18.7671,18.2334,17.6897,17.1361,16.5728,16.0,15.4183,14.8281,14.2301,13.6252,13.0147,12.4001,11.7833,11.1671,10.5547,9.9507,9.36062,8.79176,8.2534,7.75711,7.31685,6.94867,6.66948,6.49486,6.43608,6.49734,6.67471,6.9572,7.32947,7.77485,8.27752,8.82372,9.40207,10.0035,10.6208,11.2485,11.8824,12.5191,13.1562,13.7917,14.4242,15.0524,15.6757,16.2933,16.9047,17.5096,18.1078,18.6991,19.2834,19.8606,20.4307,20.9938,21.5499,22.099,22.6413,23.1768,23.7057,24.2281,24.744,25.2536,25.7571,26.2545,26.746,27.2317,27.7117,28.1861,28.6552,29.1189,29.5775,30.031,30.4795,30.9232,31.3622,31.7966,32.2264,32.6519,33.073,33.49,33.9029,34.3117,34.7166,35.1177,35.5151,35.9088,36.2989,36.6856,37.0688,37.4487,37.8254,38.1989,38.5692,38.9366,39.3009,39.6624,40.021,40.3769,40.73,41.0805,41.4284,41.7738
35.6845,35.4149,35.1469,34.8806,34.6163,34.3541,34.094,33.8364,33.5813,33.329,33.0796,32.8334,32.5905,32.3511,32.1155,31.8839,31.6564,31.4335,31.2152,31.0019,30.7938,30.5911,30.3941,30.203,30.0182,29.8398,29.6681,29.5034,29.3459,29.1958,29.0534,28.9189,28.7925,28.6743,28.5646,28.4635,28.3712,28.2878,28.2133,28.148,28.0917,28.0447,28.0068,27.9781,27.9585,27.948,27.9465,27.9538,27.9699,27.9946,28.0276,28.0689,28.1181,28.1751,28.2396,28.3113,28.39,28.4754,28.567,28.6648,28.7683,28.8772,28.9913,29.1101,29.2334,29.3608,29.4921,29.6269,29.7649,29.9059,30.0494,30.1953,30.3432,30.4929,30.6441,30.7966,30.9501,31.1043,31.2591,31.4142,31.5694,31.7245,31.8793,32.0336,32.1873,32.3402,32.492,32.6428,32.7922,32.9403,33.0868,33.2316,33.3746,33.5157,33.6548,33.7918,33.9266,34.0591,34.1892,34.3168,34.4419,34.5644,34.6843,34.8014,34.9156,35.0271,35.1356,35.2411,35.3436,35.4431,35.5394,35.6326,35.7226,35.8094,35.8929,35.973,36.0499,36.1233,36.1934,36.26,36.3232,36.3828,36.4389,36.4915,36.5404,36.5858,36.6275,36.6655,36.6999,36.7305,36.7574,36.7805,36.7998,36.8153,36.8269,36.8346,36.8384,36.8383,36.8343,36.8262,36.8141,36.798,36.7778,36.7534,36.725,36.6923,36.6554,36.6143,36.569,36.5193,36.4652,36.4068,36.3439,36.2766,36.2048,36.1284,36.0475,35.9619,35.8716,35.7766,35.6769,35.5723,35.4629,35.3485,35.2291,35.1048,34.9753,34.8407,34.7009,34.5559,34.4055,34.2498,34.0885,33.9218,33.7495,33.5715,33.3877,33.1982,33.0027,32.8013,32.5938,32.3802,32.1604,31.9343,31.7017,31.4627,31.217,30.9647,30.7056,30.4395,30.1665,29.8863,29.599,29.3042,29.0021,28.6923,28.3748,28.0495,27.7163,27.3749,27.0253,26.6674,26.301,25.9259,25.542,25.1492,24.7474,24.3363,23.9158,23.4858,23.0461,22.5966,22.1372,21.6676,21.1878,20.6976,20.1969,19.6856,19.1636,18.6308,18.0873,17.5329,16.9677,16.3918,15.8053,15.2086,14.6018,13.9855,13.3604,12.7275,12.0878,11.4431,10.7956,10.1482,9.50491,8.87093,8.2534,7.66181,7.10869,6.61022,6.18632,5.85961,5.65242,5.5818,5.65429,5.86363,6.19305,6.62048,7.12353,7.68252,8.28146,8.90802,9.55287,10.2091,10.8715,11.5362,12.2005,12.8623,13.5199,14.1722,14.8185,15.458,16.0904,16.7153,17.3326,17.9421,18.5437,19.1376,19.7237,20.3021,20.8729,21.4361,21.992,22.5405,23.082,23.6164,24.1439,24.6648,25.1791,25.687,26.1885,26.684,27.1735,27.6571,28.135,28.6073,29.0742,29.5358,29.9921,30.4435,30.8898,31.3314,31.7682,32.2004,32.6282,33.0516,33.4706,33.8856,34.2964,34.7033,35.1062,35.5054,35.9009,36.2927,36.6811,37.0659,37.4474,37.8256,38.2006,38.5724,38.9412,39.3069,39.6697,40.0297,40.3868,40.7412,41.093,41.4421,41.7886
35.9622,35.6967,35.4329,35.171,34.911,34.6531,34.3975,34.1444,33.8939,33.6462,33.4015,33.1599,32.9217,32.6871,32.4562,32.2293,32.0067,31.7884,31.5749,31.3662,31.1627,30.9645,30.772,30.5853,30.4047,30.2304,30.0627,29.9019,29.748,29.6014,29.4623,29.3308,29.2071,29.0915,28.9841,28.8851,28.7945,28.7124,28.6391,28.5745,28.5188,28.4718,28.4337,28.4045,28.384,28.3723,28.3692,28.3747,28.3885,28.4107,28.4409,28.4791,28.5249,28.5783,28.6389,28.7065,28.7808,28.8616,28.9486,29.0414,29.1399,29.2437,29.3524,29.4659,29.5837,29.7056,29.8313,29.9605,30.0928,30.2281,30.366,30.5062,30.6485,30.7926,30.9383,31.0852,31.2332,31.382,31.5314,31.6812,31.8312,31.9812,32.1309,32.2803,32.4291,32.5771,32.7243,32.8704,33.0153,33.1589,33.301,33.4416,33.5804,33.7174,33.8525,33.9856,34.1166,34.2453,34.3718,34.4959,34.6175,34.7366,34.8531,34.9669,35.078,35.1863,35.2918,35.3944,35.494,35.5906,35.6842,35.7746,35.862,35.9461,36.0271,36.1048,36.1792,36.2502,36.3179,36.3823,36.4432,36.5006,36.5546,36.605,36.6519,36.6952,36.7349,36.771,36.8034,36.8321,36.8571,36.8784,36.8959,36.9096,36.9194,36.9254,36.9276,36.9258,36.92,36.9103,36.8966,36.8789,36.8571,36.8312,36.8011,36.7669,36.7285,36.6859,36.639,36.5878,36.5323,36.4723,36.408,36.3392,36.2659,36.1881,36.1057,36.0186,35.9269,35.8305,35.7293,35.6232,35.5123,35.3965,35.2757,35.1498,35.0189,34.8828,34.7415,34.595,34.4431,34.2858,34.123,33.9547,33.7808,33.6012,33.4158,33.2246,33.0275,32.8244,32.6152,32.3999,32.1783,31.9503,31.7159,31.475,31.2274,30.9731,30.712,30.4439,30.1687,29.8864,29.5968,29.2998,28.9952,28.683,28.363,28.0351,27.6992,27.3551,27.0026,26.6417,26.2721,25.8938,25.5065,25.1102,24.7046,24.2896,23.8651,23.4307,22.9865,22.5322,22.0677,21.5928,21.1072,20.6109,20.1037,19.5855,19.056,18.5152,17.9629,17.3991,16.8236,16.2365,15.6378,15.0275,14.4059,13.7731,13.1297,12.4762,11.8134,11.1427,10.4656,9.78458,9.10279,8.42483,7.75711,7.1087,6.49237,5.92595,5.43348,5.04512,4.7938,4.70683,4.79514,5.04809,5.43865,5.93417,6.50471,7.12646,7.78181,8.45815,9.14661,9.8409,10.5366,11.2306,11.9207,12.6052,13.2831,13.9535,14.616,15.2701,15.9157,16.5526,17.1809,17.8004,18.4113,19.0137,19.6076,20.1933,20.7708,21.3404,21.9021,22.4562,23.0028,23.5421,24.0742,24.5994,25.1178,25.6296,26.1348,26.6338,27.1266,27.6134,28.0944,28.5696,29.0393,29.5035,29.9624,30.4162,30.8649,31.3088,31.7478,32.1822,32.612,33.0373,33.4583,33.8751,34.2877,34.6963,35.101,35.5018,35.8989,36.2923,36.6821,37.0684,37.4514,37.831,38.2073,38.5804,38.9505,39.3175,39.6816,40.0427,40.401,40.7566,41.1094,41.4596,41.8073
36.241,35.9795,35.7198,35.462,35.2063,34.9527,34.7015,34.4527,34.2067,33.9634,33.7232,33.4862,33.2525,33.0225,32.7962,32.5739,32.3558,32.1421,31.933,31.7288,31.5297,31.3359,31.1476,30.9651,30.7885,30.6182,30.4543,30.297,30.1466,30.0033,29.8672,29.7386,29.6176,29.5044,29.3991,29.3019,29.2129,29.1322,29.0599,28.996,28.9407,28.8938,28.8555,28.8257,28.8043,28.7914,28.7868,28.7904,28.8022,28.8219,28.8494,28.8846,28.9272,28.9771,29.0339,29.0976,29.1677,29.2442,29.3266,29.4148,29.5084,29.6072,29.7109,29.8191,29.9317,30.0483,30.1686,30.2923,30.4192,30.549,30.6814,30.8161,30.9529,31.0916,31.2318,31.3734,31.516,31.6596,31.8037,31.9484,32.0933,32.2382,32.383,32.5275,32.6715,32.8148,32.9573,33.0989,33.2393,33.3785,33.5164,33.6527,33.7874,33.9204,34.0516,34.1808,34.3079,34.433,34.5558,34.6764,34.7945,34.9102,35.0234,35.134,35.2419,35.3471,35.4496,35.5492,35.6459,35.7397,35.8305,35.9182,36.0029,36.0845,36.1629,36.2381,36.3101,36.3788,36.4442,36.5062,36.5649,36.6201,36.6719,36.7202,36.765,36.8063,36.844,36.8781,36.9086,36.9355,36.9586,36.9781,36.9937,37.0057,37.0138,37.0181,37.0185,37.015,37.0076,36.9963,36.981,36.9617,36.9383,36.9108,36.8792,36.8435,36.8036,36.7595,36.7111,36.6584,36.6014,36.5401,36.4743,36.4041,36.3294,36.2501,36.1663,36.0778,35.9847,35.8868,35.7842,35.6768,35.5645,35.4472,35.325,35.1977,35.0654,34.9279,34.7852,34.6372,34.4838,34.3251,34.1608,33.9911,33.8156,33.6345,33.4477,33.2549,33.0563,32.8516,32.6408,32.4239,32.2006,31.971,31.7349,31.4923,31.243,30.9869,30.7239,30.4539,30.1769,29.8926,29.601,29.3019,28.9953,28.6809,28.3587,28.0285,27.6902,27.3436,26.9886,26.625,26.2527,25.8715,25.4813,25.0819,24.6731,24.2547,23.8266,23.3886,22.9405,22.482,22.0131,21.5336,21.0431,20.5416,20.0288,19.5046,18.9687,18.421,17.8613,17.2894,16.7051,16.1084,15.4992,14.8773,14.2428,13.5958,12.9363,12.2648,11.5816,10.8876,10.1838,9.47188,8.75414,8.03409,7.31687,6.61024,5.92596,5.28201,4.70554,4.23562,3.92169,3.81058,3.92258,4.23771,4.70941,5.28851,5.9362,6.62554,7.33876,8.06427,8.79451,9.52446,10.2508,10.9712,11.6843,12.389,13.0846,13.7708,14.4474,15.1141,15.7711,16.4184,17.056,17.6841,18.3029,18.9125,19.5132,20.105,20.6883,21.2632,21.83,22.3888,22.9398,23.4833,24.0193,24.5482,25.0701,25.5852,26.0937,26.5956,27.0913,27.5809,28.0644,28.5422,29.0143,29.4808,29.942,30.3979,30.8487,31.2945,31.7355,32.1717,32.6033,33.0304,33.4531,33.8715,34.2857,34.6959,35.1021,35.5043,35.9028,36.2976,36.6888,37.0764,37.4606,37.8415,38.219,38.5934,38.9646,39.3328,39.6979,40.0602,40.4196,40.7762,41.13,41.4813,41.8299
36.5207,36.2632,36.0075,35.7538,35.5021,35.2527,35.0057,34.7613,34.5195,34.2806,34.0447,33.8121,33.5829,33.3572,33.1353,32.9174,32.7037,32.4944,32.2897,32.0897,31.8948,31.7052,31.5209,31.3424,31.1697,31.0031,30.8428,30.689,30.5418,30.4016,30.2684,30.1425,30.024,29.913,29.8098,29.7143,29.6268,29.5473,29.4759,29.4126,29.3576,29.3108,29.2722,29.2418,29.2196,29.2055,29.1994,29.2013,29.211,29.2284,29.2533,29.2856,29.3251,29.3716,29.4249,29.4847,29.5509,29.6231,29.7012,29.7849,29.8738,29.9678,30.0666,30.1699,30.2774,30.3888,30.5039,30.6224,30.744,30.8685,30.9955,31.125,31.2565,31.3898,31.5247,31.6611,31.7985,31.9369,32.076,32.2156,32.3555,32.4955,32.6354,32.7751,32.9144,33.0531,33.191,33.3281,33.4642,33.5991,33.7327,33.8648,33.9955,34.1245,34.2517,34.3771,34.5005,34.6219,34.7412,34.8582,34.9729,35.0852,35.1951,35.3025,35.4073,35.5094,35.6088,35.7055,35.7993,35.8903,35.9784,36.0634,36.1455,36.2245,36.3003,36.3731,36.4426,36.5089,36.572,36.6318,36.6882,36.7412,36.7909,36.8371,36.8799,36.9191,36.9549,36.987,37.0156,37.0406,37.0619,37.0795,37.0934,37.1035,37.1099,37.1125,37.1112,37.1061,37.0971,37.0842,37.0672,37.0463,37.0214,36.9924,36.9593,36.9221,36.8807,36.8351,36.7853,36.7312,36.6728,36.61,36.5428,36.4712,36.3951,36.3144,36.2292,36.1394,36.0449,35.9457,35.8417,35.7329,35.6193,35.5007,35.3771,35.2485,35.1148,34.976,34.8319,34.6825,34.5278,34.3677,34.2021,34.0309,33.8542,33.6717,33.4834,33.2892,33.0891,32.883,32.6708,32.4523,32.2276,31.9965,31.7589,31.5146,31.2637,31.006,30.7414,30.4698,30.191,29.905,29.6117,29.3108,29.0023,28.686,28.3618,28.0296,27.6892,27.3405,26.9833,26.6175,26.2429,25.8593,25.4666,25.0645,24.653,24.2318,23.8007,23.3596,22.9082,22.4464,21.9739,21.4905,20.996,20.4902,19.9728,19.4437,18.9026,18.3493,17.7835,17.205,16.6136,16.009,15.3912,14.7598,14.1148,13.456,12.7834,12.0969,11.3968,10.6832,9.9568,9.21832,8.46916,7.71149,6.94871,6.18635,5.4335,4.70555,4.02921,3.45058,3.04271,2.89242,3.04325,3.45196,4.03203,4.71069,5.44207,6.1997,6.96837,7.73919,8.5068,9.26792,10.0205,10.7634,11.4958,12.2173,12.9276,13.6268,14.3149,14.992,15.6583,16.3139,16.9592,17.5943,18.2195,18.835,19.4411,20.038,20.626,21.2053,21.7761,22.3388,22.8934,23.4403,23.9796,24.5116,25.0364,25.5542,26.0653,26.5698,27.0678,27.5597,28.0455,28.5253,28.9994,29.4679,29.931,30.3887,30.8413,31.2888,31.7314,32.1692,32.6024,33.031,33.4551,33.875,34.2906,34.7021,35.1095,35.5131,35.9128,36.3088,36.7012,37.09,37.4753,37.8573,38.2359,38.6113,38.9836,39.3527,39.7189,40.0821,40.4425,40.8,41.1548,41.5069,41.8564
36.8012,36.5476,36.2958,36.046,35.7984,35.5531,35.3102,35.0699,34.8323,34.5976,34.366,34.1376,33.9126,33.6912,33.4736,33.2599,33.0505,32.8453,32.6447,32.4489,32.258,32.0723,31.892,31.7172,31.5482,31.3851,31.2282,31.0777,30.9336,30.7963,30.6659,30.5425,30.4263,30.3175,30.2161,30.1222,30.0361,29.9577,29.8871,29.8245,29.7697,29.7229,29.684,29.653,29.63,29.6147,29.6072,29.6074,29.6151,29.6302,29.6526,29.6822,29.7187,29.7619,29.8118,29.868,29.9303,29.9985,30.0724,30.1517,30.2362,30.3256,30.4197,30.5181,30.6207,30.7272,30.8372,30.9506,31.0671,31.1865,31.3084,31.4326,31.559,31.6872,31.817,31.9482,32.0806,32.2139,32.348,32.4827,32.6177,32.7529,32.8881,33.0231,33.1577,33.2919,33.4254,33.5581,33.6898,33.8204,33.9498,34.0779,34.2046,34.3296,34.453,34.5746,34.6943,34.8121,34.9278,35.0413,35.1526,35.2616,35.3682,35.4724,35.5741,35.6731,35.7696,35.8633,35.9543,36.0425,36.1277,36.2101,36.2896,36.366,36.4393,36.5096,36.5767,36.6407,36.7014,36.7589,36.8131,36.864,36.9116,36.9557,36.9964,37.0336,37.0674,37.0976,37.1243,37.1474,37.1668,37.1826,37.1948,37.2032,37.2078,37.2087,37.2058,37.199,37.1884,37.1739,37.1554,37.1329,37.1065,37.076,37.0414,37.0027,36.9599,36.9128,36.8616,36.8061,36.7462,36.6821,36.6135,36.5405,36.4631,36.3811,36.2946,36.2034,36.1076,36.0071,35.9018,35.7917,35.6768,35.5569,35.4321,35.3022,35.1672,35.0271,34.8817,34.7311,34.5751,34.4137,34.2469,34.0744,33.8963,33.7125,33.523,33.3275,33.1261,32.9187,32.7051,32.4853,32.2592,32.0267,31.7877,31.5421,31.2898,31.0307,30.7647,30.4916,30.2113,29.9238,29.6289,29.3264,29.0163,28.6985,28.3726,28.0387,27.6966,27.3461,26.9871,26.6194,26.2428,25.8573,25.4625,25.0583,24.6446,24.2211,23.7877,23.3441,22.8901,22.4256,21.9502,21.4639,20.9662,20.4571,19.9362,19.4034,18.8582,18.3006,17.7302,17.1467,16.5499,15.9394,15.3151,14.6766,14.0237,13.3561,12.6735,11.9758,11.2628,10.5343,9.7905,9.03145,8.25759,7.46978,6.66955,5.85966,5.04516,4.23564,3.45059,2.73239,2.17576,1.95172,2.17603,2.73326,3.45265,4.23979,5.05252,5.87159,6.68759,7.49568,8.29323,9.07888,9.8519,10.612,11.3591,12.0933,12.8147,13.5237,14.2204,14.9053,15.5785,16.2405,16.8915,17.5318,18.1618,18.7818,19.392,19.9927,20.5843,21.167,21.741,22.3065,22.864,23.4135,23.9553,24.4897,25.0167,25.5367,26.0499,26.5564,27.0564,27.55,28.0376,28.5191,28.9949,29.465,29.9296,30.3888,30.8428,31.2917,31.7357,32.1748,32.6093,33.0391,33.4645,33.8855,34.3023,34.7149,35.1235,35.5281,35.9289,36.3259,36.7193,37.1091,37.4954,37.8783,38.2579,38.6343,39.0074,39.3775,39.7445,40.1086,40.4698,40.8282,41.1838,41.5367,41.887
37.0824,36.8326,36.5846,36.3387,36.095,35.8537,35.6148,35.3785,35.145,34.9143,34.6868,34.4625,34.2417,34.0244,33.8109,33.6013,33.3959,33.1948,32.9982,32.8063,32.6193,32.4373,32.2607,32.0895,31.924,31.7643,31.6106,31.4632,31.3221,31.1875,31.0597,30.9387,30.8247,30.7178,30.6182,30.5258,30.441,30.3636,30.2938,30.2316,30.1771,30.1303,30.0911,30.0595,30.0356,30.0192,30.0103,30.0088,30.0146,30.0276,30.0476,30.0745,30.1081,30.1482,30.1947,30.2474,30.306,30.3704,30.4403,30.5154,30.5956,30.6805,30.77,30.8638,30.9617,31.0634,31.1686,31.2771,31.3886,31.503,31.6199,31.7391,31.8604,31.9836,32.1085,32.2347,32.3622,32.4906,32.6198,32.7497,32.8799,33.0104,33.1409,33.2713,33.4015,33.5312,33.6602,33.7886,33.9161,34.0425,34.1678,34.2919,34.4146,34.5357,34.6553,34.7732,34.8892,35.0034,35.1155,35.2256,35.3336,35.4393,35.5427,35.6437,35.7422,35.8383,35.9317,36.0225,36.1107,36.1961,36.2786,36.3583,36.4352,36.509,36.5799,36.6477,36.7124,36.774,36.8325,36.8877,36.9397,36.9884,37.0338,37.0759,37.1145,37.1498,37.1816,37.2099,37.2346,37.2559,37.2735,37.2875,37.2979,37.3046,37.3075,37.3067,37.3022,37.2938,37.2816,37.2655,37.2454,37.2214,37.1935,37.1615,37.1255,37.0853,37.041,36.9926,36.94,36.8831,36.8219,36.7564,36.6865,36.6122,36.5334,36.4501,36.3623,36.2699,36.1728,36.0711,35.9645,35.8532,35.737,35.6159,35.4899,35.3588,35.2226,35.0813,34.9347,34.7829,34.6257,34.4632,34.2951,34.1215,33.9422,33.7572,33.5665,33.3698,33.1672,32.9586,32.7438,32.5229,32.2956,32.0619,31.8216,31.5748,31.3213,31.0609,30.7936,30.5193,30.2378,29.949,29.6528,29.349,29.0376,28.7183,28.3912,28.0559,27.7124,27.3604,27.0,26.6308,26.2527,25.8656,25.4692,25.0634,24.648,24.2228,23.7876,23.3422,22.8863,22.4198,21.9425,21.454,20.9541,20.4427,19.9194,19.3839,18.8361,18.2755,17.702,17.1152,16.5148,15.9005,15.272,14.6289,13.9709,13.2976,12.6087,11.9038,11.1826,10.4447,9.68975,8.91751,8.12769,7.32016,6.49496,5.65249,4.79385,3.92172,3.04272,2.17576,1.3899,0.987812,1.39002,2.1763,3.04432,3.92526,4.80047,5.66355,6.51201,7.34493,8.16208,8.96356,9.74965,10.5207,11.2772,12.0194,12.7479,13.4631,14.1654,14.8552,15.5329,16.1989,16.8536,17.4974,18.1306,18.7534,19.3664,19.9697,20.5637,21.1486,21.7248,22.2924,22.8518,23.4031,23.9467,24.4827,25.0114,25.533,26.0477,26.5556,27.057,27.552,28.0409,28.5237,29.0007,29.472,29.9378,30.3982,30.8533,31.3033,31.7484,32.1885,32.624,33.0549,33.4812,33.9032,34.3209,34.7345,35.144,35.5495,35.9512,36.3491,36.7433,37.1339,37.5211,37.9048,38.2852,38.6623,39.0362,39.407,39.7748,40.1397,40.5016,40.8607,41.217,41.5706,41.9216
37.3643,37.1181,36.8739,36.6318,36.3919,36.1544,35.9194,35.687,35.4574,35.2307,35.0072,34.7869,34.57,34.3567,34.1471,33.9415,33.74,33.5427,33.3499,33.1618,32.9785,32.8002,32.6271,32.4593,32.2971,32.1406,31.99,31.8455,31.7072,31.5753,31.4499,31.3311,31.2192,31.1142,31.0161,30.9252,30.8415,30.7651,30.696,30.6343,30.58,30.533,30.4935,30.4614,30.4366,30.4191,30.4089,30.4058,30.4097,30.4206,30.4382,30.4626,30.4934,30.5305,30.5739,30.6232,30.6782,30.7389,30.8048,30.8759,30.952,31.0326,31.1178,31.2071,31.3004,31.3974,31.4979,31.6016,31.7084,31.8179,31.93,32.0444,32.1608,32.2792,32.3991,32.5205,32.6432,32.7668,32.8913,33.0165,33.1421,33.2679,33.3939,33.5198,33.6455,33.7708,33.8956,34.0197,34.143,34.2653,34.3866,34.5066,34.6254,34.7427,34.8585,34.9727,35.0852,35.1958,35.3044,35.4111,35.5157,35.6182,35.7183,35.8162,35.9117,36.0047,36.0952,36.1832,36.2685,36.3511,36.4309,36.508,36.5822,36.6535,36.7219,36.7873,36.8496,36.9089,36.9651,37.018,37.0678,37.1144,37.1577,37.1977,37.2343,37.2676,37.2974,37.3238,37.3467,37.3661,37.3819,37.3941,37.4027,37.4077,37.409,37.4065,37.4003,37.3904,37.3766,37.3589,37.3373,37.3119,37.2824,37.249,37.2115,37.1699,37.1243,37.0745,37.0204,36.9622,36.8997,36.8329,36.7617,36.6861,36.6061,36.5216,36.4325,36.3389,36.2406,36.1376,36.0299,35.9174,35.8,35.6778,35.5506,35.4183,35.281,35.1386,34.9909,34.838,34.6797,34.516,34.3469,34.1721,33.9918,33.8057,33.6139,33.4162,33.2125,33.0028,32.787,32.565,32.3366,32.1019,31.8606,31.6128,31.3582,31.0968,30.8284,30.553,30.2705,29.9806,29.6833,29.3785,29.066,28.7458,28.4175,28.0812,27.7366,27.3836,27.022,26.6517,26.2726,25.8843,25.4869,25.08,24.6634,24.2371,23.8007,23.3541,22.8971,22.4294,21.9508,21.461,20.9599,20.4472,19.9225,19.3857,18.8364,18.2744,17.6994,17.111,16.5089,15.8929,15.2625,14.6174,13.9573,13.2817,12.5902,11.8826,11.1582,10.4167,9.65771,8.88065,8.08505,7.27042,6.43622,5.5819,4.7069,3.81062,2.89244,1.95173,0.987813,0.0,0.987869,1.95217,2.89388,3.81395,4.71326,5.59264,6.45289,7.29476,8.11895,8.92614,9.71698,10.4921,11.252,11.9973,12.7285,13.4461,14.1506,14.8424,15.522,16.1898,16.8461,17.4914,18.1261,18.7503,19.3646,19.9692,20.5644,21.1505,21.7278,22.2965,22.8569,23.4094,23.954,24.491,25.0206,25.5432,26.0588,26.5676,27.0699,27.5658,28.0555,28.5392,29.0171,29.4892,29.9558,30.417,30.8729,31.3237,31.7695,32.2105,32.6467,33.0783,33.5054,33.9281,34.3465,34.7608,35.171,35.5773,35.9796,36.3782,36.7731,37.1644,37.5523,37.9366,38.3177,38.6954,39.07,39.4415,39.8099,40.1753,40.5379,40.8976,41.2545,41.6087,41.9603
37.6466,37.404,37.1635,36.9251,36.6889,36.4551,36.2239,35.9953,35.7695,35.5467,35.327,35.1105,34.8975,34.688,34.4823,34.2804,34.0826,33.8891,33.7,33.5155,33.3357,33.1608,32.9911,32.8266,32.6676,32.5142,32.3665,32.2248,32.0891,31.9596,31.8365,31.7199,31.6099,31.5066,31.4101,31.3205,31.2379,31.1624,31.0939,31.0326,30.9784,30.9314,30.8915,30.8588,30.8332,30.8146,30.803,30.7983,30.8005,30.8093,30.8247,30.8466,30.8747,30.909,30.9492,30.9953,31.0469,31.1039,31.1662,31.2334,31.3054,31.382,31.4629,31.5479,31.6367,31.7293,31.8252,31.9244,32.0265,32.1313,32.2387,32.3483,32.4601,32.5737,32.6889,32.8056,32.9236,33.0426,33.1625,33.283,33.404,33.5254,33.6469,33.7684,33.8898,34.0108,34.1313,34.2512,34.3704,34.4887,34.606,34.7221,34.8371,34.9506,35.0627,35.1732,35.2821,35.3892,35.4944,35.5977,35.699,35.7982,35.8952,35.99,36.0824,36.1725,36.26,36.3451,36.4276,36.5075,36.5847,36.6591,36.7307,36.7995,36.8654,36.9284,36.9883,37.0453,37.0992,37.1499,37.1975,37.242,37.2832,37.3211,37.3557,37.387,37.4149,37.4393,37.4604,37.4779,37.492,37.5024,37.5093,37.5126,37.5122,37.5081,37.5003,37.4888,37.4734,37.4542,37.4311,37.4042,37.3733,37.3384,37.2995,37.2566,37.2095,37.1584,37.103,37.0435,36.9797,36.9116,36.8392,36.7623,36.6811,36.5954,36.5051,36.4103,36.3109,36.2067,36.0979,35.9843,35.8658,35.7425,35.6142,35.4809,35.3425,35.199,35.0503,34.8963,34.737,34.5723,34.4022,34.2265,34.0452,33.8581,33.6653,33.4667,33.2621,33.0515,32.8347,32.6118,32.3825,32.1469,31.9047,31.656,31.4005,31.1382,30.869,30.5928,30.3094,30.0187,29.7207,29.4151,29.1018,28.7807,28.4517,28.1146,27.7693,27.4156,27.0533,26.6824,26.3025,25.9136,25.5155,25.108,24.6909,24.264,23.8271,23.38,22.9225,22.4543,21.9753,21.4852,20.9838,20.4707,19.9459,19.4089,18.8595,18.2975,17.7225,17.1343,16.5325,15.9168,15.287,14.6426,13.9833,13.3088,12.6187,11.9127,11.1904,10.4515,9.69557,8.92241,8.13175,7.32344,6.49753,5.65443,4.79524,3.92264,3.04328,2.17604,1.39002,0.98787,1.39013,2.17658,3.04486,3.92616,4.80182,5.66541,6.51446,7.34804,8.1659,8.96816,9.75507,10.527,11.2844,12.0276,12.757,13.4732,14.1766,14.8674,15.5463,16.2134,16.8693,17.5142,18.1486,18.7726,19.3868,19.9913,20.5866,21.1727,21.7501,22.319,22.8796,23.4323,23.9771,24.5144,25.0444,25.5673,26.0832,26.5924,27.0951,27.5914,28.0816,28.5657,29.044,29.5166,29.9836,30.4453,30.9017,31.3529,31.7992,32.2407,32.6774,33.1095,33.5371,33.9603,34.3792,34.794,35.2047,35.6115,36.0143,36.4135,36.8089,37.2007,37.589,37.9739,38.3554,38.7337,39.1088,39.4808,39.8497,40.2156,40.5787,40.9389,41.2963,41.651,42.0031
37.9294,37.6903,37.4533,37.2185,36.986,36.7558,36.5283,36.3034,36.0813,35.8622,35.6462,35.4334,35.2241,35.0183,34.8162,34.618,34.4239,34.2339,34.0483,33.8672,33.6909,33.5193,33.3528,33.1915,33.0354,32.8849,32.74,32.6009,32.4677,32.3406,32.2197,32.1051,31.9969,31.8952,31.8002,31.7118,31.6302,31.5554,31.4875,31.4265,31.3725,31.3253,31.2851,31.2518,31.2254,31.2057,31.1929,31.1866,31.187,31.1939,31.2071,31.2266,31.2521,31.2836,31.3209,31.3638,31.4121,31.4657,31.5243,31.5878,31.656,31.7285,31.8053,31.8862,31.9708,32.059,32.1505,32.2452,32.3428,32.4431,32.5459,32.651,32.7582,32.8672,32.9778,33.09,33.2033,33.3178,33.4332,33.5492,33.6658,33.7828,33.8999,34.0171,34.1342,34.251,34.3673,34.4832,34.5983,34.7126,34.826,34.9383,35.0494,35.1593,35.2677,35.3746,35.48,35.5836,35.6854,35.7854,35.8834,35.9794,36.0733,36.165,36.2544,36.3415,36.4261,36.5084,36.5881,36.6652,36.7397,36.8115,36.8806,36.9469,37.0103,37.0709,37.1285,37.1832,37.2348,37.2833,37.3288,37.3711,37.4102,37.446,37.4787,37.508,37.534,37.5566,37.5757,37.5915,37.6037,37.6125,37.6176,37.6192,37.6172,37.6115,37.6021,37.589,37.5721,37.5514,37.5268,37.4984,37.4661,37.4298,37.3895,37.3452,37.2969,37.2444,37.1878,37.1269,37.0619,36.9926,36.9189,36.8409,36.7585,36.6716,36.5802,36.4842,36.3837,36.2785,36.1686,36.0539,35.9344,35.81,35.6807,35.5464,35.407,35.2625,35.1129,34.958,34.7978,34.6321,34.4611,34.2845,34.1023,33.9144,33.7208,33.5213,33.3159,33.1044,32.8869,32.6632,32.4332,32.1968,31.9539,31.7045,31.4483,31.1854,30.9155,30.6387,30.3547,30.0634,29.7648,29.4586,29.1449,28.8233,28.4938,28.1563,27.8106,27.4565,27.0939,26.7227,26.3426,25.9535,25.5552,25.1476,24.7304,24.3035,23.8667,23.4198,22.9625,22.4946,22.016,21.5264,21.0256,20.5134,19.9894,19.4534,18.9053,18.3447,17.7714,17.185,16.5854,15.9722,15.3452,14.7042,14.0487,13.3787,12.6938,11.9938,11.2786,10.5482,9.80239,9.04152,8.26598,7.47661,6.67497,5.86383,5.04823,4.2378,3.45202,2.73329,2.17632,1.95217,2.17659,2.73414,3.45405,4.24189,5.05549,5.87559,6.69276,7.50215,8.30113,9.08831,9.86297,10.6248,11.3737,12.1098,12.8332,13.5442,14.243,14.93,15.6055,16.2697,16.923,17.5656,18.198,18.8203,19.433,20.0361,20.6302,21.2153,21.7918,22.3599,22.9199,23.4719,24.0163,24.5532,25.0828,25.6054,26.1211,26.6301,27.1327,27.6289,28.119,28.6032,29.0815,29.5541,30.0213,30.483,30.9396,31.391,31.8375,32.2791,32.7161,33.1484,33.5763,33.9998,34.419,34.8341,35.2451,35.6521,36.0553,36.4548,36.8505,37.2427,37.6314,38.0166,38.3985,38.7772,39.1526,39.525,39.8943,40.2606,40.624,40.9846,41.3425,41.6976,42.05
38.2125,37.9769,37.7434,37.512,37.283,37.0564,36.8324,36.6111,36.3926,36.1771,35.9647,35.7556,35.5498,35.3476,35.149,34.9544,34.7637,34.5771,34.3949,34.2171,34.044,33.8756,33.7122,33.5538,33.4007,33.2529,33.1106,32.9741,32.8432,32.7183,32.5995,32.4867,32.3802,32.2801,32.1864,32.0991,32.0185,31.9444,31.8771,31.8164,31.7624,31.7151,31.6745,31.6406,31.6133,31.5926,31.5785,31.5708,31.5695,31.5744,31.5856,31.6027,31.6258,31.6546,31.689,31.7288,31.774,31.8242,31.8794,31.9392,32.0036,32.0724,32.1452,32.222,32.3025,32.3865,32.4738,32.5642,32.6574,32.7533,32.8517,32.9524,33.055,33.1596,33.2658,33.3735,33.4824,33.5924,33.7034,33.8151,33.9273,34.04,34.1528,34.2658,34.3787,34.4914,34.6037,34.7155,34.8266,34.937,35.0466,35.1551,35.2625,35.3686,35.4735,35.5769,35.6787,35.7789,35.8774,35.9741,36.0689,36.1617,36.2524,36.3411,36.4275,36.5117,36.5935,36.6729,36.7498,36.8243,36.8961,36.9654,37.0319,37.0957,37.1567,37.2149,37.2701,37.3225,37.3719,37.4182,37.4615,37.5017,37.5387,37.5726,37.6032,37.6306,37.6547,37.6754,37.6927,37.7067,37.7172,37.7242,37.7277,37.7276,37.7239,37.7166,37.7057,37.691,37.6726,37.6504,37.6244,37.5946,37.5608,37.5232,37.4816,37.4359,37.3863,37.3325,37.2746,37.2126,37.1463,37.0758,37.0009,36.9218,36.8382,36.7502,36.6577,36.5607,36.4591,36.3528,36.2419,36.1262,36.0057,35.8804,35.7501,35.6149,35.4746,35.3293,35.1787,35.023,34.8619,34.6955,34.5236,34.3462,34.1632,33.9746,33.7802,33.58,33.3739,33.1618,32.9437,32.7193,32.4887,32.2517,32.0083,31.7583,31.5017,31.2383,30.968,30.6907,30.4063,30.1147,29.8157,29.5093,29.1953,28.8735,28.5439,28.2062,27.8604,27.5063,27.1438,26.7727,26.3927,26.0039,25.606,25.1987,24.7821,24.3557,23.9196,23.4735,23.0171,22.5503,22.073,21.5847,21.0855,20.575,20.053,19.5193,18.9736,18.4159,17.8457,17.2629,16.6673,16.0587,15.4369,14.8017,14.1529,13.4905,12.8143,12.1245,11.4212,10.7046,9.97525,9.23406,8.4824,7.72241,6.95755,6.19333,5.43886,4.70955,4.03213,3.45272,3.04436,2.89391,3.04489,3.45407,4.03489,4.71458,5.44725,6.20639,6.9768,7.74954,8.51927,9.28267,10.0377,10.7832,11.5183,12.2426,12.9559,13.6581,14.3493,15.0296,15.6992,16.3582,17.0068,17.6454,18.2741,18.8932,19.5029,20.1035,20.6951,21.2782,21.8528,22.4191,22.9776,23.5282,24.0714,24.6071,25.1358,25.6574,26.1724,26.6807,27.1826,27.6783,28.1679,28.6516,29.1296,29.6019,30.0688,30.5303,30.9867,31.438,31.8844,32.3259,32.7628,33.1952,33.623,34.0466,34.4658,34.881,35.2921,35.6993,36.1026,36.5022,36.8982,37.2905,37.6794,38.0648,38.447,38.8258,39.2015,39.5741,39.9437,40.3103,40.674,41.0349,41.393,41.7483,42.1011
38.496,38.2637,38.0335,37.8056,37.58,37.3569,37.1363,36.9185,36.7035,36.4914,36.2825,36.0768,35.8745,35.6757,35.4806,35.2893,35.1019,34.9187,34.7397,34.5651,34.3951,34.2297,34.0692,33.9137,33.7633,33.6182,33.4784,33.3442,33.2156,33.0928,32.9759,32.8649,32.76,32.6613,32.5689,32.4827,32.4029,32.3295,32.2626,32.2021,32.1482,32.1007,32.0598,32.0252,31.9972,31.9755,31.9601,31.9509,31.948,31.9511,31.9601,31.975,31.9957,32.0219,32.0535,32.0905,32.1325,32.1796,32.2313,32.2877,32.3485,32.4135,32.4826,32.5555,32.632,32.7119,32.7951,32.8813,32.9703,33.062,33.156,33.2524,33.3507,33.4509,33.5528,33.6561,33.7607,33.8664,33.9731,34.0805,34.1885,34.2969,34.4056,34.5145,34.6233,34.7319,34.8402,34.9481,35.0553,35.1619,35.2676,35.3724,35.4761,35.5787,35.68,35.7799,35.8783,35.9751,36.0703,36.1637,36.2553,36.345,36.4327,36.5183,36.6018,36.683,36.762,36.8386,36.9129,36.9846,37.0538,37.1205,37.1845,37.2458,37.3044,37.3602,37.4132,37.4633,37.5104,37.5546,37.5957,37.6338,37.6688,37.7007,37.7293,37.7548,37.7769,37.7958,37.8114,37.8235,37.8323,37.8376,37.8394,37.8377,37.8324,37.8235,37.811,37.7948,37.775,37.7513,37.7239,37.6926,37.6575,37.6185,37.5756,37.5287,37.4777,37.4227,37.3636,37.3003,37.2329,37.1612,37.0853,37.005,36.9203,36.8313,36.7377,36.6397,36.5371,36.4298,36.3179,36.2013,36.0799,35.9537,35.8225,35.6864,35.5453,35.3991,35.2478,35.0913,34.9295,34.7623,34.5897,34.4116,34.228,34.0387,33.8438,33.643,33.4363,33.2237,33.005,32.7802,32.5491,32.3117,32.0679,31.8175,31.5605,31.2968,31.0263,30.7488,30.4642,30.1725,29.8735,29.567,29.253,28.9313,28.6018,28.2644,27.9189,27.5651,27.203,26.8324,26.453,26.0649,25.6677,25.2614,24.8457,24.4206,23.9857,23.541,23.0863,22.6213,22.1459,21.6599,21.1631,20.6554,20.1364,19.6061,19.0642,18.5106,17.9451,17.3675,16.7777,16.1756,15.5611,14.9341,14.2946,13.6427,12.9786,12.3026,11.6152,10.9172,10.2096,9.49406,8.77301,8.04991,7.32994,6.62086,5.93446,5.28873,4.71085,4.23991,3.92535,3.81402,3.92622,4.24194,4.71461,5.29505,5.94441,6.63573,7.35122,8.07927,8.81229,9.54524,10.2748,10.9986,11.7153,12.4237,13.1232,13.8134,14.4941,15.1651,15.8265,16.4782,17.1203,17.7531,18.3765,18.9909,19.5963,20.193,20.7812,21.3611,21.9328,22.4966,23.0526,23.6011,24.1422,24.6762,25.2032,25.7234,26.2369,26.744,27.2448,27.7395,28.2282,28.711,29.1882,29.6599,30.1261,30.5871,31.043,31.4938,31.9398,32.381,32.8176,33.2497,33.6773,34.1007,34.5198,34.9348,35.3458,35.753,36.1563,36.5558,36.9518,37.3441,37.733,38.1186,38.5008,38.8797,39.2555,39.6282,39.9979,40.3647,40.7285,41.0895,41.4478,41.8034,42.1563
38.7796,38.5506,38.3237,38.0991,37.8768,37.657,37.4398,37.2254,37.0137,36.8051,36.5995,36.3972,36.1982,36.0027,35.8109,35.6228,35.4387,35.2586,35.0827,34.9112,34.7441,34.5816,34.4239,34.2711,34.1234,33.9807,33.8434,33.7114,33.5849,33.4641,33.349,33.2397,33.1364,33.039,32.9477,32.8625,32.7835,32.7107,32.6442,32.584,32.53,32.4824,32.441,32.4059,32.377,32.3543,32.3377,32.3271,32.3226,32.3239,32.331,32.3437,32.362,32.3857,32.4147,32.4488,32.4879,32.5318,32.5803,32.6333,32.6906,32.7521,32.8174,32.8865,32.9592,33.0352,33.1143,33.1965,33.2814,33.3689,33.4589,33.551,33.6451,33.7411,33.8387,33.9378,34.0382,34.1398,34.2422,34.3455,34.4493,34.5536,34.6583,34.763,34.8678,34.9725,35.0769,35.1809,35.2843,35.3871,35.4891,35.5903,35.6904,35.7894,35.8872,35.9836,36.0786,36.1722,36.2641,36.3543,36.4427,36.5293,36.614,36.6966,36.7771,36.8555,36.9317,37.0056,37.0771,37.1462,37.2128,37.2769,37.3384,37.3973,37.4535,37.507,37.5576,37.6055,37.6504,37.6924,37.7314,37.7675,37.8004,37.8303,37.857,37.8805,37.9008,37.9179,37.9316,37.942,37.949,37.9527,37.9528,37.9495,37.9426,37.9322,37.9182,37.9005,37.8791,37.8541,37.8252,37.7926,37.7562,37.7158,37.6716,37.6234,37.5712,37.515,37.4547,37.3903,37.3217,37.2489,37.1719,37.0905,37.0048,36.9147,36.8202,36.7212,36.6176,36.5095,36.3967,36.2792,36.1569,36.0298,35.8979,35.761,35.6191,35.4722,35.3202,35.1629,35.0005,34.8327,34.6595,34.4808,34.2966,34.1068,33.9113,33.7101,33.503,33.2899,33.0709,32.8457,32.6143,32.3767,32.1326,31.8821,31.625,31.3612,31.0906,30.8131,30.5285,30.2369,29.938,29.6318,29.3181,28.9968,28.6677,28.3308,27.9859,27.6328,27.2715,26.9017,26.5234,26.1363,25.7404,25.3355,24.9214,24.4979,24.0649,23.6223,23.1698,22.7074,22.2348,21.7518,21.2584,20.7543,20.2394,19.7135,19.1766,18.6284,18.069,17.4981,16.9157,16.3219,15.7166,15.1,14.4721,13.8334,13.1842,12.5252,11.8572,11.1814,10.4997,9.81418,9.1283,8.44659,7.77548,7.12406,6.50513,5.93654,5.44234,5.05273,4.80065,4.7134,4.80194,5.0556,5.44733,5.94446,6.51704,7.14121,7.79934,8.47879,9.17066,9.86865,10.5683,11.2665,11.961,12.6501,13.3328,14.0082,14.6758,15.3352,15.9862,16.6287,17.2625,17.8878,18.5045,19.1128,19.7127,20.3044,20.888,21.4637,22.0316,22.5919,23.1447,23.6903,24.2288,24.7603,25.285,25.8031,26.3148,26.8201,27.3193,27.8125,28.2998,28.7814,29.2574,29.728,30.1932,30.6533,31.1084,31.5585,32.0038,32.4444,32.8804,33.312,33.7392,34.1621,34.5808,34.9955,35.4063,35.8131,36.2162,36.6155,37.0113,37.4035,37.7923,38.1778,38.5599,38.9388,39.3146,39.6873,40.057,40.4237,40.7876,41.1487,41.507,41.8627,42.2157
39.0633,38.8375,38.6138,38.3924,38.1734,37.9569,37.7429,37.5317,37.3234,37.118,36.9157,36.7166,36.5208,36.3285,36.1399,35.9549,35.7739,35.5968,35.4239,35.2553,35.0911,34.9314,34.7764,34.6262,34.4809,34.3406,34.2055,34.0757,33.9513,33.8323,33.7189,33.6112,33.5093,33.4132,33.3229,33.2387,33.1604,33.0882,33.022,32.962,32.908,32.8601,32.8184,32.7826,32.7529,32.7292,32.7115,32.6995,32.6934,32.693,32.6981,32.7088,32.7248,32.7461,32.7725,32.8038,32.84,32.8809,32.9263,32.9761,33.03,33.088,33.1498,33.2152,33.2841,33.3563,33.4316,33.5099,33.5908,33.6743,33.7602,33.8483,33.9383,34.0302,34.1237,34.2187,34.315,34.4124,34.5107,34.6099,34.7097,34.81,34.9107,35.0115,35.1124,35.2132,35.3137,35.4139,35.5136,35.6127,35.7111,35.8086,35.9051,36.0006,36.095,36.188,36.2797,36.37,36.4587,36.5457,36.631,36.7146,36.7962,36.8759,36.9535,37.0291,37.1025,37.1736,37.2425,37.309,37.373,37.4346,37.4937,37.5501,37.6039,37.6551,37.7034,37.749,37.7918,37.8317,37.8686,37.9026,37.9335,37.9614,37.9862,38.0078,38.0263,38.0415,38.0535,38.0621,38.0675,38.0694,38.0679,38.063,38.0546,38.0426,38.0271,38.008,37.9852,37.9587,37.9285,37.8945,37.8567,37.8151,37.7696,37.7202,37.6668,37.6094,37.548,37.4824,37.4127,37.3389,37.2608,37.1784,37.0917,37.0007,36.9052,36.8053,36.7008,36.5918,36.4781,36.3598,36.2367,36.1089,35.9762,35.8386,35.6961,35.5485,35.3958,35.238,35.0749,34.9066,34.7329,34.5537,34.3691,34.1789,33.983,33.7814,33.5739,33.3606,33.1413,32.916,32.6844,32.4467,32.2025,31.952,31.6949,31.4312,31.1607,30.8834,30.5992,30.3079,30.0094,29.7036,29.3905,29.0698,28.7415,28.4053,28.0613,27.7093,27.3491,26.9806,26.6037,26.2182,25.824,25.4209,25.0088,24.5876,24.1571,23.7171,23.2676,22.8083,22.3392,21.86,21.3708,20.8713,20.3614,19.841,19.3102,18.7687,18.2165,17.6537,17.0803,16.4963,15.9021,15.2977,14.6835,14.0602,13.4283,12.7887,12.1428,11.4922,10.8391,10.1865,9.53831,8.8999,8.27837,7.68323,7.12706,6.62604,6.20011,5.87193,5.66384,5.5929,5.66564,5.87579,6.20657,6.63587,7.14129,7.7031,8.3053,8.93551,9.58438,10.2449,10.912,11.5817,12.2512,12.9185,13.5818,14.24,14.8924,15.5382,16.1769,16.8084,17.4324,18.0487,18.6573,19.2582,19.8514,20.437,21.015,21.5856,22.1488,22.7048,23.2537,23.7956,24.3307,24.8591,25.381,25.8965,26.4057,26.9087,27.4058,27.8971,28.3826,28.8625,29.337,29.8062,30.2701,30.729,31.1829,31.632,32.0763,32.516,32.9512,33.382,33.8085,34.2308,34.6489,35.0631,35.4733,35.8797,36.2824,36.6814,37.0768,37.4688,37.8573,38.2425,38.6244,39.0031,39.3787,39.7513,40.1209,40.4875,40.8513,41.2124,41.5707,41.9263,42.2793
39.3471,39.1244,38.9038,38.6856,38.4697,38.2563,38.0456,37.8375,37.6323,37.4301,37.2309,37.035,36.8423,36.6531,36.4675,36.2856,36.1075,35.9334,35.7633,35.5975,35.436,35.279,35.1265,34.9788,34.8358,34.6979,34.5649,34.4371,34.3146,34.1974,34.0857,33.9795,33.8789,33.7839,33.6947,33.6113,33.5337,33.462,33.3961,33.3362,33.2822,33.2341,33.1919,33.1556,33.1251,33.1004,33.0815,33.0682,33.0606,33.0584,33.0617,33.0703,33.0842,33.1031,33.127,33.1557,33.1891,33.2271,33.2695,33.3161,33.3667,33.4213,33.4797,33.5416,33.6069,33.6754,33.7469,33.8214,33.8985,33.9781,34.06,34.1441,34.2302,34.3181,34.4076,34.4986,34.5909,34.6843,34.7787,34.8739,34.9697,35.0661,35.1628,35.2598,35.3568,35.4538,35.5506,35.6471,35.7431,35.8386,35.9333,36.0273,36.1204,36.2124,36.3034,36.3931,36.4815,36.5685,36.6541,36.738,36.8202,36.9007,36.9794,37.0562,37.131,37.2037,37.2744,37.3428,37.409,37.4729,37.5344,37.5935,37.6501,37.7042,37.7556,37.8045,37.8506,37.894,37.9346,37.9723,38.0072,38.0391,38.0681,38.094,38.1169,38.1366,38.1533,38.1667,38.1769,38.1839,38.1875,38.1878,38.1847,38.1782,38.1683,38.1548,38.1378,38.1172,38.093,38.0652,38.0336,37.9983,37.9593,37.9164,37.8697,37.819,37.7645,37.7059,37.6434,37.5767,37.506,37.4311,37.352,37.2686,37.181,37.089,36.9927,36.8919,36.7866,36.6767,36.5623,36.4432,36.3194,36.1909,36.0575,35.9193,35.7761,35.6279,35.4747,35.3164,35.1528,34.984,34.8099,34.6304,34.4454,34.2548,34.0587,33.8569,33.6492,33.4358,33.2164,32.9909,32.7594,32.5217,32.2776,32.0272,31.7704,31.5069,31.2368,30.9599,30.6761,30.3854,30.0875,29.7825,29.4701,29.1504,28.823,28.488,28.1453,27.7946,27.4359,27.069,26.6939,26.3103,25.9182,25.5175,25.1079,24.6894,24.2619,23.8252,23.3792,22.9238,22.4588,21.9843,21.5,21.0059,20.5019,19.988,19.4642,18.9304,18.3868,17.8333,17.2702,16.6976,16.1158,15.5253,14.9266,14.3204,13.7076,13.0895,12.4676,11.844,11.2214,10.603,9.99344,9.39827,8.82484,8.28243,7.78264,7.33947,6.96899,6.68812,6.51247,6.45331,6.51484,6.69311,6.97711,7.35149,7.79954,8.30542,8.85532,9.43782,10.0438,10.6661,11.2992,11.9387,12.5815,13.2248,13.8669,14.5062,15.1415,15.772,16.397,17.016,17.6286,18.2347,18.834,19.4264,20.0118,20.5903,21.1618,21.7263,22.284,22.8349,23.3791,23.9167,24.4478,24.9725,25.4909,26.0032,26.5095,27.0098,27.5043,27.9932,28.4765,28.9544,29.427,29.8943,30.3567,30.814,31.2665,31.7142,32.1573,32.5958,33.03,33.4598,33.8853,34.3067,34.7241,35.1375,35.5471,35.9528,36.3549,36.7534,37.1483,37.5397,37.9278,38.3126,38.6942,39.0726,39.4479,39.8202,40.1896,40.556,40.9196,41.2805,41.6387,41.9942,42.3471
39.6309,39.4112,39.1937,38.9785,38.7657,38.5554,38.3477,38.1427,37.9406,37.7414,37.5453,37.3524,37.1627,36.9765,36.7938,36.6148,36.4396,36.2682,36.1009,35.9378,35.7789,35.6244,35.4744,35.329,35.1883,35.0525,34.9216,34.7958,34.6751,34.5596,34.4494,34.3446,34.2452,34.1514,34.0631,33.9805,33.9035,33.8322,33.7667,33.7068,33.6528,33.6044,33.5618,33.5249,33.4936,33.4679,33.4479,33.4333,33.4242,33.4204,33.4218,33.4285,33.4402,33.4568,33.4783,33.5045,33.5352,33.5703,33.6098,33.6533,33.7008,33.7522,33.8072,33.8656,33.9274,33.9924,34.0603,34.131,34.2044,34.2802,34.3584,34.4386,34.5208,34.6048,34.6904,34.7775,34.8659,34.9554,35.0459,35.1372,35.2292,35.3218,35.4147,35.5079,35.6012,35.6944,35.7875,35.8803,35.9728,36.0647,36.1559,36.2464,36.3361,36.4247,36.5124,36.5988,36.684,36.7678,36.8502,36.931,37.0103,37.0878,37.1635,37.2374,37.3094,37.3794,37.4473,37.5131,37.5767,37.638,37.697,37.7536,37.8078,37.8595,37.9086,37.9552,37.9991,38.0403,38.0787,38.1144,38.1472,38.1771,38.2041,38.2281,38.2491,38.267,38.2818,38.2935,38.302,38.3072,38.3092,38.3079,38.3032,38.2952,38.2837,38.2687,38.2503,38.2283,38.2027,38.1735,38.1406,38.104,38.0637,38.0196,37.9717,37.9199,37.8642,37.8045,37.7409,37.6732,37.6015,37.5256,37.4455,37.3612,37.2727,37.1798,37.0826,36.981,36.8749,36.7643,36.6492,36.5294,36.4049,36.2758,36.1418,36.003,35.8593,35.7106,35.5569,35.3981,35.2342,35.065,34.8906,34.7108,34.5255,34.3348,34.1385,33.9365,33.7288,33.5153,33.296,33.0706,32.8392,32.6017,32.3579,32.1078,31.8513,31.5883,31.3187,31.0424,30.7594,30.4694,30.1724,29.8683,29.557,29.2384,28.9124,28.5788,28.2375,27.8885,27.5316,27.1668,26.7938,26.4126,26.023,25.625,25.2185,24.8032,24.3792,23.9463,23.5044,23.0535,22.5934,22.124,21.6454,21.1576,20.6603,20.1538,19.6379,19.1129,18.5788,18.0357,17.484,16.924,16.356,15.7807,15.1988,14.6111,14.0189,13.4236,12.827,12.2316,11.6401,11.0564,10.4849,9.93163,9.40352,8.9093,8.45928,8.06527,7.74006,7.49645,7.34563,7.29539,7.34862,7.50269,7.75004,8.07972,8.47917,8.9358,9.43799,9.97561,10.5402,11.1247,11.7235,12.3321,12.947,13.5654,14.1848,14.8037,15.4207,16.0345,16.6444,17.2497,17.8499,18.4445,19.0334,19.6163,20.193,20.7634,21.3275,21.8852,22.4367,22.9818,23.5206,24.0532,24.5797,25.1001,25.6145,26.1231,26.6259,27.123,27.6146,28.1007,28.5814,29.0568,29.5271,29.9924,30.4527,30.9082,31.359,31.8051,32.2467,32.6838,33.1166,33.5452,33.9696,34.3899,34.8063,35.2187,35.6274,36.0323,36.4336,36.8314,37.2257,37.6165,38.004,38.3883,38.7694,39.1473,39.5222,39.8941,40.2631,40.6292,40.9926,41.3531,41.711,42.0663,42.419
39.9147,39.698,39.4834,39.2712,39.0613,38.854,38.6493,38.4473,38.2481,38.0519,37.8587,37.6687,37.482,37.2986,37.1188,36.9425,36.77,36.6014,36.4367,36.2762,36.1198,35.9677,35.82,35.6769,35.5384,35.4046,35.2757,35.1517,35.0327,34.9187,34.81,34.7065,34.6083,34.5155,34.4282,34.3462,34.2698,34.199,34.1337,34.0739,34.0197,33.9711,33.9281,33.8905,33.8585,33.8319,33.8107,33.7948,33.7843,33.7789,33.7786,33.7833,33.7929,33.8074,33.8265,33.8502,33.8783,33.9107,33.9473,33.9879,34.0324,34.0806,34.1323,34.1875,34.2458,34.3073,34.3717,34.4389,34.5086,34.5808,34.6552,34.7317,34.8102,34.8904,34.9722,35.0555,35.1401,35.2258,35.3125,35.4,35.4883,35.5771,35.6663,35.7557,35.8453,35.9349,36.0244,36.1137,36.2026,36.291,36.3788,36.4659,36.5521,36.6375,36.7218,36.805,36.887,36.9677,37.047,37.1248,37.2011,37.2757,37.3485,37.4196,37.4888,37.5561,37.6213,37.6844,37.7454,37.8042,37.8607,37.9149,37.9667,38.016,38.0629,38.1072,38.1489,38.1879,38.2242,38.2578,38.2886,38.3165,38.3415,38.3636,38.3828,38.3988,38.4119,38.4218,38.4286,38.4322,38.4325,38.4296,38.4234,38.4138,38.4008,38.3844,38.3645,38.3411,38.3142,38.2836,38.2495,38.2117,38.1701,38.1248,38.0757,38.0228,37.966,37.9053,37.8406,37.7719,37.6992,37.6223,37.5413,37.4562,37.3668,37.2731,37.1751,37.0727,36.9659,36.8546,36.7388,36.6184,36.4933,36.3636,36.2291,36.0898,35.9456,35.7965,35.6424,35.4832,35.319,35.1496,34.9749,34.7949,34.6095,34.4187,34.2223,34.0204,33.8127,33.5993,33.3801,33.155,32.9239,32.6867,32.4433,32.1937,31.9378,31.6754,31.4065,31.131,30.8488,30.5598,30.2639,29.961,29.651,29.3338,29.0093,28.6774,28.338,27.991,27.6363,27.2738,26.9033,26.5248,26.1382,25.7434,25.3402,24.9287,24.5087,24.0801,23.6429,23.1969,22.7423,22.2789,21.8066,21.3257,20.8359,20.3375,19.8305,19.315,18.7913,18.2597,17.7204,17.1739,16.6208,16.0617,15.4976,14.9295,14.3588,13.7871,13.2166,12.6496,12.0894,11.5397,11.0052,10.4915,10.0053,9.55454,9.14811,8.79585,8.508,8.29433,8.16308,8.11987,8.16676,8.30193,8.52001,8.81297,9.17127,9.58489,10.0442,10.5404,11.0657,11.6138,12.1789,12.7567,13.3434,13.9361,14.5322,15.1298,15.7273,16.3235,16.9173,17.5079,18.0946,18.6769,19.2544,19.8269,20.394,20.9556,21.5115,22.0617,22.6061,23.1448,23.6776,24.2046,24.7259,25.2415,25.7515,26.2559,26.7548,27.2482,27.7364,28.2193,28.697,29.1697,29.6374,30.1002,30.5582,31.0116,31.4603,31.9045,32.3443,32.7798,33.2111,33.6381,34.0612,34.4802,34.8954,35.3067,35.7143,36.1182,36.5186,36.9155,37.3089,37.699,38.0858,38.4694,38.8498,39.2272,39.6015,39.9729,40.3414,40.7071,41.07,41.4302,41.7878,42.1427,42.4952
40.1984,39.9845,39.7728,39.5635,39.3565,39.1521,38.9503,38.7512,38.5549,38.3615,38.1712,37.984,37.8,37.6194,37.4423,37.2688,37.0989,36.9329,36.7707,36.6126,36.4586,36.3089,36.1634,36.0225,35.886,35.7542,35.6271,35.5048,35.3875,35.275,35.1677,35.0654,34.9684,34.8765,34.79,34.7087,34.6329,34.5624,34.4972,34.4375,34.3833,34.3344,34.2909,34.2527,34.2199,34.1924,34.1701,34.153,34.141,34.134,34.132,34.1349,34.1425,34.1548,34.1716,34.1929,34.2185,34.2483,34.2821,34.3198,34.3614,34.4065,34.4551,34.507,34.5621,34.6203,34.6812,34.7449,34.8111,34.8797,34.9505,35.0234,35.0982,35.1748,35.2529,35.3325,35.4134,35.4954,35.5784,35.6622,35.7468,35.8319,35.9175,36.0033,36.0893,36.1754,36.2613,36.3471,36.4325,36.5175,36.6019,36.6856,36.7686,36.8507,36.9318,37.0118,37.0907,37.1683,37.2445,37.3194,37.3927,37.4644,37.5344,37.6027,37.6691,37.7337,37.7962,37.8568,37.9152,37.9715,38.0256,38.0773,38.1268,38.1738,38.2184,38.2604,38.2999,38.3368,38.3711,38.4026,38.4313,38.4573,38.4804,38.5006,38.5179,38.5322,38.5435,38.5517,38.5567,38.5587,38.5574,38.5529,38.5451,38.5341,38.5196,38.5018,38.4805,38.4557,38.4275,38.3957,38.3602,38.3212,38.2784,38.232,38.1817,38.1277,38.0699,38.0081,37.9424,37.8728,37.7991,37.7213,37.6395,37.5535,37.4633,37.3688,37.2701,37.167,37.0595,36.9475,36.8311,36.7101,36.5845,36.4543,36.3193,36.1796,36.035,35.8856,35.7312,35.5717,35.4073,35.2376,35.0628,34.8827,34.6973,34.5065,34.3102,34.1084,33.9009,33.6877,33.4688,33.244,33.0133,32.7766,32.5338,32.2849,32.0296,31.7681,31.5001,31.2256,30.9445,30.6566,30.362,30.0606,29.7521,29.4366,29.1139,28.784,28.4467,28.102,27.7497,27.3898,27.0222,26.6468,26.2635,25.8723,25.473,25.0656,24.65,24.2262,23.7941,23.3538,22.9051,22.4482,21.983,21.5095,21.0279,20.5383,20.0408,19.5357,19.0232,18.5037,17.9777,17.4455,16.9081,16.3661,15.8205,15.2727,14.724,14.1764,13.6319,13.0933,12.5637,12.047,11.5476,11.071,10.6232,10.2112,9.84286,9.52624,9.26955,9.08037,8.96494,8.92743,8.96936,9.08944,9.28373,9.54623,9.86956,10.2457,10.6668,11.1252,11.614,12.1274,12.66,13.2076,13.7663,14.3332,14.9055,15.4814,16.0589,16.6367,17.2136,17.7887,18.3612,18.9304,19.4958,20.0571,20.6138,21.1659,21.713,22.255,22.7918,23.3234,23.8496,24.3705,24.8861,25.3964,25.9014,26.4012,26.8957,27.3851,27.8695,28.3488,28.8232,29.2927,29.7575,30.2175,30.673,31.1239,31.5703,32.0124,32.4502,32.8838,33.3132,33.7386,34.1601,34.5776,34.9914,35.4014,35.8077,36.2105,36.6098,37.0056,37.398,37.7872,38.1731,38.5559,38.9356,39.3122,39.6859,40.0567,40.4246,40.7897,41.1521,41.5118,41.8689,42.2234,42.5754
40.4819,40.2708,40.0619,39.8554,39.6513,39.4496,39.2506,39.0543,38.8608,38.6702,38.4826,38.2981,38.1169,37.939,37.7645,37.5935,37.4262,37.2626,37.1029,36.9472,36.7955,36.6479,36.5046,36.3657,36.2312,36.1013,35.976,35.8553,35.7395,35.6285,35.5225,35.4214,35.3254,35.2344,35.1486,35.068,34.9926,34.9224,34.8575,34.7978,34.7434,34.6942,34.6502,34.6115,34.5779,34.5495,34.5261,34.5078,34.4944,34.4859,34.4822,34.4833,34.489,34.4992,34.5138,34.5328,34.5559,34.5831,34.6143,34.6492,34.6879,34.73,34.7756,34.8244,34.8763,34.9312,34.9888,35.0491,35.1119,35.1771,35.2444,35.3138,35.385,35.458,35.5325,35.6085,35.6858,35.7642,35.8436,35.9238,36.0048,36.0863,36.1683,36.2506,36.3331,36.4157,36.4982,36.5805,36.6625,36.7441,36.8252,36.9056,36.9853,37.0642,37.1422,37.2191,37.2949,37.3694,37.4427,37.5146,37.585,37.6538,37.7211,37.7866,37.8503,37.9122,37.9722,38.0301,38.0861,38.1399,38.1915,38.2409,38.288,38.3327,38.375,38.4149,38.4522,38.487,38.5192,38.5487,38.5755,38.5995,38.6207,38.6391,38.6545,38.667,38.6765,38.683,38.6865,38.6868,38.6839,38.6779,38.6686,38.656,38.6401,38.6209,38.5983,38.5722,38.5426,38.5095,38.4728,38.4326,38.3887,38.3411,38.2898,38.2347,38.1758,38.113,38.0464,37.9758,37.9012,37.8226,37.7399,37.6531,37.5622,37.467,37.3675,37.2638,37.1557,37.0431,36.9261,36.8046,36.6786,36.5479,36.4125,36.2724,36.1276,35.9778,35.8232,35.6636,35.499,35.3293,35.1544,34.9743,34.789,34.5983,34.4021,34.2005,33.9933,33.7805,33.562,33.3377,33.1076,32.8715,32.6294,32.3812,32.1269,31.8663,31.5994,31.3261,31.0462,30.7598,30.4667,30.1669,29.8602,29.5466,29.2259,28.8982,28.5633,28.2212,27.8717,27.5147,27.1503,26.7783,26.3987,26.0114,25.6164,25.2135,24.8028,24.3843,23.9578,23.5235,23.0814,22.6314,22.1737,21.7084,21.2355,20.7553,20.268,19.7739,19.2732,18.7665,18.2543,17.7372,17.216,16.6915,16.165,15.6378,15.1114,14.5878,14.0692,13.5584,13.0585,12.5732,12.1068,11.6644,11.2515,10.8742,10.5391,10.2531,10.0227,9.85388,9.7515,9.71872,9.7567,9.86451,10.0392,10.2761,10.5696,10.9132,11.3002,11.7243,12.1795,12.6604,13.1621,13.6804,14.2118,14.7531,15.3018,15.8556,16.4128,16.9719,17.5314,18.0904,18.648,19.2035,19.7562,20.3057,20.8515,21.3934,21.9311,22.4643,22.993,23.517,24.0361,24.5504,25.0598,25.5643,26.0639,26.5586,27.0484,27.5334,28.0136,28.489,28.9597,29.4258,29.8873,30.3443,30.7969,31.2451,31.689,32.1286,32.5641,32.9956,33.423,33.8465,34.2662,34.682,35.0942,35.5027,35.9076,36.309,36.707,37.1016,37.493,37.8811,38.266,38.6478,39.0266,39.4024,39.7753,40.1453,40.5125,40.8769,41.2387,41.5978,41.9543,42.3084,42.6599
40.7653,40.5569,40.3507,40.1469,39.9455,39.7466,39.5503,39.3567,39.1659,38.978,38.793,38.6112,38.4325,38.2572,38.0852,37.9168,37.7519,37.5907,37.4333,37.2798,37.1303,36.9849,36.8437,36.7067,36.5741,36.4459,36.3223,36.2032,36.0889,35.9792,35.8744,35.7744,35.6794,35.5893,35.5042,35.4242,35.3492,35.2793,35.2145,35.1548,35.1002,35.0507,35.0063,34.967,34.9326,34.9033,34.8789,34.8593,34.8446,34.8346,34.8293,34.8286,34.8324,34.8406,34.8531,34.8698,34.8905,34.9153,34.9438,34.9761,35.012,35.0513,35.0939,35.1397,35.1885,35.2402,35.2946,35.3516,35.4111,35.4729,35.5368,35.6027,35.6705,35.74,35.811,35.8835,35.9572,36.0321,36.108,36.1847,36.2622,36.3402,36.4188,36.4976,36.5767,36.6558,36.7349,36.8138,36.8925,36.9708,37.0487,37.1259,37.2024,37.2781,37.353,37.4268,37.4996,37.5712,37.6415,37.7105,37.778,37.8441,37.9085,37.9713,38.0324,38.0916,38.149,38.2045,38.2579,38.3093,38.3585,38.4055,38.4503,38.4928,38.5329,38.5706,38.6058,38.6385,38.6686,38.6961,38.7209,38.743,38.7624,38.7789,38.7926,38.8033,38.8111,38.8159,38.8177,38.8164,38.812,38.8044,38.7937,38.7797,38.7624,38.7417,38.7178,38.6904,38.6595,38.6252,38.5873,38.5459,38.5009,38.4522,38.3998,38.3437,38.2838,38.2201,38.1525,38.081,38.0056,37.9261,37.8427,37.7551,37.6634,37.5676,37.4675,37.3631,37.2544,37.1414,37.0239,36.902,36.7755,36.6444,36.5087,36.3683,36.2232,36.0733,35.9185,35.7588,35.5941,35.4244,35.2496,35.0696,34.8844,34.6939,34.4981,34.2968,34.09,33.8777,33.6597,33.436,33.2066,32.9713,32.73,32.4828,32.2295,31.9701,31.7044,31.4324,31.154,30.8692,30.5778,30.2798,29.9751,29.6636,29.3453,29.02,28.6878,28.3485,28.002,27.6484,27.2874,26.9192,26.5436,26.1606,25.7701,25.3722,24.9668,24.5539,24.1335,23.7057,23.2705,22.828,22.3783,21.9215,21.4579,20.9877,20.511,20.0284,19.5401,19.0467,18.5488,18.0471,17.5425,17.0359,16.5287,16.0221,15.5179,15.018,14.5248,14.0409,13.5694,13.1139,12.6784,12.2674,11.8861,11.5396,11.2338,10.9742,10.7662,10.6146,10.5231,10.4944,10.5292,10.6268,10.7851,11.0005,11.2683,11.5833,11.9402,12.3334,12.7577,13.2083,13.6808,14.1712,14.6761,15.1925,15.7178,16.2498,16.7867,17.3267,17.8686,18.4112,18.9535,19.4948,20.0343,20.5715,21.106,21.6372,22.165,22.689,23.209,23.7249,24.2365,24.7437,25.2466,25.7449,26.2386,26.7279,27.2126,27.6928,28.1684,28.6396,29.1063,29.5686,30.0266,30.4803,30.9297,31.3749,31.816,32.253,32.686,33.1151,33.5403,33.9617,34.3794,34.7933,35.2037,35.6105,36.0138,36.4138,36.8103,37.2036,37.5936,37.9805,38.3643,38.745,39.1228,39.4976,39.8696,40.2387,40.6051,40.9688,41.3298,41.6882,42.0441,42.3975,42.7484
41.0483,40.8426,40.6391,40.4379,40.2392,40.0429,39.8493,39.6583,39.4701,39.2848,39.1024,38.9231,38.747,38.5741,38.4046,38.2385,38.076,37.9171,37.7619,37.6106,37.4632,37.3198,37.1806,37.0455,36.9146,36.7882,36.6661,36.5486,36.4356,36.3272,36.2235,36.1246,36.0305,35.9412,35.8568,35.7773,35.7027,35.633,35.5683,35.5086,35.4539,35.4041,35.3592,35.3192,35.2841,35.2539,35.2284,35.2077,35.1917,35.1803,35.1734,35.171,35.1729,35.1791,35.1896,35.204,35.2225,35.2448,35.2709,35.3005,35.3337,35.3702,35.4099,35.4528,35.4986,35.5472,35.5985,35.6523,35.7086,35.7671,35.8277,35.8903,35.9547,36.0208,36.0884,36.1575,36.2278,36.2993,36.3717,36.445,36.519,36.5937,36.6688,36.7443,36.8199,36.8957,36.9715,37.0472,37.1226,37.1977,37.2723,37.3463,37.4197,37.4924,37.5642,37.635,37.7048,37.7734,37.8408,37.907,37.9717,38.035,38.0967,38.1569,38.2153,38.272,38.3268,38.3798,38.4307,38.4797,38.5266,38.5713,38.6138,38.654,38.6919,38.7275,38.7606,38.7912,38.8193,38.8449,38.8677,38.888,38.9054,38.9201,38.932,38.9411,38.9472,38.9503,38.9505,38.9476,38.9417,38.9326,38.9204,38.905,38.8863,38.8643,38.839,38.8103,38.7782,38.7427,38.7037,38.6611,38.615,38.5652,38.5118,38.4547,38.3938,38.3292,38.2607,38.1884,38.1122,38.032,37.9477,37.8595,37.7671,37.6706,37.57,37.465,37.3558,37.2423,37.1244,37.002,36.8752,36.7438,36.6079,36.4673,36.322,36.1719,36.0171,35.8573,35.6927,35.5231,35.3484,35.1686,34.9836,34.7935,34.598,34.3971,34.1909,33.9791,33.7618,33.5389,33.3103,33.0759,32.8356,32.5895,32.3374,32.0792,31.815,31.5445,31.2677,30.9847,30.6952,30.3992,30.0967,29.7876,29.4718,29.1493,28.8199,28.4837,28.1405,27.7904,27.4333,27.0691,26.6978,26.3194,25.9339,25.5412,25.1414,24.7345,24.3206,23.8996,23.4718,23.0372,22.5959,22.1482,21.6942,21.2343,20.7688,20.298,19.8225,19.3428,18.8595,18.3735,17.8857,17.3972,16.9092,16.4232,15.9409,15.4642,14.9956,14.5375,14.093,13.6654,13.2585,12.8764,12.5236,12.2047,11.9246,11.688,11.4993,11.3623,11.2802,11.2549,11.2871,11.3764,11.5208,11.7177,11.9633,12.2534,12.5835,12.9488,13.345,13.7676,14.2127,14.6766,15.1561,15.6484,16.1509,16.6614,17.178,17.6991,18.2233,18.7493,19.2761,19.8029,20.3289,20.8534,21.3761,21.8963,22.4137,22.928,23.439,23.9464,24.4501,24.9499,25.4457,25.9375,26.4251,26.9086,27.3878,27.8628,28.3337,28.8003,29.2627,29.721,30.1752,30.6252,31.0712,31.5132,31.9513,32.3854,32.8157,33.2422,33.665,34.0841,34.4995,34.9115,35.3199,35.7248,36.1264,36.5246,36.9196,37.3114,37.7,38.0855,38.468,38.8476,39.2242,39.5979,39.9688,40.337,40.7024,41.0652,41.4254,41.783,42.1382,42.4908,42.8411
41.3312,41.128,40.9271,40.7285,40.5323,40.3386,40.1475,39.9591,39.7734,39.5906,39.4107,39.2339,39.0602,38.8897,38.7225,38.5587,38.3985,38.2418,38.0888,37.9396,37.7942,37.6527,37.5153,37.382,37.2529,37.128,37.0075,36.8914,36.7797,36.6725,36.57,36.472,36.3788,36.2902,36.2064,36.1274,36.0531,35.9837,35.9191,35.8593,35.8044,35.7543,35.7089,35.6683,35.6325,35.6014,35.5749,35.5531,35.5357,35.5229,35.5145,35.5104,35.5105,35.5149,35.5232,35.5356,35.5518,35.5718,35.5954,35.6225,35.653,35.6869,35.7238,35.7638,35.8067,35.8523,35.9006,35.9514,36.0045,36.0598,36.1172,36.1765,36.2376,36.3004,36.3648,36.4305,36.4975,36.5656,36.6347,36.7046,36.7753,36.8466,36.9184,36.9906,37.063,37.1355,37.208,37.2804,37.3527,37.4246,37.496,37.567,37.6373,37.7069,37.7757,37.8436,37.9104,37.9762,38.0408,38.1041,38.1661,38.2266,38.2857,38.3432,38.399,38.4531,38.5055,38.556,38.6045,38.6511,38.6956,38.7381,38.7783,38.8164,38.8521,38.8855,38.9166,38.9452,38.9713,38.9949,39.0159,39.0342,39.0499,39.0628,39.0729,39.0802,39.0847,39.0862,39.0848,39.0804,39.0729,39.0624,39.0487,39.0319,39.0118,38.9886,38.962,38.932,38.8987,38.862,38.8219,38.7782,38.731,38.6802,38.6258,38.5677,38.506,38.4404,38.3711,38.298,38.221,38.14,38.0551,37.9662,37.8732,37.7761,37.6749,37.5695,37.4598,37.3459,37.2276,37.1049,36.9778,36.8462,36.71,36.5693,36.4239,36.2738,36.1189,35.9592,35.7947,35.6252,35.4507,35.2712,35.0866,34.8969,34.7019,34.5016,34.2959,34.0849,33.8684,33.6463,33.4186,33.1853,32.9462,32.7013,32.4505,32.1938,31.9311,31.6623,31.3873,31.1062,30.8188,30.5251,30.225,29.9185,29.6054,29.2858,28.9595,28.6267,28.2871,27.9407,27.5876,27.2278,26.8611,26.4876,26.1073,25.7202,25.3263,24.9258,24.5186,24.1049,23.6848,23.2584,22.8259,22.3875,21.9436,21.4944,21.0402,20.5817,20.1192,19.6534,19.185,18.7148,18.2439,17.7733,17.3044,16.8386,16.3777,15.9237,15.4787,15.0453,14.6263,14.2248,13.8444,13.4887,13.1616,12.8674,12.61,12.3935,12.2216,12.0973,12.0233,12.001,12.0311,12.1132,12.2458,12.4268,12.6531,12.9212,13.2275,13.5678,13.9382,14.335,14.7546,15.1936,15.649,16.1181,16.5985,17.088,17.5847,18.0871,18.5935,19.1029,19.6141,20.1263,20.6385,21.1502,21.6607,22.1696,22.6763,23.1807,23.6823,24.1809,24.6763,25.1683,25.6568,26.1417,26.6228,27.1002,27.5737,28.0433,28.509,28.9708,29.4287,29.8826,30.3327,30.7789,31.2213,31.6598,32.0946,32.5257,32.9531,33.3768,33.7969,34.2135,34.6266,35.0363,35.4426,35.8455,36.2451,36.6416,37.0348,37.4249,37.812,38.1961,38.5771,38.9553,39.3307,39.7032,40.0729,40.44,40.8044,41.1662,41.5255,41.8822,42.2365,42.5884,42.9379
41.6137,41.413,41.2146,41.0185,40.8248,40.6336,40.445,40.259,40.0758,39.8954,39.7179,39.5435,39.3721,39.2039,39.039,38.8775,38.7194,38.5648,38.4139,38.2666,38.1232,37.9836,37.848,37.7164,37.5889,37.4656,37.3465,37.2317,37.1213,37.0153,36.9137,36.8167,36.7242,36.6364,36.5531,36.4745,36.4006,36.3314,36.2669,36.207,36.1519,36.1014,36.0556,36.0144,35.9779,35.9459,35.9184,35.8954,35.8768,35.8626,35.8527,35.847,35.8454,35.8478,35.8542,35.8645,35.8786,35.8962,35.9175,35.9422,35.9701,36.0013,36.0356,36.0728,36.1129,36.1556,36.2009,36.2487,36.2987,36.3509,36.4052,36.4614,36.5193,36.5789,36.64,36.7025,36.7662,36.831,36.8969,36.9635,37.031,37.099,37.1676,37.2365,37.3057,37.375,37.4443,37.5136,37.5827,37.6515,37.7199,37.7878,37.8551,37.9217,37.9876,38.0525,38.1165,38.1794,38.2412,38.3018,38.361,38.4189,38.4754,38.5302,38.5835,38.6351,38.685,38.7331,38.7792,38.8235,38.8657,38.9059,38.9439,38.9798,39.0134,39.0448,39.0738,39.1004,39.1245,39.1462,39.1653,39.1818,39.1956,39.2068,39.2152,39.2209,39.2237,39.2236,39.2206,39.2147,39.2058,39.1938,39.1787,39.1605,39.1391,39.1145,39.0867,39.0555,39.021,38.9832,38.9419,38.8972,38.8489,38.7971,38.7418,38.6828,38.6201,38.5538,38.4836,38.4097,38.332,38.2503,38.1647,38.0752,37.9817,37.8841,37.7823,37.6765,37.5664,37.4521,37.3335,37.2105,37.0832,36.9514,36.8151,36.6742,36.5288,36.3787,36.2239,36.0644,35.9,35.7308,35.5567,35.3775,35.1934,35.0041,34.8097,34.61,34.4051,34.1949,33.9793,33.7582,33.5316,33.2994,33.0615,32.818,32.5687,32.3136,32.0526,31.7857,31.5127,31.2337,30.9486,30.6573,30.3598,30.056,29.7458,29.4294,29.1065,28.7771,28.4413,28.099,27.7502,27.3949,27.0331,26.6648,26.29,25.9087,25.5211,25.1272,24.7271,24.3209,23.9088,23.4909,23.0675,22.6388,22.2051,21.7669,21.3244,20.8782,20.4289,19.9772,19.5237,19.0694,18.6153,18.1625,17.7124,17.2664,16.8263,16.394,15.9716,15.5616,15.1666,14.7895,14.4335,14.1019,13.7983,13.5261,13.2889,13.0902,12.9329,12.8197,12.7527,12.7331,12.7614,12.8374,12.9599,13.1271,13.3365,13.5853,13.8703,14.188,14.535,14.9081,15.304,15.7196,16.1522,16.5992,17.0583,17.5274,18.0048,18.4886,18.9777,19.4705,19.9662,20.4636,20.962,21.4606,21.9588,22.4561,22.952,23.4461,23.9381,24.4276,24.9145,25.3984,25.8793,26.357,26.8314,27.3024,27.7698,28.2338,28.6941,29.1508,29.6039,30.0533,30.499,30.9412,31.3797,31.8146,32.2459,32.6736,33.0979,33.5186,33.936,34.3499,34.7604,35.1677,35.5717,35.9724,36.37,36.7645,37.1558,37.5442,37.9296,38.312,38.6915,39.0683,39.4422,39.8134,40.1819,40.5478,40.911,41.2717,41.63,41.9857,42.3391,42.69,43.0387
41.8958,41.6976,41.5016,41.308,41.1167,40.9279,40.7417,40.5581,40.3773,40.1992,40.0241,39.8519,39.6828,39.5168,39.3541,39.1947,39.0387,38.8862,38.7372,38.5919,38.4503,38.3125,38.1786,38.0486,37.9227,37.8008,37.6831,37.5696,37.4604,37.3554,37.2549,37.1587,37.067,36.9798,36.8971,36.8189,36.7453,36.6762,36.6117,36.5517,36.4964,36.4456,36.3993,36.3575,36.3202,36.2874,36.2589,36.2348,36.215,36.1995,36.1881,36.1808,36.1775,36.1781,36.1826,36.1909,36.2028,36.2183,36.2372,36.2595,36.285,36.3136,36.3453,36.3798,36.4171,36.457,36.4995,36.5443,36.5914,36.6406,36.6918,36.7449,36.7997,36.8562,36.9142,36.9735,37.034,37.0957,37.1583,37.2218,37.286,37.3509,37.4163,37.482,37.5481,37.6143,37.6805,37.7467,37.8127,37.8785,37.9439,38.0088,38.0731,38.1368,38.1997,38.2618,38.323,38.3831,38.4422,38.5,38.5566,38.6119,38.6657,38.718,38.7688,38.8179,38.8654,38.911,38.9549,38.9968,39.0368,39.0747,39.1106,39.1443,39.1758,39.2051,39.2321,39.2567,39.279,39.2987,39.316,39.3307,39.3427,39.3522,39.3589,39.3629,39.3641,39.3625,39.3579,39.3505,39.3401,39.3267,39.3102,39.2907,39.268,39.2422,39.2131,39.1807,39.1451,39.1061,39.0638,39.018,38.9688,38.916,38.8597,38.7998,38.7363,38.6692,38.5983,38.5236,38.4452,38.3629,38.2767,38.1866,38.0925,37.9944,37.8922,37.786,37.6755,37.5609,37.442,37.3189,37.1913,37.0594,36.9231,36.7822,36.6368,36.4868,36.3322,36.1729,36.0088,35.8399,35.6661,35.4874,35.3038,35.1151,34.9214,34.7225,34.5184,34.3091,34.0945,33.8745,33.6491,33.4182,33.1817,32.9397,32.692,32.4386,32.1795,31.9146,31.6437,31.367,31.0843,30.7956,30.5008,30.2,29.893,29.5798,29.2605,28.9349,28.6031,28.2651,27.9208,27.5703,27.2136,26.8507,26.4816,26.1065,25.7254,25.3383,24.9455,24.5471,24.1432,23.7341,23.32,22.9012,22.478,22.0508,21.6202,21.1866,20.7506,20.3129,19.8743,19.4357,18.9982,18.5629,18.1312,17.7045,17.2845,16.873,16.4722,16.0843,15.7118,15.3574,15.024,14.7144,14.432,14.1796,13.9605,13.7775,13.6332,13.5298,13.4689,13.4517,13.4786,13.5494,13.6631,13.8182,14.0128,14.2445,14.5104,14.8077,15.1335,15.4847,15.8586,16.2524,16.6634,17.0894,17.5282,17.9777,18.4362,18.9021,19.374,19.8506,20.3307,20.8135,21.298,21.7836,22.2694,22.755,23.2398,23.7235,24.2056,24.6858,25.1639,25.6396,26.1126,26.5829,27.0503,27.5146,27.9758,28.4338,28.8885,29.3399,29.788,30.2326,30.6738,31.1117,31.5461,31.9771,32.4048,32.8291,33.25,33.6676,34.082,34.493,34.9009,35.3056,35.7071,36.1055,36.5009,36.8932,37.2826,37.669,38.0526,38.4333,38.8112,39.1863,39.5587,39.9285,40.2956,40.6602,41.0222,41.3817,41.7388,42.0935,42.4458,42.7958,43.1435
42.1776,41.9818,41.7882,41.5969,41.408,41.2215,41.0376,40.8564,40.6778,40.502,40.3291,40.1592,39.9922,39.8284,39.6678,39.5104,39.3564,39.2059,39.0588,38.9153,38.7755,38.6395,38.5072,38.3788,38.2543,38.1338,38.0174,37.9051,37.797,37.6931,37.5935,37.4981,37.4071,37.3205,37.2383,37.1605,37.0871,37.0181,36.9537,36.8936,36.838,36.7868,36.7401,36.6977,36.6597,36.626,36.5966,36.5714,36.5504,36.5335,36.5207,36.5118,36.5069,36.5058,36.5084,36.5147,36.5246,36.5379,36.5546,36.5746,36.5977,36.6238,36.6529,36.6848,36.7195,36.7566,36.7963,36.8383,36.8825,36.9288,36.977,37.0271,37.0789,37.1324,37.1872,37.2435,37.3009,37.3595,37.419,37.4794,37.5405,37.6023,37.6645,37.7272,37.7902,37.8533,37.9165,37.9796,38.0427,38.1054,38.1679,38.2298,38.2913,38.3521,38.4122,38.4715,38.5299,38.5873,38.6436,38.6988,38.7528,38.8054,38.8567,38.9065,38.9548,39.0015,39.0466,39.0899,39.1314,39.1711,39.2088,39.2446,39.2783,39.3099,39.3394,39.3666,39.3916,39.4143,39.4346,39.4525,39.4679,39.4808,39.4912,39.4989,39.504,39.5063,39.5059,39.5028,39.4967,39.4878,39.476,39.4612,39.4434,39.4225,39.3986,39.3715,39.3412,39.3077,39.271,39.2309,39.1875,39.1407,39.0905,39.0368,38.9796,38.9189,38.8546,38.7866,38.715,38.6397,38.5606,38.4777,38.3909,38.3003,38.2057,38.1072,38.0046,37.898,37.7873,37.6724,37.5533,37.4299,37.3023,37.1703,37.034,36.8932,36.7479,36.598,36.4436,36.2846,36.1208,35.9523,35.7791,35.6009,35.4179,35.2299,35.037,34.8389,34.6358,34.4275,34.214,33.9952,33.771,33.5416,33.3066,33.0662,32.8203,32.5688,32.3117,32.0488,31.7803,31.506,31.2259,30.9399,30.6481,30.3504,30.0467,29.737,29.4214,29.0998,28.7722,28.4386,28.0991,27.7536,27.4021,27.0448,26.6818,26.313,25.9385,25.5586,25.1733,24.7829,24.3874,23.9873,23.5826,23.1739,22.7613,22.3454,21.9267,21.5056,21.0829,20.6593,20.2355,19.8125,19.3913,18.9731,18.5593,18.1512,17.7505,17.359,16.9787,16.6117,16.2602,15.9269,15.6142,15.3249,15.0616,14.8273,14.6243,14.4554,14.3226,14.2278,14.1724,14.1574,14.1831,14.2493,14.3554,14.5,14.6815,14.8978,15.1467,15.4256,15.732,16.0632,16.4167,16.7901,17.1809,17.5871,18.0064,18.4371,18.8774,19.3259,19.781,20.2416,20.7065,21.1748,21.6455,22.1179,22.5914,23.0652,23.5389,24.012,24.4841,24.9549,25.424,25.8911,26.3562,26.8188,27.279,27.7365,28.1913,28.6431,29.092,29.5379,29.9807,30.4203,30.8569,31.2902,31.7204,32.1474,32.5712,32.9918,33.4093,33.8236,34.2347,34.6428,35.0478,35.4498,35.8487,36.2447,36.6377,37.0278,37.415,37.7994,38.181,38.5598,38.9359,39.3094,39.6802,40.0484,40.4141,40.7772,41.1379,41.4962,41.852,42.2055,42.5567,42.9056,43.2523
42.459,42.2655,42.0742,41.8852,41.6985,41.5144,41.3327,41.1537,40.9774,40.8038,40.6331,40.4652,40.3004,40.1387,39.9801,39.8247,39.6726,39.5239,39.3787,39.237,39.0989,38.9645,38.8337,38.7068,38.5838,38.4646,38.3495,38.2383,38.1313,38.0283,37.9296,37.835,37.7447,37.6586,37.5768,37.4993,37.4262,37.3573,37.2928,37.2327,37.1768,37.1253,37.0781,37.0351,36.9964,36.9619,36.9315,36.9052,36.8831,36.8649,36.8506,36.8403,36.8337,36.8309,36.8317,36.8361,36.844,36.8552,36.8698,36.8875,36.9082,36.932,36.9586,36.988,37.02,37.0545,37.0914,37.1306,37.172,37.2155,37.2608,37.308,37.3569,37.4073,37.4592,37.5125,37.5669,37.6224,37.6789,37.7363,37.7943,37.8531,37.9123,37.972,38.0319,38.092,38.1523,38.2124,38.2725,38.3324,38.3919,38.451,38.5096,38.5676,38.625,38.6815,38.7372,38.7919,38.8455,38.8981,38.9495,38.9996,39.0484,39.0957,39.1416,39.1859,39.2286,39.2696,39.3088,39.3462,39.3818,39.4154,39.447,39.4765,39.5039,39.5292,39.5522,39.573,39.5914,39.6075,39.6211,39.6323,39.6409,39.647,39.6504,39.6512,39.6492,39.6445,39.637,39.6267,39.6134,39.5973,39.5781,39.556,39.5308,39.5025,39.471,39.4364,39.3986,39.3574,39.313,39.2653,39.2141,39.1596,39.1015,39.04,38.9749,38.9062,38.8339,38.7579,38.6781,38.5947,38.5074,38.4163,38.3213,38.2224,38.1194,38.0125,37.9015,37.7864,37.6672,37.5438,37.4161,37.2841,37.1478,37.0071,36.862,36.7124,36.5582,36.3995,36.2362,36.0682,35.8955,35.718,35.5356,35.3485,35.1563,34.9592,34.7571,34.5499,34.3376,34.1202,33.8975,33.6695,33.4362,33.1975,32.9535,32.704,32.449,32.1884,31.9223,31.6506,31.3732,31.0901,30.8014,30.5069,30.2067,29.9008,29.589,29.2716,28.9483,28.6194,28.2847,27.9444,27.5985,27.247,26.8901,26.5278,26.1602,25.7876,25.41,25.0277,24.6409,24.2498,23.8548,23.4561,23.0543,22.6497,22.2429,21.8344,21.4249,21.0152,20.606,20.1983,19.7931,19.3916,18.9951,18.605,18.2228,17.8504,17.4894,17.142,16.8103,16.4965,16.203,15.9322,15.6865,15.4683,15.28,15.1236,15.0011,14.914,14.8636,14.8505,14.8753,14.9376,15.0369,15.1722,15.3421,15.5447,15.7783,16.0405,16.3292,16.6421,16.9768,17.3312,17.703,18.0904,18.4913,18.904,19.3268,19.7584,20.1973,20.6422,21.0922,21.5462,22.0032,22.4627,22.9237,23.3858,23.8483,24.3108,24.7728,25.234,25.694,26.1525,26.6094,27.0643,27.5171,27.9676,28.4157,28.8612,29.3041,29.7443,30.1817,30.6162,31.0478,31.4765,31.9023,32.325,32.7448,33.1616,33.5754,33.9863,34.3942,34.7991,35.2011,35.6002,35.9964,36.3897,36.7803,37.168,37.5529,37.9352,38.3147,38.6916,39.0658,39.4374,39.8065,40.1731,40.5372,40.8988,41.2581,41.615,41.9695,42.3217,42.6717,43.0195,43.3651
42.74,42.5487,42.3596,42.1728,41.9884,41.8065,41.627,41.4502,41.276,41.1045,40.9359,40.7701,40.6073,40.4476,40.2909,40.1375,39.9873,39.8404,39.6969,39.5569,39.4204,39.2875,39.1583,39.0328,38.9111,38.7933,38.6793,38.5692,38.4632,38.3612,38.2632,38.1694,38.0796,37.9941,37.9127,37.8355,37.7626,37.6938,37.6293,37.569,37.5129,37.461,37.4133,37.3698,37.3303,37.295,37.2637,37.2364,37.213,37.1936,37.178,37.1662,37.1581,37.1536,37.1526,37.1552,37.1611,37.1703,37.1827,37.1982,37.2167,37.2381,37.2623,37.2892,37.3186,37.3506,37.3849,37.4214,37.4601,37.5007,37.5433,37.5877,37.6337,37.6812,37.7302,37.7805,37.832,37.8845,37.9381,37.9924,38.0476,38.1033,38.1596,38.2163,38.2733,38.3305,38.3878,38.4451,38.5023,38.5593,38.616,38.6723,38.7281,38.7834,38.8379,38.8918,38.9448,38.9968,39.0479,39.0979,39.1468,39.1944,39.2407,39.2856,39.3291,39.371,39.4114,39.4501,39.4871,39.5223,39.5557,39.5872,39.6167,39.6442,39.6696,39.6929,39.714,39.7329,39.7495,39.7637,39.7756,39.785,39.7919,39.7963,39.7982,39.7974,39.7939,39.7877,39.7787,39.767,39.7524,39.7349,39.7145,39.6911,39.6646,39.6351,39.6026,39.5668,39.5279,39.4858,39.4404,39.3917,39.3396,39.2842,39.2253,39.163,39.0972,39.0278,38.9548,38.8782,38.7979,38.7139,38.6262,38.5346,38.4392,38.3399,38.2367,38.1295,38.0184,37.9031,37.7838,37.6603,37.5326,37.4007,37.2645,37.124,36.9791,36.8298,36.676,36.5177,36.3549,36.1874,36.0153,35.8385,35.657,35.4707,35.2795,35.0834,34.8824,34.6765,34.4655,34.2494,34.0282,33.8019,33.5703,33.3335,33.0915,32.8441,32.5913,32.3332,32.0696,31.8006,31.5261,31.2461,30.9605,30.6695,30.3729,30.0708,29.7631,29.4499,29.1312,28.8071,28.4775,28.1425,27.8022,27.4567,27.1061,26.7505,26.39,26.0248,25.655,25.281,24.9029,24.521,24.1357,23.7473,23.3562,22.9629,22.568,22.172,21.7756,21.3795,20.9847,20.5919,20.2023,19.817,19.4373,19.0644,18.7,18.3456,18.003,17.6741,17.3607,17.0651,16.7893,16.5355,16.3058,16.1024,15.9272,15.7822,15.669,15.5888,15.5428,15.5316,15.5555,15.6145,15.7079,15.8349,15.9944,16.1848,16.4045,16.6516,16.9242,17.2202,17.5375,17.8742,18.2283,18.598,18.9814,19.377,19.7831,20.1984,20.6215,21.0513,21.4866,21.9265,22.3702,22.8168,23.2655,23.7159,24.1672,24.6191,25.071,25.5225,25.9734,26.4232,26.8717,27.3187,27.764,28.2074,28.6487,29.0878,29.5245,29.9588,30.3906,30.8198,31.2464,31.6703,32.0915,32.5099,32.9255,33.3383,33.7483,34.1556,34.56,34.9617,35.3605,35.7566,36.15,36.5406,36.9285,37.3137,37.6963,38.0763,38.4536,38.8284,39.2006,39.5704,39.9376,40.3025,40.6649,41.0249,41.3827,41.7381,42.0912,42.4421,42.7908,43.1374,43.4818
43.0205,42.8314,42.6445,42.4599,42.2776,42.0978,41.9205,41.7457,41.5736,41.4042,41.2376,41.0738,40.913,40.7552,40.6004,40.4488,40.3004,40.1552,40.0134,39.875,39.7401,39.6088,39.481,39.3568,39.2364,39.1198,39.0069,38.8979,38.7928,38.6917,38.5945,38.5013,38.4122,38.3271,38.2461,38.1692,38.0964,38.0277,37.9632,37.9027,37.8463,37.7941,37.7459,37.7017,37.6616,37.6254,37.5932,37.5649,37.5404,37.5198,37.5028,37.4896,37.4799,37.4738,37.4711,37.4718,37.4759,37.4831,37.4934,37.5068,37.5231,37.5422,37.5641,37.5886,37.6156,37.645,37.6767,37.7106,37.7466,37.7846,37.8244,37.866,37.9092,37.9539,38.0001,38.0475,38.0961,38.1458,38.1965,38.248,38.3002,38.3531,38.4064,38.4602,38.5144,38.5687,38.6232,38.6776,38.732,38.7862,38.8401,38.8936,38.9467,38.9993,39.0512,39.1023,39.1527,39.2022,39.2507,39.2982,39.3445,39.3897,39.4336,39.4761,39.5172,39.5568,39.5949,39.6314,39.6662,39.6992,39.7305,39.7599,39.7873,39.8128,39.8363,39.8576,39.8769,39.8939,39.9087,39.9211,39.9313,39.939,39.9443,39.947,39.9473,39.9449,39.94,39.9323,39.9219,39.9088,39.8928,39.874,39.8523,39.8277,39.8001,39.7695,39.7358,39.699,39.659,39.6159,39.5696,39.52,39.467,39.4108,39.3511,39.288,39.2215,39.1515,39.0779,39.0007,38.9199,38.8354,38.7472,38.6552,38.5595,38.4599,38.3564,38.249,38.1377,38.0224,37.903,37.7795,37.6519,37.5201,37.384,37.2437,37.0991,36.9502,36.7968,36.6391,36.4768,36.31,36.1386,35.9626,35.7819,35.5965,35.4063,35.2114,35.0116,34.807,34.5974,34.3828,34.1632,33.9386,33.7089,33.4741,33.2341,32.989,32.7386,32.483,32.2221,31.9559,31.6844,31.4076,31.1254,30.8379,30.5451,30.2469,29.9434,29.6347,29.3207,29.0014,28.677,28.3476,28.0131,27.6737,27.3295,26.9807,26.6274,26.2697,25.9079,25.5422,25.1729,24.8003,24.4247,24.0465,23.6661,23.2841,22.901,22.5174,22.1339,21.7513,21.3705,20.9924,20.6179,20.2483,19.8847,19.5284,19.1808,18.8436,18.5183,18.2067,17.9106,17.6318,17.3724,17.1342,16.9192,16.7292,16.566,16.4313,16.3264,16.2525,16.2105,16.201,16.2243,16.2802,16.3684,16.4881,16.6383,16.8177,17.025,17.2583,17.5161,17.7966,18.0978,18.4181,18.7556,19.1086,19.4755,19.8548,20.2449,20.6445,21.0525,21.4675,21.8886,22.3149,22.7454,23.1793,23.6159,24.0547,24.4949,24.9362,25.3779,25.8198,26.2614,26.7025,27.1426,27.5817,28.0193,28.4554,28.8898,29.3223,29.7528,30.1811,30.6072,31.031,31.4524,31.8713,32.2877,32.7016,33.113,33.5217,33.9278,34.3313,34.7321,35.1304,35.526,35.919,36.3093,36.6971,37.0823,37.4649,37.845,38.2226,38.5976,38.9702,39.3404,39.7081,40.0735,40.4365,40.7971,41.1555,41.5116,41.8654,42.2171,42.5666,42.9139,43.2591,43.6023
43.3005,43.1135,42.9287,42.7462,42.5661,42.3883,42.2131,42.0403,41.8702,41.7028,41.5382,41.3763,41.2174,41.0614,40.9085,40.7586,40.6119,40.4685,40.3283,40.1915,40.058,39.9281,39.8017,39.6789,39.5597,39.4442,39.3324,39.2244,39.1202,39.0198,38.9234,38.8309,38.7423,38.6576,38.577,38.5003,38.4277,38.359,38.2944,38.2338,38.1772,38.1245,38.0758,38.0311,37.9903,37.9533,37.9202,37.8909,37.8653,37.8434,37.8252,37.8105,37.7993,37.7916,37.7873,37.7863,37.7884,37.7937,37.8021,37.8134,37.8275,37.8444,37.864,37.8861,37.9107,37.9377,37.9669,37.9983,38.0317,38.0671,38.1042,38.1431,38.1836,38.2256,38.269,38.3136,38.3594,38.4063,38.4541,38.5028,38.5522,38.6022,38.6528,38.7038,38.7551,38.8066,38.8583,38.9099,38.9616,39.013,39.0642,39.115,39.1655,39.2153,39.2646,39.3132,39.361,39.4079,39.4539,39.4989,39.5428,39.5855,39.627,39.6672,39.706,39.7434,39.7792,39.8135,39.8461,39.877,39.9062,39.9335,39.959,39.9825,40.004,40.0235,40.0408,40.056,40.069,40.0797,40.0881,40.0942,40.0978,40.099,40.0977,40.0939,40.0874,40.0783,40.0666,40.0521,40.0348,40.0147,39.9918,39.966,39.9372,39.9054,39.8707,39.8328,39.7919,39.7478,39.7005,39.65,39.5963,39.5392,39.4788,39.415,39.3478,39.2772,39.203,39.1253,39.0439,38.959,38.8704,38.7781,38.6821,38.5822,38.4786,38.371,38.2596,38.1442,38.0248,37.9013,37.7738,37.6422,37.5064,37.3664,37.2222,37.0736,36.9208,36.7635,36.6019,36.4358,36.2652,36.09,35.9103,35.7259,35.5369,35.3431,35.1447,34.9414,34.7333,34.5203,34.3025,34.0797,33.8519,33.6192,33.3814,33.1386,32.8907,32.6377,32.3796,32.1163,31.848,31.5744,31.2958,31.0119,30.723,30.4289,30.1298,29.8256,29.5164,29.2022,28.8831,28.5593,28.2307,27.8976,27.5599,27.218,26.8719,26.5219,26.1681,25.8108,25.4503,25.087,24.7211,24.3531,23.9835,23.6127,23.2412,22.8698,22.499,22.1296,21.7625,21.3986,21.0388,20.6843,20.3362,19.9957,19.6643,19.3433,19.0343,18.739,18.4589,18.1959,17.9516,17.7278,17.5262,17.3485,17.1963,17.0709,16.9736,16.9054,16.8671,16.8592,16.882,16.9353,17.0188,17.1319,17.2738,17.4433,17.6392,17.8601,18.1044,18.3705,18.6569,18.9619,19.2839,19.6212,19.9725,20.3363,20.7112,21.0959,21.4892,21.89,22.2973,22.7102,23.1278,23.5493,23.974,24.4013,24.8306,25.2613,25.6929,26.1252,26.5576,26.9898,27.4215,27.8525,28.2825,28.7113,29.1387,29.5645,29.9885,30.4108,30.8311,31.2493,31.6654,32.0792,32.4908,32.9001,33.307,33.7115,34.1136,34.5132,34.9104,35.3051,35.6973,36.087,36.4743,36.8591,37.2415,37.6214,37.9989,38.374,38.7466,39.117,39.4849,39.8506,40.2139,40.575,40.9338,41.2904,41.6448,41.997,42.3471,42.6951,43.041,43.3848,43.7266
43.58,43.3951,43.2124,43.0319,42.8538,42.6781,42.5048,42.334,42.1659,42.0004,41.8376,41.6777,41.5206,41.3664,41.2152,41.067,40.922,40.7801,40.6415,40.5062,40.3742,40.2456,40.1205,39.9989,39.8809,39.7665,39.6557,39.5487,39.4453,39.3458,39.25,39.1581,39.07,38.9858,38.9054,38.829,38.7565,38.6879,38.6232,38.5624,38.5054,38.4524,38.4033,38.3579,38.3164,38.2787,38.2446,38.2143,38.1877,38.1646,38.1451,38.1291,38.1165,38.1072,38.1012,38.0985,38.0988,38.1023,38.1086,38.1179,38.13,38.1447,38.1621,38.1819,38.2042,38.2288,38.2556,38.2845,38.3154,38.3481,38.3827,38.419,38.4568,38.4961,38.5368,38.5787,38.6218,38.6659,38.711,38.7569,38.8036,38.8508,38.8986,38.9469,38.9954,39.0442,39.0931,39.1421,39.191,39.2398,39.2883,39.3365,39.3843,39.4316,39.4783,39.5243,39.5696,39.614,39.6575,39.7001,39.7416,39.7819,39.8211,39.859,39.8955,39.9306,39.9643,39.9964,40.0269,40.0557,40.0828,40.1081,40.1316,40.1531,40.1727,40.1903,40.2058,40.2192,40.2305,40.2395,40.2462,40.2506,40.2527,40.2523,40.2495,40.2442,40.2363,40.2258,40.2126,40.1968,40.1782,40.1569,40.1328,40.1058,40.0759,40.043,40.0072,39.9684,39.9265,39.8814,39.8333,39.782,39.7274,39.6696,39.6085,39.544,39.4762,39.4049,39.3302,39.2519,39.1702,39.0848,38.9959,38.9033,38.807,38.7069,38.6031,38.4954,38.3839,38.2685,38.1492,38.0259,37.8985,37.7671,37.6316,37.492,37.3481,37.2001,37.0478,36.8912,36.7302,36.5649,36.3951,36.2209,36.0421,35.8589,35.671,35.4786,35.2815,35.0797,34.8731,34.6619,34.4458,34.225,33.9993,33.7687,33.5332,33.2928,33.0475,32.7972,32.542,32.2818,32.0167,31.7465,31.4715,31.1914,30.9065,30.6166,30.3219,30.0224,29.7181,29.4091,29.0955,28.7773,28.4548,28.1279,27.7969,27.462,27.1232,26.7808,26.4351,26.0863,25.7347,25.3806,25.0244,24.6666,24.3075,23.9477,23.5878,23.2283,22.87,22.5136,22.1598,21.8097,21.4641,21.1241,20.7908,20.4655,20.1494,19.8438,19.5502,19.2702,19.0051,18.7567,18.5264,18.3159,18.1267,17.9603,17.8181,17.7012,17.6108,17.5478,17.5129,17.5065,17.5289,17.5799,17.6593,17.7665,17.9009,18.0614,18.247,18.4564,18.6884,18.9414,19.214,19.5047,19.8122,20.1349,20.4715,20.8206,21.1809,21.5513,21.9306,22.3177,22.7117,23.1116,23.5166,23.926,24.339,24.755,25.1734,25.5937,26.0154,26.438,26.8612,27.2846,27.7079,28.1308,28.5531,28.9745,29.3948,29.8138,30.2315,30.6475,31.0619,31.4744,31.8851,32.2938,32.7005,33.105,33.5074,33.9075,34.3055,34.7011,35.0945,35.4856,35.8743,36.2607,36.6448,37.0266,37.406,37.7831,38.1579,38.5304,38.9006,39.2685,39.6342,39.9976,40.3589,40.7179,41.0748,41.4296,41.7822,42.1327,42.4811,42.8275,43.1719,43.5143,43.8548
43.859,43.6761,43.4954,43.3169,43.1408,42.967,42.7956,42.6268,42.4605,42.2969,42.136,41.9778,41.8225,41.67,41.5205,41.374,41.2305,41.0902,40.9531,40.8192,40.6886,40.5614,40.4375,40.3171,40.2002,40.0868,39.9771,39.8709,39.7684,39.6695,39.5744,39.483,39.3954,39.3116,39.2315,39.1553,39.0829,39.0143,38.9495,38.8885,38.8313,38.7778,38.7282,38.6823,38.6401,38.6016,38.5667,38.5354,38.5077,38.4835,38.4627,38.4453,38.4313,38.4205,38.4129,38.4085,38.4071,38.4087,38.4132,38.4205,38.4305,38.4432,38.4584,38.476,38.496,38.5183,38.5427,38.5691,38.5976,38.6279,38.6599,38.6936,38.7289,38.7656,38.8036,38.8429,38.8833,38.9248,38.9672,39.0104,39.0543,39.0989,39.144,39.1895,39.2354,39.2815,39.3278,39.3741,39.4203,39.4665,39.5124,39.558,39.6032,39.6479,39.6921,39.7356,39.7784,39.8204,39.8615,39.9017,39.9408,39.9789,40.0157,40.0513,40.0856,40.1186,40.15,40.18,40.2084,40.2352,40.2602,40.2836,40.3051,40.3247,40.3425,40.3582,40.3719,40.3836,40.3931,40.4004,40.4055,40.4083,40.4088,40.4069,40.4026,40.3958,40.3865,40.3746,40.3601,40.343,40.3232,40.3006,40.2753,40.2472,40.2162,40.1823,40.1454,40.1056,40.0627,40.0168,39.9678,39.9157,39.8604,39.8018,39.74,39.6749,39.6065,39.5347,39.4594,39.3807,39.2986,39.2129,39.1236,39.0307,38.9342,38.8339,38.73,38.6223,38.5108,38.3954,38.2762,38.153,38.0259,37.8947,37.7596,37.6203,37.477,37.3295,37.1778,37.0218,36.8616,36.6971,36.5283,36.3551,36.1774,35.9953,35.8087,35.6176,35.422,35.2217,35.0169,34.8074,34.5932,34.3744,34.1508,33.9225,33.6894,33.4515,33.2089,32.9615,32.7092,32.4522,32.1903,31.9237,31.6523,31.3762,31.0953,30.8098,30.5196,30.2248,29.9255,29.6218,29.3137,29.0014,28.6849,28.3645,28.0402,27.7122,27.3808,27.0462,26.7085,26.3681,26.0254,25.6805,25.334,24.9862,24.6376,24.2887,23.9401,23.5924,23.2462,22.9023,22.5616,22.2248,21.8929,21.5668,21.2478,20.9369,20.6353,20.3443,20.0653,19.7996,19.5486,19.3137,19.0965,18.8983,18.7206,18.5645,18.4314,18.3224,18.2383,18.1801,18.1483,18.1434,18.1654,18.2143,18.29,18.392,18.5196,18.672,18.8482,19.0472,19.2677,19.5086,19.7685,20.046,20.3399,20.6489,20.9716,21.3068,21.6533,22.01,22.3759,22.7498,23.1309,23.5182,23.9111,24.3086,24.7102,25.1151,25.5228,25.9328,26.3446,26.7577,27.1718,27.5864,28.0013,28.4161,28.8307,29.2446,29.6578,30.07,30.4811,30.8909,31.2993,31.7062,32.1113,32.5148,32.9164,33.3161,33.7139,34.1096,34.5033,34.8949,35.2844,35.6717,36.0569,36.4398,36.8206,37.1992,37.5756,37.9498,38.3218,38.6916,39.0593,39.4248,39.7881,40.1493,40.5083,40.8653,41.2202,41.573,41.9237,42.2725,42.6192,42.964,43.3068,43.6476,43.9866
44.1375,43.9565,43.7778,43.6012,43.427,43.2551,43.0856,42.9186,42.7542,42.5924,42.4332,42.2768,42.1231,41.9723,41.8245,41.6795,41.5376,41.3988,41.2631,41.1306,41.0013,40.8753,40.7527,40.6334,40.5176,40.4052,40.2963,40.191,40.0893,39.9911,39.8966,39.8058,39.7186,39.6351,39.5553,39.4792,39.4069,39.3383,39.2734,39.2122,39.1547,39.1009,39.0507,39.0042,38.9614,38.9221,38.8863,38.8541,38.8253,38.8,38.778,38.7593,38.7439,38.7316,38.7225,38.7164,38.7134,38.7132,38.7158,38.7212,38.7292,38.7398,38.7529,38.7684,38.7862,38.8062,38.8283,38.8524,38.8784,38.9063,38.9359,38.9671,38.9998,39.034,39.0695,39.1062,39.144,39.1828,39.2226,39.2632,39.3045,39.3464,39.3889,39.4318,39.475,39.5185,39.5622,39.6059,39.6495,39.6931,39.7365,39.7795,39.8222,39.8644,39.9061,39.9472,39.9876,40.0272,40.0659,40.1037,40.1406,40.1763,40.2109,40.2443,40.2764,40.3072,40.3365,40.3644,40.3907,40.4155,40.4386,40.4599,40.4795,40.4973,40.5132,40.5271,40.5391,40.549,40.5568,40.5625,40.566,40.5672,40.5661,40.5627,40.5569,40.5487,40.538,40.5248,40.509,40.4906,40.4696,40.4458,40.4194,40.3901,40.358,40.3231,40.2853,40.2445,40.2008,40.154,40.1042,40.0512,39.9952,39.9359,39.8735,39.8078,39.7387,39.6664,39.5907,39.5116,39.4291,39.343,39.2535,39.1603,39.0636,38.9633,38.8593,38.7515,38.64,38.5248,38.4057,38.2827,38.1559,38.0251,37.8903,37.7515,37.6087,37.4618,37.3108,37.1556,36.9962,36.8326,36.6647,36.4925,36.3161,36.1352,35.9499,35.7603,35.5661,35.3675,35.1644,34.9568,34.7446,34.5278,34.3064,34.0804,33.8498,33.6146,33.3747,33.1302,32.881,32.6273,32.3688,32.1058,31.8382,31.566,31.2893,31.0082,30.7226,30.4327,30.1385,29.8401,29.5376,29.2311,28.9208,28.6068,28.2893,27.9684,27.6443,27.3174,26.9878,26.6559,26.3219,25.9862,25.6492,25.3113,24.9731,24.6349,24.2974,23.9612,23.6269,23.2952,22.967,22.6431,22.3244,22.0118,21.7064,21.4092,21.1214,20.8443,20.5789,20.3267,20.0888,19.8667,19.6616,19.4748,19.3076,19.1611,19.0364,18.9346,18.8564,18.8026,18.7737,18.77,18.7918,18.839,18.9114,19.0086,19.13,19.275,19.4427,19.6321,19.8422,20.0719,20.3199,20.5852,20.8664,21.1624,21.472,21.7941,22.1275,22.4712,22.8242,23.1855,23.5541,23.9294,24.3103,24.6964,25.0867,25.4809,25.8781,26.278,26.68,27.0837,27.4887,27.8947,28.3012,28.7079,29.1147,29.5212,29.9273,30.3327,30.7372,31.1407,31.5431,31.9441,32.3437,32.7418,33.1383,33.5332,33.9262,34.3174,34.7068,35.0943,35.4797,35.8633,36.2448,36.6242,37.0016,37.377,37.7503,38.1215,38.4906,38.8577,39.2227,39.5856,39.9465,40.3053,40.6621,41.0169,41.3697,41.7205,42.0693,42.4162,42.7612,43.1042,43.4454,43.7846,44.1221
44.4154,44.2364,44.0595,43.8848,43.7124,43.5424,43.3747,43.2095,43.0469,42.8868,42.7293,42.5746,42.4226,42.2734,42.1271,41.9837,41.8432,41.7058,41.5715,41.4403,41.3123,41.1876,41.0661,40.9479,40.8331,40.7216,40.6136,40.5091,40.4081,40.3106,40.2167,40.1263,40.0395,39.9564,39.8768,39.8009,39.7286,39.66,39.5949,39.5335,39.4757,39.4215,39.3709,39.3239,39.2803,39.2403,39.2037,39.1705,39.1407,39.1142,39.0911,39.0711,39.0543,39.0406,39.03,39.0223,39.0176,39.0156,39.0165,39.02,39.0261,39.0347,39.0457,39.0591,39.0747,39.0925,39.1124,39.1342,39.1579,39.1834,39.2106,39.2394,39.2697,39.3013,39.3343,39.3685,39.4038,39.4401,39.4773,39.5153,39.554,39.5934,39.6333,39.6736,39.7143,39.7552,39.7963,39.8374,39.8786,39.9196,39.9605,40.0011,40.0413,40.0811,40.1203,40.159,40.197,40.2342,40.2707,40.3062,40.3407,40.3742,40.4066,40.4378,40.4678,40.4964,40.5237,40.5495,40.5738,40.5966,40.6177,40.6372,40.6549,40.6708,40.6849,40.6971,40.7073,40.7155,40.7216,40.7257,40.7276,40.7273,40.7247,40.7198,40.7126,40.703,40.6909,40.6764,40.6593,40.6397,40.6174,40.5925,40.5649,40.5346,40.5015,40.4656,40.4268,40.3851,40.3405,40.2928,40.2422,40.1886,40.1318,40.0719,40.0088,39.9425,39.873,39.8002,39.724,39.6446,39.5617,39.4753,39.3855,39.2922,39.1954,39.0949,38.9909,38.8832,38.7718,38.6566,38.5377,38.415,38.2885,38.1581,38.0238,37.8855,37.7433,37.597,37.4467,37.2923,37.1338,36.9712,36.8043,36.6333,36.458,36.2784,36.0946,35.9064,35.7139,35.517,35.3157,35.1099,34.8998,34.6852,34.4661,34.2425,34.0145,33.7819,33.5449,33.3034,33.0574,32.8069,32.552,32.2926,32.0289,31.7608,31.4883,31.2116,30.9308,30.6457,30.3567,30.0637,29.7668,29.4663,29.1622,28.8546,28.5438,28.23,27.9134,27.5941,27.2726,26.949,26.6238,26.2971,25.9696,25.6415,25.3134,24.9857,24.6591,24.3341,24.0113,23.6916,23.3755,23.0641,22.758,22.4583,22.1659,21.8818,21.6072,21.343,21.0906,20.851,20.6255,20.4152,20.2214,20.0452,19.8878,19.7501,19.6333,19.5381,19.4653,19.4155,19.3893,19.3869,19.4085,19.4541,19.5236,19.6164,19.7323,19.8706,20.0304,20.2111,20.4115,20.6308,20.8679,21.1217,21.3911,21.675,21.9723,22.2819,22.6029,22.9342,23.2749,23.624,23.9807,24.3442,24.7138,25.0886,25.4681,25.8517,26.2387,26.6286,27.021,27.4155,27.8115,28.2088,28.607,29.0058,29.4048,29.804,30.2029,30.6014,30.9993,31.3965,31.7928,32.188,32.582,32.9747,33.3661,33.7559,34.1442,34.5308,34.9158,35.299,35.6805,36.0601,36.4378,36.8137,37.1877,37.5597,37.9298,38.2979,38.6641,39.0284,39.3906,39.7509,40.1093,40.4657,40.8202,41.1727,41.5234,41.8721,42.2189,42.5639,42.907,43.2483,43.5877,43.9253,44.2612
