21.8671,21.5961,21.3275,21.0614,20.7981,20.5381,20.2815,20.0287,19.7801,19.536,19.2969,19.0632,18.8352,18.6135,18.3984,18.1903,17.9898,17.7972,17.6129,17.4374,17.271,17.114,16.9667,16.8294,16.7023,16.5853,16.4787,16.3824,16.2962,16.2201,16.1537,16.0967,16.0488,16.0094,15.978,15.954,15.9368,15.9257,15.92,15.9191,15.9221,15.9284,15.9373,15.9481,15.9601,15.9728,15.9855,15.9978,16.0092,16.0192,16.0275,16.0338,16.0379,16.0397,16.0389,16.0357,16.0299,16.0218,16.0115,15.9992,15.9853,15.97,15.9538,15.9371,15.9206,15.9047,15.89,15.8773,15.8671,15.8601,15.8572,15.8589,15.8659,15.8791,15.8989,15.926,15.9611,16.0045,16.0568,16.1183,16.1894,16.2703,16.3612,16.462,16.5729,16.6938,16.8245,16.9648,17.1145,17.2732,17.4407,17.6165,17.8003,17.9916,18.1899,18.3949,18.6061,18.823,19.0452,19.2723,19.5039,19.7395,19.9789,20.2215,20.4671,20.7154,20.966,21.2187,21.4731,21.7291,21.9863,22.2447,22.5039,22.7637,23.0241,23.2848,23.5458,23.8068,24.0677,24.3285,24.589,24.8492,25.1089,25.368,25.6266,25.8846,26.1418,26.3983,26.6539,26.9087,27.1627,27.4157,27.6678,27.9189,28.1691,28.4182,28.6664,28.9135,29.1596,29.4047,29.6487,29.8917,30.1337,30.3746,30.6144,30.8533,31.0911,31.3278,31.5636,31.7983,32.0321,32.2649,32.4966,32.7275,32.9573,33.1862,33.4142,33.6413,33.8674,34.0927,34.3171,34.5406,34.7633,34.9852,35.2062,35.4265,35.6459,35.8646,36.0825,36.2997,36.5162,36.7319,36.947,37.1614,37.3752,37.5883,37.8007,38.0126,38.2239,38.4345,38.6447,38.8542,39.0633,39.2718,39.4798,39.6874,39.8945,40.1011,40.3073,40.513,40.7183,40.9233,41.1279,41.332,41.5359,41.7394,41.9426,42.1454,42.348,42.5502,42.7522,42.954,43.1555,43.3567,43.5578
21.6243,21.3481,21.0739,20.8023,20.5333,20.2674,20.0049,19.7461,19.4915,19.2413,18.9961,18.7563,18.5223,18.2946,18.0737,17.86,17.654,17.4562,17.2671,17.087,16.9165,16.7558,16.6054,16.4654,16.3362,16.2179,16.1104,16.014,15.9283,15.8533,15.7887,15.7341,15.689,15.6531,15.6256,15.606,15.5934,15.5873,15.5867,15.591,15.5994,15.611,15.6251,15.6409,15.6577,15.6749,15.6918,15.7079,15.7227,15.7356,15.7464,15.7547,15.7602,15.7628,15.7624,15.7589,15.7524,15.743,15.7308,15.7162,15.6994,15.6809,15.661,15.6403,15.6193,15.5988,15.5792,15.5614,15.5461,15.534,15.526,15.5227,15.525,15.5336,15.5493,15.5727,15.6045,15.6452,15.6953,15.7552,15.8254,15.9059,15.9971,16.0989,16.2114,16.3345,16.4679,16.6115,16.765,16.9279,17.1,17.2808,17.4698,17.6666,17.8707,18.0815,18.2987,18.5216,18.7499,18.9831,19.2208,19.4625,19.7077,19.9563,20.2077,20.4616,20.7177,20.9758,21.2354,21.4965,21.7587,22.0218,22.2857,22.55,22.8147,23.0796,23.3446,23.6095,23.8742,24.1385,24.4025,24.666,24.9289,25.1911,25.4526,25.7134,25.9733,26.2324,26.4905,26.7477,27.0039,27.2591,27.5133,27.7665,28.0185,28.2695,28.5194,28.7682,29.016,29.2626,29.508,29.7524,29.9957,30.2379,30.479,30.719,30.9579,31.1957,31.4325,31.6682,31.9029,32.1365,32.3691,32.6007,32.8313,33.061,33.2896,33.5173,33.7441,33.97,34.1949,34.419,34.6421,34.8645,35.0859,35.3066,35.5264,35.7455,35.9638,36.1813,36.3981,36.6141,36.8295,37.0441,37.2581,37.4714,37.6841,37.8961,38.1076,38.3185,38.5287,38.7385,38.9476,39.1563,39.3644,39.5721,39.7792,39.9859,40.1922,40.398,40.6034,40.8084,41.013,41.2173,41.4211,41.6247,41.8279,42.0308,42.2333,42.4356,42.6376,42.8394,43.0409,43.2422,43.4432
21.3842,21.1024,20.8227,20.5452,20.2703,19.9983,19.7296,19.4646,19.2036,18.947,18.6954,18.4491,18.2087,17.9747,17.7475,17.5277,17.3159,17.1125,16.918,16.733,16.558,16.3933,16.2394,16.0965,15.965,15.8451,15.7367,15.64,15.5549,15.4811,15.4184,15.3664,15.3246,15.2924,15.2692,15.2543,15.247,15.2463,15.2514,15.2615,15.2756,15.293,15.3128,15.3341,15.3562,15.3783,15.3998,15.4201,15.4385,15.4547,15.4681,15.4785,15.4856,15.4891,15.489,15.4853,15.478,15.4671,15.453,15.4358,15.4159,15.3938,15.3699,15.3447,15.319,15.2933,15.2684,15.2451,15.2241,15.2064,15.1927,15.184,15.181,15.1847,15.1958,15.215,15.2432,15.2808,15.3285,15.3867,15.4558,15.5361,15.6276,15.7305,15.8448,15.9702,16.1067,16.2539,16.4115,16.5791,16.7562,16.9424,17.1371,17.3398,17.55,17.7671,17.9906,18.22,18.4547,18.6944,18.9384,19.1864,19.4379,19.6926,19.9499,20.2097,20.4716,20.7352,21.0003,21.2666,21.5338,21.8018,22.0704,22.3393,22.6084,22.8776,23.1466,23.4154,23.6838,23.9518,24.2193,24.4861,24.7521,25.0174,25.2819,25.5455,25.8081,26.0697,26.3303,26.5899,26.8483,27.1057,27.362,27.6171,27.871,28.1238,28.3754,28.6259,28.8752,29.1232,29.3702,29.6159,29.8605,30.1039,30.3462,30.5873,30.8273,31.0661,31.3039,31.5405,31.776,32.0105,32.2439,32.4763,32.7076,32.9379,33.1672,33.3955,33.6229,33.8493,34.0747,34.2993,34.5229,34.7457,34.9676,35.1886,35.4088,35.6282,35.8468,36.0646,36.2817,36.498,36.7136,36.9285,37.1426,37.3562,37.569,37.7812,37.9928,38.2038,38.4143,38.6241,38.8334,39.0421,39.2504,39.4581,39.6653,39.8721,40.0784,40.2843,40.4897,40.6948,40.8994,41.1037,41.3076,41.5111,41.7143,41.9172,42.1198,42.3221,42.5241,42.7258,42.9273,43.1286,43.3296
21.1468,20.8594,20.5739,20.2904,20.0094,19.7311,19.456,19.1844,18.9167,18.6534,18.395,18.1419,17.8946,17.6538,17.4199,17.1936,16.9754,16.7659,16.5657,16.3754,16.1954,16.0262,15.8685,15.7224,15.5883,15.4665,15.3571,15.2601,15.1755,15.103,15.0424,14.9932,14.9549,14.9269,14.9085,14.8989,14.8972,14.9024,14.9138,14.9302,14.9508,14.9745,15.0005,15.0279,15.0557,15.0832,15.1097,15.1345,15.157,15.1766,15.1929,15.2056,15.2143,15.2189,15.2192,15.2152,15.2069,15.1945,15.1782,15.1582,15.135,15.109,15.0807,15.0507,15.0196,14.9883,14.9576,14.9282,14.901,14.877,14.8572,14.8424,14.8337,14.8318,14.8379,14.8526,14.8767,14.911,14.9561,15.0124,15.0804,15.1603,15.2523,15.3564,15.4726,15.6008,15.7406,15.8918,16.054,16.2266,16.4092,16.6012,16.802,17.0111,17.2279,17.4517,17.682,17.9182,18.1598,18.4062,18.657,18.9116,19.1696,19.4307,19.6943,19.9601,20.2279,20.4972,20.7678,21.0395,21.3119,21.5849,21.8583,22.1319,22.4054,22.6789,22.952,23.2247,23.497,23.7686,24.0395,24.3096,24.5789,24.8472,25.1146,25.3809,25.6462,25.9104,26.1734,26.4353,26.696,26.9555,27.2138,27.4708,27.7266,27.9811,28.2344,28.4865,28.7373,28.9868,29.2351,29.4822,29.728,29.9726,30.216,30.4582,30.6993,30.9391,31.1778,31.4153,31.6517,31.8869,32.1211,32.3541,32.5861,32.8171,33.047,33.2759,33.5038,33.7307,33.9566,34.1816,34.4057,34.6288,34.8511,35.0725,35.293,35.5127,35.7316,35.9497,36.167,36.3836,36.5994,36.8144,37.0288,37.2425,37.4555,37.6679,37.8796,38.0907,38.3012,38.5112,38.7206,38.9294,39.1377,39.3455,39.5527,39.7596,39.9659,40.1718,40.3773,40.5823,40.787,40.9912,41.1951,41.3987,41.6019,41.8048,42.0073,42.2096,42.4116,42.6133,42.8148,43.016,43.217
20.9126,20.6194,20.3278,20.0382,19.7508,19.466,19.1842,18.9057,18.6311,18.3607,18.095,17.8347,17.5802,17.3321,17.0911,16.8578,16.6327,16.4166,16.2101,16.0138,15.8284,15.6544,15.4923,15.3426,15.2057,15.0818,14.9711,14.8738,14.7896,14.7186,14.6602,14.6141,14.5797,14.5563,14.5431,14.5393,14.5438,14.5556,14.5738,14.5972,14.6248,14.6556,14.6884,14.7223,14.7564,14.7898,14.8218,14.8515,14.8783,14.9017,14.9211,14.9363,14.9468,14.9525,14.9532,14.9489,14.9396,14.9255,14.9068,14.8838,14.8569,14.8267,14.7935,14.7582,14.7215,14.684,14.6468,14.6108,14.5768,14.546,14.5193,14.4979,14.4827,14.4749,14.4753,14.485,14.5048,14.5354,14.5775,14.6318,14.6985,14.7781,14.8706,14.9762,15.0946,15.2258,15.3694,15.525,15.6922,15.8703,16.0589,16.2572,16.4647,16.6807,16.9046,17.1356,17.3731,17.6166,17.8654,18.119,18.3768,18.6383,18.9032,19.1708,19.4409,19.7131,19.9869,20.2621,20.5384,20.8156,21.0933,21.3714,21.6497,21.9279,22.206,22.4837,22.761,23.0377,23.3137,23.5889,23.8633,24.1367,24.4092,24.6805,24.9508,25.2199,25.4878,25.7545,26.02,26.2841,26.547,26.8086,27.0688,27.3277,27.5853,27.8416,28.0965,28.3501,28.6024,28.8534,29.103,29.3513,29.5984,29.8442,30.0886,30.3319,30.5739,30.8146,31.0542,31.2925,31.5297,31.7657,32.0006,32.2344,32.467,32.6985,32.929,33.1584,33.3868,33.6142,33.8406,34.066,34.2904,34.514,34.7366,34.9583,35.1791,35.3991,35.6182,35.8366,36.0541,36.2708,36.4868,36.7021,36.9166,37.1304,37.3436,37.556,37.7679,37.9791,38.1897,38.3997,38.6091,38.818,39.0263,39.2342,39.4415,39.6483,39.8547,40.0606,40.266,40.4711,40.6757,40.88,41.0839,41.2874,41.4906,41.6934,41.8959,42.0982,42.3001,42.5018,42.7032,42.9044,43.1054
20.6818,20.3826,20.0849,19.7889,19.4949,19.2034,18.9146,18.6289,18.347,18.0691,17.7959,17.5279,17.2657,17.0099,16.7612,16.5202,16.2878,16.0645,15.8511,15.6484,15.457,15.2775,15.1107,14.9569,14.8167,14.6905,14.5783,14.4805,14.3968,14.3272,14.2713,14.2286,14.1984,14.1801,14.1726,14.1751,14.1865,14.2056,14.2313,14.2624,14.2978,14.3361,14.3764,14.4175,14.4585,14.4983,14.5361,14.5712,14.6027,14.6302,14.6531,14.6709,14.6833,14.6902,14.6914,14.6867,14.6764,14.6604,14.6391,14.6129,14.582,14.5471,14.5088,14.4677,14.4246,14.3805,14.3363,14.2929,14.2515,14.2131,14.1789,14.1502,14.1279,14.1134,14.1077,14.1118,14.1267,14.1533,14.1923,14.2443,14.3098,14.389,14.4822,14.5894,14.7103,14.8449,14.9927,15.1532,15.3259,15.5101,15.7052,15.9105,16.1253,16.3487,16.5801,16.8188,17.0641,17.3153,17.5717,17.8329,18.0981,18.3669,18.6389,18.9134,19.1902,19.4688,19.7489,20.0302,20.3123,20.5951,20.8782,21.1614,21.4447,21.7276,22.0103,22.2923,22.5738,22.8544,23.1342,23.4131,23.6909,23.9677,24.2432,24.5176,24.7907,25.0626,25.3331,25.6022,25.87,26.1364,26.4014,26.665,26.9272,27.188,27.4473,27.7053,27.9618,28.2169,28.4706,28.7229,28.9738,29.2234,29.4716,29.7185,29.964,30.2082,30.4512,30.6928,30.9332,31.1724,31.4103,31.647,31.8826,32.1169,32.3502,32.5823,32.8133,33.0432,33.272,33.4998,33.7266,33.9524,34.1772,34.4011,34.624,34.846,35.0671,35.2873,35.5067,35.7252,35.9429,36.1598,36.376,36.5914,36.806,37.0199,37.2332,37.4458,37.6577,37.8689,38.0796,38.2896,38.4991,38.708,38.9164,39.1242,39.3315,39.5383,39.7447,39.9506,40.156,40.361,40.5657,40.7699,40.9737,41.1772,41.3803,41.5831,41.7856,41.9878,42.1897,42.3913,42.5927,42.7938,42.9947
20.4546,20.1494,19.8454,19.5429,19.2421,18.9435,18.6475,18.3544,18.0648,17.7791,17.4979,17.2218,16.9513,16.6873,16.4304,16.1813,15.9408,15.7097,15.4888,15.279,15.0809,14.8954,14.7232,14.5649,14.421,14.292,14.1782,14.0797,13.9965,13.9284,13.8751,13.8361,13.8105,13.7977,13.7966,13.8062,13.8251,13.8522,13.8862,13.9258,13.9695,14.0163,14.0647,14.1137,14.1621,14.2089,14.2531,14.294,14.3306,14.3625,14.389,14.4097,14.4243,14.4324,14.434,14.429,14.4175,14.3996,14.3755,14.3457,14.3105,14.2706,14.2266,14.1792,14.1294,14.078,14.026,13.9746,13.925,13.8783,13.8359,13.799,13.769,13.7471,13.7346,13.7326,13.7421,13.7643,13.7998,13.8493,13.9135,13.9924,14.0865,14.1955,14.3194,14.4578,14.6102,14.7762,14.955,15.146,15.3483,15.5611,15.7837,16.0152,16.2548,16.5017,16.7553,17.0146,17.2792,17.5483,17.8213,18.0977,18.377,18.6587,18.9425,19.2278,19.5143,19.8018,20.0899,20.3783,20.6669,20.9554,21.2436,21.5314,21.8185,22.105,22.3906,22.6752,22.9588,23.2412,23.5225,23.8025,24.0812,24.3585,24.6345,24.909,25.182,25.4536,25.7237,25.9923,26.2594,26.525,26.7891,27.0516,27.3127,27.5722,27.8303,28.0868,28.3419,28.5955,28.8477,29.0984,29.3478,29.5957,29.8422,30.0874,30.3312,30.5737,30.8149,31.0548,31.2934,31.5308,31.7669,32.0019,32.2357,32.4683,32.6998,32.9302,33.1594,33.3876,33.6148,33.8409,34.066,34.2902,34.5134,34.7356,34.9569,35.1774,35.3969,35.6156,35.8335,36.0505,36.2668,36.4823,36.697,36.9111,37.1244,37.337,37.549,37.7603,37.9709,38.181,38.3905,38.5994,38.8077,39.0156,39.2229,39.4297,39.636,39.8418,40.0472,40.2522,40.4568,40.6609,40.8647,41.0681,41.2712,41.4739,41.6764,41.8785,42.0803,42.2818,42.4831,42.6842,42.885
20.2316,19.9202,19.6097,19.3005,18.9927,18.6869,18.3834,18.0826,17.7849,17.491,17.2014,16.9167,16.6375,16.3647,16.0989,15.841,15.5919,15.3523,15.1232,14.9055,14.7001,14.5079,14.3297,14.1662,14.0181,13.886,13.7701,13.6707,13.5879,13.5215,13.471,13.4359,13.4155,13.4088,13.4147,13.432,13.4593,13.4952,13.5383,13.5872,13.6402,13.6961,13.7535,13.811,13.8675,13.9219,13.9731,14.0202,14.0624,14.099,14.1294,14.1533,14.17,14.1796,14.1816,14.1762,14.1634,14.1434,14.1163,14.0826,14.0428,13.9975,13.9474,13.8932,13.8359,13.7765,13.7161,13.656,13.5974,13.5416,13.4901,13.4443,13.4057,13.3756,13.3555,13.3467,13.3504,13.3677,13.3994,13.4463,13.509,13.5878,13.6828,13.7941,13.9213,14.064,14.2217,14.3938,14.5794,14.7778,14.988,15.2091,15.4402,15.6804,15.9289,16.1846,16.4469,16.715,16.9881,17.2655,17.5467,17.8311,18.1181,18.4072,18.6981,18.9902,19.2834,19.5772,19.8713,20.1656,20.4597,20.7535,21.0467,21.3393,21.6311,21.9219,22.2116,22.5002,22.7875,23.0736,23.3582,23.6415,23.9232,24.2035,24.4822,24.7593,25.0349,25.3089,25.5812,25.852,26.1211,26.3886,26.6545,26.9188,27.1814,27.4425,27.7021,27.96,28.2164,28.4713,28.7246,28.9765,29.2269,29.4758,29.7233,29.9693,30.214,30.4572,30.6992,30.9398,31.179,31.4171,31.6538,31.8893,32.1236,32.3567,32.5886,32.8194,33.049,33.2776,33.5051,33.7315,33.9569,34.1813,34.4047,34.6271,34.8487,35.0693,35.289,35.5078,35.7258,35.943,36.1593,36.3749,36.5897,36.8038,37.0171,37.2298,37.4418,37.6531,37.8638,38.0738,38.2833,38.4922,38.7005,38.9083,39.1155,39.3223,39.5285,39.7343,39.9397,40.1446,40.349,40.5531,40.7568,40.9602,41.1632,41.3658,41.5681,41.7702,41.9719,42.1734,42.3746,42.5755,42.7763
20.013,19.6953,19.3782,19.0621,18.7472,18.4339,18.1226,17.8138,17.5078,17.2053,16.9068,16.6131,16.3247,16.0425,15.7672,15.4999,15.2413,14.9924,14.7543,14.528,14.3145,14.1148,13.9298,13.7605,13.6076,13.4718,13.3535,13.253,13.1705,13.1057,13.0582,13.0275,13.0127,13.0128,13.0264,13.0522,13.0888,13.1344,13.1876,13.2466,13.3098,13.3758,13.4429,13.5097,13.5751,13.6376,13.6963,13.7501,13.7983,13.84,13.8747,13.9018,13.921,13.932,13.9346,13.9288,13.9146,13.8922,13.8619,13.8241,13.7793,13.7282,13.6714,13.6098,13.5445,13.4764,13.4069,13.3372,13.2687,13.2029,13.1414,13.0858,13.0376,12.9985,12.9701,12.9538,12.951,12.9628,12.9904,13.0345,13.0957,13.1744,13.2707,13.3845,13.5155,13.6632,13.8269,14.0058,14.199,14.4056,14.6245,14.8547,15.0951,15.3447,15.6026,15.8678,16.1395,16.4168,16.6989,16.9851,17.2749,17.5675,17.8624,18.1592,18.4574,18.7567,19.0566,19.3568,19.6571,19.9572,20.257,20.5561,20.8544,21.1518,21.4481,21.7433,22.0371,22.3297,22.6207,22.9103,23.1983,23.4847,23.7695,24.0526,24.334,24.6138,24.8918,25.168,25.4426,25.7154,25.9865,26.2558,26.5235,26.7894,27.0537,27.3163,27.5772,27.8365,28.0942,28.3502,28.6047,28.8576,29.109,29.3588,29.6072,29.8541,30.0995,30.3435,30.5861,30.8274,31.0673,31.3059,31.5431,31.7791,32.0139,32.2474,32.4797,32.7108,32.9408,33.1697,33.3975,33.6241,33.8498,34.0744,34.298,34.5206,34.7423,34.963,35.1829,35.4018,35.6199,35.8371,36.0535,36.2691,36.484,36.6981,36.9115,37.1241,37.3361,37.5474,37.758,37.9681,38.1775,38.3863,38.5946,38.8023,39.0095,39.2161,39.4223,39.628,39.8333,40.0381,40.2425,40.4465,40.6501,40.8533,41.0562,41.2588,41.461,41.6629,41.8645,42.0659,42.267,42.4678,42.6685
19.7992,19.4751,19.1514,18.8283,18.506,18.1851,17.8658,17.5486,17.234,16.9225,16.6148,16.3114,16.0133,15.7211,15.4357,15.1581,14.8893,14.6304,14.3824,14.1466,13.924,13.7159,13.5234,13.3474,13.189,13.0489,12.9277,12.8258,12.7434,12.6803,12.6361,12.6102,12.6015,12.609,12.6312,12.6665,12.7132,12.7696,12.8338,12.9041,12.9785,13.0554,13.1331,13.2101,13.285,13.3564,13.4231,13.4843,13.5388,13.586,13.6252,13.6559,13.6776,13.6902,13.6933,13.687,13.6714,13.6465,13.6128,13.5706,13.5204,13.463,13.399,13.3295,13.2554,13.178,13.0985,13.0183,12.939,12.8623,12.7898,12.7232,12.6646,12.6155,12.5778,12.5531,12.5431,12.549,12.572,12.613,12.6727,12.7515,12.8494,12.9663,13.1017,13.255,13.4255,13.6121,13.8138,14.0295,14.2579,14.498,14.7485,15.0084,15.2765,15.5518,15.8335,16.1205,16.4121,16.7076,17.0062,17.3074,17.6106,17.9153,18.221,18.5275,18.8343,19.1411,19.4476,19.7537,20.059,20.3635,20.6669,20.9691,21.27,21.5694,21.8674,22.1638,22.4585,22.7516,23.0429,23.3324,23.6202,23.9061,24.1901,24.4724,24.7527,25.0313,25.3079,25.5827,25.8557,26.1269,26.3962,26.6638,26.9295,27.1935,27.4558,27.7164,27.9752,28.2324,28.4879,28.7418,28.9942,29.2449,29.4941,29.7417,29.9879,30.2326,30.4758,30.7177,30.9581,31.1972,31.4349,31.6714,31.9065,32.1404,32.3731,32.6046,32.8348,33.064,33.292,33.5189,33.7447,33.9695,34.1933,34.416,34.6378,34.8587,35.0786,35.2976,35.5157,35.733,35.9494,36.1651,36.3799,36.594,36.8073,37.02,37.2319,37.4431,37.6537,37.8637,38.0731,38.2818,38.49,38.6976,38.9047,39.1113,39.3174,39.523,39.7281,39.9328,40.1371,40.341,40.5445,40.7476,40.9503,41.1528,41.3549,41.5567,41.7582,41.9594,42.1604,42.3611,42.5616
19.5906,19.2601,18.9296,18.5994,18.2697,17.9409,17.6134,17.2876,16.964,16.6432,16.3257,16.0124,15.7038,15.401,15.1048,14.8162,14.5364,14.2665,14.0077,13.7613,13.5287,13.3112,13.1101,12.9265,12.7617,12.6166,12.492,12.3883,12.3058,12.2444,12.2037,12.183,12.1812,12.1968,12.2285,12.2743,12.3324,12.4006,12.4771,12.5596,12.6463,12.7352,12.8245,12.9125,12.9977,13.0786,13.1541,13.223,13.2844,13.3375,13.3815,13.4159,13.4404,13.4546,13.4583,13.4515,13.4343,13.4068,13.3694,13.3224,13.2665,13.2024,13.1308,13.0527,12.9692,12.8816,12.7912,12.6996,12.6086,12.5197,12.4351,12.3566,12.2862,12.226,12.1781,12.1442,12.1261,12.1254,12.1434,12.1812,12.2394,12.3184,12.4183,12.5387,12.6793,12.8391,13.0173,13.2126,13.4238,13.6495,13.8886,14.1395,14.401,14.6719,14.951,15.2371,15.5293,15.8267,16.1283,16.4334,16.7413,17.0513,17.363,17.6758,17.9893,18.3031,18.6169,18.9303,19.2432,19.5552,19.8662,20.176,20.4844,20.7914,21.0969,21.4006,21.7026,22.0029,22.3012,22.5977,22.8922,23.1848,23.4754,23.764,24.0507,24.3353,24.618,24.8987,25.1774,25.4541,25.7289,26.0018,26.2727,26.5418,26.809,27.0744,27.3379,27.5997,27.8596,28.1179,28.3744,28.6292,28.8824,29.134,29.3839,29.6323,29.8791,30.1244,30.3683,30.6106,30.8516,31.0911,31.3293,31.5661,31.8016,32.0359,32.2688,32.5006,32.7311,32.9605,33.1887,33.4157,33.6417,33.8666,34.0905,34.3134,34.5352,34.7561,34.9761,35.1951,35.4133,35.6306,35.847,36.0626,36.2774,36.4915,36.7048,36.9174,37.1292,37.3404,37.5509,37.7608,37.97,38.1787,38.3868,38.5943,38.8012,39.0077,39.2137,39.4191,39.6241,39.8287,40.0329,40.2366,40.4399,40.6429,40.8455,41.0478,41.2498,41.4514,41.6528,41.8539,42.0547,42.2553,42.4557
19.3877,19.0508,18.7135,18.376,18.0387,17.7019,17.366,17.0314,16.6985,16.368,16.0404,15.7165,15.397,15.0829,14.7752,14.4748,14.183,13.9011,13.6305,13.3725,13.1287,12.9006,12.6898,12.4976,12.3254,12.1744,12.0456,11.9397,11.8569,11.7972,11.7603,11.7452,11.7509,11.7757,11.8179,11.8754,11.946,12.0274,12.1173,12.2135,12.3135,12.4155,12.5174,12.6173,12.7136,12.8048,12.8897,12.9669,13.0356,13.0948,13.144,13.1824,13.2097,13.2257,13.23,13.2227,13.2038,13.1735,13.1322,13.0802,13.0182,12.9469,12.8671,12.7797,12.6861,12.5875,12.4854,12.3814,12.2775,12.1754,12.0774,11.9856,11.9023,11.8298,11.7704,11.7262,11.6992,11.6913,11.7038,11.738,11.7947,11.8742,11.9765,12.1013,12.2478,12.4152,12.6021,12.8072,13.029,13.266,13.5167,13.7795,14.053,14.3358,14.6267,14.9244,15.2278,15.536,15.848,16.1632,16.4807,16.7999,17.1204,17.4415,17.7629,18.0841,18.405,18.7251,19.0443,19.3622,19.6789,19.994,20.3075,20.6192,20.9291,21.2371,21.5431,21.8471,22.149,22.4488,22.7464,23.042,23.3354,23.6267,23.9158,24.2028,24.4876,24.7704,25.051,25.3296,25.6061,25.8806,26.1531,26.4236,26.6922,26.9588,27.2236,27.4864,27.7475,28.0067,28.2641,28.5198,28.7738,29.0261,29.2768,29.5258,29.7732,30.0191,30.2635,30.5063,30.7477,30.9877,31.2262,31.4634,31.6992,31.9337,32.1669,32.3989,32.6296,32.8591,33.0875,33.3147,33.5408,33.7658,33.9898,34.2127,34.4346,34.6555,34.8755,35.0945,35.3126,35.5299,35.7463,35.9618,36.1766,36.3906,36.6038,36.8163,37.028,37.2391,37.4495,37.6593,37.8684,38.0769,38.2848,38.4922,38.6991,38.9054,39.1112,39.3165,39.5214,39.7258,39.9298,40.1333,40.3365,40.5393,40.7418,40.9439,41.1457,41.3472,41.5484,41.7494,41.95,42.1505,42.3507
19.191,18.8476,18.5034,18.1587,17.8137,17.4688,17.1243,16.7806,16.4382,16.0976,15.7595,15.4246,15.0937,14.7677,14.4476,14.1346,13.8299,13.535,13.2513,12.9805,12.7242,12.4843,12.2623,12.0602,11.8795,11.7217,11.5879,11.479,11.3956,11.3376,11.3047,11.2959,11.3099,11.3449,11.3988,11.4693,11.5539,11.6499,11.7547,11.8657,11.9805,12.0967,12.2122,12.325,12.4333,12.5356,12.6303,12.7165,12.7929,12.8587,12.9132,12.9559,12.9863,13.004,13.009,13.0011,12.9805,12.9473,12.9018,12.8445,12.776,12.6971,12.6085,12.5113,12.4068,12.2964,12.1815,12.0641,11.9461,11.8295,11.7168,11.6103,11.5127,11.4265,11.3543,11.2985,11.2616,11.2456,11.2521,11.2825,11.3377,11.418,11.5234,11.6533,11.8069,11.9828,12.1798,12.396,12.6297,12.8793,13.1428,13.4187,13.7052,14.0009,14.3043,14.6143,14.9296,15.2492,15.5722,15.8977,16.2252,16.5539,16.8832,17.2128,17.5422,17.871,18.199,18.5258,18.8513,19.1752,19.4975,19.8179,20.1363,20.4527,20.767,21.0791,21.389,21.6967,22.002,22.305,22.6058,22.9042,23.2003,23.4941,23.7856,24.0748,24.3618,24.6465,24.929,25.2093,25.4875,25.7635,26.0375,26.3094,26.5792,26.847,27.1129,27.3768,27.6388,27.8989,28.1572,28.4137,28.6684,28.9214,29.1727,29.4223,29.6703,29.9166,30.1615,30.4047,30.6465,30.8868,31.1256,31.3631,31.5992,31.8339,32.0673,32.2995,32.5303,32.76,32.9885,33.2158,33.4419,33.667,33.891,34.1139,34.3358,34.5567,34.7767,34.9956,35.2137,35.4309,35.6472,35.8627,36.0774,36.2912,36.5043,36.7167,36.9283,37.1393,37.3495,37.5591,37.7681,37.9765,38.1843,38.3915,38.5981,38.8043,39.0099,39.2151,39.4197,39.624,39.8278,40.0312,40.2342,40.4368,40.6391,40.8411,41.0427,41.244,41.445,41.6458,41.8463,42.0465,42.2466
19.0009,18.651,18.2999,17.948,17.5953,17.2421,16.8889,16.536,16.1838,15.8329,15.4839,15.1376,14.7946,14.4561,14.1229,13.7964,13.4779,13.1688,12.8709,12.5858,12.3157,12.0623,11.8278,11.6143,11.4237,11.2577,11.1179,11.0054,10.9209,10.8646,10.8359,10.834,10.8573,10.9037,10.9708,11.0558,11.1559,11.2681,11.3893,11.5168,11.6476,11.7793,11.9096,12.0362,12.1574,12.2714,12.3768,12.4723,12.5569,12.6296,12.6898,12.7369,12.7705,12.7901,12.7958,12.7873,12.7648,12.7285,12.6787,12.6159,12.5405,12.4535,12.3556,12.248,12.1319,12.0087,11.8802,11.7482,11.6148,11.4824,11.3535,11.2308,11.1172,11.0157,10.9291,10.8605,10.8124,10.7873,10.7872,10.8135,10.8673,10.9488,11.058,11.1941,11.3559,11.5419,11.7503,11.9792,12.2264,12.4898,12.7676,13.0577,13.3583,13.6679,13.9848,14.3078,14.6355,14.9671,15.3015,15.6378,15.9755,16.3138,16.6523,16.9905,17.3279,17.6643,17.9994,18.333,18.6647,18.9946,19.3224,19.648,19.9713,20.2923,20.6109,20.927,21.2407,21.5519,21.8605,22.1667,22.4704,22.7715,23.0702,23.3664,23.6602,23.9516,24.2405,24.5271,24.8114,25.0934,25.3731,25.6506,25.9259,26.199,26.47,26.7389,27.0058,27.2707,27.5336,27.7946,28.0536,28.3108,28.5662,28.8198,29.0716,29.3218,29.5702,29.817,30.0622,30.3059,30.548,30.7885,31.0277,31.2653,31.5016,31.7365,31.9701,32.2024,32.4333,32.6631,32.8916,33.119,33.3451,33.5702,33.7942,34.0171,34.2389,34.4598,34.6797,34.8986,35.1166,35.3337,35.5499,35.7652,35.9797,36.1935,36.4064,36.6186,36.8301,37.0409,37.251,37.4604,37.6692,37.8774,38.085,38.292,38.4985,38.7044,38.9099,39.1148,39.3193,39.5233,39.7269,39.9301,40.1329,40.3354,40.5375,40.7392,40.9406,41.1417,41.3426,41.5431,41.7434,41.9435,42.1433
18.8179,18.4616,18.1037,17.7445,17.384,17.0227,16.6607,16.2984,15.9363,15.5748,15.2146,14.8564,14.5009,14.1491,13.8022,13.4613,13.1278,12.8035,12.4899,12.1893,11.9036,11.6351,11.3864,11.1597,10.9575,10.7819,10.6348,10.5178,10.4317,10.3769,10.3528,10.3585,10.3922,10.4514,10.5332,10.6346,10.7521,10.8822,11.0216,11.1671,11.3155,11.464,11.6102,11.7518,11.8866,12.0131,12.1297,12.2351,12.3283,12.4083,12.4744,12.5261,12.5629,12.5846,12.5909,12.5818,12.5574,12.5179,12.4636,12.3949,12.3124,12.2169,12.1092,11.9905,11.862,11.7253,11.5821,11.4343,11.2843,11.1345,10.9878,10.8471,10.7158,10.5971,10.4945,10.4114,10.3508,10.3155,10.308,10.3299,10.3823,10.4657,10.5796,10.7231,10.8946,11.0923,11.3139,11.5571,11.8194,12.0984,12.3918,12.6975,13.0134,13.3378,13.6691,14.0058,14.3467,14.6907,15.0368,15.3843,15.7324,16.0806,16.4283,16.7751,17.1207,17.4647,17.8069,18.1471,18.4851,18.8208,19.154,19.4847,19.8128,20.1382,20.461,20.781,21.0983,21.4129,21.7248,22.034,22.3404,22.6442,22.9454,23.2439,23.5398,23.8332,24.124,24.4124,24.6983,24.9819,25.263,25.5418,25.8184,26.0927,26.3648,26.6347,26.9025,27.1683,27.432,27.6937,27.9534,28.2113,28.4672,28.7214,28.9737,29.2243,29.4731,29.7203,29.9659,30.2098,30.4521,30.6929,30.9323,31.1701,31.4065,31.6416,31.8752,32.1076,32.3386,32.5684,32.7969,33.0243,33.2504,33.4754,33.6994,33.9222,34.144,34.3647,34.5845,34.8033,35.0211,35.2381,35.4542,35.6694,35.8837,36.0973,36.3101,36.5221,36.7334,36.9439,37.1538,37.3631,37.5717,37.7796,37.987,38.1938,38.4001,38.6058,38.811,39.0157,39.22,39.4238,39.6272,39.8302,40.0328,40.235,40.4368,40.6384,40.8396,41.0405,41.2411,41.4414,41.6415,41.8414,42.041
18.6424,18.2799,17.9153,17.5489,17.1808,16.8112,16.4403,16.0686,15.6965,15.3242,14.9526,14.5821,14.2136,13.8481,13.4866,13.1305,12.7811,12.4402,12.1097,11.7917,11.4888,11.2034,10.9383,10.6965,10.4807,10.2937,10.1378,10.0151,9.92668,9.87315,9.85411,9.8683,9.91362,9.98726,10.0858,10.2055,10.3425,10.4926,10.6521,10.8173,10.9849,11.1517,11.315,11.4724,11.6218,11.7615,11.8899,12.0057,12.1078,12.1953,12.2676,12.324,12.3642,12.3879,12.395,12.3853,12.3589,12.316,12.257,12.1822,12.0923,11.988,11.87,11.7397,11.5981,11.447,11.288,11.1233,10.9552,10.7865,10.6203,10.4598,10.3087,10.1708,10.0501,9.95045,9.87562,9.82892,9.81313,9.83029,9.88161,9.96742,10.0872,10.2396,10.4227,10.634,10.8709,11.1304,11.4097,11.706,12.0166,12.3393,12.6717,13.012,13.3585,13.7096,14.0642,14.421,14.7793,15.1382,15.4969,15.855,16.212,16.5675,16.9212,17.2727,17.6219,17.9687,18.3128,18.6542,18.9927,19.3283,19.6611,19.9908,20.3176,20.6414,20.9622,21.2801,21.595,21.907,22.2162,22.5224,22.8259,23.1266,23.4245,23.7198,24.0124,24.3024,24.5899,24.8748,25.1573,25.4374,25.715,25.9904,26.2635,26.5343,26.803,27.0695,27.334,27.5963,27.8567,28.1151,28.3716,28.6261,28.8789,29.1298,29.379,29.6265,29.8723,30.1165,30.359,30.6,30.8395,31.0774,31.3139,31.549,31.7827,32.0151,32.2461,32.4759,32.7044,32.9317,33.1578,33.3827,33.6065,33.8292,34.0509,34.2715,34.4911,34.7098,34.9275,35.1442,35.3601,35.5751,35.7893,36.0027,36.2152,36.427,36.6381,36.8484,37.0581,37.2671,37.4755,37.6832,37.8903,38.0969,38.3029,38.5084,38.7134,38.9178,39.1219,39.3254,39.5286,39.7313,39.9336,40.1356,40.3372,40.5385,40.7395,40.9401,41.1405,41.3406,41.5405,41.7401,41.9396
18.4751,18.1065,17.7353,17.3618,16.9861,16.6084,16.2288,15.8477,15.4654,15.0823,14.6989,14.316,13.9342,13.5544,13.1777,12.8054,12.4391,12.0804,11.7314,11.3945,11.0724,10.7679,10.4843,10.2249,9.99321,9.79258,9.62603,9.49609,9.40449,9.35201,9.33835,9.36207,9.42066,9.51075,9.62826,9.76873,9.92749,10.0999,10.2817,10.4685,10.6568,10.8433,11.0249,11.1992,11.364,11.5176,11.6582,11.7848,11.8961,11.9914,12.07,12.1313,12.175,12.2008,12.2086,12.1982,12.1698,12.1235,12.0597,11.9787,11.8811,11.7676,11.639,11.4964,11.3412,11.1748,10.9991,10.8162,10.6287,10.4395,10.2517,10.0693,9.89609,9.73663,9.59543,9.4771,9.38607,9.32634,9.30125,9.31324,9.3637,9.45289,9.57999,9.74321,9.94001,10.1673,10.4218,10.6999,10.9983,11.3138,11.6434,11.9844,12.3346,12.6918,13.0542,13.4205,13.7892,14.1594,14.53,14.9004,15.2699,15.638,16.0043,16.3684,16.73,17.089,17.4452,17.7983,18.1484,18.4953,18.8389,19.1794,19.5165,19.8504,20.1811,20.5084,20.8326,21.1536,21.4714,21.7861,22.0977,22.4063,22.712,23.0147,23.3145,23.6115,23.9058,24.1973,24.4861,24.7724,25.0561,25.3372,25.616,25.8923,26.1662,26.4379,26.7073,26.9745,27.2396,27.5025,27.7634,28.0223,28.2792,28.5341,28.7872,29.0385,29.2879,29.5356,29.7816,30.0259,30.2686,30.5097,30.7492,30.9873,31.2238,31.4589,31.6926,31.9249,32.1559,32.3856,32.614,32.8412,33.0672,33.292,33.5156,33.7382,33.9597,34.1802,34.3996,34.618,34.8355,35.0521,35.2677,35.4825,35.6965,35.9096,36.1219,36.3334,36.5443,36.7544,36.9638,37.1725,37.3806,37.5881,37.7949,38.0012,38.207,38.4122,38.6169,38.8211,39.0248,39.2281,39.431,39.6335,39.8356,40.0373,40.2386,40.4396,40.6403,40.8408,41.0409,41.2408,41.4404,41.6398,41.839
18.3165,17.9419,17.5644,17.184,16.8009,16.4151,16.0269,15.6364,15.244,14.8501,14.455,14.0594,13.6639,13.2694,12.877,12.4878,12.1035,11.7259,11.357,10.9994,10.6559,10.33,10.0252,9.74551,9.49514,9.27821,9.09861,8.95963,8.86365,8.81187,8.80406,8.83857,8.91237,9.02132,9.1605,9.32451,9.50784,9.70513,9.91135,10.1219,10.3327,10.5402,10.7413,10.9334,11.1144,11.2823,11.4357,11.5733,11.6941,11.7974,11.8824,11.9487,11.9959,12.0238,12.0323,12.0213,11.9908,11.9411,11.8723,11.785,11.6795,11.5566,11.417,11.2619,11.0924,10.91,10.7166,10.5145,10.3061,10.0945,9.88332,9.67657,9.47881,9.29503,9.13054,8.99081,8.88115,8.80646,8.77081,8.77716,8.82712,8.92085,9.05713,9.23353,9.44671,9.69278,9.96756,10.2669,10.5867,10.9235,11.2737,11.6347,12.0037,12.3788,12.758,13.14,13.5233,13.907,14.2902,14.6722,15.0524,15.4305,15.8059,16.1785,16.548,16.9143,17.2771,17.6365,17.9923,18.3445,18.6931,19.0381,19.3795,19.7174,20.0516,20.3824,20.7097,21.0336,21.3541,21.6713,21.9853,22.2961,22.6037,22.9083,23.2098,23.5084,23.8042,24.0971,24.3872,24.6746,24.9594,25.2415,25.5212,25.7983,26.0731,26.3454,26.6155,26.8833,27.1489,27.4123,27.6736,27.9328,28.1901,28.4453,28.6987,28.9502,29.1998,29.4477,29.6938,29.9382,30.1809,30.4221,30.6616,30.8996,31.1361,31.3712,31.6048,31.8371,32.0679,32.2975,32.5258,32.7528,32.9786,33.2033,33.4268,33.6491,33.8704,34.0906,34.3098,34.528,34.7453,34.9616,35.177,35.3915,35.6052,35.818,36.0301,36.2413,36.4519,36.6617,36.8708,37.0792,37.287,37.4942,37.7008,37.9068,38.1122,38.3172,38.5216,38.7255,38.9289,39.132,39.3345,39.5367,39.7385,39.9399,40.141,40.3417,40.5422,40.7423,40.9422,41.1418,41.3412,41.5403,41.7392
18.167,17.7867,17.403,17.016,16.6257,16.2322,15.8355,15.4359,15.0336,14.6288,14.222,13.8137,13.4044,12.9949,12.5863,12.1797,11.7766,11.3788,10.9885,10.6083,10.2414,9.89144,9.56254,9.25938,8.98698,8.75049,8.55487,8.40448,8.30259,8.25099,8.2496,8.29648,8.38789,8.51868,8.68276,8.8736,9.08463,9.30961,9.54281,9.77912,10.0141,10.2441,10.4657,10.6765,10.8742,11.0569,11.2234,11.3723,11.5027,11.614,11.7055,11.7768,11.8276,11.8576,11.8668,11.8551,11.8225,11.7693,11.6957,11.6019,11.4885,11.356,11.2053,11.0372,10.8529,10.654,10.4421,10.2196,9.98893,9.75336,9.51662,9.28313,9.05792,8.84669,8.65563,8.49125,8.36002,8.26796,8.22017,8.22031,8.27028,8.37007,8.51789,8.71041,8.94324,9.21139,9.50968,9.83311,10.177,10.5371,10.9099,11.2922,11.6813,12.0751,12.4717,12.8697,13.2679,13.6653,14.0611,14.4547,14.8456,15.2334,15.6179,15.9988,16.3759,16.7492,17.1185,17.4838,17.8451,18.2024,18.5557,18.905,19.2504,19.5919,19.9296,20.2635,20.5938,20.9204,21.2434,21.5629,21.879,22.1918,22.5012,22.8075,23.1106,23.4107,23.7077,24.0019,24.2931,24.5816,24.8673,25.1503,25.4308,25.7086,25.984,26.257,26.5276,26.7959,27.0619,27.3257,27.5873,27.8468,28.1043,28.3598,28.6133,28.8649,29.1147,29.3626,29.6088,29.8532,30.096,30.3371,30.5766,30.8145,31.051,31.2859,31.5194,31.7515,31.9822,32.2116,32.4397,32.6665,32.8921,33.1166,33.3398,33.5619,33.783,34.0029,34.2219,34.4398,34.6568,34.8728,35.0879,35.3021,35.5155,35.728,35.9397,36.1507,36.3609,36.5704,36.7792,36.9873,37.1948,37.4017,37.6079,37.8136,38.0187,38.2233,38.4274,38.631,38.8342,39.0368,39.2391,39.441,39.6425,39.8436,40.0444,40.2448,40.4449,40.6448,40.8444,41.0437,41.2428,41.4417,41.6403
18.0271,17.6415,17.252,16.8587,16.4615,16.0605,15.6557,15.2472,14.8352,14.4199,14.0015,13.5805,13.1574,12.7329,12.3078,11.8832,11.4606,11.0417,10.6286,10.2241,9.83152,9.45475,9.0985,8.76816,8.46975,8.20966,7.99428,7.82941,7.7196,7.66746,7.67322,7.73448,7.84654,8.00285,8.19579,8.41732,8.65961,8.91538,9.17817,9.44236,9.70325,9.95688,10.2,10.4301,10.6449,10.8428,11.0224,11.1827,11.3228,11.4421,11.54,11.6163,11.6705,11.7027,11.7126,11.7002,11.6656,11.609,11.5304,11.4303,11.3089,11.1669,11.0049,10.8237,10.6244,10.4084,10.1774,9.93356,9.67939,9.41816,9.15376,8.89091,8.63515,8.39292,8.17143,7.97845,7.82196,7.7095,7.64755,7.64076,7.69143,7.79931,7.96173,8.17409,8.43057,8.72476,9.05025,9.40101,9.77163,10.1574,10.5545,10.9594,11.3696,11.7828,12.1973,12.6116,13.0248,13.4358,13.8441,14.2491,14.6505,15.0479,15.4411,15.8299,16.2144,16.5943,16.9698,17.3408,17.7073,18.0693,18.427,18.7804,19.1295,19.4744,19.8153,20.1521,20.485,20.8141,21.1394,21.461,21.7791,22.0936,22.4047,22.7125,23.017,23.3183,23.6165,23.9117,24.204,24.4933,24.7798,25.0636,25.3447,25.6232,25.8991,26.1726,26.4436,26.7122,26.9786,27.2427,27.5046,27.7643,28.0219,28.2775,28.5312,28.7828,29.0326,29.2806,29.5267,29.7711,30.0138,30.2548,30.4942,30.732,30.9683,31.203,31.4364,31.6682,31.8988,32.1279,32.3558,32.5824,32.8077,33.0318,33.2548,33.4767,33.6974,33.9171,34.1357,34.3533,34.5699,34.7856,35.0004,35.2143,35.4273,35.6395,35.8509,36.0615,36.2714,36.4805,36.689,36.8968,37.1039,37.3104,37.5163,37.7216,37.9264,38.1306,38.3344,38.5377,38.7404,38.9428,39.1447,39.3463,39.5474,39.7482,39.9487,40.1488,40.3486,40.5482,40.7475,40.9465,41.1453,41.3439,41.5422
17.8974,17.5067,17.1118,16.7126,16.3089,15.9008,15.4883,15.0713,14.65,14.2245,13.7949,13.3615,12.9248,12.4853,12.0437,11.6009,11.1583,10.7175,10.2805,9.8501,9.42958,9.02319,8.63607,8.27437,7.94524,7.65661,7.41669,7.23331,7.11285,7.05921,7.07302,7.15133,7.28797,7.47445,7.70104,7.95781,8.23534,8.52524,8.82026,9.11437,9.40261,9.68098,9.94631,10.1961,10.4283,10.6414,10.8342,11.0057,11.1554,11.2825,11.3868,11.4678,11.5255,11.5597,11.5703,11.5573,11.5207,11.4607,11.3773,11.2709,11.1418,10.9903,10.8171,10.6228,10.4085,10.1752,9.92467,9.65877,9.38004,9.09164,8.79755,8.50269,8.21305,7.93583,7.67937,7.453,7.2666,7.1298,7.05104,7.03639,7.08874,7.20741,7.38844,7.62541,7.91048,8.2354,8.59223,8.97383,9.37403,9.78768,10.2106,10.6393,11.0713,11.5044,11.9369,12.3677,12.7957,13.2202,13.6408,14.0569,14.4683,14.8748,15.2763,15.6728,16.0642,16.4504,16.8317,17.2079,17.5792,17.9457,18.3075,18.6645,19.0171,19.3651,19.7088,20.0483,20.3836,20.7149,21.0423,21.3658,21.6855,22.0017,22.3142,22.6233,22.929,23.2315,23.5307,23.8268,24.1198,24.4099,24.6971,24.9815,25.2631,25.5421,25.8184,26.0922,26.3636,26.6325,26.8991,27.1633,27.4253,27.6852,27.9429,28.1985,28.4522,28.7038,28.9536,29.2014,29.4475,29.6917,29.9343,30.1751,30.4144,30.652,30.888,31.1226,31.3557,31.5873,31.8175,32.0464,32.274,32.5003,32.7253,32.9491,33.1718,33.3933,33.6137,33.833,34.0513,34.2685,34.4848,34.7001,34.9145,35.128,35.3407,35.5525,35.7635,35.9738,36.1833,36.392,36.6001,36.8075,37.0142,37.2203,37.4259,37.6308,37.8352,38.0391,38.2425,38.4454,38.6478,38.8498,39.0514,39.2526,39.4534,39.6538,39.8539,40.0537,40.2532,40.4525,40.6514,40.8501,41.0486,41.2469,41.445
17.7783,17.3831,16.9831,16.5784,16.1687,15.754,15.3343,14.9093,14.4792,14.044,13.6037,13.1584,12.7085,12.2544,11.7965,11.3356,10.8729,10.4097,9.94801,9.49028,9.03987,8.60109,8.17942,7.78174,7.4164,7.09313,6.82257,6.6153,6.48045,6.42393,6.44705,6.54598,6.71241,6.93498,7.20108,7.49833,7.81549,8.14294,8.47276,8.79856,9.11533,9.41915,9.707,9.97656,10.2261,10.4542,10.6599,10.8425,11.0013,11.1361,11.2464,11.3322,11.3931,11.4292,11.4405,11.4268,11.3884,11.3251,11.2371,11.1247,10.988,10.8274,10.6432,10.4361,10.2069,9.95647,9.68624,9.39797,9.09397,8.77723,8.45164,8.12221,7.79526,7.47867,7.18199,6.91637,6.69414,6.5278,6.42864,6.40488,6.46028,6.59346,6.79847,7.06614,7.38587,7.74699,8.13977,8.55586,8.98839,9.43185,9.88196,10.3354,10.7896,11.2427,11.6932,12.1401,12.5826,13.0202,13.4525,13.8792,14.3002,14.7153,15.1247,15.5282,15.926,16.3181,16.7047,17.0858,17.4615,17.832,18.1974,18.5578,18.9134,19.2643,19.6106,19.9524,20.2898,20.6231,20.9522,21.2774,21.5986,21.9161,22.2299,22.5401,22.8468,23.1501,23.4502,23.747,24.0407,24.3314,24.6191,24.904,25.186,25.4653,25.742,26.016,26.2875,26.5566,26.8233,27.0876,27.3497,27.6095,27.8672,28.1228,28.3764,28.6279,28.8775,29.1252,29.3711,29.6152,29.8575,30.0981,30.3371,30.5745,30.8103,31.0445,31.2773,31.5086,31.7385,31.9671,32.1943,32.4202,32.6449,32.8684,33.0906,33.3118,33.5318,33.7507,33.9686,34.1854,34.4013,34.6162,34.8302,35.0433,35.2556,35.467,35.6776,35.8874,36.0965,36.3049,36.5125,36.7195,36.9258,37.1316,37.3367,37.5412,37.7452,37.9487,38.1517,38.3542,38.5562,38.7579,38.9591,39.1599,39.3603,39.5604,39.7601,39.9596,40.1587,40.3576,40.5562,40.7546,40.9527,41.1507,41.3485
17.6702,17.2709,16.8665,16.4568,16.0416,15.6209,15.1945,14.7622,14.324,13.8797,13.4294,12.9729,12.5105,12.0424,11.5688,11.0903,10.6077,10.1222,9.63542,9.14954,8.66768,8.19404,7.73424,7.29568,6.88787,6.52256,6.21343,5.97498,5.82048,5.75908,5.79328,5.91788,6.12112,6.3874,6.70012,7.04379,7.40516,7.77347,8.14027,8.49911,8.84509,9.17458,9.48484,9.7739,10.0403,10.2829,10.501,10.6941,10.8618,11.0037,11.1198,11.2099,11.2739,11.3119,11.3237,11.3095,11.2692,11.2029,11.1106,10.9925,10.8487,10.6793,10.4847,10.2653,10.0216,9.75447,9.46488,9.15434,8.82483,8.47905,8.12064,7.75444,7.38687,7.02631,6.68346,6.3715,6.10581,5.9029,5.7783,5.74365,5.80408,5.95703,6.19328,6.49955,6.86132,7.26488,7.6985,8.15266,8.61995,9.09478,9.57294,10.0513,10.5278,11.0006,11.4686,11.9311,12.3875,12.8374,13.2808,13.7174,14.1472,14.5704,14.9869,15.3969,15.8006,16.198,16.5893,16.9748,17.3544,17.7285,18.0972,18.4606,18.8188,19.1721,19.5206,19.8645,20.2038,20.5387,20.8693,21.1959,21.5183,21.8369,22.1517,22.4628,22.7704,23.0745,23.3751,23.6725,23.9668,24.2579,24.546,24.8311,25.1134,25.3929,25.6697,25.9439,26.2155,26.4846,26.7513,27.0156,27.2776,27.5374,27.7949,28.0504,28.3038,28.5551,28.8045,29.052,29.2976,29.5414,29.7835,30.0238,30.2625,30.4995,30.7349,30.9688,31.2013,31.4322,31.6617,31.8899,32.1167,32.3423,32.5665,32.7896,33.0114,33.2321,33.4517,33.6702,33.8876,34.1041,34.3195,34.534,34.7475,34.9602,35.172,35.3829,35.5931,35.8025,36.0111,36.219,36.4262,36.6328,36.8387,37.044,37.2487,37.4528,37.6564,37.8594,38.062,38.2641,38.4657,38.6669,38.8677,39.0681,39.2682,39.4679,39.6672,39.8663,40.0651,40.2636,40.4619,40.6599,40.8577,41.0553,41.2527
17.5736,17.1707,16.7623,16.3482,15.9283,15.5022,15.0699,14.6311,14.1855,13.733,13.2735,12.8068,12.3328,11.8516,11.3633,10.8681,10.3665,9.85927,9.34768,8.8335,8.31938,7.80912,7.30809,6.82385,6.36676,5.9506,5.59269,5.31296,5.13114,5.06188,5.10982,5.26741,5.51721,5.83703,6.20477,6.60128,7.01129,7.42321,7.8285,8.22094,8.59609,8.95079,9.28279,9.59053,9.87292,10.1292,10.359,10.5618,10.7376,10.8861,11.0075,11.1016,11.1684,11.208,11.2205,11.2057,11.1638,11.0947,10.9984,10.8751,10.7247,10.5473,10.343,10.112,9.85478,9.57169,9.26353,8.93139,8.57681,8.20204,7.81021,7.40573,6.99477,6.58581,6.19037,5.82365,5.50468,5.25546,5.09808,5.04986,5.11829,5.29865,5.57623,5.93129,6.34389,6.79669,7.27592,7.77122,8.27506,8.78204,9.28839,9.79146,10.2895,10.7812,11.2658,11.7429,12.2122,12.6736,13.1271,13.5727,14.0106,14.4409,14.8639,15.2797,15.6885,16.0906,16.4861,16.8754,17.2584,17.6356,18.0071,18.373,18.7335,19.0889,19.4393,19.7848,20.1256,20.4619,20.7938,21.1214,21.4449,21.7643,22.0799,22.3917,22.6999,23.0044,23.3056,23.6034,23.8979,24.1893,24.4776,24.7629,25.0453,25.3249,25.6017,25.8759,26.1474,26.4165,26.683,26.9472,27.2091,27.4686,27.726,27.9812,28.2343,28.4854,28.7345,28.9817,29.227,29.4704,29.7121,29.9521,30.1904,30.427,30.6621,30.8955,31.1275,31.3581,31.5872,31.8149,32.0413,32.2663,32.4901,32.7127,32.9341,33.1543,33.3734,33.5914,33.8084,34.0243,34.2393,34.4533,34.6664,34.8786,35.0899,35.3003,35.51,35.7189,35.9271,36.1345,36.3413,36.5473,36.7528,36.9576,37.1618,37.3655,37.5686,37.7712,37.9734,38.175,38.3762,38.577,38.7774,38.9774,39.177,39.3763,39.5752,39.7739,39.9723,40.1704,40.3683,40.566,40.7634,40.9607,41.1578
17.4889,17.0829,16.6712,16.2534,15.8293,15.3987,14.9612,14.5167,14.0647,13.6051,13.1375,12.6617,12.1774,11.6845,11.1827,10.6722,10.1529,9.62534,9.09015,8.54854,8.00247,7.45498,6.91075,6.37685,5.86377,5.38678,4.96709,4.63188,4.41106,4.32922,4.39519,4.59699,4.90708,5.29293,5.72517,6.18077,6.64299,7.10013,7.54417,7.96967,8.37296,8.75159,9.10395,9.42899,9.72607,9.99481,10.235,10.4466,10.6297,10.7842,10.9102,11.0078,11.0772,11.1183,11.1312,11.1159,11.0726,11.001,10.9013,10.7733,10.617,10.4323,10.2193,9.97796,9.70834,9.41065,9.08529,8.73291,8.35454,7.95178,7.52706,7.08402,6.62805,6.16711,5.71282,5.28184,4.89708,4.58781,4.38643,4.32036,4.40149,4.62091,4.95401,5.37084,5.84422,6.35294,6.88176,7.42017,7.96112,8.49996,9.03362,9.56018,10.0784,10.5877,11.0875,11.5779,12.0588,12.5304,12.9928,13.4464,13.8913,14.3279,14.7564,15.1772,15.5904,15.9965,16.3955,16.7879,17.1739,17.5536,17.9274,18.2953,18.6578,19.0148,19.3666,19.7135,20.0555,20.3928,20.7256,21.054,21.3782,21.6983,22.0144,22.3267,22.6352,22.9401,23.2415,23.5395,23.8342,24.1257,24.414,24.6994,24.9817,25.2612,25.538,25.812,26.0834,26.3522,26.6186,26.8825,27.1441,27.4034,27.6604,27.9153,28.1681,28.4188,28.6675,28.9143,29.1592,29.4022,29.6435,29.883,30.1208,30.357,30.5916,30.8246,31.0561,31.2862,31.5148,31.742,31.9679,32.1924,32.4157,32.6378,32.8586,33.0784,33.2969,33.5144,33.7309,33.9463,34.1607,34.3742,34.5868,34.7984,35.0092,35.2192,35.4283,35.6367,35.8444,36.0513,36.2575,36.4631,36.6681,36.8724,37.0761,37.2793,37.482,37.6841,37.8858,38.087,38.2877,38.488,38.688,38.8875,39.0867,39.2856,39.4841,39.6824,39.8804,40.0781,40.2756,40.4729,40.6699,40.8668,41.0635
17.4162,17.0078,16.5934,16.1726,15.7452,15.3108,14.8692,14.4199,13.9626,13.497,13.0226,12.5391,12.046,11.543,11.0296,10.5057,9.97083,9.42504,8.86843,8.30149,7.72528,7.14178,6.55439,5.96882,5.39449,4.84666,4.34947,3.93863,3.66014,3.55769,3.64915,3.91324,4.30312,4.77013,5.27631,5.79574,6.31171,6.81365,7.29494,7.75144,8.18061,8.58089,8.95143,9.29176,9.60171,9.88126,10.1305,10.3497,10.5389,10.6985,10.8285,10.9291,11.0006,11.0429,11.0563,11.0406,10.996,10.9224,10.8196,10.6877,10.5264,10.3356,10.1151,9.86468,9.58431,9.27383,8.93327,8.56281,8.1629,7.7344,7.27883,6.79871,6.29812,5.78364,5.26574,4.76106,4.29538,3.90654,3.64307,3.55166,3.6535,3.93064,4.33936,4.83365,5.37781,5.94771,6.5281,7.10958,7.68645,8.2553,8.81419,9.36206,9.89841,10.4231,10.9363,11.4381,11.929,12.4093,12.8793,13.3395,13.7903,14.232,14.6651,15.0899,15.5068,15.916,16.3179,16.7128,17.101,17.4828,17.8583,18.2278,18.5916,18.9499,19.3028,19.6506,19.9935,20.3315,20.6649,20.9939,21.3185,21.639,21.9554,22.2679,22.5766,22.8816,23.1831,23.4811,23.7757,24.0671,24.3553,24.6405,24.9227,25.202,25.4785,25.7522,26.0233,26.2919,26.5579,26.8214,27.0826,27.3415,27.5982,27.8526,28.105,28.3552,28.6035,28.8498,29.0942,29.3368,29.5775,29.8165,30.0538,30.2895,30.5235,30.756,30.987,31.2165,31.4445,31.6712,31.8965,32.1205,32.3432,32.5647,32.785,33.0042,33.2222,33.4391,33.655,33.8699,34.0837,34.2967,34.5087,34.7198,34.93,35.1394,35.348,35.5559,35.763,35.9694,36.1751,36.3801,36.5845,36.7884,36.9916,37.1943,37.3964,37.598,37.7992,37.9999,38.2002,38.4,38.5995,38.7986,38.9973,39.1957,39.3939,39.5917,39.7892,39.9866,40.1836,40.3805,40.5772,40.7737,40.97
17.356,16.9458,16.5294,16.1063,15.6764,15.2392,14.7943,14.3414,13.8801,13.4098,12.93,12.4404,11.9403,11.4292,10.9064,10.3715,9.82378,9.26277,8.68802,8.09929,7.49664,6.88074,6.25325,5.61765,4.98064,4.35483,3.7637,3.2497,2.88193,2.74348,2.87508,3.23231,3.72879,4.29267,4.87929,5.4634,6.031,6.57428,7.08891,7.57251,8.02388,8.44247,8.82819,9.18116,9.50166,9.79003,10.0466,10.2719,10.4661,10.6297,10.7628,10.8659,10.939,10.9823,10.996,10.9801,10.9345,10.8592,10.754,10.6189,10.4536,10.2579,10.0313,9.77364,9.48451,9.16354,8.81041,8.42485,8.00672,7.55613,7.07359,6.56028,6.01851,5.45257,4.87019,4.28527,3.72294,3.22771,2.87128,2.73987,2.87778,3.24421,3.75607,4.34424,4.96631,5.59881,6.22914,6.85061,7.45978,8.05498,8.63556,9.20145,9.75291,10.2904,10.8144,11.3255,11.8244,12.3115,12.7875,13.253,13.7083,14.154,14.5906,15.0184,15.438,15.8496,16.2536,16.6503,17.0401,17.4233,17.8,18.1706,18.5353,18.8944,19.248,19.5964,19.9397,20.2781,20.6118,20.941,21.2658,21.5863,21.9028,22.2152,22.5239,22.8288,23.1301,23.4279,23.7224,24.0135,24.3015,24.5863,24.8682,25.1471,25.4232,25.6966,25.9673,26.2354,26.5009,26.764,27.0247,27.2831,27.5393,27.7932,28.045,28.2947,28.5424,28.7882,29.032,29.274,29.5142,29.7526,29.9893,30.2244,30.4578,30.6897,30.9201,31.149,31.3764,31.6025,31.8272,32.0506,32.2727,32.4936,32.7133,32.9318,33.1492,33.3655,33.5808,33.7951,34.0083,34.2207,34.432,34.6426,34.8522,35.061,35.2691,35.4763,35.6829,35.8887,36.0938,36.2983,36.5022,36.7054,36.9081,37.1103,37.3119,37.513,37.7137,37.9138,38.1136,38.313,38.5119,38.7106,38.9088,39.1068,39.3044,39.5018,39.6989,39.8958,40.0924,40.2889,40.4852,40.6813,40.8772
17.3082,16.897,16.4793,16.0548,15.6233,15.1842,14.7372,14.2818,13.8176,13.3441,12.8606,12.3667,11.8616,11.3446,10.815,10.2721,9.71482,9.14242,8.55392,7.9484,7.32503,6.68315,6.02258,5.34403,4.65015,3.94772,3.25289,2.60416,2.09182,1.88237,2.0882,2.59295,3.2267,3.89641,4.56139,5.20379,5.81548,6.39273,6.93398,7.43877,7.90721,8.3397,8.73682,9.0992,9.42748,9.72231,9.98427,10.2139,10.4118,10.5782,10.7137,10.8184,10.8927,10.9368,10.9507,10.9345,10.8882,10.8117,10.7049,10.5675,10.3993,10.2,9.96903,9.70604,9.41048,9.08177,8.71929,8.32239,7.89044,7.42286,6.91923,6.37939,5.80378,5.1939,4.55338,3.89026,3.22228,2.58997,2.08618,1.88065,2.08962,2.60062,3.24715,3.93896,4.63756,5.32685,6.00004,6.65452,7.28956,7.90539,8.50266,9.08221,9.64497,10.1919,10.7238,11.2417,11.7462,12.2383,12.7185,13.1875,13.646,14.0944,14.5333,14.9631,15.3844,15.7975,16.2028,16.6006,16.9913,17.3752,17.7526,18.1238,18.4889,18.8483,19.2021,19.5507,19.8941,20.2325,20.5662,20.8953,21.22,21.5403,21.8566,22.1688,22.4771,22.7817,23.0827,23.3801,23.6742,23.9649,24.2524,24.5368,24.8182,25.0966,25.3722,25.645,25.9152,26.1827,26.4477,26.7102,26.9703,27.2281,27.4837,27.737,27.9882,28.2373,28.4843,28.7294,28.9726,29.214,29.4535,29.6913,29.9273,30.1617,30.3945,30.6257,30.8554,31.0836,31.3104,31.5358,31.7599,31.9826,32.2041,32.4243,32.6433,32.8612,33.0779,33.2936,33.5082,33.7218,33.9345,34.1462,34.3569,34.5668,34.7758,34.984,35.1914,35.3981,35.604,35.8092,36.0138,36.2177,36.421,36.6237,36.8258,37.0274,37.2284,37.429,37.6291,37.8287,38.028,38.2268,38.4253,38.6234,38.8212,39.0186,39.2158,39.4127,39.6094,39.8058,40.002,40.198,40.3939,40.5895,40.7851
17.2732,16.8615,16.4434,16.0183,15.586,15.1461,14.698,14.2414,13.7758,13.3005,12.8151,12.3187,11.8108,11.2905,10.757,10.2093,9.64635,9.06704,8.4701,7.85413,7.21764,6.559,5.87652,5.16859,4.4339,3.67232,2.88712,2.09323,1.35498,0.969634,1.35346,2.08597,2.86643,3.62778,4.35296,5.03701,5.67876,6.27844,6.83687,7.35509,7.83418,8.27524,8.67932,9.04738,9.38034,9.67901,9.94414,10.1764,10.3763,10.5445,10.6812,10.787,10.862,10.9064,10.9205,10.9042,10.8575,10.7803,10.6725,10.5338,10.3639,10.1624,9.92892,9.66278,9.3634,9.03004,8.6619,8.25808,7.81761,7.33943,6.82243,6.26549,5.66753,5.02768,4.34562,3.62242,2.86292,2.08402,1.3526,0.969176,1.35405,2.09092,2.88257,3.66468,4.42237,5.15239,5.8549,6.5312,7.18294,7.81181,8.41945,9.00735,9.57693,10.1294,10.666,11.1877,11.6955,12.1903,12.6728,13.1437,13.6037,14.0535,14.4935,14.9242,15.3462,15.7599,16.1656,16.5638,16.9548,17.3388,17.7162,18.0874,18.4524,18.8117,19.1653,19.5136,19.8567,20.1949,20.5282,20.8569,21.1811,21.5011,21.8168,22.1285,22.4364,22.7404,23.0408,23.3377,23.6311,23.9213,24.2082,24.4919,24.7727,25.0505,25.3254,25.5975,25.867,26.1339,26.3982,26.66,26.9194,27.1765,27.4313,27.6839,27.9344,28.1828,28.4291,28.6735,28.916,29.1566,29.3954,29.6324,29.8678,30.1014,30.3335,30.564,30.793,31.0205,31.2465,31.4712,31.6945,31.9165,32.1373,32.3568,32.5751,32.7923,33.0084,33.2233,33.4373,33.6502,33.8621,34.0731,34.2832,34.4924,34.7008,34.9084,35.1151,35.3211,35.5264,35.731,35.9349,36.1382,36.3409,36.543,36.7445,36.9455,37.146,37.346,37.5455,37.7446,37.9433,38.1416,38.3395,38.5371,38.7344,38.9313,39.128,39.3244,39.5206,39.7165,39.9123,40.1079,40.3032,40.4985,40.6936
17.2508,16.8395,16.4216,15.9968,15.5647,15.1249,14.677,14.2204,13.7548,13.2794,12.7937,12.297,11.7886,11.2676,10.7331,10.1843,9.6198,9.03855,8.43912,7.81994,7.17928,6.51514,5.82527,5.1071,4.35766,3.57354,2.75078,1.88473,0.969958,0.0,0.969176,1.87883,2.73197,3.53131,4.27938,4.97848,5.6307,6.23799,6.80209,7.32463,7.80708,8.25077,8.65693,9.02665,9.36093,9.66066,9.92664,10.1596,10.36,10.5286,10.6657,10.7717,10.8468,10.8914,10.9054,10.8891,10.8423,10.7649,10.6569,10.5179,10.3476,10.1456,9.91137,9.64439,9.34395,9.00928,8.63949,8.2336,7.79052,7.309,6.7877,6.22512,5.61959,4.9693,4.27224,3.5262,2.72876,1.87724,0.968734,0.0,0.969477,1.88285,2.74661,3.56625,4.34644,5.09117,5.80387,6.48751,7.14469,7.77767,8.38845,8.97878,9.55023,10.1042,10.6419,11.1644,11.6728,12.168,12.6507,13.1218,13.5818,14.0315,14.4713,14.9018,15.3236,15.7369,16.1422,16.5399,16.9304,17.3139,17.6909,18.0614,18.4259,18.7845,19.1375,19.4852,19.8276,20.1651,20.4977,20.8257,21.1492,21.4684,21.7834,22.0944,22.4015,22.7048,23.0045,23.3006,23.5932,23.8826,24.1687,24.4517,24.7316,25.0086,25.2827,25.5541,25.8228,26.0888,26.3523,26.6133,26.8719,27.1282,27.3822,27.634,27.8837,28.1313,28.3768,28.6204,28.8621,29.1019,29.3399,29.5761,29.8107,30.0435,30.2748,30.5045,30.7327,30.9594,31.1847,31.4086,31.6311,31.8524,32.0724,32.2911,32.5087,32.7251,32.9404,33.1547,33.3679,33.5801,33.7913,34.0016,34.211,34.4195,34.6271,34.834,35.0401,35.2454,35.45,35.654,35.8572,36.0599,36.2619,36.4633,36.6642,36.8646,37.0645,37.2639,37.4628,37.6614,37.8595,38.0572,38.2546,38.4516,38.6484,38.8448,39.0409,39.2369,39.4325,39.628,39.8233,40.0184,40.2133,40.4081,40.6028
17.2411,16.8308,16.414,15.9903,15.5594,15.1208,14.6741,14.2189,13.7546,13.2807,12.7966,12.3016,11.795,11.276,10.7437,10.1973,9.63561,9.05752,8.46176,7.84694,7.21154,6.55394,5.87245,5.16543,4.43157,3.67071,2.88613,2.09271,1.35476,0.969521,1.35324,2.08544,2.86543,3.62618,4.35066,5.03392,5.67482,6.27362,6.83114,7.34844,7.82662,8.26679,8.67001,9.03725,9.36943,9.66738,9.93185,10.1635,10.3629,10.5306,10.667,10.7724,10.8472,10.8915,10.9055,10.8892,10.8426,10.7657,10.6581,10.5198,10.3504,10.1494,9.91647,9.65099,9.35232,9.01973,8.65241,8.24945,7.80987,7.3326,6.81653,6.26052,5.66346,5.02448,4.34322,3.62075,2.86188,2.08347,1.35237,0.969057,1.35382,2.09037,2.88151,3.66297,4.41989,5.14902,5.85054,6.52578,7.17638,7.80406,8.41044,8.99705,9.56527,10.1164,10.6516,11.1718,11.6782,12.1714,12.6524,13.1217,13.5802,14.0284,14.4668,14.896,15.3163,15.7284,16.1325,16.529,16.9183,17.3006,17.6764,18.0458,18.4092,18.7668,19.1187,19.4653,19.8067,20.1431,20.4747,20.8017,21.1242,21.4424,21.7564,22.0664,22.3725,22.6749,22.9735,23.2687,23.5604,23.8488,24.1339,24.4159,24.6949,24.971,25.2442,25.5146,25.7824,26.0475,26.3101,26.5702,26.8279,27.0832,27.3363,27.5873,27.836,28.0827,28.3274,28.5701,28.8108,29.0498,29.2869,29.5223,29.7559,29.988,30.2184,30.4472,30.6746,30.9004,31.1249,31.348,31.5697,31.7901,32.0093,32.2272,32.444,32.6596,32.8742,33.0876,33.3,33.5115,33.7219,33.9314,34.1401,34.3478,34.5548,34.7609,34.9663,35.1709,35.3748,35.5781,35.7806,35.9826,36.184,36.3848,36.585,36.7847,36.984,37.1828,37.3811,37.579,37.7765,37.9737,38.1705,38.367,38.5631,38.759,38.9546,39.15,39.3452,39.5402,39.7349,39.9295,40.124,40.3183,40.5126
17.2439,16.8354,16.4204,15.9987,15.5698,15.1335,14.6892,14.2365,13.7751,13.3042,12.8234,12.3321,11.8296,11.3153,10.7883,10.2478,9.69307,9.12308,8.53692,7.93368,7.31248,6.67267,6.01404,5.33728,4.64502,3.94401,3.25037,2.60254,2.09077,1.88152,2.08715,2.59133,3.22418,3.89272,4.55633,5.19719,5.80721,6.38273,6.9222,7.42518,7.89182,8.32256,8.71798,9.07873,9.40548,9.69887,9.95952,10.188,10.3848,10.5503,10.685,10.7892,10.8631,10.9069,10.9207,10.9045,10.8585,10.7824,10.6761,10.5394,10.3721,10.1738,9.94397,9.68227,9.38812,9.06093,8.70007,8.30487,7.87468,7.40891,6.9071,6.36908,5.79524,5.18706,4.54812,3.88642,3.21965,2.58826,2.08507,1.87976,2.08851,2.5989,3.24447,3.93501,4.6321,5.31964,5.9909,6.64327,7.27607,7.88952,8.4843,9.06127,9.62136,10.1655,10.6946,11.2096,11.7112,12.2003,12.6775,13.1434,13.5987,14.044,14.4797,14.9064,15.3244,15.7343,16.1363,16.5308,16.9182,17.2988,17.6728,18.0406,18.4023,18.7583,19.1088,19.4539,19.7939,20.1289,20.4592,20.7848,21.106,21.4229,21.7357,22.0445,22.3494,22.6505,22.948,23.242,23.5325,23.8198,24.1038,24.3847,24.6627,24.9376,25.2098,25.4791,25.7458,26.0099,26.2714,26.5305,26.7872,27.0415,27.2936,27.5435,27.7913,28.037,28.2807,28.5224,28.7622,29.0002,29.2364,29.4708,29.7036,29.9347,30.1642,30.3921,30.6185,30.8435,31.0671,31.2893,31.5101,31.7297,31.948,32.1651,32.381,32.5958,32.8095,33.0221,33.2337,33.4443,33.654,33.8627,34.0706,34.2775,34.4837,34.6891,34.8937,35.0976,35.3008,35.5033,35.7052,35.9064,36.1071,36.3072,36.5068,36.7058,36.9044,37.1025,37.3002,37.4975,37.6944,37.891,38.0872,38.2831,38.4787,38.674,38.8691,39.0639,39.2585,39.453,39.6473,39.8414,40.0353,40.2292,40.423
17.2592,16.8531,16.4407,16.0217,15.5958,15.1627,14.7219,14.2731,13.8157,13.3494,12.8737,12.388,11.8918,11.3846,10.8657,10.3345,9.79044,9.23302,8.66175,8.07637,7.47694,6.86408,6.23945,5.60648,4.97182,4.34807,3.75863,3.24591,2.87894,2.74077,2.87209,3.22853,3.72374,4.28596,4.8706,5.45249,6.01768,6.55843,7.07044,7.5514,8.00013,8.41615,8.79936,9.14994,9.46817,9.75442,10.0091,10.2326,10.4253,10.5875,10.7195,10.8217,10.8942,10.9371,10.9506,10.9348,10.8895,10.8148,10.7105,10.5764,10.4124,10.2181,9.99329,9.73753,9.45048,9.13176,8.78101,8.39795,7.98241,7.53447,7.0546,6.54393,6.00475,5.44127,4.86117,4.27828,3.71766,3.22374,2.86814,2.73701,2.87463,3.24021,3.75069,4.33705,4.95692,5.58687,6.21437,6.83275,7.4386,8.03029,8.60719,9.16925,9.71674,10.2501,10.7699,11.2768,11.7713,12.254,12.7254,13.1863,13.6369,14.078,14.5098,14.9328,15.3476,15.7543,16.1534,16.5452,16.93,17.3082,17.6799,18.0455,18.4051,18.7591,19.1076,19.4509,19.789,20.1223,20.4509,20.7749,21.0946,21.4099,21.7212,22.0285,22.332,22.6317,22.9278,23.2204,23.5096,23.7956,24.0783,24.358,24.6347,24.9084,25.1793,25.4475,25.713,25.9759,26.2363,26.4942,26.7498,27.003,27.254,27.5029,27.7495,27.9942,28.2368,28.4775,28.7163,28.9532,29.1884,29.4218,29.6535,29.8836,30.1121,30.3391,30.5646,30.7886,31.0112,31.2325,31.4524,31.671,31.8884,32.1046,32.3196,32.5335,32.7463,32.9581,33.1688,33.3786,33.5874,33.7953,34.0024,34.2085,34.4139,34.6185,34.8223,35.0254,35.2279,35.4296,35.6307,35.8313,36.0312,36.2306,36.4295,36.6278,36.8257,37.0232,37.2202,37.4169,37.6132,37.8091,38.0047,38.1999,38.395,38.5897,38.7842,38.9785,39.1726,39.3665,39.5602,39.7538,39.9473,40.1406,40.3339
17.2865,16.8835,16.4744,16.059,15.637,15.208,14.7718,14.3279,13.8759,13.4156,12.9465,12.4682,11.9803,11.4824,10.9741,10.4551,9.92509,9.38401,8.83196,8.26942,7.69741,7.11787,6.53418,5.95201,5.3807,4.8355,4.34045,3.93121,3.65372,3.5516,3.64274,3.90584,4.29416,4.75909,5.26278,5.77938,6.29227,6.79095,7.26888,7.72197,8.14773,8.54467,8.91195,9.24915,9.55615,9.83295,10.0797,10.2966,10.4838,10.6415,10.7701,10.8696,10.9402,10.982,10.9951,10.9796,10.9354,10.8626,10.7609,10.6303,10.4707,10.2818,10.0636,9.81569,9.53802,9.23047,8.89301,8.5258,8.12924,7.70416,7.25204,6.77532,6.27804,5.7667,5.25169,4.74957,4.28602,3.89879,3.63633,3.54526,3.64673,3.9228,4.3298,4.8218,5.36313,5.92976,6.50649,7.08395,7.6565,8.22077,8.77483,9.31766,9.84879,10.3681,10.8758,11.3719,11.857,12.3314,12.7954,13.2495,13.6942,14.1297,14.5565,14.9749,15.3853,15.7881,16.1835,16.5719,16.9535,17.3286,17.6974,18.0603,18.4174,18.7689,19.1151,19.4561,19.7921,20.1233,20.4499,20.772,21.0897,21.4033,21.7128,22.0184,22.3202,22.6183,22.9128,23.2039,23.4916,23.7761,24.0574,24.3356,24.6109,24.8833,25.1529,25.4197,25.6839,25.9455,26.2046,26.4613,26.7157,26.9677,27.2175,27.4651,27.7107,27.9541,28.1956,28.4352,28.6728,28.9087,29.1428,29.3751,29.6058,29.8348,30.0623,30.2882,30.5127,30.7357,30.9573,31.1775,31.3965,31.6141,31.8306,32.0458,32.2599,32.4729,32.6848,32.8956,33.1055,33.3143,33.5223,33.7293,33.9355,34.1408,34.3453,34.5491,34.7521,34.9544,35.156,35.357,35.5574,35.7571,35.9563,36.155,36.3531,36.5508,36.748,36.9447,37.1411,37.3371,37.5327,37.7279,37.9229,38.1176,38.3119,38.5061,38.7,38.8937,39.0872,39.2806,39.4738,39.6668,39.8598,40.0527,40.2454
17.3256,16.9263,16.5213,16.1102,15.6928,15.2689,14.8381,14.4002,13.9549,13.5019,13.0408,12.5715,12.0936,11.607,11.1114,10.607,10.0937,9.5719,9.0423,8.50606,7.96511,7.42244,6.88269,6.35287,5.84343,5.36956,4.9524,4.61906,4.3994,4.31797,4.38356,4.58424,4.89251,5.27595,5.70526,6.15752,6.61609,7.06935,7.50936,7.93076,8.32995,8.70453,9.05294,9.3742,9.66769,9.93308,10.1702,10.379,10.5596,10.7119,10.8362,10.9324,11.0007,11.0412,11.0538,11.0387,10.9959,10.9253,10.8268,10.7005,10.5463,10.364,10.1537,9.91537,9.64904,9.3549,9.03329,8.68484,8.31051,7.91187,7.49128,7.05231,6.60027,6.14304,5.69216,5.26417,4.88189,4.57447,4.37423,4.30853,4.3892,4.60737,4.93845,5.35255,5.82257,6.32737,6.85176,7.3853,7.921,8.45423,8.98199,9.50238,10.0142,10.5168,11.0099,11.4932,11.967,12.4313,12.8863,13.3323,13.7696,14.1984,14.6191,15.032,15.4373,15.8353,16.2263,16.6105,16.9882,17.3597,17.7252,18.0848,18.4388,18.7875,19.1309,19.4693,19.8028,20.1316,20.4559,20.7757,21.0914,21.4029,21.7104,22.014,22.3139,22.6102,22.903,23.1923,23.4784,23.7612,24.0409,24.3176,24.5913,24.8622,25.1303,25.3957,25.6584,25.9187,26.1764,26.4318,26.6848,26.9355,27.184,27.4303,27.6746,27.9169,28.1571,28.3955,28.6319,28.8666,29.0995,29.3307,29.5602,29.7882,30.0145,30.2394,30.4627,30.6847,30.9052,31.1244,31.3423,31.559,31.7744,31.9886,32.2017,32.4137,32.6247,32.8346,33.0435,33.2514,33.4584,33.6646,33.8698,34.0743,34.2779,34.4808,34.683,34.8845,35.0853,35.2854,35.485,35.684,35.8824,36.0803,36.2777,36.4746,36.671,36.8671,37.0627,37.258,37.4529,37.6475,37.8418,38.0359,38.2296,38.4231,38.6164,38.8096,39.0025,39.1953,39.3879,39.5804,39.7729,39.9652,40.1575
17.3762,16.9812,16.5808,16.1747,15.7627,15.3446,14.9202,14.4893,14.0516,13.607,13.1552,12.6962,12.2298,11.7561,11.2751,10.787,10.2924,9.79204,9.28701,8.77912,8.27097,7.7663,7.27046,6.79092,6.33801,5.9254,5.57035,5.29275,5.11223,5.04343,5.09097,5.24734,5.49514,5.81227,6.17673,6.56949,6.97536,7.38287,7.78355,8.1713,8.54173,8.89176,9.21922,9.52258,9.80081,10.0532,10.2794,10.479,10.6518,10.7979,10.9172,11.0096,11.0753,11.1142,11.1263,11.1117,11.0704,11.0023,10.9076,10.7862,10.6382,10.4636,10.2624,10.035,9.78154,9.50255,9.19873,8.8711,8.52118,8.15113,7.76402,7.36418,6.95768,6.55291,6.16129,5.79789,5.48166,5.23447,5.07832,5.03047,5.09837,5.27731,5.55259,5.90456,6.31331,6.7616,7.23572,7.72538,8.2231,8.72354,9.22296,9.71878,10.2092,10.6931,11.1697,11.6386,12.0994,12.5521,12.9968,13.4335,13.8623,14.2834,14.6971,15.1034,15.5028,15.8953,16.2811,16.6606,17.0339,17.4012,17.7628,18.1187,18.4693,18.8146,19.1549,19.4903,19.821,20.1471,20.4687,20.7861,21.0993,21.4085,21.7138,22.0153,22.3131,22.6074,22.8982,23.1856,23.4698,23.7508,24.0288,24.3037,24.5758,24.845,25.1115,25.3753,25.6366,25.8953,26.1515,26.4054,26.657,26.9063,27.1534,27.3984,27.6413,27.8823,28.1212,28.3583,28.5935,28.8269,29.0586,29.2886,29.5169,29.7436,29.9688,30.1925,30.4147,30.6356,30.855,31.0731,31.2899,31.5055,31.7199,31.9331,32.1451,32.3561,32.566,32.7749,32.9829,33.1898,33.3959,33.6011,33.8054,34.009,34.2117,34.4137,34.615,34.8156,35.0156,35.2149,35.4136,35.6118,35.8094,36.0065,36.2031,36.3992,36.5949,36.7903,36.9852,37.1797,37.374,37.5679,37.7615,37.9548,38.148,38.3408,38.5335,38.726,38.9184,39.1105,39.3026,39.4946,39.6865,39.8783,40.07
17.4377,17.0475,16.6523,16.2519,15.846,15.4345,15.0172,14.5941,14.1649,13.7297,13.2883,12.8407,12.387,11.9274,11.4622,10.992,10.5174,10.0396,9.56029,9.08153,8.60642,8.13909,7.6851,7.25181,6.84863,6.48726,6.18129,5.94518,5.79212,5.73124,5.76504,5.88834,6.08945,6.35284,6.66201,7.00159,7.35844,7.7219,8.08363,8.43726,8.77801,9.10229,9.40748,9.69164,9.95335,10.1916,10.4057,10.5951,10.7595,10.8987,11.0124,11.1006,11.1633,11.2004,11.2119,11.1979,11.1583,11.0932,11.0026,10.8867,10.7455,10.5793,10.3883,10.1728,9.93337,9.67078,9.38603,9.08053,8.75619,8.41565,8.06244,7.70134,7.33865,6.98266,6.64394,6.33557,6.0728,5.87204,5.74872,5.71442,5.77423,5.92558,6.15929,6.46213,6.81962,7.21816,7.64604,8.09385,8.55424,9.02166,9.49196,9.96211,10.4299,10.8938,11.3526,11.8056,12.2522,12.6922,13.1254,13.5517,13.9711,14.3836,14.7894,15.1885,15.5812,15.9675,16.3476,16.7218,17.0901,17.4528,17.8099,18.1617,18.5084,18.8501,19.1868,19.5189,19.8464,20.1695,20.4883,20.8029,21.1135,21.4201,21.7229,22.0221,22.3176,22.6096,22.8983,23.1837,23.4658,23.7449,24.0209,24.294,24.5642,24.8317,25.0965,25.3586,25.6182,25.8753,26.1299,26.3823,26.6323,26.8801,27.1257,27.3693,27.6108,27.8503,28.0879,28.3236,28.5575,28.7896,29.0199,29.2486,29.4757,29.7012,29.9252,30.1476,30.3687,30.5883,30.8066,31.0235,31.2392,31.4537,31.6669,31.879,32.09,32.2999,32.5088,32.7167,32.9236,33.1296,33.3346,33.5389,33.7422,33.9448,34.1466,34.3477,34.5481,34.7478,34.9469,35.1453,35.3432,35.5405,35.7373,35.9335,36.1293,36.3247,36.5196,36.7142,36.9084,37.1022,37.2957,37.4889,37.6818,37.8745,38.0669,38.2591,38.4512,38.6431,38.8348,39.0264,39.2179,39.4092,39.6006,39.7918,39.983
17.5096,17.1248,16.7354,16.3411,15.9419,15.5376,15.1282,14.7136,14.2937,13.8686,13.4384,13.0031,12.563,12.1184,11.67,11.2183,10.7646,10.31,9.85657,9.40674,8.96379,8.53195,8.11667,7.72475,7.36446,7.04547,6.77833,6.57359,6.4403,6.38437,6.4071,6.50471,6.66891,6.88845,7.15082,7.44373,7.75606,8.07832,8.40268,8.72288,9.03398,9.33216,9.61448,9.8787,10.1231,10.3465,10.5478,10.7263,10.8816,11.0133,11.1211,11.2047,11.2642,11.2994,11.3102,11.2968,11.2591,11.1971,11.111,11.001,10.8672,10.71,10.5297,10.3269,10.1023,9.85693,9.59197,9.30916,9.01075,8.69965,8.37967,8.0557,7.73396,7.42221,7.12989,6.86804,6.64884,6.48472,6.38684,6.36338,6.41806,6.54949,6.75172,7.01565,7.33072,7.68633,8.07283,8.48193,8.90683,9.34209,9.78346,10.2277,10.6723,11.1154,11.5555,11.9918,12.4234,12.8498,13.2706,13.6857,14.0948,14.498,14.8951,15.2864,15.6717,16.0513,16.4251,16.7934,17.1563,17.5138,17.8662,18.2135,18.5558,18.8935,19.2264,19.5549,19.8789,20.1987,20.5143,20.8259,21.1336,21.4374,21.7376,22.0342,22.3272,22.6169,22.9032,23.1863,23.4663,23.7432,24.0172,24.2883,24.5566,24.8222,25.0851,25.3454,25.6032,25.8585,26.1115,26.3622,26.6106,26.8568,27.1009,27.3429,27.5829,27.8209,28.057,28.2913,28.5238,28.7545,28.9835,29.2108,29.4366,29.6608,29.8834,30.1046,30.3244,30.5428,30.7599,30.9756,31.1901,31.4034,31.6155,31.8265,32.0364,32.2452,32.453,32.6598,32.8656,33.0706,33.2746,33.4778,33.6802,33.8818,34.0826,34.2827,34.4822,34.681,34.8791,35.0767,35.2736,35.4701,35.666,35.8614,36.0564,36.251,36.4451,36.6388,36.8322,37.0253,37.2181,37.4105,37.6028,37.7947,37.9865,38.178,38.3694,38.5606,38.7517,38.9427,39.1336,39.3244,39.5151,39.7058,39.8965
17.5915,17.2125,16.8293,16.4417,16.0496,15.6531,15.2521,14.8466,14.4366,14.0223,13.6039,13.1815,12.7557,12.3268,11.8955,11.4629,11.0301,10.5987,10.1708,9.74895,9.33653,8.93767,8.55745,8.20194,7.87824,7.59418,7.35793,7.17726,7.05849,7.00552,7.01899,7.09596,7.23034,7.4137,7.63642,7.88868,8.16118,8.44563,8.73491,9.02308,9.30531,9.57769,9.83713,10.0812,10.3079,10.5159,10.704,10.8712,11.017,11.1409,11.2423,11.3212,11.3773,11.4104,11.4206,11.4078,11.372,11.3134,11.232,11.1282,11.0022,10.8544,10.6853,10.4957,10.2863,10.0584,9.81344,9.55335,9.28054,8.99811,8.70992,8.42078,8.13658,7.86439,7.61244,7.38993,7.20662,7.07204,6.99454,6.98011,7.03162,7.14837,7.3264,7.55934,7.8394,8.15838,8.50842,8.88245,9.27436,9.67906,10.0924,10.5111,10.9325,11.3546,11.7758,12.1948,12.6107,13.0229,13.4307,13.8339,14.2322,14.6254,15.0134,15.3961,15.7737,16.1459,16.513,16.875,17.2319,17.5839,17.9311,18.2735,18.6113,18.9445,19.2733,19.5978,19.9181,20.2344,20.5466,20.8549,21.1595,21.4604,21.7576,22.0514,22.3418,22.6289,22.9127,23.1934,23.4711,23.7458,24.0175,24.2865,24.5527,24.8163,25.0772,25.3356,25.5915,25.845,26.0962,26.3451,26.5918,26.8363,27.0788,27.3192,27.5576,27.794,28.0286,28.2614,28.4924,28.7216,28.9492,29.1751,29.3995,29.6223,29.8436,30.0635,30.282,30.4991,30.7149,30.9294,31.1427,31.3547,31.5657,31.7755,31.9842,32.1918,32.3985,32.6042,32.8089,33.0128,33.2158,33.4179,33.6193,33.8198,34.0197,34.2188,34.4173,34.6151,34.8123,35.0089,35.205,35.4005,35.5956,35.7901,35.9842,36.178,36.3713,36.5642,36.7568,36.9491,37.1411,37.3328,37.5243,37.7156,37.9066,38.0975,38.2882,38.4788,38.6692,38.8595,39.0498,39.24,39.4302,39.6203,39.8104
17.6829,17.31,16.9333,16.5528,16.1684,15.78,15.3879,14.9919,14.5924,14.1894,13.7832,13.3742,12.9629,12.5499,12.136,11.7224,11.3104,10.9017,10.4984,10.1032,9.71924,9.35053,9.00163,8.67789,8.38523,8.12999,7.9185,7.7565,7.64852,7.59716,7.60263,7.66259,7.77238,7.92554,8.11455,8.33147,8.56858,8.81873,9.07557,9.33361,9.58823,9.8356,10.0726,10.2966,10.5057,10.6982,10.8729,11.0286,11.1646,11.2804,11.3754,11.4493,11.5018,11.5328,11.5423,11.5301,11.4964,11.4412,11.3648,11.2674,11.1494,11.0112,10.8535,10.6772,10.4831,10.2728,10.0476,9.8098,9.56181,9.30676,9.04846,8.79151,8.54133,8.30424,8.08733,7.89824,7.74483,7.63456,7.57379,7.56712,7.61681,7.72258,7.88178,8.08984,8.34098,8.62884,8.94707,9.28972,9.65145,10.0276,10.4144,10.8085,11.2072,11.6085,12.0106,12.4121,12.8121,13.2097,13.6041,13.995,14.382,14.7647,15.1431,15.5169,15.8861,16.2507,16.6106,16.9659,17.3165,17.6626,18.0042,18.3414,18.6742,19.0028,19.3272,19.6475,19.9638,20.2763,20.5848,20.8897,21.1909,21.4886,21.7828,22.0737,22.3612,22.6455,22.9268,23.2049,23.4801,23.7524,24.0218,24.2885,24.5525,24.8139,25.0727,25.3291,25.5831,25.8346,26.0839,26.331,26.5759,26.8186,27.0593,27.298,27.5348,27.7696,28.0026,28.2337,28.4632,28.6909,28.917,29.1415,29.3644,29.5858,29.8057,30.0242,30.2413,30.4571,30.6715,30.8848,31.0968,31.3076,31.5172,31.7258,31.9333,32.1398,32.3453,32.5498,32.7534,32.9562,33.1581,33.3591,33.5594,33.7589,33.9577,34.1558,34.3533,34.5501,34.7464,34.942,35.1372,35.3318,35.5259,35.7196,35.9128,36.1057,36.2981,36.4903,36.6821,36.8735,37.0648,37.2557,37.4464,37.637,37.8273,38.0174,38.2075,38.3974,38.5871,38.7768,38.9665,39.1561,39.3456,39.5352,39.7247
17.783,17.4166,17.0469,16.6737,16.2973,15.9175,15.5345,15.1485,14.7596,14.3682,13.9745,13.5791,13.1825,12.7855,12.389,11.9941,11.6023,11.2154,10.8355,10.4652,10.1075,9.76608,9.44496,9.14875,8.88241,8.65102,8.4595,8.31216,8.21225,8.16152,8.15994,8.20558,8.29476,8.42242,8.58256,8.76875,8.97454,9.1938,9.42092,9.65093,9.87951,10.103,10.3183,10.5229,10.7146,10.8917,11.053,11.1971,11.3233,11.4309,11.5193,11.5882,11.6371,11.666,11.6747,11.6632,11.6316,11.5799,11.5085,11.4175,11.3076,11.1791,11.0329,10.8698,10.691,10.4978,10.292,10.0757,9.85133,9.62209,9.39157,9.16407,8.9445,8.73845,8.55196,8.39144,8.26323,8.17327,8.12655,8.12668,8.1755,8.273,8.41737,8.60532,8.83248,9.09393,9.38454,9.69937,10.0338,10.3837,10.7455,11.1161,11.493,11.874,12.2573,12.6416,13.0255,13.4083,13.7892,14.1675,14.5428,14.9148,15.2832,15.6477,16.0083,16.3648,16.7172,17.0654,17.4095,17.7493,18.0851,18.4168,18.7444,19.068,19.3878,19.7036,20.0157,20.3241,20.6288,20.93,21.2277,21.522,21.813,22.1007,22.3853,22.6667,22.9451,23.2205,23.4931,23.7628,24.0298,24.2941,24.5558,24.815,25.0716,25.3259,25.5777,25.8273,26.0746,26.3197,26.5627,26.8036,27.0425,27.2794,27.5144,27.7475,27.9788,28.2083,28.4362,28.6623,28.8868,29.1097,29.3312,29.5511,29.7695,29.9866,30.2023,30.4167,30.6298,30.8417,31.0523,31.2618,31.4702,31.6775,31.8838,32.0891,32.2933,32.4967,32.6991,32.9007,33.1015,33.3014,33.5006,33.699,33.8967,34.0938,34.2902,34.4861,34.6813,34.876,35.0701,35.2638,35.457,35.6498,35.8421,36.0341,36.2257,36.417,36.6079,36.7986,36.989,37.1792,37.3691,37.5589,37.7485,37.9379,38.1272,38.3164,38.5055,38.6946,38.8836,39.0725,39.2615,39.4504,39.6394
17.8913,17.5317,17.1691,16.8037,16.4354,16.0645,15.691,15.3151,14.9371,14.5574,14.1764,13.7946,13.4126,13.0314,12.6519,12.2752,11.903,11.5368,11.1789,10.8317,10.498,10.181,9.88433,9.61195,9.36793,9.15636,8.98106,8.8453,8.75145,8.70067,8.69278,8.72614,8.7978,8.90368,9.03895,9.19833,9.37642,9.56797,9.76806,9.97223,10.1765,10.3774,10.572,10.7578,10.9327,11.0948,11.2429,11.3756,11.4921,11.5915,11.6734,11.7371,11.7825,11.8092,11.8171,11.8063,11.7767,11.7286,11.6621,11.5777,11.4758,11.3569,11.222,11.072,10.908,10.7315,10.5443,10.3485,10.1465,9.9413,9.73637,9.53562,9.34349,9.16483,9.00486,8.86889,8.76216,8.68943,8.6547,8.66087,8.7095,8.80073,8.93333,9.10488,9.31209,9.5511,9.8178,10.1081,10.4179,10.7438,11.0825,11.4311,11.7872,12.1486,12.5137,12.8809,13.2491,13.6171,13.9843,14.35,14.7135,15.0745,15.4326,15.7876,16.1393,16.4875,16.8321,17.173,17.5102,17.8436,18.1732,18.4991,18.8213,19.1398,19.4546,19.7658,20.0735,20.3776,20.6783,20.9756,21.2696,21.5604,21.8479,22.1324,22.4138,22.6921,22.9676,23.2402,23.51,23.7771,24.0415,24.3033,24.5626,24.8194,25.0737,25.3257,25.5754,25.8228,26.0681,26.3112,26.5522,26.7911,27.0281,27.2632,27.4964,27.7277,27.9573,28.1851,28.4112,28.6357,28.8586,29.0799,29.2998,29.5182,29.7351,29.9507,30.1649,30.3779,30.5896,30.8001,31.0094,31.2175,31.4246,31.6306,31.8356,32.0396,32.2426,32.4447,32.6459,32.8463,33.0459,33.2447,33.4427,33.6401,33.8367,34.0327,34.2281,34.4228,34.617,34.8107,35.0039,35.1966,35.3888,35.5806,35.7721,35.9631,36.1538,36.3442,36.5343,36.7242,36.9138,37.1031,37.2923,37.4813,37.6701,37.8588,38.0474,38.2359,38.4243,38.6127,38.8011,38.9894,39.1777,39.366,39.5544
18.0072,17.6545,17.2994,16.9419,16.582,16.22,15.8561,15.4905,15.1236,14.7557,14.3872,14.0189,13.6515,13.2857,12.9226,12.5635,12.2098,11.8633,11.5258,11.1998,10.8878,10.5927,10.3176,10.0658,9.84073,9.64568,9.48365,9.35711,9.26779,9.21648,9.20287,9.22557,9.28213,9.36925,9.48296,9.61886,9.77244,9.93917,10.1148,10.2953,10.477,10.6568,10.8319,10.9998,11.1585,11.3062,11.4414,11.5629,11.6698,11.7613,11.8366,11.8953,11.9371,11.9616,11.9689,11.9587,11.9312,11.8865,11.825,11.747,11.6529,11.5436,11.4197,11.2823,11.1327,10.9722,10.8027,10.6262,10.4451,10.2622,10.0807,9.90412,9.73651,9.58207,9.44526,9.33056,9.24228,9.18434,9.15999,9.17161,9.22053,9.30699,9.43016,9.58827,9.77879,9.9987,10.2447,10.5133,10.8013,11.1054,11.4227,11.7508,12.0872,12.4301,12.7776,13.1282,13.4809,13.8345,14.1881,14.541,14.8927,15.2426,15.5904,15.9357,16.2783,16.618,16.9546,17.2879,17.618,17.9448,18.2681,18.588,18.9045,19.2177,19.5274,19.8337,20.1367,20.4365,20.733,21.0262,21.3164,21.6034,21.8874,22.1684,22.4465,22.7217,22.9941,23.2638,23.5307,23.795,24.0567,24.3159,24.5727,24.827,25.0789,25.3286,25.576,25.8212,26.0643,26.3053,26.5442,26.7812,27.0162,27.2493,27.4806,27.7101,27.9378,28.1639,28.3883,28.6111,28.8323,29.052,29.2702,29.487,29.7024,29.9164,30.1292,30.3406,30.5509,30.7599,30.9678,31.1746,31.3802,31.5849,31.7886,31.9912,32.193,32.3938,32.5938,32.793,32.9914,33.189,33.3859,33.582,33.7776,33.9724,34.1667,34.3604,34.5536,34.7462,34.9384,35.1301,35.3213,35.5122,35.7027,35.8928,36.0826,36.2721,36.4613,36.6503,36.8391,37.0276,37.216,37.4042,37.5922,37.7802,37.968,38.1558,38.3435,38.5312,38.7189,38.9066,39.0943,39.282,39.4698
18.13,17.7845,17.4369,17.0874,16.7361,16.3833,16.029,15.6738,15.3178,14.9616,14.6056,14.2506,13.8972,13.5464,13.1992,12.8568,12.5207,12.1925,11.874,11.5674,11.275,10.9993,10.7431,10.5092,10.3003,10.1191,9.96796,9.8488,9.76286,9.71065,9.69183,9.70516,9.7486,9.81941,9.91429,10.0296,10.1614,10.306,10.4594,10.6183,10.7793,10.9395,11.0963,11.2473,11.3906,11.5244,11.6472,11.758,11.8556,11.9392,12.0082,12.062,12.1002,12.1227,12.1292,12.1196,12.0942,12.0529,11.9962,11.9244,11.8381,11.7379,11.6247,11.4995,11.3636,11.2183,11.0655,10.9071,10.7454,10.583,10.4228,10.2681,10.1224,9.98941,9.87292,9.77673,9.70446,9.65934,9.64406,9.66062,9.71016,9.793,9.90858,10.0556,10.2321,10.4357,10.6637,10.9133,11.1817,11.4661,11.764,12.073,12.3911,12.7163,13.047,13.3817,13.7193,14.0587,14.399,14.7394,15.0793,15.4182,15.7555,16.0911,16.4245,16.7555,17.0839,17.4096,17.7325,18.0523,18.3692,18.683,18.9937,19.3012,19.6057,19.907,20.2052,20.5004,20.7925,21.0816,21.3677,21.6509,21.9312,22.2087,22.4833,22.7552,23.0244,23.291,23.555,23.8164,24.0753,24.3318,24.5859,24.8376,25.0871,25.3344,25.5794,25.8223,26.0632,26.3019,26.5388,26.7736,27.0066,27.2377,27.4671,27.6946,27.9205,28.1447,28.3673,28.5883,28.8078,29.0258,29.2423,29.4575,29.6713,29.8837,30.0949,30.3048,30.5136,30.7211,30.9275,31.1329,31.3372,31.5404,31.7427,31.9441,32.1445,32.3441,32.5428,32.7407,32.9378,33.1342,33.3299,33.5249,33.7192,33.913,34.1061,34.2987,34.4908,34.6824,34.8735,35.0642,35.2544,35.4443,35.6338,35.823,36.0119,36.2005,36.3888,36.5769,36.7648,36.9525,37.1401,37.3275,37.5148,37.7019,37.889,38.0761,38.2631,38.4501,38.6371,38.8241,39.0111,39.1982,39.3854
18.2593,17.921,17.5811,17.2397,16.897,16.5532,16.2087,15.8637,15.5186,15.1739,14.8302,14.4881,14.1485,13.8121,13.48,13.1535,12.8339,12.5227,12.2217,11.9327,11.658,11.3996,11.16,10.9415,10.7464,10.5769,10.4348,10.3215,10.2381,10.1848,10.1611,10.1662,10.1981,10.2546,10.333,10.4301,10.5426,10.6673,10.8008,10.9401,11.082,11.2241,11.3638,11.499,11.6277,11.7483,11.8594,11.9598,12.0485,12.1245,12.1874,12.2364,12.2712,12.2916,12.2974,12.2885,12.265,12.227,12.175,12.1092,12.0303,11.939,11.836,11.7224,11.5995,11.4686,11.3314,11.1898,11.046,10.9024,10.7616,10.6266,10.5005,10.3865,10.2879,10.2079,10.1496,10.1157,10.1084,10.1295,10.1799,10.26,10.3694,10.5072,10.6718,10.8615,11.0739,11.3067,11.5577,11.8243,12.1045,12.3959,12.6969,13.0055,13.3203,13.6398,13.9629,14.2885,14.6158,14.9439,15.2721,15.6,15.927,16.2528,16.577,16.8993,17.2195,17.5374,17.8529,18.1658,18.476,18.7835,19.0882,19.3901,19.6891,19.9853,20.2786,20.5691,20.8567,21.1414,21.4234,21.7026,21.9791,22.2529,22.524,22.7925,23.0584,23.3217,23.5826,23.8411,24.0971,24.3508,24.6021,24.8512,25.0981,25.3429,25.5855,25.826,26.0645,26.3011,26.5357,26.7684,26.9992,27.2283,27.4556,27.6812,27.9051,28.1275,28.3482,28.5674,28.7851,29.0013,29.2161,29.4296,29.6417,29.8525,30.0621,30.2704,30.4776,30.6836,30.8886,31.0924,31.2953,31.4971,31.698,31.898,32.0971,32.2953,32.4927,32.6893,32.8852,33.0803,33.2748,33.4686,33.6617,33.8543,34.0463,34.2378,34.4288,34.6193,34.8093,34.9989,35.1882,35.377,35.5656,35.7538,35.9417,36.1294,36.3168,36.504,36.691,36.8779,37.0646,37.2512,37.4376,37.624,37.8104,37.9967,38.183,38.3692,38.5555,38.7419,38.9283,39.1147,39.3013
18.3943,18.0633,17.7311,17.3978,17.0637,16.7291,16.3941,16.0593,15.7249,15.3916,15.0598,14.7303,14.4038,14.0812,13.7635,13.452,13.1477,12.8523,12.5673,12.2945,12.0356,11.7926,11.5676,11.3625,11.1793,11.0196,10.885,10.7765,10.6949,10.6402,10.6122,10.6098,10.6316,10.6756,10.7393,10.8203,10.9157,11.0226,11.1381,11.2595,11.3841,11.5094,11.6333,11.7537,11.8688,11.977,12.0769,12.1675,12.2476,12.3164,12.3733,12.4178,12.4493,12.4677,12.4727,12.4644,12.4428,12.4081,12.3605,12.3006,12.2288,12.1458,12.0525,11.95,11.8393,11.7218,11.5992,11.4733,11.3459,11.2195,11.0963,10.979,10.8704,10.7732,10.6904,10.6247,10.5787,10.5546,10.5545,10.5796,10.6311,10.7091,10.8135,10.9436,11.0982,11.2758,11.4746,11.6927,11.9281,12.1788,12.4427,12.7181,13.0032,13.2963,13.596,13.9011,14.2103,14.5226,14.8372,15.1533,15.4702,15.7872,16.104,16.4201,16.735,17.0486,17.3605,17.6706,17.9786,18.2845,18.588,18.8891,19.1878,19.4839,19.7774,20.0683,20.3565,20.6421,20.9251,21.2055,21.4832,21.7583,22.0308,22.3008,22.5683,22.8333,23.0958,23.3558,23.6135,23.8689,24.1219,24.3727,24.6213,24.8676,25.1119,25.354,25.5941,25.8322,26.0683,26.3025,26.5348,26.7653,26.994,27.2209,27.4462,27.6697,27.8917,28.112,28.3308,28.5482,28.764,28.9784,29.1915,29.4032,29.6136,29.8228,30.0307,30.2374,30.443,30.6475,30.8508,31.0532,31.2545,31.4549,31.6544,31.8529,32.0506,32.2475,32.4435,32.6388,32.8334,33.0273,33.2205,33.413,33.605,33.7964,33.9872,34.1775,34.3674,34.5568,34.7457,34.9343,35.1225,35.3103,35.4978,35.685,35.872,36.0587,36.2452,36.4315,36.6176,36.8036,36.9895,37.1752,37.3609,37.5465,37.7321,37.9176,38.1031,38.2887,38.4743,38.6599,38.8457,39.0315,39.2174
18.5344,18.2108,17.8863,17.5611,17.2356,16.91,16.5845,16.2596,15.9358,15.6135,15.2933,14.9758,14.662,14.3525,14.0485,13.7509,13.4611,13.1802,12.9099,12.6516,12.407,12.1777,11.9655,11.7721,11.5991,11.4477,11.3193,11.2147,11.1344,11.0784,11.0463,11.0373,11.05,11.0828,11.1337,11.2004,11.2805,11.3714,11.4707,11.5759,11.6846,11.7946,11.9039,12.0105,12.1129,12.2095,12.2989,12.3801,12.4521,12.5141,12.5654,12.6054,12.6338,12.6503,12.6547,12.6469,12.6271,12.5954,12.5522,12.4977,12.4327,12.3577,12.2736,12.1813,12.0821,11.9772,11.8681,11.7565,11.6443,11.5334,11.4262,11.3249,11.2319,11.1498,11.0809,11.0278,10.9926,10.9773,10.9835,11.0124,11.065,11.1414,11.2417,11.3653,11.5114,11.6786,11.8656,12.0707,12.2922,12.5285,12.7777,13.0383,13.3087,13.5873,13.8729,14.1643,14.4603,14.7599,15.0623,15.3667,15.6724,15.9789,16.2856,16.592,16.8979,17.2028,17.5065,17.8087,18.1092,18.408,18.7047,18.9994,19.2919,19.5821,19.87,20.1555,20.4386,20.7193,20.9976,21.2734,21.5468,21.8177,22.0862,22.3523,22.616,22.8774,23.1364,23.3931,23.6475,23.8997,24.1497,24.3975,24.6431,24.8867,25.1282,25.3677,25.6052,25.8408,26.0744,26.3062,26.5362,26.7644,26.9908,27.2156,27.4387,27.6601,27.88,28.0984,28.3152,28.5306,28.7446,28.9571,29.1684,29.3783,29.5869,29.7944,30.0006,30.2056,30.4096,30.6125,30.8143,31.0151,31.2149,31.4138,31.6117,31.8088,32.0051,32.2006,32.3952,32.5892,32.7824,32.975,33.1669,33.3582,33.5489,33.7391,33.9287,34.1179,34.3066,34.4948,34.6827,34.8702,35.0573,35.2441,35.4305,35.6168,35.8027,35.9885,36.174,36.3594,36.5446,36.7297,36.9147,37.0996,37.2844,37.4692,37.654,37.8388,38.0236,38.2084,38.3933,38.5782,38.7633,38.9484,39.1337
18.6792,18.3629,18.046,17.729,17.4119,17.0951,16.779,16.4639,16.1503,15.8386,15.5296,15.2238,14.922,14.625,14.3337,14.0493,13.7728,13.5054,13.2485,13.0034,12.7715,12.5545,12.3536,12.1704,12.0061,11.8619,11.7388,11.6373,11.5578,11.5004,11.4645,11.4495,11.4542,11.4771,11.5165,11.5705,11.6369,11.7135,11.7982,11.8887,11.9829,12.0789,12.1748,12.2687,12.3593,12.445,12.5246,12.5971,12.6614,12.7169,12.7628,12.7986,12.824,12.8387,12.8424,12.8352,12.8171,12.7883,12.7491,12.6999,12.6412,12.5737,12.4982,12.4157,12.3271,12.2338,12.1372,12.0389,11.9404,11.8438,11.7509,11.664,11.585,11.5163,11.4599,11.4179,11.3923,11.3847,11.3966,11.429,11.4827,11.5581,11.655,11.7731,11.9118,12.07,12.2466,12.4402,12.6494,12.8727,13.1086,13.3556,13.6124,13.8776,14.15,14.4284,14.7118,14.9993,15.29,15.5831,15.878,16.1742,16.471,16.768,17.0648,17.3611,17.6566,17.951,18.2441,18.5357,18.8257,19.1139,19.4001,19.6844,19.9666,20.2467,20.5246,20.8003,21.0738,21.345,21.6139,21.8806,22.145,22.4071,22.667,22.9246,23.1801,23.4333,23.6844,23.9334,24.1802,24.4249,24.6676,24.9083,25.147,25.3838,25.6186,25.8516,26.0827,26.312,26.5396,26.7655,26.9896,27.2121,27.433,27.6523,27.8701,28.0864,28.3012,28.5146,28.7266,28.9373,29.1467,29.3548,29.5616,29.7673,29.9717,30.1751,30.3774,30.5786,30.7788,30.978,31.1763,31.3736,31.5701,31.7657,31.9605,32.1545,32.3478,32.5404,32.7322,32.9235,33.1141,33.3041,33.4935,33.6825,33.8709,34.0588,34.2464,34.4335,34.6202,34.8065,34.9925,35.1783,35.3637,35.5489,35.7339,35.9186,36.1032,36.2876,36.4719,36.6561,36.8402,37.0242,37.2082,37.3922,37.5762,37.7602,37.9442,38.1283,38.3124,38.4967,38.6811,38.8655,39.0502
18.8281,18.519,18.2098,17.9006,17.5919,17.2838,16.9768,16.6712,16.3675,16.0662,15.7679,15.4732,15.1828,14.8976,14.6184,14.3462,14.082,13.827,13.5823,13.3492,13.1289,12.9227,12.7318,12.5575,12.4009,12.2628,12.144,12.0451,11.9662,11.9073,11.868,11.8476,11.845,11.8591,11.8883,11.9309,11.985,12.0488,12.1203,12.1976,12.2787,12.3618,12.4453,12.5276,12.6072,12.6828,12.7533,12.8175,12.8747,12.924,12.9649,12.9968,13.0194,13.0323,13.0354,13.0287,13.0123,12.9862,12.9508,12.9065,12.8538,12.7933,12.7258,12.6523,12.5737,12.4911,12.406,12.3198,12.2339,12.1502,12.0703,11.9963,11.9299,11.8731,11.8278,11.7957,11.7787,11.778,11.795,11.8306,11.8854,11.9599,12.054,12.1675,12.2998,12.4502,12.6176,12.801,12.9992,13.2108,13.4346,13.6692,13.9135,14.1662,14.4263,14.6925,14.964,15.2399,15.5194,15.8017,16.0862,16.3723,16.6594,16.9472,17.2352,17.523,17.8104,18.097,18.3827,18.6672,18.9504,19.2321,19.5121,19.7904,20.0669,20.3415,20.6142,20.8848,21.1534,21.4199,21.6844,21.9467,22.2069,22.465,22.721,22.9749,23.2266,23.4764,23.724,23.9696,24.2133,24.4549,24.6946,24.9323,25.1681,25.4021,25.6342,25.8645,26.0931,26.3199,26.545,26.7684,26.9902,27.2104,27.4291,27.6462,27.8618,28.076,28.2888,28.5001,28.7102,28.9189,29.1263,29.3325,29.5376,29.7414,29.9441,30.1457,30.3463,30.5458,30.7444,30.942,31.1386,31.3344,31.5293,31.7234,31.9167,32.1093,32.3011,32.4923,32.6828,32.8726,33.0619,33.2506,33.4388,33.6264,33.8136,34.0003,34.1866,34.3726,34.5581,34.7433,34.9283,35.1129,35.2973,35.4814,35.6653,35.8491,36.0327,36.2162,36.3995,36.5828,36.766,36.9492,37.1323,37.3154,37.4986,37.6818,37.865,38.0484,38.2318,38.4153,38.599,38.7828,38.9668
18.9805,18.6785,18.3768,18.0755,17.775,17.4754,17.1773,16.8809,16.5868,16.2954,16.0074,15.7232,15.4437,15.1696,14.9017,14.6409,14.3882,14.1445,13.911,13.6887,13.4787,13.2822,13.1003,12.9338,12.7838,12.651,12.5359,12.4391,12.3605,12.3002,12.2577,12.2323,12.2233,12.2295,12.2496,12.282,12.3251,12.3774,12.437,12.5022,12.5714,12.6428,12.715,12.7866,12.8561,12.9223,12.9843,13.0409,13.0914,13.135,13.1711,13.1994,13.2192,13.2305,13.2331,13.2268,13.2119,13.1883,13.1565,13.1168,13.0697,13.0158,12.9558,12.8906,12.8211,12.7485,12.6739,12.5987,12.5243,12.4523,12.3842,12.3218,12.2666,12.2205,12.1851,12.1619,12.1525,12.158,12.1795,12.218,12.274,12.3479,12.4397,12.5492,12.676,12.8195,12.9789,13.1532,13.3414,13.5425,13.7553,13.9786,14.2114,14.4525,14.701,14.9558,15.2161,15.481,15.7498,16.0217,16.2961,16.5725,16.8502,17.129,17.4083,17.6878,17.9672,18.2462,18.5245,18.802,19.0784,19.3536,19.6274,19.8997,20.1705,20.4396,20.7069,20.9725,21.2362,21.498,21.7578,22.0158,22.2717,22.5257,22.7777,23.0278,23.2759,23.522,23.7662,24.0084,24.2488,24.4872,24.7238,24.9585,25.1914,25.4225,25.6519,25.8795,26.1054,26.3296,26.5522,26.7732,26.9926,27.2105,27.4268,27.6417,27.8551,28.0671,28.2778,28.4871,28.6951,28.9018,29.1073,29.3116,29.5147,29.7167,29.9176,30.1174,30.3162,30.5141,30.7109,30.9068,31.1019,31.2961,31.4894,31.682,31.8738,32.0648,32.2552,32.4449,32.634,32.8224,33.0103,33.1977,33.3845,33.5709,33.7568,33.9423,34.1274,34.3121,34.4965,34.6806,34.8643,35.0479,35.2312,35.4142,35.5971,35.7799,35.9625,36.145,36.3274,36.5097,36.692,36.8743,37.0565,37.2388,37.4212,37.6035,37.786,37.9686,38.1513,38.3341,38.517,38.7002,38.8835
19.1359,18.841,18.5467,18.2531,17.9605,17.6693,17.3797,17.0923,16.8074,16.5255,16.2473,15.9732,15.704,15.4403,15.1829,14.9327,14.6906,14.4574,14.234,14.0216,13.821,13.6332,13.4591,13.2995,13.1553,13.027,12.9152,12.82,12.7416,12.6799,12.6344,12.6047,12.5898,12.5889,12.6008,12.6241,12.6574,12.6992,12.7481,12.8025,12.8608,12.9216,12.9835,13.0452,13.1054,13.163,13.2171,13.2666,13.3109,13.3491,13.3809,13.4056,13.423,13.4328,13.4348,13.4289,13.4154,13.3943,13.3658,13.3303,13.2884,13.2406,13.1875,13.13,13.069,13.0055,12.9406,12.8755,12.8115,12.75,12.6926,12.6406,12.5956,12.559,12.5324,12.5171,12.5145,12.5255,12.5512,12.5923,12.6495,12.7229,12.8127,12.9187,13.0407,13.1782,13.3304,13.4967,13.676,13.8676,14.0703,14.2832,14.5054,14.7358,14.9735,15.2176,15.4673,15.7218,15.9804,16.2424,16.5071,16.7741,17.0428,17.3128,17.5837,17.855,18.1266,18.398,18.6691,18.9396,19.2093,19.478,19.7456,20.012,20.277,20.5406,20.8026,21.063,21.3217,21.5788,21.8341,22.0875,22.3392,22.5891,22.8371,23.0833,23.3276,23.5701,23.8107,24.0495,24.2865,24.5218,24.7552,24.9868,25.2168,25.445,25.6715,25.8964,26.1196,26.3412,26.5612,26.7797,26.9966,27.2121,27.4261,27.6387,27.8498,28.0596,28.2681,28.4753,28.6812,28.8859,29.0894,29.2918,29.493,29.6931,29.8921,30.0902,30.2872,30.4832,30.6784,30.8726,31.066,31.2585,31.4503,31.6413,31.8315,32.021,32.2099,32.3982,32.5858,32.7728,32.9593,33.1453,33.3308,33.5159,33.7005,33.8847,34.0686,34.2521,34.4353,34.6181,34.8008,34.9832,35.1654,35.3474,35.5292,35.7109,35.8925,36.074,36.2554,36.4368,36.6182,36.7996,36.9809,37.1624,37.3439,37.5254,37.7071,37.8889,38.0708,38.2529,38.4352,38.6176,38.8003
19.2938,19.006,18.7189,18.4328,18.148,17.8648,17.5836,17.3047,17.0287,16.756,16.487,16.2225,15.963,15.7091,15.4616,15.2213,14.9889,14.7652,14.5512,14.3477,14.1555,13.9755,13.8085,13.655,13.5159,13.3916,13.2824,13.1887,13.1103,13.0472,12.9991,12.9653,12.9452,12.938,12.9425,12.9576,12.982,13.0145,13.0537,13.0982,13.1467,13.1978,13.2503,13.303,13.3547,13.4044,13.4511,13.4941,13.5326,13.566,13.5936,13.6151,13.6301,13.6385,13.6399,13.6345,13.6223,13.6034,13.578,13.5465,13.5094,13.4672,13.4205,13.3701,13.3169,13.2617,13.2056,13.1496,13.0951,13.0433,12.9954,12.9528,12.9169,12.8889,12.8702,12.862,12.8654,12.8813,12.9108,12.9543,13.0125,13.0856,13.1737,13.2768,13.3946,13.5267,13.6726,13.8316,14.0029,14.1858,14.3794,14.5828,14.7952,15.0157,15.2434,15.4775,15.7172,15.9618,16.2107,16.4632,16.7187,16.9766,17.2366,17.4981,17.7607,18.0241,18.288,18.552,18.8159,19.0795,19.3426,19.6049,19.8664,20.1268,20.3861,20.6441,20.9008,21.1561,21.4099,21.6621,21.9128,22.1618,22.4092,22.6548,22.8988,23.1411,23.3816,23.6204,23.8574,24.0928,24.3264,24.5583,24.7886,25.0171,25.244,25.4693,25.6929,25.915,26.1355,26.3544,26.5718,26.7877,27.0022,27.2152,27.4268,27.637,27.8459,28.0535,28.2598,28.4648,28.6686,28.8713,29.0727,29.2731,29.4723,29.6705,29.8677,30.0638,30.259,30.4533,30.6467,30.8392,31.0309,31.2218,31.4119,31.6012,31.7899,31.9779,32.1653,32.352,32.5382,32.7238,32.9089,33.0935,33.2776,33.4613,33.6446,33.8275,34.0101,34.1924,34.3743,34.556,34.7375,34.9188,35.0998,35.2807,35.4615,35.6421,35.8227,36.0032,36.1837,36.3641,36.5445,36.725,36.9055,37.086,37.2667,37.4474,37.6283,37.8093,37.9905,38.1718,38.3534,38.5351,38.7171
19.4539,19.1729,18.8928,18.614,18.3368,18.0614,17.7883,17.5177,17.2502,16.9861,16.7261,16.4706,16.2202,15.9755,15.7372,15.506,15.2827,15.0679,14.8624,14.667,14.4825,14.3095,14.1487,14.0007,13.8661,13.7452,13.6384,13.5458,13.4674,13.403,13.3524,13.315,13.2902,13.2772,13.2751,13.2828,13.2993,13.3234,13.3539,13.3895,13.4291,13.4714,13.5153,13.5597,13.6036,13.646,13.6861,13.723,13.7562,13.7849,13.8087,13.8273,13.8401,13.8471,13.8481,13.8431,13.832,13.8151,13.7926,13.7648,13.7322,13.6951,13.6543,13.6105,13.5643,13.5167,13.4686,13.4211,13.3752,13.332,13.2928,13.2586,13.2308,13.2106,13.1989,13.197,13.2058,13.2262,13.259,13.3048,13.3639,13.4368,13.5234,13.6239,13.738,13.8654,14.0055,14.158,14.3221,14.4972,14.6825,14.8772,15.0805,15.2917,15.5101,15.7348,15.9651,16.2005,16.4402,16.6836,16.9302,17.1795,17.431,17.6843,17.9389,18.1946,18.451,18.7077,18.9646,19.2215,19.478,19.734,19.9893,20.2439,20.4975,20.75,21.0014,21.2515,21.5004,21.7478,21.9938,22.2383,22.4814,22.7228,22.9627,23.201,23.4377,23.6727,23.9062,24.138,24.3682,24.5968,24.8238,25.0492,25.2731,25.4953,25.7161,25.9353,26.153,26.3692,26.5839,26.7973,27.0092,27.2197,27.4289,27.6367,27.8433,28.0486,28.2526,28.4555,28.6571,28.8577,29.057,29.2554,29.4526,29.6488,29.8441,30.0384,30.2317,30.4242,30.6158,30.8065,30.9965,31.1857,31.3741,31.5619,31.7489,31.9353,32.1211,32.3064,32.491,32.6752,32.8588,33.042,33.2248,33.4071,33.5891,33.7707,33.952,34.133,34.3137,34.4942,34.6745,34.8546,35.0345,35.2143,35.394,35.5736,35.7531,35.9325,36.112,36.2915,36.471,36.6505,36.8301,37.0098,37.1896,37.3695,37.5495,37.7297,37.9101,38.0907,38.2716,38.4526,38.6339
19.6157,19.3413,19.0681,18.7965,18.5266,18.2587,17.9933,17.7307,17.4713,17.2156,16.964,16.717,16.4752,16.2391,16.0094,15.7868,15.5718,15.3651,15.1675,14.9795,14.8018,14.6351,14.48,14.3369,14.2062,14.0884,13.9836,13.892,13.8135,13.7479,13.695,13.6543,13.6252,13.6071,13.599,13.6002,13.6095,13.626,13.6486,13.6762,13.7077,13.742,13.7781,13.815,13.8518,13.8875,13.9214,13.9528,13.9811,14.0056,14.0259,14.0416,14.0525,14.0582,14.0588,14.054,14.0441,14.0291,14.0093,13.9848,13.9563,13.924,13.8886,13.8507,13.811,13.7704,13.7296,13.6897,13.6515,13.6162,13.5847,13.5582,13.5377,13.5243,13.519,13.5228,13.5364,13.5608,13.5966,13.6443,13.7044,13.777,13.8625,13.9606,14.0714,14.1945,14.3296,14.4762,14.6338,14.8017,14.9793,15.166,15.361,15.5637,15.7733,15.9892,16.2108,16.4374,16.6683,16.9031,17.1413,17.3823,17.6256,17.871,18.1179,18.366,18.6151,18.8648,19.1148,19.365,19.615,19.8648,20.1141,20.3628,20.6107,20.8578,21.1039,21.3489,21.5928,21.8355,22.0768,22.3169,22.5555,22.7928,23.0285,23.2629,23.4957,23.727,23.9568,24.1851,24.4118,24.6371,24.8608,25.083,25.3037,25.523,25.7407,25.9571,26.1719,26.3854,26.5975,26.8082,27.0175,27.2255,27.4322,27.6377,27.8419,28.0448,28.2466,28.4472,28.6467,28.8451,29.0424,29.2386,29.4338,29.6281,29.8214,30.0137,30.2052,30.3958,30.5856,30.7745,30.9628,31.1502,31.337,31.5231,31.7085,31.8933,32.0775,32.2612,32.4444,32.627,32.8092,32.9909,33.1723,33.3532,33.5339,33.7141,33.8941,34.0739,34.2533,34.4326,34.6117,34.7906,34.9694,35.148,35.3266,35.5051,35.6836,35.862,36.0404,36.2189,36.3974,36.576,36.7547,36.9335,37.1124,37.2915,37.4708,37.6502,37.8298,38.0097,38.1897,38.3701,38.5507
19.7788,19.5109,19.2444,18.9796,18.7168,18.4563,18.1983,17.9433,17.6917,17.4438,17.2002,16.9613,16.7276,16.4996,16.278,16.0632,15.8559,15.6568,15.4663,15.2851,15.1137,14.9527,14.8027,14.6639,14.5368,14.4217,14.3186,14.2278,14.1492,14.0825,14.0276,13.9839,13.951,13.9282,13.9148,13.91,13.9129,13.9225,13.938,13.9584,13.9825,14.0096,14.0386,14.0687,14.0989,14.1285,14.1568,14.1832,14.2069,14.2275,14.2445,14.2577,14.2667,14.2713,14.2714,14.267,14.2581,14.2448,14.2274,14.2061,14.1813,14.1534,14.1229,14.0905,14.0567,14.0224,13.9883,13.9552,13.9241,13.8958,13.8714,13.8517,13.8378,13.8306,13.8309,13.8397,13.8578,13.8857,13.9242,13.9736,14.0345,14.1071,14.1914,14.2875,14.3953,14.5146,14.6451,14.7863,14.9379,15.0993,15.27,15.4493,15.6366,15.8313,16.0328,16.2405,16.4538,16.6721,16.8948,17.1214,17.3515,17.5845,17.82,18.0577,18.2972,18.538,18.78,19.0227,19.2661,19.5097,19.7534,19.997,20.2404,20.4833,20.7257,20.9673,21.2082,21.4481,21.6871,21.9249,22.1617,22.3972,22.6315,22.8645,23.0961,23.3265,23.5554,23.7829,24.0091,24.2338,24.457,24.6789,24.8993,25.1183,25.3359,25.5521,25.7669,25.9802,26.1923,26.4029,26.6123,26.8203,27.027,27.2325,27.4367,27.6397,27.8415,28.0421,28.2416,28.4399,28.6372,28.8334,29.0285,29.2227,29.4159,29.6081,29.7994,29.9898,30.1794,30.3681,30.556,30.7432,30.9296,31.1153,31.3004,31.4848,31.6685,31.8517,32.0344,32.2165,32.3981,32.5792,32.7599,32.9402,33.1201,33.2997,33.4789,33.6578,33.8365,34.0149,34.1931,34.3711,34.549,34.7267,34.9043,35.0818,35.2593,35.4367,35.6141,35.7915,35.9689,36.1464,36.324,36.5016,36.6794,36.8573,37.0353,37.2135,37.3919,37.5706,37.7494,37.9285,38.1078,38.2875,38.4674
19.9427,19.6812,19.4212,19.1631,18.9071,18.6536,18.4028,18.1551,17.9109,17.6705,17.4345,17.2032,16.9771,16.7567,16.5425,16.3351,16.135,15.9428,15.7589,15.5838,15.4182,15.2624,15.1169,14.9821,14.8582,14.7454,14.644,14.5539,14.4751,14.4074,14.3506,14.3042,14.2678,14.2409,14.2227,14.2125,14.2096,14.2131,14.2222,14.236,14.2536,14.274,14.2966,14.3204,14.3448,14.3688,14.392,14.4136,14.4332,14.4502,14.4643,14.4751,14.4824,14.486,14.4857,14.4815,14.4736,14.4619,14.4467,14.4282,14.4068,14.3829,14.3569,14.3295,14.3011,14.2725,14.2444,14.2176,14.1928,14.1709,14.1528,14.1393,14.1313,14.1296,14.135,14.1484,14.1703,14.2014,14.2422,14.2933,14.3549,14.4273,14.5106,14.6049,14.71,14.8259,14.9522,15.0886,15.2348,15.3902,15.5544,15.7269,15.9071,16.0944,16.2884,16.4884,16.6938,16.9043,17.1192,17.338,17.5604,17.7858,18.0138,18.2442,18.4764,18.7102,18.9452,19.1813,19.418,19.6553,19.8928,20.1304,20.3679,20.6051,20.842,21.0783,21.3139,21.5488,21.7828,22.0159,22.248,22.4791,22.709,22.9378,23.1653,23.3916,23.6167,23.8404,24.0628,24.284,24.5037,24.7222,24.9393,25.155,25.3694,25.5825,25.7943,26.0047,26.2139,26.4217,26.6283,26.8336,27.0377,27.2406,27.4423,27.6428,27.8421,28.0404,28.2375,28.4336,28.6286,28.8226,29.0156,29.2076,29.3987,29.5888,29.7781,29.9666,30.1542,30.341,30.5271,30.7124,30.897,31.0809,31.2642,31.4469,31.629,31.8106,31.9916,32.1721,32.3521,32.5317,32.7109,32.8897,33.0682,33.2463,33.4242,33.6017,33.779,33.9562,34.1331,34.3098,34.4864,34.663,34.8394,35.0157,35.192,35.3684,35.5447,35.721,35.8974,36.0739,36.2505,36.4272,36.604,36.781,36.9581,37.1355,37.3131,37.4909,37.6689,37.8473,38.0259,38.2048,38.384
20.1073,19.8519,19.5982,19.3466,19.0972,18.8504,18.6065,18.3657,18.1286,17.8954,17.6665,17.4424,17.2234,17.0101,16.803,16.6024,16.409,16.2231,16.0452,15.8759,15.7155,15.5645,15.4231,15.2918,15.1708,15.0602,14.9602,14.8707,14.7917,14.7231,14.6646,14.6158,14.5763,14.5456,14.5231,14.5081,14.5,14.498,14.5013,14.5091,14.5207,14.5353,14.552,14.5702,14.5891,14.6081,14.6266,14.6439,14.6597,14.6735,14.6848,14.6935,14.6992,14.7018,14.7011,14.6972,14.6901,14.6798,14.6667,14.6508,14.6325,14.6122,14.5904,14.5674,14.544,14.5206,14.498,14.4768,14.4577,14.4416,14.4292,14.4212,14.4185,14.4217,14.4317,14.4491,14.4744,14.5084,14.5514,14.6039,14.6661,14.7384,14.8208,14.9134,15.0161,15.1288,15.2513,15.3833,15.5244,15.6744,15.8327,15.9988,16.1724,16.3529,16.5398,16.7325,16.9307,17.1337,17.3412,17.5527,17.7677,17.9858,18.2067,18.4299,18.6552,18.8822,19.1105,19.34,19.5704,19.8014,20.0329,20.2646,20.4963,20.7279,20.9593,21.1903,21.4208,21.6507,21.8799,22.1082,22.3357,22.5623,22.7879,23.0124,23.2358,23.4581,23.6793,23.8992,24.118,24.3355,24.5517,24.7667,24.9805,25.193,25.4042,25.6142,25.8229,26.0303,26.2366,26.4416,26.6454,26.848,27.0494,27.2497,27.4488,27.6468,27.8437,28.0395,28.2343,28.428,28.6207,28.8125,29.0033,29.1932,29.3821,29.5702,29.7575,29.9439,30.1296,30.3145,30.4986,30.6821,30.8649,31.047,31.2285,31.4095,31.5899,31.7697,31.9491,32.128,32.3064,32.4845,32.6622,32.8395,33.0165,33.1931,33.3696,33.5457,33.7217,33.8975,34.0731,34.2486,34.4239,34.5992,34.7744,34.9496,35.1248,35.3,35.4752,35.6505,35.8259,36.0013,36.1769,36.3526,36.5285,36.7046,36.8809,37.0574,37.2341,37.4111,37.5883,37.7659,37.9438,38.1219,38.3005
20.2721,20.0227,19.7751,19.5297,19.2867,19.0463,18.809,18.5749,18.3445,18.118,17.8959,17.6786,17.4664,17.2598,17.0592,16.865,16.6777,16.4977,16.3255,16.1613,16.0057,15.859,15.7215,15.5934,15.475,15.3663,15.2675,15.1787,15.0996,15.0301,14.9701,14.9191,14.8768,14.8427,14.8163,14.7971,14.7843,14.7773,14.7754,14.7779,14.784,14.7932,14.8046,14.8177,14.8317,14.8461,14.8603,14.8738,14.8861,14.8968,14.9057,14.9124,14.9166,14.9183,14.9173,14.9136,14.9073,14.8983,14.887,14.8735,14.8581,14.8411,14.823,14.8042,14.7852,14.7665,14.7488,14.7327,14.7188,14.7079,14.7005,14.6975,14.6996,14.7072,14.7213,14.7422,14.7707,14.8071,14.8521,14.9058,14.9686,15.0407,15.1222,15.2133,15.3137,15.4236,15.5426,15.6705,15.8071,15.952,16.1048,16.2651,16.4326,16.6066,16.7869,16.9729,17.1642,17.3603,17.5607,17.7652,17.9732,18.1844,18.3983,18.6148,18.8333,19.0537,19.2756,19.4987,19.7229,19.9478,20.1733,20.3992,20.6253,20.8515,21.0775,21.3033,21.5287,21.7536,21.9779,22.2016,22.4246,22.6467,22.8679,23.0882,23.3076,23.5259,23.7431,23.9592,24.1743,24.3882,24.6009,24.8125,25.0228,25.232,25.4401,25.6469,25.8525,26.057,26.2603,26.4624,26.6634,26.8633,27.062,27.2596,27.4562,27.6516,27.846,28.0394,28.2318,28.4232,28.6136,28.8031,28.9917,29.1794,29.3662,29.5522,29.7374,29.9218,30.1054,30.2884,30.4706,30.6522,30.8331,31.0134,31.1932,31.3723,31.551,31.7292,31.9069,32.0841,32.261,32.4375,32.6136,32.7894,32.9649,33.1401,33.3151,33.4899,33.6644,33.8389,34.0132,34.1873,34.3614,34.5355,34.7095,34.8835,35.0575,35.2316,35.4057,35.5799,35.7542,35.9286,36.1032,36.278,36.4529,36.6281,36.8034,36.9791,37.1549,37.3311,37.5076,37.6844,37.8615,38.0389,38.2168
20.4369,20.1932,19.9515,19.7121,19.4752,19.2411,19.01,18.7823,18.5583,18.3383,18.1226,17.9117,17.7058,17.5054,17.311,17.1227,16.9412,16.7667,16.5996,16.4403,16.2891,16.1463,16.0123,15.8871,15.771,15.6642,15.5666,15.4782,15.399,15.3288,15.2674,15.2145,15.1697,15.1326,15.1027,15.0796,15.0625,15.0511,15.0445,15.0422,15.0435,15.0478,15.0544,15.0628,15.0724,15.0826,15.0929,15.1028,15.112,15.12,15.1266,15.1314,15.1344,15.1352,15.1339,15.1304,15.1248,15.117,15.1074,15.096,15.0832,15.0692,15.0545,15.0394,15.0244,15.01,14.9968,14.9853,14.976,14.9698,14.967,14.9685,14.9747,14.9864,15.004,15.0282,15.0594,15.0981,15.1447,15.1994,15.2627,15.3347,15.4154,15.505,15.6034,15.7106,15.8264,15.9506,16.0829,16.2232,16.3709,16.5258,16.6875,16.8556,17.0297,17.2093,17.3941,17.5836,17.7774,17.9752,18.1766,18.3811,18.5885,18.7984,19.0105,19.2244,19.4401,19.6571,19.8752,20.0942,20.314,20.5342,20.7547,20.9755,21.1962,21.4168,21.6372,21.8573,22.0769,22.2959,22.5143,22.732,22.9489,23.165,23.3803,23.5946,23.8079,24.0203,24.2316,24.4419,24.6511,24.8592,25.0662,25.2721,25.4769,25.6806,25.8831,26.0846,26.2849,26.4842,26.6823,26.8794,27.0754,27.2704,27.4643,27.6572,27.8491,28.04,28.23,28.419,28.6071,28.7943,28.9806,29.1661,29.3508,29.5346,29.7177,29.9001,30.0817,30.2627,30.443,30.6226,30.8017,30.9801,31.1581,31.3355,31.5124,31.6888,31.8648,32.0405,32.2157,32.3906,32.5651,32.7394,32.9134,33.0871,33.2606,33.434,33.6072,33.7803,33.9532,34.1261,34.2989,34.4717,34.6445,34.8173,34.9901,35.1631,35.3361,35.5092,35.6824,35.8558,36.0294,36.2032,36.3771,36.5514,36.7258,36.9006,37.0756,37.251,37.4266,37.6026,37.779,37.9557,38.1328
20.6014,20.3632,20.1273,19.8936,19.6626,19.4344,19.2094,18.9877,18.7698,18.5559,18.3463,18.1414,17.9415,17.747,17.5583,17.3756,17.1994,17.0299,16.8676,16.7128,16.5657,16.4266,16.2957,16.1732,16.0593,15.9541,15.8576,15.7697,15.6904,15.6196,15.5569,15.5023,15.4552,15.4155,15.3825,15.3559,15.3351,15.3195,15.3087,15.3021,15.299,15.2989,15.3012,15.3054,15.311,15.3174,15.3241,15.3309,15.3372,15.3427,15.3472,15.3504,15.3521,15.3522,15.3506,15.3473,15.3423,15.3356,15.3275,15.3181,15.3076,15.2964,15.2847,15.273,15.2616,15.2511,15.2419,15.2345,15.2294,15.2273,15.2287,15.2341,15.2442,15.2594,15.2802,15.3073,15.3409,15.3816,15.4296,15.4853,15.5489,15.6207,15.7007,15.7889,15.8854,15.9902,16.103,16.2237,16.3521,16.488,16.631,16.7809,16.9373,17.0998,17.268,17.4417,17.6203,17.8036,17.9912,18.1826,18.3776,18.5758,18.7769,18.9805,19.1864,19.3942,19.6038,19.8148,20.0271,20.2404,20.4544,20.6691,20.8843,21.0997,21.3153,21.5309,21.7463,21.9615,22.1764,22.3908,22.6047,22.8181,23.0307,23.2427,23.4538,23.6642,23.8736,24.0822,24.2898,24.4964,24.7021,24.9067,25.1104,25.313,25.5145,25.7151,25.9145,26.113,26.3103,26.5067,26.702,26.8963,27.0895,27.2818,27.4731,27.6634,27.8528,28.0412,28.2287,28.4154,28.6011,28.786,28.9701,29.1533,29.3358,29.5175,29.6985,29.8788,30.0584,30.2373,30.4156,30.5934,30.7705,30.9471,31.1232,31.2988,31.4739,31.6487,31.823,31.9969,32.1705,32.3437,32.5167,32.6894,32.8619,33.0341,33.2062,33.3781,33.5499,33.7216,33.8932,34.0648,34.2363,34.4078,34.5794,34.751,34.9226,35.0944,35.2663,35.4383,35.6104,35.7828,35.9554,36.1281,36.3012,36.4745,36.648,36.8219,36.9961,37.1706,37.3454,37.5206,37.6963,37.8723,38.0487
20.7653,20.5325,20.302,20.074,19.8486,19.6261,19.4068,19.1909,18.9788,18.7707,18.5668,18.3676,18.1734,17.9844,17.801,17.6235,17.4523,17.2876,17.1297,16.979,16.8357,16.6999,16.572,16.452,16.3401,16.2364,16.1409,16.0535,15.9742,15.9027,15.8391,15.7829,15.7338,15.6917,15.6559,15.6262,15.602,15.5828,15.5682,15.5577,15.5506,15.5466,15.545,15.5454,15.5473,15.5503,15.5538,15.5577,15.5614,15.5646,15.5672,15.5689,15.5695,15.5689,15.5671,15.5639,15.5594,15.5538,15.547,15.5394,15.531,15.5223,15.5134,15.5047,15.4966,15.4895,15.4839,15.4802,15.479,15.4806,15.4857,15.4947,15.5081,15.5264,15.5502,15.5797,15.6155,15.6579,15.7072,15.7637,15.8276,15.8991,15.9784,16.0653,16.1601,16.2625,16.3725,16.4901,16.6149,16.7467,16.8853,17.0305,17.1819,17.3391,17.5019,17.6699,17.8428,18.0202,18.2018,18.3872,18.5762,18.7683,18.9633,19.1609,19.3608,19.5627,19.7665,19.9717,20.1783,20.386,20.5946,20.8039,21.0137,21.224,21.4345,21.6451,21.8557,22.0661,22.2763,22.4862,22.6957,22.9047,23.1131,23.3209,23.528,23.7344,23.94,24.1448,24.3487,24.5517,24.7539,24.9551,25.1553,25.3546,25.5529,25.7503,25.9466,26.142,26.3364,26.5298,26.7223,26.9137,27.1043,27.2938,27.4825,27.6702,27.857,28.0429,28.228,28.4122,28.5956,28.7781,28.9599,29.1409,29.3212,29.5007,29.6796,29.8578,30.0353,30.2122,30.3885,30.5643,30.7395,30.9143,31.0885,31.2623,31.4356,31.6086,31.7812,31.9534,32.1253,32.2969,32.4683,32.6394,32.8104,32.9811,33.1517,33.3222,33.4925,33.6628,33.8331,34.0033,34.1735,34.3438,34.5141,34.6844,34.8549,35.0255,35.1962,35.3672,35.5383,35.7096,35.8811,36.0529,36.2249,36.3973,36.5699,36.7429,36.9162,37.0899,37.2639,37.4384,37.6132,37.7885,37.9642
20.9283,20.7008,20.4756,20.2529,20.0329,19.8159,19.6021,19.3917,19.1851,18.9825,18.7841,18.5903,18.4014,18.2176,18.0392,17.8666,17.7,17.5397,17.386,17.2391,17.0992,16.9666,16.8414,16.7238,16.6137,16.5114,16.4168,16.3299,16.2506,16.1787,16.1141,16.0565,16.0057,15.9614,15.9232,15.8906,15.8634,15.841,15.823,15.809,15.7984,15.7908,15.7857,15.7827,15.7813,15.7811,15.7818,15.783,15.7843,15.7855,15.7864,15.7867,15.7863,15.7851,15.783,15.7799,15.776,15.7712,15.7657,15.7597,15.7532,15.7467,15.7403,15.7344,15.7292,15.7253,15.7229,15.7226,15.7247,15.7297,15.738,15.7502,15.7667,15.7878,15.8141,15.8459,15.8835,15.9274,15.9778,16.035,16.0991,16.1704,16.2488,16.3346,16.4276,16.5279,16.6354,16.7499,16.8713,16.9993,17.1339,17.2746,17.4213,17.5736,17.7313,17.894,18.0615,18.2333,18.4092,18.5889,18.7721,18.9584,19.1476,19.3395,19.5336,19.7298,19.9279,20.1276,20.3287,20.5309,20.7341,20.9382,21.1429,21.348,21.5536,21.7593,21.9651,22.1709,22.3765,22.5819,22.787,22.9917,23.1959,23.3996,23.6027,23.8052,24.0069,24.2079,24.4082,24.6076,24.8062,25.0039,25.2008,25.3968,25.5919,25.786,25.9793,26.1716,26.363,26.5535,26.7431,26.9317,27.1195,27.3063,27.4923,27.6774,27.8617,28.0451,28.2276,28.4094,28.5904,28.7706,28.9501,29.1288,29.3068,29.4842,29.6609,29.837,30.0124,30.1873,30.3616,30.5354,30.7087,30.8815,31.0539,31.2258,31.3973,31.5685,31.7394,31.9099,32.0801,32.2501,32.4198,32.5894,32.7588,32.928,33.0971,33.2661,33.435,33.6039,33.7727,33.9416,34.1105,34.2795,34.4485,34.6177,34.787,34.9564,35.126,35.2958,35.4658,35.636,35.8065,35.9773,36.1484,36.3198,36.4915,36.6636,36.8361,37.0089,37.1821,37.3558,37.5299,37.7044,37.8794
21.0904,20.8679,20.6477,20.4302,20.2154,20.0036,19.7951,19.59,19.3886,19.1912,18.998,18.8093,18.6253,18.4464,18.2728,18.1047,17.9425,17.7863,17.6364,17.4931,17.3565,17.2268,17.1041,16.9886,16.8804,16.7794,16.6857,16.5992,16.5199,16.4477,16.3823,16.3235,16.2712,16.2249,16.1845,16.1495,16.1195,16.0943,16.0732,16.056,16.0422,16.0314,16.0232,16.017,16.0127,16.0097,16.0078,16.0066,16.0058,16.0051,16.0044,16.0035,16.0022,16.0004,15.9981,15.9951,15.9916,15.9877,15.9833,15.9787,15.974,15.9695,15.9653,15.9618,15.9594,15.9582,15.9588,15.9614,15.9666,15.9746,15.9859,16.0009,16.02,16.0436,16.0721,16.1059,16.1452,16.1904,16.2417,16.2994,16.3637,16.4346,16.5123,16.5969,16.6884,16.7866,16.8917,17.0033,17.1215,17.2461,17.3768,17.5134,17.6557,17.8034,17.9562,18.1139,18.2762,18.4427,18.6133,18.7875,18.9652,19.146,19.3297,19.516,19.7046,19.8953,20.0879,20.2822,20.4779,20.6749,20.8729,21.0719,21.2715,21.4717,21.6724,21.8733,22.0744,22.2756,22.4767,22.6777,22.8785,23.0789,23.279,23.4786,23.6777,23.8763,24.0742,24.2715,24.4681,24.6639,24.859,25.0533,25.2468,25.4395,25.6313,25.8223,26.0124,26.2017,26.3901,26.5777,26.7643,26.9502,27.1351,27.3193,27.5025,27.685,27.8667,28.0475,28.2276,28.4069,28.5855,28.7633,28.9405,29.1169,29.2927,29.4679,29.6424,29.8163,29.9897,30.1625,30.3348,30.5066,30.6779,30.8488,31.0192,31.1893,31.359,31.5284,31.6975,31.8663,32.0348,32.2031,32.3713,32.5392,32.707,32.8747,33.0423,33.2098,33.3773,33.5447,33.7122,33.8797,34.0473,34.215,34.3827,34.5506,34.7187,34.887,35.0554,35.2241,35.393,35.5622,35.7316,35.9014,36.0715,36.242,36.4128,36.584,36.7555,36.9275,37.1,37.2728,37.4462,37.62,37.7943
21.2512,21.0336,20.8183,20.6057,20.3959,20.1891,19.9856,19.7855,19.5891,19.3966,19.2083,19.0244,18.8452,18.6709,18.5017,18.3379,18.1798,18.0275,17.8812,17.7412,17.6077,17.4807,17.3604,17.2469,17.1403,17.0405,16.9477,16.8617,16.7825,16.7099,16.6438,16.5841,16.5303,16.4824,16.44,16.4028,16.3705,16.3426,16.3188,16.2988,16.2822,16.2685,16.2574,16.2485,16.2415,16.236,16.2317,16.2283,16.2256,16.2232,16.2211,16.2191,16.2169,16.2146,16.2121,16.2092,16.2062,16.2029,16.1996,16.1962,16.1931,16.1904,16.1882,16.187,16.1869,16.1883,16.1915,16.1968,16.2046,16.2153,16.2292,16.2467,16.2682,16.294,16.3245,16.36,16.4008,16.4471,16.4992,16.5573,16.6216,16.6922,16.7692,16.8526,16.9425,17.0389,17.1416,17.2506,17.3658,17.4871,17.6141,17.7468,17.885,18.0283,18.1766,18.3296,18.487,18.6485,18.8139,18.983,19.1554,19.3309,19.5093,19.6903,19.8736,20.059,20.2464,20.4354,20.626,20.8178,21.0108,21.2047,21.3995,21.5948,21.7907,21.987,22.1835,22.3801,22.5768,22.7735,22.97,23.1662,23.3622,23.5578,23.7529,23.9476,24.1417,24.3353,24.5282,24.7205,24.9121,25.103,25.2931,25.4825,25.6711,25.8589,26.0459,26.2321,26.4175,26.6021,26.7859,26.9689,27.1511,27.3324,27.513,27.6929,27.8719,28.0502,28.2278,28.4047,28.5808,28.7563,28.931,29.1052,29.2787,29.4516,29.624,29.7957,29.967,30.1377,30.308,30.4777,30.6471,30.816,30.9846,31.1528,31.3207,31.4882,31.6555,31.8226,31.9894,32.156,32.3225,32.4888,32.655,32.8212,32.9872,33.1533,33.3193,33.4853,33.6514,33.8175,33.9838,34.1501,34.3166,34.4833,34.6501,34.8172,34.9845,35.152,35.3198,35.4879,35.6564,35.8251,35.9943,36.1637,36.3336,36.5039,36.6746,36.8458,37.0174,37.1895,37.3621,37.5351,37.7087
21.4106,21.1976,20.9871,20.7792,20.5742,20.3722,20.1734,19.9781,19.7865,19.5987,19.415,19.2357,19.0609,18.891,18.726,18.5662,18.4119,18.2632,18.1204,17.9835,17.8528,17.7284,17.6103,17.4987,17.3936,17.2951,17.2031,17.1176,17.0385,16.9657,16.8991,16.8384,16.7835,16.7341,16.6899,16.6508,16.6163,16.5861,16.5599,16.5374,16.5182,16.5019,16.4883,16.4769,16.4675,16.4597,16.4533,16.4479,16.4435,16.4396,16.4363,16.4332,16.4303,16.4275,16.4248,16.422,16.4193,16.4167,16.4143,16.4121,16.4104,16.4093,16.4089,16.4097,16.4117,16.4154,16.4209,16.4286,16.4388,16.4519,16.4681,16.4879,16.5115,16.5392,16.5714,16.6084,16.6504,16.6977,16.7504,16.8089,16.8731,16.9433,17.0196,17.1019,17.1903,17.2849,17.3854,17.4919,17.6043,17.7224,17.8461,17.9751,18.1093,18.2486,18.3925,18.541,18.6938,18.8505,19.0111,19.1752,19.3426,19.5131,19.6864,19.8622,20.0404,20.2208,20.4031,20.5871,20.7726,20.9595,21.1475,21.3366,21.5265,21.7172,21.9084,22.1001,22.2921,22.4843,22.6766,22.869,23.0613,23.2534,23.4453,23.6369,23.8282,24.019,24.2094,24.3993,24.5886,24.7773,24.9654,25.1528,25.3396,25.5257,25.7111,25.8957,26.0796,26.2628,26.4452,26.6268,26.8077,26.9878,27.1672,27.3458,27.5237,27.7009,27.8774,28.0531,28.2281,28.4025,28.5762,28.7493,28.9217,29.0935,29.2648,29.4354,29.6056,29.7752,29.9443,30.1129,30.2811,30.4488,30.6162,30.7832,30.9498,31.1161,31.2821,31.4479,31.6134,31.7787,31.9438,32.1087,32.2735,32.4382,32.6028,32.7674,32.9319,33.0964,33.261,33.4256,33.5902,33.755,33.9199,34.0849,34.2501,34.4155,34.5812,34.747,34.9131,35.0795,35.2463,35.4133,35.5807,35.7484,35.9166,36.0851,36.254,36.4234,36.5933,36.7636,36.9344,37.1057,37.2775,37.4498,37.6227
21.5685,21.3599,21.1539,20.9506,20.7501,20.5527,20.3585,20.1678,19.9807,19.7974,19.6181,19.4431,19.2726,19.1067,18.9456,18.7897,18.639,18.4937,18.354,18.2201,18.0921,17.97,17.8541,17.7443,17.6407,17.5433,17.4521,17.3671,17.2882,17.2152,17.1481,17.0867,17.0307,16.9801,16.9344,16.8935,16.8571,16.8249,16.7965,16.7718,16.7503,16.7317,16.7158,16.7022,16.6906,16.6808,16.6724,16.6654,16.6593,16.6541,16.6496,16.6456,16.6421,16.6388,16.6359,16.6333,16.6309,16.6288,16.6272,16.6261,16.6256,16.626,16.6273,16.6298,16.6338,16.6394,16.647,16.6568,16.6692,16.6844,16.7027,16.7244,16.7498,16.7793,16.813,16.8513,16.8944,16.9424,16.9957,17.0543,17.1185,17.1883,17.2638,17.345,17.432,17.5248,17.6233,17.7274,17.8371,17.9523,18.0727,18.1983,18.3288,18.4641,18.604,18.7482,18.8966,19.0488,19.2048,19.3642,19.5268,19.6924,19.8608,20.0318,20.205,20.3805,20.5578,20.737,20.9176,21.0997,21.283,21.4674,21.6526,21.8387,22.0253,22.2125,22.4001,22.588,22.776,22.9641,23.1523,23.3403,23.5282,23.7159,23.9033,24.0904,24.277,24.4632,24.6489,24.8341,25.0188,25.2028,25.3862,25.569,25.7512,25.9327,26.1134,26.2935,26.4729,26.6516,26.8296,27.0069,27.1835,27.3593,27.5345,27.709,27.8829,28.056,28.2285,28.4004,28.5717,28.7423,28.9124,29.0818,29.2508,29.4192,29.5871,29.7545,29.9215,30.088,30.2541,30.4198,30.5852,30.7502,30.9149,31.0793,31.2434,31.4073,31.571,31.7345,31.8979,32.0611,32.2242,32.3873,32.5503,32.7133,32.8762,33.0392,33.2023,33.3654,33.5287,33.6921,33.8556,34.0193,34.1832,34.3473,34.5117,34.6764,34.8413,35.0066,35.1722,35.3382,35.5045,35.6712,35.8384,36.0059,36.174,36.3425,36.5114,36.6809,36.8509,37.0214,37.1925,37.3641,37.5363
21.7246,21.5204,21.3187,21.1197,20.9236,20.7306,20.5408,20.3544,20.1715,19.9925,19.8174,19.6465,19.48,19.318,19.1607,19.0083,18.861,18.7189,18.5822,18.4511,18.3256,18.2058,18.0918,17.9837,17.8815,17.7853,17.6949,17.6104,17.5317,17.4586,17.3912,17.3291,17.2723,17.2205,17.1735,17.1311,17.093,17.059,17.0287,17.002,16.9784,16.9578,16.9398,16.9242,16.9107,16.8991,16.889,16.8804,16.873,16.8665,16.861,16.8562,16.852,16.8484,16.8453,16.8427,16.8406,16.8391,16.8382,16.838,16.8387,16.8403,16.8431,16.8472,16.8529,16.8603,16.8698,16.8815,16.8957,16.9128,16.9329,16.9564,16.9834,17.0144,17.0494,17.0888,17.1328,17.1815,17.2352,17.2939,17.3579,17.4272,17.502,17.5821,17.6677,17.7588,17.8554,17.9572,18.0644,18.1767,18.2941,18.4164,18.5434,18.675,18.811,18.9512,19.0954,19.2433,19.3949,19.5498,19.7078,19.8688,20.0325,20.1987,20.3673,20.538,20.7106,20.885,21.061,21.2384,21.4171,21.5968,21.7775,21.9591,22.1413,22.3241,22.5074,22.691,22.8748,23.0588,23.2429,23.4269,23.6109,23.7946,23.9782,24.1615,24.3445,24.527,24.7092,24.8909,25.0721,25.2527,25.4328,25.6124,25.7913,25.9696,26.1473,26.3243,26.5007,26.6765,26.8516,27.026,27.1997,27.3729,27.5453,27.7172,27.8884,28.0589,28.2289,28.3983,28.567,28.7353,28.9029,29.0701,29.2367,29.4029,29.5685,29.7337,29.8985,30.0629,30.2269,30.3906,30.5539,30.7169,30.8797,31.0422,31.2044,31.3665,31.5283,31.6901,31.8517,32.0132,32.1746,32.336,32.4974,32.6587,32.8202,32.9816,33.1432,33.3049,33.4667,33.6287,33.7908,33.9532,34.1158,34.2787,34.4418,34.6053,34.769,34.9332,35.0976,35.2625,35.4278,35.5935,35.7596,35.9263,36.0933,36.2609,36.429,36.5977,36.7668,36.9366,37.1069,37.2778,37.4493
21.8788,21.6787,21.4812,21.2865,21.0946,20.9057,20.7201,20.5378,20.3591,20.1841,20.013,19.846,19.6832,19.5248,19.3711,19.2221,19.078,18.939,18.8051,18.6766,18.5534,18.4358,18.3237,18.2172,18.1164,18.0212,17.9316,17.8477,17.7692,17.6961,17.6284,17.5658,17.5082,17.4555,17.4073,17.3636,17.3241,17.2884,17.2565,17.228,17.2026,17.1802,17.1604,17.143,17.1278,17.1145,17.1029,17.0929,17.0842,17.0767,17.0702,17.0646,17.0599,17.056,17.0527,17.0502,17.0484,17.0473,17.0471,17.0477,17.0494,17.0522,17.0563,17.0618,17.069,17.078,17.0891,17.1025,17.1184,17.1371,17.1589,17.1838,17.2123,17.2446,17.2807,17.3211,17.3658,17.415,17.469,17.5278,17.5916,17.6604,17.7343,17.8134,17.8977,17.9872,18.0818,18.1815,18.2862,18.3959,18.5104,18.6296,18.7533,18.8813,19.0136,19.15,19.2902,19.434,19.5813,19.7319,19.8856,20.0421,20.2014,20.3631,20.5271,20.6932,20.8613,21.0311,21.2026,21.3754,21.5496,21.7249,21.9012,22.0783,22.2562,22.4347,22.6137,22.7931,22.9729,23.1528,23.3328,23.5129,23.693,23.873,24.0528,24.2323,24.4116,24.5906,24.7692,24.9475,25.1252,25.3025,25.4793,25.6556,25.8313,26.0065,26.1811,26.3551,26.5285,26.7012,26.8734,27.045,27.216,27.3863,27.556,27.7252,27.8938,28.0617,28.2291,28.396,28.5623,28.7281,28.8934,29.0582,29.2225,29.3863,29.5497,29.7127,29.8754,30.0376,30.1995,30.3611,30.5224,30.6834,30.8442,31.0047,31.1651,31.3252,31.4853,31.6452,31.805,31.9648,32.1245,32.2842,32.444,32.6038,32.7636,32.9235,33.0836,33.2438,33.4042,33.5647,33.7255,33.8866,34.0479,34.2094,34.3713,34.5336,34.6962,34.8591,35.0225,35.1863,35.3505,35.5152,35.6803,35.846,36.0122,36.1788,36.3461,36.5139,36.6822,36.8512,37.0207,37.1909,37.3617
22.031,21.8349,21.6414,21.4507,21.2628,21.0779,20.8963,20.718,20.5431,20.372,20.2047,20.0413,19.8822,19.7273,19.5769,19.4311,19.2901,19.1539,19.0227,18.8966,18.7757,18.6601,18.5498,18.4449,18.3454,18.2513,18.1625,18.0791,18.0009,17.9279,17.86,17.797,17.7388,17.6852,17.6361,17.5912,17.5503,17.5133,17.4799,17.4498,17.4228,17.3988,17.3774,17.3584,17.3417,17.3269,17.314,17.3027,17.2929,17.2844,17.2771,17.2709,17.2656,17.2614,17.258,17.2556,17.254,17.2533,17.2537,17.2551,17.2576,17.2614,17.2667,17.2735,17.282,17.2924,17.305,17.3199,17.3373,17.3575,17.3806,17.4069,17.4366,17.4699,17.5071,17.5482,17.5936,17.6432,17.6974,17.7561,17.8196,17.8879,17.9611,18.0391,18.1221,18.21,18.3028,18.4004,18.5028,18.61,18.7217,18.8379,18.9584,19.0831,19.2119,19.3446,19.481,19.6209,19.7642,19.9107,20.0602,20.2124,20.3674,20.5247,20.6843,20.8461,21.0097,21.1752,21.3422,21.5107,21.6805,21.8514,22.0234,22.1963,22.3699,22.5442,22.7191,22.8944,23.0701,23.246,23.4221,23.5983,23.7745,23.9507,24.1268,24.3027,24.4784,24.6538,24.8289,25.0037,25.1781,25.352,25.5256,25.6986,25.8711,26.0432,26.2146,26.3856,26.556,26.7259,26.8951,27.0638,27.232,27.3996,27.5666,27.7331,27.899,28.0644,28.2292,28.3935,28.5574,28.7207,28.8836,29.046,29.208,29.3695,29.5307,29.6914,29.8519,30.012,30.1718,30.3312,30.4905,30.6495,30.8083,30.9669,31.1253,31.2836,31.4418,31.5999,31.7579,31.916,32.074,32.232,32.3901,32.5483,32.7065,32.8649,33.0235,33.1822,33.3411,33.5003,33.6597,33.8193,33.9793,34.1396,34.3003,34.4613,34.6227,34.7845,34.9467,35.1094,35.2726,35.4363,35.6004,35.7651,35.9303,36.0961,36.2625,36.4294,36.597,36.7652,36.934,37.1034,37.2735
22.181,21.9888,21.7991,21.6122,21.4282,21.2472,21.0693,20.8948,20.7237,20.5562,20.3925,20.2327,20.0769,19.9253,19.7781,19.6354,19.4972,19.3637,19.2351,19.1114,18.9926,18.8789,18.7704,18.667,18.5687,18.4756,18.3876,18.3047,18.2269,18.154,18.0859,18.0226,17.9639,17.9097,17.8597,17.8138,17.7719,17.7336,17.6989,17.6674,17.6391,17.6136,17.5907,17.5704,17.5523,17.5362,17.5221,17.5097,17.4989,17.4895,17.4815,17.4747,17.469,17.4645,17.461,17.4586,17.4572,17.4569,17.4578,17.4599,17.4632,17.468,17.4742,17.4821,17.4919,17.5036,17.5174,17.5336,17.5523,17.5737,17.5981,17.6256,17.6564,17.6906,17.7286,17.7704,17.8162,17.8662,17.9204,17.9791,18.0422,18.11,18.1823,18.2593,18.341,18.4274,18.5184,18.6141,18.7143,18.819,18.928,19.0414,19.1589,19.2804,19.4059,19.5351,19.6678,19.804,19.9435,20.086,20.2314,20.3796,20.5304,20.6836,20.839,20.9965,21.1559,21.317,21.4798,21.644,21.8096,21.9763,22.1441,22.3128,22.4823,22.6525,22.8233,22.9946,23.1663,23.3383,23.5106,23.6829,23.8554,24.0278,24.2003,24.3725,24.5447,24.7166,24.8882,25.0596,25.2306,25.4012,25.5714,25.7413,25.9106,26.0795,26.248,26.4159,26.5833,26.7502,26.9166,27.0824,27.2478,27.4126,27.5769,27.7407,27.9039,28.0667,28.229,28.3908,28.5521,28.713,28.8735,29.0335,29.1931,29.3524,29.5112,29.6698,29.828,29.9859,30.1436,30.301,30.4582,30.6151,30.7719,30.9286,31.0851,31.2415,31.3978,31.5541,31.7103,31.8666,32.0229,32.1792,32.3357,32.4922,32.6489,32.8057,32.9627,33.12,33.2774,33.4352,33.5932,33.7515,33.9101,34.0692,34.2285,34.3883,34.5485,34.7092,34.8703,35.0319,35.194,35.3567,35.5198,35.6835,35.8478,36.0127,36.1782,36.3443,36.5111,36.6785,36.8466,37.0153,37.1847
22.3288,22.1402,21.9543,21.7711,21.5908,21.4134,21.2392,21.0682,20.9007,20.7367,20.5764,20.4199,20.2674,20.119,19.9748,19.8349,19.6994,19.5686,19.4423,19.3208,19.2041,19.0923,18.9854,18.8834,18.7864,18.6943,18.6071,18.5248,18.4473,18.3746,18.3065,18.243,18.1839,18.129,18.0783,18.0316,17.9887,17.9494,17.9135,17.8809,17.8513,17.8245,17.8004,17.7788,17.7595,17.7424,17.7272,17.7138,17.7021,17.6919,17.6832,17.6759,17.6699,17.6651,17.6615,17.6591,17.658,17.658,17.6593,17.662,17.6661,17.6716,17.6788,17.6877,17.6985,17.7113,17.7263,17.7436,17.7635,17.786,17.8114,17.8399,17.8716,17.9067,17.9453,17.9877,18.0339,18.084,18.1383,18.1968,18.2596,18.3267,18.3982,18.4742,18.5546,18.6395,18.7289,18.8226,18.9207,19.023,19.1296,19.2402,19.3548,19.4733,19.5956,19.7214,19.8507,19.9833,20.1191,20.2578,20.3994,20.5437,20.6905,20.8396,20.9909,21.1443,21.2996,21.4567,21.6153,21.7754,21.9368,22.0994,22.2631,22.4278,22.5933,22.7595,22.9263,23.0937,23.2615,23.4296,23.5981,23.7667,23.9354,24.1042,24.273,24.4417,24.6103,24.7787,24.9469,25.1149,25.2826,25.4499,25.6169,25.7835,25.9497,26.1155,26.2809,26.4458,26.6102,26.7742,26.9377,27.1007,27.2632,27.4253,27.5868,27.7479,27.9085,28.0687,28.2284,28.3877,28.5465,28.7049,28.863,29.0206,29.1779,29.3348,29.4914,29.6477,29.8037,29.9595,30.115,30.2703,30.4253,30.5803,30.7351,30.8897,31.0443,31.1988,31.3532,31.5077,31.6621,31.8166,31.9712,32.1258,32.2806,32.4355,32.5906,32.7458,32.9013,33.0571,33.2131,33.3694,33.526,33.6829,33.8403,33.998,34.1561,34.3147,34.4737,34.6332,34.7932,34.9537,35.1147,35.2763,35.4385,35.6013,35.7646,35.9286,36.0933,36.2585,36.4245,36.5911,36.7584,36.9265,37.0952
22.4742,22.2892,22.1068,21.9272,21.7503,21.5765,21.4058,21.2382,21.0741,20.9134,20.7564,20.6031,20.4536,20.3082,20.1668,20.0297,19.8969,19.7684,19.6445,19.5251,19.4104,19.3003,19.195,19.0944,18.9985,18.9074,18.821,18.7393,18.6623,18.5897,18.5217,18.458,18.3986,18.3433,18.2921,18.2446,18.2009,18.1607,18.1238,18.0901,18.0594,18.0316,18.0064,17.9837,17.9634,17.9452,17.929,17.9148,17.9023,17.8915,17.8822,17.8744,17.868,17.8631,17.8594,17.8571,17.8561,17.8564,17.8582,17.8613,17.866,17.8723,17.8803,17.8901,17.9018,17.9156,17.9316,17.9499,17.9708,17.9943,18.0206,18.0499,18.0824,18.1182,18.1574,18.2001,18.2466,18.2969,18.3511,18.4094,18.4717,18.5382,18.6089,18.6839,18.7631,18.8465,18.9342,19.0261,19.1221,19.2222,19.3263,19.4344,19.5463,19.6618,19.781,19.9037,20.0296,20.1588,20.291,20.4261,20.564,20.7045,20.8475,20.9927,21.1402,21.2896,21.4409,21.5939,21.7486,21.9047,22.0621,22.2207,22.3804,22.5411,22.7027,22.865,23.0279,23.1915,23.3555,23.5198,23.6845,23.8494,24.0145,24.1797,24.3449,24.5101,24.6752,24.8402,25.005,25.1696,25.334,25.498,25.6618,25.8253,25.9883,26.151,26.3133,26.4752,26.6367,26.7978,26.9584,27.1185,27.2782,27.4375,27.5964,27.7548,27.9127,28.0703,28.2274,28.3841,28.5405,28.6964,28.852,29.0072,29.1622,29.3168,29.4711,29.6251,29.7789,29.9324,30.0858,30.239,30.392,30.5448,30.6976,30.8503,31.0029,31.1555,31.3081,31.4607,31.6133,31.766,31.9188,32.0718,32.2248,32.3781,32.5316,32.6853,32.8392,32.9934,33.148,33.3028,33.458,33.6136,33.7696,33.926,34.0829,34.2402,34.3981,34.5564,34.7152,34.8747,35.0346,35.1952,35.3564,35.5182,35.6806,35.8437,36.0075,36.172,36.3371,36.503,36.6696,36.8369,37.005
22.6171,22.4355,22.2566,22.0803,21.9069,21.7364,21.569,21.4047,21.2438,21.0863,20.9324,20.7821,20.6356,20.493,20.3544,20.2198,20.0895,19.9634,19.8416,19.7243,19.6114,19.5031,19.3993,19.3,19.2053,19.1152,19.0296,18.9485,18.8718,18.7996,18.7316,18.6679,18.6083,18.5526,18.5009,18.4529,18.4084,18.3674,18.3297,18.2951,18.2635,18.2347,18.2086,18.185,18.1637,18.1446,18.1276,18.1126,18.0995,18.088,18.0783,18.0701,18.0634,18.0582,18.0545,18.0522,18.0514,18.052,18.0541,18.0578,18.063,18.0699,18.0786,18.0892,18.1017,18.1164,18.1332,18.1524,18.1742,18.1985,18.2256,18.2557,18.2888,18.3251,18.3648,18.4079,18.4545,18.5049,18.559,18.6169,18.6788,18.7447,18.8145,18.8885,18.9665,19.0485,19.1346,19.2247,19.3187,19.4167,19.5185,19.624,19.7332,19.846,19.9623,20.0818,20.2046,20.3305,20.4593,20.591,20.7253,20.8622,21.0014,21.143,21.2866,21.4322,21.5797,21.7289,21.8796,22.0318,22.1854,22.3401,22.4959,22.6528,22.8105,22.969,23.1281,23.2879,23.4482,23.6088,23.7698,23.9311,24.0926,24.2542,24.4159,24.5776,24.7393,24.9009,25.0623,25.2236,25.3847,25.5455,25.7061,25.8664,26.0263,26.186,26.3452,26.5041,26.6627,26.8208,26.9785,27.1358,27.2928,27.4493,27.6054,27.7611,27.9164,28.0713,28.2259,28.3801,28.5339,28.6874,28.8405,28.9933,29.1459,29.2982,29.4502,29.6019,29.7535,29.9048,30.056,30.2071,30.358,30.5088,30.6595,30.8102,30.9609,31.1115,31.2622,31.4129,31.5637,31.7147,31.8657,32.0169,32.1683,32.3199,32.4718,32.6239,32.7763,32.929,33.0821,33.2355,33.3893,33.5435,33.6982,33.8533,34.0089,34.165,34.3216,34.4788,34.6365,34.7948,34.9537,35.1133,35.2735,35.4343,35.5958,35.7581,35.921,36.0846,36.249,36.4141,36.5799,36.7465,36.9139
22.7575,22.5792,22.4035,22.2305,22.0603,21.893,21.7288,21.5677,21.4099,21.2554,21.1044,20.957,20.8133,20.6734,20.5374,20.4053,20.2773,20.1535,20.0338,19.9184,19.8073,19.7006,19.5983,19.5003,19.4068,19.3176,19.2328,19.1523,19.0762,19.0042,18.9364,18.8727,18.8129,18.757,18.7049,18.6564,18.6114,18.5697,18.5313,18.4959,18.4635,18.4339,18.407,18.3825,18.3604,18.3406,18.3229,18.3072,18.2934,18.2815,18.2713,18.2628,18.2558,18.2505,18.2467,18.2445,18.2438,18.2446,18.2471,18.2512,18.2569,18.2644,18.2737,18.285,18.2982,18.3136,18.3312,18.3512,18.3737,18.3987,18.4266,18.4572,18.4909,18.5276,18.5676,18.611,18.6577,18.708,18.762,18.8196,18.881,18.9462,19.0152,19.0881,19.1649,19.2455,19.3301,19.4184,19.5106,19.6065,19.706,19.8092,19.9159,20.026,20.1394,20.256,20.3757,20.4985,20.624,20.7523,20.8832,21.0166,21.1523,21.2902,21.4302,21.5721,21.7159,21.8613,22.0083,22.1567,22.3065,22.4575,22.6096,22.7626,22.9166,23.0714,23.2268,23.3829,23.5395,23.6965,23.8539,24.0116,24.1696,24.3277,24.4859,24.6442,24.8024,24.9607,25.1188,25.2768,25.4346,25.5922,25.7497,25.9068,26.0637,26.2202,26.3765,26.5324,26.688,26.8432,26.9981,27.1526,27.3067,27.4604,27.6138,27.7668,27.9195,28.0718,28.2238,28.3754,28.5267,28.6777,28.8284,28.9788,29.129,29.2789,29.4286,29.5781,29.7274,29.8766,30.0256,30.1745,30.3233,30.472,30.6207,30.7694,30.9181,31.0668,31.2156,31.3644,31.5134,31.6625,31.8118,31.9613,32.111,32.261,32.4112,32.5617,32.7125,32.8637,33.0153,33.1673,33.3197,33.4725,33.6258,33.7796,33.934,34.0888,34.2442,34.4003,34.5569,34.7141,34.872,35.0305,35.1897,35.3496,35.5102,35.6715,35.8336,35.9964,36.1599,36.3243,36.4894,36.6554,36.8221
22.8953,22.7201,22.5475,22.3776,22.2105,22.0463,21.8851,21.727,21.5722,21.4206,21.2724,21.1278,20.9868,20.8494,20.7159,20.5862,20.4605,20.3387,20.2211,20.1075,19.9982,19.893,19.7921,19.6954,19.603,19.5148,19.4308,19.3509,19.2752,19.2036,19.136,19.0724,19.0126,18.9565,18.9041,18.8552,18.8097,18.7675,18.7285,18.6925,18.6594,18.6291,18.6014,18.5763,18.5535,18.533,18.5147,18.4984,18.4842,18.4718,18.4612,18.4523,18.4452,18.4398,18.4359,18.4337,18.4332,18.4342,18.437,18.4414,18.4476,18.4556,18.4655,18.4773,18.4912,18.5073,18.5255,18.5462,18.5693,18.595,18.6233,18.6545,18.6886,18.7257,18.766,18.8095,18.8563,18.9065,18.9602,19.0174,19.0783,19.1428,19.211,19.2829,19.3585,19.4378,19.5208,19.6075,19.6978,19.7916,19.889,19.9899,20.0941,20.2017,20.3124,20.4262,20.543,20.6627,20.7851,20.9102,21.0378,21.1678,21.3001,21.4345,21.571,21.7093,21.8495,21.9913,22.1346,22.2794,22.4255,22.5728,22.7212,22.8706,23.0209,23.172,23.3239,23.4763,23.6293,23.7828,23.9367,24.0909,24.2453,24.4,24.5548,24.7097,24.8646,25.0195,25.1743,25.3291,25.4837,25.6381,25.7924,25.9464,26.1002,26.2538,26.407,26.56,26.7126,26.8649,27.0169,27.1686,27.3199,27.4709,27.6216,27.7719,27.9219,28.0716,28.221,28.3701,28.5189,28.6674,28.8156,28.9636,29.1114,29.259,29.4064,29.5536,29.7006,29.8476,29.9944,30.1411,30.2878,30.4345,30.5811,30.7278,30.8745,31.0212,31.1681,31.3151,31.4622,31.6095,31.7571,31.9048,32.0528,32.2011,32.3497,32.4986,32.6479,32.7976,32.9476,33.0982,33.2491,33.4006,33.5526,33.7051,33.8581,34.0117,34.166,34.3208,34.4763,34.6324,34.7892,34.9467,35.105,35.2639,35.4236,35.584,35.7452,35.9072,36.07,36.2336,36.3981,36.5633,36.7294
23.0303,22.8581,22.6885,22.5216,22.3575,22.1962,22.038,21.8827,21.7307,21.5819,21.4364,21.2944,21.1559,21.0211,20.8899,20.7625,20.6389,20.5192,20.4034,20.2917,20.184,20.0803,19.9808,19.8853,19.794,19.7067,19.6235,19.5444,19.4692,19.398,19.3306,19.2671,19.2073,19.1511,19.0985,19.0493,19.0035,18.9609,18.9214,18.8848,18.8512,18.8203,18.792,18.7662,18.7429,18.7218,18.703,18.6862,18.6715,18.6587,18.6478,18.6387,18.6314,18.6258,18.622,18.6199,18.6194,18.6207,18.6237,18.6285,18.635,18.6435,18.6539,18.6662,18.6807,18.6973,18.7161,18.7373,18.761,18.7872,18.816,18.8476,18.8821,18.9195,18.9599,19.0035,19.0502,19.1003,19.1537,19.2106,19.2708,19.3346,19.402,19.4729,19.5473,19.6253,19.7068,19.7919,19.8804,19.9723,20.0676,20.1663,20.2682,20.3732,20.4813,20.5924,20.7064,20.8231,20.9426,21.0645,21.189,21.3157,21.4447,21.5758,21.7088,21.8437,21.9804,22.1187,22.2585,22.3997,22.5422,22.686,22.8308,22.9766,23.1234,23.2709,23.4192,23.5682,23.7176,23.8676,24.018,24.1688,24.3198,24.4711,24.6225,24.774,24.9256,25.0773,25.2289,25.3804,25.5318,25.6831,25.8343,25.9852,26.136,26.2865,26.4367,26.5867,26.7365,26.8859,27.035,27.1839,27.3324,27.4807,27.6286,27.7763,27.9236,28.0707,28.2175,28.364,28.5103,28.6563,28.8021,28.9477,29.0931,29.2383,29.3833,29.5282,29.673,29.8177,29.9624,30.1069,30.2515,30.3961,30.5407,30.6853,30.83,30.9748,31.1198,31.2649,31.4102,31.5556,31.7014,31.8474,31.9937,32.1403,32.2872,32.4345,32.5823,32.7304,32.879,33.028,33.1776,33.3277,33.4783,33.6295,33.7813,33.9337,34.0867,34.2404,34.3947,34.5498,34.7055,34.862,35.0193,35.1772,35.336,35.4956,35.656,35.8172,35.9792,36.142,36.3058,36.4704,36.6358
23.1625,22.9932,22.8265,22.6625,22.5012,22.3427,22.1872,22.0348,21.8854,21.7392,21.5964,21.4569,21.3208,21.1883,21.0594,20.9341,20.8126,20.6949,20.581,20.4709,20.3648,20.2626,20.1644,20.0702,19.9799,19.8936,19.8112,19.7327,19.6581,19.5872,19.5202,19.4568,19.3971,19.3409,19.2882,19.2388,19.1927,19.1497,19.1098,19.0729,19.0387,19.0073,18.9785,18.9523,18.9284,18.9069,18.8876,18.8704,18.8553,18.8422,18.8311,18.8218,18.8143,18.8087,18.8048,18.8027,18.8024,18.8039,18.8071,18.8122,18.8191,18.8279,18.8387,18.8516,18.8665,18.8836,18.9029,18.9246,18.9487,18.9754,19.0046,19.0365,19.0713,19.1088,19.1494,19.193,19.2397,19.2895,19.3426,19.399,19.4587,19.5218,19.5883,19.6582,19.7315,19.8081,19.8882,19.9717,20.0585,20.1486,20.2419,20.3384,20.438,20.5406,20.6462,20.7547,20.866,20.9799,21.0964,21.2154,21.3368,21.4604,21.5862,21.714,21.8437,21.9753,22.1086,22.2435,22.3799,22.5176,22.6567,22.797,22.9383,23.0807,23.2239,23.368,23.5128,23.6583,23.8043,23.9509,24.0979,24.2453,24.3929,24.5408,24.6889,24.8372,24.9855,25.1339,25.2823,25.4306,25.5789,25.7271,25.8752,26.023,26.1708,26.3183,26.4656,26.6126,26.7594,26.906,27.0523,27.1984,27.3441,27.4896,27.6348,27.7798,27.9245,28.0689,28.2131,28.3571,28.5009,28.6444,28.7877,28.9309,29.0739,29.2167,29.3594,29.502,29.6446,29.787,29.9295,30.0719,30.2143,30.3568,30.4993,30.6419,30.7846,30.9274,31.0705,31.2137,31.3571,31.5008,31.6447,31.789,31.9335,32.0784,32.2238,32.3695,32.5156,32.6622,32.8093,32.9569,33.105,33.2537,33.403,33.5529,33.7034,33.8546,34.0064,34.1589,34.3121,34.4661,34.6208,34.7763,34.9325,35.0896,35.2474,35.4061,35.5657,35.7261,35.8873,36.0495,36.2125,36.3764,36.5413
23.2918,23.1253,22.9614,22.8001,22.6415,22.4858,22.3329,22.1831,22.0363,21.8927,21.7523,21.6151,21.4814,21.3511,21.2244,21.1012,20.9817,20.8658,20.7537,20.6453,20.5407,20.44,20.343,20.25,20.1607,20.0753,19.9937,19.9159,19.8419,19.7715,19.7048,19.6417,19.5821,19.5259,19.4731,19.4236,19.3773,19.3341,19.2939,19.2566,19.2221,19.1903,19.1611,19.1344,19.1101,19.0882,19.0685,19.051,19.0356,19.0223,19.0109,19.0014,18.9939,18.9882,18.9843,18.9823,18.982,18.9837,18.9871,18.9925,18.9997,19.0089,19.0201,19.0333,19.0487,19.0662,19.086,19.1081,19.1326,19.1595,19.1891,19.2213,19.2562,19.2939,19.3345,19.3781,19.4246,19.4743,19.527,19.5829,19.642,19.7044,19.77,19.8389,19.911,19.9865,20.0651,20.147,20.2321,20.3204,20.4118,20.5062,20.6036,20.704,20.8072,20.9131,21.0218,21.133,21.2467,21.3628,21.4812,21.6018,21.7245,21.8492,21.9757,22.1041,22.2341,22.3657,22.4987,22.6331,22.7688,22.9057,23.0437,23.1826,23.3225,23.4632,23.6046,23.7467,23.8894,24.0326,24.1762,24.3202,24.4646,24.6092,24.7541,24.8991,25.0442,25.1893,25.3346,25.4798,25.6249,25.77,25.915,26.0598,26.2046,26.3491,26.4934,26.6376,26.7815,26.9252,27.0687,27.2119,27.3549,27.4977,27.6402,27.7825,27.9245,28.0663,28.2079,28.3493,28.4906,28.6316,28.7725,28.9132,29.0538,29.1942,29.3346,29.4749,29.6152,29.7554,29.8956,30.0359,30.1761,30.3165,30.4569,30.5975,30.7382,30.8791,31.0201,31.1614,31.303,31.4448,31.587,31.7295,31.8723,32.0156,32.1592,32.3033,32.4479,32.5929,32.7385,32.8847,33.0314,33.1787,33.3266,33.4752,33.6244,33.7743,33.9249,34.0763,34.2284,34.3813,34.5349,34.6894,34.8447,35.0008,35.1578,35.3156,35.4743,35.6339,35.7945,35.9559,36.1182,36.2815,36.4458
23.4182,23.2544,23.0931,22.9344,22.7785,22.6253,22.475,22.3277,22.1833,22.0421,21.9041,21.7692,21.6377,21.5096,21.3849,21.2637,21.1461,21.032,20.9216,20.8148,20.7117,20.6123,20.5167,20.4247,20.3365,20.2521,20.1713,20.0941,20.0207,19.9508,19.8844,19.8216,19.7622,19.7061,19.6534,19.6038,19.5574,19.514,19.4736,19.436,19.4012,19.3691,19.3395,19.3125,19.2879,19.2657,19.2457,19.2279,19.2123,19.1987,19.1871,19.1776,19.1699,19.1642,19.1603,19.1584,19.1583,19.16,19.1637,19.1693,19.1768,19.1863,19.1978,19.2114,19.2271,19.245,19.2651,19.2876,19.3124,19.3397,19.3695,19.4019,19.437,19.4748,19.5153,19.5588,19.6052,19.6545,19.7069,19.7623,19.8208,19.8824,19.9472,20.0151,20.0861,20.1603,20.2376,20.318,20.4015,20.488,20.5775,20.6699,20.7652,20.8633,20.9642,21.0677,21.1738,21.2824,21.3934,21.5067,21.6223,21.74,21.8597,21.9813,22.1048,22.23,22.3568,22.4852,22.615,22.7462,22.8786,23.0122,23.1468,23.2825,23.419,23.5564,23.6945,23.8333,23.9726,24.1125,24.2529,24.3937,24.5348,24.6761,24.8178,24.9595,25.1015,25.2435,25.3856,25.5277,25.6697,25.8118,25.9537,26.0956,26.2373,26.3789,26.5203,26.6615,26.8026,26.9434,27.0841,27.2245,27.3647,27.5047,27.6446,27.7842,27.9236,28.0628,28.2018,28.3406,28.4793,28.6178,28.7562,28.8945,29.0327,29.1708,29.3088,29.4468,29.5848,29.7228,29.8608,29.9988,30.1369,30.2752,30.4135,30.552,30.6907,30.8296,30.9687,31.1081,31.2478,31.3878,31.5281,31.6689,31.81,31.9515,32.0935,32.236,32.379,32.5225,32.6666,32.8113,32.9565,33.1025,33.249,33.3963,33.5442,33.6929,33.8424,33.9926,34.1435,34.2953,34.448,34.6014,34.7557,34.9109,35.067,35.224,35.3819,35.5407,35.7005,35.8612,36.0229,36.1855,36.3492
23.5416,23.3803,23.2215,23.0654,22.9119,22.7612,22.6134,22.4684,22.3265,22.1876,22.0518,21.9191,21.7898,21.6637,21.541,21.4217,21.3059,21.1935,21.0847,20.9795,20.8778,20.7798,20.6853,20.5945,20.5074,20.4238,20.3438,20.2674,20.1945,20.1251,20.0592,19.9967,19.9375,19.8816,19.8289,19.7793,19.7329,19.6894,19.6488,19.611,19.576,19.5437,19.5139,19.4866,19.4618,19.4393,19.4191,19.4011,19.3852,19.3715,19.3598,19.3501,19.3424,19.3367,19.3328,19.3309,19.331,19.3329,19.3367,19.3425,19.3503,19.3601,19.3719,19.3858,19.4018,19.42,19.4405,19.4632,19.4883,19.5158,19.5458,19.5784,19.6135,19.6513,19.6919,19.7352,19.7813,19.8304,19.8823,19.9372,19.9951,20.056,20.1199,20.1868,20.2567,20.3297,20.4056,20.4846,20.5665,20.6513,20.7389,20.8294,20.9227,21.0187,21.1173,21.2185,21.3221,21.4282,21.5366,21.6472,21.76,21.8749,21.9917,22.1104,22.2308,22.353,22.4768,22.602,22.7287,22.8567,22.9859,23.1163,23.2477,23.3801,23.5134,23.6476,23.7824,23.918,24.0541,24.1908,24.3279,24.4654,24.6033,24.7415,24.88,25.0186,25.1574,25.2963,25.4353,25.5743,25.7133,25.8523,25.9912,26.1301,26.2689,26.4075,26.546,26.6843,26.8225,26.9605,27.0984,27.236,27.3735,27.5108,27.6479,27.7848,27.9216,28.0582,28.1946,28.3309,28.467,28.6031,28.739,28.8748,29.0106,29.1463,29.282,29.4176,29.5533,29.689,29.8248,29.9607,30.0966,30.2327,30.369,30.5054,30.6421,30.779,30.9162,31.0536,31.1914,31.3296,31.4681,31.6071,31.7464,31.8863,32.0266,32.1675,32.3089,32.4509,32.5934,32.7366,32.8805,33.025,33.1702,33.3162,33.4629,33.6103,33.7585,33.9076,34.0575,34.2082,34.3598,34.5122,34.6656,34.8199,34.9751,35.1312,35.2883,35.4464,35.6054,35.7654,35.9264,36.0885,36.2515
23.6619,23.5031,23.3467,23.193,23.0419,22.8936,22.7481,22.6054,22.4657,22.329,22.1953,22.0648,21.9375,21.8134,21.6926,21.5751,21.461,21.3503,21.2431,21.1393,21.0391,20.9423,20.8491,20.7594,20.6732,20.5905,20.5114,20.4357,20.3634,20.2945,20.229,20.1669,20.108,20.0523,19.9997,19.9502,19.9037,19.8602,19.8195,19.7817,19.7465,19.714,19.684,19.6566,19.6316,19.6089,19.5885,19.5703,19.5543,19.5405,19.5287,19.519,19.5112,19.5055,19.5017,19.4999,19.5,19.5021,19.5062,19.5122,19.5202,19.5302,19.5423,19.5564,19.5727,19.5912,19.6119,19.6349,19.6602,19.6879,19.718,19.7507,19.7859,19.8237,19.8641,19.9073,19.9532,20.0019,20.0534,20.1077,20.165,20.2251,20.2881,20.3541,20.423,20.4947,20.5694,20.6469,20.7272,20.8104,20.8963,20.9849,21.0762,21.1701,21.2665,21.3654,21.4667,21.5704,21.6762,21.7843,21.8944,22.0065,22.1205,22.2364,22.3539,22.4732,22.5939,22.7162,22.8398,22.9647,23.0908,23.2181,23.3464,23.4756,23.6057,23.7367,23.8684,24.0007,24.1337,24.2672,24.4012,24.5355,24.6703,24.8053,24.9407,25.0762,25.2119,25.3477,25.4836,25.6196,25.7556,25.8916,26.0275,26.1634,26.2992,26.4349,26.5705,26.706,26.8414,26.9765,27.1116,27.2465,27.3812,27.5158,27.6502,27.7844,27.9185,28.0525,28.1863,28.32,28.4537,28.5872,28.7206,28.854,28.9873,29.1207,29.254,29.3873,29.5207,29.6542,29.7877,29.9214,30.0552,30.1891,30.3233,30.4577,30.5923,30.7272,30.8624,30.9979,31.1338,31.2701,31.4068,31.544,31.6816,31.8198,31.9585,32.0977,32.2375,32.3779,32.519,32.6607,32.8031,32.9463,33.0901,33.2348,33.3802,33.5264,33.6735,33.8213,33.9701,34.1198,34.2703,34.4218,34.5742,34.7276,34.8819,35.0372,35.1935,35.3508,35.5091,35.6685,35.8288,35.9903,36.1527
23.7791,23.6226,23.4686,23.3172,23.1684,23.0223,22.879,22.7386,22.601,22.4664,22.3348,22.2063,22.0809,21.9587,21.8397,21.724,21.6116,21.5025,21.3968,21.2944,21.1955,21.1,21.008,20.9193,20.8341,20.7524,20.674,20.599,20.5274,20.459,20.394,20.3322,20.2736,20.2182,20.1658,20.1164,20.07,20.0265,19.9858,19.9479,19.9127,19.8801,19.85,19.8224,19.7972,19.7744,19.7539,19.7357,19.7196,19.7057,19.6938,19.6841,19.6764,19.6706,19.6669,19.6652,19.6655,19.6677,19.6719,19.6781,19.6863,19.6966,19.7089,19.7233,19.7398,19.7585,19.7794,19.8026,19.8281,19.8559,19.8862,19.9189,19.9541,19.9918,20.0321,20.0751,20.1207,20.169,20.2201,20.2739,20.3305,20.3899,20.4521,20.5171,20.5849,20.6555,20.7288,20.805,20.8838,20.9654,21.0496,21.1364,21.2257,21.3176,21.4119,21.5087,21.6077,21.7089,21.8124,21.9179,22.0254,22.1349,22.2462,22.3593,22.474,22.5904,22.7083,22.8276,22.9482,23.0701,23.1932,23.3174,23.4427,23.5688,23.6959,23.8237,23.9523,24.0815,24.2114,24.3418,24.4726,24.6039,24.7356,24.8675,24.9998,25.1322,25.2649,25.3976,25.5305,25.6635,25.7965,25.9295,26.0625,26.1954,26.3283,26.4611,26.5939,26.7265,26.859,26.9914,27.1236,27.2557,27.3877,27.5195,27.6513,27.7828,27.9143,28.0456,28.1769,28.308,28.4391,28.5701,28.7011,28.832,28.9629,29.0939,29.2248,29.3558,29.4869,29.6181,29.7494,29.8808,30.0124,30.1443,30.2763,30.4086,30.5412,30.6741,30.8073,30.9409,31.0749,31.2094,31.3443,31.4796,31.6155,31.7519,31.8889,32.0265,32.1648,32.3036,32.4432,32.5834,32.7244,32.8662,33.0087,33.152,33.2962,33.4412,33.587,33.7338,33.8814,34.03,34.1795,34.33,34.4815,34.634,34.7874,34.9419,35.0974,35.254,35.4116,35.5703,35.73,35.8909,36.0528
23.8932,23.7389,23.5871,23.4379,23.2913,23.1474,23.0062,22.8678,22.7323,22.5997,22.4701,22.3435,22.22,22.0996,21.9824,21.8683,21.7575,21.6499,21.5457,21.4447,21.3471,21.2529,21.1619,21.0744,20.9901,20.9092,20.8317,20.7574,20.6864,20.6187,20.5541,20.4928,20.4345,20.3793,20.3272,20.278,20.2317,20.1883,20.1476,20.1097,20.0745,20.0418,20.0117,19.984,19.9588,19.9359,19.9153,19.897,19.8809,19.8669,19.8551,19.8453,19.8377,19.832,19.8284,19.8267,19.8271,19.8295,19.8339,19.8402,19.8487,19.8591,19.8716,19.8863,19.903,19.9219,19.943,19.9664,19.992,20.0199,20.0502,20.083,20.1181,20.1558,20.1959,20.2387,20.284,20.3319,20.3825,20.4358,20.4917,20.5504,20.6117,20.6758,20.7425,20.812,20.8841,20.9589,21.0363,21.1162,21.1988,21.2838,21.3714,21.4613,21.5536,21.6482,21.745,21.844,21.945,22.0481,22.1531,22.26,22.3687,22.4791,22.5912,22.7048,22.8198,22.9363,23.054,23.173,23.2931,23.4144,23.5366,23.6598,23.7838,23.9086,24.0341,24.1603,24.2871,24.4144,24.5422,24.6705,24.7991,24.928,25.0572,25.1866,25.3163,25.446,25.5759,25.7059,25.8359,25.966,26.096,26.2261,26.3561,26.486,26.6159,26.7456,26.8753,27.0049,27.1344,27.2637,27.393,27.5221,27.6511,27.78,27.9089,28.0376,28.1662,28.2948,28.4234,28.5519,28.6803,28.8088,28.9373,29.0658,29.1944,29.3231,29.4518,29.5807,29.7098,29.839,29.9684,30.0981,30.228,30.3582,30.4888,30.6197,30.7509,30.8826,31.0147,31.1472,31.2803,31.4139,31.548,31.6827,31.818,31.954,32.0906,32.2279,32.366,32.5048,32.6443,32.7847,32.9258,33.0679,33.2107,33.3545,33.4992,33.6448,33.7914,33.9389,34.0874,34.2369,34.3874,34.539,34.6916,34.8453,35.0,35.1559,35.3128,35.4708,35.63,35.7902,35.9516
24.004,23.8518,23.7022,23.555,23.4105,23.2687,23.1295,22.9932,22.8596,22.729,22.6013,22.4765,22.3548,22.2361,22.1205,22.0081,21.8988,21.7928,21.6899,21.5903,21.4939,21.4009,21.311,21.2245,21.1412,21.0612,20.9845,20.9109,20.8406,20.7734,20.7094,20.6484,20.5906,20.5357,20.4838,20.4349,20.3888,20.3455,20.3049,20.2671,20.2318,20.1992,20.1691,20.1414,20.1162,20.0933,20.0727,20.0543,20.0382,20.0242,20.0124,20.0027,19.9951,19.9895,19.986,19.9845,19.985,19.9875,19.992,19.9986,20.0072,20.0178,20.0305,20.0454,20.0623,20.0814,20.1026,20.1261,20.1519,20.1799,20.2102,20.2429,20.278,20.3156,20.3555,20.398,20.443,20.4906,20.5407,20.5934,20.6487,20.7066,20.7671,20.8303,20.896,20.9643,21.0352,21.1087,21.1846,21.2631,21.344,21.4274,21.5131,21.6012,21.6915,21.784,21.8787,21.9754,22.0742,22.1749,22.2776,22.382,22.4881,22.5959,22.7053,22.8162,22.9285,23.0422,23.1571,23.2733,23.3905,23.5089,23.6282,23.7484,23.8695,23.9913,24.1138,24.237,24.3608,24.4852,24.61,24.7352,24.8608,24.9867,25.1129,25.2394,25.366,25.4928,25.6198,25.7468,25.8739,26.001,26.1282,26.2553,26.3824,26.5095,26.6365,26.7635,26.8903,27.0171,27.1438,27.2704,27.397,27.5234,27.6497,27.776,27.9021,28.0283,28.1543,28.2803,28.4063,28.5323,28.6583,28.7843,28.9103,29.0365,29.1627,29.289,29.4154,29.542,29.6688,29.7958,29.923,30.0505,30.1783,30.3065,30.4349,30.5638,30.6931,30.8228,30.953,31.0837,31.2149,31.3467,31.479,31.612,31.7457,31.88,32.015,32.1508,32.2873,32.4246,32.5627,32.7017,32.8415,32.9822,33.1238,33.2664,33.4099,33.5544,33.6998,33.8463,33.9938,34.1424,34.292,34.4427,34.5944,34.7473,34.9013,35.0564,35.2127,35.37,35.5286,35.6883,35.8491
24.1115,23.9614,23.8138,23.6686,23.5261,23.3862,23.2491,23.1146,22.9829,22.8541,22.7282,22.6052,22.4852,22.3682,22.2542,22.1433,22.0355,21.9309,21.8294,21.7311,21.636,21.544,21.4553,21.3698,21.2874,21.2083,21.1323,21.0595,20.9898,20.9233,20.8598,20.7993,20.7418,20.6873,20.6358,20.5871,20.5412,20.498,20.4576,20.4199,20.3848,20.3522,20.3221,20.2945,20.2693,20.2464,20.2258,20.2075,20.1914,20.1775,20.1658,20.1561,20.1486,20.1431,20.1397,20.1383,20.1389,20.1416,20.1463,20.153,20.1618,20.1726,20.1855,20.2005,20.2176,20.2369,20.2583,20.2819,20.3077,20.3358,20.3661,20.3988,20.4338,20.4712,20.511,20.5532,20.5979,20.645,20.6947,20.7468,20.8015,20.8586,20.9183,20.9805,21.0453,21.1125,21.1822,21.2544,21.329,21.406,21.4853,21.567,21.651,21.7372,21.8256,21.9162,22.0088,22.1034,22.2,22.2984,22.3987,22.5007,22.6044,22.7096,22.8164,22.9247,23.0344,23.1453,23.2575,23.3709,23.4854,23.6009,23.7173,23.8347,23.9528,24.0718,24.1914,24.3117,24.4325,24.5539,24.6758,24.798,24.9207,25.0437,25.1669,25.2904,25.4141,25.538,25.662,25.7861,25.9103,26.0346,26.1588,26.2831,26.4073,26.5316,26.6558,26.7799,26.904,27.028,27.1519,27.2758,27.3996,27.5233,27.6469,27.7705,27.8941,28.0176,28.141,28.2645,28.3879,28.5114,28.6349,28.7584,28.882,29.0057,29.1295,29.2535,29.3776,29.5019,29.6264,29.7512,29.8762,30.0016,30.1272,30.2532,30.3797,30.5065,30.6338,30.7615,30.8898,31.0186,31.148,31.2779,31.4085,31.5398,31.6718,31.8044,31.9379,32.0721,32.2071,32.3429,32.4796,32.6172,32.7556,32.8951,33.0354,33.1767,33.3191,33.4624,33.6068,33.7522,33.8987,34.0463,34.195,34.3449,34.4958,34.6479,34.8011,34.9556,35.1111,35.2679,35.4259,35.585,35.7454
24.2157,24.0675,23.9218,23.7787,23.638,23.5,23.3647,23.2321,23.1022,22.9752,22.851,22.7296,22.6112,22.4958,22.3834,22.274,22.1676,22.0644,21.9642,21.8671,21.7732,21.6824,21.5947,21.5102,21.4288,21.3505,21.2753,21.2032,21.1342,21.0682,21.0053,20.9453,20.8883,20.8342,20.7829,20.7345,20.6889,20.646,20.6058,20.5682,20.5332,20.5007,20.4708,20.4432,20.4181,20.3953,20.3748,20.3565,20.3405,20.3267,20.315,20.3055,20.298,20.2927,20.2894,20.2882,20.2889,20.2918,20.2967,20.3036,20.3125,20.3235,20.3366,20.3517,20.369,20.3884,20.4099,20.4336,20.4595,20.4876,20.5179,20.5505,20.5854,20.6227,20.6623,20.7042,20.7486,20.7953,20.8444,20.896,20.95,21.0065,21.0654,21.1267,21.1904,21.2566,21.3251,21.3961,21.4693,21.5449,21.6228,21.7028,21.7851,21.8696,21.9561,22.0448,22.1354,22.2279,22.3223,22.4185,22.5165,22.6162,22.7175,22.8203,22.9246,23.0303,23.1374,23.2457,23.3553,23.4659,23.5777,23.6904,23.8041,23.9186,24.0339,24.15,24.2668,24.3842,24.5022,24.6207,24.7396,24.859,24.9787,25.0988,25.2191,25.3397,25.4605,25.5815,25.7026,25.8238,25.9451,26.0665,26.1879,26.3093,26.4307,26.5522,26.6735,26.7949,26.9162,27.0374,27.1586,27.2797,27.4008,27.5218,27.6428,27.7637,27.8846,28.0055,28.1264,28.2472,28.3681,28.4891,28.61,28.7311,28.8523,28.9735,29.095,29.2165,29.3383,29.4603,29.5826,29.7051,29.8279,29.9511,30.0746,30.1985,30.3228,30.4476,30.5729,30.6987,30.825,30.9519,31.0795,31.2076,31.3365,31.466,31.5963,31.7273,31.8591,31.9918,32.1252,32.2596,32.3949,32.531,32.6682,32.8063,32.9454,33.0855,33.2267,33.3689,33.5122,33.6566,33.8021,33.9488,34.0966,34.2455,34.3957,34.547,34.6995,34.8532,35.0082,35.1643,35.3217,35.4804,35.6402
24.3165,24.1702,24.0264,23.885,23.7462,23.61,23.4764,23.3455,23.2174,23.092,22.9695,22.8498,22.7329,22.619,22.5081,22.4001,22.2951,22.1932,22.0943,21.9984,21.9056,21.8159,21.7293,21.6457,21.5652,21.4877,21.4134,21.342,21.2737,21.2083,21.1459,21.0865,21.0299,20.9762,20.9253,20.8773,20.8319,20.7893,20.7493,20.7119,20.6771,20.6448,20.615,20.5876,20.5625,20.5398,20.5195,20.5013,20.4854,20.4717,20.4602,20.4508,20.4435,20.4382,20.4351,20.434,20.435,20.438,20.443,20.4501,20.4592,20.4704,20.4837,20.499,20.5164,20.5359,20.5575,20.5813,20.6072,20.6353,20.6656,20.6982,20.733,20.7701,20.8094,20.8511,20.8951,20.9414,20.9901,21.0411,21.0945,21.1502,21.2083,21.2688,21.3315,21.3967,21.4641,21.5338,21.6057,21.6799,21.7563,21.8349,21.9155,21.9982,22.083,22.1697,22.2584,22.3489,22.4413,22.5353,22.6311,22.7285,22.8275,22.9279,23.0298,23.133,23.2376,23.3433,23.4503,23.5583,23.6674,23.7774,23.8884,24.0002,24.1127,24.226,24.34,24.4546,24.5697,24.6853,24.8014,24.9179,25.0348,25.152,25.2695,25.3872,25.5052,25.6233,25.7415,25.8599,25.9783,26.0968,26.2154,26.334,26.4526,26.5712,26.6898,26.8083,26.9268,27.0453,27.1638,27.2822,27.4005,27.5188,27.6371,27.7554,27.8737,27.9919,28.1102,28.2285,28.3468,28.4652,28.5837,28.7023,28.821,28.9399,29.0589,29.1781,29.2975,29.4172,29.5372,29.6574,29.778,29.899,30.0204,30.1421,30.2644,30.3871,30.5104,30.6342,30.7586,30.8836,31.0093,31.1356,31.2627,31.3905,31.5191,31.6485,31.7787,31.9098,32.0417,32.1746,32.3084,32.4432,32.579,32.7158,32.8537,32.9926,33.1326,33.2737,33.416,33.5594,33.7039,33.8496,33.9965,34.1447,34.294,34.4446,34.5964,34.7494,34.9037,35.0593,35.2161,35.3743,35.5337
24.414,24.2694,24.1273,23.9877,23.8506,23.7161,23.5842,23.455,23.3285,23.2047,23.0837,22.9656,22.8502,22.7378,22.6282,22.5216,22.418,22.3173,22.2196,22.1249,22.0332,21.9446,21.8589,21.7763,21.6967,21.6201,21.5465,21.4759,21.4082,21.3435,21.2817,21.2228,21.1667,21.1134,21.063,21.0152,20.9702,20.9279,20.8882,20.851,20.8164,20.7843,20.7547,20.7275,20.7026,20.6801,20.6598,20.6419,20.6261,20.6126,20.6012,20.5919,20.5848,20.5797,20.5767,20.5758,20.577,20.5802,20.5854,20.5926,20.6019,20.6133,20.6267,20.6422,20.6597,20.6793,20.701,20.7249,20.7508,20.779,20.8093,20.8417,20.8764,20.9133,20.9525,20.9938,21.0375,21.0834,21.1316,21.1821,21.2348,21.2899,21.3472,21.4068,21.4686,21.5327,21.599,21.6676,21.7382,21.8111,21.8861,21.9631,22.0422,22.1232,22.2063,22.2912,22.3779,22.4665,22.5568,22.6488,22.7425,22.8376,22.9343,23.0325,23.132,23.2328,23.3349,23.4382,23.5426,23.6481,23.7545,23.8619,23.9702,24.0793,24.1892,24.2997,24.4109,24.5227,24.6351,24.7479,24.8612,24.9749,25.089,25.2034,25.318,25.4329,25.548,25.6633,25.7787,25.8942,26.0098,26.1255,26.2413,26.357,26.4728,26.5886,26.7044,26.8202,26.936,27.0517,27.1674,27.2831,27.3987,27.5144,27.63,27.7456,27.8612,27.9769,28.0925,28.2082,28.324,28.4399,28.5559,28.672,28.7882,28.9046,29.0212,29.138,29.2551,29.3725,29.4901,29.6081,29.7265,29.8453,29.9645,30.0841,30.2043,30.325,30.4462,30.5681,30.6905,30.8136,30.9374,31.062,31.1872,31.3133,31.4402,31.5679,31.6965,31.826,31.9565,32.0879,32.2203,32.3537,32.4882,32.6237,32.7603,32.898,33.0369,33.1769,33.3181,33.4604,33.604,33.7488,33.8948,34.0421,34.1907,34.3405,34.4916,34.644,34.7977,34.9527,35.1091,35.2667,35.4257
24.5079,24.365,24.2246,24.0866,23.9512,23.8183,23.688,23.5604,23.4354,23.3132,23.1937,23.077,22.9631,22.8521,22.7439,22.6386,22.5362,22.4367,22.3402,22.2467,22.1561,22.0684,21.9838,21.9021,21.8234,21.7476,21.6748,21.6049,21.5379,21.4738,21.4126,21.3542,21.2986,21.2458,21.1958,21.1485,21.1038,21.0618,21.0224,20.9855,20.9512,20.9193,20.8899,20.8629,20.8382,20.8159,20.7958,20.7781,20.7625,20.7491,20.7379,20.7288,20.7219,20.717,20.7142,20.7135,20.7149,20.7182,20.7236,20.7311,20.7406,20.7521,20.7657,20.7813,20.799,20.8187,20.8405,20.8644,20.8904,20.9185,20.9488,20.9812,21.0157,21.0525,21.0914,21.1325,21.1758,21.2213,21.269,21.319,21.3711,21.4255,21.482,21.5408,21.6017,21.6648,21.7301,21.7974,21.8669,21.9384,22.012,22.0876,22.1651,22.2446,22.3259,22.4091,22.494,22.5807,22.6691,22.759,22.8506,22.9436,23.0381,23.134,23.2312,23.3297,23.4294,23.5303,23.6322,23.7351,23.8391,23.9439,24.0496,24.156,24.2632,24.3711,24.4796,24.5887,24.6983,24.8084,24.919,25.0299,25.1412,25.2527,25.3646,25.4767,25.589,25.7014,25.8141,25.9268,26.0396,26.1525,26.2654,26.3784,26.4914,26.6045,26.7175,26.8305,26.9435,27.0565,27.1695,27.2824,27.3954,27.5083,27.6213,27.7342,27.8472,27.9602,28.0733,28.1864,28.2996,28.4129,28.5264,28.64,28.7538,28.8677,28.9819,29.0963,29.2111,29.3261,29.4414,29.5572,29.6733,29.7899,29.9069,30.0244,30.1425,30.2611,30.3803,30.5001,30.6206,30.7418,30.8638,30.9865,31.11,31.2343,31.3595,31.4856,31.6125,31.7405,31.8694,31.9994,32.1303,32.2624,32.3955,32.5297,32.6651,32.8016,32.9393,33.0783,33.2184,33.3598,33.5024,33.6463,33.7915,33.9379,34.0857,34.2348,34.3852,34.537,34.6901,34.8446,35.0004,35.1576,35.3162
24.5983,24.4571,24.3182,24.1818,24.0479,23.9166,23.7879,23.6617,23.5382,23.4175,23.2994,23.1841,23.0716,22.9618,22.8549,22.7509,22.6497,22.5515,22.4561,22.3636,22.2741,22.1874,22.1037,22.0229,21.9451,21.8701,21.7981,21.7289,21.6626,21.5992,21.5385,21.4807,21.4257,21.3734,21.3238,21.2769,21.2326,21.1909,21.1519,21.1153,21.0813,21.0497,21.0205,20.9938,20.9694,20.9473,20.9274,20.9099,20.8945,20.8814,20.8704,20.8615,20.8548,20.8501,20.8476,20.847,20.8486,20.8522,20.8578,20.8655,20.8751,20.8868,20.9006,20.9163,20.9342,20.954,20.9759,20.9999,21.0259,21.054,21.0842,21.1166,21.151,21.1875,21.2262,21.267,21.31,21.3551,21.4024,21.4518,21.5033,21.557,21.6129,21.6708,21.7309,21.793,21.8572,21.9235,21.9918,22.062,22.1343,22.2084,22.2845,22.3624,22.4421,22.5235,22.6067,22.6915,22.778,22.866,22.9555,23.0465,23.1389,23.2326,23.3275,23.4237,23.5211,23.6196,23.7191,23.8196,23.921,24.0233,24.1265,24.2303,24.3349,24.4402,24.5461,24.6525,24.7594,24.8668,24.9746,25.0828,25.1913,25.3002,25.4093,25.5186,25.6281,25.7378,25.8476,25.9576,26.0676,26.1777,26.2879,26.3981,26.5083,26.6186,26.7289,26.8391,26.9494,27.0596,27.1699,27.2801,27.3904,27.5006,27.6109,27.7212,27.8315,27.9419,28.0524,28.1629,28.2736,28.3843,28.4953,28.6064,28.7176,28.8292,28.9409,29.0529,29.1653,29.278,29.391,29.5045,29.6183,29.7327,29.8475,29.9629,30.0788,30.1954,30.3125,30.4304,30.5489,30.6682,30.7883,30.9091,31.0308,31.1534,31.2769,31.4013,31.5267,31.6531,31.7805,31.909,32.0385,32.1692,32.301,32.4339,32.5681,32.7034,32.84,32.9778,33.1169,33.2573,33.399,33.542,33.6863,33.832,33.979,34.1274,34.2772,34.4283,34.5809,34.7348,34.8902,35.0469,35.2051
24.6852,24.5455,24.4081,24.2732,24.1408,24.0109,23.8836,23.7589,23.6369,23.5175,23.4007,23.2868,23.1755,23.0671,22.9614,22.8586,22.7586,22.6615,22.5672,22.4758,22.3872,22.3016,22.2188,22.1389,22.0619,21.9877,21.9165,21.848,21.7824,21.7196,21.6596,21.6023,21.5478,21.496,21.4469,21.4004,21.3566,21.3153,21.2766,21.2404,21.2067,21.1754,21.1466,21.1201,21.096,21.0741,21.0546,21.0373,21.0222,21.0093,20.9985,20.9899,20.9834,20.979,20.9766,20.9764,20.9781,20.982,20.9878,20.9957,21.0055,21.0174,21.0314,21.0473,21.0652,21.0852,21.1072,21.1312,21.1573,21.1854,21.2156,21.2478,21.2822,21.3185,21.357,21.3975,21.4402,21.4849,21.5317,21.5806,21.6316,21.6846,21.7397,21.7969,21.8561,21.9173,21.9805,22.0457,22.1128,22.1819,22.2528,22.3256,22.4002,22.4766,22.5547,22.6345,22.716,22.799,22.8836,22.9697,23.0573,23.1462,23.2365,23.3281,23.4209,23.5149,23.61,23.7061,23.8033,23.9014,24.0004,24.1002,24.2009,24.3022,24.4043,24.5069,24.6102,24.714,24.8183,24.923,25.0282,25.1337,25.2395,25.3456,25.452,25.5585,25.6653,25.7723,25.8793,25.9865,26.0938,26.2012,26.3086,26.416,26.5235,26.631,26.7385,26.846,26.9536,27.0611,27.1686,27.2762,27.3837,27.4913,27.5989,27.7065,27.8142,27.922,28.0298,28.1377,28.2458,28.354,28.4624,28.571,28.6798,28.7888,28.8982,29.0078,29.1177,29.228,29.3388,29.4499,29.5615,29.6736,29.7863,29.8995,30.0133,30.1278,30.2429,30.3587,30.4753,30.5927,30.7108,30.8299,30.9498,31.0706,31.1924,31.3151,31.4389,31.5637,31.6896,31.8166,31.9447,32.074,32.2045,32.3362,32.4691,32.6033,32.7387,32.8755,33.0135,33.1529,33.2937,33.4358,33.5793,33.7242,33.8705,34.0182,34.1674,34.3179,34.4699,34.6234,34.7783,34.9346,35.0924
24.7685,24.6302,24.4943,24.3608,24.2298,24.1013,23.9753,23.852,23.7313,23.6132,23.4978,23.385,23.2751,23.1678,23.0633,22.9617,22.8628,22.7667,22.6735,22.5831,22.4955,22.4108,22.329,22.2499,22.1738,22.1004,22.0299,21.9622,21.8972,21.8351,21.7757,21.719,21.665,21.6138,21.5651,21.5191,21.4757,21.4349,21.3966,21.3608,21.3274,21.2965,21.268,21.2418,21.218,21.1965,21.1772,21.1602,21.1454,21.1327,21.1223,21.1139,21.1077,21.1035,21.1015,21.1014,21.1035,21.1075,21.1136,21.1217,21.1318,21.1439,21.158,21.1741,21.1922,21.2123,21.2344,21.2585,21.2846,21.3127,21.3429,21.3751,21.4092,21.4455,21.4837,21.524,21.5663,21.6107,21.657,21.7054,21.7559,21.8083,21.8627,21.9191,21.9774,22.0378,22.1,22.1641,22.2301,22.298,22.3677,22.4391,22.5123,22.5873,22.6639,22.7421,22.8219,22.9032,22.986,23.0703,23.1559,23.2429,23.3311,23.4206,23.5113,23.6031,23.696,23.7899,23.8848,23.9805,24.0772,24.1746,24.2728,24.3717,24.4712,24.5714,24.6721,24.7733,24.875,24.9771,25.0796,25.1824,25.2856,25.389,25.4927,25.5965,25.7006,25.8048,25.9092,26.0136,26.1182,26.2228,26.3274,26.4322,26.5369,26.6417,26.7464,26.8512,26.956,27.0608,27.1656,27.2705,27.3753,27.4802,27.5851,27.6901,27.7951,27.9002,28.0055,28.1108,28.2163,28.3219,28.4278,28.5338,28.6401,28.7467,28.8536,28.9608,29.0683,29.1763,29.2847,29.3935,29.5028,29.6127,29.7231,29.8342,29.9459,30.0582,30.1713,30.2851,30.3997,30.5151,30.6314,30.7486,30.8667,30.9858,31.1058,31.2269,31.3491,31.4723,31.5967,31.7222,31.8489,31.9769,32.106,32.2364,32.3681,32.5011,32.6355,32.7712,32.9082,33.0467,33.1865,33.3278,33.4705,33.6146,33.7602,33.9072,34.0558,34.2058,34.3572,34.5102,34.6647,34.8206,34.9781
24.8482,24.7112,24.5766,24.4445,24.3148,24.1876,24.0629,23.9409,23.8214,23.7046,23.5904,23.4789,23.3701,23.264,23.1606,23.0601,22.9622,22.8672,22.775,22.6856,22.599,22.5152,22.4342,22.356,22.2807,22.2081,22.1383,22.0713,22.0071,21.9456,21.8868,21.8307,21.7773,21.7266,21.6785,21.633,21.59,21.5496,21.5117,21.4763,21.4434,21.4128,21.3847,21.3589,21.3354,21.3142,21.2953,21.2786,21.2641,21.2517,21.2416,21.2335,21.2276,21.2237,21.222,21.2222,21.2245,21.2288,21.2352,21.2435,21.2538,21.2662,21.2805,21.2967,21.315,21.3352,21.3575,21.3816,21.4078,21.4359,21.4661,21.4982,21.5323,21.5683,21.6064,21.6464,21.6884,21.7324,21.7784,21.8263,21.8762,21.928,21.9817,22.0374,22.095,22.1544,22.2157,22.2788,22.3438,22.4105,22.4789,22.5491,22.621,22.6945,22.7696,22.8462,22.9244,23.0041,23.0851,23.1676,23.2514,23.3365,23.4228,23.5102,23.5989,23.6885,23.7793,23.8709,23.9636,24.057,24.1513,24.2464,24.3422,24.4387,24.5357,24.6334,24.7316,24.8303,24.9294,25.0289,25.1288,25.2291,25.3296,25.4304,25.5314,25.6326,25.7339,25.8354,25.9371,26.0388,26.1407,26.2425,26.3445,26.4465,26.5485,26.6505,26.7526,26.8546,26.9567,27.0588,27.1609,27.263,27.3651,27.4673,27.5696,27.6719,27.7743,27.8767,27.9793,28.0821,28.185,28.288,28.3913,28.4948,28.5986,28.7027,28.8071,28.9119,29.017,29.1226,29.2286,29.3351,29.4422,29.5498,29.658,29.7669,29.8764,29.9867,30.0977,30.2095,30.3221,30.4356,30.5499,30.6653,30.7816,30.8989,31.0172,31.1366,31.2572,31.3789,31.5017,31.6258,31.7511,31.8776,32.0055,32.1346,32.2651,32.397,32.5302,32.6648,32.8009,32.9384,33.0773,33.2177,33.3596,33.503,33.6479,33.7943,33.9423,34.0917,34.2427,34.3952,34.5493,34.7049,34.862
24.9242,24.7885,24.6551,24.5242,24.3958,24.2698,24.1464,24.0256,23.9073,23.7916,23.6786,23.5682,23.4605,23.3555,23.2533,23.1537,23.057,22.9629,22.8717,22.7832,22.6975,22.6146,22.5345,22.4572,22.3826,22.3108,22.2417,22.1755,22.1119,22.051,21.9929,21.9374,21.8846,21.8344,21.7868,21.7418,21.6994,21.6595,21.622,21.5871,21.5545,21.5244,21.4967,21.4712,21.4481,21.4273,21.4087,21.3924,21.3782,21.3663,21.3564,21.3487,21.3431,21.3396,21.3381,21.3387,21.3413,21.3459,21.3525,21.3611,21.3717,21.3842,21.3987,21.4152,21.4337,21.454,21.4764,21.5007,21.5269,21.5551,21.5852,21.6172,21.6512,21.6872,21.725,21.7648,21.8066,21.8502,21.8958,21.9432,21.9926,22.0438,22.0969,22.1519,22.2087,22.2673,22.3277,22.3898,22.4537,22.5193,22.5866,22.6556,22.7261,22.7982,22.8719,22.947,23.0236,23.1017,23.1811,23.2618,23.3438,23.427,23.5114,23.5969,23.6835,23.7711,23.8597,23.9493,24.0397,24.1309,24.2229,24.3157,24.4091,24.5032,24.5979,24.6931,24.7888,24.885,24.9816,25.0786,25.1759,25.2736,25.3715,25.4696,25.568,25.6666,25.7653,25.8641,25.9631,26.0621,26.1612,26.2604,26.3597,26.4589,26.5582,26.6575,26.7568,26.8562,26.9555,27.0549,27.1543,27.2537,27.3532,27.4527,27.5522,27.6518,27.7516,27.8514,27.9514,28.0515,28.1518,28.2522,28.353,28.4539,28.5552,28.6568,28.7587,28.861,28.9637,29.0669,29.1706,29.2748,29.3795,29.4849,29.5908,29.6975,29.8049,29.913,30.0219,30.1317,30.2423,30.3538,30.4663,30.5798,30.6943,30.8098,30.9264,31.0442,31.1631,31.2832,31.4046,31.5272,31.651,31.7762,31.9028,32.0307,32.16,32.2907,32.4228,32.5564,32.6915,32.828,32.9661,33.1057,33.2468,33.3895,33.5337,33.6795,33.8269,33.9758,34.1263,34.2784,34.4321,34.5874,34.7443
24.9965,24.862,24.7298,24.6001,24.4728,24.348,24.2257,24.106,23.9888,23.8743,23.7623,23.6531,23.5464,23.4425,23.3412,23.2427,23.1469,23.0539,22.9635,22.876,22.7912,22.7091,22.6298,22.5533,22.4795,22.4085,22.3402,22.2746,22.2117,22.1515,22.094,22.0391,21.9869,21.9373,21.8902,21.8458,21.8038,21.7644,21.7275,21.693,21.6609,21.6312,21.6039,21.5789,21.5562,21.5358,21.5176,21.5016,21.4878,21.4762,21.4668,21.4594,21.4542,21.451,21.4498,21.4507,21.4537,21.4586,21.4655,21.4744,21.4852,21.498,21.5128,21.5295,21.5481,21.5687,21.5912,21.6156,21.6419,21.6701,21.7002,21.7322,21.7661,21.802,21.8397,21.8792,21.9207,21.964,22.0092,22.0562,22.1051,22.1558,22.2083,22.2626,22.3186,22.3764,22.4359,22.4972,22.56,22.6246,22.6907,22.7585,22.8278,22.8986,22.9708,23.0445,23.1196,23.1961,23.2738,23.3528,23.4331,23.5145,23.597,23.6806,23.7652,23.8509,23.9374,24.0248,24.1131,24.2022,24.292,24.3825,24.4736,24.5653,24.6576,24.7505,24.8437,24.9375,25.0316,25.1261,25.2209,25.316,25.4113,25.5069,25.6026,25.6986,25.7946,25.8908,25.9871,26.0835,26.1799,26.2764,26.3729,26.4695,26.5661,26.6627,26.7593,26.8559,26.9525,27.0492,27.1459,27.2426,27.3393,27.4361,27.533,27.6299,27.727,27.8242,27.9215,28.019,28.1166,28.2145,28.3127,28.4111,28.5098,28.6089,28.7083,28.8081,28.9084,29.0092,29.1105,29.2123,29.3148,29.4178,29.5216,29.626,29.7312,29.8372,29.944,30.0518,30.1604,30.2699,30.3805,30.4921,30.6048,30.7185,30.8334,30.9495,31.0668,31.1854,31.3052,31.4263,31.5488,31.6726,31.7979,31.9245,32.0526,32.1822,32.3132,32.4458,32.5799,32.7156,32.8528,32.9916,33.1319,33.2739,33.4175,33.5627,33.7095,33.858,34.008,34.1597,34.3131,34.4681,34.6247
25.0651,24.9316,24.8005,24.6719,24.5457,24.422,24.3008,24.1822,24.0661,23.9525,23.8416,23.7334,23.6277,23.5248,23.4245,23.3269,23.2321,23.1399,23.0505,22.9638,22.8799,22.7986,22.7202,22.6444,22.5714,22.5011,22.4335,22.3686,22.3064,22.2469,22.19,22.1358,22.0841,22.0351,21.9886,21.9447,21.9033,21.8644,21.8279,21.7939,21.7623,21.7331,21.7063,21.6817,21.6595,21.6395,21.6217,21.6062,21.5928,21.5816,21.5726,21.5656,21.5607,21.5579,21.5571,21.5584,21.5617,21.5669,21.5742,21.5834,21.5945,21.6076,21.6226,21.6396,21.6584,21.6791,21.7018,21.7263,21.7527,21.781,21.8111,21.8432,21.877,21.9127,21.9503,21.9897,22.0309,22.0739,22.1188,22.1654,22.2138,22.2639,22.3158,22.3695,22.4248,22.4818,22.5405,22.6009,22.6628,22.7263,22.7914,22.8579,22.926,22.9955,23.0664,23.1387,23.2123,23.2873,23.3634,23.4408,23.5193,23.599,23.6797,23.7614,23.8441,23.9278,24.0123,24.0977,24.1839,24.2708,24.3584,24.4467,24.5356,24.625,24.715,24.8054,24.8963,24.9877,25.0793,25.1713,25.2636,25.3562,25.449,25.542,25.6352,25.7285,25.8219,25.9155,26.0091,26.1029,26.1966,26.2904,26.3843,26.4781,26.572,26.6659,26.7598,26.8537,26.9476,27.0416,27.1355,27.2295,27.3236,27.4177,27.5118,27.6061,27.7005,27.795,27.8896,27.9845,28.0795,28.1748,28.2704,28.3662,28.4624,28.5589,28.6558,28.7532,28.851,28.9494,29.0483,29.1477,29.2478,29.3486,29.4501,29.5523,29.6553,29.7592,29.8639,29.9696,30.0762,30.1838,30.2924,30.4021,30.513,30.6249,30.7381,30.8525,30.9682,31.0852,31.2035,31.3232,31.4442,31.5667,31.6907,31.8161,31.943,32.0714,32.2014,32.333,32.4661,32.6009,32.7373,32.8753,33.0149,33.1562,33.2992,33.4438,33.5901,33.7381,33.8877,34.0391,34.1921,34.3468,34.5032
25.1298,24.9974,24.8674,24.7397,24.6146,24.4919,24.3717,24.254,24.1389,24.0264,23.9164,23.8091,23.7044,23.6024,23.5031,23.4064,23.3124,23.2211,23.1326,23.0467,22.9636,22.8832,22.8055,22.7305,22.6582,22.5886,22.5218,22.4576,22.396,22.3372,22.2809,22.2273,22.1763,22.1278,22.082,22.0386,21.9977,21.9594,21.9235,21.89,21.8589,21.8302,21.8038,21.7797,21.7579,21.7384,21.7211,21.706,21.6931,21.6824,21.6737,21.6672,21.6627,21.6604,21.66,21.6616,21.6653,21.6709,21.6785,21.688,21.6995,21.7129,21.7282,21.7454,21.7645,21.7854,21.8082,21.8329,21.8595,21.8878,21.918,21.95,21.9839,22.0195,22.0569,22.0962,22.1372,22.1799,22.2244,22.2707,22.3186,22.3683,22.4196,22.4727,22.5273,22.5836,22.6415,22.701,22.762,22.8245,22.8885,22.954,23.0208,23.0891,23.1587,23.2297,23.3018,23.3753,23.4499,23.5257,23.6025,23.6805,23.7594,23.8394,23.9202,24.002,24.0845,24.1679,24.252,24.3368,24.4223,24.5084,24.5951,24.6823,24.7699,24.8581,24.9466,25.0355,25.1248,25.2144,25.3042,25.3943,25.4846,25.575,25.6656,25.7564,25.8472,25.9382,26.0292,26.1203,26.2114,26.3025,26.3937,26.4848,26.576,26.6672,26.7584,26.8496,26.9408,27.032,27.1233,27.2146,27.3059,27.3973,27.4887,27.5803,27.672,27.7638,27.8558,27.948,28.0404,28.1331,28.226,28.3193,28.4129,28.5069,28.6013,28.6961,28.7915,28.8874,28.9839,29.0809,29.1787,29.2772,29.3764,29.4763,29.5772,29.6789,29.7815,29.885,29.9896,30.0952,30.2019,30.3098,30.4188,30.529,30.6404,30.7532,30.8672,30.9826,31.0994,31.2176,31.3373,31.4584,31.5811,31.7053,31.831,31.9584,32.0873,32.2179,32.3501,32.484,32.6195,32.7567,32.8957,33.0363,33.1787,33.3228,33.4686,33.6161,33.7654,33.9164,34.0692,34.2237,34.3799
25.1908,25.0593,24.9302,24.8035,24.6793,24.5575,24.4382,24.3215,24.2073,24.0957,23.9867,23.8803,23.7765,23.6753,23.5768,23.481,23.3879,23.2974,23.2097,23.1246,23.0423,22.9626,22.8857,22.8115,22.7399,22.6711,22.6049,22.5414,22.4805,22.4223,22.3667,22.3137,22.2633,22.2155,22.1702,22.1274,22.0871,22.0493,22.014,21.981,21.9505,21.9223,21.8964,21.8729,21.8516,21.8326,21.8158,21.8012,21.7887,21.7785,21.7703,21.7642,21.7602,21.7583,21.7583,21.7604,21.7645,21.7705,21.7784,21.7884,21.8002,21.8139,21.8295,21.847,21.8663,21.8875,21.9105,21.9354,21.9621,21.9905,22.0208,22.0529,22.0867,22.1223,22.1596,22.1987,22.2395,22.282,22.3262,22.3721,22.4197,22.4689,22.5197,22.5721,22.6262,22.6817,22.7389,22.7975,22.8576,22.9192,22.9822,23.0466,23.1123,23.1794,23.2478,23.3174,23.3882,23.4602,23.5333,23.6075,23.6828,23.7591,23.8363,23.9144,23.9935,24.0734,24.154,24.2354,24.3175,24.4003,24.4837,24.5676,24.6521,24.7371,24.8225,24.9084,24.9946,25.0812,25.168,25.2552,25.3426,25.4302,25.518,25.6059,25.694,25.7822,25.8705,25.9588,26.0472,26.1357,26.2241,26.3126,26.4011,26.4896,26.5781,26.6666,26.7551,26.8435,26.932,27.0205,27.1091,27.1976,27.2862,27.3749,27.4637,27.5525,27.6415,27.7306,27.82,27.9095,27.9992,28.0892,28.1796,28.2702,28.3612,28.4526,28.5445,28.6368,28.7297,28.8232,28.9172,29.0119,29.1073,29.2034,29.3003,29.398,29.4967,29.5962,29.6967,29.7981,29.9007,30.0043,30.1091,30.215,30.3222,30.4306,30.5403,30.6514,30.7638,30.8776,30.9929,31.1097,31.2279,31.3477,31.4691,31.5921,31.7167,31.8429,31.9708,32.1004,32.2317,32.3647,32.4994,32.6359,32.7742,32.9142,33.056,33.1996,33.3449,33.4921,33.641,33.7917,33.9442,34.0985,34.2545
25.2478,25.1172,24.989,24.8632,24.7398,24.6189,24.5005,24.3846,24.2713,24.1605,24.0523,23.9468,23.8438,23.7435,23.6458,23.5508,23.4584,23.3688,23.2818,23.1975,23.1159,23.037,22.9608,22.8873,22.8165,22.7483,22.6828,22.62,22.5598,22.5023,22.4473,22.395,22.3452,22.298,22.2533,22.2111,22.1714,22.1342,22.0994,22.067,22.037,22.0094,21.9841,21.9611,21.9404,21.9219,21.9056,21.8915,21.8796,21.8698,21.8622,21.8566,21.8531,21.8516,21.8521,21.8546,21.8591,21.8656,21.874,21.8843,21.8965,21.9106,21.9265,21.9443,21.9639,21.9854,22.0087,22.0337,22.0606,22.0892,22.1195,22.1517,22.1855,22.2211,22.2583,22.2973,22.3379,22.3802,22.4242,22.4697,22.5169,22.5657,22.616,22.6679,22.7214,22.7763,22.8327,22.8905,22.9498,23.0105,23.0725,23.1358,23.2005,23.2664,23.3336,23.4019,23.4714,23.542,23.6136,23.6864,23.7601,23.8347,23.9103,23.9867,24.064,24.142,24.2208,24.3003,24.3804,24.4612,24.5425,24.6243,24.7067,24.7895,24.8727,24.9563,25.0403,25.1245,25.209,25.2938,25.3788,25.4639,25.5493,25.6347,25.7203,25.8059,25.8916,25.9774,26.0632,26.149,26.2349,26.3207,26.4065,26.4923,26.5781,26.6639,26.7497,26.8355,26.9213,27.007,27.0928,27.1787,27.2646,27.3505,27.4365,27.5227,27.609,27.6954,27.782,27.8688,27.9559,28.0433,28.1309,28.219,28.3074,28.3962,28.4855,28.5753,28.6657,28.7566,28.8482,28.9405,29.0335,29.1273,29.2219,29.3173,29.4137,29.511,29.6094,29.7088,29.8093,29.9109,30.0137,30.1177,30.223,30.3297,30.4376,30.547,30.6578,30.7701,30.8838,30.9991,31.116,31.2345,31.3546,31.4764,31.5998,31.725,31.8518,31.9805,32.1109,32.243,32.377,32.5128,32.6503,32.7898,32.931,33.0741,33.219,33.3658,33.5144,33.6649,33.8172,33.9713,34.1272
25.301,25.1712,25.0437,24.9187,24.7961,24.676,24.5584,24.4433,24.3308,24.2208,24.1134,24.0086,23.9064,23.8069,23.7099,23.6157,23.5241,23.4352,23.3489,23.2654,23.1845,23.1063,23.0308,22.958,22.8879,22.8204,22.7556,22.6934,22.6339,22.577,22.5227,22.471,22.4219,22.3753,22.3312,22.2897,22.2506,22.214,22.1798,22.148,22.1186,22.0915,22.0668,22.0444,22.0242,22.0063,21.9906,21.9771,21.9657,21.9565,21.9493,21.9443,21.9413,21.9403,21.9413,21.9444,21.9493,21.9562,21.9651,21.9758,21.9884,22.0029,22.0192,22.0374,22.0573,22.0791,22.1026,22.1279,22.1549,22.1837,22.2142,22.2464,22.2803,22.3159,22.3531,22.392,22.4325,22.4746,22.5183,22.5636,22.6105,22.6588,22.7087,22.7601,22.813,22.8672,22.923,22.9801,23.0385,23.0983,23.1594,23.2218,23.2854,23.3502,23.4162,23.4833,23.5514,23.6207,23.691,23.7622,23.8344,23.9075,23.9814,24.0562,24.1317,24.2079,24.2849,24.3625,24.4407,24.5195,24.5988,24.6786,24.7588,24.8395,24.9205,25.0019,25.0836,25.1656,25.2478,25.3302,25.4128,25.4955,25.5784,25.6614,25.7444,25.8276,25.9107,25.9939,26.0772,26.1604,26.2436,26.3268,26.4099,26.4931,26.5762,26.6593,26.7424,26.8254,26.9085,26.9915,27.0746,27.1577,27.2408,27.3241,27.4073,27.4908,27.5743,27.658,27.7419,27.826,27.9104,27.9951,28.0801,28.1655,28.2513,28.3375,28.4242,28.5115,28.5993,28.6878,28.7769,28.8667,28.9573,29.0487,29.141,29.2342,29.3283,29.4234,29.5196,29.6169,29.7153,29.8149,29.9157,30.0179,30.1213,30.2261,30.3324,30.44,30.5492,30.6599,30.7722,30.886,31.0015,31.1187,31.2375,31.3581,31.4804,31.6045,31.7303,31.858,31.9875,32.1189,32.2521,32.3872,32.5241,32.663,32.8037,32.9463,33.0909,33.2373,33.3856,33.5359,33.688,33.842,33.9978
25.3502,25.2211,25.0944,24.9701,24.8482,24.7288,24.612,24.4976,24.3858,24.2765,24.1698,24.0657,23.9642,23.8654,23.7692,23.6757,23.5848,23.4966,23.411,23.3282,23.248,23.1705,23.0957,23.0235,22.9541,22.8873,22.8231,22.7616,22.7028,22.6465,22.5929,22.5418,22.4933,22.4473,22.4039,22.363,22.3245,22.2886,22.255,22.2238,22.195,22.1686,22.1445,22.1227,22.1031,22.0858,22.0707,22.0577,22.0469,22.0383,22.0317,22.0272,22.0248,22.0244,22.026,22.0295,22.035,22.0424,22.0517,22.0629,22.076,22.0909,22.1076,22.1261,22.1465,22.1685,22.1924,22.2179,22.2452,22.2742,22.3048,22.3372,22.3712,22.4068,22.444,22.4828,22.5232,22.5652,22.6087,22.6537,22.7003,22.7483,22.7977,22.8487,22.901,22.9547,23.0097,23.0661,23.1238,23.1828,23.243,23.3044,23.367,23.4307,23.4956,23.5615,23.6285,23.6964,23.7653,23.8351,23.9058,23.9774,24.0497,24.1228,24.1967,24.2712,24.3464,24.4221,24.4984,24.5753,24.6526,24.7304,24.8086,24.8871,24.966,25.0452,25.1247,25.2044,25.2843,25.3644,25.4446,25.5249,25.6054,25.6859,25.7665,25.8471,25.9278,26.0084,26.0891,26.1697,26.2503,26.3308,26.4113,26.4918,26.5722,26.6526,26.733,26.8133,26.8937,26.974,27.0543,27.1346,27.215,27.2955,27.376,27.4567,27.5375,27.6185,27.6997,27.7811,27.8627,27.9447,28.027,28.1098,28.1929,28.2765,28.3606,28.4453,28.5306,28.6165,28.7031,28.7905,28.8786,28.9677,29.0576,29.1484,29.2403,29.3332,29.4272,29.5223,29.6187,29.7162,29.8151,29.9153,30.0169,30.1199,30.2244,30.3304,30.4379,30.547,30.6578,30.7702,30.8843,31.0002,31.1178,31.2371,31.3583,31.4813,31.6062,31.733,31.8616,31.9922,32.1247,32.2591,32.3954,32.5337,32.674,32.8162,32.9604,33.1065,33.2546,33.4046,33.5566,33.7105,33.8664
25.3955,25.267,25.1409,25.0173,24.896,24.7773,24.6611,24.5473,24.4362,24.3275,24.2215,24.1181,24.0173,23.9191,23.8235,23.7307,23.6404,23.5529,23.468,23.3858,23.3063,23.2295,23.1553,23.0838,23.015,22.9489,22.8854,22.8245,22.7663,22.7107,22.6577,22.6073,22.5594,22.5141,22.4714,22.4311,22.3933,22.3579,22.325,22.2945,22.2664,22.2406,22.2171,22.1959,22.177,22.1603,22.1458,22.1335,22.1233,22.1153,22.1093,22.1055,22.1036,22.1038,22.1059,22.11,22.1161,22.124,22.1339,22.1456,22.1591,22.1745,22.1917,22.2106,22.2313,22.2538,22.2779,22.3038,22.3314,22.3606,22.3914,22.4239,22.458,22.4937,22.5309,22.5698,22.6101,22.652,22.6953,22.7401,22.7864,22.8341,22.8832,22.9336,22.9855,23.0386,23.0931,23.1488,23.2058,23.2639,23.3233,23.3838,23.4454,23.5081,23.5719,23.6367,23.7024,23.7691,23.8367,23.9051,23.9744,24.0445,24.1153,24.1868,24.259,24.3318,24.4052,24.4791,24.5536,24.6286,24.7039,24.7797,24.8559,24.9324,25.0091,25.0862,25.1634,25.2409,25.3185,25.3963,25.4742,25.5522,25.6302,25.7083,25.7865,25.8646,25.9427,26.0208,26.0989,26.1769,26.2549,26.3328,26.4107,26.4885,26.5662,26.6439,26.7216,26.7992,26.8768,26.9543,27.0319,27.1095,27.1871,27.2648,27.3426,27.4205,27.4985,27.5768,27.6552,27.7338,27.8128,27.892,27.9717,28.0517,28.1321,28.2131,28.2946,28.3766,28.4593,28.5427,28.6268,28.7117,28.7974,28.884,28.9716,29.0601,29.1497,29.2403,29.3321,29.4251,29.5193,29.6149,29.7118,29.81,29.9097,30.0109,30.1137,30.2179,30.3238,30.4314,30.5407,30.6516,30.7644,30.8789,30.9952,31.1134,31.2335,31.3555,31.4794,31.6053,31.7331,31.8629,31.9946,32.1284,32.2642,32.402,32.5418,32.6836,32.8274,32.9733,33.1212,33.2711,33.423,33.5768,33.7327
25.4368,25.3088,25.1833,25.0602,24.9395,24.8214,24.7057,24.5926,24.482,24.3739,24.2685,24.1657,24.0654,23.9679,23.8729,23.7807,23.691,23.6041,23.5198,23.4383,23.3594,23.2832,23.2096,23.1388,23.0706,23.0051,22.9423,22.8821,22.8245,22.7695,22.7172,22.6674,22.6203,22.5756,22.5335,22.4939,22.4567,22.4221,22.3898,22.36,22.3325,22.3074,22.2846,22.2641,22.2458,22.2298,22.216,22.2043,22.1948,22.1874,22.1821,22.1789,22.1777,22.1785,22.1813,22.186,22.1926,22.2011,22.2116,22.2238,22.2379,22.2538,22.2714,22.2908,22.3119,22.3348,22.3593,22.3855,22.4134,22.4429,22.474,22.5067,22.5409,22.5767,22.614,22.6529,22.6932,22.7349,22.7782,22.8228,22.8688,22.9163,22.965,23.0151,23.0665,23.1191,23.173,23.2281,23.2844,23.3418,23.4004,23.46,23.5207,23.5824,23.6451,23.7088,23.7734,23.8388,23.9051,23.9723,24.0401,24.1088,24.1781,24.248,24.3186,24.3897,24.4614,24.5336,24.6063,24.6794,24.7528,24.8267,24.9008,24.9753,25.0499,25.1249,25.1999,25.2752,25.3506,25.4261,25.5017,25.5773,25.653,25.7286,25.8043,25.88,25.9556,26.0311,26.1066,26.1821,26.2575,26.3327,26.408,26.4831,26.5581,26.6331,26.7081,26.7829,26.8578,26.9326,27.0074,27.0822,27.1571,27.232,27.307,27.3821,27.4574,27.5328,27.6084,27.6843,27.7605,27.837,27.9139,27.9912,28.069,28.1473,28.2261,28.3055,28.3856,28.4664,28.548,28.6303,28.7136,28.7978,28.8829,28.9691,29.0563,29.1447,29.2343,29.3251,29.4173,29.5107,29.6056,29.7019,29.7997,29.8991,30.0001,30.1027,30.2069,30.3129,30.4207,30.5302,30.6416,30.7548,30.8699,30.987,31.1059,31.2269,31.3499,31.4748,31.6018,31.7308,31.8619,31.9951,32.1303,32.2676,32.407,32.5485,32.6921,32.8377,32.9854,33.1352,33.287,33.4409,33.5968
25.474,25.3465,25.2214,25.0988,24.9787,24.861,24.7458,24.6332,24.5231,24.4156,24.3107,24.2084,24.1087,24.0117,23.9173,23.8256,23.7366,23.6502,23.5665,23.4855,23.4072,23.3316,23.2587,23.1885,23.1209,23.056,22.9938,22.9342,22.8773,22.823,22.7713,22.7222,22.6757,22.6317,22.5903,22.5513,22.5149,22.4809,22.4493,22.4202,22.3934,22.369,22.3469,22.3271,22.3095,22.2942,22.2811,22.2702,22.2614,22.2547,22.2501,22.2475,22.247,22.2485,22.2519,22.2573,22.2645,22.2737,22.2847,22.2975,22.3122,22.3286,22.3468,22.3667,22.3883,22.4116,22.4365,22.4631,22.4913,22.5211,22.5525,22.5854,22.6199,22.6558,22.6932,22.7321,22.7725,22.8142,22.8573,22.9018,22.9477,22.9948,23.0433,23.093,23.144,23.1962,23.2495,23.304,23.3597,23.4164,23.4742,23.533,23.5928,23.6536,23.7153,23.7779,23.8414,23.9057,23.9707,24.0365,24.1031,24.1703,24.2381,24.3066,24.3756,24.4451,24.5151,24.5856,24.6565,24.7277,24.7993,24.8712,24.9434,25.0158,25.0884,25.1612,25.2342,25.3073,25.3804,25.4537,25.5269,25.6002,25.6735,25.7468,25.82,25.8932,25.9663,26.0394,26.1123,26.1852,26.258,26.3306,26.4032,26.4756,26.548,26.6203,26.6925,26.7646,26.8367,26.9087,26.9808,27.0528,27.1248,27.197,27.2692,27.3415,27.4139,27.4865,27.5594,27.6325,27.7059,27.7796,27.8538,27.9283,28.0034,28.0789,28.1551,28.2318,28.3093,28.3875,28.4665,28.5463,28.6271,28.7088,28.7915,28.8753,28.9602,29.0463,29.1337,29.2223,29.3123,29.4037,29.4965,29.5909,29.6868,29.7844,29.8836,29.9844,30.0871,30.1915,30.2977,30.4058,30.5158,30.6278,30.7417,30.8576,30.9755,31.0954,31.2174,31.3415,31.4677,31.5961,31.7265,31.8591,31.9938,32.1307,32.2697,32.4108,32.5541,32.6996,32.8472,32.9969,33.1487,33.3027,33.4587
25.5071,25.38,25.2554,25.1331,25.0134,24.8961,24.7814,24.6692,24.5596,24.4525,24.3481,24.2463,24.1471,24.0505,23.9567,23.8655,23.7769,23.6911,23.6079,23.5275,23.4498,23.3747,23.3024,23.2327,23.1658,23.1015,23.0399,22.9809,22.9246,22.871,22.8199,22.7715,22.7257,22.6824,22.6416,22.6034,22.5676,22.5343,22.5035,22.4751,22.449,22.4253,22.404,22.3849,22.3681,22.3535,22.3412,22.331,22.3229,22.317,22.3131,22.3113,22.3115,22.3137,22.3178,22.3239,22.3318,22.3416,22.3533,22.3668,22.382,22.3991,22.4178,22.4382,22.4604,22.4842,22.5096,22.5366,22.5652,22.5953,22.627,22.6602,22.6949,22.731,22.7686,22.8076,22.848,22.8897,22.9328,22.9772,23.0229,23.0699,23.1181,23.1675,23.2181,23.2698,23.3227,23.3767,23.4317,23.4878,23.5448,23.6029,23.6619,23.7217,23.7825,23.8441,23.9065,23.9696,24.0335,24.098,24.1633,24.2291,24.2955,24.3625,24.4299,24.4979,24.5663,24.635,24.7042,24.7736,24.8434,24.9134,24.9836,25.0541,25.1247,25.1954,25.2662,25.3371,25.4081,25.4791,25.5501,25.6211,25.692,25.7629,25.8337,25.9044,25.975,26.0455,26.116,26.1862,26.2564,26.3264,26.3963,26.4661,26.5358,26.6053,26.6748,26.7442,26.8135,26.8827,26.952,27.0212,27.0904,27.1597,27.2291,27.2986,27.3682,27.438,27.508,27.5783,27.6489,27.7198,27.7912,27.863,27.9352,28.0081,28.0815,28.1556,28.2304,28.3059,28.3823,28.4596,28.5378,28.617,28.6973,28.7787,28.8612,28.945,29.0301,29.1165,29.2044,29.2937,29.3845,29.4769,29.5709,29.6666,29.764,29.8632,29.9642,30.067,30.1718,30.2784,30.3871,30.4977,30.6104,30.7252,30.842,30.961,31.0821,31.2054,31.3308,31.4584,31.5882,31.7203,31.8545,31.991,32.1296,32.2705,32.4136,32.5589,32.7065,32.8562,33.008,33.1621,33.3183
25.5361,25.4093,25.285,25.1631,25.0437,24.9268,24.8124,24.7006,24.5913,24.4847,24.3806,24.2792,24.1805,24.0843,23.9909,23.9002,23.8121,23.7267,23.6441,23.5642,23.4869,23.4124,23.3406,23.2716,23.2052,23.1415,23.0805,23.0222,22.9665,22.9135,22.8631,22.8153,22.7701,22.7275,22.6875,22.65,22.6149,22.5824,22.5523,22.5246,22.4993,22.4764,22.4558,22.4375,22.4215,22.4077,22.3961,22.3867,22.3795,22.3743,22.3712,22.3702,22.3711,22.3741,22.379,22.3858,22.3945,22.405,22.4174,22.4315,22.4474,22.4651,22.4844,22.5055,22.5282,22.5525,22.5784,22.6059,22.6349,22.6655,22.6975,22.731,22.766,22.8024,22.8402,22.8793,22.9198,22.9616,23.0047,23.049,23.0946,23.1414,23.1894,23.2385,23.2888,23.3402,23.3926,23.4461,23.5005,23.556,23.6124,23.6697,23.7278,23.7869,23.8467,23.9073,23.9686,24.0307,24.0934,24.1568,24.2207,24.2852,24.3502,24.4158,24.4817,24.5481,24.6149,24.682,24.7494,24.8171,24.8851,24.9532,25.0215,25.09,25.1586,25.2273,25.296,25.3648,25.4336,25.5023,25.5711,25.6397,25.7083,25.7768,25.8452,25.9135,25.9816,26.0496,26.1175,26.1852,26.2527,26.3201,26.3874,26.4545,26.5214,26.5883,26.655,26.7216,26.7881,26.8546,26.921,26.9874,27.0538,27.1202,27.1867,27.2534,27.3201,27.3871,27.4543,27.5217,27.5894,27.6575,27.7261,27.795,27.8645,27.9346,28.0053,28.0766,28.1487,28.2216,28.2954,28.3701,28.4457,28.5224,28.6002,28.6791,28.7593,28.8408,28.9236,29.0078,29.0935,29.1807,29.2694,29.3598,29.4519,29.5458,29.6414,29.7388,29.8382,29.9395,30.0427,30.1479,30.2552,30.3646,30.4761,30.5897,30.7056,30.8236,30.9438,31.0662,31.1909,31.3179,31.4471,31.5786,31.7124,31.8485,31.9869,32.1275,32.2705,32.4157,32.5632,32.7129,32.8649,33.019,33.1754
25.561,25.4344,25.3103,25.1887,25.0695,24.9529,24.8388,24.7273,24.6183,24.512,24.4083,24.3072,24.2088,24.1131,24.02,23.9297,23.842,23.7571,23.6749,23.5955,23.5187,23.4447,23.3734,23.3049,23.2391,23.176,23.1155,23.0578,23.0028,22.9504,22.9007,22.8536,22.8091,22.7672,22.7278,22.691,22.6568,22.625,22.5957,22.5688,22.5443,22.5221,22.5024,22.4849,22.4697,22.4567,22.446,22.4374,22.431,22.4266,22.4244,22.4241,22.4259,22.4297,22.4354,22.443,22.4524,22.4637,22.4768,22.4917,22.5083,22.5267,22.5467,22.5684,22.5917,22.6166,22.6431,22.6711,22.7006,22.7316,22.764,22.7979,22.8332,22.8699,22.9079,22.9472,22.9879,23.0298,23.0729,23.1172,23.1628,23.2095,23.2573,23.3062,23.3562,23.4072,23.4592,23.5122,23.5662,23.6211,23.6768,23.7334,23.7908,23.849,23.908,23.9677,24.028,24.089,24.1506,24.2128,24.2755,24.3387,24.4024,24.4665,24.531,24.5959,24.6611,24.7265,24.7923,24.8583,24.9244,24.9907,25.0572,25.1237,25.1903,25.257,25.3236,25.3903,25.4569,25.5235,25.5899,25.6563,25.7226,25.7887,25.8547,25.9205,25.9862,26.0517,26.117,26.1821,26.247,26.3118,26.3764,26.4408,26.505,26.5691,26.633,26.6968,26.7606,26.8242,26.8878,26.9513,27.0149,27.0785,27.1421,27.2058,27.2697,27.3338,27.3981,27.4626,27.5275,27.5928,27.6584,27.7246,27.7912,27.8585,27.9264,27.995,28.0644,28.1346,28.2056,28.2777,28.3507,28.4249,28.5001,28.5766,28.6544,28.7335,28.814,28.896,28.9794,29.0645,29.1512,29.2396,29.3298,29.4217,29.5155,29.6113,29.709,29.8087,29.9104,30.0143,30.1202,30.2283,30.3386,30.4512,30.5659,30.683,30.8023,30.924,31.048,31.1743,31.303,31.434,31.5674,31.7032,31.8413,31.9817,32.1246,32.2697,32.4172,32.567,32.7191,32.8735,33.0302
25.5816,25.4552,25.3313,25.2098,25.0909,24.9744,24.8605,24.7492,24.6405,24.5344,24.4309,24.3302,24.232,24.1366,24.0439,23.9539,23.8667,23.7821,23.7004,23.6213,23.545,23.4715,23.4007,23.3327,23.2674,23.2048,23.145,23.0879,23.0334,22.9817,22.9326,22.8862,22.8424,22.8012,22.7626,22.7266,22.6931,22.6621,22.6335,22.6074,22.5838,22.5625,22.5435,22.5269,22.5126,22.5005,22.4906,22.4829,22.4773,22.4739,22.4725,22.4732,22.4758,22.4804,22.487,22.4954,22.5057,22.5178,22.5317,22.5474,22.5648,22.5839,22.6046,22.627,22.651,22.6765,22.7036,22.7321,22.7622,22.7937,22.8266,22.8609,22.8966,22.9336,22.9719,23.0114,23.0523,23.0943,23.1375,23.1819,23.2274,23.274,23.3217,23.3705,23.4202,23.4709,23.5226,23.5752,23.6287,23.683,23.7382,23.7941,23.8508,23.9083,23.9664,24.0252,24.0845,24.1445,24.205,24.2661,24.3276,24.3896,24.4519,24.5147,24.5778,24.6411,24.7048,24.7687,24.8328,24.897,24.9614,25.026,25.0905,25.1552,25.2198,25.2845,25.3491,25.4136,25.4781,25.5424,25.6067,25.6708,25.7347,25.7985,25.8621,25.9255,25.9886,26.0516,26.1144,26.1769,26.2392,26.3013,26.3632,26.4249,26.4864,26.5478,26.6089,26.67,26.7309,26.7917,26.8524,26.9131,26.9737,27.0344,27.0951,27.156,27.2169,27.2781,27.3395,27.4011,27.4631,27.5254,27.5882,27.6515,27.7153,27.7797,27.8448,27.9106,27.9772,28.0446,28.113,28.1824,28.2528,28.3243,28.3971,28.4711,28.5464,28.6231,28.7013,28.7809,28.8622,28.9451,29.0297,29.1161,29.2043,29.2944,29.3864,29.4804,29.5765,29.6746,29.7749,29.8773,29.9819,30.0888,30.1979,30.3093,30.4231,30.5392,30.6577,30.7786,30.9019,31.0277,31.1558,31.2864,31.4194,31.5549,31.6928,31.8331,31.9759,32.121,32.2686,32.4185,32.5709,32.7255,32.8825
25.5981,25.4718,25.3479,25.2265,25.1076,24.9913,24.8775,24.7663,24.6578,24.5519,24.4486,24.3481,24.2502,24.155,24.0626,23.9729,23.886,23.8018,23.7204,23.6417,23.5658,23.4927,23.4224,23.3549,23.2901,23.2281,23.1688,23.1122,23.0584,23.0073,22.9589,22.9132,22.8701,22.8296,22.7918,22.7565,22.7237,22.6935,22.6658,22.6406,22.6178,22.5974,22.5793,22.5636,22.5501,22.539,22.53,22.5232,22.5186,22.5161,22.5156,22.5172,22.5208,22.5263,22.5337,22.5431,22.5543,22.5672,22.582,22.5985,22.6167,22.6366,22.6581,22.6812,22.7059,22.7322,22.7599,22.7891,22.8197,22.8518,22.8852,22.92,22.9561,22.9934,23.0321,23.0719,23.113,23.1552,23.1986,23.2431,23.2886,23.3352,23.3828,23.4314,23.481,23.5314,23.5828,23.635,23.6881,23.7419,23.7966,23.8519,23.9079,23.9646,24.022,24.0799,24.1383,24.1973,24.2568,24.3168,24.3771,24.4379,24.499,24.5604,24.6221,24.684,24.7461,24.8085,24.8709,24.9335,24.9962,25.0589,25.1217,25.1844,25.2471,25.3098,25.3724,25.4348,25.4971,25.5593,25.6213,25.6832,25.7448,25.8062,25.8674,25.9284,25.9891,26.0495,26.1097,26.1697,26.2294,26.2888,26.348,26.407,26.4658,26.5243,26.5827,26.6409,26.699,26.7569,26.8147,26.8725,26.9303,26.988,27.0458,27.1037,27.1617,27.2199,27.2783,27.337,27.3961,27.4555,27.5153,27.5757,27.6366,27.6981,27.7603,27.8233,27.8871,27.9518,28.0174,28.0841,28.1518,28.2208,28.2909,28.3624,28.4352,28.5095,28.5853,28.6627,28.7417,28.8225,28.905,28.9893,29.0756,29.1637,29.254,29.3462,29.4406,29.5372,29.6359,29.7369,29.8402,29.9458,30.0538,30.1642,30.277,30.3922,30.5099,30.63,30.7527,30.8778,31.0055,31.1357,31.2684,31.4036,31.5414,31.6816,31.8243,31.9695,32.1172,32.2674,32.4199,32.5749,32.7323
25.6103,25.4839,25.36,25.2386,25.1198,25.0035,24.8898,24.7787,24.6702,24.5644,24.4613,24.3608,24.2631,24.1682,24.076,23.9865,23.8998,23.8159,23.7348,23.6565,23.5811,23.5084,23.4385,23.3714,23.3071,23.2456,23.1868,23.1309,23.0777,23.0272,22.9794,22.9344,22.892,22.8523,22.8152,22.7807,22.7488,22.7194,22.6925,22.6682,22.6462,22.6267,22.6096,22.5948,22.5823,22.5721,22.5641,22.5583,22.5546,22.5531,22.5536,22.5562,22.5607,22.5672,22.5757,22.5859,22.5981,22.612,22.6277,22.6451,22.6642,22.6849,22.7073,22.7312,22.7566,22.7836,22.8121,22.8419,22.8732,22.9059,22.9399,22.9752,23.0117,23.0495,23.0886,23.1288,23.1701,23.2126,23.2561,23.3008,23.3464,23.393,23.4406,23.4891,23.5385,23.5888,23.6399,23.6918,23.7445,23.7979,23.852,23.9067,23.9621,24.0182,24.0747,24.1318,24.1894,24.2475,24.306,24.3649,24.4241,24.4837,24.5435,24.6036,24.6639,24.7245,24.7851,24.8459,24.9068,24.9677,25.0287,25.0897,25.1506,25.2115,25.2723,25.333,25.3935,25.4539,25.5141,25.5741,25.6339,25.6935,25.7528,25.8119,25.8707,25.9292,25.9874,26.0454,26.103,26.1604,26.2174,26.2742,26.3307,26.387,26.443,26.4988,26.5543,26.6097,26.6649,26.7199,26.7748,26.8297,26.8845,26.9393,26.9941,27.0491,27.1041,27.1593,27.2147,27.2704,27.3265,27.3829,27.4398,27.4972,27.5551,27.6137,27.6731,27.7331,27.7941,27.856,27.9188,27.9827,28.0478,28.114,28.1816,28.2505,28.3208,28.3927,28.4661,28.5411,28.6179,28.6964,28.7768,28.8591,28.9433,29.0296,29.118,29.2085,29.3013,29.3962,29.4935,29.5931,29.6951,29.7994,29.9063,30.0156,30.1274,30.2418,30.3586,30.4781,30.6001,30.7248,30.852,30.9818,31.1143,31.2493,31.3869,31.5271,31.6698,31.8152,31.963,32.1134,32.2663,32.4216,32.5794
25.6182,25.4917,25.3677,25.2463,25.1273,25.011,24.8972,24.7861,24.6777,24.5719,24.4688,24.3685,24.2709,24.176,24.084,23.9947,23.9082,23.8246,23.7438,23.6658,23.5906,23.5183,23.4488,23.3822,23.3183,23.2573,23.1991,23.1437,23.0911,23.0413,22.9942,22.9498,22.9081,22.8692,22.8328,22.7992,22.7681,22.7396,22.7136,22.6901,22.6691,22.6506,22.6344,22.6206,22.6091,22.5999,22.5929,22.5881,22.5855,22.585,22.5865,22.5901,22.5957,22.6033,22.6127,22.624,22.6371,22.6521,22.6687,22.6871,22.7071,22.7288,22.752,22.7768,22.8031,22.8309,22.8601,22.8907,22.9227,22.956,22.9906,23.0265,23.0636,23.1019,23.1414,23.182,23.2237,23.2664,23.3102,23.355,23.4008,23.4475,23.4951,23.5435,23.5929,23.643,23.6939,23.7455,23.7978,23.8508,23.9045,23.9587,24.0135,24.0689,24.1248,24.1811,24.2378,24.295,24.3525,24.4104,24.4685,24.527,24.5856,24.6444,24.7034,24.7626,24.8218,24.8811,24.9404,24.9997,25.059,25.1182,25.1774,25.2364,25.2953,25.3541,25.4126,25.4709,25.529,25.5869,25.6445,25.7018,25.7588,25.8155,25.8719,25.928,25.9838,26.0392,26.0943,26.149,26.2035,26.2576,26.3114,26.3649,26.4181,26.4711,26.5238,26.5763,26.6286,26.6807,26.7327,26.7846,26.8364,26.8882,26.9401,26.992,27.044,27.0961,27.1485,27.2012,27.2542,27.3076,27.3615,27.4159,27.4709,27.5265,27.5829,27.64,27.6981,27.7571,27.8171,27.8783,27.9406,28.0041,28.069,28.1353,28.2031,28.2724,28.3434,28.4161,28.4906,28.5669,28.6451,28.7253,28.8076,28.8919,28.9785,29.0673,29.1583,29.2517,29.3475,29.4457,29.5463,29.6495,29.7552,29.8635,29.9744,30.0879,30.204,30.3228,30.4442,30.5684,30.6952,30.8247,30.9569,31.0918,31.2293,31.3695,31.5124,31.6578,31.8059,31.9566,32.1099,32.2657,32.424
25.6218,25.4951,25.3709,25.2493,25.1302,25.0137,24.8999,24.7886,24.6801,24.5743,24.4712,24.3709,24.2733,24.1785,24.0866,23.9974,23.9111,23.8277,23.7471,23.6693,23.5945,23.5225,23.4534,23.3871,23.3237,23.2632,23.2055,23.1507,23.0986,23.0494,23.003,22.9593,22.9184,22.8802,22.8447,22.8118,22.7816,22.754,22.7289,22.7064,22.6863,22.6688,22.6536,22.6408,22.6304,22.6222,22.6163,22.6126,22.6111,22.6117,22.6143,22.619,22.6257,22.6343,22.6449,22.6572,22.6714,22.6874,22.7051,22.7245,22.7455,22.7682,22.7923,22.8181,22.8453,22.8739,22.9039,22.9354,22.9681,23.0021,23.0374,23.074,23.1117,23.1505,23.1905,23.2315,23.2736,23.3167,23.3608,23.4059,23.4518,23.4986,23.5463,23.5948,23.6441,23.6941,23.7448,23.7962,23.8482,23.9009,23.9541,24.0079,24.0621,24.1169,24.1721,24.2277,24.2836,24.3399,24.3965,24.4534,24.5105,24.5678,24.6253,24.6829,24.7406,24.7984,24.8562,24.914,24.9718,25.0295,25.0871,25.1447,25.202,25.2592,25.3163,25.3731,25.4296,25.4859,25.5419,25.5976,25.653,25.7081,25.7628,25.8172,25.8712,25.9248,25.9781,26.031,26.0835,26.1357,26.1874,26.2389,26.2899,26.3407,26.3911,26.4412,26.4911,26.5407,26.5901,26.6392,26.6883,26.7372,26.786,26.8348,26.8836,26.9324,26.9814,27.0305,27.0798,27.1294,27.1793,27.2297,27.2805,27.3318,27.3837,27.4364,27.4897,27.5439,27.599,27.6551,27.7123,27.7706,27.8301,27.8909,27.9531,28.0168,28.082,28.1488,28.2173,28.2876,28.3597,28.4338,28.5098,28.5879,28.6682,28.7506,28.8353,28.9223,29.0117,29.1035,29.1978,29.2946,29.394,29.4959,29.6005,29.7078,29.8177,29.9304,30.0458,30.164,30.2849,30.4086,30.535,30.6642,30.7963,30.931,31.0686,31.2088,31.3518,31.4975,31.6459,31.797,31.9507,32.107,32.2659
25.621,25.4941,25.3696,25.2477,25.1284,25.0117,24.8976,24.7862,24.6775,24.5716,24.4684,24.368,24.2704,24.1756,24.0837,23.9946,23.9084,23.8251,23.7447,23.6672,23.5926,23.5209,23.4521,23.3862,23.3232,23.2632,23.206,23.1517,23.1002,23.0516,23.0059,22.9629,22.9227,22.8853,22.8506,22.8186,22.7892,22.7625,22.7384,22.7169,22.6979,22.6813,22.6672,22.6555,22.6461,22.6391,22.6343,22.6317,22.6313,22.6331,22.6369,22.6428,22.6506,22.6604,22.6721,22.6856,22.7009,22.718,22.7368,22.7573,22.7794,22.8031,22.8283,22.855,22.8832,22.9127,22.9437,22.976,23.0095,23.0444,23.0804,23.1176,23.156,23.1954,23.236,23.2775,23.3201,23.3636,23.408,23.4533,23.4995,23.5465,23.5943,23.6429,23.6921,23.7421,23.7927,23.8439,23.8957,23.948,24.0009,24.0542,24.108,24.1622,24.2168,24.2717,24.3269,24.3824,24.4381,24.494,24.5501,24.6063,24.6626,24.719,24.7755,24.8319,24.8883,24.9447,25.001,25.0571,25.1131,25.169,25.2246,25.28,25.3352,25.39,25.4446,25.4989,25.5528,25.6064,25.6596,25.7124,25.7648,25.8169,25.8685,25.9197,25.9704,26.0208,26.0707,26.1203,26.1694,26.2181,26.2664,26.3144,26.362,26.4093,26.4562,26.5029,26.5493,26.5955,26.6416,26.6874,26.7332,26.7789,26.8246,26.8704,26.9162,26.9622,27.0084,27.0549,27.1017,27.1489,27.1966,27.2448,27.2937,27.3433,27.3936,27.4448,27.4969,27.55,27.6042,27.6597,27.7163,27.7743,27.8338,27.8948,27.9573,28.0216,28.0876,28.1555,28.2252,28.297,28.3709,28.4469,28.5251,28.6056,28.6884,28.7736,28.8613,28.9516,29.0444,29.1398,29.2378,29.3386,29.4421,29.5484,29.6574,29.7693,29.884,30.0015,30.122,30.2452,30.3714,30.5004,30.6322,30.767,30.9045,31.0449,31.1881,31.3341,31.4829,31.6344,31.7886,31.9455,32.105
25.6159,25.4885,25.3637,25.2414,25.1218,25.0047,24.8904,24.7788,24.6698,24.5637,24.4603,24.3598,24.2621,24.1672,24.0753,23.9862,23.9001,23.8168,23.7365,23.6592,23.5848,23.5134,23.4449,23.3793,23.3168,23.2571,23.2004,23.1467,23.0958,23.0478,23.0027,22.9605,22.921,22.8844,22.8505,22.8194,22.791,22.7652,22.7421,22.7216,22.7036,22.6881,22.6751,22.6645,22.6563,22.6504,22.6468,22.6455,22.6463,22.6492,22.6543,22.6614,22.6704,22.6815,22.6944,22.7091,22.7257,22.7439,22.7639,22.7855,22.8088,22.8336,22.8599,22.8876,22.9168,22.9474,22.9793,23.0125,23.047,23.0827,23.1195,23.1575,23.1966,23.2367,23.2778,23.32,23.363,23.407,23.4518,23.4975,23.544,23.5912,23.6392,23.6879,23.7372,23.7871,23.8376,23.8887,23.9403,23.9924,24.0449,24.0979,24.1512,24.2049,24.2588,24.3131,24.3676,24.4223,24.4772,24.5322,24.5873,24.6425,24.6977,24.7529,24.8081,24.8633,24.9183,24.9733,25.028,25.0826,25.137,25.1912,25.2451,25.2987,25.352,25.405,25.4576,25.5099,25.5617,25.6132,25.6642,25.7148,25.7649,25.8146,25.8638,25.9125,25.9608,26.0086,26.056,26.1029,26.1493,26.1953,26.2409,26.286,26.3308,26.3752,26.4192,26.4629,26.5064,26.5496,26.5926,26.6354,26.6781,26.7207,26.7632,26.8058,26.8485,26.8914,26.9344,26.9777,27.0213,27.0654,27.1099,27.155,27.2007,27.2472,27.2944,27.3425,27.3916,27.4417,27.4929,27.5454,27.5992,27.6544,27.711,27.7693,27.8292,27.8908,27.9543,28.0197,28.0871,28.1565,28.2281,28.302,28.3781,28.4567,28.5376,28.6211,28.7071,28.7957,28.887,28.9811,29.0778,29.1774,29.2799,29.3851,29.4933,29.6044,29.7185,29.8354,29.9554,30.0783,30.2042,30.333,30.4648,30.5995,30.7372,30.8778,31.0213,31.1676,31.3168,31.4688,31.6236,31.7812,31.9414
25.6064,25.4785,25.3532,25.2305,25.1104,24.993,24.8782,24.7663,24.657,24.5506,24.447,24.3462,24.2483,24.1533,24.0613,23.9722,23.886,23.8028,23.7226,23.6453,23.5711,23.4999,23.4317,23.3665,23.3042,23.245,23.1888,23.1355,23.0852,23.0379,22.9934,22.9519,22.9132,22.8774,22.8444,22.8142,22.7867,22.7619,22.7398,22.7204,22.7035,22.6891,22.6773,22.6679,22.6608,22.6562,22.6538,22.6537,22.6558,22.6601,22.6664,22.6748,22.6852,22.6975,22.7117,22.7277,22.7455,22.7651,22.7863,22.8092,22.8336,22.8596,22.8871,22.916,22.9463,22.9779,23.0109,23.0451,23.0805,23.1171,23.1548,23.1936,23.2334,23.2743,23.3161,23.3589,23.4025,23.447,23.4923,23.5384,23.5852,23.6328,23.681,23.7298,23.7792,23.8292,23.8797,23.9307,23.9821,24.034,24.0862,24.1388,24.1918,24.2449,24.2984,24.352,24.4058,24.4598,24.5138,24.568,24.6221,24.6763,24.7305,24.7846,24.8386,24.8924,24.9462,24.9997,25.053,25.1061,25.1589,25.2114,25.2636,25.3154,25.3669,25.418,25.4687,25.5189,25.5687,25.618,25.6668,25.7152,25.763,25.8103,25.8572,25.9035,25.9492,25.9945,26.0392,26.0835,26.1272,26.1705,26.2132,26.2556,26.2974,26.3389,26.38,26.4208,26.4612,26.5013,26.5413,26.581,26.6205,26.66,26.6994,26.7388,26.7783,26.8179,26.8577,26.8978,26.9382,26.979,27.0203,27.0622,27.1047,27.148,27.192,27.237,27.283,27.33,27.3782,27.4277,27.4786,27.5308,27.5847,27.6401,27.6973,27.7563,27.8172,27.8801,27.945,28.0122,28.0815,28.1532,28.2273,28.3038,28.3829,28.4645,28.5489,28.6359,28.7257,28.8184,28.9139,29.0123,29.1137,29.218,29.3253,29.4357,29.5491,29.6656,29.7851,29.9077,30.0333,30.1621,30.2938,30.4286,30.5665,30.7073,30.8511,30.9979,31.1476,31.3002,31.4556,31.6139,31.7749
25.5924,25.4639,25.338,25.2148,25.0942,24.9763,24.8611,24.7486,24.639,24.5322,24.4283,24.3272,24.2291,24.1339,24.0416,23.9524,23.8661,23.7829,23.7027,23.6255,23.5514,23.4804,23.4124,23.3475,23.2856,23.2268,23.171,23.1182,23.0685,23.0218,22.978,22.9372,22.8993,22.8643,22.8322,22.8029,22.7764,22.7526,22.7316,22.7132,22.6974,22.6843,22.6736,22.6654,22.6597,22.6563,22.6553,22.6565,22.66,22.6656,22.6733,22.683,22.6948,22.7084,22.724,22.7414,22.7606,22.7815,22.804,22.8282,22.8539,22.8812,22.9099,22.94,22.9715,23.0042,23.0383,23.0736,23.11,23.1476,23.1862,23.2259,23.2666,23.3083,23.3509,23.3943,23.4386,23.4837,23.5295,23.5761,23.6233,23.6712,23.7196,23.7687,23.8183,23.8683,23.9189,23.9698,24.0212,24.0729,24.1249,24.1772,24.2297,24.2825,24.3354,24.3885,24.4416,24.4949,24.5482,24.6015,24.6547,24.7079,24.761,24.814,24.8669,24.9195,24.9719,25.0241,25.0759,25.1275,25.1788,25.2296,25.2801,25.3302,25.3799,25.4291,25.4778,25.526,25.5737,25.6209,25.6676,25.7137,25.7592,25.8042,25.8486,25.8925,25.9357,25.9784,26.0206,26.0621,26.1031,26.1436,26.1836,26.2231,26.2621,26.3006,26.3387,26.3764,26.4138,26.4509,26.4877,26.5242,26.5606,26.5969,26.6331,26.6692,26.7055,26.7418,26.7783,26.8151,26.8523,26.8898,26.9278,26.9664,27.0057,27.0457,27.0865,27.1283,27.1711,27.215,27.2602,27.3066,27.3544,27.4038,27.4547,27.5073,27.5617,27.618,27.6763,27.7366,27.7991,27.8638,27.9309,28.0004,28.0723,28.1469,28.224,28.3039,28.3865,28.472,28.5603,28.6516,28.7458,28.8431,28.9434,29.0469,29.1534,29.263,29.3758,29.4918,29.611,29.7333,29.8588,29.9874,30.1192,30.2542,30.3922,30.5334,30.6776,30.8249,30.9752,31.1284,31.2846,31.4437,31.6056
25.5739,25.4448,25.3182,25.1943,25.0731,24.9546,24.8388,24.7259,24.6158,24.5085,24.4041,24.3027,24.2042,24.1087,24.0162,23.9268,23.8404,23.7571,23.6768,23.5997,23.5256,23.4547,23.3869,23.3223,23.2607,23.2023,23.1469,23.0947,23.0455,22.9993,22.9563,22.9162,22.8791,22.8449,22.8137,22.7854,22.7599,22.7372,22.7172,22.7,22.6854,22.6735,22.6641,22.6572,22.6528,22.6508,22.6511,22.6538,22.6586,22.6656,22.6748,22.686,22.6992,22.7143,22.7313,22.7502,22.7708,22.7931,22.817,22.8426,22.8697,22.8983,22.9283,22.9597,22.9924,23.0264,23.0617,23.0981,23.1356,23.1743,23.2139,23.2546,23.2962,23.3387,23.3821,23.4263,23.4713,23.517,23.5634,23.6105,23.6582,23.7065,23.7553,23.8046,23.8544,23.9046,23.9553,24.0062,24.0575,24.1091,24.1609,24.213,24.2652,24.3175,24.37,24.4225,24.4751,24.5277,24.5802,24.6327,24.6851,24.7374,24.7895,24.8414,24.8931,24.9445,24.9956,25.0464,25.0969,25.147,25.1967,25.2459,25.2948,25.3431,25.3909,25.4383,25.4851,25.5313,25.577,25.622,25.6665,25.7104,25.7536,25.7962,25.8382,25.8796,25.9203,25.9605,26.0,26.0388,26.0771,26.1148,26.1519,26.1885,26.2246,26.2602,26.2953,26.3299,26.3642,26.3982,26.4318,26.4651,26.4983,26.5313,26.5642,26.5971,26.63,26.6631,26.6962,26.7297,26.7635,26.7977,26.8324,26.8676,26.9036,26.9403,26.9778,27.0163,27.0559,27.0966,27.1386,27.1819,27.2267,27.273,27.321,27.3707,27.4223,27.4758,27.5314,27.5892,27.6492,27.7115,27.7762,27.8435,27.9133,27.9858,28.061,28.1391,28.22,28.3039,28.3907,28.4806,28.5736,28.6698,28.7691,28.8716,28.9773,29.0863,29.1986,29.3141,29.4329,29.555,29.6804,29.809,29.9409,30.0761,30.2145,30.356,30.5007,30.6486,30.7995,30.9535,31.1105,31.2705,31.4334
25.5509,25.421,25.2937,25.1691,25.0471,24.9279,24.8115,24.6979,24.5872,24.4794,24.3745,24.2726,24.1737,24.0778,23.985,23.8953,23.8087,23.7252,23.6449,23.5677,23.4937,23.4229,23.3552,23.2908,23.2295,23.1714,23.1165,23.0647,23.0161,22.9706,22.9282,22.8888,22.8525,22.8193,22.789,22.7616,22.7371,22.7155,22.6967,22.6807,22.6674,22.6567,22.6486,22.6431,22.6401,22.6395,22.6413,22.6454,22.6517,22.6603,22.6709,22.6837,22.6984,22.7151,22.7336,22.754,22.7761,22.7999,22.8254,22.8524,22.8809,22.911,22.9424,22.9751,23.0092,23.0445,23.081,23.1186,23.1574,23.1971,23.2379,23.2796,23.3222,23.3656,23.4099,23.4549,23.5007,23.5471,23.5942,23.6418,23.6901,23.7388,23.788,23.8377,23.8877,23.9381,23.9889,24.0399,24.0912,24.1427,24.1944,24.2462,24.2982,24.3502,24.4022,24.4543,24.5063,24.5582,24.6101,24.6618,24.7133,24.7647,24.8158,24.8667,24.9172,24.9674,25.0173,25.0668,25.1159,25.1645,25.2127,25.2603,25.3075,25.3541,25.4002,25.4456,25.4905,25.5347,25.5783,25.6213,25.6636,25.7052,25.7462,25.7864,25.826,25.8649,25.9031,25.9406,25.9774,26.0136,26.0491,26.084,26.1183,26.152,26.1851,26.2176,26.2497,26.2813,26.3124,26.3432,26.3736,26.4037,26.4336,26.4633,26.4929,26.5224,26.552,26.5816,26.6114,26.6415,26.6718,26.7026,26.7339,26.7657,26.7983,26.8316,26.8658,26.901,26.9373,26.9747,27.0135,27.0536,27.0953,27.1385,27.1835,27.2303,27.279,27.3297,27.3826,27.4377,27.4951,27.555,27.6173,27.6823,27.75,27.8204,27.8937,27.9699,28.0492,28.1314,28.2168,28.3053,28.3971,28.4921,28.5904,28.6921,28.7971,28.9054,29.0172,29.1323,29.2508,29.3728,29.4981,29.6268,29.7589,29.8943,30.033,30.1751,30.3203,30.4688,30.6205,30.7753,30.9332,31.0942,31.2581
25.5235,25.3926,25.2645,25.139,25.0162,24.8962,24.779,24.6647,24.5533,24.4449,24.3394,24.2369,24.1375,24.0412,23.948,23.8579,23.771,23.6873,23.6068,23.5296,23.4555,23.3848,23.3172,23.2529,23.1919,23.1341,23.0796,23.0283,22.9802,22.9353,22.8936,22.855,22.8195,22.7872,22.7578,22.7315,22.7081,22.6876,22.67,22.6552,22.6432,22.6339,22.6272,22.6231,22.6215,22.6224,22.6258,22.6314,22.6393,22.6494,22.6617,22.676,22.6924,22.7107,22.7308,22.7528,22.7765,22.8019,22.829,22.8576,22.8877,22.9192,22.9521,22.9863,23.0218,23.0585,23.0963,23.1352,23.1752,23.2162,23.2581,23.3009,23.3446,23.3891,23.4343,23.4802,23.5268,23.574,23.6217,23.6701,23.7189,23.7681,23.8178,23.8678,23.9182,23.9689,24.0198,24.071,24.1223,24.1738,24.2254,24.277,24.3287,24.3804,24.4321,24.4837,24.5352,24.5866,24.6377,24.6887,24.7395,24.7899,24.8401,24.8899,24.9394,24.9884,25.0371,25.0853,25.133,25.1802,25.2268,25.2729,25.3184,25.3633,25.4076,25.4512,25.4941,25.5364,25.5779,25.6188,25.6589,25.6983,25.7369,25.7748,25.812,25.8484,25.884,25.9189,25.9531,25.9865,26.0193,26.0513,26.0827,26.1134,26.1435,26.173,26.202,26.2305,26.2584,26.286,26.3131,26.34,26.3665,26.3929,26.4191,26.4452,26.4713,26.4975,26.5238,26.5504,26.5773,26.6046,26.6324,26.6608,26.6898,26.7197,26.7505,26.7823,26.8152,26.8493,26.8847,26.9216,26.9601,27.0002,27.0421,27.0858,27.1316,27.1795,27.2296,27.282,27.3368,27.3942,27.4542,27.5168,27.5823,27.6507,27.722,27.7964,27.8739,27.9545,28.0384,28.1256,28.2162,28.3101,28.4074,28.5082,28.6125,28.7202,28.8315,28.9463,29.0646,29.1865,29.3118,29.4406,29.573,29.7087,29.8479,29.9905,30.1364,30.2856,30.4381,30.5939,30.7528,30.9148,31.0799
25.4914,25.3596,25.2304,25.104,24.9803,24.8594,24.7414,24.6262,24.514,24.4048,24.2987,24.1956,24.0956,23.9987,23.905,23.8145,23.7273,23.6433,23.5626,23.4851,23.411,23.3402,23.2728,23.2086,23.1478,23.0904,23.0362,22.9854,22.9378,22.8935,22.8525,22.8147,22.78,22.7486,22.7202,22.6949,22.6726,22.6533,22.637,22.6235,22.6128,22.6049,22.5997,22.5971,22.5971,22.5995,22.6044,22.6117,22.6213,22.6331,22.647,22.6631,22.6811,22.7011,22.723,22.7467,22.7721,22.7992,22.8279,22.8581,22.8898,22.923,22.9574,22.9932,23.0302,23.0683,23.1076,23.1479,23.1892,23.2315,23.2747,23.3187,23.3635,23.409,23.4552,23.5021,23.5496,23.5976,23.6462,23.6952,23.7447,23.7945,23.8447,23.8952,23.946,23.9969,24.0481,24.0994,24.1509,24.2024,24.2539,24.3055,24.357,24.4084,24.4597,24.5109,24.5619,24.6127,24.6633,24.7136,24.7635,24.8131,24.8624,24.9112,24.9596,25.0075,25.055,25.1019,25.1482,25.194,25.2392,25.2837,25.3275,25.3707,25.4132,25.455,25.496,25.5363,25.5758,25.6145,25.6525,25.6896,25.7259,25.7615,25.7962,25.83,25.8631,25.8954,25.9269,25.9576,25.9875,26.0167,26.0451,26.0729,26.1,26.1264,26.1522,26.1775,26.2022,26.2265,26.2504,26.2738,26.297,26.32,26.3427,26.3654,26.388,26.4107,26.4335,26.4565,26.4798,26.5035,26.5278,26.5526,26.5782,26.6045,26.6318,26.6601,26.6895,26.7203,26.7523,26.7859,26.8211,26.858,26.8967,26.9374,26.9802,27.0251,27.0724,27.122,27.1742,27.229,27.2866,27.3469,27.4102,27.4764,27.5458,27.6183,27.694,27.7731,27.8555,27.9414,28.0307,28.1235,28.2199,28.3199,28.4235,28.5307,28.6416,28.7561,28.8742,28.996,29.1214,29.2504,29.3831,29.5192,29.659,29.8022,29.9488,30.0989,30.2523,30.4091,30.5691,30.7323,30.8986
25.4548,25.3219,25.1916,25.0641,24.9394,24.8175,24.6985,24.5824,24.4693,24.3593,24.2523,24.1484,24.0478,23.9503,23.856,23.765,23.6773,23.593,23.512,23.4343,23.3601,23.2892,23.2218,23.1578,23.0972,23.04,22.9862,22.9358,22.8887,22.8451,22.8047,22.7677,22.7339,22.7034,22.676,22.6518,22.6307,22.6126,22.5976,22.5854,22.5762,22.5697,22.566,22.565,22.5666,22.5707,22.5773,22.5863,22.5976,22.6111,22.6269,22.6447,22.6646,22.6864,22.71,22.7355,22.7627,22.7916,22.8221,22.8541,22.8875,22.9223,22.9585,22.9958,23.0344,23.0741,23.1149,23.1567,23.1995,23.2431,23.2876,23.3328,23.3789,23.4255,23.4729,23.5208,23.5693,23.6182,23.6676,23.7174,23.7676,23.8181,23.8688,23.9198,23.971,24.0224,24.0738,24.1254,24.1769,24.2285,24.2801,24.3315,24.3829,24.4341,24.4851,24.536,24.5865,24.6368,24.6868,24.7364,24.7856,24.8344,24.8828,24.9306,24.978,25.0248,25.071,25.1167,25.1617,25.2061,25.2497,25.2927,25.335,25.3765,25.4172,25.4571,25.4962,25.5345,25.572,25.6086,25.6444,25.6792,25.7132,25.7464,25.7786,25.81,25.8405,25.8701,25.8989,25.9268,25.9539,25.9802,26.0057,26.0304,26.0544,26.0777,26.1004,26.1224,26.1439,26.1648,26.1853,26.2054,26.2251,26.2446,26.2638,26.283,26.302,26.3211,26.3403,26.3597,26.3794,26.3995,26.4201,26.4413,26.4632,26.486,26.5097,26.5344,26.5603,26.5875,26.6162,26.6463,26.6782,26.7118,26.7473,26.7848,26.8245,26.8665,26.9108,26.9577,27.0072,27.0594,27.1144,27.1724,27.2334,27.2975,27.3649,27.4355,27.5095,27.587,27.6679,27.7524,27.8406,27.9323,28.0278,28.127,28.2299,28.3367,28.4471,28.5614,28.6794,28.8013,28.9268,29.0561,29.1891,29.3258,29.4662,29.6101,29.7576,29.9086,30.063,30.2209,30.382,30.5465,30.7142
25.4137,25.2795,25.148,25.0193,24.8934,24.7704,24.6503,24.5332,24.4191,24.3081,24.2002,24.0955,23.9941,23.8958,23.8009,23.7094,23.6212,23.5364,23.455,23.3771,23.3026,23.2317,23.1642,23.1003,23.0398,22.9828,22.9294,22.8794,22.8329,22.7898,22.7502,22.7139,22.681,22.6514,22.6251,22.6021,22.5822,22.5654,22.5517,22.5409,22.5332,22.5282,22.5261,22.5268,22.53,22.5359,22.5443,22.5551,22.5682,22.5836,22.6012,22.6209,22.6427,22.6664,22.692,22.7194,22.7485,22.7792,22.8116,22.8454,22.8806,22.9173,22.9552,22.9943,23.0345,23.0759,23.1183,23.1616,23.2059,23.251,23.2969,23.3435,23.3908,23.4387,23.4872,23.5363,23.5858,23.6357,23.686,23.7367,23.7876,23.8388,23.8902,23.9418,23.9934,24.0452,24.097,24.1488,24.2006,24.2523,24.3039,24.3553,24.4066,24.4576,24.5084,24.5589,24.6091,24.6589,24.7083,24.7572,24.8057,24.8538,24.9013,24.9482,24.9945,25.0403,25.0853,25.1298,25.1735,25.2164,25.2586,25.3001,25.3407,25.3805,25.4195,25.4576,25.4948,25.5311,25.5666,25.601,25.6346,25.6672,25.6989,25.7296,25.7594,25.7882,25.8161,25.8431,25.8691,25.8942,25.9184,25.9418,25.9643,25.986,26.0069,26.027,26.0465,26.0652,26.0834,26.101,26.118,26.1347,26.1509,26.1668,26.1825,26.198,26.2134,26.2288,26.2443,26.26,26.276,26.2924,26.3093,26.3268,26.345,26.364,26.3841,26.4052,26.4275,26.4511,26.4762,26.5029,26.5312,26.5615,26.5937,26.628,26.6646,26.7035,26.7449,26.7889,26.8356,26.8852,26.9377,26.9932,27.0519,27.1139,27.1792,27.248,27.3202,27.396,27.4755,27.5587,27.6456,27.7364,27.831,27.9294,28.0317,28.138,28.2482,28.3623,28.4803,28.6022,28.7279,28.8576,28.9911,29.1284,29.2694,29.4141,29.5625,29.7146,29.8701,30.0292,30.1917,30.3575,30.5266
25.3679,25.2323,25.0995,24.9695,24.8423,24.7181,24.5968,24.4785,24.3633,24.2513,24.1424,24.0367,23.9344,23.8354,23.7397,23.6475,23.5587,23.4733,23.3915,23.3133,23.2386,23.1674,23.0999,23.036,22.9756,22.9189,22.8657,22.8162,22.7702,22.7277,22.6888,22.6533,22.6213,22.5927,22.5675,22.5456,22.5269,22.5115,22.4992,22.4899,22.4837,22.4804,22.48,22.4823,22.4874,22.4951,22.5053,22.518,22.5331,22.5504,22.57,22.5917,22.6155,22.6412,22.6688,22.6982,22.7293,22.762,22.7963,22.8321,22.8693,22.9078,22.9475,22.9885,23.0305,23.0736,23.1177,23.1627,23.2086,23.2552,23.3026,23.3507,23.3993,23.4486,23.4983,23.5485,23.5992,23.6502,23.7015,23.753,23.8048,23.8568,23.9089,23.9611,24.0133,24.0655,24.1177,24.1699,24.2219,24.2738,24.3255,24.3769,24.4281,24.479,24.5296,24.5798,24.6296,24.6789,24.7278,24.7762,24.824,24.8713,24.918,24.964,25.0093,25.054,25.0979,25.1411,25.1835,25.2251,25.2659,25.3058,25.3449,25.383,25.4202,25.4565,25.4918,25.5262,25.5595,25.5919,25.6232,25.6536,25.6829,25.7112,25.7385,25.7648,25.7901,25.8143,25.8376,25.8599,25.8812,25.9016,25.9211,25.9397,25.9574,25.9744,25.9905,26.006,26.0208,26.0349,26.0485,26.0616,26.0742,26.0865,26.0986,26.1104,26.1221,26.1338,26.1455,26.1574,26.1696,26.1822,26.1953,26.209,26.2234,26.2387,26.2549,26.2723,26.2909,26.3108,26.3323,26.3554,26.3803,26.4071,26.4359,26.4669,26.5002,26.536,26.5744,26.6155,26.6594,26.7062,26.7561,26.8092,26.8656,26.9254,26.9886,27.0555,27.126,27.2002,27.2782,27.36,27.4458,27.5355,27.6292,27.727,27.8288,27.9346,28.0445,28.1585,28.2765,28.3986,28.5247,28.6547,28.7888,28.9267,29.0686,29.2142,29.3637,29.5168,29.6736,29.834,29.9979,30.1652,30.3359
25.3175,25.1804,25.0462,24.9147,24.7862,24.6605,24.5379,24.4184,24.3019,24.1887,24.0787,23.972,23.8687,23.7687,23.6722,23.5792,23.4897,23.4038,23.3215,23.2428,23.1678,23.0964,23.0288,22.9648,22.9045,22.848,22.7951,22.746,22.7005,22.6586,22.6204,22.5858,22.5547,22.5271,22.503,22.4823,22.4649,22.4509,22.44,22.4323,22.4277,22.4261,22.4274,22.4316,22.4385,22.4481,22.4603,22.475,22.4921,22.5116,22.5332,22.5571,22.5829,22.6108,22.6405,22.672,22.7052,22.74,22.7764,22.8142,22.8534,22.8939,22.9357,22.9785,23.0225,23.0674,23.1133,23.16,23.2076,23.2559,23.3048,23.3544,23.4045,23.4552,23.5062,23.5577,23.6095,23.6617,23.714,23.7666,23.8193,23.8721,23.9249,23.9778,24.0306,24.0834,24.1361,24.1886,24.2409,24.293,24.3449,24.3964,24.4476,24.4984,24.5488,24.5987,24.6482,24.6971,24.7455,24.7933,24.8405,24.8871,24.9329,24.9781,25.0224,25.0661,25.1089,25.1509,25.192,25.2322,25.2716,25.31,25.3474,25.3839,25.4194,25.4538,25.4873,25.5196,25.5509,25.5812,25.6104,25.6384,25.6654,25.6913,25.7161,25.7398,25.7624,25.7839,25.8044,25.8238,25.8422,25.8596,25.8761,25.8915,25.9061,25.9198,25.9326,25.9447,25.956,25.9667,25.9767,25.9862,25.9952,26.0039,26.0122,26.0202,26.0281,26.036,26.0439,26.0519,26.0603,26.069,26.0781,26.0879,26.0984,26.1098,26.1222,26.1357,26.1505,26.1667,26.1845,26.2039,26.2252,26.2484,26.2738,26.3014,26.3314,26.364,26.3992,26.4373,26.4783,26.5224,26.5697,26.6203,26.6743,26.7319,26.793,26.8579,26.9266,26.9992,27.0757,27.1563,27.2409,27.3297,27.4225,27.5196,27.6209,27.7264,27.8361,27.95,28.0681,28.1904,28.3169,28.4475,28.5822,28.7209,28.8637,29.0104,29.1609,29.3153,29.4734,29.6352,29.8006,29.9696,30.142
25.2624,25.1238,24.9879,24.8549,24.7248,24.5977,24.4737,24.3527,24.2349,24.1204,24.0092,23.9013,23.7969,23.6959,23.5984,23.5045,23.4143,23.3277,23.2448,23.1656,23.0902,23.0185,22.9507,22.8867,22.8264,22.77,22.7174,22.6687,22.6237,22.5824,22.5449,22.5111,22.481,22.4544,22.4315,22.412,22.396,22.3834,22.3741,22.368,22.3651,22.3653,22.3685,22.3745,22.3834,22.3951,22.4093,22.4261,22.4454,22.467,22.4909,22.5169,22.545,22.575,22.607,22.6407,22.6762,22.7132,22.7518,22.7918,22.8331,22.8757,22.9195,22.9644,23.0103,23.0572,23.105,23.1536,23.2029,23.2529,23.3035,23.3547,23.4064,23.4585,23.511,23.5638,23.6169,23.6702,23.7237,23.7773,23.831,23.8847,23.9384,23.992,24.0455,24.0989,24.1521,24.205,24.2577,24.3101,24.3621,24.4138,24.465,24.5157,24.566,24.6157,24.6649,24.7135,24.7614,24.8087,24.8553,24.9011,24.9462,24.9905,25.0339,25.0765,25.1182,25.1591,25.1989,25.2378,25.2758,25.3127,25.3485,25.3833,25.4171,25.4497,25.4812,25.5116,25.5409,25.569,25.596,25.6217,25.6464,25.6698,25.6921,25.7132,25.7331,25.7519,25.7696,25.7861,25.8016,25.8159,25.8292,25.8415,25.8529,25.8632,25.8727,25.8814,25.8892,25.8963,25.9027,25.9086,25.9139,25.9188,25.9233,25.9275,25.9315,25.9355,25.9394,25.9435,25.9479,25.9526,25.9577,25.9635,25.9701,25.9775,25.9859,25.9955,26.0064,26.0187,26.0326,26.0483,26.0658,26.0854,26.1072,26.1314,26.158,26.1873,26.2194,26.2544,26.2924,26.3337,26.3783,26.4263,26.4779,26.5332,26.5923,26.6552,26.7221,26.793,26.8681,26.9474,27.0309,27.1186,27.2107,27.3072,27.408,27.5131,27.6227,27.7366,27.8549,27.9776,28.1045,28.2357,28.3712,28.5108,28.6546,28.8024,28.9542,29.1099,29.2695,29.4329,29.5999,29.7706,29.9448
25.2028,25.0624,24.9248,24.7901,24.6583,24.5296,24.404,24.2815,24.1622,24.0463,23.9337,23.8245,23.7189,23.6167,23.5182,23.4234,23.3323,23.2449,23.1613,23.0815,23.0056,22.9337,22.8656,22.8014,22.7412,22.6849,22.6326,22.5841,22.5396,22.499,22.4622,22.4293,22.4001,22.3746,22.3529,22.3347,22.3201,22.309,22.3013,22.2969,22.2958,22.2978,22.3029,22.311,22.322,22.3358,22.3522,22.3712,22.3927,22.4166,22.4428,22.4712,22.5016,22.534,22.5683,22.6044,22.6422,22.6816,22.7224,22.7647,22.8083,22.8531,22.8991,22.9461,22.9942,23.0431,23.0929,23.1434,23.1946,23.2465,23.2989,23.3517,23.4051,23.4587,23.5127,23.567,23.6214,23.676,23.7307,23.7854,23.8401,23.8948,23.9494,24.0038,24.0581,24.1121,24.1658,24.2193,24.2724,24.3251,24.3773,24.4291,24.4804,24.5312,24.5814,24.6309,24.6798,24.7281,24.7756,24.8224,24.8684,24.9135,24.9579,25.0013,25.0438,25.0855,25.1261,25.1657,25.2044,25.242,25.2785,25.3139,25.3482,25.3813,25.4133,25.4442,25.4738,25.5022,25.5294,25.5554,25.5801,25.6036,25.6259,25.6469,25.6666,25.6851,25.7023,25.7184,25.7332,25.7468,25.7592,25.7705,25.7807,25.7898,25.7978,25.8048,25.8109,25.816,25.8203,25.8238,25.8266,25.8287,25.8302,25.8312,25.8319,25.8322,25.8322,25.8322,25.8321,25.8322,25.8324,25.833,25.8341,25.8358,25.8383,25.8416,25.8459,25.8515,25.8583,25.8667,25.8767,25.8884,25.9022,25.918,25.9362,25.9567,25.9799,26.0058,26.0346,26.0665,26.1015,26.1399,26.1817,26.2271,26.2763,26.3292,26.3862,26.4471,26.5122,26.5815,26.6551,26.7331,26.8155,26.9023,26.9936,27.0895,27.1899,27.2948,27.4043,27.5183,27.6369,27.7599,27.8875,28.0194,28.1557,28.2963,28.4412,28.5902,28.7434,28.9006,29.0618,29.2268,29.3956,29.5682,29.7443
25.1384,24.9962,24.8567,24.7202,24.5866,24.4561,24.3288,24.2046,24.0838,23.9663,23.8522,23.7416,23.6346,23.5312,23.4316,23.3356,23.2435,23.1553,23.0709,22.9905,22.9141,22.8417,22.7733,22.7089,22.6487,22.5925,22.5403,22.4922,22.4482,22.4082,22.3721,22.3401,22.3119,22.2876,22.267,22.2502,22.2371,22.2276,22.2215,22.2189,22.2197,22.2237,22.2308,22.241,22.2542,22.2702,22.2889,22.3103,22.3341,22.3604,22.3891,22.4199,22.4528,22.4877,22.5245,22.563,22.6033,22.6451,22.6884,22.7331,22.779,22.8262,22.8745,22.9238,22.974,23.0251,23.077,23.1296,23.1828,23.2365,23.2908,23.3455,23.4005,23.4558,23.5114,23.5672,23.623,23.679,23.7349,23.7909,23.8467,23.9024,23.958,24.0133,24.0683,24.123,24.1774,24.2314,24.2849,24.338,24.3906,24.4426,24.494,24.5448,24.5949,24.6443,24.693,24.741,24.7881,24.8344,24.8798,24.9244,24.968,25.0106,25.0523,25.0929,25.1325,25.171,25.2084,25.2447,25.2798,25.3137,25.3465,25.378,25.4083,25.4373,25.465,25.4915,25.5166,25.5404,25.5629,25.5841,25.604,25.6225,25.6397,25.6555,25.6701,25.6833,25.6952,25.7059,25.7153,25.7235,25.7305,25.7363,25.741,25.7446,25.7472,25.7488,25.7494,25.7493,25.7483,25.7466,25.7442,25.7414,25.738,25.7343,25.7303,25.7262,25.722,25.7179,25.714,25.7104,25.7072,25.7047,25.703,25.7021,25.7022,25.7036,25.7063,25.7106,25.7165,25.7243,25.7342,25.7462,25.7605,25.7774,25.797,25.8194,25.8449,25.8735,25.9054,25.9408,25.9798,26.0226,26.0692,26.1199,26.1746,26.2336,26.2968,26.3645,26.4366,26.5133,26.5946,26.6805,26.7711,26.8664,26.9665,27.0713,27.1807,27.295,27.4139,27.5374,27.6656,27.7983,27.9356,28.0773,28.2234,28.3739,28.5285,28.6873,28.8502,29.0171,29.1878,29.3623,29.5405
25.0694,24.9252,24.7837,24.6452,24.5097,24.3773,24.2481,24.1222,23.9995,23.8803,23.7646,23.6525,23.5441,23.4393,23.3383,23.2412,23.148,23.0588,22.9735,22.8924,22.8153,22.7424,22.6737,22.6091,22.5487,22.4926,22.4406,22.3929,22.3493,22.3099,22.2746,22.2434,22.2162,22.1931,22.1738,22.1584,22.1468,22.139,22.1347,22.134,22.1367,22.1427,22.152,22.1644,22.1799,22.1982,22.2193,22.2432,22.2696,22.2984,22.3296,22.363,22.3985,22.436,22.4754,22.5166,22.5595,22.6039,22.6497,22.6969,22.7454,22.795,22.8457,22.8974,22.9499,23.0033,23.0574,23.1121,23.1674,23.2232,23.2794,23.336,23.3928,23.4499,23.5071,23.5645,23.6219,23.6792,23.7366,23.7938,23.8508,23.9076,23.9642,24.0204,24.0763,24.1318,24.1869,24.2414,24.2955,24.349,24.4019,24.4541,24.5057,24.5566,24.6067,24.6561,24.7046,24.7523,24.799,24.8449,24.8898,24.9337,24.9766,25.0185,25.0593,25.099,25.1375,25.1749,25.2111,25.246,25.2798,25.3123,25.3434,25.3733,25.4019,25.4291,25.4549,25.4794,25.5025,25.5242,25.5444,25.5633,25.5807,25.5968,25.6114,25.6246,25.6364,25.6468,25.6558,25.6635,25.6698,25.6748,25.6786,25.6811,25.6824,25.6826,25.6816,25.6796,25.6766,25.6726,25.6678,25.6623,25.656,25.6491,25.6417,25.6339,25.6257,25.6174,25.609,25.6006,25.5924,25.5845,25.5771,25.5703,25.5642,25.559,25.5548,25.5519,25.5504,25.5504,25.5522,25.5559,25.5617,25.5697,25.5802,25.5933,25.6092,25.6281,25.65,25.6753,25.7041,25.7364,25.7725,25.8126,25.8567,25.9049,25.9574,26.0144,26.0758,26.1418,26.2125,26.2879,26.3681,26.4532,26.5431,26.6379,26.7377,26.8423,26.9519,27.0664,27.1857,27.3098,27.4388,27.5725,27.7108,27.8538,28.0012,28.1532,28.3095,28.47,28.6347,28.8035,28.9763,29.1529,29.3333
24.9958,24.8494,24.7058,24.5651,24.4276,24.2931,24.1619,24.034,23.9095,23.7884,23.671,23.5572,23.4471,23.3408,23.2384,23.14,23.0456,22.9553,22.8691,22.7871,22.7093,22.6358,22.5667,22.5018,22.4413,22.3851,22.3333,22.2859,22.2428,22.204,22.1694,22.1391,22.113,22.0911,22.0731,22.0592,22.0492,22.0431,22.0407,22.0419,22.0467,22.0549,22.0664,22.0812,22.099,22.1198,22.1435,22.1699,22.199,22.2305,22.2644,22.3005,22.3388,22.3791,22.4212,22.4651,22.5107,22.5578,22.6063,22.6562,22.7073,22.7595,22.8128,22.8669,22.9219,22.9777,23.0341,23.0911,23.1486,23.2065,23.2648,23.3233,23.3821,23.441,23.5,23.559,23.618,23.6769,23.7356,23.7942,23.8524,23.9104,23.9681,24.0253,24.0821,24.1385,24.1943,24.2495,24.3041,24.3581,24.4114,24.4639,24.5157,24.5667,24.6169,24.6662,24.7145,24.762,24.8084,24.8539,24.8983,24.9416,24.9839,25.025,25.0649,25.1037,25.1412,25.1775,25.2125,25.2462,25.2785,25.3095,25.3392,25.3674,25.3943,25.4197,25.4436,25.4661,25.4871,25.5066,25.5247,25.5412,25.5562,25.5697,25.5818,25.5923,25.6013,25.6089,25.6149,25.6196,25.6228,25.6247,25.6251,25.6243,25.6221,25.6188,25.6142,25.6085,25.6018,25.594,25.5853,25.5758,25.5655,25.5545,25.5429,25.5309,25.5185,25.5059,25.4932,25.4804,25.4678,25.4555,25.4437,25.4324,25.4218,25.4122,25.4036,25.3963,25.3904,25.3861,25.3836,25.3831,25.3847,25.3886,25.3951,25.4043,25.4164,25.4316,25.45,25.4719,25.4973,25.5266,25.5597,25.597,25.6384,25.6842,25.7345,25.7894,25.8489,25.9133,25.9825,26.0567,26.1358,26.2201,26.3094,26.4037,26.5033,26.6079,26.7176,26.8324,26.9523,27.0772,27.207,27.3417,27.4813,27.6256,27.7746,27.9281,28.0862,28.2486,28.4153,28.5862,28.7612,28.9401,29.1229
24.9175,24.7688,24.6229,24.48,24.3401,24.2035,24.0701,23.9401,23.8135,23.6905,23.5711,23.4555,23.3437,23.2358,23.1318,23.032,22.9362,22.8447,22.7574,22.6745,22.5959,22.5218,22.4521,22.3869,22.3262,22.27,22.2183,22.1711,22.1285,22.0903,22.0565,22.0271,22.0021,21.9814,21.9648,21.9525,21.9441,21.9398,21.9393,21.9426,21.9495,21.96,21.9739,21.9911,22.0115,22.035,22.0613,22.0905,22.1223,22.1566,22.1934,22.2324,22.2736,22.3167,22.3618,22.4086,22.457,22.507,22.5583,22.611,22.6649,22.7198,22.7757,22.8325,22.89,22.9483,23.0072,23.0665,23.1263,23.1865,23.2469,23.3076,23.3683,23.4292,23.49,23.5508,23.6114,23.6719,23.7322,23.7921,23.8518,23.911,23.9698,24.0281,24.0859,24.1431,24.1997,24.2556,24.3109,24.3654,24.4191,24.472,24.524,24.5752,24.6254,24.6747,24.723,24.7702,24.8164,24.8615,24.9054,24.9482,24.9898,25.0302,25.0693,25.1071,25.1436,25.1788,25.2126,25.2451,25.2761,25.3056,25.3337,25.3604,25.3855,25.4091,25.4311,25.4516,25.4706,25.4879,25.5037,25.5179,25.5305,25.5415,25.5509,25.5587,25.5649,25.5696,25.5727,25.5743,25.5744,25.573,25.5701,25.5659,25.5602,25.5533,25.5451,25.5356,25.5251,25.5134,25.5007,25.4872,25.4727,25.4576,25.4418,25.4255,25.4088,25.3917,25.3745,25.3573,25.3402,25.3234,25.3069,25.2911,25.2759,25.2617,25.2486,25.2367,25.2263,25.2176,25.2106,25.2057,25.203,25.2028,25.2051,25.2103,25.2185,25.2298,25.2446,25.2629,25.285,25.3111,25.3412,25.3756,25.4143,25.4576,25.5056,25.5584,25.6161,25.6788,25.7466,25.8195,25.8976,25.9811,26.0698,26.1638,26.2631,26.3678,26.4778,26.593,26.7135,26.8392,26.9701,27.106,27.2469,27.3927,27.5433,27.6986,27.8586,28.0231,28.1919,28.3651,28.5424,28.7237,28.909
24.8346,24.6834,24.535,24.3897,24.2475,24.1084,23.9727,23.8404,23.7117,23.5865,23.4651,23.3474,23.2337,23.124,23.0184,22.917,22.8198,22.7269,22.6385,22.5545,22.475,22.4001,22.3298,22.2642,22.2032,22.147,22.0954,22.0484,22.0062,21.9686,21.9356,21.9072,21.8833,21.8639,21.8488,21.838,21.8314,21.829,21.8305,21.836,21.8452,21.8581,21.8745,21.8943,21.9173,21.9435,21.9727,22.0048,22.0395,22.0768,22.1166,22.1586,22.2028,22.249,22.2971,22.3469,22.3984,22.4514,22.5057,22.5613,22.6181,22.6759,22.7346,22.7941,22.8544,22.9152,22.9767,23.0385,23.1007,23.1632,23.2259,23.2888,23.3516,23.4145,23.4773,23.5399,23.6023,23.6645,23.7263,23.7878,23.8488,23.9094,23.9694,24.0288,24.0877,24.1458,24.2033,24.26,24.3159,24.3709,24.4251,24.4784,24.5308,24.5821,24.6325,24.6818,24.73,24.7771,24.823,24.8677,24.9112,24.9535,24.9945,25.0341,25.0725,25.1094,25.1449,25.179,25.2117,25.2429,25.2725,25.3006,25.3272,25.3522,25.3756,25.3974,25.4176,25.4361,25.4529,25.4681,25.4816,25.4935,25.5036,25.5121,25.5188,25.5239,25.5273,25.5291,25.5292,25.5277,25.5246,25.5199,25.5137,25.5059,25.4968,25.4862,25.4742,25.461,25.4465,25.4309,25.4142,25.3965,25.3778,25.3584,25.3383,25.3176,25.2964,25.2749,25.2531,25.2313,25.2096,25.188,25.1669,25.1463,25.1265,25.1076,25.0897,25.0732,25.0581,25.0447,25.0332,25.0238,25.0167,25.0121,25.0102,25.0112,25.0153,25.0228,25.0338,25.0485,25.0671,25.0898,25.1168,25.1482,25.1843,25.225,25.2707,25.3214,25.3772,25.4382,25.5045,25.5762,25.6533,25.736,25.8242,25.9179,26.0171,26.1219,26.2322,26.348,26.4693,26.5959,26.7279,26.8651,27.0075,27.1549,27.3073,27.4646,27.6266,27.7933,27.9645,28.14,28.3199,28.5038,28.6918
24.7471,24.5932,24.4422,24.2943,24.1495,24.0079,23.8697,23.735,23.6039,23.4764,23.3527,23.233,23.1172,23.0055,22.8981,22.7949,22.6961,22.6018,22.512,22.4269,22.3464,22.2707,22.1997,22.1336,22.0723,22.0159,21.9644,21.9177,21.8759,21.8389,21.8067,21.7793,21.7565,21.7384,21.7248,21.7157,21.711,21.7105,21.7142,21.7219,21.7335,21.7489,21.7679,21.7905,21.8164,21.8455,21.8776,21.9127,21.9505,21.991,22.0339,22.0791,22.1265,22.1759,22.2272,22.2803,22.3349,22.3911,22.4485,22.5072,22.567,22.6278,22.6894,22.7518,22.8149,22.8786,22.9427,23.0071,23.0719,23.1368,23.2019,23.267,23.3321,23.3971,23.4619,23.5265,23.5907,23.6547,23.7182,23.7812,23.8437,23.9056,23.9669,24.0276,24.0875,24.1467,24.205,24.2625,24.3192,24.3749,24.4296,24.4833,24.536,24.5876,24.6381,24.6875,24.7356,24.7826,24.8283,24.8727,24.9158,24.9576,24.998,25.0369,25.0745,25.1105,25.1451,25.1782,25.2097,25.2396,25.2679,25.2946,25.3197,25.343,25.3647,25.3847,25.403,25.4195,25.4343,25.4473,25.4585,25.468,25.4756,25.4815,25.4856,25.488,25.4885,25.4873,25.4844,25.4798,25.4734,25.4654,25.4558,25.4445,25.4317,25.4175,25.4017,25.3846,25.3662,25.3465,25.3256,25.3037,25.2808,25.257,25.2325,25.2072,25.1815,25.1553,25.1289,25.1024,25.0758,25.0495,25.0236,24.9982,24.9735,24.9497,24.927,24.9056,24.8857,24.8676,24.8514,24.8373,24.8256,24.8165,24.8102,24.8069,24.8068,24.8102,24.8173,24.8283,24.8433,24.8626,24.8864,24.9148,24.948,24.9862,25.0295,25.078,25.1319,25.1912,25.2561,25.3266,25.4028,25.4847,25.5724,25.6658,25.7651,25.8701,25.9809,26.0973,26.2195,26.3472,26.4804,26.6191,26.7631,26.9123,27.0667,27.226,27.3903,27.5593,27.733,27.9111,28.0936,28.2803,28.4711
24.655,24.4983,24.3445,24.1938,24.0462,23.902,23.7611,23.6238,23.4901,23.3601,23.234,23.112,22.994,22.8802,22.7707,22.6657,22.5652,22.4693,22.3781,22.2916,22.2101,22.1334,22.0617,21.995,21.9333,21.8767,21.8252,21.7787,21.7373,21.7009,21.6695,21.6431,21.6215,21.6048,21.5928,21.5854,21.5826,21.5842,21.5901,21.6003,21.6144,21.6324,21.6543,21.6797,21.7085,21.7407,21.776,21.8143,21.8554,21.8991,21.9454,21.9939,22.0447,22.0975,22.1522,22.2086,22.2666,22.326,22.3868,22.4487,22.5117,22.5756,22.6403,22.7058,22.7718,22.8383,22.9052,22.9724,23.0398,23.1073,23.1749,23.2424,23.3098,23.377,23.4439,23.5105,23.5767,23.6425,23.7077,23.7724,23.8365,23.8999,23.9625,24.0244,24.0855,24.1457,24.2051,24.2634,24.3208,24.3772,24.4325,24.4867,24.5398,24.5917,24.6424,24.6919,24.74,24.7869,24.8324,24.8765,24.9193,24.9605,25.0004,25.0387,25.0754,25.1107,25.1443,25.1763,25.2067,25.2353,25.2623,25.2876,25.3111,25.3329,25.3529,25.3711,25.3874,25.402,25.4146,25.4255,25.4344,25.4415,25.4467,25.45,25.4514,25.451,25.4486,25.4445,25.4385,25.4306,25.421,25.4096,25.3965,25.3817,25.3653,25.3472,25.3276,25.3066,25.2841,25.2603,25.2352,25.209,25.1817,25.1535,25.1243,25.0945,25.0641,25.0332,25.0019,24.9705,24.9391,24.9079,24.8769,24.8465,24.8168,24.788,24.7604,24.734,24.7092,24.6861,24.665,24.6461,24.6296,24.6159,24.605,24.5973,24.5929,24.5921,24.5952,24.6023,24.6136,24.6294,24.6499,24.6752,24.7055,24.741,24.7819,24.8282,24.8801,24.9378,25.0012,25.0705,25.1458,25.227,25.3143,25.4076,25.5069,25.6122,25.7235,25.8408,25.9639,26.0928,26.2274,26.3677,26.5135,26.6647,26.8212,26.9828,27.1495,27.3211,27.4974,27.6783,27.8636,28.0533,28.2471
24.5584,24.3986,24.2419,24.0882,23.9377,23.7905,23.6468,23.5067,23.3703,23.2376,23.109,22.9844,22.864,22.748,22.6363,22.5293,22.4269,22.3292,22.2364,22.1486,22.0658,21.9881,21.9155,21.8481,21.786,21.7291,21.6776,21.6313,21.5902,21.5545,21.5239,21.4985,21.4782,21.4629,21.4525,21.447,21.4462,21.45,21.4583,21.4709,21.4877,21.5086,21.5333,21.5618,21.5938,21.6292,21.6678,21.7094,21.754,21.8012,21.8509,21.9031,21.9574,22.0137,22.0719,22.1319,22.1934,22.2563,22.3205,22.3858,22.4521,22.5193,22.5873,22.6559,22.725,22.7945,22.8644,22.9344,23.0046,23.0748,23.145,23.215,23.2848,23.3543,23.4234,23.4922,23.5604,23.6281,23.6951,23.7615,23.8272,23.8921,23.9562,24.0195,24.0818,24.1431,24.2035,24.2628,24.321,24.3781,24.434,24.4888,24.5423,24.5945,24.6454,24.695,24.7432,24.79,24.8354,24.8792,24.9216,24.9625,25.0017,25.0394,25.0754,25.1098,25.1425,25.1735,25.2027,25.2302,25.2559,25.2797,25.3018,25.3219,25.3402,25.3566,25.371,25.3836,25.3941,25.4027,25.4094,25.4141,25.4168,25.4175,25.4162,25.4129,25.4077,25.4005,25.3914,25.3804,25.3675,25.3527,25.336,25.3176,25.2974,25.2756,25.252,25.227,25.2004,25.1723,25.143,25.1123,25.0806,25.0477,25.014,24.9794,24.9442,24.9084,24.8722,24.8359,24.7994,24.7631,24.727,24.6915,24.6566,24.6227,24.5898,24.5583,24.5283,24.5001,24.474,24.4501,24.4288,24.4102,24.3946,24.3822,24.3734,24.3683,24.3672,24.3702,24.3778,24.39,24.407,24.4291,24.4565,24.4893,24.5276,24.5717,24.6217,24.6776,24.7396,24.8078,24.8821,24.9627,25.0496,25.1428,25.2423,25.3481,25.46,25.5782,25.7024,25.8327,25.9689,26.111,26.2587,26.412,26.5708,26.7349,26.9042,27.0785,27.2576,27.4415,27.6299,27.8227,28.0197
24.4572,24.2943,24.1344,23.9775,23.8239,23.6737,23.5269,23.3838,23.2444,23.1089,22.9775,22.8502,22.7273,22.6087,22.4948,22.3855,22.281,22.1815,22.087,21.9976,21.9134,21.8345,21.761,21.6929,21.6302,21.5731,21.5214,21.4752,21.4346,21.3994,21.3697,21.3454,21.3263,21.3125,21.3039,21.3003,21.3016,21.3077,21.3185,21.3338,21.3534,21.3772,21.405,21.4367,21.472,21.5108,21.5529,21.5981,21.6463,21.6971,21.7506,21.8064,21.8645,21.9246,21.9865,22.0501,22.1153,22.1819,22.2497,22.3186,22.3884,22.4591,22.5304,22.6023,22.6747,22.7473,22.8203,22.8933,22.9664,23.0394,23.1122,23.1849,23.2572,23.3291,23.4006,23.4715,23.5418,23.6115,23.6805,23.7487,23.8161,23.8826,23.9482,24.0128,24.0764,24.1389,24.2003,24.2606,24.3197,24.3776,24.4342,24.4895,24.5435,24.5961,24.6473,24.697,24.7453,24.792,24.8373,24.8809,24.923,24.9634,25.0021,25.0392,25.0745,25.1081,25.1399,25.1698,25.198,25.2242,25.2486,25.271,25.2916,25.3101,25.3267,25.3413,25.3538,25.3643,25.3728,25.3792,25.3836,25.3858,25.386,25.3841,25.3801,25.374,25.3658,25.3556,25.3434,25.3291,25.3128,25.2945,25.2743,25.2522,25.2283,25.2025,25.175,25.1458,25.115,25.0827,25.0489,25.0138,24.9775,24.94,24.9015,24.862,24.8219,24.7811,24.7399,24.6984,24.6567,24.6152,24.5739,24.533,24.4928,24.4535,24.4153,24.3785,24.3432,24.3098,24.2784,24.2493,24.2229,24.1993,24.1788,24.1617,24.1482,24.1386,24.1332,24.1321,24.1357,24.1441,24.1576,24.1765,24.2008,24.2307,24.2666,24.3084,24.3564,24.4106,24.4712,24.5382,24.6117,24.6917,24.7783,24.8715,24.9713,25.0775,25.1903,25.3095,25.435,25.5668,25.7047,25.8487,25.9986,26.1542,26.3155,26.4823,26.6543,26.8315,27.0137,27.2007,27.3924,27.5885,27.7889
24.3515,24.1852,24.022,23.8618,23.7049,23.5513,23.4013,23.255,23.1125,22.974,22.8395,22.7094,22.5836,22.4625,22.346,22.2343,22.1276,22.026,21.9296,21.8385,21.7529,21.6727,21.5981,21.5291,21.4658,21.4083,21.3565,21.3105,21.2702,21.2356,21.2067,21.1835,21.1658,21.1536,21.1467,21.1451,21.1487,21.1572,21.1706,21.1887,21.2112,21.2382,21.2692,21.3043,21.3431,21.3855,21.4313,21.4803,21.5322,21.587,21.6443,21.7041,21.7661,21.8301,21.8959,21.9635,22.0325,22.1029,22.1745,22.2471,22.3206,22.3949,22.4697,22.5451,22.6208,22.6968,22.7729,22.8491,22.9252,23.0011,23.0768,23.1521,23.227,23.3015,23.3753,23.4486,23.5211,23.5929,23.6639,23.7339,23.8031,23.8713,23.9384,24.0045,24.0694,24.1332,24.1957,24.257,24.3171,24.3758,24.4331,24.489,24.5435,24.5965,24.648,24.6979,24.7463,24.7931,24.8382,24.8817,24.9234,24.9634,25.0017,25.0381,25.0728,25.1055,25.1364,25.1654,25.1924,25.2175,25.2406,25.2616,25.2807,25.2976,25.3125,25.3253,25.3359,25.3444,25.3508,25.355,25.357,25.3568,25.3544,25.3499,25.3431,25.3342,25.3231,25.3098,25.2944,25.2768,25.2571,25.2353,25.2115,25.1857,25.1579,25.1282,25.0966,25.0632,25.0282,24.9915,24.9532,24.9135,24.8725,24.8302,24.7868,24.7424,24.6972,24.6513,24.6049,24.5581,24.5111,24.4642,24.4174,24.3711,24.3254,24.2806,24.2369,24.1945,24.1538,24.1149,24.0781,24.0437,24.012,23.9832,23.9576,23.9356,23.9173,23.903,23.8931,23.8877,23.8872,23.8918,23.9016,23.917,23.9382,23.9653,23.9985,24.0381,24.084,24.1365,24.1956,24.2615,24.3342,24.4137,24.5001,24.5934,24.6935,24.8004,24.9141,25.0345,25.1615,25.2949,25.4348,25.5809,25.7331,25.8912,26.0552,26.2248,26.3999,26.5802,26.7657,26.956,27.1511,27.3508,27.5548
24.2414,24.0716,23.9048,23.741,23.5806,23.4236,23.2701,23.1204,22.9745,22.8327,22.6951,22.5618,22.4331,22.3091,22.1899,22.0756,21.9665,21.8627,21.7642,21.6713,21.5839,21.5023,21.4265,21.3566,21.2926,21.2346,21.1827,21.1367,21.0967,21.0628,21.0348,21.0126,20.9963,20.9858,20.9808,20.9813,20.9872,20.9983,21.0145,21.0355,21.0612,21.0914,21.1259,21.1645,21.2071,21.2533,21.3029,21.3559,21.4118,21.4707,21.5321,21.596,21.6621,21.7302,21.8002,21.8718,21.9449,22.0194,22.0949,22.1714,22.2488,22.3268,22.4054,22.4843,22.5636,22.643,22.7225,22.8019,22.8811,22.96,23.0387,23.1168,23.1945,23.2715,23.3479,23.4235,23.4984,23.5723,23.6453,23.7174,23.7884,23.8583,23.927,23.9946,24.061,24.126,24.1898,24.2522,24.3132,24.3727,24.4308,24.4874,24.5424,24.5959,24.6477,24.6979,24.7464,24.7932,24.8383,24.8816,24.9231,24.9627,25.0005,25.0363,25.0703,25.1023,25.1323,25.1603,25.1862,25.2101,25.2319,25.2516,25.2691,25.2845,25.2976,25.3086,25.3173,25.3238,25.3281,25.33,25.3297,25.3271,25.3222,25.315,25.3055,25.2937,25.2796,25.2632,25.2445,25.2236,25.2005,25.1751,25.1476,25.118,25.0863,25.0526,25.0169,24.9793,24.9399,24.8987,24.8559,24.8115,24.7657,24.7185,24.6701,24.6206,24.5702,24.5191,24.4673,24.4151,24.3626,24.3101,24.2578,24.2058,24.1545,24.1039,24.0545,24.0065,23.96,23.9155,23.8731,23.8331,23.7959,23.7618,23.7309,23.7037,23.6804,23.6613,23.6467,23.6369,23.6321,23.6327,23.6388,23.6507,23.6686,23.6927,23.7233,23.7605,23.8044,23.8551,23.9128,23.9776,24.0495,24.1286,24.2149,24.3083,24.4089,24.5166,24.6314,24.7531,24.8817,25.017,25.1589,25.3074,25.4621,25.623,25.7899,25.9625,26.1408,26.3245,26.5134,26.7074,26.9061,27.1095,27.3174
24.1269,23.9534,23.7828,23.6153,23.4511,23.2904,23.1332,22.9799,22.8305,22.6851,22.5441,22.4075,22.2756,22.1485,22.0263,21.9093,21.7976,21.6913,21.5906,21.4956,21.4065,21.3233,21.2462,21.1752,21.1104,21.0519,20.9997,20.9537,20.9141,20.8807,20.8536,20.8327,20.8178,20.8089,20.8059,20.8087,20.8171,20.8309,20.8499,20.8741,20.9031,20.9368,20.9749,21.0173,21.0637,21.114,21.1677,21.2249,21.2851,21.3482,21.414,21.4822,21.5526,21.6251,21.6994,21.7753,21.8527,21.9313,22.011,22.0916,22.173,22.255,22.3374,22.4201,22.503,22.586,22.669,22.7517,22.8342,22.9164,22.998,23.0791,23.1596,23.2394,23.3184,23.3965,23.4737,23.5499,23.6251,23.6991,23.772,23.8437,23.9142,23.9834,24.0512,24.1176,24.1826,24.2461,24.3081,24.3686,24.4275,24.4848,24.5404,24.5943,24.6465,24.697,24.7457,24.7926,24.8376,24.8807,24.9219,24.9612,24.9986,25.0339,25.0672,25.0984,25.1275,25.1545,25.1794,25.2021,25.2226,25.2409,25.257,25.2707,25.2822,25.2914,25.2982,25.3027,25.3048,25.3045,25.3019,25.2968,25.2893,25.2795,25.2672,25.2524,25.2353,25.2158,25.1939,25.1696,25.143,25.114,25.0828,25.0494,25.0137,24.9759,24.936,24.8941,24.8502,24.8045,24.757,24.7078,24.6571,24.6049,24.5514,24.4967,24.441,24.3845,24.3272,24.2694,24.2113,24.1531,24.095,24.0372,23.98,23.9236,23.8682,23.8143,23.7619,23.7115,23.6633,23.6176,23.5747,23.5349,23.4986,23.4661,23.4376,23.4134,23.394,23.3796,23.3704,23.3667,23.3689,23.3772,23.3918,23.4129,23.4407,23.4754,23.5172,23.5662,23.6226,23.6863,23.7575,23.8362,23.9224,24.0161,24.1173,24.2259,24.3419,24.4651,24.5955,24.7329,24.8771,25.0281,25.1856,25.3494,25.5194,25.6954,25.8771,26.0644,26.257,26.4547,26.6574,26.8648,27.0767
24.0082,23.8307,23.6561,23.4847,23.3165,23.1518,22.9908,22.8335,22.6803,22.5313,22.3866,22.2465,22.1111,21.9806,21.8553,21.7353,21.6207,21.5118,21.4087,21.3115,21.2204,21.1355,21.0569,20.9847,20.919,20.8599,20.8074,20.7614,20.7221,20.6893,20.6631,20.6433,20.63,20.6229,20.622,20.6271,20.638,20.6547,20.6768,20.7043,20.7368,20.7742,20.8162,20.8626,20.9131,20.9676,21.0257,21.0872,21.1519,21.2195,21.2899,21.3627,21.4377,21.5147,21.5936,21.674,21.7558,21.8388,21.9229,22.0078,22.0933,22.1794,22.2659,22.3525,22.4393,22.526,22.6125,22.6988,22.7847,22.8701,22.955,23.0391,23.1225,23.2051,23.2868,23.3675,23.4472,23.5257,23.6031,23.6793,23.7542,23.8278,23.9,23.9707,24.0401,24.1079,24.1742,24.2389,24.302,24.3634,24.4232,24.4812,24.5374,24.5919,24.6445,24.6953,24.7442,24.7911,24.8361,24.8792,24.9202,24.9591,24.996,25.0308,25.0635,25.0939,25.1222,25.1483,25.1721,25.1937,25.2129,25.2298,25.2444,25.2566,25.2663,25.2737,25.2786,25.2811,25.2811,25.2786,25.2736,25.266,25.256,25.2434,25.2283,25.2106,25.1905,25.1678,25.1426,25.1149,25.0847,25.0522,25.0172,24.9798,24.9401,24.8982,24.854,24.8077,24.7593,24.7089,24.6567,24.6026,24.5469,24.4896,24.4309,24.3708,24.3097,24.2476,24.1846,24.1211,24.0572,23.9931,23.929,23.8652,23.8019,23.7394,23.678,23.6179,23.5595,23.503,23.4487,23.397,23.3482,23.3026,23.2606,23.2225,23.1886,23.1592,23.1348,23.1155,23.1017,23.0937,23.0919,23.0964,23.1075,23.1254,23.1504,23.1827,23.2224,23.2696,23.3246,23.3873,23.4578,23.5362,23.6224,23.7165,23.8185,23.9282,24.0455,24.1705,24.3028,24.4424,24.5892,24.7429,24.9034,25.0704,25.2438,25.4233,25.6087,25.7998,25.9964,26.1982,26.405,26.6166,26.8328
23.8852,23.7035,23.5248,23.3491,23.1768,23.0079,22.8427,22.6814,22.5241,22.3711,22.2225,22.0786,21.9395,21.8055,21.6767,21.5535,21.4358,21.3241,21.2183,21.1187,21.0254,20.9387,20.8585,20.785,20.7183,20.6584,20.6055,20.5595,20.5204,20.4882,20.4629,20.4444,20.4326,20.4274,20.4287,20.4363,20.45,20.4696,20.4951,20.526,20.5622,20.6035,20.6496,20.7002,20.7551,20.814,20.8767,20.9429,21.0123,21.0847,21.1599,21.2375,21.3173,21.3991,21.4827,21.5679,21.6544,21.742,21.8306,21.9199,22.0099,22.1003,22.1909,22.2817,22.3724,22.463,22.5533,22.6432,22.7326,22.8215,22.9096,22.9969,23.0834,23.1689,23.2533,23.3367,23.4189,23.4999,23.5796,23.6579,23.7349,23.8104,23.8844,23.9569,24.0278,24.0971,24.1648,24.2307,24.2949,24.3573,24.418,24.4767,24.5337,24.5887,24.6418,24.6929,24.742,24.7891,24.8341,24.877,24.9178,24.9565,24.993,25.0272,25.0593,25.089,25.1165,25.1416,25.1644,25.1848,25.2028,25.2183,25.2314,25.242,25.2501,25.2557,25.2587,25.2591,25.257,25.2522,25.2448,25.2348,25.2222,25.2069,25.1889,25.1683,25.1451,25.1192,25.0907,25.0596,25.0258,24.9896,24.9507,24.9094,24.8657,24.8195,24.771,24.7202,24.6672,24.6121,24.555,24.496,24.4351,24.3726,24.3085,24.243,24.1763,24.1084,24.0397,23.9703,23.9004,23.8302,23.76,23.69,23.6204,23.5516,23.4839,23.4175,23.3527,23.2898,23.2293,23.1714,23.1164,23.0648,23.0169,22.9729,22.9334,22.8986,22.8688,22.8445,22.826,22.8135,22.8074,22.808,22.8155,22.8302,22.8524,22.8821,22.9196,22.9651,23.0186,23.0803,23.1502,23.2284,23.3148,23.4095,23.5123,23.6232,23.7421,23.8689,24.0035,24.1456,24.2951,24.4518,24.6155,24.786,24.963,25.1463,25.3357,25.5309,25.7317,25.9378,26.149,26.365,26.5857
23.7582,23.5721,23.3889,23.2088,23.0321,22.8588,22.6892,22.5235,22.3619,22.2046,22.0518,21.9038,21.7608,21.623,21.4906,21.3638,21.2429,21.128,21.0193,20.9171,20.8215,20.7327,20.6507,20.5757,20.5079,20.4472,20.3938,20.3477,20.3088,20.2773,20.2529,20.2357,20.2255,20.2223,20.2259,20.2361,20.2527,20.2755,20.3044,20.339,20.3792,20.4246,20.475,20.5301,20.5896,20.6533,20.7208,20.7919,20.8663,20.9438,21.0239,21.1066,21.1915,21.2783,21.3669,21.457,21.5484,21.6409,21.7342,21.8283,21.9228,22.0176,22.1126,22.2076,22.3025,22.3971,22.4914,22.5851,22.6781,22.7705,22.862,22.9526,23.0422,23.1307,23.2181,23.3042,23.3891,23.4726,23.5546,23.6352,23.7143,23.7918,23.8677,23.942,24.0145,24.0853,24.1544,24.2216,24.2869,24.3504,24.412,24.4716,24.5292,24.5848,24.6384,24.6898,24.7392,24.7864,24.8315,24.8744,24.915,24.9534,24.9895,25.0232,25.0547,25.0837,25.1103,25.1345,25.1563,25.1755,25.1923,25.2065,25.2181,25.2271,25.2335,25.2373,25.2384,25.2368,25.2325,25.2255,25.2158,25.2033,25.188,25.17,25.1492,25.1256,25.0993,25.0702,25.0383,25.0037,24.9664,24.9264,24.8837,24.8384,24.7905,24.74,24.6871,24.6318,24.5741,24.5142,24.4521,24.388,24.3219,24.254,24.1844,24.1133,24.0409,23.9672,23.8925,23.817,23.741,23.6645,23.588,23.5115,23.4355,23.3602,23.2859,23.2129,23.1415,23.0721,23.0051,22.9407,22.8793,22.8214,22.7673,22.7173,22.6719,22.6314,22.5961,22.5666,22.5431,22.5259,22.5154,22.5119,22.5157,22.5271,22.5462,22.5734,22.6087,22.6524,22.7045,22.7653,22.8346,22.9126,22.9993,23.0946,23.1985,23.3108,23.4315,23.5604,23.6974,23.8422,23.9947,24.1547,24.3219,24.4961,24.677,24.8644,25.058,25.2575,25.4628,25.6735,25.8894,26.1101,26.3356
23.6271,23.4364,23.2486,23.0638,22.8824,22.7044,22.5302,22.3598,22.1936,22.0318,21.8746,21.7222,21.575,21.4331,21.2967,21.1662,21.0417,20.9234,20.8117,20.7066,20.6084,20.5173,20.4334,20.3568,20.2877,20.2261,20.1721,20.1258,20.0872,20.0562,20.0328,20.0169,20.0085,20.0073,20.0133,20.0263,20.046,20.0722,20.1047,20.1433,20.1876,20.2374,20.2923,20.3522,20.4166,20.4853,20.5579,20.6342,20.7139,20.7966,20.8821,20.9701,21.0603,21.1524,21.2463,21.3416,21.4381,21.5356,21.6339,21.7328,21.8321,21.9316,22.0311,22.1306,22.2298,22.3286,22.4268,22.5245,22.6213,22.7173,22.8124,22.9064,22.9992,23.0909,23.1812,23.2702,23.3578,23.4438,23.5283,23.6113,23.6925,23.7721,23.85,23.926,24.0002,24.0726,24.1431,24.2116,24.2782,24.3428,24.4053,24.4657,24.5241,24.5803,24.6344,24.6863,24.736,24.7834,24.8285,24.8713,24.9118,24.9499,24.9856,25.0189,25.0498,25.0781,25.1039,25.1272,25.148,25.1661,25.1816,25.1944,25.2046,25.212,25.2168,25.2187,25.2179,25.2143,25.2079,25.1986,25.1865,25.1715,25.1536,25.1329,25.1092,25.0826,25.0532,25.0208,24.9856,24.9475,24.9065,24.8627,24.8161,24.7667,24.7146,24.6598,24.6024,24.5425,24.48,24.4152,24.3481,24.2788,24.2074,24.134,24.0588,23.982,23.9036,23.824,23.7432,23.6614,23.579,23.4961,23.413,23.33,23.2473,23.1652,23.0841,23.0043,22.9261,22.8499,22.776,22.7049,22.6369,22.5724,22.5118,22.4555,22.4039,22.3574,22.3165,22.2815,22.2528,22.2307,22.2156,22.2079,22.2078,22.2157,22.2318,22.2562,22.2893,22.3312,22.382,22.4418,22.5107,22.5887,22.6757,22.7718,22.8769,22.9909,23.1135,23.2448,23.3844,23.5322,23.688,23.8515,24.0224,24.2006,24.3857,24.5775,24.7756,24.9799,25.1899,25.4054,25.6262,25.852,26.0824
23.4922,23.2966,23.1039,22.9142,22.7278,22.5449,22.3657,22.1905,22.0194,21.8528,21.6908,21.5338,21.382,21.2357,21.0951,20.9605,20.8322,20.7103,20.5952,20.487,20.386,20.2924,20.2063,20.128,20.0574,19.9948,19.9402,19.8937,19.8552,19.8248,19.8024,19.7879,19.7812,19.7823,19.7908,19.8067,19.8296,19.8594,19.8958,19.9386,19.9873,20.0417,20.1015,20.1664,20.236,20.31,20.388,20.4698,20.5551,20.6434,20.7345,20.828,20.9238,21.0215,21.1209,21.2216,21.3235,21.4263,21.5297,21.6337,21.738,21.8423,21.9466,22.0506,22.1543,22.2574,22.3599,22.4616,22.5624,22.6622,22.7608,22.8583,22.9545,23.0494,23.1428,23.2347,23.3251,23.4138,23.5008,23.5862,23.6697,23.7514,23.8312,23.9092,23.9851,24.0591,24.1311,24.201,24.2688,24.3345,24.398,24.4594,24.5185,24.5754,24.63,24.6823,24.7323,24.7799,24.8251,24.8679,24.9083,24.9462,24.9815,25.0144,25.0446,25.0723,25.0973,25.1197,25.1394,25.1565,25.1707,25.1822,25.1909,25.1968,25.1999,25.2,25.1973,25.1917,25.1831,25.1716,25.1571,25.1396,25.1191,25.0955,25.069,25.0394,25.0068,24.9712,24.9325,24.8909,24.8462,24.7986,24.748,24.6945,24.6382,24.579,24.5171,24.4524,24.3852,24.3154,24.2431,24.1685,24.0916,24.0127,23.9317,23.849,23.7647,23.6788,23.5917,23.5036,23.4146,23.3251,23.2352,23.1454,23.0557,22.9667,22.8786,22.7917,22.7064,22.6231,22.5421,22.464,22.389,22.3176,22.2503,22.1874,22.1294,22.0767,22.0298,21.9891,21.9549,21.9277,21.9079,21.8957,21.8916,21.8959,21.9088,21.9305,21.9613,22.0014,22.0508,22.1098,22.1783,22.2563,22.3439,22.4409,22.5474,22.6631,22.788,22.9218,23.0644,23.2154,23.3748,23.5421,23.7172,23.8996,24.0893,24.2857,24.4887,24.6979,24.913,25.1337,25.3597,25.5907,25.8264
23.3535,23.1529,22.955,22.7602,22.5685,22.3804,22.196,22.0155,21.8393,21.6675,21.5005,21.3385,21.1819,21.0309,20.8857,20.7468,20.6143,20.4885,20.3697,20.2582,20.1541,20.0578,19.9694,19.889,19.8169,19.7531,19.6977,19.6509,19.6125,19.5827,19.5613,19.5483,19.5435,19.5468,19.5581,19.577,19.6034,19.6371,19.6776,19.7247,19.7782,19.8375,19.9025,19.9727,20.0478,20.1274,20.2111,20.2988,20.3898,20.484,20.581,20.6805,20.7821,20.8857,20.9908,21.0972,21.2047,21.313,21.4218,21.5311,21.6405,21.7499,21.8591,21.9679,22.0762,22.1838,22.2906,22.3965,22.5014,22.6051,22.7075,22.8086,22.9083,23.0064,23.103,23.1979,23.2912,23.3826,23.4723,23.5601,23.6459,23.7298,23.8117,23.8915,23.9693,24.0449,24.1184,24.1898,24.2589,24.3257,24.3903,24.4526,24.5125,24.5701,24.6253,24.678,24.7283,24.7762,24.8215,24.8643,24.9046,24.9422,24.9772,25.0096,25.0393,25.0664,25.0906,25.1121,25.1309,25.1468,25.1598,25.17,25.1772,25.1816,25.1829,25.1813,25.1767,25.169,25.1583,25.1445,25.1276,25.1076,25.0845,25.0582,25.0287,24.9961,24.9604,24.9215,24.8794,24.8341,24.7858,24.7343,24.6797,24.622,24.5614,24.4978,24.4312,24.3618,24.2896,24.2147,24.1372,24.0572,23.9748,23.8901,23.8034,23.7146,23.6241,23.5319,23.4384,23.3436,23.248,23.1516,23.0548,22.9578,22.861,22.7648,22.6693,22.5751,22.4824,22.3917,22.3035,22.218,22.1357,22.0572,21.9828,21.913,21.8483,21.7891,21.7359,21.6892,21.6493,21.6168,21.5919,21.5752,21.5669,21.5674,21.577,21.5959,21.6244,21.6626,21.7107,21.7688,21.837,21.9152,22.0034,22.1016,22.2097,22.3275,22.4548,22.5915,22.7372,22.8918,23.055,23.2265,23.406,23.5931,23.7876,23.989,24.1971,24.4116,24.6321,24.8583,25.0898,25.3264,25.5677
23.2113,23.0053,22.802,22.6017,22.4046,22.211,22.0211,21.8351,21.6533,21.4761,21.3037,21.1365,20.9747,20.8186,20.6685,20.5249,20.3879,20.2579,20.1352,20.02,19.9126,19.8133,19.7223,19.6397,19.5658,19.5007,19.4445,19.3972,19.359,19.3297,19.3093,19.2978,19.295,19.3008,19.3149,19.3371,19.3672,19.4049,19.4498,19.5017,19.5601,19.6247,19.6951,19.7709,19.8518,19.9374,20.0272,20.121,20.2182,20.3186,20.4219,20.5275,20.6353,20.745,20.8561,20.9685,21.0818,21.1959,21.3104,21.4251,21.5399,21.6545,21.7688,21.8826,21.9957,22.1079,22.2193,22.3295,22.4385,22.5462,22.6525,22.7573,22.8606,22.9621,23.062,23.16,23.2562,23.3505,23.4428,23.5331,23.6213,23.7074,23.7914,23.8732,23.9528,24.0302,24.1053,24.178,24.2485,24.3165,24.3822,24.4454,24.5062,24.5645,24.6202,24.6735,24.7242,24.7723,24.8177,24.8606,24.9007,24.9382,24.9729,25.0048,25.034,25.0604,25.0839,25.1045,25.1223,25.1371,25.1489,25.1578,25.1636,25.1664,25.1661,25.1627,25.1562,25.1465,25.1336,25.1175,25.0983,25.0757,25.0499,25.0209,24.9885,24.9529,24.9139,24.8717,24.8261,24.7773,24.7252,24.6698,24.6112,24.5493,24.4843,24.4162,24.3449,24.2707,24.1935,24.1134,24.0306,23.9451,23.857,23.7666,23.6738,23.5789,23.482,23.3834,23.2832,23.1817,23.0791,22.9757,22.8717,22.7674,22.6633,22.5595,22.4565,22.3546,22.2543,22.156,22.06,21.9669,21.8771,21.791,21.7093,21.6322,21.5605,21.4945,21.4347,21.3817,21.3358,21.2976,21.2676,21.246,21.2333,21.2299,21.2361,21.2521,21.2782,21.3146,21.3614,21.4187,21.4867,21.5652,21.6542,21.7538,21.8636,21.9837,22.1137,22.2535,22.4028,22.5613,22.7287,22.9047,23.0889,23.281,23.4807,23.6875,23.9011,24.1212,24.3474,24.5794,24.8167,25.0592,25.3064
23.0657,22.8541,22.6452,22.4391,22.2363,22.0368,21.841,21.6492,21.4617,21.2787,21.1006,20.9277,20.7603,20.5988,20.4435,20.2948,20.153,20.0184,19.8914,19.7722,19.6612,19.5587,19.4648,19.3798,19.304,19.2374,19.1802,19.1325,19.0942,19.0655,19.0462,19.0363,19.0356,19.0439,19.061,19.0868,19.1208,19.1627,19.2123,19.2692,19.3329,19.4031,19.4793,19.5612,19.6482,19.7401,19.8364,19.9366,20.0403,20.1473,20.2571,20.3692,20.4835,20.5995,20.717,20.8356,20.955,21.0751,21.1955,21.316,21.4363,21.5564,21.676,21.7948,21.9129,22.03,22.1459,22.2606,22.3739,22.4858,22.5961,22.7047,22.8116,22.9166,23.0198,23.121,23.2203,23.3174,23.4125,23.5053,23.596,23.6844,23.7706,23.8544,23.9359,24.015,24.0917,24.166,24.2377,24.307,24.3738,24.438,24.4996,24.5587,24.6151,24.6688,24.7199,24.7682,24.8139,24.8567,24.8968,24.9341,24.9685,25.0001,25.0287,25.0545,25.0772,25.097,25.1138,25.1275,25.1382,25.1457,25.1501,25.1513,25.1494,25.1442,25.1358,25.1241,25.1091,25.0907,25.0691,25.044,25.0156,24.9837,24.9484,24.9097,24.8676,24.822,24.773,24.7205,24.6646,24.6053,24.5426,24.4765,24.4071,24.3344,24.2584,24.1792,24.097,24.0117,23.9234,23.8323,23.7385,23.6421,23.5432,23.442,23.3387,23.2334,23.1265,23.018,22.9083,22.7976,22.6862,22.5744,22.4626,22.351,22.2402,22.1304,22.0221,21.9158,21.8118,21.7107,21.613,21.5191,21.4296,21.345,21.2659,21.1927,21.126,21.0664,21.0143,20.9702,20.9346,20.908,20.8908,20.8833,20.8859,20.8989,20.9226,20.9571,21.0026,21.0592,21.127,21.206,21.296,21.3971,21.509,21.6316,21.7647,21.9079,22.0611,22.2238,22.3957,22.5766,22.7659,22.9634,23.1686,23.3812,23.6007,23.8267,24.059,24.2971,24.5406,24.7892,25.0426
22.9168,22.6994,22.4846,22.2725,22.0636,21.858,21.6561,21.4581,21.2644,21.0753,20.8911,20.7121,20.5388,20.3716,20.2107,20.0565,19.9095,19.77,19.6383,19.5148,19.3999,19.2938,19.1968,19.1092,19.0311,18.9629,18.9046,18.8562,18.818,18.7898,18.7716,18.7633,18.7648,18.7758,18.7962,18.8257,18.8638,18.9104,18.965,19.0272,19.0965,19.1726,19.255,19.3433,19.4369,19.5355,19.6385,19.7456,19.8562,19.9701,20.0867,20.2057,20.3268,20.4495,20.5736,20.6987,20.8245,20.9508,21.0773,21.2038,21.3299,21.4556,21.5807,21.7048,21.828,21.95,22.0707,22.19,22.3078,22.4239,22.5383,22.6508,22.7615,22.8701,22.9767,23.0812,23.1835,23.2836,23.3815,23.477,23.5702,23.6609,23.7493,23.8352,23.9186,23.9995,24.0778,24.1536,24.2268,24.2973,24.3652,24.4304,24.493,24.5528,24.6098,24.6641,24.7156,24.7642,24.8101,24.853,24.893,24.9301,24.9643,24.9954,25.0236,25.0487,25.0708,25.0897,25.1055,25.1182,25.1276,25.1339,25.1368,25.1365,25.1329,25.126,25.1157,25.1019,25.0848,25.0642,25.0401,25.0125,24.9814,24.9468,24.9086,24.8668,24.8215,24.7726,24.72,24.6639,24.6042,24.5409,24.4741,24.4037,24.3298,24.2525,24.1718,24.0876,24.0002,23.9096,23.8159,23.7191,23.6194,23.5169,23.4118,23.3042,23.1942,23.0822,22.9682,22.8526,22.7356,22.6174,22.4984,22.3788,22.2591,22.1395,22.0205,21.9025,21.786,21.6713,21.559,21.4496,21.3436,21.2415,21.1439,21.0514,20.9645,20.8838,20.8098,20.7432,20.6845,20.6342,20.5929,20.561,20.5389,20.5272,20.5261,20.536,20.5571,20.5897,20.634,20.69,20.7578,20.8373,20.9286,21.0314,21.1456,21.2711,21.4075,21.5545,21.7119,21.8792,22.0561,22.2422,22.4371,22.6403,22.8514,23.0701,23.2959,23.5283,23.767,24.0116,24.2616,24.5167,24.7766
22.765,22.5415,22.3204,22.1021,21.8868,21.6748,21.4664,21.2619,21.0617,20.866,20.6753,20.49,20.3104,20.1369,19.97,19.81,19.6573,19.5125,19.3758,19.2476,19.1283,19.0184,18.9179,18.8274,18.747,18.6769,18.6173,18.5683,18.5299,18.5022,18.4852,18.4786,18.4824,18.4963,18.5202,18.5536,18.5962,18.6477,18.7076,18.7754,18.8508,18.9333,19.0223,19.1173,19.2179,19.3235,19.4337,19.548,19.666,19.7871,19.911,20.0372,20.1654,20.2951,20.4261,20.558,20.6905,20.8233,20.9561,21.0887,21.2209,21.3524,21.4831,21.6128,21.7412,21.8684,21.994,22.118,22.2403,22.3608,22.4794,22.596,22.7104,22.8228,22.9329,23.0407,23.1462,23.2493,23.35,23.4482,23.5439,23.6371,23.7277,23.8157,23.901,23.9838,24.0638,24.1411,24.2157,24.2876,24.3566,24.4229,24.4863,24.5469,24.6046,24.6595,24.7114,24.7603,24.8064,24.8494,24.8894,24.9263,24.9602,24.991,25.0187,25.0432,25.0645,25.0826,25.0975,25.1091,25.1174,25.1223,25.1239,25.1221,25.1168,25.1081,25.0959,25.0802,25.0609,25.038,25.0116,24.9815,24.9477,24.9103,24.8691,24.8243,24.7757,24.7234,24.6674,24.6076,24.5441,24.4768,24.4058,24.3311,24.2527,24.1707,24.0852,23.996,23.9034,23.8074,23.7081,23.6055,23.4998,23.3912,23.2797,23.1655,23.0488,22.9298,22.8087,22.6858,22.5612,22.4354,22.3085,22.1809,22.053,21.9251,21.7977,21.6712,21.546,21.4226,21.3017,21.1835,21.0689,20.9582,20.8521,20.7512,20.6562,20.5675,20.486,20.412,20.3464,20.2895,20.2421,20.2046,20.1775,20.1613,20.1563,20.163,20.1816,20.2123,20.2553,20.3107,20.3786,20.4589,20.5516,20.6564,20.7733,20.9019,21.042,21.1932,21.3551,21.5275,21.7097,21.9015,22.1023,22.3117,22.5293,22.7545,22.9869,23.2261,23.4716,23.723,23.9799,24.2419,24.5086
22.6105,22.3806,22.1531,21.9282,21.7062,21.4874,21.2722,21.0608,20.8537,20.6511,20.4535,20.2614,20.075,19.8949,19.7215,19.5552,19.3965,19.2459,19.1037,18.9705,18.8465,18.7323,18.6281,18.5344,18.4513,18.3791,18.318,18.2682,18.2297,18.2025,18.1866,18.1819,18.1881,18.2051,18.2326,18.2703,18.3176,18.3744,18.4399,18.5139,18.5957,18.6849,18.7809,18.8831,18.9911,19.1043,19.2221,19.3441,19.4697,19.5985,19.73,19.8637,19.9994,20.1365,20.2747,20.4137,20.5531,20.6926,20.8321,20.9711,21.1095,21.247,21.3836,21.5189,21.6528,21.7851,21.9158,22.0447,22.1717,22.2967,22.4196,22.5402,22.6586,22.7747,22.8884,22.9996,23.1083,23.2145,23.3181,23.4191,23.5174,23.613,23.7059,23.796,23.8834,23.9679,24.0497,24.1286,24.2047,24.2778,24.3481,24.4154,24.4798,24.5412,24.5996,24.655,24.7074,24.7567,24.8029,24.846,24.886,24.9228,24.9565,24.9869,25.0141,25.038,25.0586,25.0759,25.0899,25.1004,25.1075,25.1112,25.1114,25.108,25.1012,25.0907,25.0766,25.0589,25.0375,25.0123,24.9835,24.9509,24.9145,24.8742,24.8302,24.7823,24.7305,24.6748,24.6152,24.5517,24.4843,24.4131,24.3379,24.2589,24.176,24.0893,23.9988,23.9046,23.8067,23.7052,23.6002,23.4918,23.3801,23.2651,23.1472,23.0263,22.9027,22.7766,22.6482,22.5177,22.3854,22.2516,22.1166,21.9808,21.8444,21.7079,21.5718,21.4364,21.3023,21.1699,21.0399,20.9127,20.7889,20.6692,20.5542,20.4446,20.3409,20.244,20.1543,20.0727,19.9997,19.9359,19.8821,19.8387,19.8063,19.7854,19.7764,19.7797,19.7956,19.8244,19.8662,19.9211,19.9893,20.0705,20.1648,20.272,20.3917,20.5239,20.668,20.8238,20.9908,21.1686,21.3566,21.5545,21.7618,21.9778,22.2022,22.4344,22.6739,22.9203,23.173,23.4317,23.6958,23.9649,24.2387
22.4534,22.2169,21.9826,21.7509,21.5219,21.296,21.0736,20.855,20.6406,20.4307,20.2258,20.0264,19.8328,19.6456,19.4653,19.2923,19.127,18.9702,18.8221,18.6833,18.5542,18.4353,18.3271,18.2297,18.1437,18.0692,18.0065,17.9558,17.917,17.8903,17.8756,17.8728,17.8816,17.9019,17.9333,17.9755,18.0279,18.0903,18.1619,18.2424,18.3311,18.4275,18.531,18.6409,18.7567,18.8779,19.0037,19.1338,19.2675,19.4044,19.5439,19.6856,19.829,19.9738,20.1196,20.2659,20.4126,20.5591,20.7054,20.851,20.9959,21.1397,21.2822,21.4233,21.5628,21.7006,21.8365,21.9704,22.1021,22.2317,22.3589,22.4838,22.6062,22.7261,22.8434,22.9581,23.0702,23.1795,23.286,23.3898,23.4907,23.5888,23.684,23.7763,23.8657,23.9522,24.0357,24.1162,24.1937,24.2682,24.3397,24.4081,24.4734,24.5357,24.5948,24.6508,24.7036,24.7533,24.7997,24.843,24.8829,24.9196,24.9531,24.9831,25.0099,25.0332,25.0532,25.0697,25.0827,25.0922,25.0982,25.1006,25.0994,25.0945,25.086,25.0738,25.0579,25.0381,25.0146,24.9873,24.956,24.9209,24.8818,24.8388,24.7918,24.7408,24.6858,24.6267,24.5636,24.4964,24.4252,24.3499,24.2705,24.1871,24.0996,24.0082,23.9128,23.8134,23.7102,23.6032,23.4925,23.3781,23.2602,23.1389,23.0144,22.8867,22.7561,22.6227,22.4868,22.3486,22.2084,22.0665,21.9232,21.7788,21.6337,21.4883,21.3431,21.1985,21.0551,20.9133,20.7738,20.6371,20.5038,20.3747,20.2504,20.1315,20.0188,19.913,19.8149,19.725,19.6443,19.5732,19.5126,19.463,19.425,19.3991,19.3859,19.3857,19.3989,19.4257,19.4663,19.5209,19.5894,19.6718,19.768,19.8778,20.0008,20.1368,20.2855,20.4463,20.6188,20.8025,20.9969,21.2014,21.4155,21.6387,21.8704,22.1101,22.3571,22.6111,22.8714,23.1377,23.4094,23.6861,23.9674
22.2942,22.0508,21.8095,21.5705,21.3342,21.1009,20.871,20.6447,20.4226,20.205,19.9924,19.7852,19.584,19.3892,19.2014,19.0211,18.8489,18.6853,18.5308,18.3859,18.2513,18.1274,18.0146,17.9133,17.824,17.747,17.6824,17.6305,17.5915,17.5652,17.5517,17.5509,17.5625,17.5863,17.6219,17.6689,17.7269,17.7952,17.8734,17.9609,18.0569,18.161,18.2724,18.3905,18.5147,18.6443,18.7787,18.9174,19.0596,19.205,19.3529,19.5029,19.6546,19.8074,19.961,20.1151,20.2692,20.423,20.5764,20.7289,20.8804,21.0306,21.1793,21.3264,21.4717,21.615,21.7562,21.8952,22.0318,22.1661,22.2978,22.4269,22.5534,22.6772,22.7983,22.9165,23.0318,23.1443,23.2538,23.3604,23.464,23.5647,23.6622,23.7568,23.8482,23.9366,24.0219,24.104,24.183,24.2589,24.3316,24.4011,24.4674,24.5305,24.5903,24.6469,24.7002,24.7503,24.797,24.8403,24.8803,24.9169,24.9501,24.9799,25.0062,25.029,25.0482,25.0639,25.0761,25.0846,25.0894,25.0906,25.088,25.0817,25.0715,25.0576,25.0398,25.0181,24.9925,24.9628,24.9292,24.8916,24.8499,24.8041,24.7542,24.7001,24.6418,24.5794,24.5127,24.4419,24.3667,24.2874,24.2038,24.116,24.024,23.9277,23.8273,23.7228,23.6143,23.5017,23.3851,23.2647,23.1406,23.0128,22.8816,22.747,22.6092,22.4684,22.3249,22.1788,22.0305,21.8802,21.7283,21.5751,21.421,21.2664,21.1118,20.9577,20.8046,20.653,20.5036,20.357,20.2138,20.0748,19.9406,19.812,19.6897,19.5747,19.4675,19.369,19.28,19.2013,19.1334,19.0772,19.0333,19.0023,18.9846,18.9807,18.9911,19.0159,19.0554,19.1097,19.1788,19.2626,19.3609,19.4736,19.6003,19.7407,19.8943,20.0606,20.239,20.4292,20.6304,20.8421,21.0637,21.2945,21.534,21.7816,22.0367,22.2987,22.5671,22.8414,23.1211,23.4058,23.6949
22.1331,21.8826,21.6339,21.3875,21.1435,20.9024,20.6646,20.4303,20.2001,19.9743,19.7535,19.5381,19.3287,19.1258,18.93,18.7419,18.5621,18.3912,18.2297,18.0784,17.9377,17.8082,17.6904,17.5848,17.4919,17.412,17.3453,17.2922,17.2527,17.2268,17.2146,17.2159,17.2305,17.258,17.2981,17.3504,17.4142,17.489,17.5742,17.6691,17.7731,17.8854,18.0053,18.1322,18.2652,18.4038,18.5473,18.6949,18.8462,19.0005,19.1573,19.316,19.4762,19.6375,19.7993,19.9613,20.1232,20.2846,20.4453,20.6049,20.7632,20.92,21.0751,21.2284,21.3795,21.5285,21.6751,21.8193,21.961,22.1,22.2363,22.3698,22.5005,22.6282,22.753,22.8748,22.9935,23.1092,23.2218,23.3313,23.4376,23.5407,23.6407,23.7374,23.831,23.9213,24.0084,24.0922,24.1727,24.2499,24.3239,24.3945,24.4618,24.5258,24.5863,24.6436,24.6974,24.7478,24.7947,24.8382,24.8783,24.9148,24.9478,24.9772,25.0031,25.0253,25.0439,25.0589,25.0701,25.0776,25.0813,25.0812,25.0773,25.0695,25.0578,25.0421,25.0225,24.9988,24.9711,24.9392,24.9033,24.8631,24.8188,24.7702,24.7174,24.6602,24.5988,24.5329,24.4627,24.3882,24.3092,24.2258,24.1379,24.0457,23.9491,23.8481,23.7427,23.633,23.519,23.4007,23.2783,23.1519,23.0214,22.8871,22.749,22.6073,22.4623,22.3139,22.1626,22.0085,21.8518,21.693,21.5322,21.37,21.2066,21.0425,20.8783,20.7142,20.5511,20.3893,20.2296,20.0725,19.9189,19.7695,19.6249,19.4861,19.3538,19.2289,19.1122,19.0046,18.9068,18.8198,18.7444,18.6812,18.631,18.5944,18.5721,18.5644,18.5718,18.5946,18.633,18.6871,18.757,18.8424,18.9433,19.0593,19.1901,19.3352,19.4942,19.6666,19.8516,20.0488,20.2574,20.4768,20.7064,20.9454,21.1932,21.4493,21.7129,21.9834,22.2604,22.5432,22.8313,23.1242,23.4215
21.9705,21.7125,21.4563,21.202,20.9501,20.7009,20.4547,20.212,19.9732,19.7388,19.5093,19.2852,19.0671,18.8556,18.6513,18.4548,18.2668,18.088,17.919,17.7605,17.6132,17.4776,17.3543,17.244,17.1471,17.0639,16.9949,16.9403,16.9003,16.8748,16.8639,16.8675,16.8852,16.9167,16.9617,17.0195,17.0897,17.1715,17.2642,17.3672,17.4796,17.6007,17.7297,17.8659,18.0084,18.1565,18.3095,18.4668,18.6276,18.7913,18.9573,19.1252,19.2943,19.4643,19.6347,19.805,19.9749,20.1442,20.3124,20.4793,20.6447,20.8083,20.9699,21.1295,21.2867,21.4414,21.5936,21.7431,21.8899,22.0337,22.1747,22.3126,22.4475,22.5792,22.7078,22.8332,22.9554,23.0744,23.19,23.3024,23.4114,23.5171,23.6195,23.7185,23.8142,23.9064,23.9953,24.0808,24.1628,24.2415,24.3167,24.3884,24.4567,24.5216,24.5829,24.6408,24.6951,24.7459,24.7931,24.8368,24.8768,24.9133,24.9461,24.9752,25.0007,25.0224,25.0403,25.0545,25.0649,25.0714,25.074,25.0727,25.0674,25.0582,25.0449,25.0275,25.006,24.9804,24.9506,24.9166,24.8783,24.8356,24.7887,24.7373,24.6816,24.6214,24.5567,24.4875,24.4138,24.3355,24.2526,24.1652,24.0731,23.9764,23.8752,23.7694,23.6589,23.544,23.4245,23.3006,23.1723,23.0397,22.9029,22.7619,22.6169,22.4681,22.3156,22.1596,22.0003,21.8379,21.6728,21.5052,21.3354,21.1638,20.9909,20.817,20.6427,20.4684,20.2948,20.1224,19.9519,19.784,19.6195,19.4591,19.3036,19.154,19.0111,18.8758,18.7489,18.6316,18.5246,18.4288,18.3453,18.2746,18.2178,18.1754,18.148,18.1363,18.1407,18.1615,18.1988,18.2529,18.3237,18.411,18.5148,18.6345,18.7699,18.9203,19.0853,19.2643,19.4565,19.6613,19.8779,20.1057,20.3438,20.5916,20.8484,21.1134,21.3861,21.6656,21.9516,22.2433,22.5402,22.8418,23.1476
21.8067,21.5411,21.2769,21.0146,20.7544,20.4967,20.2418,19.9903,19.7425,19.499,19.2603,19.0269,18.7996,18.5788,18.3653,18.1599,17.9631,17.7757,17.5986,17.4323,17.2777,17.1354,17.0062,16.8906,16.7892,16.7025,16.6308,16.5745,16.5338,16.5087,16.4992,16.5051,16.5262,16.5621,16.6123,16.6762,16.7531,16.8424,16.9433,17.0549,17.1764,17.307,17.4457,17.5918,17.7443,17.9026,18.0658,18.2331,18.4039,18.5775,18.7533,18.9307,19.1092,19.2883,19.4675,19.6465,19.8248,20.0021,20.1781,20.3525,20.5251,20.6957,20.8641,21.03,21.1934,21.3541,21.5119,21.6668,21.8187,21.9675,22.1132,22.2556,22.3947,22.5305,22.663,22.7921,22.9177,23.0399,23.1587,23.274,23.3858,23.4941,23.5989,23.7002,23.7979,23.8921,23.9828,24.07,24.1536,24.2336,24.3101,24.383,24.4523,24.518,24.5801,24.6386,24.6935,24.7447,24.7922,24.836,24.8761,24.9125,24.9451,24.974,24.999,25.0202,25.0375,25.051,25.0605,25.066,25.0675,25.065,25.0584,25.0477,25.0329,25.0138,24.9906,24.963,24.9311,24.8949,24.8543,24.8092,24.7596,24.7055,24.6469,24.5836,24.5157,24.4432,24.3659,24.284,24.1972,24.1057,24.0094,23.9084,23.8025,23.6918,23.5764,23.4562,23.3312,23.2016,23.0674,22.9286,22.7853,22.6376,22.4856,22.3296,22.1695,22.0057,21.8383,21.6676,21.4937,21.3171,21.1381,20.9569,20.7742,20.5902,20.4054,20.2205,20.036,19.8526,19.6709,19.4916,19.3157,19.1438,18.9769,18.8159,18.6617,18.5153,18.3778,18.2501,18.1332,18.0281,17.9359,17.8573,17.7933,17.7447,17.7121,17.6962,17.6974,17.716,17.7524,17.8066,17.8786,17.9682,18.0752,18.1991,18.3395,18.4959,18.6675,18.8537,19.0537,19.2668,19.4921,19.7288,19.9762,20.2334,20.4997,20.7743,21.0565,21.3457,21.6411,21.9421,22.2482,22.5589,22.8736
21.6422,21.3686,21.0963,20.8256,20.5568,20.2902,20.0263,19.7655,19.5083,19.2552,19.0067,18.7636,18.5264,18.2958,18.0725,17.8573,17.6511,17.4545,17.2685,17.0938,16.9312,16.7817,16.6458,16.5244,16.418,16.3273,16.2526,16.1944,16.1529,16.1281,16.12,16.1284,16.1532,16.1937,16.2495,16.32,16.4043,16.5018,16.6114,16.7323,16.8636,17.0043,17.1534,17.3101,17.4733,17.6424,17.8163,17.9943,18.1756,18.3596,18.5457,18.733,18.9213,19.1098,19.2982,19.4861,19.673,19.8586,20.0427,20.2248,20.4049,20.5826,20.7578,20.9303,21.1,21.2667,21.4303,21.5907,21.7478,21.9016,22.052,22.199,22.3424,22.4823,22.6187,22.7514,22.8806,23.0061,23.128,23.2462,23.3608,23.4717,23.5789,23.6825,23.7824,23.8786,23.9711,24.0599,24.1451,24.2265,24.3043,24.3783,24.4487,24.5153,24.5781,24.6373,24.6926,24.7442,24.7921,24.8361,24.8762,24.9126,24.945,24.9736,24.9982,25.0189,25.0356,25.0483,25.057,25.0616,25.062,25.0583,25.0504,25.0383,25.0219,25.0012,24.9762,24.9467,24.9128,24.8744,24.8314,24.7839,24.7318,24.6749,24.6134,24.5471,24.4761,24.4002,24.3194,24.2338,24.1432,24.0477,23.9471,23.8416,23.7312,23.6157,23.4952,23.3697,23.2393,23.1039,22.9637,22.8186,22.6688,22.5144,22.3554,22.192,22.0243,21.8526,21.677,21.4977,21.315,21.1292,20.9406,20.7497,20.5568,20.3624,20.1669,19.971,19.7753,19.5803,19.3869,19.1958,19.0078,18.8239,18.6449,18.4718,18.3058,18.1477,17.9987,17.86,17.7326,17.6176,17.516,17.429,17.3574,17.3021,17.264,17.2435,17.2414,17.2579,17.2934,17.3479,17.4213,17.5135,17.6242,17.7529,17.899,18.0618,18.2407,18.4349,18.6434,18.8655,19.1002,19.3466,19.6039,19.8712,20.1476,20.4324,20.7248,21.024,21.3293,21.6402,21.9559,22.276,22.6
21.4773,21.1956,20.9149,20.6355,20.3578,20.082,19.8086,19.5381,19.271,19.0078,18.7491,18.4956,18.2479,18.0068,17.7731,17.5475,17.331,17.1245,16.9288,16.7449,16.5737,16.4161,16.273,16.1451,16.0332,15.938,15.86,15.7995,15.757,15.7324,15.7258,15.737,15.7657,15.8113,15.8732,15.9508,16.0431,16.1493,16.2684,16.3994,16.5412,16.6928,16.853,17.021,17.1957,17.3761,17.5614,17.7507,17.9431,18.138,18.3347,18.5325,18.7309,18.9293,19.1272,19.3243,19.5201,19.7143,19.9066,20.0967,20.2843,20.4693,20.6515,20.8307,21.0067,21.1795,21.349,21.5149,21.6774,21.8363,21.9915,22.143,22.2908,22.4348,22.5751,22.7116,22.8442,22.973,23.0981,23.2192,23.3366,23.4501,23.5598,23.6656,23.7676,23.8658,23.9602,24.0507,24.1374,24.2203,24.2993,24.3745,24.4458,24.5134,24.577,24.6368,24.6927,24.7447,24.7928,24.837,24.8773,24.9136,24.9459,24.9742,24.9984,25.0186,25.0347,25.0467,25.0545,25.0582,25.0576,25.0527,25.0435,25.03,25.0121,24.9898,24.9629,24.9316,24.8956,24.8551,24.8099,24.7599,24.7052,24.6457,24.5813,24.5121,24.4378,24.3586,24.2744,24.1851,24.0907,23.9911,23.8864,23.7765,23.6614,23.5411,23.4156,23.2848,23.1489,23.0078,22.8616,22.7102,22.5539,22.3927,22.2266,22.0558,21.8804,21.7006,21.5166,21.3286,21.1369,20.9418,20.7435,20.5425,20.3392,20.1341,19.9276,19.7203,19.5129,19.306,19.1004,18.8969,18.6964,18.4997,18.308,18.1222,17.9435,17.773,17.6119,17.4614,17.3227,17.197,17.0856,16.9894,16.9097,16.8473,16.8032,16.778,16.7724,16.7867,16.8213,16.8763,16.9515,17.0467,17.1616,17.2955,17.448,17.6181,17.805,18.0079,18.2257,18.4576,18.7024,18.9593,19.2272,19.5053,19.7925,20.0881,20.3912,20.701,21.0168,21.338,21.6638,21.9937,22.3272
21.3126,21.0225,20.7332,20.4448,20.1578,19.8725,19.5893,19.3087,19.0312,18.7574,18.4879,18.2234,17.9646,17.7124,17.4674,17.2308,17.0033,16.7859,16.5798,16.3859,16.2052,16.0387,15.8875,15.7525,15.6345,15.5343,15.4524,15.3894,15.3457,15.3213,15.3163,15.3304,15.3633,15.4143,15.483,15.5683,15.6693,15.7851,15.9144,16.0563,16.2094,16.3726,16.5448,16.7249,16.9117,17.1042,17.3015,17.5027,17.7068,17.9132,18.121,18.3297,18.5386,18.7472,18.955,19.1615,19.3665,19.5695,19.7702,19.9684,20.1638,20.3562,20.5455,20.7315,20.914,21.093,21.2684,21.44,21.6078,21.7717,21.9318,22.0879,22.2401,22.3882,22.5324,22.6726,22.8088,22.941,23.0691,23.1932,23.3134,23.4295,23.5416,23.6497,23.7539,23.854,23.9502,24.0424,24.1307,24.215,24.2953,24.3716,24.444,24.5124,24.5769,24.6373,24.6937,24.7462,24.7946,24.839,24.8793,24.9156,24.9477,24.9758,24.9997,25.0194,25.0349,25.0462,25.0532,25.0559,25.0543,25.0483,25.0378,25.0229,25.0035,24.9795,24.951,24.9177,24.8798,24.8371,24.7897,24.7373,24.6801,24.6179,24.5507,24.4785,24.4012,24.3187,24.231,24.138,24.0398,23.9363,23.8274,23.7131,23.5934,23.4683,23.3377,23.2017,23.0603,22.9135,22.7612,22.6036,22.4408,22.2727,22.0994,21.9211,21.738,21.5501,21.3576,21.1609,20.96,20.7553,20.5472,20.3359,20.122,19.9058,19.6879,19.4689,19.2494,19.0301,18.8118,18.5953,18.3817,18.1717,17.9666,17.7674,17.5753,17.3916,17.2175,17.0544,16.9037,16.7666,16.6444,16.5385,16.45,16.3799,16.3294,16.2991,16.2898,16.302,16.3358,16.3914,16.4687,16.5675,16.6871,16.827,16.9865,17.1646,17.3603,17.5728,17.8008,18.0433,18.2991,18.5673,18.8467,19.1362,19.435,19.742,20.0564,20.3774,20.7042,21.0361,21.3724,21.7125,22.0559
21.1485,20.8499,20.5517,20.2541,19.9575,19.6623,19.3689,19.0778,18.7895,18.5046,18.2237,17.9477,17.6771,17.4129,17.1561,16.9074,16.6681,16.4391,16.2216,16.0167,15.8256,15.6495,15.4894,15.3464,15.2216,15.1157,15.0295,14.9637,14.9185,14.8942,14.8908,14.9081,14.9455,15.0026,15.0785,15.1723,15.2828,15.4089,15.5494,15.703,15.8683,16.0441,16.2291,16.4221,16.6218,16.8272,17.0372,17.2508,17.4672,17.6856,17.905,18.125,18.3448,18.564,18.7819,18.9983,19.2126,19.4246,19.634,19.8404,20.0438,20.2438,20.4403,20.6331,20.8222,21.0074,21.1887,21.366,21.5392,21.7083,21.8732,22.0339,22.1905,22.3428,22.4909,22.6349,22.7745,22.91,23.0413,23.1684,23.2913,23.41,23.5246,23.635,23.7412,23.8434,23.9414,24.0353,24.1251,24.2108,24.2924,24.3699,24.4433,24.5126,24.5778,24.6389,24.6959,24.7487,24.7975,24.842,24.8824,24.9187,24.9507,24.9785,25.002,25.0213,25.0362,25.0468,25.0531,25.0549,25.0522,25.0451,25.0334,25.0171,24.9962,24.9707,24.9404,24.9053,24.8654,24.8207,24.771,24.7163,24.6566,24.5918,24.5218,24.4466,24.3662,24.2804,24.1893,24.0928,23.9908,23.8833,23.7703,23.6516,23.5274,23.3975,23.262,23.1207,22.9738,22.8212,22.663,22.4991,22.3297,22.1547,21.9743,21.7885,21.5975,21.4015,21.2005,20.9948,20.7846,20.5703,20.3521,20.1303,19.9055,19.678,19.4484,19.2173,18.9853,18.7531,18.5217,18.2917,18.0642,17.8403,17.6211,17.4077,17.2014,17.0036,16.8157,16.6392,16.4755,16.3261,16.1924,16.0759,15.9779,15.8996,15.8422,15.8065,15.7934,15.8032,15.8364,15.8929,15.9727,16.0754,16.2005,16.3471,16.5144,16.7014,16.9069,17.1299,17.369,17.623,17.8908,18.1711,18.4627,18.7645,19.0755,19.3946,19.721,20.0537,20.392,20.735,21.0822,21.4329,21.7866
20.9857,20.6783,20.371,20.0639,19.7575,19.4521,19.1481,18.8461,18.5465,18.25,17.9572,17.6689,17.3859,17.1091,16.8395,16.5781,16.326,16.0844,15.8546,15.6378,15.4353,15.2484,15.0785,14.9267,14.7941,14.6819,14.5909,14.5217,14.4749,14.4506,14.4489,14.4696,14.5121,14.5757,14.6595,14.7625,14.8834,15.0209,15.1735,15.3398,15.5183,15.7076,15.9063,16.113,16.3265,16.5455,16.7689,16.9958,17.225,17.4558,17.6874,17.9191,18.1502,18.3803,18.6087,18.8351,19.0591,19.2803,19.4984,19.7133,19.9246,20.1323,20.3361,20.5359,20.7316,20.9231,21.1104,21.2934,21.472,21.6462,21.816,21.9814,22.1423,22.2988,22.4508,22.5985,22.7417,22.8805,23.0149,23.1449,23.2705,23.3918,23.5088,23.6215,23.7299,23.834,23.9338,24.0294,24.1207,24.2078,24.2906,24.3693,24.4437,24.5139,24.5799,24.6416,24.6992,24.7524,24.8015,24.8463,24.8868,24.923,24.9549,24.9824,25.0056,25.0244,25.0388,25.0488,25.0542,25.0551,25.0515,25.0432,25.0303,25.0127,24.9904,24.9633,24.9313,24.8944,24.8526,24.8058,24.7539,24.6969,24.6347,24.5673,24.4946,24.4165,24.3331,24.2441,24.1496,24.0495,23.9438,23.8324,23.7153,23.5923,23.4636,23.329,23.1885,23.042,22.8897,22.7314,22.5672,22.3971,22.221,22.0392,21.8516,21.6583,21.4595,21.2552,21.0456,20.8309,20.6113,20.3872,20.1587,19.9263,19.6903,19.4513,19.2097,18.9661,18.7213,18.4758,18.2306,17.9866,17.7447,17.5062,17.272,17.0436,16.8223,16.6096,16.4069,16.216,16.0383,15.8756,15.7295,15.6016,15.4933,15.4061,15.3413,15.2998,15.2824,15.2899,15.3225,15.3803,15.463,15.5703,15.7015,15.8556,16.0317,16.2285,16.4449,16.6794,16.9306,17.1972,17.4778,17.7712,18.0759,18.3908,18.7148,19.0467,19.3856,19.7307,20.0809,20.4356,20.7941,21.1557,21.5199
20.8246,20.5083,20.1917,19.8749,19.5584,19.2425,18.9276,18.6142,18.3029,17.9943,17.6891,17.3879,17.0918,16.8017,16.5184,16.2433,15.9775,15.7223,15.4791,15.2492,15.0342,14.8356,14.6547,14.4931,14.352,14.2327,14.1361,14.0631,14.0143,13.9899,13.99,14.0144,14.0624,14.1332,14.2258,14.3389,14.4712,14.621,14.7868,14.9669,15.1597,15.3635,15.5769,15.7984,16.0264,16.2599,16.4975,16.7381,16.9808,17.2246,17.4688,17.7127,17.9555,18.1967,18.4359,18.6725,18.9063,19.1369,19.364,19.5874,19.8069,20.0223,20.2335,20.4403,20.6426,20.8405,21.0338,21.2224,21.4065,21.5858,21.7605,21.9305,22.0958,22.2564,22.4123,22.5637,22.7103,22.8524,22.9899,23.1229,23.2513,23.3751,23.4945,23.6095,23.7199,23.826,23.9276,24.0248,24.1176,24.2061,24.2902,24.37,24.4454,24.5165,24.5833,24.6457,24.7037,24.7575,24.8068,24.8518,24.8924,24.9286,24.9604,24.9877,25.0106,25.0289,25.0428,25.052,25.0567,25.0568,25.0522,25.0428,25.0287,25.0098,24.9861,24.9574,24.9238,24.8851,24.8414,24.7926,24.7386,24.6793,24.6147,24.5447,24.4693,24.3884,24.3019,24.2098,24.112,24.0084,23.899,23.7838,23.6626,23.5354,23.4022,23.2629,23.1175,22.9659,22.8081,22.6442,22.474,22.2977,22.1151,21.9265,21.7317,21.5309,21.3242,21.1116,20.8934,20.6696,20.4406,20.2065,19.9677,19.7245,19.4772,19.2264,18.9725,18.7161,18.458,18.1988,17.9394,17.6807,17.4239,17.1699,16.9201,16.6758,16.4386,16.2099,15.9915,15.785,15.5924,15.4153,15.2557,15.1154,14.996,14.8991,14.8261,14.7783,14.7566,14.7616,14.7938,14.8531,14.9393,15.0518,15.1899,15.3526,15.5385,15.7463,15.9745,16.2216,16.4861,16.7664,17.0609,17.3683,17.687,18.0159,18.3536,18.699,19.0512,19.409,19.7718,20.1386,20.5087,20.8816,21.2567
20.6659,20.3405,20.0144,19.6878,19.361,19.0343,18.7082,18.3831,18.0597,17.7384,17.4202,17.1056,16.7956,16.4913,16.1937,15.9039,15.6234,15.3535,15.0957,14.8516,14.6229,14.4112,14.2182,14.0456,13.8949,13.7675,13.6646,13.5873,13.5361,13.5115,13.5136,13.542,13.596,13.6748,13.7771,13.9014,14.0461,14.2095,14.3896,14.5847,14.7929,15.0125,15.2416,15.4788,15.7224,15.971,16.2235,16.4786,16.7354,16.9928,17.25,17.5064,17.7612,18.014,18.2641,18.5113,18.7551,18.9952,19.2314,19.4634,19.6911,19.9142,20.1328,20.3466,20.5557,20.7599,20.9591,21.1535,21.3429,21.5274,21.7069,21.8815,22.0511,22.2158,22.3757,22.5307,22.6808,22.8262,22.9667,23.1025,23.2337,23.3601,23.4818,23.599,23.7115,23.8195,23.9229,24.0217,24.1161,24.2059,24.2913,24.3722,24.4486,24.5205,24.588,24.6511,24.7097,24.7638,24.8135,24.8587,24.8994,24.9356,24.9672,24.9943,25.0169,25.0348,25.0481,25.0568,25.0607,25.0599,25.0543,25.0439,25.0287,25.0085,24.9834,24.9532,24.918,24.8776,24.832,24.7812,24.7251,24.6636,24.5966,24.5241,24.4461,24.3624,24.2729,24.1777,24.0767,23.9696,23.8567,23.7376,23.6124,23.481,23.3434,23.1995,23.0492,22.8926,22.7295,22.5599,22.3839,22.2014,22.0123,21.8169,21.615,21.4067,21.1921,20.9713,20.7444,20.5115,20.273,20.0289,19.7796,19.5254,19.2667,19.0038,18.7374,18.468,18.1962,17.9229,17.6488,17.3749,17.1024,16.8323,16.5661,16.3051,16.0509,15.8052,15.5699,15.3468,15.138,14.9454,14.7712,14.6173,14.4857,14.3782,14.2964,14.2417,14.2153,14.2178,14.2496,14.3108,14.4011,14.5197,14.6657,14.8379,15.0348,15.2548,15.4962,15.7572,16.0362,16.3313,16.6408,16.9632,17.2969,17.6406,17.9928,18.3525,18.7184,19.0897,19.4654,19.8447,20.2269,20.6114,20.9975
20.5102,20.1757,19.84,19.5033,19.1659,18.8282,18.4906,18.1535,17.8176,17.4833,17.1514,16.8228,16.4983,16.179,15.8661,15.5607,15.2644,14.9786,14.7051,14.4455,14.2017,13.9756,13.7691,13.5842,13.4227,13.2862,13.1761,13.0937,13.0398,13.0149,13.019,13.0518,13.1126,13.2002,13.3132,13.4498,13.6083,13.7865,13.9824,14.1938,14.4188,14.6552,14.9012,15.1551,15.4151,15.6799,15.948,16.2183,16.4896,16.7611,17.0318,17.3011,17.5683,17.8328,18.0941,18.3519,18.6059,18.8556,19.101,19.3417,19.5776,19.8086,20.0345,20.2554,20.4711,20.6816,20.8869,21.0869,21.2817,21.4712,21.6556,21.8347,22.0086,22.1774,22.3411,22.4997,22.6533,22.8018,22.9454,23.0841,23.2179,23.3468,23.4709,23.5902,23.7048,23.8146,23.9198,24.0202,24.1161,24.2072,24.2938,24.3758,24.4532,24.526,24.5943,24.658,24.7171,24.7717,24.8216,24.867,24.9078,24.944,24.9756,25.0025,25.0247,25.0422,25.055,25.063,25.0662,25.0646,25.0581,25.0467,25.0303,25.0089,24.9824,24.9507,24.9139,24.8719,24.8245,24.7717,24.7135,24.6498,24.5806,24.5056,24.425,24.3386,24.2463,24.148,24.0437,23.9334,23.8168,23.694,23.5649,23.4294,23.2875,23.139,22.984,22.8223,22.654,22.4789,22.297,22.1084,21.913,21.7108,21.5018,21.2861,21.0636,20.8346,20.5991,20.3572,20.1091,19.855,19.5951,19.3299,19.0595,18.7845,18.5053,18.2225,17.9368,17.6489,17.3597,17.0701,16.7812,16.4944,16.2108,15.9322,15.6601,15.3963,15.1429,14.902,14.6756,14.4662,14.276,14.1073,13.9623,13.8431,13.7517,13.6896,13.658,13.6578,13.6895,13.7531,13.8481,13.9737,14.1287,14.3117,14.5209,14.7544,15.0104,15.2868,15.5815,15.8927,16.2184,16.5569,16.9066,17.2659,17.6335,18.0081,18.3884,18.7736,19.1627,19.5549,19.9495,20.3458,20.7433
20.3582,20.0145,19.6691,19.3222,18.9742,18.6253,18.2759,17.9265,17.5776,17.2298,16.8839,16.5406,16.201,15.8659,15.5368,15.2148,14.9016,14.5987,14.308,14.0315,13.7711,13.5291,13.3077,13.109,12.9353,12.7884,12.6701,12.5819,12.5248,12.4993,12.5056,12.5434,12.6116,12.709,12.8339,12.9843,13.158,13.3526,13.5657,13.7949,14.0379,14.2925,14.5566,14.8282,15.1057,15.3874,15.6719,15.958,16.2446,16.5305,16.8152,17.0977,17.3774,17.6539,17.9267,18.1953,18.4594,18.7189,18.9734,19.2229,19.467,19.7058,19.9392,20.1671,20.3894,20.6062,20.8174,21.023,21.2231,21.4177,21.6068,21.7904,21.9686,22.1414,22.3088,22.471,22.6279,22.7796,22.9262,23.0677,23.2041,23.3355,23.4619,23.5833,23.6999,23.8116,23.9184,24.0205,24.1178,24.2103,24.2981,24.3811,24.4595,24.5331,24.6021,24.6665,24.7261,24.781,24.8313,24.8769,24.9178,24.954,24.9854,25.0121,25.0341,25.0512,25.0635,25.0709,25.0734,25.071,25.0636,25.0511,25.0336,25.011,24.9832,24.9501,24.9118,24.868,24.8189,24.7643,24.7041,24.6382,24.5667,24.4894,24.4062,24.3171,24.222,24.1208,24.0134,23.8997,23.7797,23.6533,23.5203,23.3808,23.2347,23.0817,22.922,22.7554,22.5819,22.4014,22.2138,22.0192,21.8175,21.6086,21.3926,21.1695,20.9393,20.7021,20.458,20.2071,19.9494,19.6853,19.4149,19.1385,18.8565,18.5692,18.2771,17.9807,17.6807,17.3779,17.0731,16.7672,16.4615,16.1571,15.8555,15.5582,15.2672,14.9842,14.7114,14.4512,14.2059,13.9781,13.7704,13.5855,13.4258,13.2938,13.1917,13.1213,13.0841,13.0812,13.1129,13.1794,13.2799,13.4135,13.5788,13.774,13.9971,14.2458,14.5179,14.811,15.123,15.4516,15.7948,16.1506,16.5172,16.8931,17.2768,17.6669,18.0623,18.4619,18.8649,19.2703,19.6775,20.0858,20.4948
20.2105,19.8576,19.5025,19.1454,18.7865,18.4263,18.065,17.703,17.3409,16.9793,16.6188,16.2603,15.9048,15.5533,15.207,14.8674,14.5361,14.2149,13.9057,13.6106,13.3321,13.0725,12.8343,12.6202,12.4326,12.2739,12.1462,12.0512,11.9903,11.9641,11.9728,12.016,12.0926,12.201,12.3393,12.505,12.6955,12.9082,13.1402,13.3888,13.6514,13.9255,14.2089,14.4995,14.7953,15.0949,15.3965,15.699,16.0012,16.3022,16.601,16.8971,17.1896,17.4783,17.7625,18.042,18.3165,18.5857,18.8494,19.1075,19.3599,19.6065,19.8472,20.0821,20.311,20.5339,20.751,20.9622,21.1675,21.367,21.5608,21.7488,21.9312,22.1079,22.2791,22.4447,22.605,22.7598,22.9093,23.0535,23.1925,23.3262,23.4549,23.5785,23.697,23.8105,23.919,24.0226,24.1213,24.2151,24.304,24.3882,24.4675,24.542,24.6117,24.6766,24.7367,24.7921,24.8427,24.8884,24.9294,24.9656,24.997,25.0235,25.0451,25.0618,25.0736,25.0805,25.0823,25.0791,25.0708,25.0574,25.0388,25.015,24.9859,24.9514,24.9116,24.8663,24.8154,24.7589,24.6968,24.6289,24.5552,24.4755,24.3899,24.2982,24.2003,24.0962,23.9858,23.8689,23.7455,23.6155,23.4789,23.3354,23.1851,23.0278,22.8636,22.6922,22.5136,22.3277,22.1346,21.934,21.7261,21.5107,21.2878,21.0575,20.8196,20.5744,20.3218,20.0618,19.7947,19.5206,19.2397,18.9522,18.6584,18.3587,18.0535,17.7434,17.429,17.111,16.7902,16.4676,16.1444,15.8217,15.5012,15.1845,14.8733,14.5699,14.2764,13.9955,13.7297,13.4819,13.255,13.0521,12.8762,12.7299,12.6159,12.5364,12.4932,12.4873,12.5193,12.5892,12.6962,12.8392,13.0162,13.2253,13.4639,13.7295,14.0194,14.3311,14.6618,15.0093,15.3712,15.7454,16.13,16.5234,16.924,17.3303,17.7412,18.1557,18.5729,18.9918,19.4119,19.8324,20.253
20.068,19.7058,19.341,18.9736,18.604,18.2323,17.8589,17.4841,17.1086,16.7328,16.3574,15.9832,15.6112,15.2424,14.8782,14.52,14.1695,13.8285,13.4993,13.1841,12.8856,12.6064,12.3496,12.1181,11.9148,11.7426,11.604,11.5011,11.4357,11.4085,11.4199,11.4692,11.5552,11.6761,11.8294,12.0122,12.2216,12.4542,12.7069,12.9766,13.2604,13.5556,13.8595,14.1702,14.4854,14.8035,15.123,15.4425,15.7609,16.0772,16.3905,16.7003,17.0059,17.3068,17.6026,17.893,18.1778,18.4567,18.7296,18.9964,19.2569,19.5112,19.7592,20.0008,20.2362,20.4653,20.6881,20.9048,21.1152,21.3196,21.5179,21.7103,21.8967,22.0773,22.2521,22.4212,22.5846,22.7425,22.8948,23.0417,23.1832,23.3193,23.4501,23.5757,23.6962,23.8114,23.9216,24.0267,24.1267,24.2218,24.3119,24.397,24.4772,24.5526,24.623,24.6885,24.7491,24.8049,24.8557,24.9017,24.9428,24.979,25.0102,25.0365,25.0579,25.0742,25.0855,25.0918,25.093,25.089,25.0799,25.0655,25.0459,25.0209,24.9906,24.9548,24.9135,24.8666,24.8141,24.7558,24.6918,24.6219,24.546,24.4641,24.3761,24.2819,24.1814,24.0744,23.961,23.8411,23.7144,23.581,23.4407,23.2934,23.1391,22.9776,22.8088,22.6328,22.4492,22.2582,22.0596,21.8533,21.6393,21.4175,21.1879,20.9504,20.7051,20.4519,20.1909,19.9221,19.6456,19.3616,19.0702,18.7716,18.4661,18.154,17.8358,17.5118,17.1827,16.8492,16.5122,16.1724,15.8312,15.4897,15.1495,14.8123,14.48,14.1548,13.8392,13.536,13.2479,12.9783,12.7304,12.5077,12.3136,12.1514,12.0242,11.9345,11.8844,11.8754,11.908,11.9821,12.0968,12.2505,12.441,12.6658,12.922,13.2065,13.5162,13.8481,14.1993,14.5672,14.9491,15.343,15.7466,16.1583,16.5764,16.9996,17.4266,17.8563,18.288,18.7206,19.1537,19.5866,20.0189
19.9313,19.56,19.1855,18.8079,18.4275,18.0443,17.6587,17.2711,16.8819,16.4917,16.101,15.7107,15.3217,14.9351,14.5521,14.1743,13.8033,13.4413,13.0905,12.7534,12.4329,12.1322,11.8544,11.6033,11.3821,11.1943,11.0431,10.9311,10.8603,10.8318,10.8461,10.9024,10.9992,11.1342,11.3045,11.5066,11.7369,11.9916,12.2671,12.5599,12.8666,13.1842,13.5101,13.8419,14.1775,14.515,14.8529,15.1899,15.5248,15.8567,16.1848,16.5085,16.8271,17.1403,17.4477,17.749,18.0441,18.3326,18.6146,18.8899,19.1585,19.4204,19.6755,19.9239,20.1656,20.4007,20.6292,20.8511,21.0666,21.2757,21.4785,21.6751,21.8655,22.0498,22.2281,22.4006,22.5671,22.7279,22.883,23.0325,23.1764,23.3148,23.4478,23.5753,23.6976,23.8146,23.9263,24.0329,24.1343,24.2305,24.3217,24.4079,24.489,24.565,24.6361,24.7022,24.7633,24.8194,24.8706,24.9168,24.9579,24.9941,25.0253,25.0514,25.0725,25.0884,25.0993,25.105,25.1056,25.1009,25.0909,25.0756,25.055,25.0289,24.9974,24.9603,24.9176,24.8692,24.815,24.7551,24.6892,24.6173,24.5394,24.4553,24.365,24.2684,24.1653,24.0556,23.9394,23.8164,23.6865,23.5498,23.406,23.255,23.0968,22.9312,22.7581,22.5775,22.3892,22.1931,21.9892,21.7773,21.5574,21.3294,21.0932,20.8488,20.5961,20.3351,20.0659,19.7884,19.5028,19.209,18.9072,18.5977,18.2806,17.9561,17.6248,17.2869,16.9431,16.594,16.2404,15.8832,15.5235,15.1626,14.802,14.4434,14.0889,13.7407,13.4015,13.0742,12.762,12.4685,12.1975,11.9528,11.7385,11.5584,11.4162,11.315,11.2574,11.2449,11.2784,11.3576,11.4813,11.6475,11.8536,12.0964,12.3724,12.678,13.0096,13.3638,13.7373,14.127,14.5304,14.945,15.3687,15.7995,16.2359,16.6764,17.1198,17.5651,18.0115,18.458,18.9042,19.3495,19.7934
19.8012,19.4209,19.0369,18.6492,18.258,17.8634,17.4657,17.0652,16.6623,16.2575,15.8513,15.4446,15.0381,14.633,14.2305,13.8321,13.4397,13.0552,12.6812,12.3203,11.9758,11.6511,11.3501,11.0766,10.8351,10.6294,10.4634,10.3406,10.2633,10.2332,10.2507,10.315,10.4241,10.5753,10.765,10.9889,11.2427,11.522,11.8225,12.1403,12.4717,12.8135,13.1626,13.5166,13.8734,14.231,14.5879,14.9428,15.2945,15.6423,15.9852,16.3228,16.6545,16.98,17.2989,17.611,17.9162,18.2142,18.5051,18.7888,19.0653,19.3346,19.5967,19.8517,20.0996,20.3405,20.5745,20.8016,21.022,21.2357,21.4428,21.6435,21.8377,22.0257,22.2074,22.383,22.5526,22.7163,22.874,23.026,23.1723,23.3129,23.4479,23.5774,23.7014,23.82,23.9333,24.0413,24.1439,24.2414,24.3336,24.4207,24.5027,24.5795,24.6512,24.7179,24.7794,24.8359,24.8873,24.9337,24.975,25.0111,25.0422,25.0681,25.0889,25.1046,25.115,25.1202,25.1201,25.1147,25.1039,25.0878,25.0662,25.039,25.0063,24.9679,24.9239,24.874,24.8184,24.7567,24.6891,24.6154,24.5355,24.4493,24.3567,24.2577,24.1522,24.0399,23.9209,23.795,23.6621,23.5221,23.3749,23.2204,23.0584,22.8889,22.7117,22.5267,22.3338,22.1328,21.9238,21.7065,21.4808,21.2468,21.0042,20.753,20.4932,20.2247,19.9475,19.6615,19.3668,19.0635,18.7516,18.4313,18.1027,17.766,17.4217,17.07,16.7115,16.3467,15.9764,15.6015,15.223,14.8421,14.4604,14.0797,13.7019,13.3295,12.9651,12.6121,12.2738,11.9542,11.6575,11.3883,11.1513,10.951,10.7918,10.6775,10.6113,10.5951,10.6299,10.7152,10.8496,11.0305,11.2546,11.518,11.8164,12.1456,12.5015,12.88,13.2776,13.691,14.1172,14.5536,14.9982,15.4489,15.9041,16.3623,16.8225,17.2836,17.7447,18.2052,18.6645,19.1221,19.5776
19.6784,19.2894,18.896,18.4984,18.0966,17.6908,17.2811,16.8677,16.4512,16.0317,15.6099,15.1865,14.7623,14.3382,13.9155,13.4958,13.0808,12.6726,12.2737,11.8872,11.5165,11.1653,10.8381,10.5395,10.2745,10.048,9.86481,9.72908,9.64409,9.61186,9.63297,9.70648,9.82999,9.99989,10.2117,10.4603,10.7405,11.0471,11.3752,11.7202,12.0782,12.4455,12.8191,13.1964,13.5751,13.9534,14.3297,14.7028,15.0716,15.4352,15.7931,16.1445,16.4892,16.8268,17.1571,17.4798,17.7949,18.1023,18.4019,18.6938,18.978,19.2545,19.5234,19.7847,20.0386,20.2852,20.5244,20.7566,20.9816,21.1998,21.4111,21.6157,21.8136,22.0051,22.1901,22.3689,22.5414,22.7077,22.8681,23.0224,23.171,23.3137,23.4507,23.582,23.7077,23.8279,23.9427,24.052,24.1559,24.2545,24.3477,24.4358,24.5185,24.5961,24.6684,24.7356,24.7976,24.8544,24.9061,24.9526,24.9939,25.0301,25.0611,25.0869,25.1074,25.1227,25.1327,25.1373,25.1367,25.1306,25.1191,25.1021,25.0795,25.0513,25.0175,24.9779,24.9326,24.8813,24.8241,24.7609,24.6916,24.6161,24.5343,24.4461,24.3514,24.2501,24.1422,24.0274,23.9058,23.7771,23.6413,23.4982,23.3478,23.1898,23.0243,22.8509,22.6697,22.4805,22.2832,22.0776,21.8636,21.6411,21.4099,21.17,20.9213,20.6637,20.397,20.1211,19.8362,19.542,19.2386,18.926,18.6042,18.2733,17.9334,17.5848,17.2276,16.8623,16.4891,16.1087,15.7218,15.329,14.9315,14.5303,14.1271,13.7234,13.3214,12.9235,12.5325,12.1519,11.7853,11.4372,11.1122,10.8156,10.5529,10.3296,10.1509,10.0216,9.94558,9.92529,9.96182,10.0547,10.2018,10.4,10.645,10.932,11.2558,11.6114,11.9941,12.3992,12.8228,13.2614,13.7117,14.1711,14.6374,15.1085,15.5829,16.0593,16.5364,17.0133,17.4893,17.9636,18.4359,18.9057,19.3725
19.5639,19.1663,18.7638,18.3565,17.9444,17.5275,17.106,16.6801,16.2499,15.816,15.3786,14.9385,14.4963,14.0529,13.6097,13.1679,12.7293,12.2962,11.871,11.4569,11.0576,10.6772,10.3208,9.99364,9.70165,9.4509,9.2473,9.09619,9.00181,8.96686,8.99216,9.0765,9.21682,9.40849,9.64585,9.92267,10.2326,10.5695,10.9278,11.3023,11.6887,12.0831,12.4824,12.8838,13.2851,13.6845,14.0805,14.4719,14.8577,15.2372,15.6098,15.975,16.3324,16.6819,17.0233,17.3564,17.6811,17.9976,18.3057,18.6055,18.8971,19.1805,19.4559,19.7234,19.9831,20.2351,20.4794,20.7164,20.946,21.1684,21.3837,21.592,21.7936,21.9883,22.1765,22.3582,22.5335,22.7025,22.8653,23.022,23.1726,23.3174,23.4562,23.5893,23.7167,23.8384,23.9545,24.0651,24.1702,24.2699,24.3641,24.453,24.5365,24.6148,24.6877,24.7554,24.8178,24.875,24.9269,24.9735,25.015,25.0511,25.082,25.1076,25.1279,25.1428,25.1524,25.1566,25.1553,25.1486,25.1364,25.1185,25.0951,25.0659,25.031,24.9903,24.9437,24.8911,24.8325,24.7678,24.6968,24.6196,24.536,24.4458,24.3491,24.2457,24.1355,24.0183,23.8942,23.7628,23.6242,23.4782,23.3247,23.1635,22.9945,22.8175,22.6325,22.4393,22.2377,22.0276,21.8089,21.5814,21.3451,21.0996,20.845,20.5811,20.3078,20.025,19.7326,19.4305,19.1187,18.7971,18.4657,18.1246,17.7738,17.4135,17.0438,16.6651,16.2776,15.8817,15.4782,15.0677,14.651,14.2294,13.8042,13.3771,12.95,12.5255,12.1065,11.6965,11.2994,10.9201,10.5638,10.2366,9.94476,9.69499,9.49378,9.34703,9.25957,9.23465,9.27358,9.37562,9.53809,9.75672,10.0261,10.3402,10.6929,11.0781,11.4903,11.9243,12.3759,12.8411,13.3167,13.8,14.2886,14.7807,15.2747,15.7692,16.2632,16.7559,17.2466,17.7346,18.2197,18.7013,19.1793
19.4582,19.0524,18.6413,18.2246,17.8025,17.3749,16.9419,16.5036,16.0602,15.612,15.1592,14.7025,14.2423,13.7797,13.3155,12.8512,12.3884,11.9293,11.4764,11.0328,10.6026,10.1902,9.80111,9.44156,9.11847,8.83925,8.61133,8.44161,8.33571,8.29728,8.32746,8.42472,8.58499,8.80229,9.06935,9.37843,9.72184,10.0924,10.4836,10.8899,11.3065,11.7294,12.1552,12.5814,13.0058,13.4265,13.8422,14.2519,14.6546,15.0497,15.4368,15.8154,16.1853,16.5464,16.8985,17.2416,17.5757,17.9008,18.217,18.5245,18.8232,19.1133,19.395,19.6683,19.9335,20.1906,20.4399,20.6814,20.9153,21.1417,21.3608,21.5728,21.7777,21.9756,22.1668,22.3513,22.5293,22.7007,22.8659,23.0247,23.1774,23.3241,23.4647,23.5995,23.7284,23.8516,23.969,24.0808,24.187,24.2877,24.3829,24.4726,24.5569,24.6357,24.7092,24.7774,24.8402,24.8976,24.9498,24.9966,25.0381,25.0742,25.105,25.1304,25.1505,25.1651,25.1743,25.178,25.1762,25.1689,25.1559,25.1373,25.1129,25.0829,25.0469,25.0051,24.9573,24.9035,24.8435,24.7773,24.7048,24.626,24.5406,24.4486,24.35,24.2445,24.1322,24.0128,23.8862,23.7524,23.6111,23.4623,23.3058,23.1415,22.9693,22.7889,22.6003,22.4032,22.1976,21.9833,21.7602,21.528,21.2866,21.0359,20.7757,20.5059,20.2263,19.9368,19.6373,19.3276,19.0078,18.6776,18.3371,17.9861,17.6249,17.2533,16.8715,16.4798,16.0783,15.6674,15.2475,14.8194,14.3838,13.9418,13.4944,13.0435,12.5908,12.1388,11.6905,11.2493,10.8195,10.4063,10.0154,9.65378,9.32881,9.0485,8.8209,8.65354,8.55262,8.52239,8.56451,8.67791,8.85896,9.10198,9.4,9.74546,10.1308,10.549,10.9935,11.4589,11.9402,12.4335,12.9355,13.4433,13.9547,14.468,14.9815,15.4941,16.005,16.5132,17.0183,17.5197,18.0171,18.5103,18.999
19.3623,18.9487,18.5292,18.1036,17.6719,17.234,16.79,16.3398,15.8836,15.4215,14.9537,14.4807,14.0029,13.521,13.0359,12.5489,12.0615,11.5756,11.0937,10.6191,10.1557,9.70835,9.28302,8.88677,8.52774,8.21494,7.95778,7.76529,7.64505,7.60211,7.63814,7.75105,7.93537,8.18312,8.48492,8.83104,9.21216,9.61987,10.0469,10.4871,10.9355,11.3879,11.8411,12.2925,12.74,13.182,13.6173,14.0449,14.4642,14.8746,15.2757,15.6673,16.0492,16.4214,16.7838,17.1364,17.4794,17.8128,18.1368,18.4514,18.7569,19.0533,19.3409,19.6198,19.8902,20.1522,20.406,20.6519,20.8898,21.1201,21.3428,21.5582,21.7662,21.9672,22.1612,22.3484,22.5288,22.7026,22.8699,23.0309,23.1855,23.334,23.4763,23.6126,23.743,23.8675,23.9862,24.0992,24.2064,24.3081,24.4041,24.4946,24.5796,24.659,24.7331,24.8016,24.8648,24.9226,24.9749,25.0218,25.0634,25.0995,25.1302,25.1555,25.1753,25.1896,25.1984,25.2017,25.1993,25.1914,25.1777,25.1584,25.1332,25.1022,25.0653,25.0225,24.9735,24.9185,24.8572,24.7897,24.7157,24.6353,24.5483,24.4546,24.3542,24.2468,24.1324,24.0108,23.882,23.7458,23.602,23.4506,23.2913,23.1241,22.9488,22.7652,22.5732,22.3726,22.1632,21.9449,21.7176,21.4809,21.2349,20.9792,20.7137,20.4384,20.1529,19.8571,19.5509,19.2341,18.9066,18.5683,18.2191,17.8589,17.4876,17.1053,16.712,16.3077,15.8927,15.4673,15.0317,14.5864,14.1322,13.6699,13.2007,12.7258,12.2472,11.7671,11.2883,10.8145,10.3499,9.89996,9.47105,9.0708,8.70792,8.39206,8.13327,7.94122,7.82413,7.78766,7.83403,7.96164,8.16546,8.43783,8.76962,9.15129,9.57366,10.0284,10.5082,11.0071,11.5199,12.0424,12.5714,13.1042,13.6386,14.1729,14.7059,15.2364,15.7636,16.2869,16.806,17.3203,17.8296,18.3338,18.8328
19.2767,18.8558,18.4284,17.9945,17.5537,17.1062,16.6517,16.1902,15.7217,15.2463,14.7641,14.2753,13.7804,13.2797,12.7741,12.2645,11.7523,11.2392,10.7277,10.2207,9.72212,9.23703,8.77175,8.33409,7.93351,7.58093,7.28828,7.06754,6.92915,6.88033,6.9235,7.05578,7.26955,7.55393,7.89659,8.28525,8.70869,9.15721,9.62276,10.0988,10.5802,11.0629,11.5438,12.0204,12.4908,12.9537,13.4081,13.8532,14.2884,14.7134,15.128,15.5319,15.9252,16.3079,16.6801,17.0418,17.3931,17.7344,18.0656,18.387,18.6988,19.0011,19.2943,19.5784,19.8536,20.1202,20.3783,20.6282,20.87,21.1038,21.3299,21.5484,21.7595,21.9633,22.1599,22.3495,22.5323,22.7083,22.8777,23.0406,23.197,23.3472,23.4911,23.6289,23.7606,23.8864,24.0063,24.1203,24.2285,24.3311,24.4279,24.5191,24.6047,24.6848,24.7593,24.8283,24.8918,24.9498,25.0023,25.0494,25.0909,25.127,25.1576,25.1827,25.2023,25.2163,25.2248,25.2276,25.2248,25.2162,25.202,25.1819,25.156,25.1241,25.0863,25.0424,24.9924,24.9363,24.8738,24.8049,24.7296,24.6477,24.5592,24.4639,24.3617,24.2525,24.1362,24.0126,23.8817,23.7432,23.5971,23.4433,23.2814,23.1115,22.9333,22.7467,22.5515,22.3476,22.1347,21.9127,21.6814,21.4406,21.1902,20.9299,20.6596,20.379,20.088,19.7863,19.4739,19.1505,18.8159,18.47,18.1126,17.7437,17.363,16.9706,16.5663,16.1503,15.7225,15.2832,14.8325,14.3708,13.8986,13.4167,12.9259,12.4274,11.9229,11.4145,10.9047,10.3971,9.89583,9.40651,8.93595,8.49252,8.08628,7.72878,7.43265,7.21052,7.07355,7.02956,7.0816,7.22727,7.45938,7.76739,8.13919,8.5627,9.02678,9.52182,10.0398,10.5741,11.1196,11.6721,12.2285,12.7863,13.3434,13.8985,14.4503,14.9981,15.5411,16.079,16.6113,17.1378,17.6584,18.173,18.6816
19.2024,18.7746,18.3399,17.8982,17.449,16.9924,16.5282,16.0561,15.5761,15.0882,14.5924,14.0887,13.5773,13.0587,12.5331,12.0016,11.465,10.925,10.3835,9.84334,9.30816,8.78292,8.27411,7.79014,7.3417,6.94185,6.60571,6.34933,6.1875,6.13081,6.18301,6.33988,6.59038,6.91929,7.31019,7.74761,8.21819,8.71099,9.21738,9.73069,10.2458,10.759,11.2673,11.7686,12.2614,12.7445,13.2172,13.6788,14.1292,14.568,14.9951,15.4107,15.8147,16.2072,16.5884,16.9585,17.3177,17.6661,18.0041,18.3317,18.6494,18.9572,19.2555,19.5444,19.8241,20.095,20.3571,20.6107,20.856,21.0931,21.3223,21.5438,21.7576,21.964,22.1631,22.355,22.5399,22.718,22.8893,23.0539,23.2121,23.3638,23.5092,23.6483,23.7813,23.9083,24.0292,24.1442,24.2534,24.3567,24.4543,24.5462,24.6324,24.713,24.7879,24.8573,24.9211,24.9793,25.032,25.0792,25.1208,25.1569,25.1874,25.2123,25.2317,25.2454,25.2535,25.2559,25.2526,25.2435,25.2286,25.2079,25.1812,25.1486,25.1099,25.0651,25.0141,24.9568,24.8932,24.8232,24.7466,24.6633,24.5733,24.4765,24.3727,24.2618,24.1437,24.0183,23.8854,23.7449,23.5966,23.4404,23.2762,23.1038,22.9229,22.7335,22.5354,22.3284,22.1123,21.8868,21.652,21.4074,21.1529,20.8884,20.6135,20.3282,20.0321,19.7251,19.4069,19.0773,18.7362,18.3833,18.0184,17.6414,17.2521,16.8503,16.4359,16.0089,15.5692,15.1168,14.652,14.1747,13.6855,13.1848,12.6733,12.152,11.6222,11.0857,10.5448,10.0028,9.46356,8.93264,8.41701,7.92565,7.46986,7.06337,6.72202,6.46257,6.30052,6.24716,6.30687,6.47595,6.74378,7.09545,7.51477,7.98644,8.49716,9.03605,9.59446,10.1657,10.7446,11.3274,11.9109,12.4932,13.0725,13.6475,14.2174,14.7816,15.3396,15.891,16.4358,16.9737,17.5048,18.0291,18.5466
19.1398,18.7058,18.2645,17.8156,17.3588,16.8939,16.4207,15.9389,15.4484,14.949,14.4406,13.923,13.3964,12.8608,12.3165,11.7641,11.2042,10.638,10.067,9.49371,8.92126,8.35423,7.7989,7.26389,6.76081,6.30486,5.91499,5.61283,5.41986,5.35238,5.41643,5.60548,5.90274,6.28632,6.73418,7.22704,7.74939,8.28937,8.83816,9.38928,9.93804,10.4811,11.0159,11.541,12.0549,12.5571,13.0469,13.524,13.9884,14.4399,14.8788,15.3049,15.7187,16.1202,16.5097,16.8874,17.2537,17.6088,17.9529,18.2863,18.6093,18.9221,19.225,19.5183,19.8022,20.0769,20.3426,20.5996,20.8481,21.0883,21.3203,21.5445,21.7608,21.9696,22.1709,22.3649,22.5518,22.7318,22.9048,23.0711,23.2308,23.3839,23.5306,23.6711,23.8052,23.9332,24.0552,24.1711,24.2811,24.3852,24.4835,24.576,24.6627,24.7437,24.8191,24.8888,24.9529,25.0113,25.0642,25.1114,25.153,25.1891,25.2195,25.2443,25.2634,25.2768,25.2846,25.2866,25.2828,25.2733,25.2578,25.2364,25.2091,25.1757,25.1362,25.0905,25.0386,24.9803,24.9156,24.8445,24.7667,24.6822,24.5908,24.4926,24.3873,24.2749,24.1551,24.028,23.8933,23.7508,23.6006,23.4423,23.2759,23.1011,22.9179,22.7259,22.5251,22.3153,22.0962,21.8677,21.6295,21.3814,21.1233,20.8549,20.576,20.2863,19.9856,19.6737,19.3503,19.0152,18.6682,18.3089,17.9373,17.5529,17.1557,16.7454,16.3218,15.8848,15.4342,14.9699,14.492,14.0004,13.4954,12.9772,12.4463,11.9034,11.3494,10.7858,10.2145,9.63822,9.06058,8.48661,7.9231,7.37925,6.8673,6.40315,6.00646,5.69967,5.50499,5.43948,5.50982,5.71003,6.02374,6.42936,6.90505,7.43165,7.99373,8.57943,9.17991,9.78866,10.4009,11.0133,11.6232,12.2289,12.8291,13.4229,14.0098,14.5892,15.1609,15.7249,16.2811,16.8294,17.3701,17.9031,18.4287
19.0896,18.6501,18.2029,17.7476,17.284,16.8117,16.3305,15.84,15.3401,14.8303,14.3105,13.7805,13.24,12.689,12.1276,11.5559,10.9743,10.3834,9.7845,9.17916,8.57,7.96083,7.35723,6.76737,6.20308,5.68115,5.22456,4.86243,4.62669,4.54382,4.6242,4.85693,5.21504,5.66615,6.18074,6.73549,7.31332,7.90214,8.49358,9.08187,9.66306,10.2345,10.7943,11.3413,11.8748,12.3944,12.8997,13.3909,13.8679,14.3309,14.7802,15.2159,15.6384,16.0479,16.4448,16.8294,17.202,17.563,17.9126,18.2511,18.5788,18.8961,19.2032,19.5004,19.788,20.0662,20.3352,20.5952,20.8466,21.0895,21.3241,21.5507,21.7693,21.9802,22.1836,22.3795,22.5682,22.7498,22.9244,23.0922,23.2533,23.4077,23.5557,23.6972,23.8324,23.9614,24.0843,24.201,24.3118,24.4165,24.5154,24.6085,24.6957,24.7771,24.8529,24.9229,24.9872,25.0458,25.0988,25.1461,25.1877,25.2237,25.254,25.2786,25.2975,25.3107,25.3182,25.3198,25.3156,25.3055,25.2895,25.2676,25.2396,25.2055,25.1652,25.1188,25.066,25.0068,24.9411,24.8689,24.79,24.7043,24.6117,24.5122,24.4056,24.2917,24.1705,24.0417,23.9054,23.7612,23.6091,23.449,23.2805,23.1037,22.9182,22.724,22.5208,22.3084,22.0867,21.8553,21.6142,21.3631,21.1017,20.8298,20.5472,20.2537,19.9489,19.6327,19.3047,18.9647,18.6124,18.2475,17.8698,17.479,17.0748,16.6569,16.2251,15.7792,15.3189,14.844,14.3544,13.85,13.3308,12.7967,12.2481,11.6854,11.109,10.5201,9.92001,9.31081,8.69549,8.07831,7.46537,6.86542,6.29093,5.7594,5.29457,4.92639,4.68759,4.60546,4.69107,4.93409,5.30793,5.78049,6.32244,6.91053,7.52773,8.16195,8.80479,9.45043,10.0949,10.7353,11.3699,11.9974,12.6168,13.2278,13.8299,14.423,15.0071,15.5823,16.1486,16.7062,17.2553,17.7961,18.3288
19.0525,18.6082,18.1558,17.6949,17.2254,16.7467,16.2585,15.7606,15.2524,14.7337,14.204,13.6631,13.1105,12.5461,11.9696,11.3808,10.7798,10.1669,9.54245,8.90756,8.26387,7.61412,6.96263,6.31625,5.68576,5.08805,4.54918,4.10704,3.80994,3.70379,3.80826,4.10313,4.54199,5.07607,5.66706,6.28858,6.92345,7.56062,8.19306,8.81626,9.42736,10.0246,10.6068,11.1734,11.7242,12.259,12.778,13.2814,13.7694,14.2424,14.7007,15.1447,15.5748,15.9913,16.3946,16.7852,17.1633,17.5293,17.8837,18.2266,18.5586,18.8798,19.1905,19.4912,19.782,20.0632,20.335,20.5978,20.8517,21.097,21.3339,21.5626,21.7832,21.9961,22.2012,22.3988,22.5891,22.7722,22.9483,23.1174,23.2797,23.4353,23.5843,23.7269,23.863,23.9929,24.1165,24.234,24.3454,24.4508,24.5503,24.6438,24.7314,24.8133,24.8893,24.9595,25.0241,25.0828,25.1359,25.1833,25.2249,25.2608,25.291,25.3155,25.3342,25.3471,25.3542,25.3555,25.3509,25.3404,25.3239,25.3014,25.2728,25.2381,25.1971,25.1499,25.0963,25.0362,24.9697,24.8965,24.8166,24.7298,24.6362,24.5355,24.4276,24.3124,24.1898,24.0596,23.9218,23.7761,23.6224,23.4605,23.2903,23.1116,22.9242,22.7279,22.5226,22.3079,22.0838,21.85,21.6063,21.3525,21.0882,20.8134,20.5276,20.2307,19.9224,19.6023,19.2703,18.9261,18.5692,18.1995,17.8166,17.4202,17.01,16.5857,16.1469,15.6933,15.2246,14.7406,14.241,13.7254,13.1938,12.646,12.082,11.5017,10.9056,10.294,9.66781,9.02838,8.37777,7.71917,7.05741,6.39991,5.7581,5.14961,4.60126,4.15182,3.85049,3.74402,3.85283,4.15726,4.61129,5.16638,5.78435,6.4389,7.11283,7.79512,8.47868,9.15894,9.83298,10.4989,11.1556,11.8024,12.4387,13.0646,13.6801,14.2851,14.8799,15.4646,16.0397,16.6052,17.1616,17.709,18.2478
19.0288,18.5805,18.1237,17.6583,17.1837,16.6997,16.2058,15.7016,15.1866,14.6604,14.1226,13.5727,13.0101,12.4345,11.8454,11.2424,10.6252,9.99349,9.34729,8.68683,8.01278,7.32656,6.63076,5.92999,5.23234,4.55212,3.91485,3.36538,2.9755,2.83092,2.97447,3.36277,3.90954,4.54256,5.21656,5.90569,6.59535,7.2772,7.94644,8.60031,9.23725,9.85646,10.4576,11.0407,11.6059,12.1535,12.6838,13.1973,13.6945,14.1757,14.6416,15.0924,15.5288,15.9511,16.3598,16.7553,17.138,17.5083,17.8667,18.2134,18.5489,18.8734,19.1872,19.4908,19.7843,20.0681,20.3424,20.6075,20.8637,21.111,21.3499,21.5804,21.8028,22.0173,22.224,22.4231,22.6148,22.7992,22.9764,23.1467,23.3101,23.4667,23.6167,23.7601,23.8971,24.0277,24.1521,24.2702,24.3822,24.4881,24.588,24.682,24.77,24.8521,24.9284,24.9989,25.0636,25.1225,25.1756,25.223,25.2646,25.3005,25.3306,25.3549,25.3734,25.3861,25.3929,25.3938,25.3889,25.3779,25.361,25.3379,25.3088,25.2734,25.2318,25.1839,25.1296,25.0688,25.0014,24.9274,24.8465,24.7588,24.6642,24.5624,24.4534,24.3371,24.2133,24.0818,23.9427,23.7956,23.6404,23.4771,23.3053,23.1249,22.9358,22.7378,22.5306,22.314,22.0879,21.852,21.6061,21.3499,21.0832,20.8058,20.5173,20.2176,19.9063,19.5831,19.2477,18.8999,18.5393,18.1655,17.7783,17.3773,16.9622,16.5325,16.0879,15.628,15.1525,14.661,14.1531,13.6284,13.0867,12.5275,11.9507,11.356,10.7433,10.1126,9.46427,8.79882,8.11732,7.42164,6.71489,6.00223,5.2924,4.60045,3.9527,3.3949,2.99978,2.85401,3.00119,3.39852,3.96006,4.61376,5.31446,6.03634,6.76479,7.49147,8.21154,8.92215,9.62171,10.3093,10.9846,11.6474,12.2979,12.9361,13.5625,14.1772,14.7807,15.3734,15.9555,16.5275,17.0897,17.6426,18.1863
19.0191,18.5675,18.1073,17.6382,17.1597,16.6715,16.1731,15.664,15.1437,14.6118,14.0677,13.5108,12.9406,12.3564,11.7577,11.1438,10.514,9.86791,9.20484,8.52437,7.82627,7.11064,6.3782,5.63081,4.87251,4.11182,3.36698,2.67908,2.14142,1.92373,2.14089,2.67743,3.36307,4.10405,4.85888,5.60898,6.34556,7.06432,7.76322,8.44136,9.09851,9.7348,10.3506,10.9463,11.5226,12.0799,12.6189,13.1402,13.6444,14.132,14.6037,15.0598,15.5011,15.9279,16.3408,16.7403,17.1267,17.5004,17.862,18.2117,18.55,18.8772,19.1936,19.4995,19.7953,20.0813,20.3576,20.6246,20.8826,21.1317,21.3722,21.6042,21.8281,22.0439,22.252,22.4523,22.6452,22.8307,23.009,23.1803,23.3446,23.5021,23.6529,23.7971,23.9348,24.066,24.1909,24.3096,24.4221,24.5285,24.6288,24.7231,24.8114,24.8938,24.9703,25.041,25.1058,25.1648,25.218,25.2654,25.3069,25.3427,25.3727,25.3968,25.4151,25.4276,25.4341,25.4348,25.4294,25.4181,25.4007,25.3772,25.3476,25.3117,25.2695,25.221,25.166,25.1045,25.0364,24.9615,24.8799,24.7914,24.6958,24.5931,24.4831,24.3658,24.2409,24.1084,23.9681,23.8198,23.6634,23.4987,23.3256,23.1439,22.9533,22.7538,22.545,22.3268,22.099,21.8613,21.6135,21.3554,21.0868,20.8072,20.5166,20.2145,19.9008,19.5751,19.2371,18.8864,18.5228,18.1459,17.7554,17.3508,16.9318,16.4979,16.0489,15.5842,15.1035,14.6063,14.0921,13.5605,13.0111,12.4433,11.8568,11.2511,10.6258,9.98058,9.31517,8.62948,7.92365,7.19821,6.4544,5.69463,4.92359,4.15051,3.39446,2.69745,2.15377,1.9342,2.15449,2.69972,3.39987,4.16129,4.94258,5.72517,6.50027,7.26356,8.01294,8.74748,9.46687,10.1712,10.8607,11.5357,12.1968,12.8443,13.4789,14.1009,14.711,15.3095,15.897,16.4739,17.0405,17.5975,18.145
19.0237,18.5696,18.1069,17.6351,17.1539,16.6626,16.161,15.6485,15.1246,14.5887,14.0403,13.4787,12.9034,12.3135,11.7084,11.0873,10.4494,9.7939,9.11984,8.42634,7.71248,6.97741,6.22033,5.44077,4.63883,3.8161,2.97799,2.14206,1.37591,0.980642,1.3757,2.14101,2.97494,3.80943,4.62652,5.42047,6.1894,6.93297,7.65148,8.34553,9.01586,9.66327,10.2886,10.8926,11.4761,12.0399,12.5847,13.1113,13.6202,14.1122,14.5878,15.0477,15.4924,15.9225,16.3384,16.7406,17.1297,17.506,17.8699,18.2219,18.5623,18.8915,19.2099,19.5176,19.8152,20.1028,20.3807,20.6493,20.9086,21.1591,21.4009,21.6342,21.8593,22.0762,22.2853,22.4867,22.6805,22.867,23.0462,23.2182,23.3833,23.5415,23.693,23.8378,23.976,24.1078,24.2332,24.3524,24.4653,24.572,24.6726,24.7672,24.8558,24.9384,25.0151,25.0859,25.1508,25.2098,25.263,25.3104,25.3519,25.3876,25.4174,25.4414,25.4596,25.4718,25.4781,25.4784,25.4727,25.4611,25.4433,25.4194,25.3892,25.3529,25.3102,25.2611,25.2055,25.1434,25.0746,24.9991,24.9168,24.8275,24.7311,24.6276,24.5168,24.3986,24.2728,24.1393,23.998,23.8488,23.6913,23.5256,23.3513,23.1685,22.9767,22.7759,22.5659,22.3464,22.1172,21.8781,21.6289,21.3693,21.0991,20.8179,20.5256,20.2218,19.9063,19.5787,19.2387,18.886,18.5202,18.141,17.7481,17.3409,16.9193,16.4826,16.0305,15.5626,15.0783,14.5773,14.059,13.5228,12.9684,12.3951,11.8023,11.1895,10.5561,9.90154,9.22517,8.52644,7.80482,7.05986,6.2913,5.49917,4.68425,3.84881,2.99911,2.1536,1.38092,0.983314,1.38122,2.15504,3.0033,3.85804,4.70135,5.52751,6.33464,7.12239,7.891,8.64104,9.37317,10.0881,10.7867,11.4695,12.1373,12.7908,13.4306,14.0574,14.6717,15.274,15.865,16.445,17.0146,17.5742,18.1242
19.0428,18.5872,18.1229,17.6495,17.1665,16.6735,16.17,15.6556,15.1297,14.5918,14.0412,13.4773,12.8994,12.3069,11.6989,11.0747,10.4334,9.77396,9.09549,8.39689,7.67701,6.9346,6.16835,5.37681,4.55843,3.71153,2.8343,1.92477,0.980776,0.0,0.980666,1.92392,2.83155,3.70525,4.54659,5.35706,6.13805,6.89089,7.6168,8.31695,8.99246,9.64435,10.2736,10.8812,11.4679,12.0346,12.5822,13.1112,13.6226,14.1168,14.5946,15.0565,15.5031,15.935,16.3527,16.7567,17.1474,17.5252,17.8907,18.2442,18.586,18.9166,19.2362,19.5453,19.8441,20.1328,20.4119,20.6815,20.942,21.1935,21.4362,21.6705,21.8964,22.1143,22.3242,22.5263,22.7209,22.908,23.0879,23.2606,23.4262,23.585,23.737,23.8823,24.021,24.1532,24.279,24.3985,24.5117,24.6187,24.7196,24.8144,24.9031,24.9859,25.0627,25.1336,25.1985,25.2576,25.3108,25.3581,25.3996,25.4352,25.4649,25.4887,25.5066,25.5186,25.5247,25.5248,25.5188,25.5068,25.4886,25.4643,25.4338,25.397,25.3538,25.3043,25.2482,25.1855,25.1162,25.0401,24.9571,24.8672,24.7702,24.666,24.5545,24.4355,24.309,24.1748,24.0327,23.8826,23.7243,23.5577,23.3826,23.1988,23.0061,22.8043,22.5933,22.3728,22.1427,21.9025,21.6523,21.3916,21.1202,20.838,20.5445,20.2395,19.9228,19.594,19.2527,18.8987,18.5316,18.1511,17.7567,17.3481,16.925,16.4867,16.0331,15.5635,15.0775,14.5746,14.0543,13.5161,12.9595,12.3837,11.7883,11.1727,10.5361,9.8779,9.19737,8.49378,7.76635,7.01427,6.23669,5.43273,4.60147,3.74193,2.8531,1.93392,0.983279,0.0,0.983428,1.93508,2.85688,3.7506,4.61789,5.46024,6.27907,7.07567,7.85124,8.60692,9.34373,10.0626,10.7646,11.4504,12.1208,12.7767,13.4187,14.0474,14.6634,15.2674,15.8599,16.4414,17.0123,17.5731,18.1244
19.0765,18.6203,18.1554,17.6813,17.1978,16.7043,16.2004,15.6856,15.1594,14.6213,14.0706,13.5068,12.9292,12.3371,11.7299,11.1066,10.4667,9.8091,9.13307,8.43767,7.72202,6.98523,6.22658,5.44557,4.64233,3.81847,2.97944,2.14281,1.37622,0.9808,1.37601,2.14177,2.97641,3.81185,4.6301,5.42539,6.19583,6.94105,7.66134,8.35728,9.0296,9.67908,10.3065,10.9127,11.4985,12.0646,12.6117,13.1406,13.6519,14.1462,14.6242,15.0864,15.5335,15.9658,16.3841,16.7886,17.1799,17.5584,17.9245,18.2787,18.6212,18.9525,19.2728,19.5826,19.882,20.1715,20.4513,20.7216,20.9827,21.2348,21.4782,21.7131,21.9396,22.158,22.3685,22.5712,22.7663,22.9539,23.1343,23.3074,23.4735,23.6327,23.785,23.9307,24.0697,24.2022,24.3283,24.448,24.5614,24.6687,24.7697,24.8646,24.9535,25.0364,25.1132,25.1841,25.2491,25.3082,25.3613,25.4086,25.45,25.4854,25.515,25.5387,25.5564,25.5682,25.5741,25.5739,25.5676,25.5553,25.5369,25.5122,25.4813,25.4441,25.4006,25.3506,25.2941,25.2309,25.1611,25.0845,25.0011,24.9106,24.8131,24.7083,24.5962,24.4767,24.3496,24.2147,24.072,23.9213,23.7623,23.5951,23.4193,23.2349,23.0415,22.8391,22.6274,22.4063,22.1754,21.9346,21.6837,21.4224,21.1504,20.8675,20.5734,20.2678,19.9505,19.6211,19.2793,18.9247,18.5572,18.1762,17.7814,17.3725,16.9491,16.5106,16.0568,15.5871,15.1012,14.5984,14.0785,13.5407,12.9847,12.4098,11.8155,11.2013,10.5665,9.91061,9.23297,8.53304,7.8103,7.06431,6.29479,5.50182,4.68615,3.85009,2.99987,2.15399,1.38108,0.983394,1.38137,2.15542,3.00403,3.85922,4.70309,5.52989,6.33775,7.12627,7.89572,8.64664,9.37971,10.0956,10.7952,11.479,12.1479,12.8024,13.4433,14.0711,14.6865,15.2899,15.882,16.4631,17.0338,17.5944,18.1455
19.1251,18.6691,18.2045,17.7309,17.2479,16.7552,16.2522,15.7386,15.2138,14.6773,14.1287,13.5673,12.9927,12.4041,11.801,11.1829,10.549,9.89883,9.23183,8.54761,7.84593,7.12693,6.39135,5.64109,4.88023,4.11733,3.37069,2.68143,2.14293,1.92495,2.14241,2.67981,3.36683,4.10966,4.86677,5.61952,6.35908,7.08112,7.78355,8.46544,9.12654,9.76694,10.387,10.9871,11.5678,12.1297,12.6733,13.1993,13.7081,14.2004,14.6767,15.1376,15.5835,16.015,16.4325,16.8365,17.2273,17.6055,17.9715,18.3255,18.668,18.9993,19.3197,19.6296,19.9292,20.2189,20.4989,20.7695,21.0308,21.2833,21.5269,21.7621,21.989,22.2077,22.4185,22.6215,22.8168,23.0048,23.1854,23.3588,23.5251,23.6845,23.8371,23.983,24.1222,24.2549,24.3811,24.501,24.6146,24.7219,24.823,24.918,25.007,25.0899,25.1667,25.2376,25.3026,25.3616,25.4147,25.4619,25.5031,25.5385,25.5679,25.5914,25.609,25.6206,25.6262,25.6258,25.6193,25.6067,25.588,25.563,25.5318,25.4943,25.4504,25.4001,25.3432,25.2797,25.2095,25.1325,25.0486,24.9577,24.8598,24.7546,24.6421,24.5221,24.3945,24.2592,24.1161,23.9649,23.8055,23.6379,23.4617,23.2768,23.0831,22.8803,22.6682,22.4467,22.2155,21.9745,21.7233,21.4617,21.1895,20.9064,20.6122,20.3066,19.9893,19.66,19.3184,18.9641,18.5969,18.2164,17.8223,17.4141,16.9915,16.5542,16.1017,15.6336,15.1494,14.6488,14.1314,13.5965,13.0439,12.4731,11.8836,11.275,10.6469,9.99904,9.3311,8.64302,7.93496,7.20746,6.46177,5.70031,4.9278,4.15347,3.39642,2.69867,2.15454,1.93482,2.15525,2.7009,3.40172,4.16405,4.94644,5.73029,6.5068,7.27164,8.02268,8.75898,9.48021,10.1864,10.8779,11.5549,12.2181,12.8677,13.5044,14.1286,14.7408,15.3415,15.9312,16.5102,17.079,17.6381,18.1878
19.1885,18.7335,18.2701,17.798,17.3167,16.8259,16.3253,15.8143,15.2925,14.7596,14.2151,13.6584,13.0893,12.5071,11.9116,11.3022,10.6788,10.0411,9.38912,8.72308,8.04374,7.35252,6.6521,5.94711,5.24571,4.56227,3.92238,3.37096,2.97987,2.83489,2.97887,3.3684,3.91717,4.55289,5.23022,5.92324,6.61729,7.30398,7.97844,8.63787,9.28066,9.90599,10.5135,11.1031,11.6749,12.2293,12.7664,13.2869,13.791,14.2792,14.7521,15.2099,15.6532,16.0824,16.498,16.9002,17.2897,17.6666,18.0315,18.3846,18.7264,19.057,19.3769,19.6864,19.9857,20.2751,20.5548,20.8252,21.0865,21.3388,21.5825,21.8176,22.0445,22.2632,22.4741,22.6771,22.8726,23.0606,23.2412,23.4147,23.5812,23.7407,23.8933,24.0392,24.1785,24.3113,24.4376,24.5575,24.6711,24.7785,24.8796,24.9746,25.0635,25.1464,25.2232,25.2941,25.359,25.4179,25.4709,25.518,25.5591,25.5943,25.6236,25.647,25.6644,25.6758,25.6812,25.6805,25.6738,25.661,25.642,25.6168,25.5854,25.5476,25.5034,25.4528,25.3956,25.3318,25.2613,25.184,25.0998,25.0086,24.9103,24.8048,24.692,24.5718,24.4439,24.3083,24.1649,24.0135,23.8539,23.686,23.5096,23.3246,23.1307,22.9278,22.7157,22.4942,22.263,22.022,21.771,21.5096,21.2376,20.9549,20.6612,20.3561,20.0394,19.7108,19.3701,19.0169,18.6509,18.2717,17.8792,17.4728,17.0523,16.6174,16.1676,15.7025,15.2219,14.7254,14.2126,13.6831,13.1366,12.5729,11.9916,11.3925,10.7757,10.1411,9.48896,8.81995,8.13514,7.4364,6.72685,6.01169,5.29969,4.6059,3.95669,3.39781,3.00203,2.85603,3.0034,3.40133,3.96384,4.61885,5.32115,6.04488,6.77542,7.50438,8.22689,8.94011,9.6424,10.3329,11.0111,11.6769,12.3304,12.9718,13.6013,14.2192,14.8259,15.4218,16.0071,16.5824,17.1478,17.7039,18.2508
19.2665,18.8134,18.3522,17.8825,17.404,16.9164,16.4193,15.9123,15.3952,14.8675,14.329,13.7792,13.2179,12.6449,12.0598,11.4627,10.8536,10.2327,9.60069,8.95848,8.30785,7.65157,6.99405,6.34219,5.70683,5.10498,4.56275,4.11813,3.81951,3.71286,3.81787,4.11432,4.55574,5.09329,5.68859,6.31516,6.95574,7.59923,8.2385,8.86899,9.48777,10.093,10.6835,11.2587,11.8183,12.362,12.8901,13.4026,13.8999,14.3821,14.8497,15.3029,15.7422,16.1678,16.5802,16.9798,17.3668,17.7416,18.1046,18.4561,18.7963,19.1257,19.4445,19.7529,20.0513,20.34,20.6191,20.8889,21.1496,21.4015,21.6448,21.8796,22.1062,22.3247,22.5353,22.7382,22.9335,23.1213,23.3019,23.4753,23.6417,23.8011,23.9537,24.0995,24.2388,24.3715,24.4977,24.6176,24.7311,24.8384,24.9395,25.0344,25.1232,25.206,25.2828,25.3535,25.4183,25.4771,25.53,25.5769,25.6179,25.653,25.6821,25.7053,25.7225,25.7338,25.739,25.7382,25.7313,25.7182,25.699,25.6736,25.642,25.6039,25.5595,25.5087,25.4513,25.3873,25.3165,25.239,25.1546,25.0633,24.9648,24.8591,24.7461,24.6257,24.4978,24.3621,24.2186,24.0671,23.9075,23.7396,23.5633,23.3783,23.1845,22.9818,22.7699,22.5487,22.3179,22.0773,21.8268,21.566,21.2948,21.0129,20.7201,20.4161,20.1006,19.7734,19.4343,19.0828,18.7188,18.3419,17.9519,17.5484,17.1311,16.6998,16.2541,15.7936,15.3182,14.8276,14.3214,13.7994,13.2616,12.7077,12.1377,11.5518,10.9502,10.3333,9.70219,9.05808,8.4031,7.74047,7.07504,6.41427,5.76961,5.15873,4.60847,4.15764,3.85544,3.74866,3.85769,4.16287,4.61813,5.17489,5.79492,6.45186,7.12851,7.81376,8.50052,9.18419,9.86181,10.5315,11.192,11.8427,12.4831,13.1132,13.7327,14.342,14.941,15.53,16.1093,16.6792,17.2398,17.7915,18.3345
19.359,18.9087,18.4505,17.9842,17.5095,17.0261,16.5338,16.0322,15.5211,15.0003,14.4695,13.9285,13.3772,12.8156,12.2437,11.6617,11.0701,10.4695,9.86119,9.24689,8.62924,8.0121,7.40116,6.80465,6.23449,5.70757,5.24697,4.8819,4.64436,4.56091,4.64195,4.87657,5.23775,5.69303,6.21281,6.77368,7.35845,7.95496,8.55474,9.15196,9.74258,10.3238,10.8939,11.4515,11.9958,12.5263,13.0429,13.5454,14.0338,14.5082,14.9689,15.4161,15.85,16.2709,16.6791,17.0748,17.4584,17.8303,18.1906,18.5396,18.8777,19.2052,19.5222,19.8292,20.1262,20.4136,20.6916,20.9604,21.2203,21.4714,21.7139,21.9481,22.1741,22.3921,22.6023,22.8047,22.9996,23.1872,23.3674,23.5405,23.7066,23.8658,24.0182,24.1638,24.3029,24.4354,24.5615,24.6812,24.7946,24.9017,25.0026,25.0974,25.1861,25.2688,25.3454,25.416,25.4806,25.5393,25.592,25.6388,25.6796,25.7145,25.7435,25.7665,25.7836,25.7946,25.7997,25.7987,25.7916,25.7784,25.759,25.7335,25.7016,25.6634,25.6189,25.5679,25.5103,25.4461,25.3753,25.2977,25.2132,25.1217,25.0232,24.9175,24.8044,24.684,24.5561,24.4205,24.277,24.1257,23.9662,23.7986,23.6225,23.4379,23.2445,23.0422,22.8309,22.6102,22.3801,22.1404,21.8907,21.6309,21.3609,21.0803,20.7889,20.4865,20.1728,19.8477,19.5107,19.1618,18.8006,18.4268,18.0402,17.6406,17.2276,16.8011,16.3607,15.9062,15.4375,14.9544,14.4567,13.9443,13.4173,12.8758,12.3199,11.75,11.1669,10.5715,9.9653,9.35033,8.72963,8.10749,7.49005,6.88609,6.30812,5.77367,5.30652,4.93663,4.69677,4.61424,4.7001,4.94397,5.31926,5.79381,6.33822,6.92921,7.54968,8.18752,8.83426,9.48407,10.1329,10.7779,11.4172,12.0495,12.674,13.29,13.8972,14.4956,15.0849,15.6653,16.2369,16.7999,17.3543,17.9003,18.4383
19.4658,19.0189,18.5646,18.1025,17.6326,17.1545,16.6681,16.1731,15.6694,15.1569,14.6354,14.1049,13.5654,13.0172,12.4606,11.896,11.3243,10.7466,10.1647,9.58084,8.99845,8.42213,7.85825,7.31553,6.80568,6.34399,5.94952,5.64402,5.44902,5.3809,5.44571,5.63693,5.93771,6.3261,6.77995,7.27989,7.81032,8.35927,8.91781,9.47938,10.0392,10.5938,11.1407,11.6782,12.2049,12.7201,13.2231,13.7136,14.1915,14.6566,15.109,15.5488,15.9761,16.3911,16.7939,17.185,17.5643,17.9323,18.2892,18.6351,18.9704,19.2954,19.6101,19.915,20.2102,20.4959,20.7723,21.0398,21.2984,21.5483,21.7898,22.0231,22.2482,22.4654,22.6749,22.8767,23.071,23.258,23.4377,23.6104,23.7761,23.9349,24.0869,24.2322,24.3709,24.5032,24.629,24.7484,24.8615,24.9684,25.0691,25.1637,25.2522,25.3346,25.411,25.4814,25.5459,25.6044,25.6569,25.7035,25.7442,25.7789,25.8077,25.8306,25.8475,25.8584,25.8633,25.8621,25.8549,25.8415,25.822,25.7963,25.7644,25.7261,25.6814,25.6303,25.5727,25.5085,25.4376,25.3599,25.2754,25.184,25.0855,24.9798,24.8669,24.7467,24.6189,24.4835,24.3403,24.1893,24.0302,23.863,23.6874,23.5033,23.3106,23.109,22.8985,22.6788,22.4497,22.211,21.9627,21.7043,21.4358,21.157,20.8675,20.5672,20.2559,19.9334,19.5994,19.2536,18.8959,18.526,18.1438,17.7489,17.3412,16.9206,16.4867,16.0395,15.5789,15.1049,14.6173,14.1163,13.602,13.0749,12.5353,11.984,11.422,10.8507,10.2722,9.68909,9.10511,8.52529,7.95649,7.40794,6.89191,6.42433,6.02492,5.71613,5.5202,5.45419,5.52477,5.72593,6.04127,6.44915,6.92766,7.4576,8.02346,8.61335,9.21838,9.832,10.4494,11.0671,11.6826,12.294,12.9001,13.4999,14.0928,14.6784,15.2563,15.8265,16.389,16.9436,17.4905,18.0299,18.5617
19.5865,19.1438,18.694,18.2371,17.7728,17.301,16.8214,16.3342,15.839,15.336,14.8251,14.3066,13.7805,13.2473,12.7076,12.1622,11.6121,11.059,10.505,9.95287,9.40642,8.87068,8.35223,7.85959,7.40356,6.99731,6.65608,6.39599,6.23193,6.17455,6.22763,6.38693,6.64136,6.97564,7.37326,7.81865,8.29833,8.80126,9.31871,9.84388,10.3716,10.898,11.42,11.9355,12.4429,12.9409,13.4288,13.9058,14.3717,14.8261,15.2689,15.7001,16.1197,16.5277,16.9244,17.3098,17.6841,18.0474,18.4001,18.7423,19.0742,19.396,19.708,20.0103,20.3031,20.5867,20.8612,21.1269,21.3838,21.6323,21.8725,22.1045,22.3285,22.5447,22.7532,22.9541,23.1476,23.3338,23.5129,23.6849,23.85,24.0083,24.1598,24.3046,24.4429,24.5748,24.7002,24.8192,24.932,25.0386,25.139,25.2333,25.3215,25.4037,25.4798,25.55,25.6142,25.6725,25.7248,25.7712,25.8117,25.8462,25.8749,25.8976,25.9143,25.925,25.9298,25.9285,25.9211,25.9077,25.8881,25.8623,25.8302,25.7919,25.7472,25.696,25.6384,25.5742,25.5034,25.4258,25.3414,25.2501,25.1517,25.0463,24.9336,24.8136,24.6862,24.5511,24.4084,24.2579,24.0994,23.9327,23.7579,23.5746,23.3827,23.1822,22.9727,22.7542,22.5265,22.2893,22.0426,21.786,21.5195,21.2428,20.9558,20.6581,20.3497,20.0304,19.6998,19.3579,19.0044,18.6392,18.2621,17.8729,17.4714,17.0576,16.6314,16.1926,15.7414,15.2776,14.8016,14.3135,13.8136,13.3026,12.7811,12.2502,11.7112,11.1658,10.6167,10.0668,9.52029,8.9827,8.46103,7.9643,7.50386,7.09348,6.74902,6.48728,6.32379,6.26982,6.32975,6.49984,6.76944,7.12359,7.54604,8.02142,8.53639,9.07999,9.64354,10.2203,10.805,11.3939,11.9838,12.5726,13.1585,13.7404,14.3173,14.8885,15.4536,16.0122,16.5642,17.1094,17.6477,18.1792,18.7039
19.7207,19.2828,18.8384,18.3873,17.9294,17.4647,16.993,16.5143,16.0287,15.5363,15.0372,14.5317,14.0202,13.5033,12.9818,12.4567,11.9294,11.4018,10.8763,10.356,9.84495,9.34826,8.87235,8.42517,8.01628,7.65672,7.35853,7.13378,6.993,6.94346,6.9876,7.12255,7.34062,7.63089,7.98092,8.37834,8.81181,9.27152,9.74931,10.2385,10.734,11.2314,11.7276,12.22,12.7068,13.1864,13.6578,14.1201,14.5728,15.0153,15.4475,15.869,16.2799,16.6802,17.0697,17.4487,17.8171,18.1752,18.5231,18.8609,19.1888,19.507,19.8156,20.1148,20.4049,20.6859,20.9581,21.2216,21.4766,21.7233,21.9618,22.1923,22.4149,22.6298,22.8371,23.0369,23.2294,23.4147,23.5929,23.7641,23.9284,24.086,24.2369,24.3811,24.5189,24.6502,24.7751,24.8937,25.006,25.1122,25.2122,25.3062,25.394,25.4759,25.5517,25.6216,25.6856,25.7436,25.7957,25.8418,25.8821,25.9165,25.9449,25.9674,25.984,25.9946,25.9992,25.9978,25.9904,25.9768,25.9571,25.9313,25.8992,25.8609,25.8162,25.7651,25.7075,25.6434,25.5727,25.4953,25.411,25.32,25.2219,25.1168,25.0045,24.8849,24.7579,24.6234,24.4813,24.3314,24.1737,24.0079,23.8339,23.6517,23.4609,23.2616,23.0535,22.8365,22.6104,22.3751,22.1303,21.8759,21.6118,21.3377,21.0535,20.7589,20.4539,20.1383,19.8118,19.4744,19.1258,18.7659,18.3946,18.0118,17.6175,17.2114,16.7937,16.3644,15.9236,15.4713,15.0081,14.5341,14.0499,13.5563,13.0542,12.5449,12.0301,11.5117,10.9926,10.4762,9.96681,9.47003,8.99271,8.5433,8.13186,7.77002,7.47042,7.24573,7.1071,7.06238,7.11459,7.26131,7.4953,7.80596,8.18115,8.6087,9.07743,9.57764,10.1012,10.6416,11.1936,11.7529,12.3163,12.8814,13.446,14.0087,14.5684,15.124,15.6751,16.221,16.7614,17.296,17.8248,18.3476,18.8643
19.8679,19.4355,18.997,18.5524,18.1017,17.6448,17.1817,16.7125,16.2373,15.7563,15.2699,14.7784,14.2824,13.7826,13.28,12.776,12.272,11.7701,11.273,10.7839,10.3069,9.84696,9.41014,9.00361,8.63563,8.31534,8.05226,7.85551,7.73274,7.68907,7.72617,7.84195,8.03092,8.28502,8.59478,8.95037,9.34235,9.76222,10.2026,10.6571,11.1208,11.5893,12.0594,12.5282,12.9936,13.454,13.908,14.3547,14.7932,15.2229,15.6435,16.0546,16.456,16.8476,17.2293,17.6011,17.963,18.3152,18.6576,18.9905,19.3139,19.6279,19.9327,20.2284,20.5153,20.7934,21.0629,21.3239,21.5766,21.8212,22.0577,22.2864,22.5074,22.7207,22.9266,23.1251,23.3164,23.5005,23.6777,23.8479,24.0114,24.1681,24.3181,24.4617,24.5987,24.7294,24.8537,24.9718,25.0836,25.1893,25.2888,25.3823,25.4698,25.5513,25.6268,25.6963,25.76,25.8177,25.8695,25.9154,25.9555,25.9896,26.0179,26.0402,26.0566,26.0671,26.0716,26.0701,26.0626,26.049,26.0293,26.0034,25.9714,25.9331,25.8884,25.8374,25.78,25.7161,25.6456,25.5684,25.4844,25.3937,25.296,25.1913,25.0795,24.9605,24.8341,24.7003,24.5589,24.4099,24.2531,24.0883,23.9155,23.7345,23.5451,23.3473,23.1408,22.9256,22.7014,22.4682,22.2257,21.9739,21.7125,21.4414,21.1604,20.8694,20.5683,20.2569,19.935,19.6026,19.2594,18.9056,18.5408,18.1652,17.7786,17.3811,16.9728,16.5538,16.1243,15.6845,15.2349,14.776,14.3085,13.8333,13.3515,12.8646,12.3745,11.8835,11.3944,10.9109,10.4374,9.97922,9.54288,9.13604,8.76747,8.44683,8.18422,7.98932,7.87037,7.83303,7.8795,8.00817,8.21393,8.4891,8.82449,9.21048,9.63782,10.0981,10.5841,11.0895,11.6093,12.1393,12.676,13.2167,13.7593,14.3021,14.8436,15.3828,15.9188,16.4511,16.979,17.5023,18.0207,18.5339,19.0419
20.0277,19.6012,19.1693,18.7318,18.2888,17.8403,17.3865,16.9274,16.4633,15.9946,15.5215,15.0446,14.5647,14.0826,13.5994,13.1166,12.6359,12.1596,11.6902,11.2311,10.7863,10.3604,9.95904,9.58854,9.25596,8.96882,8.73465,8.56045,8.45191,8.41274,8.44409,8.54442,8.70965,8.9337,9.20925,9.52844,9.88347,10.267,10.6725,11.0943,11.5273,11.9676,12.4116,12.8567,13.3004,13.7411,14.1772,14.6075,15.0312,15.4474,15.8557,16.2556,16.6468,17.0291,17.4023,17.7663,18.1212,18.4668,18.8033,19.1307,19.449,19.7585,20.059,20.3509,20.6341,20.9089,21.1753,21.4335,21.6836,21.9258,22.1601,22.3868,22.6058,22.8174,23.0216,23.2186,23.4085,23.5913,23.7672,23.9363,24.0987,24.2544,24.4036,24.5463,24.6825,24.8124,24.936,25.0535,25.1647,25.2698,25.3688,25.4618,25.5488,25.6299,25.705,25.7742,25.8374,25.8948,25.9464,25.992,26.0318,26.0657,26.0938,26.116,26.1322,26.1426,26.147,26.1454,26.1378,26.1242,26.1045,26.0786,26.0467,26.0084,25.9639,25.9131,25.8559,25.7922,25.722,25.6451,25.5616,25.4712,25.374,25.2699,25.1587,25.0403,24.9147,24.7818,24.6413,24.4933,24.3376,24.174,24.0025,23.823,23.6352,23.4391,23.2345,23.0213,22.7994,22.5685,22.3287,22.0797,21.8214,21.5536,21.2763,20.9893,20.6925,20.3857,20.069,19.742,19.4049,19.0576,18.7,18.3321,17.954,17.5658,17.1676,16.7596,16.3421,15.9155,15.4803,15.0372,14.5871,14.1308,13.6699,13.2058,12.7406,12.2767,11.8171,11.3654,10.9259,10.5037,10.1048,9.73601,9.40484,9.11934,8.88757,8.71708,8.6141,8.58284,8.62498,8.73941,8.92244,9.16835,9.47012,9.82012,10.2107,10.6348,11.0859,11.5583,12.0471,12.5484,13.0586,13.575,14.0953,14.6176,15.1405,15.6626,16.183,16.7009,17.2157,17.7269,18.2342,18.7372,19.2358
20.1995,19.7795,19.3545,18.9247,18.4899,18.0505,17.6064,17.158,16.7055,16.2494,15.7901,15.3283,14.8648,14.4007,13.937,13.4754,13.0177,12.5662,12.1235,11.6929,11.2781,10.8835,10.5141,10.1754,9.87343,9.61439,9.40426,9.24849,9.15139,9.1157,9.14227,9.22987,9.37541,9.57422,9.82053,10.108,10.4302,10.7809,11.1544,11.5453,11.9492,12.3622,12.7808,13.2024,13.6245,14.0453,14.4632,14.8768,15.2851,15.6874,16.0828,16.471,16.8514,17.2238,17.588,17.9437,18.2909,18.6296,18.9596,19.2811,19.594,19.8983,20.1943,20.4818,20.7611,21.0323,21.2953,21.5504,21.7976,22.0371,22.2689,22.4932,22.7101,22.9197,23.1221,23.3173,23.5056,23.687,23.8615,24.0293,24.1905,24.3451,24.4932,24.6349,24.7702,24.8993,25.0221,25.1388,25.2493,25.3538,25.4522,25.5446,25.6311,25.7117,25.7863,25.8551,25.918,25.975,26.0262,26.0716,26.1111,26.1448,26.1727,26.1946,26.2108,26.221,26.2253,26.2236,26.216,26.2024,26.1827,26.157,26.1251,26.087,26.0427,25.9921,25.9352,25.8718,25.8019,25.7255,25.6424,25.5526,25.456,25.3525,25.242,25.1245,24.9998,24.8678,24.7284,24.5816,24.4271,24.265,24.095,23.9171,23.7311,23.5369,23.3344,23.1235,22.9041,22.676,22.439,22.1932,21.9383,21.6743,21.401,21.1183,20.8262,20.5245,20.2133,19.8924,19.5618,19.2215,18.8715,18.5119,18.1428,17.7644,17.3769,16.9805,16.5756,16.1628,15.7426,15.3158,14.8834,14.4465,14.0065,13.5652,13.1246,12.6873,12.2562,11.8348,11.4272,11.0383,10.6734,10.3384,10.04,9.78458,9.57885,9.4287,9.33895,9.31284,9.35167,9.45468,9.61914,9.84072,10.114,10.4328,10.791,11.1824,11.6014,12.0429,12.5024,12.976,13.4604,13.9529,14.451,14.9528,15.4567,15.9613,16.4656,16.9687,17.4699,17.9685,18.4641,18.9564,19.445
20.3827,19.9695,19.552,19.1302,18.7041,18.2741,17.8402,17.4029,16.9624,16.5193,16.0741,15.6277,15.1807,14.7345,14.2902,13.8495,13.4142,12.9866,12.5693,12.1654,11.7783,11.4122,11.0714,10.7608,10.4854,10.2503,10.0604,9.91986,9.83208,9.79913,9.8216,9.89854,10.0275,10.2049,10.426,10.6859,10.9789,11.3,11.644,12.0064,12.3828,12.7697,13.1638,13.5625,13.9633,14.3643,14.7638,15.1606,15.5534,15.9412,16.3235,16.6995,17.0687,17.4308,17.7855,18.1325,18.4717,18.8029,19.1261,19.4412,19.7482,20.0472,20.3381,20.6211,20.8961,21.1632,21.4226,21.6742,21.9183,22.1548,22.3839,22.6057,22.8202,23.0276,23.2279,23.4213,23.6078,23.7875,23.9605,24.1268,24.2866,24.44,24.5869,24.7275,24.8618,24.9899,25.1119,25.2277,25.3374,25.4412,25.5389,25.6308,25.7167,25.7967,25.8708,25.9391,26.0016,26.0583,26.1091,26.1542,26.1934,26.2269,26.2545,26.2763,26.2922,26.3024,26.3066,26.3049,26.2973,26.2837,26.2641,26.2384,26.2067,26.1688,26.1247,26.0744,26.0178,25.9548,25.8854,25.8094,25.7269,25.6377,25.5418,25.4391,25.3295,25.2129,25.0892,24.9583,24.8201,24.6746,24.5216,24.361,24.1927,24.0167,23.8327,23.6407,23.4405,23.2322,23.0155,22.7903,22.5565,22.3142,22.063,21.803,21.534,21.2561,20.969,20.6728,20.3675,20.053,19.7293,19.3965,19.0546,18.7038,18.3442,17.9761,17.5996,17.2153,16.8235,16.4248,16.0199,15.6097,15.1953,14.7777,14.3586,13.9398,13.5233,13.1117,12.7078,12.315,11.9372,11.5788,11.2446,10.9399,10.67,10.4407,10.2572,10.1242,10.0456,10.024,10.0603,10.154,10.3031,10.5043,10.7532,11.045,11.3745,11.7366,12.1263,12.5392,12.9712,13.4185,13.8781,14.3472,14.8234,15.3049,15.7899,16.2769,16.765,17.253,17.7401,18.2257,18.7093,19.1904,19.6687
20.5767,20.1708,19.761,19.3476,18.9306,18.5103,18.0869,17.6609,17.2327,16.8028,16.3719,15.9408,15.5103,15.0818,14.6565,14.2361,13.8224,13.4176,13.0242,12.6452,12.2838,11.9435,11.6284,11.3425,11.0902,10.8756,10.7028,10.575,10.4949,10.4641,10.483,10.5509,10.6657,10.8247,11.0241,11.2596,11.5268,11.8212,12.1384,12.4743,12.825,13.1872,13.5579,13.9344,14.3143,14.6959,15.0773,15.4572,15.8343,16.2077,16.5765,16.94,17.2978,17.6492,17.9941,18.332,18.6627,18.9861,19.3021,19.6105,19.9114,20.2046,20.4902,20.7682,21.0386,21.3015,21.5569,21.8049,22.0455,22.2789,22.505,22.724,22.936,23.1409,23.339,23.5303,23.7148,23.8927,24.064,24.2288,24.3871,24.5391,24.6847,24.8241,24.9573,25.0843,25.2053,25.3202,25.4291,25.532,25.6291,25.7202,25.8054,25.8849,25.9585,26.0263,26.0883,26.1445,26.195,26.2397,26.2787,26.3119,26.3393,26.3609,26.3767,26.3867,26.3909,26.3891,26.3815,26.368,26.3485,26.323,26.2915,26.2538,26.21,26.16,26.1038,26.0412,25.9723,25.897,25.8151,25.7266,25.6315,25.5297,25.421,25.3054,25.1829,25.0532,24.9164,24.7724,24.621,24.4621,24.2957,24.1217,23.9399,23.7502,23.5526,23.347,23.1333,22.9113,22.681,22.4423,22.1952,21.9395,21.6752,21.4022,21.1206,20.8302,20.5311,20.2234,19.907,19.582,19.2486,18.907,18.5572,18.1997,17.8348,17.4628,17.0843,16.7,16.3107,15.9172,15.5206,15.1223,14.7238,14.3269,13.9338,13.5467,13.1687,12.8028,12.4526,12.1221,11.8157,11.5378,11.2932,11.0865,10.9221,10.8039,10.7349,10.7171,10.7515,10.8376,10.9739,11.1578,11.3859,11.6541,11.9584,12.2942,12.6574,13.0439,13.4501,13.8727,14.3085,14.7551,15.2101,15.6716,16.1379,16.6075,17.0791,17.5519,18.0249,18.4973,18.9685,19.4381,19.9057
20.781,20.3825,19.9808,19.576,19.1683,18.758,18.3454,17.9309,17.5151,17.0984,16.6818,16.2659,15.8518,15.4406,15.0338,14.633,14.2399,13.8567,13.4857,13.1298,12.7918,12.4749,12.1827,11.9187,11.6865,11.4897,11.3314,11.2144,11.1407,11.1115,11.1273,11.1874,11.2901,11.4331,11.6135,11.8276,12.0718,12.3422,12.6349,12.9464,13.2732,13.6122,13.9606,14.3157,14.6756,15.0381,15.4017,15.7648,16.1264,16.4852,16.8405,17.1915,17.5375,17.8781,18.2128,18.5413,18.8634,19.1787,19.4872,19.7886,20.083,20.3702,20.6502,20.923,21.1885,21.4469,21.6981,21.9422,22.1791,22.4091,22.632,22.8481,23.0573,23.2596,23.4553,23.6443,23.8268,24.0027,24.1721,24.3352,24.4919,24.6423,24.7866,24.9246,25.0566,25.1825,25.3024,25.4163,25.5243,25.6263,25.7225,25.8129,25.8975,25.9762,26.0493,26.1165,26.178,26.2338,26.2839,26.3283,26.3669,26.3998,26.427,26.4484,26.4641,26.474,26.4781,26.4764,26.4688,26.4554,26.436,26.4107,26.3794,26.342,26.2985,26.2489,26.1932,26.1311,26.0628,25.9881,25.9069,25.8193,25.725,25.6241,25.5165,25.4021,25.2808,25.1526,25.0173,24.8748,24.7252,24.5682,24.4038,24.232,24.0525,23.8655,23.6706,23.468,23.2574,23.0389,22.8123,22.5775,22.3346,22.0835,21.8241,21.5565,21.2805,20.9962,20.7037,20.403,20.0942,19.7775,19.4528,19.1206,18.781,18.4344,18.0812,17.7218,17.3568,16.987,16.6132,16.2363,15.8575,15.4781,15.0997,14.7241,14.3534,13.9898,13.6362,13.2953,12.9707,12.6657,12.3843,12.1304,11.9081,11.7213,11.5735,11.4681,11.4074,11.3932,11.4261,11.5059,11.6314,11.8006,12.0106,12.2584,12.5402,12.8526,13.1917,13.5541,13.9364,14.3357,14.7491,15.1742,15.6087,16.0507,16.4987,16.951,17.4065,17.864,18.3227,18.7818,19.2405,19.6985,20.155
20.9948,20.6041,20.2107,19.8147,19.4165,19.0163,18.6145,18.2116,17.8082,17.4048,17.0022,16.6014,16.2032,15.809,15.42,15.0379,14.6644,14.3016,13.9516,13.6169,13.3003,13.0047,12.733,12.4883,12.2738,12.0923,11.9465,11.8386,11.7703,11.7425,11.7554,11.8086,11.9008,12.0299,12.1936,12.3888,12.6124,12.8611,13.1316,13.4207,13.7253,14.0425,14.3697,14.7046,15.0451,15.3892,15.7354,16.0821,16.4282,16.7726,17.1144,17.4527,17.7869,18.1165,18.4409,18.7599,19.073,19.38,19.6807,19.975,20.2626,20.5435,20.8177,21.085,21.3455,21.5991,21.8459,22.0858,22.3189,22.5452,22.7648,22.9777,23.1839,23.3836,23.5767,23.7633,23.9434,24.1172,24.2847,24.4459,24.6009,24.7497,24.8924,25.0291,25.1597,25.2844,25.4031,25.5159,25.6229,25.724,25.8193,25.9089,25.9927,26.0708,26.1432,26.2099,26.2709,26.3262,26.3758,26.4198,26.4581,26.4908,26.5177,26.539,26.5545,26.5643,26.5684,26.5666,26.5591,26.5458,26.5266,26.5014,26.4704,26.4333,26.3903,26.3411,26.2859,26.2244,26.1567,26.0827,26.0024,25.9156,25.8223,25.7225,25.6161,25.5029,25.383,25.2562,25.1226,24.9819,24.8341,24.6791,24.517,24.3475,24.1706,23.9862,23.7943,23.5948,23.3876,23.1727,22.95,22.7195,22.481,22.2347,21.9805,21.7184,21.4483,21.1705,20.8848,20.5914,20.2905,19.9821,19.6665,19.3439,19.0147,18.6791,18.3378,17.9911,17.6397,17.2844,16.926,16.5656,16.2042,15.8433,15.4844,15.1293,14.78,14.4387,14.1079,13.7904,13.4893,13.2076,12.9489,12.7165,12.514,12.3447,12.2116,12.1173,12.0639,12.0529,12.0847,12.1593,12.2757,12.4322,12.6267,12.8564,13.1185,13.4098,13.7271,14.0674,14.4277,14.8053,15.1975,15.6021,16.017,16.4403,16.8704,17.3058,17.7453,18.1877,18.6322,19.078,19.5242,19.9703,20.4158
21.2177,20.8349,20.4498,20.0628,19.6742,19.2842,18.8933,18.502,18.1109,17.7206,17.3319,16.9458,16.5631,16.1852,15.8134,15.4492,15.0942,14.7504,14.4199,14.1049,13.8078,13.5313,13.278,13.0505,12.8514,12.6833,12.5483,12.4483,12.3845,12.3577,12.3681,12.4153,12.4982,12.6151,12.764,12.9423,13.1475,13.3767,13.6269,13.8954,14.1794,14.4762,14.7836,15.0992,15.4211,15.7475,16.0768,16.4075,16.7385,17.0686,17.3969,17.7227,18.0451,18.3636,18.6776,18.9869,19.2909,19.5895,19.8822,20.1691,20.4498,20.7242,20.9923,21.254,21.5092,21.7578,22.0,22.2356,22.4646,22.6871,22.9032,23.1127,23.3159,23.5126,23.7029,23.887,24.0648,24.2363,24.4017,24.5609,24.714,24.8611,25.0022,25.1374,25.2666,25.3899,25.5074,25.619,25.7249,25.8251,25.9195,26.0082,26.0912,26.1685,26.2402,26.3063,26.3668,26.4216,26.4708,26.5144,26.5523,26.5847,26.6114,26.6324,26.6478,26.6575,26.6616,26.6599,26.6524,26.6392,26.6202,26.5953,26.5646,26.5279,26.4852,26.4366,26.3819,26.3211,26.2541,26.1809,26.1014,26.0156,25.9234,25.8247,25.7196,25.6078,25.4893,25.3642,25.2322,25.0934,24.9476,24.7948,24.635,24.468,24.2938,24.1123,23.9235,23.7274,23.5237,23.3126,23.094,22.8679,22.6341,22.3928,22.144,21.8876,21.6237,21.3524,21.0738,20.7879,20.495,20.1953,19.8888,19.5761,19.2574,18.933,18.6036,18.2696,17.9318,17.5909,17.2477,16.9034,16.5591,16.2162,15.8761,15.5406,15.2117,14.8914,14.582,14.2862,14.0067,13.7464,13.5082,13.2952,13.1104,12.9566,12.8364,12.752,12.7052,12.697,12.7281,12.7983,12.9068,13.0525,13.2333,13.4473,13.6918,13.9642,14.2618,14.582,14.922,15.2793,15.6517,16.0369,16.4331,16.8384,17.2512,17.6702,18.0941,18.5217,18.9522,19.3846,19.8183,20.2526,20.687
21.4489,21.0741,20.6976,20.3196,19.9406,19.5608,19.1808,18.801,18.422,18.0446,17.6695,17.2977,16.9301,16.5679,16.2124,15.8651,15.5276,15.2017,14.8892,14.5922,14.313,14.0538,13.8169,13.6047,13.4193,13.263,13.1373,13.044,12.984,12.958,12.9662,13.008,13.0826,13.1887,13.3244,13.4878,13.6764,13.8879,14.1196,14.3692,14.6341,14.9119,15.2006,15.498,15.8022,16.1116,16.4246,16.7398,17.056,17.3721,17.6872,18.0004,18.311,18.6185,18.9221,19.2216,19.5165,19.8064,20.0911,20.3704,20.644,20.9118,21.1737,21.4295,21.6792,21.9228,22.1601,22.3912,22.616,22.8346,23.0469,23.253,23.4529,23.6466,23.834,24.0154,24.1906,24.3598,24.523,24.6801,24.8313,24.9765,25.1159,25.2494,25.3771,25.4991,25.6152,25.7257,25.8304,25.9295,26.0229,26.1107,26.1928,26.2694,26.3404,26.4058,26.4657,26.52,26.5687,26.6119,26.6495,26.6815,26.708,26.7288,26.7441,26.7537,26.7577,26.7561,26.7487,26.7357,26.7168,26.6922,26.6618,26.6256,26.5834,26.5353,26.4812,26.4211,26.3549,26.2825,26.204,26.1193,26.0282,25.9308,25.8269,25.7166,25.5998,25.4763,25.3462,25.2093,25.0657,24.9152,24.7578,24.5935,24.4221,24.2437,24.0582,23.8655,23.6656,23.4585,23.2441,23.0225,22.7936,22.5575,22.3142,22.0638,21.8062,21.5417,21.2703,20.9921,20.7074,20.4163,20.1193,19.8164,19.5082,19.1951,18.8776,18.5563,18.2319,17.9052,17.577,17.2485,16.9208,16.5952,16.2732,15.9565,15.6468,15.3463,15.057,14.7813,14.5218,14.2809,14.0614,13.8658,13.6969,13.557,13.4483,13.3727,13.3317,13.3262,13.3568,13.4233,13.5252,13.6614,13.8304,14.0304,14.2592,14.5148,14.7946,15.0963,15.4175,15.7562,16.11,16.477,16.8554,17.2435,17.6398,18.0428,18.4515,18.8646,19.2813,19.7007,20.1219,20.5445,20.9677
21.6879,21.3211,20.9532,20.5843,20.2149,19.8453,19.476,19.1075,18.7406,18.3758,18.0139,17.6559,17.3028,16.9556,16.6157,16.2844,15.9633,15.654,15.3582,15.0778,14.8149,14.5713,14.3493,14.1506,13.9774,13.8313,13.7139,13.6263,13.5696,13.5442,13.5502,13.5872,13.6545,13.751,13.875,14.0248,14.1985,14.3939,14.6088,14.8409,15.0882,15.3484,15.6195,15.8997,16.1871,16.4803,16.7776,17.0777,17.3796,17.682,17.9841,18.285,18.584,18.8804,19.1737,19.4634,19.749,20.0303,20.3068,20.5784,20.8448,21.1059,21.3614,21.6113,21.8554,22.0937,22.326,22.5525,22.773,22.9874,23.1959,23.3984,23.5949,23.7853,23.9698,24.1484,24.321,24.4876,24.6485,24.8034,24.9525,25.0959,25.2334,25.3653,25.4914,25.6118,25.7266,25.8357,25.9393,26.0372,26.1296,26.2164,26.2977,26.3734,26.4437,26.5084,26.5676,26.6214,26.6696,26.7123,26.7496,26.7813,26.8075,26.8282,26.8433,26.8529,26.8569,26.8553,26.848,26.8351,26.8165,26.7923,26.7622,26.7264,26.6847,26.6372,26.5838,26.5244,26.4591,26.3876,26.3101,26.2265,26.1366,26.0405,25.9381,25.8294,25.7142,25.5925,25.4644,25.3296,25.1882,25.0402,24.8854,24.7238,24.5554,24.3801,24.198,24.0089,23.8129,23.6099,23.4,23.1831,22.9592,22.7285,22.4909,22.2465,21.9954,21.7378,21.4737,21.2033,20.9269,20.6447,20.357,20.0642,19.7665,19.4646,19.159,18.8502,18.539,18.2262,17.9127,17.5995,17.2879,16.979,16.6743,16.3754,16.084,15.8021,15.5315,15.2745,15.0334,14.8103,14.6078,14.4281,14.2734,14.146,14.0476,13.9799,13.9442,13.9412,13.9715,14.0349,14.131,14.259,14.4176,14.6052,14.8202,15.0605,15.3242,15.6091,15.9132,16.2344,16.5709,16.9208,17.2824,17.6541,18.0345,18.4223,18.8162,19.2152,19.6184,20.0249,20.4339,20.8448,21.257
21.9341,21.5754,21.216,20.8562,20.4963,20.1368,19.7781,19.4208,19.0655,18.713,18.3639,18.0193,17.68,17.3472,17.0221,16.7059,16.4001,16.1063,15.8259,15.5608,15.3127,15.0834,14.8746,14.6882,14.5257,14.3887,14.2784,14.1959,14.142,14.117,14.121,14.1537,14.2144,14.3021,14.4156,14.5533,14.7134,14.8942,15.0937,15.3098,15.5407,15.7845,16.0392,16.3031,16.5747,16.8523,17.1346,17.4203,17.7082,17.9974,18.2868,18.5756,18.8631,19.1486,19.4316,19.7115,19.988,20.2605,20.5289,20.7928,21.0519,21.3061,21.5551,21.7989,22.0373,22.2702,22.4975,22.7192,22.9352,23.1454,23.3499,23.5486,23.7416,23.9288,24.1101,24.2857,24.4556,24.6197,24.7781,24.9307,25.0777,25.219,25.3547,25.4848,25.6092,25.7281,25.8414,25.9492,26.0515,26.1482,26.2395,26.3253,26.4056,26.4805,26.55,26.614,26.6726,26.7257,26.7735,26.8158,26.8526,26.884,26.91,26.9305,26.9455,26.955,26.9589,26.9574,26.9503,26.9376,26.9193,26.8953,26.8657,26.8303,26.7892,26.7423,26.6896,26.6311,26.5666,26.4961,26.4197,26.3372,26.2487,26.154,26.0531,25.946,25.8325,25.7128,25.5867,25.4541,25.3151,25.1695,25.0174,24.8587,24.6934,24.5215,24.3428,24.1575,23.9655,23.7668,23.5614,23.3493,23.1306,22.9054,22.6736,22.4354,22.1909,21.9403,21.6836,21.4212,21.1531,20.8798,20.6015,20.3186,20.0315,19.7407,19.4468,19.1504,18.8522,18.553,18.2537,17.9555,17.6592,17.3664,17.0782,16.7963,16.5221,16.2576,16.0046,15.7649,15.5407,15.334,15.147,14.9816,14.84,14.7238,14.6347,14.5742,14.5433,14.5426,14.5728,14.6336,14.7247,14.8455,14.9949,15.1716,15.3741,15.6008,15.8498,16.1194,16.4077,16.7129,17.0332,17.3671,17.7128,18.069,18.4343,18.8073,19.1871,19.5724,19.9625,20.3564,20.7534,21.1528,21.554
22.1868,21.8363,21.4854,21.1345,20.7841,20.4345,20.0862,19.7398,19.396,19.0553,18.7187,18.3869,18.0609,17.7417,17.4305,17.1286,16.8371,16.5577,16.2916,16.0405,15.8059,15.5894,15.3927,15.2172,15.0643,14.9353,14.8313,14.7533,14.7017,14.677,14.6791,14.7079,14.7626,14.8426,14.9465,15.0732,15.221,15.3885,15.5738,15.7752,15.991,16.2194,16.4588,16.7075,16.964,17.2268,17.4948,17.7666,18.0411,18.3173,18.5944,18.8714,19.1476,19.4224,19.6952,19.9655,20.2327,20.4966,20.7568,21.0129,21.2647,21.5119,21.7544,21.9921,22.2246,22.4521,22.6742,22.891,23.1024,23.3083,23.5087,23.7036,23.8929,24.0767,24.2549,24.4274,24.5944,24.7559,24.9117,25.062,25.2068,25.346,25.4797,25.6079,25.7306,25.8479,25.9597,26.066,26.167,26.2625,26.3526,26.4374,26.5167,26.5907,26.6594,26.7226,26.7805,26.8331,26.8803,26.9221,26.9586,26.9896,27.0153,27.0356,27.0505,27.0599,27.0639,27.0625,27.0555,27.043,27.025,27.0014,26.9722,26.9373,26.8968,26.8506,26.7987,26.741,26.6774,26.608,26.5327,26.4515,26.3643,26.2711,26.1717,26.0663,25.9548,25.837,25.713,25.5827,25.4462,25.3032,25.1539,24.9982,24.8361,24.6675,24.4925,24.3111,24.1232,23.9288,23.7281,23.521,23.3075,23.0878,22.862,22.6301,22.3923,22.1487,21.8996,21.6451,21.3854,21.121,20.8521,20.579,20.3024,20.0226,19.7402,19.4559,19.1704,18.8845,18.5991,18.3152,18.0339,17.7564,17.484,17.2181,16.9602,16.712,16.4753,16.2517,16.0432,15.8516,15.6787,15.5265,15.3966,15.2906,15.21,15.156,15.1294,15.1311,15.1612,15.2198,15.3067,15.4212,15.5625,15.7294,15.9208,16.1351,16.3708,16.6264,16.9002,17.1905,17.4959,17.8147,18.1456,18.4871,18.8379,19.1969,19.563,19.9352,20.3125,20.6942,21.0794,21.4675,21.8579
22.4457,22.1032,21.7607,21.4188,21.0776,20.7377,20.3997,20.0639,19.7311,19.402,19.0772,18.7577,18.4444,18.1382,17.8402,17.5516,17.2735,17.0074,16.7545,16.5163,16.2941,16.0893,15.9034,15.7377,15.5934,15.4715,15.3731,15.2989,15.2494,15.2248,15.2252,15.2504,15.2997,15.3725,15.4678,15.5845,15.7211,15.8764,16.0487,16.2366,16.4383,16.6525,16.8775,17.1118,17.3541,17.603,17.8572,18.1157,18.3773,18.6411,18.9061,19.1716,19.4368,19.7011,19.9639,20.2246,20.4828,20.738,20.99,21.2383,21.4828,21.7231,21.959,22.1904,22.4171,22.639,22.8559,23.0677,23.2744,23.4759,23.6722,23.8631,24.0487,24.229,24.4039,24.5733,24.7374,24.896,25.0493,25.1971,25.3396,25.4766,25.6083,25.7346,25.8555,25.971,26.0813,26.1862,26.2857,26.38,26.4689,26.5526,26.6309,26.704,26.7718,26.8343,26.8915,26.9434,26.99,27.0314,27.0674,27.0982,27.1236,27.1437,27.1584,27.1678,27.1718,27.1704,27.1636,27.1514,27.1337,27.1104,27.0817,27.0474,27.0075,26.962,26.9109,26.8541,26.7915,26.7232,26.6491,26.5692,26.4834,26.3917,26.294,26.1904,26.0808,25.9651,25.8433,25.7154,25.5813,25.4411,25.2947,25.1421,24.9833,24.8182,24.6469,24.4694,24.2857,24.0958,23.8998,23.6978,23.4897,23.2756,23.0558,22.8303,22.5992,22.3627,22.1211,21.8745,21.6233,21.3677,21.1081,20.8449,20.5786,20.3096,20.0386,19.7662,19.4931,19.2201,18.948,18.678,18.4109,18.1481,17.8906,17.6399,17.3974,17.1646,16.9431,16.7344,16.5404,16.3626,16.2028,16.0626,15.9434,15.8468,15.7739,15.7258,15.7033,15.707,15.7373,15.7941,15.8772,15.9862,16.1203,16.2786,16.4599,16.6631,16.8868,17.1296,17.39,17.6666,17.958,18.2628,18.5797,18.9073,19.2445,19.5901,19.9431,20.3026,20.6676,21.0373,21.4111,21.7882,22.1681
22.7101,22.3755,22.0414,21.7082,21.3762,21.0459,20.7177,20.3923,20.0702,19.7521,19.4388,19.1311,18.8298,18.5358,18.2503,17.9742,17.7087,17.4549,17.2142,16.9878,16.7769,16.5828,16.4067,16.2498,16.1132,15.9977,15.9042,15.8334,15.7856,15.7611,15.7598,15.7816,15.8261,15.8924,15.9798,16.0873,16.2138,16.3578,16.5182,16.6935,16.8823,17.0831,17.2947,17.5155,17.7444,17.98,18.2212,18.4669,18.7162,18.9679,19.2213,19.4756,19.7301,19.9841,20.237,20.4883,20.7375,20.9842,21.2281,21.4687,21.7058,21.9392,22.1685,22.3937,22.6144,22.8307,23.0423,23.2491,23.451,23.6481,23.8401,24.027,24.2088,24.3855,24.557,24.7232,24.8843,25.0401,25.1907,25.336,25.4761,25.6109,25.7404,25.8647,25.9838,26.0976,26.2062,26.3096,26.4077,26.5006,26.5883,26.6709,26.7482,26.8203,26.8872,26.9488,27.0053,27.0566,27.1027,27.1436,27.1792,27.2096,27.2347,27.2546,27.2693,27.2786,27.2826,27.2813,27.2747,27.2627,27.2453,27.2225,27.1942,27.1605,27.1213,27.0766,27.0263,26.9704,26.9089,26.8417,26.7689,26.6903,26.606,26.5158,26.4199,26.3181,26.2105,26.0969,25.9774,25.852,25.7205,25.5831,25.4397,25.2902,25.1347,24.9732,24.8058,24.6323,24.4529,24.2676,24.0764,23.8794,23.6767,23.4684,23.2547,23.0355,22.8112,22.5819,22.3478,22.1092,21.8663,21.6195,21.3691,21.1156,20.8594,20.6011,20.3412,20.0804,19.8193,19.5588,19.2997,19.0429,18.7896,18.5407,18.2974,18.0611,17.833,17.6146,17.4073,17.2126,17.032,16.867,16.7192,16.59,16.4807,16.3925,16.3267,16.2841,16.2654,16.2711,16.3016,16.3569,16.4368,16.5409,16.6686,16.8191,16.9914,17.1845,17.3972,17.6283,17.8765,18.1405,18.4189,18.7106,19.0143,19.3288,19.653,19.9859,20.3265,20.6737,21.0269,21.3851,21.7478,22.1142,22.4837
22.9795,22.6528,22.327,22.0023,21.6792,21.3582,21.0397,20.7242,20.4125,20.1051,19.8027,19.5062,19.2163,18.934,18.6601,18.3958,18.142,17.8998,17.6703,17.4548,17.2542,17.0698,16.9026,16.7537,16.6239,16.5141,16.425,16.3571,16.3108,16.2863,16.2835,16.3022,16.3421,16.4025,16.4828,16.5819,16.6989,16.8327,16.9821,17.1458,17.3225,17.5109,17.7099,17.918,18.1342,18.3573,18.5861,18.8197,19.057,19.2972,19.5394,19.7829,20.0269,20.2708,20.5141,20.7561,20.9965,21.2348,21.4706,21.7036,21.9334,22.1598,22.3826,22.6014,22.8163,23.0269,23.2331,23.4349,23.632,23.8245,24.0122,24.195,24.373,24.546,24.7141,24.8771,25.035,25.188,25.3358,25.4785,25.6161,25.7486,25.876,25.9983,26.1154,26.2275,26.3344,26.4362,26.5329,26.6244,26.7109,26.7922,26.8684,26.9395,27.0055,27.0664,27.1221,27.1727,27.2182,27.2586,27.2938,27.3238,27.3487,27.3684,27.3829,27.3922,27.3963,27.3951,27.3886,27.3769,27.3599,27.3375,27.3098,27.2766,27.2381,27.1942,27.1447,27.0898,27.0294,26.9634,26.8919,26.8147,26.7319,26.6434,26.5493,26.4494,26.3438,26.2324,26.1153,25.9923,25.8636,25.729,25.5886,25.4424,25.2904,25.1325,24.9689,24.7996,24.6245,24.4438,24.2575,24.0657,23.8685,23.6659,23.4583,23.2455,23.028,22.8058,22.5792,22.3485,22.1139,21.8758,21.6345,21.3906,21.1444,20.8965,20.6474,20.3978,20.1484,19.9,19.6534,19.4094,19.1691,18.9335,18.7038,18.4811,18.2666,18.0617,17.8677,17.6859,17.5178,17.3646,17.2279,17.1088,17.0085,16.9282,16.8689,16.8313,16.8161,16.8238,16.8546,16.9086,16.9857,17.0855,17.2075,17.351,17.5152,17.6992,17.902,18.1223,18.3592,18.6115,18.8779,19.1574,19.4488,19.751,20.0629,20.3837,20.7123,21.0479,21.3897,21.7368,22.0887,22.4446,22.804
23.2535,22.9345,22.6168,22.3005,21.9861,21.6741,21.365,21.0592,20.7575,20.4603,20.1684,19.8825,19.6035,19.3321,19.0693,18.8159,18.573,18.3415,18.1225,17.9169,17.7259,17.5503,17.3912,17.2495,17.1259,17.0212,16.936,16.8707,16.8256,16.801,16.7967,16.8126,16.8483,16.9033,16.9769,17.0683,17.1767,17.301,17.4402,17.5931,17.7586,17.9355,18.1227,18.3189,18.5232,18.7343,18.9514,19.1733,19.3992,19.6283,19.8597,20.0927,20.3266,20.5607,20.7946,21.0276,21.2593,21.4893,21.7172,21.9425,22.1651,22.3846,22.6008,22.8134,23.0223,23.2273,23.4282,23.6248,23.8171,24.005,24.1884,24.3671,24.5411,24.7105,24.875,25.0347,25.1895,25.3395,25.4845,25.6246,25.7597,25.8898,26.015,26.1352,26.2504,26.3606,26.4658,26.566,26.6611,26.7513,26.8364,26.9165,26.9917,27.0617,27.1268,27.1868,27.2418,27.2917,27.3366,27.3765,27.4112,27.4409,27.4655,27.485,27.4994,27.5087,27.5128,27.5117,27.5055,27.494,27.4773,27.4554,27.4282,27.3957,27.3579,27.3148,27.2663,27.2124,27.1531,27.0883,27.0181,26.9424,26.8612,26.7744,26.6821,26.5842,26.4807,26.3715,26.2568,26.1364,26.0104,25.8788,25.7415,25.5985,25.45,25.2959,25.1362,24.971,24.8004,24.6243,24.4429,24.2563,24.0646,23.8679,23.6663,23.46,23.2492,23.0341,22.8149,22.592,22.3656,22.1361,21.9039,21.6693,21.4329,21.1951,20.9566,20.718,20.4799,20.2432,20.0085,19.7768,19.549,19.3261,19.1092,18.8993,18.6976,18.5054,18.3238,18.1541,17.9975,17.8554,17.7289,17.6191,17.5272,17.4541,17.4008,17.3679,17.356,17.3655,17.3968,17.4497,17.5244,17.6204,17.7373,17.8745,18.0314,18.2071,18.4008,18.6114,18.8379,19.0793,19.3346,19.6026,19.8825,20.1731,20.4735,20.7827,21.1,21.4244,21.7552,22.0917,22.4332,22.779,23.1286
23.5316,23.2203,22.9104,22.6023,22.2964,21.9932,21.6931,21.3967,21.1045,20.8171,20.5352,20.2595,19.9907,19.7297,19.4772,19.2341,19.0014,18.7798,18.5704,18.3741,18.1917,18.0243,17.8725,17.7373,17.6193,17.5192,17.4374,17.3744,17.3305,17.3056,17.2999,17.3131,17.345,17.3949,17.4625,17.5468,17.6473,17.7628,17.8926,18.0355,18.1905,18.3566,18.5327,18.7178,18.9107,19.1106,19.3165,19.5274,19.7424,19.9608,20.1818,20.4047,20.6288,20.8534,21.0781,21.3023,21.5255,21.7473,21.9674,22.1852,22.4007,22.6133,22.823,23.0294,23.2323,23.4316,23.6271,23.8187,24.0062,24.1894,24.3684,24.5429,24.713,24.8786,25.0396,25.1959,25.3476,25.4945,25.6367,25.7741,25.9067,26.0344,26.1573,26.2754,26.3886,26.4969,26.6003,26.6988,26.7925,26.8812,26.965,27.0439,27.1178,27.1869,27.251,27.3101,27.3643,27.4136,27.4579,27.4972,27.5315,27.5608,27.5852,27.6045,27.6187,27.6279,27.6321,27.6311,27.6251,27.614,27.5977,27.5762,27.5496,27.5177,27.4807,27.4384,27.3908,27.338,27.2798,27.2163,27.1475,27.0733,26.9937,26.9086,26.8182,26.7223,26.621,26.5142,26.4019,26.2841,26.1609,26.0322,25.8981,25.7585,25.6135,25.4632,25.3075,25.1465,24.9803,24.8089,24.6325,24.4511,24.2648,24.0739,23.8784,23.6785,23.4744,23.2664,23.0546,22.8395,22.6212,22.4001,22.1767,21.9513,21.7245,21.4966,21.2684,21.0404,20.8132,20.5877,20.3645,20.1445,19.9287,19.7178,19.513,19.3153,19.1257,18.9453,18.7754,18.617,18.4712,18.3393,18.2223,18.1212,18.037,17.9706,17.9228,17.8942,17.8854,17.8968,17.9285,17.9806,18.0531,18.1458,18.2581,18.3898,18.54,18.7082,18.8935,19.0951,19.3121,19.5435,19.7884,20.0458,20.3149,20.5946,20.884,21.1824,21.4889,21.8026,22.123,22.4492,22.7806,23.1167,23.4568
